=== run_trials started at 2026-06-24 13:41:30 run_id=20260624134028346645 ===
ontology_path=/workspaces/ontologyutils-ekaw26/repair-power-index-replication-ekaw26/ontologies/inconsistent/PLIO.owl
iic_csv=/workspaces/ontologyutils-ekaw26/repair-power-index-replication-ekaw26/data/data-20260624134028346645/iic-PLIO.csv
runtime_csv=/workspaces/ontologyutils-ekaw26/repair-power-index-replication-ekaw26/data/data-20260624134028346645/runtime-PLIO.csv

=== Starting sequential trials for PLIO at 2026-06-24 15:45:05 ===
----- PLIO attempt=1 seed=18 at 2026-06-24 15:45:05 -----
--- stdout ---
{"seed":18,"run_id":"20260624134028346645","trial_status":"success","error_type":null,"failure_stage":null,"error_message":null,"iic_values":{"B1_vs_A1":0.6666666666666666,"B1_vs_A2":0.5,"B1_vs_A3":0.5,"B2_vs_A1":0.6666666666666666,"B2_vs_A2":0.5,"B2_vs_A3":0.5,"B3_vs_A1":0.6666666666666666,"B3_vs_A2":0.5,"B3_vs_A3":0.5,"B4_vs_A1":0.8571428571428571,"B4_vs_A2":0.5,"B4_vs_A3":0.5,"B5_vs_A1":0.8571428571428571,"B5_vs_A2":0.5,"B5_vs_A3":0.5,"B6_vs_A1":0.8571428571428571,"B6_vs_A2":0.5,"B6_vs_A3":0.5,"B7_vs_A1":0.8571428571428571,"B7_vs_A2":0.5,"B7_vs_A3":0.5,"B8_vs_A1":0.8571428571428571,"B8_vs_A2":0.5,"B8_vs_A3":0.5,"B9_vs_A1":0.8571428571428571,"B9_vs_A2":0.5,"B9_vs_A3":0.5},"repair_runtimes_ms":{"A1":32,"A2":129,"A3":172,"B1":106,"B2":423,"B3":349,"B4":31,"B5":407,"B6":343,"B7":26,"B8":344,"B9":213}}

--- stderr ---
SingleTrialExperiment starting: ontology=/workspaces/ontologyutils-ekaw26/repair-power-index-replication-ekaw26/ontologies/inconsistent/PLIO.owl, seed=18, run_id=20260624134028346645
Loaded ontology.
Normalizing ontology with SROIQ normalization...
Normalized ontology with SROIQ normalization.
Ontology is already inconsistent, skipping make-inconsistent step.
Repairing with A1 (random-removal)...
[2026-06-24 15:45:06.246] Checking precondition...
[2026-06-24 15:45:06.255] Starting the repair...
[2026-06-24 15:45:06.261] Found 19 possible bad axioms.
[2026-06-24 15:45:06.262] Selected the bad axiom SubClassOf(owl:Thing Occurrent_Entity).
[2026-06-24 15:45:06.267] Found 18 possible bad axioms.
[2026-06-24 15:45:06.267] Selected the bad axiom SubClassOf(Occurrent_Entity Entity).
[2026-06-24 15:45:06.271] Found 17 possible bad axioms.
[2026-06-24 15:45:06.271] Selected the bad axiom SubClassOf(Processual_Entity Occurrent_Entity).
[2026-06-24 15:45:06.274] Finished repairing the ontology.
Repairing with A2 (not-in-largest-mcs-removal)...
[2026-06-24 15:45:06.274] Checking precondition...
[2026-06-24 15:45:06.280] Starting the repair...
[2026-06-24 15:45:06.402] Found 1 possible bad axioms.
[2026-06-24 15:45:06.402] Selected the bad axiom SubClassOf(Entity owl:Nothing).
[2026-06-24 15:45:06.403] Finished repairing the ontology.
Repairing with A3 (default-weakening)...
[2026-06-24 15:45:06.405] Checking precondition...
[2026-06-24 15:45:06.407] Starting the repair...
[2026-06-24 15:45:06.430] Selected a reference ontology with 22 axioms.
[2026-06-24 15:45:06.566] Selected the bad axiom SubClassOf(Entity owl:Nothing).
[2026-06-24 15:45:06.574] Selected the weaker axiom SubClassOf(Entity Occurrent_Entity).
[2026-06-24 15:45:06.576] Finished repairing the ontology.
Repairing with B1 (bad-in_some_mus-weaker-random)...
[2026-06-24 15:45:06.577] Checking precondition...
[2026-06-24 15:45:06.578] Starting the repair...
[2026-06-24 15:45:06.583] Selected a reference ontology with 24 axioms.
[2026-06-24 15:45:06.680] Selected the bad axiom SubClassOf(Entity owl:Nothing).
[2026-06-24 15:45:06.682] Selected the weaker axiom SubClassOf(Entity owl:Thing).
[2026-06-24 15:45:06.682] Finished repairing the ontology.
Repairing with B2 (bad-in_some_mus-weaker-shapley)...
[2026-06-24 15:45:06.684] Checking precondition...
[2026-06-24 15:45:06.693] Starting the repair...
[2026-06-24 15:45:06.698] Selected a reference ontology with 24 axioms.
[2026-06-24 15:45:06.763] Selected the bad axiom SubClassOf(Entity owl:Nothing).
[PowerIndexWeakerAxiomSelector] Scoring 8 candidate weakenings for Entity ⊑ ⊥
[PowerIndexWeakerAxiomSelector] Selected weaker axiom: Entity ⊑ Continuant_Entity
[2026-06-24 15:45:07.104] Selected the weaker axiom SubClassOf(Entity Continuant_Entity).
[2026-06-24 15:45:07.106] Finished repairing the ontology.
Repairing with B3 (bad-in_some_mus-weaker-banzhaf)...
[2026-06-24 15:45:07.108] Checking precondition...
[2026-06-24 15:45:07.109] Starting the repair.
...[truncated]
SUCCESS: attempt=1 seed=18 success_count=1/100
progress: ontology=PLIO attempt=1 success=1/100
----- PLIO attempt=2 seed=14218 at 2026-06-24 15:45:08 -----
--- stdout ---
{"seed":14218,"run_id":"20260624134028346645","trial_status":"success","error_type":null,"failure_stage":null,"error_message":null,"iic_values":{"B1_vs_A1":0.9166666666666666,"B1_vs_A2":0.5,"B1_vs_A3":0.5,"B2_vs_A1":0.9166666666666666,"B2_vs_A2":0.5,"B2_vs_A3":0.5,"B3_vs_A1":0.9166666666666666,"B3_vs_A2":0.5,"B3_vs_A3":0.5,"B4_vs_A1":0.7777777777777778,"B4_vs_A2":0.5,"B4_vs_A3":0.5,"B5_vs_A1":0.7777777777777778,"B5_vs_A2":0.5,"B5_vs_A3":0.5,"B6_vs_A1":0.7777777777777778,"B6_vs_A2":0.5,"B6_vs_A3":0.5,"B7_vs_A1":0.7777777777777778,"B7_vs_A2":0.5,"B7_vs_A3":0.5,"B8_vs_A1":0.7777777777777778,"B8_vs_A2":0.5,"B8_vs_A3":0.5,"B9_vs_A1":0.7777777777777778,"B9_vs_A2":0.5,"B9_vs_A3":0.5},"repair_runtimes_ms":{"A1":50,"A2":135,"A3":160,"B1":116,"B2":552,"B3":382,"B4":27,"B5":436,"B6":336,"B7":19,"B8":310,"B9":290}}

--- stderr ---
SingleTrialExperiment starting: ontology=/workspaces/ontologyutils-ekaw26/repair-power-index-replication-ekaw26/ontologies/inconsistent/PLIO.owl, seed=14218, run_id=20260624134028346645
Loaded ontology.
Normalizing ontology with SROIQ normalization...
Normalized ontology with SROIQ normalization.
Ontology is already inconsistent, skipping make-inconsistent step.
Repairing with A1 (random-removal)...
[2026-06-24 15:45:09.219] Checking precondition...
[2026-06-24 15:45:09.227] Starting the repair...
[2026-06-24 15:45:09.233] Found 19 possible bad axioms.
[2026-06-24 15:45:09.235] Selected the bad axiom SubClassOf(Functional_Entity Independent_Continuant_Entity).
[2026-06-24 15:45:09.240] Found 18 possible bad axioms.
[2026-06-24 15:45:09.240] Selected the bad axiom SubClassOf(Independent_Continuant_Entity Continuant_Entity).
[2026-06-24 15:45:09.244] Found 17 possible bad axioms.
[2026-06-24 15:45:09.244] Selected the bad axiom SubClassOf(Occurrent_Entity Functional_Entity).
[2026-06-24 15:45:09.248] Found 16 possible bad axioms.
[2026-06-24 15:45:09.248] Selected the bad axiom SubClassOf(Continuant_Entity Entity).
[2026-06-24 15:45:09.251] Found 15 possible bad axioms.
[2026-06-24 15:45:09.251] Selected the bad axiom SubClassOf(Processual_Entity Occurrent_Entity).
[2026-06-24 15:45:09.253] Found 14 possible bad axioms.
[2026-06-24 15:45:09.254] Selected the bad axiom SubClassOf(Entity Independent_Continuant_Entity).
[2026-06-24 15:45:09.256] Found 13 possible bad axioms.
[2026-06-24 15:45:09.256] Selected the bad axiom SubClassOf(Entity owl:Thing).
[2026-06-24 15:45:09.259] Found 12 possible bad axioms.
[2026-06-24 15:45:09.259] Selected the bad axiom SubClassOf(owl:Thing Processual_Entity).
[2026-06-24 15:45:09.261] Found 11 possible bad axioms.
[2026-06-24 15:45:09.261] Selected the bad axiom SubClassOf(Entity Continuant_Entity).
[2026-06-24 15:45:09.263] Found 10 possible bad axioms.
[2026-06-24 15:45:09.263] Selected the bad axiom SubClassOf(Occurrent_Entity Entity).
[2026-06-24 15:45:09.264] Finished repairing the ontology.
Repairing with A2 (not-in-largest-mcs-removal)...
[2026-06-24 15:45:09.265] Checking precondition...
[2026-06-24 15:45:09.275] Starting the repair...
[2026-06-24 15:45:09.399] Found 1 possible bad axioms.
[2026-06-24 15:45:09.399] Selected the bad axiom SubClassOf(Entity owl:Nothing).
[2026-06-24 15:45:09.400] Finished repairing the ontology.
Repairing with A3 (default-weakening)...
[2026-06-24 15:45:09.402] Checking precondition...
[2026-06-24 15:45:09.410] Starting the repair...
[2026-06-24 15:45:09.422] Selected a reference ontology with 24 axioms.
[2026-06-24 15:45:09.550] Selected the bad axiom SubClassOf(Entity owl:Nothing).
[2026-06-24 15:45:09.559] Selected the weaker axiom SubClassOf(Entity Entity).
[2026-06-24 15:45:09.561] Finished repairing the ontology.
Repairing with B1 (bad-in_some_mus-weaker-random)...
[2026-06-24 15:45:09.562] Checking precondition...
[2026-06-24 15:45:09.564] Starting the repair...
[2026-
...[truncated]
SUCCESS: attempt=2 seed=14218 success_count=2/100
progress: ontology=PLIO attempt=2 success=2/100
----- PLIO attempt=3 seed=28418 at 2026-06-24 15:45:12 -----
--- stdout ---
{"seed":28418,"run_id":"20260624134028346645","trial_status":"memory_limit_exceeded","error_type":"failure","failure_stage":"B5","error_message":"Repair failed: ExecutionException: java.lang.IllegalStateException: Could not find a weakening for axiom: ⊤ ⊑ Processual_Entity","iic_values":{},"repair_runtimes_ms":{"A1":35,"A2":117,"A3":178,"B1":188,"B2":568,"B3":293,"B4":28,"B5":278}}

--- stderr ---
SingleTrialExperiment starting: ontology=/workspaces/ontologyutils-ekaw26/repair-power-index-replication-ekaw26/ontologies/inconsistent/PLIO.owl, seed=28418, run_id=20260624134028346645
Loaded ontology.
Normalizing ontology with SROIQ normalization...
Normalized ontology with SROIQ normalization.
Ontology is already inconsistent, skipping make-inconsistent step.
Repairing with A1 (random-removal)...
[2026-06-24 15:45:12.437] Checking precondition...
[2026-06-24 15:45:12.446] Starting the repair...
[2026-06-24 15:45:12.452] Found 19 possible bad axioms.
[2026-06-24 15:45:12.454] Selected the bad axiom SubClassOf(Entity Independent_Continuant_Entity).
[2026-06-24 15:45:12.458] Found 18 possible bad axioms.
[2026-06-24 15:45:12.459] Selected the bad axiom SubClassOf(Occurrent_Entity Independent_Continuant_Entity).
[2026-06-24 15:45:12.462] Found 17 possible bad axioms.
[2026-06-24 15:45:12.462] Selected the bad axiom SubClassOf(Occurrent_Entity Functional_Entity).
[2026-06-24 15:45:12.465] Found 16 possible bad axioms.
[2026-06-24 15:45:12.465] Selected the bad axiom SubClassOf(Entity owl:Nothing).
[2026-06-24 15:45:12.468] Finished repairing the ontology.
Repairing with A2 (not-in-largest-mcs-removal)...
[2026-06-24 15:45:12.469] Checking precondition...
[2026-06-24 15:45:12.475] Starting the repair...
[2026-06-24 15:45:12.584] Found 1 possible bad axioms.
[2026-06-24 15:45:12.585] Selected the bad axiom SubClassOf(Entity owl:Nothing).
[2026-06-24 15:45:12.586] Finished repairing the ontology.
Repairing with A3 (default-weakening)...
[2026-06-24 15:45:12.588] Checking precondition...
[2026-06-24 15:45:12.590] Starting the repair...
[2026-06-24 15:45:12.601] Selected a reference ontology with 24 axioms.
[2026-06-24 15:45:12.754] Selected the bad axiom SubClassOf(Entity owl:Nothing).
[2026-06-24 15:45:12.763] Selected the weaker axiom SubClassOf(Entity Functional_Entity).
[2026-06-24 15:45:12.765] Finished repairing the ontology.
Repairing with B1 (bad-in_some_mus-weaker-random)...
[2026-06-24 15:45:12.766] Checking precondition...
[2026-06-24 15:45:12.767] Starting the repair...
[2026-06-24 15:45:12.772] Selected a reference ontology with 24 axioms.
[2026-06-24 15:45:12.865] Selected the bad axiom SubClassOf(Entity owl:Nothing).
[2026-06-24 15:45:12.867] Selected the weaker axiom SubClassOf(Continuant_Entity owl:Nothing).
[2026-06-24 15:45:12.952] Selected the bad axiom SubClassOf(Continuant_Entity owl:Nothing).
[2026-06-24 15:45:12.952] Selected the weaker axiom SubClassOf(Continuant_Entity Occurrent_Entity).
[2026-06-24 15:45:12.953] Finished repairing the ontology.
Repairing with B2 (bad-in_some_mus-weaker-shapley)...
[2026-06-24 15:45:12.955] Checking precondition...
[2026-06-24 15:45:12.956] Starting the repair...
[2026-06-24 15:45:12.959] Selected a reference ontology with 25 axioms.
[2026-06-24 15:45:13.020] Selected the bad axiom SubClassOf(Entity owl:Nothing).
[PowerIndexWeakerAxiomSelector] Scoring 14 candidate weakenings for Entity ⊑ ⊥
[P
...[truncated]
FAIL: attempt=3 seed=28418 status=memory_limit_exceeded stage=B5 message=Repair failed: ExecutionException: java.lang.IllegalStateException: Could not find a weakening for axiom: ⊤ ⊑ Processual_Entity
progress: ontology=PLIO attempt=3 success=2/100
----- PLIO attempt=4 seed=42618 at 2026-06-24 15:45:14 -----
--- stdout ---
{"seed":42618,"run_id":"20260624134028346645","trial_status":"success","error_type":null,"failure_stage":null,"error_message":null,"iic_values":{"B1_vs_A1":0.9523809523809523,"B1_vs_A2":0.5,"B1_vs_A3":0.5,"B2_vs_A1":0.9523809523809523,"B2_vs_A2":0.5,"B2_vs_A3":0.5,"B3_vs_A1":0.9523809523809523,"B3_vs_A2":0.5,"B3_vs_A3":0.5,"B4_vs_A1":0.9130434782608695,"B4_vs_A2":0.5,"B4_vs_A3":0.5,"B5_vs_A1":0.9130434782608695,"B5_vs_A2":0.5,"B5_vs_A3":0.5,"B6_vs_A1":0.9130434782608695,"B6_vs_A2":0.5,"B6_vs_A3":0.5,"B7_vs_A1":0.9130434782608695,"B7_vs_A2":0.5,"B7_vs_A3":0.5,"B8_vs_A1":0.9130434782608695,"B8_vs_A2":0.5,"B8_vs_A3":0.5,"B9_vs_A1":0.9130434782608695,"B9_vs_A2":0.5,"B9_vs_A3":0.5},"repair_runtimes_ms":{"A1":48,"A2":114,"A3":175,"B1":238,"B2":505,"B3":395,"B4":33,"B5":368,"B6":285,"B7":36,"B8":303,"B9":278}}

--- stderr ---
SingleTrialExperiment starting: ontology=/workspaces/ontologyutils-ekaw26/repair-power-index-replication-ekaw26/ontologies/inconsistent/PLIO.owl, seed=42618, run_id=20260624134028346645
Loaded ontology.
Normalizing ontology with SROIQ normalization...
Normalized ontology with SROIQ normalization.
Ontology is already inconsistent, skipping make-inconsistent step.
Repairing with A1 (random-removal)...
[2026-06-24 15:45:14.535] Checking precondition...
[2026-06-24 15:45:14.544] Starting the repair...
[2026-06-24 15:45:14.550] Found 19 possible bad axioms.
[2026-06-24 15:45:14.552] Selected the bad axiom SubClassOf(Functional_Entity Independent_Continuant_Entity).
[2026-06-24 15:45:14.557] Found 18 possible bad axioms.
[2026-06-24 15:45:14.557] Selected the bad axiom SubClassOf(Occurrent_Entity Continuant_Entity).
[2026-06-24 15:45:14.561] Found 17 possible bad axioms.
[2026-06-24 15:45:14.561] Selected the bad axiom SubClassOf(Independent_Continuant_Entity Continuant_Entity).
[2026-06-24 15:45:14.565] Found 16 possible bad axioms.
[2026-06-24 15:45:14.565] Selected the bad axiom SubClassOf(owl:Thing Processual_Entity).
[2026-06-24 15:45:14.568] Found 15 possible bad axioms.
[2026-06-24 15:45:14.569] Selected the bad axiom SubClassOf(Occurrent_Entity Functional_Entity).
[2026-06-24 15:45:14.571] Found 14 possible bad axioms.
[2026-06-24 15:45:14.571] Selected the bad axiom SubClassOf(Continuant_Entity Entity).
[2026-06-24 15:45:14.574] Found 13 possible bad axioms.
[2026-06-24 15:45:14.574] Selected the bad axiom SubClassOf(Continuant_Entity Occurrent_Entity).
[2026-06-24 15:45:14.576] Found 12 possible bad axioms.
[2026-06-24 15:45:14.576] Selected the bad axiom SubClassOf(Occurrent_Entity Entity).
[2026-06-24 15:45:14.578] Finished repairing the ontology.
Repairing with A2 (not-in-largest-mcs-removal)...
[2026-06-24 15:45:14.579] Checking precondition...
[2026-06-24 15:45:14.583] Starting the repair...
[2026-06-24 15:45:14.691] Found 1 possible bad axioms.
[2026-06-24 15:45:14.692] Selected the bad axiom SubClassOf(Entity owl:Nothing).
[2026-06-24 15:45:14.693] Finished repairing the ontology.
Repairing with A3 (default-weakening)...
[2026-06-24 15:45:14.694] Checking precondition...
[2026-06-24 15:45:14.697] Starting the repair...
[2026-06-24 15:45:14.705] Selected a reference ontology with 25 axioms.
[2026-06-24 15:45:14.859] Selected the bad axiom SubClassOf(Entity owl:Nothing).
[2026-06-24 15:45:14.867] Selected the weaker axiom SubClassOf(Entity Continuant_Entity).
[2026-06-24 15:45:14.868] Finished repairing the ontology.
Repairing with B1 (bad-in_some_mus-weaker-random)...
[2026-06-24 15:45:14.869] Checking precondition...
[2026-06-24 15:45:14.870] Starting the repair...
[2026-06-24 15:45:14.875] Selected a reference ontology with 25 axioms.
[2026-06-24 15:45:14.973] Selected the bad axiom SubClassOf(Entity owl:Nothing).
[2026-06-24 15:45:14.975] Selected the weaker axiom SubClassOf(Occurrent_Entity owl:Nothing).
[2026-06-24 15:45:15.039] Se
...[truncated]
SUCCESS: attempt=4 seed=42618 success_count=3/100
progress: ontology=PLIO attempt=4 success=3/100
----- PLIO attempt=5 seed=56818 at 2026-06-24 15:45:17 -----
--- stdout ---
{"seed":56818,"run_id":"20260624134028346645","trial_status":"memory_limit_exceeded","error_type":"failure","failure_stage":"B8","error_message":"Repair failed: ExecutionException: java.lang.IllegalStateException: Could not find a weakening for axiom: ⊤ ⊑ Processual_Entity","iic_values":{},"repair_runtimes_ms":{"A1":46,"A2":123,"A3":165,"B1":101,"B2":525,"B3":312,"B4":35,"B5":483,"B6":359,"B7":26,"B8":185}}

--- stderr ---
SingleTrialExperiment starting: ontology=/workspaces/ontologyutils-ekaw26/repair-power-index-replication-ekaw26/ontologies/inconsistent/PLIO.owl, seed=56818, run_id=20260624134028346645
Loaded ontology.
Normalizing ontology with SROIQ normalization...
Normalized ontology with SROIQ normalization.
Ontology is already inconsistent, skipping make-inconsistent step.
Repairing with A1 (random-removal)...
[2026-06-24 15:45:17.699] Checking precondition...
[2026-06-24 15:45:17.708] Starting the repair...
[2026-06-24 15:45:17.714] Found 19 possible bad axioms.
[2026-06-24 15:45:17.716] Selected the bad axiom SubClassOf(Entity Independent_Continuant_Entity).
[2026-06-24 15:45:17.721] Found 18 possible bad axioms.
[2026-06-24 15:45:17.722] Selected the bad axiom SubClassOf(Entity Continuant_Entity).
[2026-06-24 15:45:17.725] Found 17 possible bad axioms.
[2026-06-24 15:45:17.725] Selected the bad axiom SubClassOf(owl:Thing Occurrent_Entity).
[2026-06-24 15:45:17.729] Found 16 possible bad axioms.
[2026-06-24 15:45:17.729] Selected the bad axiom SubClassOf(Independent_Continuant_Entity Continuant_Entity).
[2026-06-24 15:45:17.732] Found 15 possible bad axioms.
[2026-06-24 15:45:17.733] Selected the bad axiom SubClassOf(Entity Functional_Entity).
[2026-06-24 15:45:17.735] Found 14 possible bad axioms.
[2026-06-24 15:45:17.735] Selected the bad axiom SubClassOf(Functional_Entity Independent_Continuant_Entity).
[2026-06-24 15:45:17.738] Found 13 possible bad axioms.
[2026-06-24 15:45:17.738] Selected the bad axiom SubClassOf(Entity owl:Nothing).
[2026-06-24 15:45:17.740] Finished repairing the ontology.
Repairing with A2 (not-in-largest-mcs-removal)...
[2026-06-24 15:45:17.741] Checking precondition...
[2026-06-24 15:45:17.746] Starting the repair...
[2026-06-24 15:45:17.862] Found 1 possible bad axioms.
[2026-06-24 15:45:17.863] Selected the bad axiom SubClassOf(Entity owl:Nothing).
[2026-06-24 15:45:17.864] Finished repairing the ontology.
Repairing with A3 (default-weakening)...
[2026-06-24 15:45:17.865] Checking precondition...
[2026-06-24 15:45:17.874] Starting the repair...
[2026-06-24 15:45:17.885] Selected a reference ontology with 24 axioms.
[2026-06-24 15:45:18.020] Selected the bad axiom SubClassOf(Entity owl:Nothing).
[2026-06-24 15:45:18.028] Selected the weaker axiom SubClassOf(Entity Independent_Continuant_Entity).
[2026-06-24 15:45:18.029] Finished repairing the ontology.
Repairing with B1 (bad-in_some_mus-weaker-random)...
[2026-06-24 15:45:18.030] Checking precondition...
[2026-06-24 15:45:18.031] Starting the repair...
[2026-06-24 15:45:18.035] Selected a reference ontology with 25 axioms.
[2026-06-24 15:45:18.128] Selected the bad axiom SubClassOf(Entity owl:Nothing).
[2026-06-24 15:45:18.130] Selected the weaker axiom SubClassOf(Entity Continuant_Entity).
[2026-06-24 15:45:18.131] Finished repairing the ontology.
Repairing with B2 (bad-in_some_mus-weaker-shapley)...
[2026-06-24 15:45:18.133] Checking precondition...
[2026-06-24 15:45:18.13
...[truncated]
FAIL: attempt=5 seed=56818 status=memory_limit_exceeded stage=B8 message=Repair failed: ExecutionException: java.lang.IllegalStateException: Could not find a weakening for axiom: ⊤ ⊑ Processual_Entity
progress: ontology=PLIO attempt=5 success=3/100
----- PLIO attempt=6 seed=71018 at 2026-06-24 15:45:20 -----
--- stdout ---
{"seed":71018,"run_id":"20260624134028346645","trial_status":"memory_limit_exceeded","error_type":"failure","failure_stage":"B1","error_message":"Repair failed: ExecutionException: java.lang.NullPointerException: operands cannot be null or empty","iic_values":{},"repair_runtimes_ms":{"A1":64,"A2":131,"A3":174,"B1":233}}

--- stderr ---
SingleTrialExperiment starting: ontology=/workspaces/ontologyutils-ekaw26/repair-power-index-replication-ekaw26/ontologies/inconsistent/PLIO.owl, seed=71018, run_id=20260624134028346645
Loaded ontology.
Normalizing ontology with SROIQ normalization...
Normalized ontology with SROIQ normalization.
Ontology is already inconsistent, skipping make-inconsistent step.
Repairing with A1 (random-removal)...
[2026-06-24 15:45:20.454] Checking precondition...
[2026-06-24 15:45:20.464] Starting the repair...
[2026-06-24 15:45:20.470] Found 19 possible bad axioms.
[2026-06-24 15:45:20.472] Selected the bad axiom SubClassOf(Independent_Continuant_Entity Continuant_Entity).
[2026-06-24 15:45:20.476] Found 18 possible bad axioms.
[2026-06-24 15:45:20.476] Selected the bad axiom SubClassOf(Entity Continuant_Entity).
[2026-06-24 15:45:20.479] Found 17 possible bad axioms.
[2026-06-24 15:45:20.479] Selected the bad axiom SubClassOf(Occurrent_Entity Continuant_Entity).
[2026-06-24 15:45:20.483] Found 16 possible bad axioms.
[2026-06-24 15:45:20.484] Selected the bad axiom SubClassOf(Entity Processual_Entity).
[2026-06-24 15:45:20.487] Found 15 possible bad axioms.
[2026-06-24 15:45:20.487] Selected the bad axiom SubClassOf(Entity Occurrent_Entity).
[2026-06-24 15:45:20.490] Found 14 possible bad axioms.
[2026-06-24 15:45:20.490] Selected the bad axiom SubClassOf(Continuant_Entity Occurrent_Entity).
[2026-06-24 15:45:20.493] Found 13 possible bad axioms.
[2026-06-24 15:45:20.494] Selected the bad axiom SubClassOf(Entity Independent_Continuant_Entity).
[2026-06-24 15:45:20.496] Found 12 possible bad axioms.
[2026-06-24 15:45:20.497] Selected the bad axiom SubClassOf(owl:Thing Occurrent_Entity).
[2026-06-24 15:45:20.498] Found 11 possible bad axioms.
[2026-06-24 15:45:20.499] Selected the bad axiom SubClassOf(Occurrent_Entity Functional_Entity).
[2026-06-24 15:45:20.500] Found 10 possible bad axioms.
[2026-06-24 15:45:20.500] Selected the bad axiom SubClassOf(Occurrent_Entity Independent_Continuant_Entity).
[2026-06-24 15:45:20.502] Found 9 possible bad axioms.
[2026-06-24 15:45:20.502] Selected the bad axiom SubClassOf(Functional_Entity Independent_Continuant_Entity).
[2026-06-24 15:45:20.508] Found 8 possible bad axioms.
[2026-06-24 15:45:20.509] Selected the bad axiom SubClassOf(Entity owl:Thing).
[2026-06-24 15:45:20.511] Found 7 possible bad axioms.
[2026-06-24 15:45:20.511] Selected the bad axiom SubClassOf(Entity Functional_Entity).
[2026-06-24 15:45:20.512] Found 6 possible bad axioms.
[2026-06-24 15:45:20.513] Selected the bad axiom SubClassOf(owl:Thing Processual_Entity).
[2026-06-24 15:45:20.514] Finished repairing the ontology.
Repairing with A2 (not-in-largest-mcs-removal)...
[2026-06-24 15:45:20.515] Checking precondition...
[2026-06-24 15:45:20.519] Starting the repair...
[2026-06-24 15:45:20.645] Found 1 possible bad axioms.
[2026-06-24 15:45:20.645] Selected the bad axiom SubClassOf(Entity owl:Nothing).
[2026-06-24 15:45:20.646] Finished repairing the
...[truncated]
FAIL: attempt=6 seed=71018 status=memory_limit_exceeded stage=B1 message=Repair failed: ExecutionException: java.lang.NullPointerException: operands cannot be null or empty
progress: ontology=PLIO attempt=6 success=3/100
----- PLIO attempt=7 seed=85218 at 2026-06-24 15:45:21 -----
--- stdout ---
{"seed":85218,"run_id":"20260624134028346645","trial_status":"success","error_type":null,"failure_stage":null,"error_message":null,"iic_values":{"B1_vs_A1":0.5,"B1_vs_A2":0.5,"B1_vs_A3":0.5,"B2_vs_A1":0.5,"B2_vs_A2":0.5,"B2_vs_A3":0.5,"B3_vs_A1":0.5,"B3_vs_A2":0.5,"B3_vs_A3":0.5,"B4_vs_A1":0.5,"B4_vs_A2":0.5,"B4_vs_A3":0.5,"B5_vs_A1":0.5,"B5_vs_A2":0.5,"B5_vs_A3":0.5,"B6_vs_A1":0.5,"B6_vs_A2":0.5,"B6_vs_A3":0.5,"B7_vs_A1":0.5,"B7_vs_A2":0.5,"B7_vs_A3":0.5,"B8_vs_A1":0.5,"B8_vs_A2":0.5,"B8_vs_A3":0.5,"B9_vs_A1":0.5,"B9_vs_A2":0.5,"B9_vs_A3":0.5},"repair_runtimes_ms":{"A1":49,"A2":139,"A3":250,"B1":83,"B2":570,"B3":294,"B4":27,"B5":442,"B6":265,"B7":20,"B8":355,"B9":309}}

--- stderr ---
SingleTrialExperiment starting: ontology=/workspaces/ontologyutils-ekaw26/repair-power-index-replication-ekaw26/ontologies/inconsistent/PLIO.owl, seed=85218, run_id=20260624134028346645
Loaded ontology.
Normalizing ontology with SROIQ normalization...
Normalized ontology with SROIQ normalization.
Ontology is already inconsistent, skipping make-inconsistent step.
Repairing with A1 (random-removal)...
[2026-06-24 15:45:21.450] Checking precondition...
[2026-06-24 15:45:21.459] Starting the repair...
[2026-06-24 15:45:21.466] Found 19 possible bad axioms.
[2026-06-24 15:45:21.468] Selected the bad axiom SubClassOf(Processual_Entity Occurrent_Entity).
[2026-06-24 15:45:21.473] Found 18 possible bad axioms.
[2026-06-24 15:45:21.474] Selected the bad axiom SubClassOf(Independent_Continuant_Entity Continuant_Entity).
[2026-06-24 15:45:21.477] Found 17 possible bad axioms.
[2026-06-24 15:45:21.477] Selected the bad axiom SubClassOf(Entity owl:Thing).
[2026-06-24 15:45:21.480] Found 16 possible bad axioms.
[2026-06-24 15:45:21.480] Selected the bad axiom SubClassOf(Entity Processual_Entity).
[2026-06-24 15:45:21.484] Found 15 possible bad axioms.
[2026-06-24 15:45:21.484] Selected the bad axiom SubClassOf(Functional_Entity Independent_Continuant_Entity).
[2026-06-24 15:45:21.487] Found 14 possible bad axioms.
[2026-06-24 15:45:21.487] Selected the bad axiom SubClassOf(Entity Occurrent_Entity).
[2026-06-24 15:45:21.490] Found 13 possible bad axioms.
[2026-06-24 15:45:21.490] Selected the bad axiom SubClassOf(Continuant_Entity Occurrent_Entity).
[2026-06-24 15:45:21.492] Found 12 possible bad axioms.
[2026-06-24 15:45:21.492] Selected the bad axiom SubClassOf(Entity owl:Nothing).
[2026-06-24 15:45:21.494] Finished repairing the ontology.
Repairing with A2 (not-in-largest-mcs-removal)...
[2026-06-24 15:45:21.495] Checking precondition...
[2026-06-24 15:45:21.499] Starting the repair...
[2026-06-24 15:45:21.632] Found 1 possible bad axioms.
[2026-06-24 15:45:21.632] Selected the bad axiom SubClassOf(Entity owl:Nothing).
[2026-06-24 15:45:21.634] Finished repairing the ontology.
Repairing with A3 (default-weakening)...
[2026-06-24 15:45:21.635] Checking precondition...
[2026-06-24 15:45:21.637] Starting the repair...
[2026-06-24 15:45:21.643] Selected a reference ontology with 25 axioms.
[2026-06-24 15:45:21.785] Selected the bad axiom SubClassOf(Entity owl:Nothing).
[2026-06-24 15:45:21.794] Selected the weaker axiom SubClassOf(Occurrent_Entity owl:Nothing).
[2026-06-24 15:45:21.882] Selected the bad axiom SubClassOf(Occurrent_Entity owl:Nothing).
[2026-06-24 15:45:21.883] Selected the weaker axiom SubClassOf(owl:Nothing owl:Nothing).
[2026-06-24 15:45:21.884] Finished repairing the ontology.
Repairing with B1 (bad-in_some_mus-weaker-random)...
[2026-06-24 15:45:21.885] Checking precondition...
[2026-06-24 15:45:21.887] Starting the repair...
[2026-06-24 15:45:21.890] Selected a reference ontology with 25 axioms.
[2026-06-24 15:45:21.965] Selected the bad axi
...[truncated]
SUCCESS: attempt=7 seed=85218 success_count=4/100
progress: ontology=PLIO attempt=7 success=4/100
----- PLIO attempt=8 seed=99418 at 2026-06-24 15:45:24 -----
--- stdout ---
{"seed":99418,"run_id":"20260624134028346645","trial_status":"success","error_type":null,"failure_stage":null,"error_message":null,"iic_values":{"B1_vs_A1":0.5,"B1_vs_A2":0.5,"B1_vs_A3":0.5,"B2_vs_A1":0.5,"B2_vs_A2":0.5,"B2_vs_A3":0.5,"B3_vs_A1":0.5,"B3_vs_A2":0.5,"B3_vs_A3":0.5,"B4_vs_A1":0.5,"B4_vs_A2":0.5,"B4_vs_A3":0.5,"B5_vs_A1":0.5,"B5_vs_A2":0.5,"B5_vs_A3":0.5,"B6_vs_A1":0.5,"B6_vs_A2":0.5,"B6_vs_A3":0.5,"B7_vs_A1":0.5,"B7_vs_A2":0.5,"B7_vs_A3":0.5,"B8_vs_A1":0.5,"B8_vs_A2":0.5,"B8_vs_A3":0.5,"B9_vs_A1":0.5,"B9_vs_A2":0.5,"B9_vs_A3":0.5},"repair_runtimes_ms":{"A1":47,"A2":119,"A3":172,"B1":192,"B2":420,"B3":323,"B4":24,"B5":394,"B6":320,"B7":19,"B8":349,"B9":316}}

--- stderr ---
SingleTrialExperiment starting: ontology=/workspaces/ontologyutils-ekaw26/repair-power-index-replication-ekaw26/ontologies/inconsistent/PLIO.owl, seed=99418, run_id=20260624134028346645
Loaded ontology.
Normalizing ontology with SROIQ normalization...
Normalized ontology with SROIQ normalization.
Ontology is already inconsistent, skipping make-inconsistent step.
Repairing with A1 (random-removal)...
[2026-06-24 15:45:24.658] Checking precondition...
[2026-06-24 15:45:24.667] Starting the repair...
[2026-06-24 15:45:24.673] Found 19 possible bad axioms.
[2026-06-24 15:45:24.675] Selected the bad axiom SubClassOf(Entity Independent_Continuant_Entity).
[2026-06-24 15:45:24.679] Found 18 possible bad axioms.
[2026-06-24 15:45:24.680] Selected the bad axiom SubClassOf(Occurrent_Entity Independent_Continuant_Entity).
[2026-06-24 15:45:24.683] Found 17 possible bad axioms.
[2026-06-24 15:45:24.683] Selected the bad axiom SubClassOf(Entity Functional_Entity).
[2026-06-24 15:45:24.687] Found 16 possible bad axioms.
[2026-06-24 15:45:24.687] Selected the bad axiom SubClassOf(Occurrent_Entity Functional_Entity).
[2026-06-24 15:45:24.690] Found 15 possible bad axioms.
[2026-06-24 15:45:24.691] Selected the bad axiom SubClassOf(Continuant_Entity Entity).
[2026-06-24 15:45:24.693] Found 14 possible bad axioms.
[2026-06-24 15:45:24.693] Selected the bad axiom SubClassOf(owl:Thing Occurrent_Entity).
[2026-06-24 15:45:24.696] Found 13 possible bad axioms.
[2026-06-24 15:45:24.696] Selected the bad axiom SubClassOf(Occurrent_Entity Continuant_Entity).
[2026-06-24 15:45:24.699] Found 12 possible bad axioms.
[2026-06-24 15:45:24.699] Selected the bad axiom SubClassOf(owl:Thing Processual_Entity).
[2026-06-24 15:45:24.701] Finished repairing the ontology.
Repairing with A2 (not-in-largest-mcs-removal)...
[2026-06-24 15:45:24.702] Checking precondition...
[2026-06-24 15:45:24.706] Starting the repair...
[2026-06-24 15:45:24.818] Found 1 possible bad axioms.
[2026-06-24 15:45:24.819] Selected the bad axiom SubClassOf(Entity owl:Nothing).
[2026-06-24 15:45:24.820] Finished repairing the ontology.
Repairing with A3 (default-weakening)...
[2026-06-24 15:45:24.822] Checking precondition...
[2026-06-24 15:45:24.823] Starting the repair...
[2026-06-24 15:45:24.839] Selected a reference ontology with 25 axioms.
[2026-06-24 15:45:24.982] Selected the bad axiom SubClassOf(Entity owl:Nothing).
[2026-06-24 15:45:24.992] Selected the weaker axiom SubClassOf(Entity Independent_Continuant_Entity).
[2026-06-24 15:45:24.993] Finished repairing the ontology.
Repairing with B1 (bad-in_some_mus-weaker-random)...
[2026-06-24 15:45:24.994] Checking precondition...
[2026-06-24 15:45:24.995] Starting the repair...
[2026-06-24 15:45:24.999] Selected a reference ontology with 25 axioms.
[2026-06-24 15:45:25.104] Selected the bad axiom SubClassOf(Entity owl:Nothing).
[2026-06-24 15:45:25.107] Selected the weaker axiom SubClassOf(Continuant_Entity owl:Nothing).
[2026-06-24 15:45:25.184] Selected
...[truncated]
SUCCESS: attempt=8 seed=99418 success_count=5/100
progress: ontology=PLIO attempt=8 success=5/100
----- PLIO attempt=9 seed=113618 at 2026-06-24 15:45:27 -----
--- stdout ---
{"seed":113618,"run_id":"20260624134028346645","trial_status":"success","error_type":null,"failure_stage":null,"error_message":null,"iic_values":{"B1_vs_A1":0.5,"B1_vs_A2":0.5,"B1_vs_A3":0.5,"B2_vs_A1":0.5,"B2_vs_A2":0.5,"B2_vs_A3":0.5,"B3_vs_A1":0.5,"B3_vs_A2":0.5,"B3_vs_A3":0.5,"B4_vs_A1":0.5,"B4_vs_A2":0.5,"B4_vs_A3":0.5,"B5_vs_A1":0.5,"B5_vs_A2":0.5,"B5_vs_A3":0.5,"B6_vs_A1":0.5,"B6_vs_A2":0.5,"B6_vs_A3":0.5,"B7_vs_A1":0.5,"B7_vs_A2":0.5,"B7_vs_A3":0.5,"B8_vs_A1":0.5,"B8_vs_A2":0.5,"B8_vs_A3":0.5,"B9_vs_A1":0.5,"B9_vs_A2":0.5,"B9_vs_A3":0.5},"repair_runtimes_ms":{"A1":32,"A2":131,"A3":273,"B1":142,"B2":433,"B3":387,"B4":34,"B5":449,"B6":287,"B7":25,"B8":361,"B9":278}}

--- stderr ---
SingleTrialExperiment starting: ontology=/workspaces/ontologyutils-ekaw26/repair-power-index-replication-ekaw26/ontologies/inconsistent/PLIO.owl, seed=113618, run_id=20260624134028346645
Loaded ontology.
Normalizing ontology with SROIQ normalization...
Normalized ontology with SROIQ normalization.
Ontology is already inconsistent, skipping make-inconsistent step.
Repairing with A1 (random-removal)...
[2026-06-24 15:45:27.749] Checking precondition...
[2026-06-24 15:45:27.758] Starting the repair...
[2026-06-24 15:45:27.765] Found 19 possible bad axioms.
[2026-06-24 15:45:27.767] Selected the bad axiom SubClassOf(Entity Independent_Continuant_Entity).
[2026-06-24 15:45:27.772] Found 18 possible bad axioms.
[2026-06-24 15:45:27.772] Selected the bad axiom SubClassOf(Entity owl:Nothing).
[2026-06-24 15:45:27.776] Finished repairing the ontology.
Repairing with A2 (not-in-largest-mcs-removal)...
[2026-06-24 15:45:27.777] Checking precondition...
[2026-06-24 15:45:27.784] Starting the repair...
[2026-06-24 15:45:27.906] Found 1 possible bad axioms.
[2026-06-24 15:45:27.906] Selected the bad axiom SubClassOf(Entity owl:Nothing).
[2026-06-24 15:45:27.908] Finished repairing the ontology.
Repairing with A3 (default-weakening)...
[2026-06-24 15:45:27.909] Checking precondition...
[2026-06-24 15:45:27.912] Starting the repair...
[2026-06-24 15:45:27.926] Selected a reference ontology with 24 axioms.
[2026-06-24 15:45:28.077] Selected the bad axiom SubClassOf(Entity owl:Nothing).
[2026-06-24 15:45:28.087] Selected the weaker axiom SubClassOf(Functional_Entity owl:Nothing).
[2026-06-24 15:45:28.180] Selected the bad axiom SubClassOf(Functional_Entity owl:Nothing).
[2026-06-24 15:45:28.181] Selected the weaker axiom SubClassOf(Functional_Entity Independent_Continuant_Entity).
[2026-06-24 15:45:28.181] Finished repairing the ontology.
Repairing with B1 (bad-in_some_mus-weaker-random)...
[2026-06-24 15:45:28.182] Checking precondition...
[2026-06-24 15:45:28.184] Starting the repair...
[2026-06-24 15:45:28.189] Selected a reference ontology with 24 axioms.
[2026-06-24 15:45:28.263] Selected the bad axiom SubClassOf(Entity owl:Nothing).
[2026-06-24 15:45:28.265] Selected the weaker axiom SubClassOf(Processual_Entity owl:Nothing).
[2026-06-24 15:45:28.323] Selected the bad axiom SubClassOf(Processual_Entity owl:Nothing).
[2026-06-24 15:45:28.323] Selected the weaker axiom SubClassOf(Processual_Entity Processual_Entity).
[2026-06-24 15:45:28.324] Finished repairing the ontology.
Repairing with B2 (bad-in_some_mus-weaker-shapley)...
[2026-06-24 15:45:28.326] Checking precondition...
[2026-06-24 15:45:28.326] Starting the repair...
[2026-06-24 15:45:28.329] Selected a reference ontology with 24 axioms.
[2026-06-24 15:45:28.395] Selected the bad axiom SubClassOf(Entity owl:Nothing).
[PowerIndexWeakerAxiomSelector] Scoring 8 candidate weakenings for Entity ⊑ ⊥
[PowerIndexWeakerAxiomSelector] Selected weaker axiom: Entity ⊑ Continuant_Entity
[2026-06-24 15:45:28.755] S
...[truncated]
SUCCESS: attempt=9 seed=113618 success_count=6/100
progress: ontology=PLIO attempt=9 success=6/100
----- PLIO attempt=10 seed=127818 at 2026-06-24 15:45:30 -----
--- stdout ---
{"seed":127818,"run_id":"20260624134028346645","trial_status":"time_limit_exceeded","error_type":"timeout","failure_stage":"B7","error_message":"Repair timeout: B7 exceeded 300 seconds","iic_values":{},"repair_runtimes_ms":{"A1":48,"A2":115,"A3":612,"B1":92,"B2":399,"B3":323,"B4":31,"B5":451,"B6":327,"B7":300001}}

--- stderr ---
SingleTrialExperiment starting: ontology=/workspaces/ontologyutils-ekaw26/repair-power-index-replication-ekaw26/ontologies/inconsistent/PLIO.owl, seed=127818, run_id=20260624134028346645
Loaded ontology.
Normalizing ontology with SROIQ normalization...
Normalized ontology with SROIQ normalization.
Ontology is already inconsistent, skipping make-inconsistent step.
Repairing with A1 (random-removal)...
[2026-06-24 15:45:30.980] Checking precondition...
[2026-06-24 15:45:30.989] Starting the repair...
[2026-06-24 15:45:30.995] Found 19 possible bad axioms.
[2026-06-24 15:45:30.997] Selected the bad axiom SubClassOf(Occurrent_Entity Continuant_Entity).
[2026-06-24 15:45:31.001] Found 18 possible bad axioms.
[2026-06-24 15:45:31.001] Selected the bad axiom SubClassOf(Occurrent_Entity Independent_Continuant_Entity).
[2026-06-24 15:45:31.005] Found 17 possible bad axioms.
[2026-06-24 15:45:31.005] Selected the bad axiom SubClassOf(Entity Functional_Entity).
[2026-06-24 15:45:31.009] Found 16 possible bad axioms.
[2026-06-24 15:45:31.009] Selected the bad axiom SubClassOf(Occurrent_Entity Functional_Entity).
[2026-06-24 15:45:31.012] Found 15 possible bad axioms.
[2026-06-24 15:45:31.012] Selected the bad axiom SubClassOf(Independent_Continuant_Entity Continuant_Entity).
[2026-06-24 15:45:31.015] Found 14 possible bad axioms.
[2026-06-24 15:45:31.015] Selected the bad axiom SubClassOf(Continuant_Entity Occurrent_Entity).
[2026-06-24 15:45:31.017] Found 13 possible bad axioms.
[2026-06-24 15:45:31.018] Selected the bad axiom SubClassOf(Processual_Entity Occurrent_Entity).
[2026-06-24 15:45:31.020] Found 12 possible bad axioms.
[2026-06-24 15:45:31.020] Selected the bad axiom SubClassOf(Entity Independent_Continuant_Entity).
[2026-06-24 15:45:31.022] Found 11 possible bad axioms.
[2026-06-24 15:45:31.022] Selected the bad axiom SubClassOf(Occurrent_Entity Entity).
[2026-06-24 15:45:31.023] Finished repairing the ontology.
Repairing with A2 (not-in-largest-mcs-removal)...
[2026-06-24 15:45:31.024] Checking precondition...
[2026-06-24 15:45:31.033] Starting the repair...
[2026-06-24 15:45:31.138] Found 1 possible bad axioms.
[2026-06-24 15:45:31.138] Selected the bad axiom SubClassOf(Entity owl:Nothing).
[2026-06-24 15:45:31.139] Finished repairing the ontology.
Repairing with A3 (default-weakening)...
[2026-06-24 15:45:31.141] Checking precondition...
[2026-06-24 15:45:31.143] Starting the repair...
[2026-06-24 15:45:31.161] Selected a reference ontology with 24 axioms.
[2026-06-24 15:45:31.306] Selected the bad axiom SubClassOf(Entity owl:Nothing).
[2026-06-24 15:45:31.322] Selected the weaker axiom SubClassOf(Independent_Continuant_Entity owl:Nothing).
[2026-06-24 15:45:31.429] Selected the bad axiom SubClassOf(Independent_Continuant_Entity owl:Nothing).
[2026-06-24 15:45:31.429] Selected the weaker axiom SubClassOf(Occurrent_Entity owl:Nothing).
[2026-06-24 15:45:31.487] Selected the bad axiom SubClassOf(Occurrent_Entity owl:Nothing).
[2026-06-24 15:45:3
...[truncated]
FAIL: attempt=10 seed=127818 status=time_limit_exceeded stage=B7 message=Repair timeout: B7 exceeded 300 seconds
progress: ontology=PLIO attempt=10 success=6/100
----- PLIO attempt=11 seed=142018 at 2026-06-24 15:50:33 -----
--- stdout ---
{"seed":142018,"run_id":"20260624134028346645","trial_status":"success","error_type":null,"failure_stage":null,"error_message":null,"iic_values":{"B1_vs_A1":1.0,"B1_vs_A2":0.5,"B1_vs_A3":0.5,"B2_vs_A1":1.0,"B2_vs_A2":0.5,"B2_vs_A3":0.5,"B3_vs_A1":1.0,"B3_vs_A2":0.5,"B3_vs_A3":0.5,"B4_vs_A1":0.6875,"B4_vs_A2":0.5,"B4_vs_A3":0.5,"B5_vs_A1":0.6875,"B5_vs_A2":0.5,"B5_vs_A3":0.5,"B6_vs_A1":0.6875,"B6_vs_A2":0.5,"B6_vs_A3":0.5,"B7_vs_A1":0.6875,"B7_vs_A2":0.5,"B7_vs_A3":0.5,"B8_vs_A1":0.6875,"B8_vs_A2":0.5,"B8_vs_A3":0.5,"B9_vs_A1":0.6875,"B9_vs_A2":0.5,"B9_vs_A3":0.5},"repair_runtimes_ms":{"A1":63,"A2":131,"A3":279,"B1":257,"B2":414,"B3":338,"B4":26,"B5":364,"B6":328,"B7":16,"B8":289,"B9":245}}

--- stderr ---
SingleTrialExperiment starting: ontology=/workspaces/ontologyutils-ekaw26/repair-power-index-replication-ekaw26/ontologies/inconsistent/PLIO.owl, seed=142018, run_id=20260624134028346645
Loaded ontology.
Normalizing ontology with SROIQ normalization...
Normalized ontology with SROIQ normalization.
Ontology is already inconsistent, skipping make-inconsistent step.
Repairing with A1 (random-removal)...
[2026-06-24 15:50:33.865] Checking precondition...
[2026-06-24 15:50:33.874] Starting the repair...
[2026-06-24 15:50:33.882] Found 19 possible bad axioms.
[2026-06-24 15:50:33.883] Selected the bad axiom SubClassOf(Entity Occurrent_Entity).
[2026-06-24 15:50:33.888] Found 18 possible bad axioms.
[2026-06-24 15:50:33.888] Selected the bad axiom SubClassOf(Occurrent_Entity Independent_Continuant_Entity).
[2026-06-24 15:50:33.892] Found 17 possible bad axioms.
[2026-06-24 15:50:33.892] Selected the bad axiom SubClassOf(Continuant_Entity Entity).
[2026-06-24 15:50:33.896] Found 16 possible bad axioms.
[2026-06-24 15:50:33.896] Selected the bad axiom SubClassOf(Entity Processual_Entity).
[2026-06-24 15:50:33.899] Found 15 possible bad axioms.
[2026-06-24 15:50:33.899] Selected the bad axiom SubClassOf(Processual_Entity Occurrent_Entity).
[2026-06-24 15:50:33.902] Found 14 possible bad axioms.
[2026-06-24 15:50:33.902] Selected the bad axiom SubClassOf(Continuant_Entity Processual_Entity).
[2026-06-24 15:50:33.905] Found 13 possible bad axioms.
[2026-06-24 15:50:33.905] Selected the bad axiom SubClassOf(Occurrent_Entity Continuant_Entity).
[2026-06-24 15:50:33.908] Found 12 possible bad axioms.
[2026-06-24 15:50:33.908] Selected the bad axiom SubClassOf(Entity Independent_Continuant_Entity).
[2026-06-24 15:50:33.910] Found 11 possible bad axioms.
[2026-06-24 15:50:33.910] Selected the bad axiom SubClassOf(owl:Thing Processual_Entity).
[2026-06-24 15:50:33.912] Found 10 possible bad axioms.
[2026-06-24 15:50:33.912] Selected the bad axiom SubClassOf(Independent_Continuant_Entity Continuant_Entity).
[2026-06-24 15:50:33.914] Found 9 possible bad axioms.
[2026-06-24 15:50:33.914] Selected the bad axiom SubClassOf(Entity Functional_Entity).
[2026-06-24 15:50:33.920] Found 8 possible bad axioms.
[2026-06-24 15:50:33.921] Selected the bad axiom SubClassOf(Entity owl:Nothing).
[2026-06-24 15:50:33.923] Finished repairing the ontology.
Repairing with A2 (not-in-largest-mcs-removal)...
[2026-06-24 15:50:33.924] Checking precondition...
[2026-06-24 15:50:33.928] Starting the repair...
[2026-06-24 15:50:34.053] Found 1 possible bad axioms.
[2026-06-24 15:50:34.054] Selected the bad axiom SubClassOf(Entity owl:Nothing).
[2026-06-24 15:50:34.055] Finished repairing the ontology.
Repairing with A3 (default-weakening)...
[2026-06-24 15:50:34.056] Checking precondition...
[2026-06-24 15:50:34.058] Starting the repair...
[2026-06-24 15:50:34.066] Selected a reference ontology with 25 axioms.
[2026-06-24 15:50:34.212] Selected the bad axiom SubClassOf(Entity owl:Nothing).

...[truncated]
SUCCESS: attempt=11 seed=142018 success_count=7/100
progress: ontology=PLIO attempt=11 success=7/100
----- PLIO attempt=12 seed=156218 at 2026-06-24 15:50:36 -----
--- stdout ---
{"seed":156218,"run_id":"20260624134028346645","trial_status":"memory_limit_exceeded","error_type":"failure","failure_stage":"B9","error_message":"Repair failed: ExecutionException: java.lang.IllegalStateException: Could not find a weakening for axiom: ⊤ ⊑ Processual_Entity","iic_values":{},"repair_runtimes_ms":{"A1":39,"A2":126,"A3":174,"B1":114,"B2":563,"B3":418,"B4":26,"B5":464,"B6":310,"B7":17,"B8":349,"B9":158}}

--- stderr ---
SingleTrialExperiment starting: ontology=/workspaces/ontologyutils-ekaw26/repair-power-index-replication-ekaw26/ontologies/inconsistent/PLIO.owl, seed=156218, run_id=20260624134028346645
Loaded ontology.
Normalizing ontology with SROIQ normalization...
Normalized ontology with SROIQ normalization.
Ontology is already inconsistent, skipping make-inconsistent step.
Repairing with A1 (random-removal)...
[2026-06-24 15:50:37.008] Checking precondition...
[2026-06-24 15:50:37.016] Starting the repair...
[2026-06-24 15:50:37.022] Found 19 possible bad axioms.
[2026-06-24 15:50:37.023] Selected the bad axiom SubClassOf(Entity Independent_Continuant_Entity).
[2026-06-24 15:50:37.028] Found 18 possible bad axioms.
[2026-06-24 15:50:37.028] Selected the bad axiom SubClassOf(Occurrent_Entity Continuant_Entity).
[2026-06-24 15:50:37.032] Found 17 possible bad axioms.
[2026-06-24 15:50:37.032] Selected the bad axiom SubClassOf(owl:Thing Processual_Entity).
[2026-06-24 15:50:37.035] Found 16 possible bad axioms.
[2026-06-24 15:50:37.036] Selected the bad axiom SubClassOf(Continuant_Entity Processual_Entity).
[2026-06-24 15:50:37.039] Found 15 possible bad axioms.
[2026-06-24 15:50:37.039] Selected the bad axiom SubClassOf(Entity owl:Nothing).
[2026-06-24 15:50:37.041] Finished repairing the ontology.
Repairing with A2 (not-in-largest-mcs-removal)...
[2026-06-24 15:50:37.042] Checking precondition...
[2026-06-24 15:50:37.049] Starting the repair...
[2026-06-24 15:50:37.166] Found 1 possible bad axioms.
[2026-06-24 15:50:37.167] Selected the bad axiom SubClassOf(Entity owl:Nothing).
[2026-06-24 15:50:37.168] Finished repairing the ontology.
Repairing with A3 (default-weakening)...
[2026-06-24 15:50:37.169] Checking precondition...
[2026-06-24 15:50:37.171] Starting the repair...
[2026-06-24 15:50:37.191] Selected a reference ontology with 24 axioms.
[2026-06-24 15:50:37.332] Selected the bad axiom SubClassOf(Entity owl:Nothing).
[2026-06-24 15:50:37.340] Selected the weaker axiom SubClassOf(Entity Entity).
[2026-06-24 15:50:37.342] Finished repairing the ontology.
Repairing with B1 (bad-in_some_mus-weaker-random)...
[2026-06-24 15:50:37.343] Checking precondition...
[2026-06-24 15:50:37.344] Starting the repair...
[2026-06-24 15:50:37.348] Selected a reference ontology with 24 axioms.
[2026-06-24 15:50:37.447] Selected the bad axiom SubClassOf(Entity owl:Nothing).
[2026-06-24 15:50:37.456] Selected the weaker axiom SubClassOf(Entity Entity).
[2026-06-24 15:50:37.456] Finished repairing the ontology.
Repairing with B2 (bad-in_some_mus-weaker-shapley)...
[2026-06-24 15:50:37.458] Checking precondition...
[2026-06-24 15:50:37.459] Starting the repair...
[2026-06-24 15:50:37.462] Selected a reference ontology with 25 axioms.
[2026-06-24 15:50:37.531] Selected the bad axiom SubClassOf(Entity owl:Nothing).
[PowerIndexWeakerAxiomSelector] Scoring 14 candidate weakenings for Entity ⊑ ⊥
[PowerIndexWeakerAxiomSelector] Selected weaker axiom: Entity ⊑ Continuant_Entity
[20
...[truncated]
FAIL: attempt=12 seed=156218 status=memory_limit_exceeded stage=B9 message=Repair failed: ExecutionException: java.lang.IllegalStateException: Could not find a weakening for axiom: ⊤ ⊑ Processual_Entity
progress: ontology=PLIO attempt=12 success=7/100
----- PLIO attempt=13 seed=170418 at 2026-06-24 15:50:39 -----
--- stdout ---
{"seed":170418,"run_id":"20260624134028346645","trial_status":"memory_limit_exceeded","error_type":"failure","failure_stage":"B6","error_message":"Repair failed: ExecutionException: java.lang.IllegalStateException: Could not find a weakening for axiom: ⊤ ⊑ Processual_Entity","iic_values":{},"repair_runtimes_ms":{"A1":28,"A2":129,"A3":278,"B1":90,"B2":428,"B3":336,"B4":28,"B5":486,"B6":99}}

--- stderr ---
SingleTrialExperiment starting: ontology=/workspaces/ontologyutils-ekaw26/repair-power-index-replication-ekaw26/ontologies/inconsistent/PLIO.owl, seed=170418, run_id=20260624134028346645
Loaded ontology.
Normalizing ontology with SROIQ normalization...
Normalized ontology with SROIQ normalization.
Ontology is already inconsistent, skipping make-inconsistent step.
Repairing with A1 (random-removal)...
[2026-06-24 15:50:40.147] Checking precondition...
[2026-06-24 15:50:40.155] Starting the repair...
[2026-06-24 15:50:40.162] Found 19 possible bad axioms.
[2026-06-24 15:50:40.163] Selected the bad axiom SubClassOf(owl:Thing Occurrent_Entity).
[2026-06-24 15:50:40.167] Found 18 possible bad axioms.
[2026-06-24 15:50:40.167] Selected the bad axiom SubClassOf(Processual_Entity Occurrent_Entity).
[2026-06-24 15:50:40.170] Finished repairing the ontology.
Repairing with A2 (not-in-largest-mcs-removal)...
[2026-06-24 15:50:40.171] Checking precondition...
[2026-06-24 15:50:40.178] Starting the repair...
[2026-06-24 15:50:40.298] Found 1 possible bad axioms.
[2026-06-24 15:50:40.299] Selected the bad axiom SubClassOf(Entity owl:Nothing).
[2026-06-24 15:50:40.300] Finished repairing the ontology.
Repairing with A3 (default-weakening)...
[2026-06-24 15:50:40.301] Checking precondition...
[2026-06-24 15:50:40.303] Starting the repair...
[2026-06-24 15:50:40.314] Selected a reference ontology with 25 axioms.
[2026-06-24 15:50:40.464] Selected the bad axiom SubClassOf(Entity owl:Nothing).
[2026-06-24 15:50:40.474] Selected the weaker axiom SubClassOf(Functional_Entity owl:Nothing).
[2026-06-24 15:50:40.577] Selected the bad axiom SubClassOf(Functional_Entity owl:Nothing).
[2026-06-24 15:50:40.578] Selected the weaker axiom SubClassOf(Functional_Entity Continuant_Entity).
[2026-06-24 15:50:40.579] Finished repairing the ontology.
Repairing with B1 (bad-in_some_mus-weaker-random)...
[2026-06-24 15:50:40.579] Checking precondition...
[2026-06-24 15:50:40.583] Starting the repair...
[2026-06-24 15:50:40.589] Selected a reference ontology with 24 axioms.
[2026-06-24 15:50:40.666] Selected the bad axiom SubClassOf(Entity owl:Nothing).
[2026-06-24 15:50:40.668] Selected the weaker axiom SubClassOf(Entity Functional_Entity).
[2026-06-24 15:50:40.669] Finished repairing the ontology.
Repairing with B2 (bad-in_some_mus-weaker-shapley)...
[2026-06-24 15:50:40.671] Checking precondition...
[2026-06-24 15:50:40.672] Starting the repair...
[2026-06-24 15:50:40.675] Selected a reference ontology with 24 axioms.
[2026-06-24 15:50:40.736] Selected the bad axiom SubClassOf(Entity owl:Nothing).
[PowerIndexWeakerAxiomSelector] Scoring 8 candidate weakenings for Entity ⊑ ⊥
[PowerIndexWeakerAxiomSelector] Selected weaker axiom: Entity ⊑ Continuant_Entity
[2026-06-24 15:50:41.095] Selected the weaker axiom SubClassOf(Entity Continuant_Entity).
[2026-06-24 15:50:41.098] Finished repairing the ontology.
Repairing with B3 (bad-in_some_mus-weaker-banzhaf)...
[2026-06-24 15:50:41.099] Ch
...[truncated]
FAIL: attempt=13 seed=170418 status=memory_limit_exceeded stage=B6 message=Repair failed: ExecutionException: java.lang.IllegalStateException: Could not find a weakening for axiom: ⊤ ⊑ Processual_Entity
progress: ontology=PLIO attempt=13 success=7/100
----- PLIO attempt=14 seed=184618 at 2026-06-24 15:50:42 -----
--- stdout ---
{"seed":184618,"run_id":"20260624134028346645","trial_status":"success","error_type":null,"failure_stage":null,"error_message":null,"iic_values":{"B1_vs_A1":0.9545454545454546,"B1_vs_A2":0.5,"B1_vs_A3":0.5,"B2_vs_A1":0.9545454545454546,"B2_vs_A2":0.5,"B2_vs_A3":0.5,"B3_vs_A1":0.9545454545454546,"B3_vs_A2":0.5,"B3_vs_A3":0.5,"B4_vs_A1":0.9166666666666666,"B4_vs_A2":0.5,"B4_vs_A3":0.5,"B5_vs_A1":0.9166666666666666,"B5_vs_A2":0.5,"B5_vs_A3":0.5,"B6_vs_A1":0.9166666666666666,"B6_vs_A2":0.5,"B6_vs_A3":0.5,"B7_vs_A1":0.9166666666666666,"B7_vs_A2":0.5,"B7_vs_A3":0.5,"B8_vs_A1":0.9166666666666666,"B8_vs_A2":0.5,"B8_vs_A3":0.5,"B9_vs_A1":0.9166666666666666,"B9_vs_A2":0.5,"B9_vs_A3":0.5},"repair_runtimes_ms":{"A1":70,"A2":106,"A3":170,"B1":105,"B2":435,"B3":325,"B4":25,"B5":419,"B6":352,"B7":20,"B8":344,"B9":302}}

--- stderr ---
SingleTrialExperiment starting: ontology=/workspaces/ontologyutils-ekaw26/repair-power-index-replication-ekaw26/ontologies/inconsistent/PLIO.owl, seed=184618, run_id=20260624134028346645
Loaded ontology.
Normalizing ontology with SROIQ normalization...
Normalized ontology with SROIQ normalization.
Ontology is already inconsistent, skipping make-inconsistent step.
Repairing with A1 (random-removal)...
[2026-06-24 15:50:42.448] Checking precondition...
[2026-06-24 15:50:42.457] Starting the repair...
[2026-06-24 15:50:42.463] Found 19 possible bad axioms.
[2026-06-24 15:50:42.465] Selected the bad axiom SubClassOf(Independent_Continuant_Entity Continuant_Entity).
[2026-06-24 15:50:42.470] Found 18 possible bad axioms.
[2026-06-24 15:50:42.470] Selected the bad axiom SubClassOf(owl:Thing Occurrent_Entity).
[2026-06-24 15:50:42.475] Found 17 possible bad axioms.
[2026-06-24 15:50:42.475] Selected the bad axiom SubClassOf(Continuant_Entity Entity).
[2026-06-24 15:50:42.479] Found 16 possible bad axioms.
[2026-06-24 15:50:42.479] Selected the bad axiom SubClassOf(Continuant_Entity Processual_Entity).
[2026-06-24 15:50:42.484] Found 15 possible bad axioms.
[2026-06-24 15:50:42.484] Selected the bad axiom SubClassOf(Occurrent_Entity Continuant_Entity).
[2026-06-24 15:50:42.486] Found 14 possible bad axioms.
[2026-06-24 15:50:42.487] Selected the bad axiom SubClassOf(Entity Continuant_Entity).
[2026-06-24 15:50:42.490] Found 13 possible bad axioms.
[2026-06-24 15:50:42.490] Selected the bad axiom SubClassOf(Occurrent_Entity Functional_Entity).
[2026-06-24 15:50:42.492] Found 12 possible bad axioms.
[2026-06-24 15:50:42.492] Selected the bad axiom SubClassOf(Functional_Entity Independent_Continuant_Entity).
[2026-06-24 15:50:42.494] Found 11 possible bad axioms.
[2026-06-24 15:50:42.494] Selected the bad axiom SubClassOf(Entity Functional_Entity).
[2026-06-24 15:50:42.496] Found 10 possible bad axioms.
[2026-06-24 15:50:42.496] Selected the bad axiom SubClassOf(Entity Processual_Entity).
[2026-06-24 15:50:42.498] Found 9 possible bad axioms.
[2026-06-24 15:50:42.498] Selected the bad axiom SubClassOf(Entity owl:Thing).
[2026-06-24 15:50:42.504] Found 8 possible bad axioms.
[2026-06-24 15:50:42.504] Selected the bad axiom SubClassOf(Occurrent_Entity Independent_Continuant_Entity).
[2026-06-24 15:50:42.506] Found 7 possible bad axioms.
[2026-06-24 15:50:42.507] Selected the bad axiom SubClassOf(Entity Occurrent_Entity).
[2026-06-24 15:50:42.508] Found 6 possible bad axioms.
[2026-06-24 15:50:42.509] Selected the bad axiom SubClassOf(Continuant_Entity Occurrent_Entity).
[2026-06-24 15:50:42.510] Found 5 possible bad axioms.
[2026-06-24 15:50:42.511] Selected the bad axiom SubClassOf(Entity Independent_Continuant_Entity).
[2026-06-24 15:50:42.512] Found 4 possible bad axioms.
[2026-06-24 15:50:42.512] Selected the bad axiom SubClassOf(Occurrent_Entity Entity).
[2026-06-24 15:50:42.513] Finished repairing the ontology.
Repairing with A2 (not-in-largest-mcs-remo
...[truncated]
SUCCESS: attempt=14 seed=184618 success_count=8/100
progress: ontology=PLIO attempt=14 success=8/100
----- PLIO attempt=15 seed=198818 at 2026-06-24 15:50:45 -----
--- stdout ---
{"seed":198818,"run_id":"20260624134028346645","trial_status":"success","error_type":null,"failure_stage":null,"error_message":null,"iic_values":{"B1_vs_A1":0.5,"B1_vs_A2":0.5,"B1_vs_A3":0.5,"B2_vs_A1":0.5,"B2_vs_A2":0.5,"B2_vs_A3":0.5,"B3_vs_A1":0.5,"B3_vs_A2":0.5,"B3_vs_A3":0.5,"B4_vs_A1":0.5,"B4_vs_A2":0.5,"B4_vs_A3":0.5,"B5_vs_A1":0.5,"B5_vs_A2":0.5,"B5_vs_A3":0.5,"B6_vs_A1":0.5,"B6_vs_A2":0.5,"B6_vs_A3":0.5,"B7_vs_A1":0.5,"B7_vs_A2":0.5,"B7_vs_A3":0.5,"B8_vs_A1":0.5,"B8_vs_A2":0.5,"B8_vs_A3":0.5,"B9_vs_A1":0.5,"B9_vs_A2":0.5,"B9_vs_A3":0.5},"repair_runtimes_ms":{"A1":34,"A2":133,"A3":176,"B1":109,"B2":518,"B3":352,"B4":30,"B5":399,"B6":289,"B7":22,"B8":310,"B9":249}}

--- stderr ---
SingleTrialExperiment starting: ontology=/workspaces/ontologyutils-ekaw26/repair-power-index-replication-ekaw26/ontologies/inconsistent/PLIO.owl, seed=198818, run_id=20260624134028346645
Loaded ontology.
Normalizing ontology with SROIQ normalization...
Normalized ontology with SROIQ normalization.
Ontology is already inconsistent, skipping make-inconsistent step.
Repairing with A1 (random-removal)...
[2026-06-24 15:50:45.514] Checking precondition...
[2026-06-24 15:50:45.522] Starting the repair...
[2026-06-24 15:50:45.528] Found 19 possible bad axioms.
[2026-06-24 15:50:45.530] Selected the bad axiom SubClassOf(Entity Independent_Continuant_Entity).
[2026-06-24 15:50:45.535] Found 18 possible bad axioms.
[2026-06-24 15:50:45.536] Selected the bad axiom SubClassOf(Occurrent_Entity Independent_Continuant_Entity).
[2026-06-24 15:50:45.540] Found 17 possible bad axioms.
[2026-06-24 15:50:45.540] Selected the bad axiom SubClassOf(Entity owl:Nothing).
[2026-06-24 15:50:45.544] Finished repairing the ontology.
Repairing with A2 (not-in-largest-mcs-removal)...
[2026-06-24 15:50:45.545] Checking precondition...
[2026-06-24 15:50:45.551] Starting the repair...
[2026-06-24 15:50:45.675] Found 1 possible bad axioms.
[2026-06-24 15:50:45.675] Selected the bad axiom SubClassOf(Entity owl:Nothing).
[2026-06-24 15:50:45.677] Finished repairing the ontology.
Repairing with A3 (default-weakening)...
[2026-06-24 15:50:45.679] Checking precondition...
[2026-06-24 15:50:45.681] Starting the repair...
[2026-06-24 15:50:45.694] Selected a reference ontology with 25 axioms.
[2026-06-24 15:50:45.841] Selected the bad axiom SubClassOf(Entity owl:Nothing).
[2026-06-24 15:50:45.852] Selected the weaker axiom SubClassOf(owl:Nothing owl:Nothing).
[2026-06-24 15:50:45.854] Finished repairing the ontology.
Repairing with B1 (bad-in_some_mus-weaker-random)...
[2026-06-24 15:50:45.854] Checking precondition...
[2026-06-24 15:50:45.856] Starting the repair...
[2026-06-24 15:50:45.859] Selected a reference ontology with 25 axioms.
[2026-06-24 15:50:45.953] Selected the bad axiom SubClassOf(Entity owl:Nothing).
[2026-06-24 15:50:45.962] Selected the weaker axiom SubClassOf(Entity Processual_Entity).
[2026-06-24 15:50:45.963] Finished repairing the ontology.
Repairing with B2 (bad-in_some_mus-weaker-shapley)...
[2026-06-24 15:50:45.965] Checking precondition...
[2026-06-24 15:50:45.966] Starting the repair...
[2026-06-24 15:50:45.970] Selected a reference ontology with 24 axioms.
[2026-06-24 15:50:46.033] Selected the bad axiom SubClassOf(Entity owl:Nothing).
[PowerIndexWeakerAxiomSelector] Scoring 13 candidate weakenings for Entity ⊑ ⊥
[PowerIndexWeakerAxiomSelector] Selected weaker axiom: Entity ⊑ Continuant_Entity
[2026-06-24 15:50:46.479] Selected the weaker axiom SubClassOf(Entity Continuant_Entity).
[2026-06-24 15:50:46.482] Finished repairing the ontology.
Repairing with B3 (bad-in_some_mus-weaker-banzhaf)...
[2026-06-24 15:50:46.483] Checking precondition...
[2026-06-24 15:5
...[truncated]
SUCCESS: attempt=15 seed=198818 success_count=9/100
progress: ontology=PLIO attempt=15 success=9/100
----- PLIO attempt=16 seed=213018 at 2026-06-24 15:50:48 -----
--- stdout ---
{"seed":213018,"run_id":"20260624134028346645","trial_status":"memory_limit_exceeded","error_type":"failure","failure_stage":"B5","error_message":"Repair failed: ExecutionException: java.lang.IllegalStateException: Could not find a weakening for axiom: ⊤ ⊑ Processual_Entity","iic_values":{},"repair_runtimes_ms":{"A1":61,"A2":124,"A3":169,"B1":107,"B2":458,"B3":272,"B4":39,"B5":265}}

--- stderr ---
SingleTrialExperiment starting: ontology=/workspaces/ontologyutils-ekaw26/repair-power-index-replication-ekaw26/ontologies/inconsistent/PLIO.owl, seed=213018, run_id=20260624134028346645
Loaded ontology.
Normalizing ontology with SROIQ normalization...
Normalized ontology with SROIQ normalization.
Ontology is already inconsistent, skipping make-inconsistent step.
Repairing with A1 (random-removal)...
[2026-06-24 15:50:48.523] Checking precondition...
[2026-06-24 15:50:48.532] Starting the repair...
[2026-06-24 15:50:48.539] Found 19 possible bad axioms.
[2026-06-24 15:50:48.541] Selected the bad axiom SubClassOf(Occurrent_Entity Continuant_Entity).
[2026-06-24 15:50:48.546] Found 18 possible bad axioms.
[2026-06-24 15:50:48.546] Selected the bad axiom SubClassOf(Continuant_Entity Occurrent_Entity).
[2026-06-24 15:50:48.550] Found 17 possible bad axioms.
[2026-06-24 15:50:48.550] Selected the bad axiom SubClassOf(Entity Processual_Entity).
[2026-06-24 15:50:48.554] Found 16 possible bad axioms.
[2026-06-24 15:50:48.554] Selected the bad axiom SubClassOf(Continuant_Entity Processual_Entity).
[2026-06-24 15:50:48.557] Found 15 possible bad axioms.
[2026-06-24 15:50:48.557] Selected the bad axiom SubClassOf(Occurrent_Entity Entity).
[2026-06-24 15:50:48.560] Found 14 possible bad axioms.
[2026-06-24 15:50:48.560] Selected the bad axiom SubClassOf(Entity Independent_Continuant_Entity).
[2026-06-24 15:50:48.562] Found 13 possible bad axioms.
[2026-06-24 15:50:48.563] Selected the bad axiom SubClassOf(Entity Occurrent_Entity).
[2026-06-24 15:50:48.565] Found 12 possible bad axioms.
[2026-06-24 15:50:48.565] Selected the bad axiom SubClassOf(owl:Thing Processual_Entity).
[2026-06-24 15:50:48.567] Found 11 possible bad axioms.
[2026-06-24 15:50:48.567] Selected the bad axiom SubClassOf(Entity Functional_Entity).
[2026-06-24 15:50:48.569] Found 10 possible bad axioms.
[2026-06-24 15:50:48.569] Selected the bad axiom SubClassOf(Entity Continuant_Entity).
[2026-06-24 15:50:48.571] Found 9 possible bad axioms.
[2026-06-24 15:50:48.571] Selected the bad axiom SubClassOf(Processual_Entity Occurrent_Entity).
[2026-06-24 15:50:48.577] Found 8 possible bad axioms.
[2026-06-24 15:50:48.578] Selected the bad axiom SubClassOf(owl:Thing Occurrent_Entity).
[2026-06-24 15:50:48.580] Finished repairing the ontology.
Repairing with A2 (not-in-largest-mcs-removal)...
[2026-06-24 15:50:48.580] Checking precondition...
[2026-06-24 15:50:48.585] Starting the repair...
[2026-06-24 15:50:48.698] Found 1 possible bad axioms.
[2026-06-24 15:50:48.699] Selected the bad axiom SubClassOf(Entity owl:Nothing).
[2026-06-24 15:50:48.700] Finished repairing the ontology.
Repairing with A3 (default-weakening)...
[2026-06-24 15:50:48.706] Checking precondition...
[2026-06-24 15:50:48.709] Starting the repair...
[2026-06-24 15:50:48.722] Selected a reference ontology with 24 axioms.
[2026-06-24 15:50:48.864] Selected the bad axiom SubClassOf(Entity owl:Nothing).
[2026-06-24 15:50:48.872] Se
...[truncated]
FAIL: attempt=16 seed=213018 status=memory_limit_exceeded stage=B5 message=Repair failed: ExecutionException: java.lang.IllegalStateException: Could not find a weakening for axiom: ⊤ ⊑ Processual_Entity
progress: ontology=PLIO attempt=16 success=9/100
----- PLIO attempt=17 seed=227218 at 2026-06-24 15:50:50 -----
--- stdout ---
{"seed":227218,"run_id":"20260624134028346645","trial_status":"memory_limit_exceeded","error_type":"failure","failure_stage":"B1","error_message":"Repair failed: ExecutionException: java.lang.NullPointerException: operands cannot be null or empty","iic_values":{},"repair_runtimes_ms":{"A1":42,"A2":119,"A3":173,"B1":102}}

--- stderr ---
SingleTrialExperiment starting: ontology=/workspaces/ontologyutils-ekaw26/repair-power-index-replication-ekaw26/ontologies/inconsistent/PLIO.owl, seed=227218, run_id=20260624134028346645
Loaded ontology.
Normalizing ontology with SROIQ normalization...
Normalized ontology with SROIQ normalization.
Ontology is already inconsistent, skipping make-inconsistent step.
Repairing with A1 (random-removal)...
[2026-06-24 15:50:50.401] Checking precondition...
[2026-06-24 15:50:50.410] Starting the repair...
[2026-06-24 15:50:50.415] Found 19 possible bad axioms.
[2026-06-24 15:50:50.417] Selected the bad axiom SubClassOf(Occurrent_Entity Functional_Entity).
[2026-06-24 15:50:50.422] Found 18 possible bad axioms.
[2026-06-24 15:50:50.422] Selected the bad axiom SubClassOf(Continuant_Entity Processual_Entity).
[2026-06-24 15:50:50.426] Found 17 possible bad axioms.
[2026-06-24 15:50:50.426] Selected the bad axiom SubClassOf(Entity Functional_Entity).
[2026-06-24 15:50:50.430] Found 16 possible bad axioms.
[2026-06-24 15:50:50.430] Selected the bad axiom SubClassOf(owl:Thing Processual_Entity).
[2026-06-24 15:50:50.433] Found 15 possible bad axioms.
[2026-06-24 15:50:50.433] Selected the bad axiom SubClassOf(Entity Independent_Continuant_Entity).
[2026-06-24 15:50:50.436] Found 14 possible bad axioms.
[2026-06-24 15:50:50.436] Selected the bad axiom SubClassOf(owl:Thing Occurrent_Entity).
[2026-06-24 15:50:50.439] Finished repairing the ontology.
Repairing with A2 (not-in-largest-mcs-removal)...
[2026-06-24 15:50:50.439] Checking precondition...
[2026-06-24 15:50:50.444] Starting the repair...
[2026-06-24 15:50:50.556] Found 1 possible bad axioms.
[2026-06-24 15:50:50.557] Selected the bad axiom SubClassOf(Entity owl:Nothing).
[2026-06-24 15:50:50.558] Finished repairing the ontology.
Repairing with A3 (default-weakening)...
[2026-06-24 15:50:50.560] Checking precondition...
[2026-06-24 15:50:50.562] Starting the repair...
[2026-06-24 15:50:50.570] Selected a reference ontology with 24 axioms.
[2026-06-24 15:50:50.722] Selected the bad axiom SubClassOf(Entity owl:Nothing).
[2026-06-24 15:50:50.731] Selected the weaker axiom SubClassOf(Entity Independent_Continuant_Entity).
[2026-06-24 15:50:50.732] Finished repairing the ontology.
Repairing with B1 (bad-in_some_mus-weaker-random)...
[2026-06-24 15:50:50.733] Checking precondition...
[2026-06-24 15:50:50.734] Starting the repair...
[2026-06-24 15:50:50.738] Selected a reference ontology with 25 axioms.
[2026-06-24 15:50:50.829] Selected the bad axiom SubClassOf(Entity owl:Nothing).
[2026-06-24 15:50:50.832] Selected the weaker axiom SubClassOf(owl:Thing owl:Nothing).
Failure: Repair failed: ExecutionException: java.lang.NullPointerException: operands cannot be null or empty

FAIL: attempt=17 seed=227218 status=memory_limit_exceeded stage=B1 message=Repair failed: ExecutionException: java.lang.NullPointerException: operands cannot be null or empty
progress: ontology=PLIO attempt=17 success=9/100
----- PLIO attempt=18 seed=241418 at 2026-06-24 15:50:50 -----
--- stdout ---
{"seed":241418,"run_id":"20260624134028346645","trial_status":"memory_limit_exceeded","error_type":"failure","failure_stage":"B9","error_message":"Repair failed: ExecutionException: java.lang.IllegalStateException: Could not find a weakening for axiom: ⊤ ⊑ Processual_Entity","iic_values":{},"repair_runtimes_ms":{"A1":33,"A2":132,"A3":187,"B1":169,"B2":448,"B3":281,"B4":22,"B5":468,"B6":323,"B7":18,"B8":297,"B9":147}}

--- stderr ---
SingleTrialExperiment starting: ontology=/workspaces/ontologyutils-ekaw26/repair-power-index-replication-ekaw26/ontologies/inconsistent/PLIO.owl, seed=241418, run_id=20260624134028346645
Loaded ontology.
Normalizing ontology with SROIQ normalization...
Normalized ontology with SROIQ normalization.
Ontology is already inconsistent, skipping make-inconsistent step.
Repairing with A1 (random-removal)...
[2026-06-24 15:50:51.215] Checking precondition...
[2026-06-24 15:50:51.223] Starting the repair...
[2026-06-24 15:50:51.229] Found 19 possible bad axioms.
[2026-06-24 15:50:51.231] Selected the bad axiom SubClassOf(owl:Thing Occurrent_Entity).
[2026-06-24 15:50:51.236] Found 18 possible bad axioms.
[2026-06-24 15:50:51.237] Selected the bad axiom SubClassOf(Entity Processual_Entity).
[2026-06-24 15:50:51.240] Found 17 possible bad axioms.
[2026-06-24 15:50:51.240] Selected the bad axiom SubClassOf(Entity owl:Nothing).
[2026-06-24 15:50:51.243] Finished repairing the ontology.
Repairing with A2 (not-in-largest-mcs-removal)...
[2026-06-24 15:50:51.244] Checking precondition...
[2026-06-24 15:50:51.250] Starting the repair...
[2026-06-24 15:50:51.375] Found 1 possible bad axioms.
[2026-06-24 15:50:51.375] Selected the bad axiom SubClassOf(Entity owl:Nothing).
[2026-06-24 15:50:51.376] Finished repairing the ontology.
Repairing with A3 (default-weakening)...
[2026-06-24 15:50:51.378] Checking precondition...
[2026-06-24 15:50:51.382] Starting the repair...
[2026-06-24 15:50:51.393] Selected a reference ontology with 24 axioms.
[2026-06-24 15:50:51.550] Selected the bad axiom SubClassOf(Entity owl:Nothing).
[2026-06-24 15:50:51.562] Selected the weaker axiom SubClassOf(Entity Occurrent_Entity).
[2026-06-24 15:50:51.563] Finished repairing the ontology.
Repairing with B1 (bad-in_some_mus-weaker-random)...
[2026-06-24 15:50:51.564] Checking precondition...
[2026-06-24 15:50:51.566] Starting the repair...
[2026-06-24 15:50:51.570] Selected a reference ontology with 25 axioms.
[2026-06-24 15:50:51.665] Selected the bad axiom SubClassOf(Entity owl:Nothing).
[2026-06-24 15:50:51.667] Selected the weaker axiom SubClassOf(Occurrent_Entity owl:Nothing).
[2026-06-24 15:50:51.732] Selected the bad axiom SubClassOf(Occurrent_Entity owl:Nothing).
[2026-06-24 15:50:51.732] Selected the weaker axiom SubClassOf(Occurrent_Entity Entity).
[2026-06-24 15:50:51.733] Finished repairing the ontology.
Repairing with B2 (bad-in_some_mus-weaker-shapley)...
[2026-06-24 15:50:51.735] Checking precondition...
[2026-06-24 15:50:51.736] Starting the repair...
[2026-06-24 15:50:51.740] Selected a reference ontology with 24 axioms.
[2026-06-24 15:50:51.804] Selected the bad axiom SubClassOf(Entity owl:Nothing).
[PowerIndexWeakerAxiomSelector] Scoring 8 candidate weakenings for Entity ⊑ ⊥
[PowerIndexWeakerAxiomSelector] Selected weaker axiom: Entity ⊑ Continuant_Entity
[2026-06-24 15:50:52.179] Selected the weaker axiom SubClassOf(Entity Continuant_Entity).
[2026-06-24 15:50:52.181] Fin
...[truncated]
FAIL: attempt=18 seed=241418 status=memory_limit_exceeded stage=B9 message=Repair failed: ExecutionException: java.lang.IllegalStateException: Could not find a weakening for axiom: ⊤ ⊑ Processual_Entity
progress: ontology=PLIO attempt=18 success=9/100
----- PLIO attempt=19 seed=255618 at 2026-06-24 15:50:53 -----
--- stdout ---
{"seed":255618,"run_id":"20260624134028346645","trial_status":"success","error_type":null,"failure_stage":null,"error_message":null,"iic_values":{"B1_vs_A1":0.875,"B1_vs_A2":0.5,"B1_vs_A3":0.5,"B2_vs_A1":0.875,"B2_vs_A2":0.5,"B2_vs_A3":0.5,"B3_vs_A1":0.875,"B3_vs_A2":0.5,"B3_vs_A3":0.5,"B4_vs_A1":0.8333333333333334,"B4_vs_A2":0.5,"B4_vs_A3":0.5,"B5_vs_A1":0.8333333333333334,"B5_vs_A2":0.5,"B5_vs_A3":0.5,"B6_vs_A1":0.8333333333333334,"B6_vs_A2":0.5,"B6_vs_A3":0.5,"B7_vs_A1":0.8333333333333334,"B7_vs_A2":0.5,"B7_vs_A3":0.5,"B8_vs_A1":0.8333333333333334,"B8_vs_A2":0.5,"B8_vs_A3":0.5,"B9_vs_A1":0.8333333333333334,"B9_vs_A2":0.5,"B9_vs_A3":0.5},"repair_runtimes_ms":{"A1":48,"A2":120,"A3":168,"B1":135,"B2":508,"B3":314,"B4":39,"B5":489,"B6":301,"B7":18,"B8":351,"B9":296}}

--- stderr ---
SingleTrialExperiment starting: ontology=/workspaces/ontologyutils-ekaw26/repair-power-index-replication-ekaw26/ontologies/inconsistent/PLIO.owl, seed=255618, run_id=20260624134028346645
Loaded ontology.
Normalizing ontology with SROIQ normalization...
Normalized ontology with SROIQ normalization.
Ontology is already inconsistent, skipping make-inconsistent step.
Repairing with A1 (random-removal)...
[2026-06-24 15:50:54.130] Checking precondition...
[2026-06-24 15:50:54.139] Starting the repair...
[2026-06-24 15:50:54.145] Found 19 possible bad axioms.
[2026-06-24 15:50:54.146] Selected the bad axiom SubClassOf(Entity owl:Thing).
[2026-06-24 15:50:54.151] Found 18 possible bad axioms.
[2026-06-24 15:50:54.152] Selected the bad axiom SubClassOf(Entity Occurrent_Entity).
[2026-06-24 15:50:54.155] Found 17 possible bad axioms.
[2026-06-24 15:50:54.156] Selected the bad axiom SubClassOf(Continuant_Entity Processual_Entity).
[2026-06-24 15:50:54.159] Found 16 possible bad axioms.
[2026-06-24 15:50:54.160] Selected the bad axiom SubClassOf(Occurrent_Entity Entity).
[2026-06-24 15:50:54.162] Found 15 possible bad axioms.
[2026-06-24 15:50:54.163] Selected the bad axiom SubClassOf(Independent_Continuant_Entity Continuant_Entity).
[2026-06-24 15:50:54.165] Found 14 possible bad axioms.
[2026-06-24 15:50:54.165] Selected the bad axiom SubClassOf(Continuant_Entity Occurrent_Entity).
[2026-06-24 15:50:54.168] Found 13 possible bad axioms.
[2026-06-24 15:50:54.168] Selected the bad axiom SubClassOf(owl:Thing Processual_Entity).
[2026-06-24 15:50:54.170] Found 12 possible bad axioms.
[2026-06-24 15:50:54.170] Selected the bad axiom SubClassOf(Processual_Entity Occurrent_Entity).
[2026-06-24 15:50:54.172] Found 11 possible bad axioms.
[2026-06-24 15:50:54.172] Selected the bad axiom SubClassOf(Occurrent_Entity Continuant_Entity).
[2026-06-24 15:50:54.174] Finished repairing the ontology.
Repairing with A2 (not-in-largest-mcs-removal)...
[2026-06-24 15:50:54.174] Checking precondition...
[2026-06-24 15:50:54.184] Starting the repair...
[2026-06-24 15:50:54.291] Found 1 possible bad axioms.
[2026-06-24 15:50:54.292] Selected the bad axiom SubClassOf(Entity owl:Nothing).
[2026-06-24 15:50:54.294] Finished repairing the ontology.
Repairing with A3 (default-weakening)...
[2026-06-24 15:50:54.296] Checking precondition...
[2026-06-24 15:50:54.298] Starting the repair...
[2026-06-24 15:50:54.305] Selected a reference ontology with 25 axioms.
[2026-06-24 15:50:54.452] Selected the bad axiom SubClassOf(Entity owl:Nothing).
[2026-06-24 15:50:54.461] Selected the weaker axiom SubClassOf(Entity Independent_Continuant_Entity).
[2026-06-24 15:50:54.463] Finished repairing the ontology.
Repairing with B1 (bad-in_some_mus-weaker-random)...
[2026-06-24 15:50:54.463] Checking precondition...
[2026-06-24 15:50:54.465] Starting the repair...
[2026-06-24 15:50:54.469] Selected a reference ontology with 24 axioms.
[2026-06-24 15:50:54.594] Selected the bad axiom SubClassOf(Entity o
...[truncated]
SUCCESS: attempt=19 seed=255618 success_count=10/100
progress: ontology=PLIO attempt=19 success=10/100
----- PLIO attempt=20 seed=269818 at 2026-06-24 15:50:57 -----
--- stdout ---
{"seed":269818,"run_id":"20260624134028346645","trial_status":"time_limit_exceeded","error_type":"timeout","failure_stage":"B4","error_message":"Repair timeout: B4 exceeded 300 seconds","iic_values":{},"repair_runtimes_ms":{"A1":34,"A2":144,"A3":171,"B1":118,"B2":545,"B3":386,"B4":300002}}

--- stderr ---
SingleTrialExperiment starting: ontology=/workspaces/ontologyutils-ekaw26/repair-power-index-replication-ekaw26/ontologies/inconsistent/PLIO.owl, seed=269818, run_id=20260624134028346645
Loaded ontology.
Normalizing ontology with SROIQ normalization...
Normalized ontology with SROIQ normalization.
Ontology is already inconsistent, skipping make-inconsistent step.
Repairing with A1 (random-removal)...
[2026-06-24 15:50:57.310] Checking precondition...
[2026-06-24 15:50:57.319] Starting the repair...
[2026-06-24 15:50:57.325] Found 19 possible bad axioms.
[2026-06-24 15:50:57.327] Selected the bad axiom SubClassOf(Continuant_Entity Processual_Entity).
[2026-06-24 15:50:57.330] Found 18 possible bad axioms.
[2026-06-24 15:50:57.331] Selected the bad axiom SubClassOf(Processual_Entity Occurrent_Entity).
[2026-06-24 15:50:57.334] Found 17 possible bad axioms.
[2026-06-24 15:50:57.334] Selected the bad axiom SubClassOf(Continuant_Entity Occurrent_Entity).
[2026-06-24 15:50:57.337] Found 16 possible bad axioms.
[2026-06-24 15:50:57.337] Selected the bad axiom SubClassOf(Entity owl:Nothing).
[2026-06-24 15:50:57.340] Finished repairing the ontology.
Repairing with A2 (not-in-largest-mcs-removal)...
[2026-06-24 15:50:57.341] Checking precondition...
[2026-06-24 15:50:57.348] Starting the repair...
[2026-06-24 15:50:57.482] Found 1 possible bad axioms.
[2026-06-24 15:50:57.482] Selected the bad axiom SubClassOf(Entity owl:Nothing).
[2026-06-24 15:50:57.484] Finished repairing the ontology.
Repairing with A3 (default-weakening)...
[2026-06-24 15:50:57.486] Checking precondition...
[2026-06-24 15:50:57.490] Starting the repair...
[2026-06-24 15:50:57.500] Selected a reference ontology with 24 axioms.
[2026-06-24 15:50:57.646] Selected the bad axiom SubClassOf(Entity owl:Nothing).
[2026-06-24 15:50:57.655] Selected the weaker axiom SubClassOf(Entity Occurrent_Entity).
[2026-06-24 15:50:57.657] Finished repairing the ontology.
Repairing with B1 (bad-in_some_mus-weaker-random)...
[2026-06-24 15:50:57.657] Checking precondition...
[2026-06-24 15:50:57.659] Starting the repair...
[2026-06-24 15:50:57.664] Selected a reference ontology with 22 axioms.
[2026-06-24 15:50:57.772] Selected the bad axiom SubClassOf(Entity owl:Nothing).
[2026-06-24 15:50:57.774] Selected the weaker axiom SubClassOf(Entity Continuant_Entity).
[2026-06-24 15:50:57.775] Finished repairing the ontology.
Repairing with B2 (bad-in_some_mus-weaker-shapley)...
[2026-06-24 15:50:57.777] Checking precondition...
[2026-06-24 15:50:57.778] Starting the repair...
[2026-06-24 15:50:57.781] Selected a reference ontology with 25 axioms.
[2026-06-24 15:50:57.854] Selected the bad axiom SubClassOf(Entity owl:Nothing).
[PowerIndexWeakerAxiomSelector] Scoring 14 candidate weakenings for Entity ⊑ ⊥
[PowerIndexWeakerAxiomSelector] Selected weaker axiom: Entity ⊑ Continuant_Entity
[2026-06-24 15:50:58.318] Selected the weaker axiom SubClassOf(Entity Continuant_Entity).
[2026-06-24 15:50:58.321] Finished repai
...[truncated]
FAIL: attempt=20 seed=269818 status=time_limit_exceeded stage=B4 message=Repair timeout: B4 exceeded 300 seconds
progress: ontology=PLIO attempt=20 success=10/100
----- PLIO attempt=21 seed=284018 at 2026-06-24 15:55:58 -----
--- stdout ---
{"seed":284018,"run_id":"20260624134028346645","trial_status":"memory_limit_exceeded","error_type":"failure","failure_stage":"B5","error_message":"Repair failed: ExecutionException: java.lang.IllegalStateException: Could not find a weakening for axiom: ⊤ ⊑ Processual_Entity","iic_values":{},"repair_runtimes_ms":{"A1":37,"A2":128,"A3":172,"B1":112,"B2":557,"B3":380,"B4":31,"B5":260}}

--- stderr ---
SingleTrialExperiment starting: ontology=/workspaces/ontologyutils-ekaw26/repair-power-index-replication-ekaw26/ontologies/inconsistent/PLIO.owl, seed=284018, run_id=20260624134028346645
Loaded ontology.
Normalizing ontology with SROIQ normalization...
Normalized ontology with SROIQ normalization.
Ontology is already inconsistent, skipping make-inconsistent step.
Repairing with A1 (random-removal)...
[2026-06-24 15:55:59.184] Checking precondition...
[2026-06-24 15:55:59.194] Starting the repair...
[2026-06-24 15:55:59.200] Found 19 possible bad axioms.
[2026-06-24 15:55:59.201] Selected the bad axiom SubClassOf(Occurrent_Entity Continuant_Entity).
[2026-06-24 15:55:59.206] Found 18 possible bad axioms.
[2026-06-24 15:55:59.206] Selected the bad axiom SubClassOf(Independent_Continuant_Entity Continuant_Entity).
[2026-06-24 15:55:59.210] Found 17 possible bad axioms.
[2026-06-24 15:55:59.210] Selected the bad axiom SubClassOf(Continuant_Entity Entity).
[2026-06-24 15:55:59.214] Found 16 possible bad axioms.
[2026-06-24 15:55:59.214] Selected the bad axiom SubClassOf(Occurrent_Entity Entity).
[2026-06-24 15:55:59.217] Finished repairing the ontology.
Repairing with A2 (not-in-largest-mcs-removal)...
[2026-06-24 15:55:59.218] Checking precondition...
[2026-06-24 15:55:59.223] Starting the repair...
[2026-06-24 15:55:59.342] Found 1 possible bad axioms.
[2026-06-24 15:55:59.343] Selected the bad axiom SubClassOf(Entity owl:Nothing).
[2026-06-24 15:55:59.345] Finished repairing the ontology.
Repairing with A3 (default-weakening)...
[2026-06-24 15:55:59.347] Checking precondition...
[2026-06-24 15:55:59.349] Starting the repair...
[2026-06-24 15:55:59.364] Selected a reference ontology with 24 axioms.
[2026-06-24 15:55:59.508] Selected the bad axiom SubClassOf(Entity owl:Nothing).
[2026-06-24 15:55:59.517] Selected the weaker axiom SubClassOf(Entity owl:Thing).
[2026-06-24 15:55:59.518] Finished repairing the ontology.
Repairing with B1 (bad-in_some_mus-weaker-random)...
[2026-06-24 15:55:59.519] Checking precondition...
[2026-06-24 15:55:59.522] Starting the repair...
[2026-06-24 15:55:59.526] Selected a reference ontology with 24 axioms.
[2026-06-24 15:55:59.628] Selected the bad axiom SubClassOf(Entity owl:Nothing).
[2026-06-24 15:55:59.630] Selected the weaker axiom SubClassOf(Entity Functional_Entity).
[2026-06-24 15:55:59.631] Finished repairing the ontology.
Repairing with B2 (bad-in_some_mus-weaker-shapley)...
[2026-06-24 15:55:59.633] Checking precondition...
[2026-06-24 15:55:59.635] Starting the repair...
[2026-06-24 15:55:59.639] Selected a reference ontology with 25 axioms.
[2026-06-24 15:55:59.714] Selected the bad axiom SubClassOf(Entity owl:Nothing).
[PowerIndexWeakerAxiomSelector] Scoring 14 candidate weakenings for Entity ⊑ ⊥
[PowerIndexWeakerAxiomSelector] Selected weaker axiom: Entity ⊑ Continuant_Entity
[2026-06-24 15:56:00.184] Selected the weaker axiom SubClassOf(Entity Continuant_Entity).
[2026-06-24 15:56:00.187] Finished repai
...[truncated]
FAIL: attempt=21 seed=284018 status=memory_limit_exceeded stage=B5 message=Repair failed: ExecutionException: java.lang.IllegalStateException: Could not find a weakening for axiom: ⊤ ⊑ Processual_Entity
progress: ontology=PLIO attempt=21 success=10/100
----- PLIO attempt=22 seed=298218 at 2026-06-24 15:56:00 -----
--- stdout ---
{"seed":298218,"run_id":"20260624134028346645","trial_status":"memory_limit_exceeded","error_type":"failure","failure_stage":"B8","error_message":"Repair failed: ExecutionException: java.lang.IllegalStateException: Could not find a weakening for axiom: ⊤ ⊑ Processual_Entity","iic_values":{},"repair_runtimes_ms":{"A1":51,"A2":133,"A3":169,"B1":110,"B2":529,"B3":376,"B4":23,"B5":403,"B6":286,"B7":23,"B8":178}}

--- stderr ---
SingleTrialExperiment starting: ontology=/workspaces/ontologyutils-ekaw26/repair-power-index-replication-ekaw26/ontologies/inconsistent/PLIO.owl, seed=298218, run_id=20260624134028346645
Loaded ontology.
Normalizing ontology with SROIQ normalization...
Normalized ontology with SROIQ normalization.
Ontology is already inconsistent, skipping make-inconsistent step.
Repairing with A1 (random-removal)...
[2026-06-24 15:56:01.259] Checking precondition...
[2026-06-24 15:56:01.267] Starting the repair...
[2026-06-24 15:56:01.273] Found 19 possible bad axioms.
[2026-06-24 15:56:01.275] Selected the bad axiom SubClassOf(Processual_Entity Occurrent_Entity).
[2026-06-24 15:56:01.280] Found 18 possible bad axioms.
[2026-06-24 15:56:01.281] Selected the bad axiom SubClassOf(Continuant_Entity Occurrent_Entity).
[2026-06-24 15:56:01.284] Found 17 possible bad axioms.
[2026-06-24 15:56:01.285] Selected the bad axiom SubClassOf(Entity Independent_Continuant_Entity).
[2026-06-24 15:56:01.288] Found 16 possible bad axioms.
[2026-06-24 15:56:01.288] Selected the bad axiom SubClassOf(owl:Thing Processual_Entity).
[2026-06-24 15:56:01.292] Found 15 possible bad axioms.
[2026-06-24 15:56:01.292] Selected the bad axiom SubClassOf(Entity owl:Thing).
[2026-06-24 15:56:01.294] Found 14 possible bad axioms.
[2026-06-24 15:56:01.294] Selected the bad axiom SubClassOf(Occurrent_Entity Continuant_Entity).
[2026-06-24 15:56:01.297] Found 13 possible bad axioms.
[2026-06-24 15:56:01.297] Selected the bad axiom SubClassOf(Continuant_Entity Processual_Entity).
[2026-06-24 15:56:01.300] Found 12 possible bad axioms.
[2026-06-24 15:56:01.300] Selected the bad axiom SubClassOf(Occurrent_Entity Independent_Continuant_Entity).
[2026-06-24 15:56:01.302] Found 11 possible bad axioms.
[2026-06-24 15:56:01.302] Selected the bad axiom SubClassOf(Occurrent_Entity Entity).
[2026-06-24 15:56:01.303] Found 10 possible bad axioms.
[2026-06-24 15:56:01.303] Selected the bad axiom SubClassOf(owl:Thing Occurrent_Entity).
[2026-06-24 15:56:01.305] Finished repairing the ontology.
Repairing with A2 (not-in-largest-mcs-removal)...
[2026-06-24 15:56:01.306] Checking precondition...
[2026-06-24 15:56:01.315] Starting the repair...
[2026-06-24 15:56:01.429] Found 1 possible bad axioms.
[2026-06-24 15:56:01.429] Selected the bad axiom SubClassOf(Entity owl:Nothing).
[2026-06-24 15:56:01.439] Finished repairing the ontology.
Repairing with A3 (default-weakening)...
[2026-06-24 15:56:01.440] Checking precondition...
[2026-06-24 15:56:01.444] Starting the repair...
[2026-06-24 15:56:01.454] Selected a reference ontology with 24 axioms.
[2026-06-24 15:56:01.597] Selected the bad axiom SubClassOf(Entity owl:Nothing).
[2026-06-24 15:56:01.606] Selected the weaker axiom SubClassOf(Entity Continuant_Entity).
[2026-06-24 15:56:01.608] Finished repairing the ontology.
Repairing with B1 (bad-in_some_mus-weaker-random)...
[2026-06-24 15:56:01.609] Checking precondition...
[2026-06-24 15:56:01.610] Starting the repai
...[truncated]
FAIL: attempt=22 seed=298218 status=memory_limit_exceeded stage=B8 message=Repair failed: ExecutionException: java.lang.IllegalStateException: Could not find a weakening for axiom: ⊤ ⊑ Processual_Entity
progress: ontology=PLIO attempt=22 success=10/100
----- PLIO attempt=23 seed=312418 at 2026-06-24 15:56:03 -----
--- stdout ---
{"seed":312418,"run_id":"20260624134028346645","trial_status":"time_limit_exceeded","error_type":"timeout","failure_stage":"B4","error_message":"Repair timeout: B4 exceeded 300 seconds","iic_values":{},"repair_runtimes_ms":{"A1":56,"A2":119,"A3":181,"B1":168,"B2":587,"B3":306,"B4":300001}}

--- stderr ---
SingleTrialExperiment starting: ontology=/workspaces/ontologyutils-ekaw26/repair-power-index-replication-ekaw26/ontologies/inconsistent/PLIO.owl, seed=312418, run_id=20260624134028346645
Loaded ontology.
Normalizing ontology with SROIQ normalization...
Normalized ontology with SROIQ normalization.
Ontology is already inconsistent, skipping make-inconsistent step.
Repairing with A1 (random-removal)...
[2026-06-24 15:56:03.918] Checking precondition...
[2026-06-24 15:56:03.927] Starting the repair...
[2026-06-24 15:56:03.933] Found 19 possible bad axioms.
[2026-06-24 15:56:03.935] Selected the bad axiom SubClassOf(Entity Occurrent_Entity).
[2026-06-24 15:56:03.939] Found 18 possible bad axioms.
[2026-06-24 15:56:03.940] Selected the bad axiom SubClassOf(Occurrent_Entity Functional_Entity).
[2026-06-24 15:56:03.943] Found 17 possible bad axioms.
[2026-06-24 15:56:03.943] Selected the bad axiom SubClassOf(Entity Independent_Continuant_Entity).
[2026-06-24 15:56:03.947] Found 16 possible bad axioms.
[2026-06-24 15:56:03.947] Selected the bad axiom SubClassOf(Entity Processual_Entity).
[2026-06-24 15:56:03.950] Found 15 possible bad axioms.
[2026-06-24 15:56:03.950] Selected the bad axiom SubClassOf(Continuant_Entity Entity).
[2026-06-24 15:56:03.953] Found 14 possible bad axioms.
[2026-06-24 15:56:03.953] Selected the bad axiom SubClassOf(owl:Thing Occurrent_Entity).
[2026-06-24 15:56:03.956] Found 13 possible bad axioms.
[2026-06-24 15:56:03.956] Selected the bad axiom SubClassOf(Occurrent_Entity Continuant_Entity).
[2026-06-24 15:56:03.959] Found 12 possible bad axioms.
[2026-06-24 15:56:03.959] Selected the bad axiom SubClassOf(Entity Continuant_Entity).
[2026-06-24 15:56:03.960] Found 11 possible bad axioms.
[2026-06-24 15:56:03.961] Selected the bad axiom SubClassOf(Occurrent_Entity Independent_Continuant_Entity).
[2026-06-24 15:56:03.962] Found 10 possible bad axioms.
[2026-06-24 15:56:03.962] Selected the bad axiom SubClassOf(Entity owl:Thing).
[2026-06-24 15:56:03.964] Found 9 possible bad axioms.
[2026-06-24 15:56:03.964] Selected the bad axiom SubClassOf(owl:Thing Processual_Entity).
[2026-06-24 15:56:03.970] Finished repairing the ontology.
Repairing with A2 (not-in-largest-mcs-removal)...
[2026-06-24 15:56:03.971] Checking precondition...
[2026-06-24 15:56:03.977] Starting the repair...
[2026-06-24 15:56:04.089] Found 1 possible bad axioms.
[2026-06-24 15:56:04.090] Selected the bad axiom SubClassOf(Entity owl:Nothing).
[2026-06-24 15:56:04.091] Finished repairing the ontology.
Repairing with A3 (default-weakening)...
[2026-06-24 15:56:04.097] Checking precondition...
[2026-06-24 15:56:04.100] Starting the repair...
[2026-06-24 15:56:04.112] Selected a reference ontology with 24 axioms.
[2026-06-24 15:56:04.261] Selected the bad axiom SubClassOf(Entity owl:Nothing).
[2026-06-24 15:56:04.271] Selected the weaker axiom SubClassOf(Entity Continuant_Entity).
[2026-06-24 15:56:04.272] Finished repairing the ontology.
Repairing with B1 (bad-in_s
...[truncated]
FAIL: attempt=23 seed=312418 status=time_limit_exceeded stage=B4 message=Repair timeout: B4 exceeded 300 seconds
progress: ontology=PLIO attempt=23 success=10/100
----- PLIO attempt=24 seed=326618 at 2026-06-24 16:01:05 -----
--- stdout ---
{"seed":326618,"run_id":"20260624134028346645","trial_status":"success","error_type":null,"failure_stage":null,"error_message":null,"iic_values":{"B1_vs_A1":1.0,"B1_vs_A2":0.5,"B1_vs_A3":0.5,"B2_vs_A1":1.0,"B2_vs_A2":0.5,"B2_vs_A3":0.5,"B3_vs_A1":1.0,"B3_vs_A2":0.5,"B3_vs_A3":0.5,"B4_vs_A1":0.6875,"B4_vs_A2":0.5,"B4_vs_A3":0.5,"B5_vs_A1":0.6875,"B5_vs_A2":0.5,"B5_vs_A3":0.5,"B6_vs_A1":0.6875,"B6_vs_A2":0.5,"B6_vs_A3":0.5,"B7_vs_A1":0.6875,"B7_vs_A2":0.5,"B7_vs_A3":0.5,"B8_vs_A1":0.6875,"B8_vs_A2":0.5,"B8_vs_A3":0.5,"B9_vs_A1":0.6875,"B9_vs_A2":0.5,"B9_vs_A3":0.5},"repair_runtimes_ms":{"A1":43,"A2":123,"A3":180,"B1":248,"B2":533,"B3":335,"B4":40,"B5":402,"B6":360,"B7":18,"B8":342,"B9":254}}

--- stderr ---
SingleTrialExperiment starting: ontology=/workspaces/ontologyutils-ekaw26/repair-power-index-replication-ekaw26/ontologies/inconsistent/PLIO.owl, seed=326618, run_id=20260624134028346645
Loaded ontology.
Normalizing ontology with SROIQ normalization...
Normalized ontology with SROIQ normalization.
Ontology is already inconsistent, skipping make-inconsistent step.
Repairing with A1 (random-removal)...
[2026-06-24 16:01:05.813] Checking precondition...
[2026-06-24 16:01:05.822] Starting the repair...
[2026-06-24 16:01:05.829] Found 19 possible bad axioms.
[2026-06-24 16:01:05.831] Selected the bad axiom SubClassOf(Occurrent_Entity Functional_Entity).
[2026-06-24 16:01:05.835] Found 18 possible bad axioms.
[2026-06-24 16:01:05.836] Selected the bad axiom SubClassOf(Occurrent_Entity Independent_Continuant_Entity).
[2026-06-24 16:01:05.839] Found 17 possible bad axioms.
[2026-06-24 16:01:05.840] Selected the bad axiom SubClassOf(Entity Continuant_Entity).
[2026-06-24 16:01:05.843] Found 16 possible bad axioms.
[2026-06-24 16:01:05.843] Selected the bad axiom SubClassOf(Entity Functional_Entity).
[2026-06-24 16:01:05.846] Found 15 possible bad axioms.
[2026-06-24 16:01:05.847] Selected the bad axiom SubClassOf(owl:Thing Occurrent_Entity).
[2026-06-24 16:01:05.849] Found 14 possible bad axioms.
[2026-06-24 16:01:05.850] Selected the bad axiom SubClassOf(Entity owl:Nothing).
[2026-06-24 16:01:05.852] Finished repairing the ontology.
Repairing with A2 (not-in-largest-mcs-removal)...
[2026-06-24 16:01:05.853] Checking precondition...
[2026-06-24 16:01:05.857] Starting the repair...
[2026-06-24 16:01:05.974] Found 1 possible bad axioms.
[2026-06-24 16:01:05.974] Selected the bad axiom SubClassOf(Entity owl:Nothing).
[2026-06-24 16:01:05.976] Finished repairing the ontology.
Repairing with A3 (default-weakening)...
[2026-06-24 16:01:05.977] Checking precondition...
[2026-06-24 16:01:05.980] Starting the repair...
[2026-06-24 16:01:05.996] Selected a reference ontology with 24 axioms.
[2026-06-24 16:01:06.144] Selected the bad axiom SubClassOf(Entity owl:Nothing).
[2026-06-24 16:01:06.154] Selected the weaker axiom SubClassOf(owl:Nothing owl:Nothing).
[2026-06-24 16:01:06.156] Finished repairing the ontology.
Repairing with B1 (bad-in_some_mus-weaker-random)...
[2026-06-24 16:01:06.157] Checking precondition...
[2026-06-24 16:01:06.159] Starting the repair...
[2026-06-24 16:01:06.164] Selected a reference ontology with 25 axioms.
[2026-06-24 16:01:06.264] Selected the bad axiom SubClassOf(Entity owl:Nothing).
[2026-06-24 16:01:06.266] Selected the weaker axiom SubClassOf(Continuant_Entity owl:Nothing).
[2026-06-24 16:01:06.340] Selected the bad axiom SubClassOf(Continuant_Entity owl:Nothing).
[2026-06-24 16:01:06.340] Selected the weaker axiom SubClassOf(Independent_Continuant_Entity owl:Nothing).
[2026-06-24 16:01:06.404] Selected the bad axiom SubClassOf(Independent_Continuant_Entity owl:Nothing).
[2026-06-24 16:01:06.404] Selected the weaker axiom SubClass
...[truncated]
SUCCESS: attempt=24 seed=326618 success_count=11/100
progress: ontology=PLIO attempt=24 success=11/100
----- PLIO attempt=25 seed=340818 at 2026-06-24 16:01:08 -----
--- stdout ---
{"seed":340818,"run_id":"20260624134028346645","trial_status":"success","error_type":null,"failure_stage":null,"error_message":null,"iic_values":{"B1_vs_A1":0.5,"B1_vs_A2":0.5,"B1_vs_A3":0.5,"B2_vs_A1":0.5,"B2_vs_A2":0.5,"B2_vs_A3":0.5,"B3_vs_A1":0.5,"B3_vs_A2":0.5,"B3_vs_A3":0.5,"B4_vs_A1":0.5,"B4_vs_A2":0.5,"B4_vs_A3":0.5,"B5_vs_A1":0.5,"B5_vs_A2":0.5,"B5_vs_A3":0.5,"B6_vs_A1":0.5,"B6_vs_A2":0.5,"B6_vs_A3":0.5,"B7_vs_A1":0.5,"B7_vs_A2":0.5,"B7_vs_A3":0.5,"B8_vs_A1":0.5,"B8_vs_A2":0.5,"B8_vs_A3":0.5,"B9_vs_A1":0.5,"B9_vs_A2":0.5,"B9_vs_A3":0.5},"repair_runtimes_ms":{"A1":34,"A2":126,"A3":174,"B1":175,"B2":541,"B3":298,"B4":35,"B5":488,"B6":313,"B7":22,"B8":328,"B9":293}}

--- stderr ---
SingleTrialExperiment starting: ontology=/workspaces/ontologyutils-ekaw26/repair-power-index-replication-ekaw26/ontologies/inconsistent/PLIO.owl, seed=340818, run_id=20260624134028346645
Loaded ontology.
Normalizing ontology with SROIQ normalization...
Normalized ontology with SROIQ normalization.
Ontology is already inconsistent, skipping make-inconsistent step.
Repairing with A1 (random-removal)...
[2026-06-24 16:01:09.087] Checking precondition...
[2026-06-24 16:01:09.095] Starting the repair...
[2026-06-24 16:01:09.102] Found 19 possible bad axioms.
[2026-06-24 16:01:09.103] Selected the bad axiom SubClassOf(Processual_Entity Occurrent_Entity).
[2026-06-24 16:01:09.109] Found 18 possible bad axioms.
[2026-06-24 16:01:09.109] Selected the bad axiom SubClassOf(Occurrent_Entity Independent_Continuant_Entity).
[2026-06-24 16:01:09.113] Found 17 possible bad axioms.
[2026-06-24 16:01:09.113] Selected the bad axiom SubClassOf(Entity owl:Nothing).
[2026-06-24 16:01:09.117] Finished repairing the ontology.
Repairing with A2 (not-in-largest-mcs-removal)...
[2026-06-24 16:01:09.117] Checking precondition...
[2026-06-24 16:01:09.123] Starting the repair...
[2026-06-24 16:01:09.242] Found 1 possible bad axioms.
[2026-06-24 16:01:09.242] Selected the bad axiom SubClassOf(Entity owl:Nothing).
[2026-06-24 16:01:09.244] Finished repairing the ontology.
Repairing with A3 (default-weakening)...
[2026-06-24 16:01:09.245] Checking precondition...
[2026-06-24 16:01:09.247] Starting the repair...
[2026-06-24 16:01:09.259] Selected a reference ontology with 25 axioms.
[2026-06-24 16:01:09.407] Selected the bad axiom SubClassOf(Entity owl:Nothing).
[2026-06-24 16:01:09.417] Selected the weaker axiom SubClassOf(Entity Entity).
[2026-06-24 16:01:09.419] Finished repairing the ontology.
Repairing with B1 (bad-in_some_mus-weaker-random)...
[2026-06-24 16:01:09.419] Checking precondition...
[2026-06-24 16:01:09.422] Starting the repair...
[2026-06-24 16:01:09.427] Selected a reference ontology with 25 axioms.
[2026-06-24 16:01:09.516] Selected the bad axiom SubClassOf(Entity owl:Nothing).
[2026-06-24 16:01:09.517] Selected the weaker axiom SubClassOf(Independent_Continuant_Entity owl:Nothing).
[2026-06-24 16:01:09.591] Selected the bad axiom SubClassOf(Independent_Continuant_Entity owl:Nothing).
[2026-06-24 16:01:09.593] Selected the weaker axiom SubClassOf(owl:Nothing owl:Nothing).
[2026-06-24 16:01:09.594] Finished repairing the ontology.
Repairing with B2 (bad-in_some_mus-weaker-shapley)...
[2026-06-24 16:01:09.596] Checking precondition...
[2026-06-24 16:01:09.597] Starting the repair...
[2026-06-24 16:01:09.602] Selected a reference ontology with 24 axioms.
[2026-06-24 16:01:09.666] Selected the bad axiom SubClassOf(Entity owl:Nothing).
[PowerIndexWeakerAxiomSelector] Scoring 12 candidate weakenings for Entity ⊑ ⊥
[PowerIndexWeakerAxiomSelector] Selected weaker axiom: Entity ⊑ Continuant_Entity
[2026-06-24 16:01:10.134] Selected the weaker axiom SubClassOf(Entity Co
...[truncated]
SUCCESS: attempt=25 seed=340818 success_count=12/100
progress: ontology=PLIO attempt=25 success=12/100
----- PLIO attempt=26 seed=355018 at 2026-06-24 16:01:12 -----
--- stdout ---
{"seed":355018,"run_id":"20260624134028346645","trial_status":"memory_limit_exceeded","error_type":"failure","failure_stage":"B4","error_message":"Repair failed: ExecutionException: java.lang.NullPointerException: operands cannot be null or empty","iic_values":{},"repair_runtimes_ms":{"A1":47,"A2":121,"A3":185,"B1":114,"B2":502,"B3":374,"B4":32}}

--- stderr ---
SingleTrialExperiment starting: ontology=/workspaces/ontologyutils-ekaw26/repair-power-index-replication-ekaw26/ontologies/inconsistent/PLIO.owl, seed=355018, run_id=20260624134028346645
Loaded ontology.
Normalizing ontology with SROIQ normalization...
Normalized ontology with SROIQ normalization.
Ontology is already inconsistent, skipping make-inconsistent step.
Repairing with A1 (random-removal)...
[2026-06-24 16:01:12.309] Checking precondition...
[2026-06-24 16:01:12.318] Starting the repair...
[2026-06-24 16:01:12.324] Found 19 possible bad axioms.
[2026-06-24 16:01:12.325] Selected the bad axiom SubClassOf(Continuant_Entity Entity).
[2026-06-24 16:01:12.331] Found 18 possible bad axioms.
[2026-06-24 16:01:12.331] Selected the bad axiom SubClassOf(Continuant_Entity Occurrent_Entity).
[2026-06-24 16:01:12.335] Found 17 possible bad axioms.
[2026-06-24 16:01:12.335] Selected the bad axiom SubClassOf(Functional_Entity Independent_Continuant_Entity).
[2026-06-24 16:01:12.339] Found 16 possible bad axioms.
[2026-06-24 16:01:12.339] Selected the bad axiom SubClassOf(Continuant_Entity Processual_Entity).
[2026-06-24 16:01:12.342] Found 15 possible bad axioms.
[2026-06-24 16:01:12.342] Selected the bad axiom SubClassOf(owl:Thing Occurrent_Entity).
[2026-06-24 16:01:12.345] Found 14 possible bad axioms.
[2026-06-24 16:01:12.345] Selected the bad axiom SubClassOf(Entity Functional_Entity).
[2026-06-24 16:01:12.348] Found 13 possible bad axioms.
[2026-06-24 16:01:12.349] Selected the bad axiom SubClassOf(Processual_Entity Occurrent_Entity).
[2026-06-24 16:01:12.351] Finished repairing the ontology.
Repairing with A2 (not-in-largest-mcs-removal)...
[2026-06-24 16:01:12.352] Checking precondition...
[2026-06-24 16:01:12.356] Starting the repair...
[2026-06-24 16:01:12.471] Found 1 possible bad axioms.
[2026-06-24 16:01:12.471] Selected the bad axiom SubClassOf(Entity owl:Nothing).
[2026-06-24 16:01:12.472] Finished repairing the ontology.
Repairing with A3 (default-weakening)...
[2026-06-24 16:01:12.474] Checking precondition...
[2026-06-24 16:01:12.476] Starting the repair...
[2026-06-24 16:01:12.492] Selected a reference ontology with 24 axioms.
[2026-06-24 16:01:12.648] Selected the bad axiom SubClassOf(Entity owl:Nothing).
[2026-06-24 16:01:12.657] Selected the weaker axiom SubClassOf(Entity Continuant_Entity).
[2026-06-24 16:01:12.658] Finished repairing the ontology.
Repairing with B1 (bad-in_some_mus-weaker-random)...
[2026-06-24 16:01:12.659] Checking precondition...
[2026-06-24 16:01:12.661] Starting the repair...
[2026-06-24 16:01:12.664] Selected a reference ontology with 25 axioms.
[2026-06-24 16:01:12.769] Selected the bad axiom SubClassOf(Entity owl:Nothing).
[2026-06-24 16:01:12.771] Selected the weaker axiom SubClassOf(Entity Entity).
[2026-06-24 16:01:12.772] Finished repairing the ontology.
Repairing with B2 (bad-in_some_mus-weaker-shapley)...
[2026-06-24 16:01:12.774] Checking precondition...
[2026-06-24 16:01:12.776] Starting the repa
...[truncated]
FAIL: attempt=26 seed=355018 status=memory_limit_exceeded stage=B4 message=Repair failed: ExecutionException: java.lang.NullPointerException: operands cannot be null or empty
progress: ontology=PLIO attempt=26 success=12/100
----- PLIO attempt=27 seed=369218 at 2026-06-24 16:01:13 -----
--- stdout ---
{"seed":369218,"run_id":"20260624134028346645","trial_status":"success","error_type":null,"failure_stage":null,"error_message":null,"iic_values":{"B1_vs_A1":0.9166666666666666,"B1_vs_A2":0.5,"B1_vs_A3":0.5,"B2_vs_A1":0.9166666666666666,"B2_vs_A2":0.5,"B2_vs_A3":0.5,"B3_vs_A1":0.9166666666666666,"B3_vs_A2":0.5,"B3_vs_A3":0.5,"B4_vs_A1":0.7777777777777778,"B4_vs_A2":0.5,"B4_vs_A3":0.5,"B5_vs_A1":0.7777777777777778,"B5_vs_A2":0.5,"B5_vs_A3":0.5,"B6_vs_A1":0.7777777777777778,"B6_vs_A2":0.5,"B6_vs_A3":0.5,"B7_vs_A1":0.7777777777777778,"B7_vs_A2":0.5,"B7_vs_A3":0.5,"B8_vs_A1":0.7777777777777778,"B8_vs_A2":0.5,"B8_vs_A3":0.5,"B9_vs_A1":0.7777777777777778,"B9_vs_A2":0.5,"B9_vs_A3":0.5},"repair_runtimes_ms":{"A1":46,"A2":134,"A3":171,"B1":114,"B2":560,"B3":385,"B4":28,"B5":440,"B6":321,"B7":16,"B8":339,"B9":279}}

--- stderr ---
SingleTrialExperiment starting: ontology=/workspaces/ontologyutils-ekaw26/repair-power-index-replication-ekaw26/ontologies/inconsistent/PLIO.owl, seed=369218, run_id=20260624134028346645
Loaded ontology.
Normalizing ontology with SROIQ normalization...
Normalized ontology with SROIQ normalization.
Ontology is already inconsistent, skipping make-inconsistent step.
Repairing with A1 (random-removal)...
[2026-06-24 16:01:14.074] Checking precondition...
[2026-06-24 16:01:14.082] Starting the repair...
[2026-06-24 16:01:14.090] Found 19 possible bad axioms.
[2026-06-24 16:01:14.092] Selected the bad axiom SubClassOf(Occurrent_Entity Functional_Entity).
[2026-06-24 16:01:14.096] Found 18 possible bad axioms.
[2026-06-24 16:01:14.097] Selected the bad axiom SubClassOf(Entity Processual_Entity).
[2026-06-24 16:01:14.100] Found 17 possible bad axioms.
[2026-06-24 16:01:14.100] Selected the bad axiom SubClassOf(Entity owl:Thing).
[2026-06-24 16:01:14.103] Found 16 possible bad axioms.
[2026-06-24 16:01:14.103] Selected the bad axiom SubClassOf(Entity Independent_Continuant_Entity).
[2026-06-24 16:01:14.107] Found 15 possible bad axioms.
[2026-06-24 16:01:14.107] Selected the bad axiom SubClassOf(Continuant_Entity Processual_Entity).
[2026-06-24 16:01:14.110] Found 14 possible bad axioms.
[2026-06-24 16:01:14.110] Selected the bad axiom SubClassOf(Occurrent_Entity Entity).
[2026-06-24 16:01:14.113] Found 13 possible bad axioms.
[2026-06-24 16:01:14.113] Selected the bad axiom SubClassOf(Continuant_Entity Entity).
[2026-06-24 16:01:14.115] Finished repairing the ontology.
Repairing with A2 (not-in-largest-mcs-removal)...
[2026-06-24 16:01:14.116] Checking precondition...
[2026-06-24 16:01:14.121] Starting the repair...
[2026-06-24 16:01:14.248] Found 1 possible bad axioms.
[2026-06-24 16:01:14.249] Selected the bad axiom SubClassOf(Entity owl:Nothing).
[2026-06-24 16:01:14.250] Finished repairing the ontology.
Repairing with A3 (default-weakening)...
[2026-06-24 16:01:14.251] Checking precondition...
[2026-06-24 16:01:14.254] Starting the repair...
[2026-06-24 16:01:14.269] Selected a reference ontology with 25 axioms.
[2026-06-24 16:01:14.411] Selected the bad axiom SubClassOf(Entity owl:Nothing).
[2026-06-24 16:01:14.420] Selected the weaker axiom SubClassOf(Entity Occurrent_Entity).
[2026-06-24 16:01:14.421] Finished repairing the ontology.
Repairing with B1 (bad-in_some_mus-weaker-random)...
[2026-06-24 16:01:14.422] Checking precondition...
[2026-06-24 16:01:14.423] Starting the repair...
[2026-06-24 16:01:14.429] Selected a reference ontology with 24 axioms.
[2026-06-24 16:01:14.531] Selected the bad axiom SubClassOf(Entity owl:Nothing).
[2026-06-24 16:01:14.534] Selected the weaker axiom SubClassOf(Entity Independent_Continuant_Entity).
[2026-06-24 16:01:14.535] Finished repairing the ontology.
Repairing with B2 (bad-in_some_mus-weaker-shapley)...
[2026-06-24 16:01:14.537] Checking precondition...
[2026-06-24 16:01:14.538] Starting the repair...
[202
...[truncated]
SUCCESS: attempt=27 seed=369218 success_count=13/100
progress: ontology=PLIO attempt=27 success=13/100
----- PLIO attempt=28 seed=383418 at 2026-06-24 16:01:16 -----
--- stdout ---
{"seed":383418,"run_id":"20260624134028346645","trial_status":"success","error_type":null,"failure_stage":null,"error_message":null,"iic_values":{"B1_vs_A1":0.5,"B1_vs_A2":0.5,"B1_vs_A3":0.5,"B2_vs_A1":0.5,"B2_vs_A2":0.5,"B2_vs_A3":0.5,"B3_vs_A1":0.5,"B3_vs_A2":0.5,"B3_vs_A3":0.5,"B4_vs_A1":0.5,"B4_vs_A2":0.5,"B4_vs_A3":0.5,"B5_vs_A1":0.5,"B5_vs_A2":0.5,"B5_vs_A3":0.5,"B6_vs_A1":0.5,"B6_vs_A2":0.5,"B6_vs_A3":0.5,"B7_vs_A1":0.5,"B7_vs_A2":0.5,"B7_vs_A3":0.5,"B8_vs_A1":0.5,"B8_vs_A2":0.5,"B8_vs_A3":0.5,"B9_vs_A1":0.5,"B9_vs_A2":0.5,"B9_vs_A3":0.5},"repair_runtimes_ms":{"A1":42,"A2":143,"A3":153,"B1":113,"B2":551,"B3":320,"B4":26,"B5":481,"B6":334,"B7":28,"B8":297,"B9":284}}

--- stderr ---
SingleTrialExperiment starting: ontology=/workspaces/ontologyutils-ekaw26/repair-power-index-replication-ekaw26/ontologies/inconsistent/PLIO.owl, seed=383418, run_id=20260624134028346645
Loaded ontology.
Normalizing ontology with SROIQ normalization...
Normalized ontology with SROIQ normalization.
Ontology is already inconsistent, skipping make-inconsistent step.
Repairing with A1 (random-removal)...
[2026-06-24 16:01:17.304] Checking precondition...
[2026-06-24 16:01:17.312] Starting the repair...
[2026-06-24 16:01:17.319] Found 19 possible bad axioms.
[2026-06-24 16:01:17.320] Selected the bad axiom SubClassOf(Continuant_Entity Processual_Entity).
[2026-06-24 16:01:17.326] Found 18 possible bad axioms.
[2026-06-24 16:01:17.326] Selected the bad axiom SubClassOf(owl:Thing Occurrent_Entity).
[2026-06-24 16:01:17.330] Found 17 possible bad axioms.
[2026-06-24 16:01:17.330] Selected the bad axiom SubClassOf(Entity Independent_Continuant_Entity).
[2026-06-24 16:01:17.334] Found 16 possible bad axioms.
[2026-06-24 16:01:17.334] Selected the bad axiom SubClassOf(Entity Functional_Entity).
[2026-06-24 16:01:17.337] Found 15 possible bad axioms.
[2026-06-24 16:01:17.337] Selected the bad axiom SubClassOf(Entity Processual_Entity).
[2026-06-24 16:01:17.340] Found 14 possible bad axioms.
[2026-06-24 16:01:17.340] Selected the bad axiom SubClassOf(owl:Thing Processual_Entity).
[2026-06-24 16:01:17.343] Finished repairing the ontology.
Repairing with A2 (not-in-largest-mcs-removal)...
[2026-06-24 16:01:17.343] Checking precondition...
[2026-06-24 16:01:17.348] Starting the repair...
[2026-06-24 16:01:17.485] Found 1 possible bad axioms.
[2026-06-24 16:01:17.486] Selected the bad axiom SubClassOf(Entity owl:Nothing).
[2026-06-24 16:01:17.487] Finished repairing the ontology.
Repairing with A3 (default-weakening)...
[2026-06-24 16:01:17.488] Checking precondition...
[2026-06-24 16:01:17.490] Starting the repair...
[2026-06-24 16:01:17.499] Selected a reference ontology with 24 axioms.
[2026-06-24 16:01:17.632] Selected the bad axiom SubClassOf(Entity owl:Nothing).
[2026-06-24 16:01:17.639] Selected the weaker axiom SubClassOf(Entity Entity).
[2026-06-24 16:01:17.640] Finished repairing the ontology.
Repairing with B1 (bad-in_some_mus-weaker-random)...
[2026-06-24 16:01:17.641] Checking precondition...
[2026-06-24 16:01:17.643] Starting the repair...
[2026-06-24 16:01:17.647] Selected a reference ontology with 25 axioms.
[2026-06-24 16:01:17.751] Selected the bad axiom SubClassOf(Entity owl:Nothing).
[2026-06-24 16:01:17.754] Selected the weaker axiom SubClassOf(owl:Nothing owl:Nothing).
[2026-06-24 16:01:17.755] Finished repairing the ontology.
Repairing with B2 (bad-in_some_mus-weaker-shapley)...
[2026-06-24 16:01:17.756] Checking precondition...
[2026-06-24 16:01:17.758] Starting the repair...
[2026-06-24 16:01:17.770] Selected a reference ontology with 25 axioms.
[2026-06-24 16:01:17.835] Selected the bad axiom SubClassOf(Entity owl:Nothing).
[PowerIndexWe
...[truncated]
SUCCESS: attempt=28 seed=383418 success_count=14/100
progress: ontology=PLIO attempt=28 success=14/100
----- PLIO attempt=29 seed=397618 at 2026-06-24 16:01:20 -----
--- stdout ---
{"seed":397618,"run_id":"20260624134028346645","trial_status":"time_limit_exceeded","error_type":"timeout","failure_stage":"B4","error_message":"Repair timeout: B4 exceeded 300 seconds","iic_values":{},"repair_runtimes_ms":{"A1":55,"A2":112,"A3":283,"B1":83,"B2":573,"B3":297,"B4":300001}}

--- stderr ---
SingleTrialExperiment starting: ontology=/workspaces/ontologyutils-ekaw26/repair-power-index-replication-ekaw26/ontologies/inconsistent/PLIO.owl, seed=397618, run_id=20260624134028346645
Loaded ontology.
Normalizing ontology with SROIQ normalization...
Normalized ontology with SROIQ normalization.
Ontology is already inconsistent, skipping make-inconsistent step.
Repairing with A1 (random-removal)...
[2026-06-24 16:01:20.485] Checking precondition...
[2026-06-24 16:01:20.495] Starting the repair...
[2026-06-24 16:01:20.501] Found 19 possible bad axioms.
[2026-06-24 16:01:20.502] Selected the bad axiom SubClassOf(Continuant_Entity Entity).
[2026-06-24 16:01:20.507] Found 18 possible bad axioms.
[2026-06-24 16:01:20.508] Selected the bad axiom SubClassOf(Occurrent_Entity Continuant_Entity).
[2026-06-24 16:01:20.511] Found 17 possible bad axioms.
[2026-06-24 16:01:20.511] Selected the bad axiom SubClassOf(Entity Processual_Entity).
[2026-06-24 16:01:20.515] Found 16 possible bad axioms.
[2026-06-24 16:01:20.515] Selected the bad axiom SubClassOf(Entity Continuant_Entity).
[2026-06-24 16:01:20.518] Found 15 possible bad axioms.
[2026-06-24 16:01:20.518] Selected the bad axiom SubClassOf(Continuant_Entity Processual_Entity).
[2026-06-24 16:01:20.521] Found 14 possible bad axioms.
[2026-06-24 16:01:20.521] Selected the bad axiom SubClassOf(Entity Independent_Continuant_Entity).
[2026-06-24 16:01:20.523] Found 13 possible bad axioms.
[2026-06-24 16:01:20.523] Selected the bad axiom SubClassOf(Occurrent_Entity Functional_Entity).
[2026-06-24 16:01:20.525] Found 12 possible bad axioms.
[2026-06-24 16:01:20.525] Selected the bad axiom SubClassOf(Occurrent_Entity Independent_Continuant_Entity).
[2026-06-24 16:01:20.527] Found 11 possible bad axioms.
[2026-06-24 16:01:20.527] Selected the bad axiom SubClassOf(Functional_Entity Independent_Continuant_Entity).
[2026-06-24 16:01:20.529] Found 10 possible bad axioms.
[2026-06-24 16:01:20.529] Selected the bad axiom SubClassOf(Independent_Continuant_Entity Continuant_Entity).
[2026-06-24 16:01:20.530] Found 9 possible bad axioms.
[2026-06-24 16:01:20.531] Selected the bad axiom SubClassOf(Entity owl:Nothing).
[2026-06-24 16:01:20.537] Finished repairing the ontology.
Repairing with A2 (not-in-largest-mcs-removal)...
[2026-06-24 16:01:20.537] Checking precondition...
[2026-06-24 16:01:20.543] Starting the repair...
[2026-06-24 16:01:20.647] Found 1 possible bad axioms.
[2026-06-24 16:01:20.648] Selected the bad axiom SubClassOf(Entity owl:Nothing).
[2026-06-24 16:01:20.650] Finished repairing the ontology.
Repairing with A3 (default-weakening)...
[2026-06-24 16:01:20.651] Checking precondition...
[2026-06-24 16:01:20.653] Starting the repair...
[2026-06-24 16:01:20.672] Selected a reference ontology with 22 axioms.
[2026-06-24 16:01:20.811] Selected the bad axiom SubClassOf(Entity owl:Nothing).
[2026-06-24 16:01:20.819] Selected the weaker axiom SubClassOf(Continuant_Entity owl:Nothing).
[2026-06-24 16:01:20.932] 
...[truncated]
FAIL: attempt=29 seed=397618 status=time_limit_exceeded stage=B4 message=Repair timeout: B4 exceeded 300 seconds
progress: ontology=PLIO attempt=29 success=14/100
----- PLIO attempt=30 seed=411818 at 2026-06-24 16:06:22 -----
--- stdout ---
{"seed":411818,"run_id":"20260624134028346645","trial_status":"success","error_type":null,"failure_stage":null,"error_message":null,"iic_values":{"B1_vs_A1":0.5,"B1_vs_A2":0.5,"B1_vs_A3":0.5,"B2_vs_A1":0.5,"B2_vs_A2":0.5,"B2_vs_A3":0.5,"B3_vs_A1":0.5,"B3_vs_A2":0.5,"B3_vs_A3":0.5,"B4_vs_A1":0.5,"B4_vs_A2":0.5,"B4_vs_A3":0.5,"B5_vs_A1":0.5,"B5_vs_A2":0.5,"B5_vs_A3":0.5,"B6_vs_A1":0.5,"B6_vs_A2":0.5,"B6_vs_A3":0.5,"B7_vs_A1":0.5,"B7_vs_A2":0.5,"B7_vs_A3":0.5,"B8_vs_A1":0.5,"B8_vs_A2":0.5,"B8_vs_A3":0.5,"B9_vs_A1":0.5,"B9_vs_A2":0.5,"B9_vs_A3":0.5},"repair_runtimes_ms":{"A1":42,"A2":141,"A3":165,"B1":104,"B2":503,"B3":369,"B4":28,"B5":451,"B6":242,"B7":22,"B8":376,"B9":272}}

--- stderr ---
SingleTrialExperiment starting: ontology=/workspaces/ontologyutils-ekaw26/repair-power-index-replication-ekaw26/ontologies/inconsistent/PLIO.owl, seed=411818, run_id=20260624134028346645
Loaded ontology.
Normalizing ontology with SROIQ normalization...
Normalized ontology with SROIQ normalization.
Ontology is already inconsistent, skipping make-inconsistent step.
Repairing with A1 (random-removal)...
[2026-06-24 16:06:22.357] Checking precondition...
[2026-06-24 16:06:22.366] Starting the repair...
[2026-06-24 16:06:22.372] Found 19 possible bad axioms.
[2026-06-24 16:06:22.373] Selected the bad axiom SubClassOf(Entity Independent_Continuant_Entity).
[2026-06-24 16:06:22.377] Found 18 possible bad axioms.
[2026-06-24 16:06:22.378] Selected the bad axiom SubClassOf(Occurrent_Entity Functional_Entity).
[2026-06-24 16:06:22.381] Found 17 possible bad axioms.
[2026-06-24 16:06:22.381] Selected the bad axiom SubClassOf(Continuant_Entity Processual_Entity).
[2026-06-24 16:06:22.385] Found 16 possible bad axioms.
[2026-06-24 16:06:22.385] Selected the bad axiom SubClassOf(owl:Thing Occurrent_Entity).
[2026-06-24 16:06:22.388] Found 15 possible bad axioms.
[2026-06-24 16:06:22.389] Selected the bad axiom SubClassOf(Entity Processual_Entity).
[2026-06-24 16:06:22.392] Found 14 possible bad axioms.
[2026-06-24 16:06:22.392] Selected the bad axiom SubClassOf(owl:Thing Processual_Entity).
[2026-06-24 16:06:22.394] Finished repairing the ontology.
Repairing with A2 (not-in-largest-mcs-removal)...
[2026-06-24 16:06:22.395] Checking precondition...
[2026-06-24 16:06:22.400] Starting the repair...
[2026-06-24 16:06:22.535] Found 1 possible bad axioms.
[2026-06-24 16:06:22.535] Selected the bad axiom SubClassOf(Entity owl:Nothing).
[2026-06-24 16:06:22.536] Finished repairing the ontology.
Repairing with A3 (default-weakening)...
[2026-06-24 16:06:22.537] Checking precondition...
[2026-06-24 16:06:22.540] Starting the repair...
[2026-06-24 16:06:22.546] Selected a reference ontology with 25 axioms.
[2026-06-24 16:06:22.692] Selected the bad axiom SubClassOf(Entity owl:Nothing).
[2026-06-24 16:06:22.700] Selected the weaker axiom SubClassOf(Entity Processual_Entity).
[2026-06-24 16:06:22.702] Finished repairing the ontology.
Repairing with B1 (bad-in_some_mus-weaker-random)...
[2026-06-24 16:06:22.703] Checking precondition...
[2026-06-24 16:06:22.704] Starting the repair...
[2026-06-24 16:06:22.711] Selected a reference ontology with 24 axioms.
[2026-06-24 16:06:22.803] Selected the bad axiom SubClassOf(Entity owl:Nothing).
[2026-06-24 16:06:22.806] Selected the weaker axiom SubClassOf(Entity Continuant_Entity).
[2026-06-24 16:06:22.807] Finished repairing the ontology.
Repairing with B2 (bad-in_some_mus-weaker-shapley)...
[2026-06-24 16:06:22.809] Checking precondition...
[2026-06-24 16:06:22.810] Starting the repair...
[2026-06-24 16:06:22.814] Selected a reference ontology with 24 axioms.
[2026-06-24 16:06:22.891] Selected the bad axiom SubClassOf(Entity owl:N
...[truncated]
SUCCESS: attempt=30 seed=411818 success_count=15/100
progress: ontology=PLIO attempt=30 success=15/100
----- PLIO attempt=31 seed=426018 at 2026-06-24 16:06:25 -----
--- stdout ---
{"seed":426018,"run_id":"20260624134028346645","trial_status":"memory_limit_exceeded","error_type":"failure","failure_stage":"B6","error_message":"Repair failed: ExecutionException: java.lang.IllegalStateException: Could not find a weakening for axiom: ⊤ ⊑ Processual_Entity","iic_values":{},"repair_runtimes_ms":{"A1":50,"A2":122,"A3":277,"B1":85,"B2":552,"B3":277,"B4":30,"B5":400,"B6":109}}

--- stderr ---
SingleTrialExperiment starting: ontology=/workspaces/ontologyutils-ekaw26/repair-power-index-replication-ekaw26/ontologies/inconsistent/PLIO.owl, seed=426018, run_id=20260624134028346645
Loaded ontology.
Normalizing ontology with SROIQ normalization...
Normalized ontology with SROIQ normalization.
Ontology is already inconsistent, skipping make-inconsistent step.
Repairing with A1 (random-removal)...
[2026-06-24 16:06:25.478] Checking precondition...
[2026-06-24 16:06:25.487] Starting the repair...
[2026-06-24 16:06:25.494] Found 19 possible bad axioms.
[2026-06-24 16:06:25.496] Selected the bad axiom SubClassOf(Entity Independent_Continuant_Entity).
[2026-06-24 16:06:25.501] Found 18 possible bad axioms.
[2026-06-24 16:06:25.501] Selected the bad axiom SubClassOf(Functional_Entity Independent_Continuant_Entity).
[2026-06-24 16:06:25.504] Found 17 possible bad axioms.
[2026-06-24 16:06:25.505] Selected the bad axiom SubClassOf(Occurrent_Entity Continuant_Entity).
[2026-06-24 16:06:25.508] Found 16 possible bad axioms.
[2026-06-24 16:06:25.508] Selected the bad axiom SubClassOf(Continuant_Entity Occurrent_Entity).
[2026-06-24 16:06:25.511] Found 15 possible bad axioms.
[2026-06-24 16:06:25.512] Selected the bad axiom SubClassOf(Entity Processual_Entity).
[2026-06-24 16:06:25.515] Found 14 possible bad axioms.
[2026-06-24 16:06:25.515] Selected the bad axiom SubClassOf(Entity Occurrent_Entity).
[2026-06-24 16:06:25.517] Found 13 possible bad axioms.
[2026-06-24 16:06:25.517] Selected the bad axiom SubClassOf(Occurrent_Entity Functional_Entity).
[2026-06-24 16:06:25.520] Found 12 possible bad axioms.
[2026-06-24 16:06:25.520] Selected the bad axiom SubClassOf(owl:Thing Occurrent_Entity).
[2026-06-24 16:06:25.522] Found 11 possible bad axioms.
[2026-06-24 16:06:25.522] Selected the bad axiom SubClassOf(Processual_Entity Occurrent_Entity).
[2026-06-24 16:06:25.523] Finished repairing the ontology.
Repairing with A2 (not-in-largest-mcs-removal)...
[2026-06-24 16:06:25.524] Checking precondition...
[2026-06-24 16:06:25.533] Starting the repair...
[2026-06-24 16:06:25.645] Found 1 possible bad axioms.
[2026-06-24 16:06:25.645] Selected the bad axiom SubClassOf(Entity owl:Nothing).
[2026-06-24 16:06:25.646] Finished repairing the ontology.
Repairing with A3 (default-weakening)...
[2026-06-24 16:06:25.648] Checking precondition...
[2026-06-24 16:06:25.650] Starting the repair...
[2026-06-24 16:06:25.668] Selected a reference ontology with 24 axioms.
[2026-06-24 16:06:25.810] Selected the bad axiom SubClassOf(Entity owl:Nothing).
[2026-06-24 16:06:25.818] Selected the weaker axiom SubClassOf(Functional_Entity owl:Nothing).
[2026-06-24 16:06:25.923] Selected the bad axiom SubClassOf(Functional_Entity owl:Nothing).
[2026-06-24 16:06:25.923] Selected the weaker axiom SubClassOf(Functional_Entity Occurrent_Entity).
[2026-06-24 16:06:25.924] Finished repairing the ontology.
Repairing with B1 (bad-in_some_mus-weaker-random)...
[2026-06-24 16:06:25.925] Checking p
...[truncated]
FAIL: attempt=31 seed=426018 status=memory_limit_exceeded stage=B6 message=Repair failed: ExecutionException: java.lang.IllegalStateException: Could not find a weakening for axiom: ⊤ ⊑ Processual_Entity
progress: ontology=PLIO attempt=31 success=15/100
----- PLIO attempt=32 seed=440218 at 2026-06-24 16:06:27 -----
--- stdout ---
{"seed":440218,"run_id":"20260624134028346645","trial_status":"success","error_type":null,"failure_stage":null,"error_message":null,"iic_values":{"B1_vs_A1":0.5,"B1_vs_A2":0.5,"B1_vs_A3":0.5,"B2_vs_A1":0.5,"B2_vs_A2":0.5,"B2_vs_A3":0.5,"B3_vs_A1":0.5,"B3_vs_A2":0.5,"B3_vs_A3":0.5,"B4_vs_A1":0.5,"B4_vs_A2":0.5,"B4_vs_A3":0.5,"B5_vs_A1":0.5,"B5_vs_A2":0.5,"B5_vs_A3":0.5,"B6_vs_A1":0.5,"B6_vs_A2":0.5,"B6_vs_A3":0.5,"B7_vs_A1":0.5,"B7_vs_A2":0.5,"B7_vs_A3":0.5,"B8_vs_A1":0.5,"B8_vs_A2":0.5,"B8_vs_A3":0.5,"B9_vs_A1":0.5,"B9_vs_A2":0.5,"B9_vs_A3":0.5},"repair_runtimes_ms":{"A1":41,"A2":147,"A3":174,"B1":124,"B2":543,"B3":384,"B4":30,"B5":448,"B6":318,"B7":19,"B8":342,"B9":269}}

--- stderr ---
SingleTrialExperiment starting: ontology=/workspaces/ontologyutils-ekaw26/repair-power-index-replication-ekaw26/ontologies/inconsistent/PLIO.owl, seed=440218, run_id=20260624134028346645
Loaded ontology.
Normalizing ontology with SROIQ normalization...
Normalized ontology with SROIQ normalization.
Ontology is already inconsistent, skipping make-inconsistent step.
Repairing with A1 (random-removal)...
[2026-06-24 16:06:27.780] Checking precondition...
[2026-06-24 16:06:27.789] Starting the repair...
[2026-06-24 16:06:27.795] Found 19 possible bad axioms.
[2026-06-24 16:06:27.797] Selected the bad axiom SubClassOf(Entity Independent_Continuant_Entity).
[2026-06-24 16:06:27.803] Found 18 possible bad axioms.
[2026-06-24 16:06:27.803] Selected the bad axiom SubClassOf(Entity Processual_Entity).
[2026-06-24 16:06:27.807] Found 17 possible bad axioms.
[2026-06-24 16:06:27.807] Selected the bad axiom SubClassOf(Functional_Entity Independent_Continuant_Entity).
[2026-06-24 16:06:27.810] Found 16 possible bad axioms.
[2026-06-24 16:06:27.810] Selected the bad axiom SubClassOf(Occurrent_Entity Continuant_Entity).
[2026-06-24 16:06:27.813] Found 15 possible bad axioms.
[2026-06-24 16:06:27.813] Selected the bad axiom SubClassOf(Entity owl:Nothing).
[2026-06-24 16:06:27.816] Finished repairing the ontology.
Repairing with A2 (not-in-largest-mcs-removal)...
[2026-06-24 16:06:27.817] Checking precondition...
[2026-06-24 16:06:27.823] Starting the repair...
[2026-06-24 16:06:27.962] Found 1 possible bad axioms.
[2026-06-24 16:06:27.962] Selected the bad axiom SubClassOf(Entity owl:Nothing).
[2026-06-24 16:06:27.964] Finished repairing the ontology.
Repairing with A3 (default-weakening)...
[2026-06-24 16:06:27.965] Checking precondition...
[2026-06-24 16:06:27.967] Starting the repair...
[2026-06-24 16:06:27.975] Selected a reference ontology with 25 axioms.
[2026-06-24 16:06:28.122] Selected the bad axiom SubClassOf(Entity owl:Nothing).
[2026-06-24 16:06:28.136] Selected the weaker axiom SubClassOf(owl:Nothing owl:Nothing).
[2026-06-24 16:06:28.138] Finished repairing the ontology.
Repairing with B1 (bad-in_some_mus-weaker-random)...
[2026-06-24 16:06:28.139] Checking precondition...
[2026-06-24 16:06:28.140] Starting the repair...
[2026-06-24 16:06:28.144] Selected a reference ontology with 25 axioms.
[2026-06-24 16:06:28.260] Selected the bad axiom SubClassOf(Entity owl:Nothing).
[2026-06-24 16:06:28.262] Selected the weaker axiom SubClassOf(Entity Processual_Entity).
[2026-06-24 16:06:28.263] Finished repairing the ontology.
Repairing with B2 (bad-in_some_mus-weaker-shapley)...
[2026-06-24 16:06:28.265] Checking precondition...
[2026-06-24 16:06:28.267] Starting the repair...
[2026-06-24 16:06:28.269] Selected a reference ontology with 25 axioms.
[2026-06-24 16:06:28.341] Selected the bad axiom SubClassOf(Entity owl:Nothing).
[PowerIndexWeakerAxiomSelector] Scoring 14 candidate weakenings for Entity ⊑ ⊥
[PowerIndexWeakerAxiomSelector] Selected weaker axiom: 
...[truncated]
SUCCESS: attempt=32 seed=440218 success_count=16/100
progress: ontology=PLIO attempt=32 success=16/100
----- PLIO attempt=33 seed=454418 at 2026-06-24 16:06:30 -----
--- stdout ---
{"seed":454418,"run_id":"20260624134028346645","trial_status":"success","error_type":null,"failure_stage":null,"error_message":null,"iic_values":{"B1_vs_A1":0.5,"B1_vs_A2":0.5,"B1_vs_A3":0.5,"B2_vs_A1":0.5,"B2_vs_A2":0.5,"B2_vs_A3":0.5,"B3_vs_A1":0.5,"B3_vs_A2":0.5,"B3_vs_A3":0.5,"B4_vs_A1":0.5,"B4_vs_A2":0.5,"B4_vs_A3":0.5,"B5_vs_A1":0.5,"B5_vs_A2":0.5,"B5_vs_A3":0.5,"B6_vs_A1":0.5,"B6_vs_A2":0.5,"B6_vs_A3":0.5,"B7_vs_A1":0.5,"B7_vs_A2":0.5,"B7_vs_A3":0.5,"B8_vs_A1":0.5,"B8_vs_A2":0.5,"B8_vs_A3":0.5,"B9_vs_A1":0.5,"B9_vs_A2":0.5,"B9_vs_A3":0.5},"repair_runtimes_ms":{"A1":43,"A2":122,"A3":458,"B1":72,"B2":499,"B3":369,"B4":29,"B5":380,"B6":326,"B7":23,"B8":328,"B9":281}}

--- stderr ---
SingleTrialExperiment starting: ontology=/workspaces/ontologyutils-ekaw26/repair-power-index-replication-ekaw26/ontologies/inconsistent/PLIO.owl, seed=454418, run_id=20260624134028346645
Loaded ontology.
Normalizing ontology with SROIQ normalization...
Normalized ontology with SROIQ normalization.
Ontology is already inconsistent, skipping make-inconsistent step.
Repairing with A1 (random-removal)...
[2026-06-24 16:06:31.009] Checking precondition...
[2026-06-24 16:06:31.017] Starting the repair...
[2026-06-24 16:06:31.023] Found 19 possible bad axioms.
[2026-06-24 16:06:31.025] Selected the bad axiom SubClassOf(Occurrent_Entity Independent_Continuant_Entity).
[2026-06-24 16:06:31.030] Found 18 possible bad axioms.
[2026-06-24 16:06:31.031] Selected the bad axiom SubClassOf(Entity Functional_Entity).
[2026-06-24 16:06:31.035] Found 17 possible bad axioms.
[2026-06-24 16:06:31.035] Selected the bad axiom SubClassOf(Independent_Continuant_Entity Continuant_Entity).
[2026-06-24 16:06:31.038] Found 16 possible bad axioms.
[2026-06-24 16:06:31.038] Selected the bad axiom SubClassOf(Continuant_Entity Occurrent_Entity).
[2026-06-24 16:06:31.041] Found 15 possible bad axioms.
[2026-06-24 16:06:31.042] Selected the bad axiom SubClassOf(Entity Independent_Continuant_Entity).
[2026-06-24 16:06:31.044] Found 14 possible bad axioms.
[2026-06-24 16:06:31.044] Selected the bad axiom SubClassOf(Entity owl:Nothing).
[2026-06-24 16:06:31.047] Finished repairing the ontology.
Repairing with A2 (not-in-largest-mcs-removal)...
[2026-06-24 16:06:31.048] Checking precondition...
[2026-06-24 16:06:31.052] Starting the repair...
[2026-06-24 16:06:31.168] Found 1 possible bad axioms.
[2026-06-24 16:06:31.168] Selected the bad axiom SubClassOf(Entity owl:Nothing).
[2026-06-24 16:06:31.169] Finished repairing the ontology.
Repairing with A3 (default-weakening)...
[2026-06-24 16:06:31.171] Checking precondition...
[2026-06-24 16:06:31.173] Starting the repair...
[2026-06-24 16:06:31.181] Selected a reference ontology with 25 axioms.
[2026-06-24 16:06:31.330] Selected the bad axiom SubClassOf(Entity owl:Nothing).
[2026-06-24 16:06:31.341] Selected the weaker axiom SubClassOf(Functional_Entity owl:Nothing).
[2026-06-24 16:06:31.431] Selected the bad axiom SubClassOf(Functional_Entity owl:Nothing).
[2026-06-24 16:06:31.431] Selected the weaker axiom SubClassOf(Processual_Entity owl:Nothing).
[2026-06-24 16:06:31.506] Selected the bad axiom SubClassOf(Processual_Entity owl:Nothing).
[2026-06-24 16:06:31.506] Selected the weaker axiom SubClassOf(Occurrent_Entity owl:Nothing).
[2026-06-24 16:06:31.564] Selected the bad axiom SubClassOf(Occurrent_Entity owl:Nothing).
[2026-06-24 16:06:31.564] Selected the weaker axiom SubClassOf(Entity owl:Nothing).
[2026-06-24 16:06:31.627] Selected the bad axiom SubClassOf(Entity owl:Nothing).
[2026-06-24 16:06:31.627] Selected the weaker axiom SubClassOf(Entity Entity).
[2026-06-24 16:06:31.628] Finished repairing the ontology.
Repairing with B1
...[truncated]
SUCCESS: attempt=33 seed=454418 success_count=17/100
progress: ontology=PLIO attempt=33 success=17/100
----- PLIO attempt=34 seed=468618 at 2026-06-24 16:06:34 -----
--- stdout ---
{"seed":468618,"run_id":"20260624134028346645","trial_status":"success","error_type":null,"failure_stage":null,"error_message":null,"iic_values":{"B1_vs_A1":0.5,"B1_vs_A2":0.5,"B1_vs_A3":0.5,"B2_vs_A1":0.5,"B2_vs_A2":0.5,"B2_vs_A3":0.5,"B3_vs_A1":0.5,"B3_vs_A2":0.5,"B3_vs_A3":0.5,"B4_vs_A1":0.5,"B4_vs_A2":0.5,"B4_vs_A3":0.5,"B5_vs_A1":0.5,"B5_vs_A2":0.5,"B5_vs_A3":0.5,"B6_vs_A1":0.5,"B6_vs_A2":0.5,"B6_vs_A3":0.5,"B7_vs_A1":0.5,"B7_vs_A2":0.5,"B7_vs_A3":0.5,"B8_vs_A1":0.5,"B8_vs_A2":0.5,"B8_vs_A3":0.5,"B9_vs_A1":0.5,"B9_vs_A2":0.5,"B9_vs_A3":0.5},"repair_runtimes_ms":{"A1":36,"A2":145,"A3":173,"B1":108,"B2":443,"B3":272,"B4":72,"B5":466,"B6":331,"B7":30,"B8":321,"B9":284}}

--- stderr ---
SingleTrialExperiment starting: ontology=/workspaces/ontologyutils-ekaw26/repair-power-index-replication-ekaw26/ontologies/inconsistent/PLIO.owl, seed=468618, run_id=20260624134028346645
Loaded ontology.
Normalizing ontology with SROIQ normalization...
Normalized ontology with SROIQ normalization.
Ontology is already inconsistent, skipping make-inconsistent step.
Repairing with A1 (random-removal)...
[2026-06-24 16:06:34.342] Checking precondition...
[2026-06-24 16:06:34.351] Starting the repair...
[2026-06-24 16:06:34.357] Found 19 possible bad axioms.
[2026-06-24 16:06:34.358] Selected the bad axiom SubClassOf(Entity Functional_Entity).
[2026-06-24 16:06:34.363] Found 18 possible bad axioms.
[2026-06-24 16:06:34.363] Selected the bad axiom SubClassOf(Continuant_Entity Entity).
[2026-06-24 16:06:34.367] Found 17 possible bad axioms.
[2026-06-24 16:06:34.367] Selected the bad axiom SubClassOf(owl:Thing Processual_Entity).
[2026-06-24 16:06:34.370] Found 16 possible bad axioms.
[2026-06-24 16:06:34.370] Selected the bad axiom SubClassOf(Entity owl:Nothing).
[2026-06-24 16:06:34.373] Finished repairing the ontology.
Repairing with A2 (not-in-largest-mcs-removal)...
[2026-06-24 16:06:34.374] Checking precondition...
[2026-06-24 16:06:34.380] Starting the repair...
[2026-06-24 16:06:34.518] Found 1 possible bad axioms.
[2026-06-24 16:06:34.518] Selected the bad axiom SubClassOf(Entity owl:Nothing).
[2026-06-24 16:06:34.520] Finished repairing the ontology.
Repairing with A3 (default-weakening)...
[2026-06-24 16:06:34.521] Checking precondition...
[2026-06-24 16:06:34.523] Starting the repair...
[2026-06-24 16:06:34.533] Selected a reference ontology with 24 axioms.
[2026-06-24 16:06:34.682] Selected the bad axiom SubClassOf(Entity owl:Nothing).
[2026-06-24 16:06:34.692] Selected the weaker axiom SubClassOf(Entity Continuant_Entity).
[2026-06-24 16:06:34.694] Finished repairing the ontology.
Repairing with B1 (bad-in_some_mus-weaker-random)...
[2026-06-24 16:06:34.694] Checking precondition...
[2026-06-24 16:06:34.696] Starting the repair...
[2026-06-24 16:06:34.700] Selected a reference ontology with 24 axioms.
[2026-06-24 16:06:34.799] Selected the bad axiom SubClassOf(Entity owl:Nothing).
[2026-06-24 16:06:34.801] Selected the weaker axiom SubClassOf(Entity Functional_Entity).
[2026-06-24 16:06:34.802] Finished repairing the ontology.
Repairing with B2 (bad-in_some_mus-weaker-shapley)...
[2026-06-24 16:06:34.804] Checking precondition...
[2026-06-24 16:06:34.805] Starting the repair...
[2026-06-24 16:06:34.809] Selected a reference ontology with 23 axioms.
[2026-06-24 16:06:34.866] Selected the bad axiom SubClassOf(Entity owl:Nothing).
[PowerIndexWeakerAxiomSelector] Scoring 9 candidate weakenings for Entity ⊑ ⊥
[PowerIndexWeakerAxiomSelector] Selected weaker axiom: Entity ⊑ Continuant_Entity
[2026-06-24 16:06:35.244] Selected the weaker axiom SubClassOf(Entity Continuant_Entity).
[2026-06-24 16:06:35.246] Finished repairing the ontology.
Repairing
...[truncated]
SUCCESS: attempt=34 seed=468618 success_count=18/100
progress: ontology=PLIO attempt=34 success=18/100
----- PLIO attempt=35 seed=482818 at 2026-06-24 16:06:37 -----
--- stdout ---
{"seed":482818,"run_id":"20260624134028346645","trial_status":"memory_limit_exceeded","error_type":"failure","failure_stage":"B5","error_message":"Repair failed: ExecutionException: java.lang.IllegalStateException: Could not find a weakening for axiom: ⊤ ⊑ Processual_Entity","iic_values":{},"repair_runtimes_ms":{"A1":59,"A2":121,"A3":176,"B1":97,"B2":542,"B3":316,"B4":25,"B5":219}}

--- stderr ---
SingleTrialExperiment starting: ontology=/workspaces/ontologyutils-ekaw26/repair-power-index-replication-ekaw26/ontologies/inconsistent/PLIO.owl, seed=482818, run_id=20260624134028346645
Loaded ontology.
Normalizing ontology with SROIQ normalization...
Normalized ontology with SROIQ normalization.
Ontology is already inconsistent, skipping make-inconsistent step.
Repairing with A1 (random-removal)...
[2026-06-24 16:06:37.439] Checking precondition...
[2026-06-24 16:06:37.447] Starting the repair...
[2026-06-24 16:06:37.453] Found 19 possible bad axioms.
[2026-06-24 16:06:37.455] Selected the bad axiom SubClassOf(Processual_Entity Occurrent_Entity).
[2026-06-24 16:06:37.459] Found 18 possible bad axioms.
[2026-06-24 16:06:37.460] Selected the bad axiom SubClassOf(Entity Functional_Entity).
[2026-06-24 16:06:37.463] Found 17 possible bad axioms.
[2026-06-24 16:06:37.464] Selected the bad axiom SubClassOf(owl:Thing Processual_Entity).
[2026-06-24 16:06:37.467] Found 16 possible bad axioms.
[2026-06-24 16:06:37.467] Selected the bad axiom SubClassOf(Entity owl:Thing).
[2026-06-24 16:06:37.471] Found 15 possible bad axioms.
[2026-06-24 16:06:37.471] Selected the bad axiom SubClassOf(Continuant_Entity Occurrent_Entity).
[2026-06-24 16:06:37.473] Found 14 possible bad axioms.
[2026-06-24 16:06:37.474] Selected the bad axiom SubClassOf(Occurrent_Entity Independent_Continuant_Entity).
[2026-06-24 16:06:37.476] Found 13 possible bad axioms.
[2026-06-24 16:06:37.477] Selected the bad axiom SubClassOf(Entity Processual_Entity).
[2026-06-24 16:06:37.479] Found 12 possible bad axioms.
[2026-06-24 16:06:37.479] Selected the bad axiom SubClassOf(Occurrent_Entity Continuant_Entity).
[2026-06-24 16:06:37.481] Found 11 possible bad axioms.
[2026-06-24 16:06:37.481] Selected the bad axiom SubClassOf(Entity Independent_Continuant_Entity).
[2026-06-24 16:06:37.482] Found 10 possible bad axioms.
[2026-06-24 16:06:37.483] Selected the bad axiom SubClassOf(Continuant_Entity Entity).
[2026-06-24 16:06:37.484] Found 9 possible bad axioms.
[2026-06-24 16:06:37.484] Selected the bad axiom SubClassOf(Independent_Continuant_Entity Continuant_Entity).
[2026-06-24 16:06:37.491] Found 8 possible bad axioms.
[2026-06-24 16:06:37.491] Selected the bad axiom SubClassOf(Occurrent_Entity Entity).
[2026-06-24 16:06:37.493] Finished repairing the ontology.
Repairing with A2 (not-in-largest-mcs-removal)...
[2026-06-24 16:06:37.494] Checking precondition...
[2026-06-24 16:06:37.499] Starting the repair...
[2026-06-24 16:06:37.610] Found 1 possible bad axioms.
[2026-06-24 16:06:37.610] Selected the bad axiom SubClassOf(Entity owl:Nothing).
[2026-06-24 16:06:37.615] Finished repairing the ontology.
Repairing with A3 (default-weakening)...
[2026-06-24 16:06:37.617] Checking precondition...
[2026-06-24 16:06:37.620] Starting the repair...
[2026-06-24 16:06:37.630] Selected a reference ontology with 25 axioms.
[2026-06-24 16:06:37.782] Selected the bad axiom SubClassOf(Entity owl:Nothing).
[20
...[truncated]
FAIL: attempt=35 seed=482818 status=memory_limit_exceeded stage=B5 message=Repair failed: ExecutionException: java.lang.IllegalStateException: Could not find a weakening for axiom: ⊤ ⊑ Processual_Entity
progress: ontology=PLIO attempt=35 success=18/100
----- PLIO attempt=36 seed=497018 at 2026-06-24 16:06:39 -----
--- stdout ---
{"seed":497018,"run_id":"20260624134028346645","trial_status":"time_limit_exceeded","error_type":"timeout","failure_stage":"B4","error_message":"Repair timeout: B4 exceeded 300 seconds","iic_values":{},"repair_runtimes_ms":{"A1":53,"A2":116,"A3":173,"B1":96,"B2":534,"B3":411,"B4":300001}}

--- stderr ---
SingleTrialExperiment starting: ontology=/workspaces/ontologyutils-ekaw26/repair-power-index-replication-ekaw26/ontologies/inconsistent/PLIO.owl, seed=497018, run_id=20260624134028346645
Loaded ontology.
Normalizing ontology with SROIQ normalization...
Normalized ontology with SROIQ normalization.
Ontology is already inconsistent, skipping make-inconsistent step.
Repairing with A1 (random-removal)...
[2026-06-24 16:06:39.386] Checking precondition...
[2026-06-24 16:06:39.395] Starting the repair...
[2026-06-24 16:06:39.401] Found 19 possible bad axioms.
[2026-06-24 16:06:39.403] Selected the bad axiom SubClassOf(Occurrent_Entity Entity).
[2026-06-24 16:06:39.408] Found 18 possible bad axioms.
[2026-06-24 16:06:39.408] Selected the bad axiom SubClassOf(Continuant_Entity Occurrent_Entity).
[2026-06-24 16:06:39.412] Found 17 possible bad axioms.
[2026-06-24 16:06:39.412] Selected the bad axiom SubClassOf(owl:Thing Occurrent_Entity).
[2026-06-24 16:06:39.416] Found 16 possible bad axioms.
[2026-06-24 16:06:39.416] Selected the bad axiom SubClassOf(Entity owl:Thing).
[2026-06-24 16:06:39.420] Found 15 possible bad axioms.
[2026-06-24 16:06:39.420] Selected the bad axiom SubClassOf(Entity Occurrent_Entity).
[2026-06-24 16:06:39.423] Found 14 possible bad axioms.
[2026-06-24 16:06:39.423] Selected the bad axiom SubClassOf(Entity Independent_Continuant_Entity).
[2026-06-24 16:06:39.426] Found 13 possible bad axioms.
[2026-06-24 16:06:39.426] Selected the bad axiom SubClassOf(Functional_Entity Independent_Continuant_Entity).
[2026-06-24 16:06:39.429] Found 12 possible bad axioms.
[2026-06-24 16:06:39.429] Selected the bad axiom SubClassOf(Occurrent_Entity Independent_Continuant_Entity).
[2026-06-24 16:06:39.430] Found 11 possible bad axioms.
[2026-06-24 16:06:39.431] Selected the bad axiom SubClassOf(Independent_Continuant_Entity Continuant_Entity).
[2026-06-24 16:06:39.432] Found 10 possible bad axioms.
[2026-06-24 16:06:39.432] Selected the bad axiom SubClassOf(Processual_Entity Occurrent_Entity).
[2026-06-24 16:06:39.434] Finished repairing the ontology.
Repairing with A2 (not-in-largest-mcs-removal)...
[2026-06-24 16:06:39.435] Checking precondition...
[2026-06-24 16:06:39.444] Starting the repair...
[2026-06-24 16:06:39.549] Found 1 possible bad axioms.
[2026-06-24 16:06:39.549] Selected the bad axiom SubClassOf(Entity owl:Nothing).
[2026-06-24 16:06:39.550] Finished repairing the ontology.
Repairing with A3 (default-weakening)...
[2026-06-24 16:06:39.551] Checking precondition...
[2026-06-24 16:06:39.554] Starting the repair...
[2026-06-24 16:06:39.569] Selected a reference ontology with 25 axioms.
[2026-06-24 16:06:39.713] Selected the bad axiom SubClassOf(Entity owl:Nothing).
[2026-06-24 16:06:39.722] Selected the weaker axiom SubClassOf(Entity Processual_Entity).
[2026-06-24 16:06:39.723] Finished repairing the ontology.
Repairing with B1 (bad-in_some_mus-weaker-random)...
[2026-06-24 16:06:39.724] Checking precondition...
[2026-06-24 16:06:39.72
...[truncated]
FAIL: attempt=36 seed=497018 status=time_limit_exceeded stage=B4 message=Repair timeout: B4 exceeded 300 seconds
progress: ontology=PLIO attempt=36 success=18/100
----- PLIO attempt=37 seed=511218 at 2026-06-24 16:11:40 -----
--- stdout ---
{"seed":511218,"run_id":"20260624134028346645","trial_status":"time_limit_exceeded","error_type":"timeout","failure_stage":"B4","error_message":"Repair timeout: B4 exceeded 300 seconds","iic_values":{},"repair_runtimes_ms":{"A1":60,"A2":111,"A3":279,"B1":144,"B2":514,"B3":401,"B4":300001}}

--- stderr ---
SingleTrialExperiment starting: ontology=/workspaces/ontologyutils-ekaw26/repair-power-index-replication-ekaw26/ontologies/inconsistent/PLIO.owl, seed=511218, run_id=20260624134028346645
Loaded ontology.
Normalizing ontology with SROIQ normalization...
Normalized ontology with SROIQ normalization.
Ontology is already inconsistent, skipping make-inconsistent step.
Repairing with A1 (random-removal)...
[2026-06-24 16:11:41.238] Checking precondition...
[2026-06-24 16:11:41.247] Starting the repair...
[2026-06-24 16:11:41.253] Found 19 possible bad axioms.
[2026-06-24 16:11:41.255] Selected the bad axiom SubClassOf(Entity Occurrent_Entity).
[2026-06-24 16:11:41.260] Found 18 possible bad axioms.
[2026-06-24 16:11:41.260] Selected the bad axiom SubClassOf(owl:Thing Processual_Entity).
[2026-06-24 16:11:41.264] Found 17 possible bad axioms.
[2026-06-24 16:11:41.264] Selected the bad axiom SubClassOf(Continuant_Entity Entity).
[2026-06-24 16:11:41.268] Found 16 possible bad axioms.
[2026-06-24 16:11:41.268] Selected the bad axiom SubClassOf(Occurrent_Entity Continuant_Entity).
[2026-06-24 16:11:41.271] Found 15 possible bad axioms.
[2026-06-24 16:11:41.271] Selected the bad axiom SubClassOf(Functional_Entity Independent_Continuant_Entity).
[2026-06-24 16:11:41.274] Found 14 possible bad axioms.
[2026-06-24 16:11:41.274] Selected the bad axiom SubClassOf(Entity Continuant_Entity).
[2026-06-24 16:11:41.276] Found 13 possible bad axioms.
[2026-06-24 16:11:41.277] Selected the bad axiom SubClassOf(Occurrent_Entity Functional_Entity).
[2026-06-24 16:11:41.279] Found 12 possible bad axioms.
[2026-06-24 16:11:41.279] Selected the bad axiom SubClassOf(Entity owl:Thing).
[2026-06-24 16:11:41.281] Found 11 possible bad axioms.
[2026-06-24 16:11:41.282] Selected the bad axiom SubClassOf(Continuant_Entity Occurrent_Entity).
[2026-06-24 16:11:41.283] Found 10 possible bad axioms.
[2026-06-24 16:11:41.283] Selected the bad axiom SubClassOf(Processual_Entity Occurrent_Entity).
[2026-06-24 16:11:41.285] Found 9 possible bad axioms.
[2026-06-24 16:11:41.286] Selected the bad axiom SubClassOf(Occurrent_Entity Independent_Continuant_Entity).
[2026-06-24 16:11:41.292] Found 8 possible bad axioms.
[2026-06-24 16:11:41.292] Selected the bad axiom SubClassOf(Occurrent_Entity Entity).
[2026-06-24 16:11:41.294] Finished repairing the ontology.
Repairing with A2 (not-in-largest-mcs-removal)...
[2026-06-24 16:11:41.295] Checking precondition...
[2026-06-24 16:11:41.300] Starting the repair...
[2026-06-24 16:11:41.404] Found 1 possible bad axioms.
[2026-06-24 16:11:41.404] Selected the bad axiom SubClassOf(Entity owl:Nothing).
[2026-06-24 16:11:41.405] Finished repairing the ontology.
Repairing with A3 (default-weakening)...
[2026-06-24 16:11:41.407] Checking precondition...
[2026-06-24 16:11:41.409] Starting the repair...
[2026-06-24 16:11:41.424] Selected a reference ontology with 25 axioms.
[2026-06-24 16:11:41.574] Selected the bad axiom SubClassOf(Entity owl:Nothing).
[2026-
...[truncated]
FAIL: attempt=37 seed=511218 status=time_limit_exceeded stage=B4 message=Repair timeout: B4 exceeded 300 seconds
progress: ontology=PLIO attempt=37 success=18/100
----- PLIO attempt=38 seed=525418 at 2026-06-24 16:16:42 -----
--- stdout ---
{"seed":525418,"run_id":"20260624134028346645","trial_status":"success","error_type":null,"failure_stage":null,"error_message":null,"iic_values":{"B1_vs_A1":0.5,"B1_vs_A2":0.5,"B1_vs_A3":0.5,"B2_vs_A1":0.5,"B2_vs_A2":0.5,"B2_vs_A3":0.5,"B3_vs_A1":0.5,"B3_vs_A2":0.5,"B3_vs_A3":0.5,"B4_vs_A1":0.5,"B4_vs_A2":0.5,"B4_vs_A3":0.5,"B5_vs_A1":0.5,"B5_vs_A2":0.5,"B5_vs_A3":0.5,"B6_vs_A1":0.5,"B6_vs_A2":0.5,"B6_vs_A3":0.5,"B7_vs_A1":0.5,"B7_vs_A2":0.5,"B7_vs_A3":0.5,"B8_vs_A1":0.5,"B8_vs_A2":0.5,"B8_vs_A3":0.5,"B9_vs_A1":0.5,"B9_vs_A2":0.5,"B9_vs_A3":0.5},"repair_runtimes_ms":{"A1":39,"A2":143,"A3":167,"B1":98,"B2":525,"B3":302,"B4":29,"B5":406,"B6":281,"B7":19,"B8":336,"B9":303}}

--- stderr ---
SingleTrialExperiment starting: ontology=/workspaces/ontologyutils-ekaw26/repair-power-index-replication-ekaw26/ontologies/inconsistent/PLIO.owl, seed=525418, run_id=20260624134028346645
Loaded ontology.
Normalizing ontology with SROIQ normalization...
Normalized ontology with SROIQ normalization.
Ontology is already inconsistent, skipping make-inconsistent step.
Repairing with A1 (random-removal)...
[2026-06-24 16:16:43.174] Checking precondition...
[2026-06-24 16:16:43.183] Starting the repair...
[2026-06-24 16:16:43.189] Found 19 possible bad axioms.
[2026-06-24 16:16:43.190] Selected the bad axiom SubClassOf(owl:Thing Processual_Entity).
[2026-06-24 16:16:43.195] Found 18 possible bad axioms.
[2026-06-24 16:16:43.196] Selected the bad axiom SubClassOf(Functional_Entity Independent_Continuant_Entity).
[2026-06-24 16:16:43.199] Found 17 possible bad axioms.
[2026-06-24 16:16:43.199] Selected the bad axiom SubClassOf(Entity Independent_Continuant_Entity).
[2026-06-24 16:16:43.203] Found 16 possible bad axioms.
[2026-06-24 16:16:43.203] Selected the bad axiom SubClassOf(Continuant_Entity Occurrent_Entity).
[2026-06-24 16:16:43.206] Found 15 possible bad axioms.
[2026-06-24 16:16:43.206] Selected the bad axiom SubClassOf(Entity owl:Nothing).
[2026-06-24 16:16:43.209] Finished repairing the ontology.
Repairing with A2 (not-in-largest-mcs-removal)...
[2026-06-24 16:16:43.209] Checking precondition...
[2026-06-24 16:16:43.215] Starting the repair...
[2026-06-24 16:16:43.351] Found 1 possible bad axioms.
[2026-06-24 16:16:43.351] Selected the bad axiom SubClassOf(Entity owl:Nothing).
[2026-06-24 16:16:43.353] Finished repairing the ontology.
Repairing with A3 (default-weakening)...
[2026-06-24 16:16:43.354] Checking precondition...
[2026-06-24 16:16:43.356] Starting the repair...
[2026-06-24 16:16:43.363] Selected a reference ontology with 25 axioms.
[2026-06-24 16:16:43.511] Selected the bad axiom SubClassOf(Entity owl:Nothing).
[2026-06-24 16:16:43.518] Selected the weaker axiom SubClassOf(Entity Processual_Entity).
[2026-06-24 16:16:43.520] Finished repairing the ontology.
Repairing with B1 (bad-in_some_mus-weaker-random)...
[2026-06-24 16:16:43.520] Checking precondition...
[2026-06-24 16:16:43.522] Starting the repair...
[2026-06-24 16:16:43.526] Selected a reference ontology with 24 axioms.
[2026-06-24 16:16:43.616] Selected the bad axiom SubClassOf(Entity owl:Nothing).
[2026-06-24 16:16:43.618] Selected the weaker axiom SubClassOf(Entity Independent_Continuant_Entity).
[2026-06-24 16:16:43.619] Finished repairing the ontology.
Repairing with B2 (bad-in_some_mus-weaker-shapley)...
[2026-06-24 16:16:43.620] Checking precondition...
[2026-06-24 16:16:43.622] Starting the repair...
[2026-06-24 16:16:43.624] Selected a reference ontology with 25 axioms.
[2026-06-24 16:16:43.700] Selected the bad axiom SubClassOf(Entity owl:Nothing).
[PowerIndexWeakerAxiomSelector] Scoring 14 candidate weakenings for Entity ⊑ ⊥
[PowerIndexWeakerAxiomSelector] Selecte
...[truncated]
SUCCESS: attempt=38 seed=525418 success_count=19/100
progress: ontology=PLIO attempt=38 success=19/100
----- PLIO attempt=39 seed=539618 at 2026-06-24 16:16:45 -----
--- stdout ---
{"seed":539618,"run_id":"20260624134028346645","trial_status":"success","error_type":null,"failure_stage":null,"error_message":null,"iic_values":{"B1_vs_A1":0.8571428571428571,"B1_vs_A2":0.5,"B1_vs_A3":0.5,"B2_vs_A1":0.8571428571428571,"B2_vs_A2":0.5,"B2_vs_A3":0.5,"B3_vs_A1":0.8571428571428571,"B3_vs_A2":0.5,"B3_vs_A3":0.5,"B4_vs_A1":0.6666666666666666,"B4_vs_A2":0.5,"B4_vs_A3":0.5,"B5_vs_A1":0.6666666666666666,"B5_vs_A2":0.5,"B5_vs_A3":0.5,"B6_vs_A1":0.6666666666666666,"B6_vs_A2":0.5,"B6_vs_A3":0.5,"B7_vs_A1":0.6666666666666666,"B7_vs_A2":0.5,"B7_vs_A3":0.5,"B8_vs_A1":0.6666666666666666,"B8_vs_A2":0.5,"B8_vs_A3":0.5,"B9_vs_A1":0.6666666666666666,"B9_vs_A2":0.5,"B9_vs_A3":0.5},"repair_runtimes_ms":{"A1":38,"A2":128,"A3":284,"B1":87,"B2":583,"B3":271,"B4":31,"B5":434,"B6":318,"B7":23,"B8":348,"B9":282}}

--- stderr ---
SingleTrialExperiment starting: ontology=/workspaces/ontologyutils-ekaw26/repair-power-index-replication-ekaw26/ontologies/inconsistent/PLIO.owl, seed=539618, run_id=20260624134028346645
Loaded ontology.
Normalizing ontology with SROIQ normalization...
Normalized ontology with SROIQ normalization.
Ontology is already inconsistent, skipping make-inconsistent step.
Repairing with A1 (random-removal)...
[2026-06-24 16:16:46.234] Checking precondition...
[2026-06-24 16:16:46.243] Starting the repair...
[2026-06-24 16:16:46.249] Found 19 possible bad axioms.
[2026-06-24 16:16:46.251] Selected the bad axiom SubClassOf(Continuant_Entity Processual_Entity).
[2026-06-24 16:16:46.256] Found 18 possible bad axioms.
[2026-06-24 16:16:46.256] Selected the bad axiom SubClassOf(Continuant_Entity Occurrent_Entity).
[2026-06-24 16:16:46.260] Found 17 possible bad axioms.
[2026-06-24 16:16:46.260] Selected the bad axiom SubClassOf(Continuant_Entity Entity).
[2026-06-24 16:16:46.264] Found 16 possible bad axioms.
[2026-06-24 16:16:46.264] Selected the bad axiom SubClassOf(Occurrent_Entity Entity).
[2026-06-24 16:16:46.267] Finished repairing the ontology.
Repairing with A2 (not-in-largest-mcs-removal)...
[2026-06-24 16:16:46.268] Checking precondition...
[2026-06-24 16:16:46.274] Starting the repair...
[2026-06-24 16:16:46.394] Found 1 possible bad axioms.
[2026-06-24 16:16:46.394] Selected the bad axiom SubClassOf(Entity owl:Nothing).
[2026-06-24 16:16:46.396] Finished repairing the ontology.
Repairing with A3 (default-weakening)...
[2026-06-24 16:16:46.397] Checking precondition...
[2026-06-24 16:16:46.400] Starting the repair...
[2026-06-24 16:16:46.408] Selected a reference ontology with 25 axioms.
[2026-06-24 16:16:46.560] Selected the bad axiom SubClassOf(Entity owl:Nothing).
[2026-06-24 16:16:46.569] Selected the weaker axiom SubClassOf(Independent_Continuant_Entity owl:Nothing).
[2026-06-24 16:16:46.679] Selected the bad axiom SubClassOf(Independent_Continuant_Entity owl:Nothing).
[2026-06-24 16:16:46.679] Selected the weaker axiom SubClassOf(Independent_Continuant_Entity Functional_Entity).
[2026-06-24 16:16:46.681] Finished repairing the ontology.
Repairing with B1 (bad-in_some_mus-weaker-random)...
[2026-06-24 16:16:46.682] Checking precondition...
[2026-06-24 16:16:46.683] Starting the repair...
[2026-06-24 16:16:46.687] Selected a reference ontology with 24 axioms.
[2026-06-24 16:16:46.765] Selected the bad axiom SubClassOf(Entity owl:Nothing).
[2026-06-24 16:16:46.767] Selected the weaker axiom SubClassOf(Entity Processual_Entity).
[2026-06-24 16:16:46.768] Finished repairing the ontology.
Repairing with B2 (bad-in_some_mus-weaker-shapley)...
[2026-06-24 16:16:46.770] Checking precondition...
[2026-06-24 16:16:46.771] Starting the repair...
[2026-06-24 16:16:46.774] Selected a reference ontology with 25 axioms.
[2026-06-24 16:16:46.829] Selected the bad axiom SubClassOf(Entity owl:Nothing).
[PowerIndexWeakerAxiomSelector] Scoring 14 candidate weakenin
...[truncated]
SUCCESS: attempt=39 seed=539618 success_count=20/100
progress: ontology=PLIO attempt=39 success=20/100
----- PLIO attempt=40 seed=553818 at 2026-06-24 16:16:49 -----
--- stdout ---
{"seed":553818,"run_id":"20260624134028346645","trial_status":"memory_limit_exceeded","error_type":"failure","failure_stage":"B6","error_message":"Repair failed: ExecutionException: java.lang.IllegalStateException: Could not find a weakening for axiom: ⊤ ⊑ Processual_Entity","iic_values":{},"repair_runtimes_ms":{"A1":49,"A2":140,"A3":155,"B1":112,"B2":531,"B3":388,"B4":37,"B5":405,"B6":192}}

--- stderr ---
SingleTrialExperiment starting: ontology=/workspaces/ontologyutils-ekaw26/repair-power-index-replication-ekaw26/ontologies/inconsistent/PLIO.owl, seed=553818, run_id=20260624134028346645
Loaded ontology.
Normalizing ontology with SROIQ normalization...
Normalized ontology with SROIQ normalization.
Ontology is already inconsistent, skipping make-inconsistent step.
Repairing with A1 (random-removal)...
[2026-06-24 16:16:49.466] Checking precondition...
[2026-06-24 16:16:49.475] Starting the repair...
[2026-06-24 16:16:49.481] Found 19 possible bad axioms.
[2026-06-24 16:16:49.483] Selected the bad axiom SubClassOf(Processual_Entity Occurrent_Entity).
[2026-06-24 16:16:49.487] Found 18 possible bad axioms.
[2026-06-24 16:16:49.488] Selected the bad axiom SubClassOf(Continuant_Entity Occurrent_Entity).
[2026-06-24 16:16:49.491] Found 17 possible bad axioms.
[2026-06-24 16:16:49.491] Selected the bad axiom SubClassOf(Continuant_Entity Processual_Entity).
[2026-06-24 16:16:49.495] Found 16 possible bad axioms.
[2026-06-24 16:16:49.495] Selected the bad axiom SubClassOf(Functional_Entity Independent_Continuant_Entity).
[2026-06-24 16:16:49.498] Found 15 possible bad axioms.
[2026-06-24 16:16:49.498] Selected the bad axiom SubClassOf(Entity Processual_Entity).
[2026-06-24 16:16:49.501] Found 14 possible bad axioms.
[2026-06-24 16:16:49.501] Selected the bad axiom SubClassOf(Occurrent_Entity Independent_Continuant_Entity).
[2026-06-24 16:16:49.504] Found 13 possible bad axioms.
[2026-06-24 16:16:49.504] Selected the bad axiom SubClassOf(Entity Independent_Continuant_Entity).
[2026-06-24 16:16:49.507] Found 12 possible bad axioms.
[2026-06-24 16:16:49.507] Selected the bad axiom SubClassOf(Occurrent_Entity Entity).
[2026-06-24 16:16:49.509] Found 11 possible bad axioms.
[2026-06-24 16:16:49.509] Selected the bad axiom SubClassOf(owl:Thing Occurrent_Entity).
[2026-06-24 16:16:49.511] Finished repairing the ontology.
Repairing with A2 (not-in-largest-mcs-removal)...
[2026-06-24 16:16:49.511] Checking precondition...
[2026-06-24 16:16:49.522] Starting the repair...
[2026-06-24 16:16:49.650] Found 1 possible bad axioms.
[2026-06-24 16:16:49.650] Selected the bad axiom SubClassOf(Entity owl:Nothing).
[2026-06-24 16:16:49.651] Finished repairing the ontology.
Repairing with A3 (default-weakening)...
[2026-06-24 16:16:49.653] Checking precondition...
[2026-06-24 16:16:49.655] Starting the repair...
[2026-06-24 16:16:49.661] Selected a reference ontology with 25 axioms.
[2026-06-24 16:16:49.797] Selected the bad axiom SubClassOf(Entity owl:Nothing).
[2026-06-24 16:16:49.805] Selected the weaker axiom SubClassOf(Entity owl:Thing).
[2026-06-24 16:16:49.807] Finished repairing the ontology.
Repairing with B1 (bad-in_some_mus-weaker-random)...
[2026-06-24 16:16:49.808] Checking precondition...
[2026-06-24 16:16:49.810] Starting the repair...
[2026-06-24 16:16:49.815] Selected a reference ontology with 24 axioms.
[2026-06-24 16:16:49.908] Selected the bad axiom SubClas
...[truncated]
FAIL: attempt=40 seed=553818 status=memory_limit_exceeded stage=B6 message=Repair failed: ExecutionException: java.lang.IllegalStateException: Could not find a weakening for axiom: ⊤ ⊑ Processual_Entity
progress: ontology=PLIO attempt=40 success=20/100
----- PLIO attempt=41 seed=568018 at 2026-06-24 16:16:51 -----
--- stdout ---
{"seed":568018,"run_id":"20260624134028346645","trial_status":"memory_limit_exceeded","error_type":"failure","failure_stage":"B4","error_message":"Repair failed: ExecutionException: java.lang.NullPointerException: operands cannot be null or empty","iic_values":{},"repair_runtimes_ms":{"A1":57,"A2":120,"A3":163,"B1":120,"B2":442,"B3":350,"B4":26}}

--- stderr ---
SingleTrialExperiment starting: ontology=/workspaces/ontologyutils-ekaw26/repair-power-index-replication-ekaw26/ontologies/inconsistent/PLIO.owl, seed=568018, run_id=20260624134028346645
Loaded ontology.
Normalizing ontology with SROIQ normalization...
Normalized ontology with SROIQ normalization.
Ontology is already inconsistent, skipping make-inconsistent step.
Repairing with A1 (random-removal)...
[2026-06-24 16:16:51.871] Checking precondition...
[2026-06-24 16:16:51.880] Starting the repair...
[2026-06-24 16:16:51.886] Found 19 possible bad axioms.
[2026-06-24 16:16:51.888] Selected the bad axiom SubClassOf(Continuant_Entity Entity).
[2026-06-24 16:16:51.892] Found 18 possible bad axioms.
[2026-06-24 16:16:51.892] Selected the bad axiom SubClassOf(Occurrent_Entity Functional_Entity).
[2026-06-24 16:16:51.896] Found 17 possible bad axioms.
[2026-06-24 16:16:51.896] Selected the bad axiom SubClassOf(Occurrent_Entity Continuant_Entity).
[2026-06-24 16:16:51.900] Found 16 possible bad axioms.
[2026-06-24 16:16:51.900] Selected the bad axiom SubClassOf(Entity Continuant_Entity).
[2026-06-24 16:16:51.904] Found 15 possible bad axioms.
[2026-06-24 16:16:51.904] Selected the bad axiom SubClassOf(Functional_Entity Independent_Continuant_Entity).
[2026-06-24 16:16:51.907] Found 14 possible bad axioms.
[2026-06-24 16:16:51.907] Selected the bad axiom SubClassOf(owl:Thing Processual_Entity).
[2026-06-24 16:16:51.910] Found 13 possible bad axioms.
[2026-06-24 16:16:51.910] Selected the bad axiom SubClassOf(Continuant_Entity Occurrent_Entity).
[2026-06-24 16:16:51.912] Found 12 possible bad axioms.
[2026-06-24 16:16:51.912] Selected the bad axiom SubClassOf(Entity Independent_Continuant_Entity).
[2026-06-24 16:16:51.914] Found 11 possible bad axioms.
[2026-06-24 16:16:51.914] Selected the bad axiom SubClassOf(Entity Processual_Entity).
[2026-06-24 16:16:51.916] Found 10 possible bad axioms.
[2026-06-24 16:16:51.916] Selected the bad axiom SubClassOf(Entity owl:Thing).
[2026-06-24 16:16:51.918] Found 9 possible bad axioms.
[2026-06-24 16:16:51.918] Selected the bad axiom SubClassOf(owl:Thing Occurrent_Entity).
[2026-06-24 16:16:51.924] Finished repairing the ontology.
Repairing with A2 (not-in-largest-mcs-removal)...
[2026-06-24 16:16:51.925] Checking precondition...
[2026-06-24 16:16:51.930] Starting the repair...
[2026-06-24 16:16:52.043] Found 1 possible bad axioms.
[2026-06-24 16:16:52.043] Selected the bad axiom SubClassOf(Entity owl:Nothing).
[2026-06-24 16:16:52.044] Finished repairing the ontology.
Repairing with A3 (default-weakening)...
[2026-06-24 16:16:52.046] Checking precondition...
[2026-06-24 16:16:52.054] Starting the repair...
[2026-06-24 16:16:52.065] Selected a reference ontology with 25 axioms.
[2026-06-24 16:16:52.198] Selected the bad axiom SubClassOf(Entity owl:Nothing).
[2026-06-24 16:16:52.206] Selected the weaker axiom SubClassOf(Entity Continuant_Entity).
[2026-06-24 16:16:52.207] Finished repairing the ontology.
Repairing with 
...[truncated]
FAIL: attempt=41 seed=568018 status=memory_limit_exceeded stage=B4 message=Repair failed: ExecutionException: java.lang.NullPointerException: operands cannot be null or empty
progress: ontology=PLIO attempt=41 success=20/100
----- PLIO attempt=42 seed=582218 at 2026-06-24 16:16:53 -----
--- stdout ---
{"seed":582218,"run_id":"20260624134028346645","trial_status":"memory_limit_exceeded","error_type":"failure","failure_stage":"B8","error_message":"Repair failed: ExecutionException: java.lang.IllegalStateException: Could not find a weakening for axiom: ⊤ ⊑ Processual_Entity","iic_values":{},"repair_runtimes_ms":{"A1":51,"A2":125,"A3":162,"B1":109,"B2":454,"B3":340,"B4":32,"B5":490,"B6":359,"B7":22,"B8":198}}

--- stderr ---
SingleTrialExperiment starting: ontology=/workspaces/ontologyutils-ekaw26/repair-power-index-replication-ekaw26/ontologies/inconsistent/PLIO.owl, seed=582218, run_id=20260624134028346645
Loaded ontology.
Normalizing ontology with SROIQ normalization...
Normalized ontology with SROIQ normalization.
Ontology is already inconsistent, skipping make-inconsistent step.
Repairing with A1 (random-removal)...
[2026-06-24 16:16:53.538] Checking precondition...
[2026-06-24 16:16:53.548] Starting the repair...
[2026-06-24 16:16:53.554] Found 19 possible bad axioms.
[2026-06-24 16:16:53.555] Selected the bad axiom SubClassOf(Entity Processual_Entity).
[2026-06-24 16:16:53.560] Found 18 possible bad axioms.
[2026-06-24 16:16:53.560] Selected the bad axiom SubClassOf(Processual_Entity Occurrent_Entity).
[2026-06-24 16:16:53.564] Found 17 possible bad axioms.
[2026-06-24 16:16:53.564] Selected the bad axiom SubClassOf(Occurrent_Entity Entity).
[2026-06-24 16:16:53.567] Found 16 possible bad axioms.
[2026-06-24 16:16:53.567] Selected the bad axiom SubClassOf(Occurrent_Entity Independent_Continuant_Entity).
[2026-06-24 16:16:53.571] Found 15 possible bad axioms.
[2026-06-24 16:16:53.571] Selected the bad axiom SubClassOf(Continuant_Entity Processual_Entity).
[2026-06-24 16:16:53.574] Found 14 possible bad axioms.
[2026-06-24 16:16:53.574] Selected the bad axiom SubClassOf(owl:Thing Processual_Entity).
[2026-06-24 16:16:53.576] Found 13 possible bad axioms.
[2026-06-24 16:16:53.577] Selected the bad axiom SubClassOf(Functional_Entity Independent_Continuant_Entity).
[2026-06-24 16:16:53.579] Found 12 possible bad axioms.
[2026-06-24 16:16:53.579] Selected the bad axiom SubClassOf(Entity owl:Thing).
[2026-06-24 16:16:53.581] Found 11 possible bad axioms.
[2026-06-24 16:16:53.581] Selected the bad axiom SubClassOf(Continuant_Entity Occurrent_Entity).
[2026-06-24 16:16:53.582] Found 10 possible bad axioms.
[2026-06-24 16:16:53.582] Selected the bad axiom SubClassOf(Occurrent_Entity Continuant_Entity).
[2026-06-24 16:16:53.584] Finished repairing the ontology.
Repairing with A2 (not-in-largest-mcs-removal)...
[2026-06-24 16:16:53.585] Checking precondition...
[2026-06-24 16:16:53.597] Starting the repair...
[2026-06-24 16:16:53.709] Found 1 possible bad axioms.
[2026-06-24 16:16:53.709] Selected the bad axiom SubClassOf(Entity owl:Nothing).
[2026-06-24 16:16:53.710] Finished repairing the ontology.
Repairing with A3 (default-weakening)...
[2026-06-24 16:16:53.712] Checking precondition...
[2026-06-24 16:16:53.714] Starting the repair...
[2026-06-24 16:16:53.730] Selected a reference ontology with 25 axioms.
[2026-06-24 16:16:53.862] Selected the bad axiom SubClassOf(Entity owl:Nothing).
[2026-06-24 16:16:53.871] Selected the weaker axiom SubClassOf(Entity owl:Thing).
[2026-06-24 16:16:53.872] Finished repairing the ontology.
Repairing with B1 (bad-in_some_mus-weaker-random)...
[2026-06-24 16:16:53.873] Checking precondition...
[2026-06-24 16:16:53.875] Starting the repa
...[truncated]
FAIL: attempt=42 seed=582218 status=memory_limit_exceeded stage=B8 message=Repair failed: ExecutionException: java.lang.IllegalStateException: Could not find a weakening for axiom: ⊤ ⊑ Processual_Entity
progress: ontology=PLIO attempt=42 success=20/100
----- PLIO attempt=43 seed=596418 at 2026-06-24 16:16:55 -----
--- stdout ---
{"seed":596418,"run_id":"20260624134028346645","trial_status":"success","error_type":null,"failure_stage":null,"error_message":null,"iic_values":{"B1_vs_A1":0.7777777777777778,"B1_vs_A2":0.5,"B1_vs_A3":0.5,"B2_vs_A1":0.7777777777777778,"B2_vs_A2":0.5,"B2_vs_A3":0.5,"B3_vs_A1":0.7777777777777778,"B3_vs_A2":0.5,"B3_vs_A3":0.5,"B4_vs_A1":0.9166666666666666,"B4_vs_A2":0.5,"B4_vs_A3":0.5,"B5_vs_A1":0.9166666666666666,"B5_vs_A2":0.5,"B5_vs_A3":0.5,"B6_vs_A1":0.9166666666666666,"B6_vs_A2":0.5,"B6_vs_A3":0.5,"B7_vs_A1":0.9166666666666666,"B7_vs_A2":0.5,"B7_vs_A3":0.5,"B8_vs_A1":0.9166666666666666,"B8_vs_A2":0.5,"B8_vs_A3":0.5,"B9_vs_A1":0.9166666666666666,"B9_vs_A2":0.5,"B9_vs_A3":0.5},"repair_runtimes_ms":{"A1":53,"A2":123,"A3":176,"B1":294,"B2":407,"B3":357,"B4":28,"B5":436,"B6":247,"B7":18,"B8":330,"B9":249}}

--- stderr ---
SingleTrialExperiment starting: ontology=/workspaces/ontologyutils-ekaw26/repair-power-index-replication-ekaw26/ontologies/inconsistent/PLIO.owl, seed=596418, run_id=20260624134028346645
Loaded ontology.
Normalizing ontology with SROIQ normalization...
Normalized ontology with SROIQ normalization.
Ontology is already inconsistent, skipping make-inconsistent step.
Repairing with A1 (random-removal)...
[2026-06-24 16:16:56.259] Checking precondition...
[2026-06-24 16:16:56.268] Starting the repair...
[2026-06-24 16:16:56.275] Found 19 possible bad axioms.
[2026-06-24 16:16:56.276] Selected the bad axiom SubClassOf(Occurrent_Entity Independent_Continuant_Entity).
[2026-06-24 16:16:56.282] Found 18 possible bad axioms.
[2026-06-24 16:16:56.283] Selected the bad axiom SubClassOf(Continuant_Entity Occurrent_Entity).
[2026-06-24 16:16:56.286] Found 17 possible bad axioms.
[2026-06-24 16:16:56.286] Selected the bad axiom SubClassOf(Processual_Entity Occurrent_Entity).
[2026-06-24 16:16:56.290] Found 16 possible bad axioms.
[2026-06-24 16:16:56.290] Selected the bad axiom SubClassOf(Entity Continuant_Entity).
[2026-06-24 16:16:56.293] Found 15 possible bad axioms.
[2026-06-24 16:16:56.293] Selected the bad axiom SubClassOf(Entity Functional_Entity).
[2026-06-24 16:16:56.296] Found 14 possible bad axioms.
[2026-06-24 16:16:56.296] Selected the bad axiom SubClassOf(Occurrent_Entity Continuant_Entity).
[2026-06-24 16:16:56.298] Found 13 possible bad axioms.
[2026-06-24 16:16:56.299] Selected the bad axiom SubClassOf(Entity Processual_Entity).
[2026-06-24 16:16:56.301] Found 12 possible bad axioms.
[2026-06-24 16:16:56.301] Selected the bad axiom SubClassOf(Entity Occurrent_Entity).
[2026-06-24 16:16:56.303] Found 11 possible bad axioms.
[2026-06-24 16:16:56.303] Selected the bad axiom SubClassOf(Functional_Entity Independent_Continuant_Entity).
[2026-06-24 16:16:56.305] Found 10 possible bad axioms.
[2026-06-24 16:16:56.305] Selected the bad axiom SubClassOf(owl:Thing Occurrent_Entity).
[2026-06-24 16:16:56.307] Finished repairing the ontology.
Repairing with A2 (not-in-largest-mcs-removal)...
[2026-06-24 16:16:56.308] Checking precondition...
[2026-06-24 16:16:56.317] Starting the repair...
[2026-06-24 16:16:56.429] Found 1 possible bad axioms.
[2026-06-24 16:16:56.429] Selected the bad axiom SubClassOf(Entity owl:Nothing).
[2026-06-24 16:16:56.430] Finished repairing the ontology.
Repairing with A3 (default-weakening)...
[2026-06-24 16:16:56.437] Checking precondition...
[2026-06-24 16:16:56.439] Starting the repair...
[2026-06-24 16:16:56.452] Selected a reference ontology with 24 axioms.
[2026-06-24 16:16:56.596] Selected the bad axiom SubClassOf(Entity owl:Nothing).
[2026-06-24 16:16:56.605] Selected the weaker axiom SubClassOf(Entity Independent_Continuant_Entity).
[2026-06-24 16:16:56.606] Finished repairing the ontology.
Repairing with B1 (bad-in_some_mus-weaker-random)...
[2026-06-24 16:16:56.607] Checking precondition...
[2026-06-24 16:16:56.609] S
...[truncated]
SUCCESS: attempt=43 seed=596418 success_count=21/100
progress: ontology=PLIO attempt=43 success=21/100
----- PLIO attempt=44 seed=610618 at 2026-06-24 16:16:59 -----
--- stdout ---
{"seed":610618,"run_id":"20260624134028346645","trial_status":"success","error_type":null,"failure_stage":null,"error_message":null,"iic_values":{"B1_vs_A1":0.5,"B1_vs_A2":0.5,"B1_vs_A3":0.5,"B2_vs_A1":0.5,"B2_vs_A2":0.5,"B2_vs_A3":0.5,"B3_vs_A1":0.5,"B3_vs_A2":0.5,"B3_vs_A3":0.5,"B4_vs_A1":0.5,"B4_vs_A2":0.5,"B4_vs_A3":0.5,"B5_vs_A1":0.5,"B5_vs_A2":0.5,"B5_vs_A3":0.5,"B6_vs_A1":0.5,"B6_vs_A2":0.5,"B6_vs_A3":0.5,"B7_vs_A1":0.5,"B7_vs_A2":0.5,"B7_vs_A3":0.5,"B8_vs_A1":0.5,"B8_vs_A2":0.5,"B8_vs_A3":0.5,"B9_vs_A1":0.5,"B9_vs_A2":0.5,"B9_vs_A3":0.5},"repair_runtimes_ms":{"A1":42,"A2":145,"A3":159,"B1":104,"B2":520,"B3":408,"B4":23,"B5":323,"B6":272,"B7":22,"B8":391,"B9":291}}

--- stderr ---
SingleTrialExperiment starting: ontology=/workspaces/ontologyutils-ekaw26/repair-power-index-replication-ekaw26/ontologies/inconsistent/PLIO.owl, seed=610618, run_id=20260624134028346645
Loaded ontology.
Normalizing ontology with SROIQ normalization...
Normalized ontology with SROIQ normalization.
Ontology is already inconsistent, skipping make-inconsistent step.
Repairing with A1 (random-removal)...
[2026-06-24 16:16:59.366] Checking precondition...
[2026-06-24 16:16:59.375] Starting the repair...
[2026-06-24 16:16:59.381] Found 19 possible bad axioms.
[2026-06-24 16:16:59.382] Selected the bad axiom SubClassOf(Continuant_Entity Entity).
[2026-06-24 16:16:59.388] Found 18 possible bad axioms.
[2026-06-24 16:16:59.388] Selected the bad axiom SubClassOf(Entity Independent_Continuant_Entity).
[2026-06-24 16:16:59.392] Found 17 possible bad axioms.
[2026-06-24 16:16:59.392] Selected the bad axiom SubClassOf(owl:Thing Processual_Entity).
[2026-06-24 16:16:59.395] Found 16 possible bad axioms.
[2026-06-24 16:16:59.395] Selected the bad axiom SubClassOf(Functional_Entity Independent_Continuant_Entity).
[2026-06-24 16:16:59.398] Found 15 possible bad axioms.
[2026-06-24 16:16:59.399] Selected the bad axiom SubClassOf(Entity Functional_Entity).
[2026-06-24 16:16:59.401] Found 14 possible bad axioms.
[2026-06-24 16:16:59.401] Selected the bad axiom SubClassOf(Entity owl:Nothing).
[2026-06-24 16:16:59.404] Finished repairing the ontology.
Repairing with A2 (not-in-largest-mcs-removal)...
[2026-06-24 16:16:59.404] Checking precondition...
[2026-06-24 16:16:59.410] Starting the repair...
[2026-06-24 16:16:59.548] Found 1 possible bad axioms.
[2026-06-24 16:16:59.548] Selected the bad axiom SubClassOf(Entity owl:Nothing).
[2026-06-24 16:16:59.549] Finished repairing the ontology.
Repairing with A3 (default-weakening)...
[2026-06-24 16:16:59.551] Checking precondition...
[2026-06-24 16:16:59.553] Starting the repair...
[2026-06-24 16:16:59.559] Selected a reference ontology with 25 axioms.
[2026-06-24 16:16:59.699] Selected the bad axiom SubClassOf(Entity owl:Nothing).
[2026-06-24 16:16:59.707] Selected the weaker axiom SubClassOf(Entity Continuant_Entity).
[2026-06-24 16:16:59.708] Finished repairing the ontology.
Repairing with B1 (bad-in_some_mus-weaker-random)...
[2026-06-24 16:16:59.709] Checking precondition...
[2026-06-24 16:16:59.711] Starting the repair...
[2026-06-24 16:16:59.715] Selected a reference ontology with 25 axioms.
[2026-06-24 16:16:59.810] Selected the bad axiom SubClassOf(Entity owl:Nothing).
[2026-06-24 16:16:59.812] Selected the weaker axiom SubClassOf(Entity Entity).
[2026-06-24 16:16:59.812] Finished repairing the ontology.
Repairing with B2 (bad-in_some_mus-weaker-shapley)...
[2026-06-24 16:16:59.814] Checking precondition...
[2026-06-24 16:16:59.815] Starting the repair...
[2026-06-24 16:16:59.826] Selected a reference ontology with 25 axioms.
[2026-06-24 16:16:59.886] Selected the bad axiom SubClassOf(Entity owl:Nothing).
[PowerIn
...[truncated]
SUCCESS: attempt=44 seed=610618 success_count=22/100
progress: ontology=PLIO attempt=44 success=22/100
----- PLIO attempt=45 seed=624818 at 2026-06-24 16:17:02 -----
--- stdout ---
{"seed":624818,"run_id":"20260624134028346645","trial_status":"time_limit_exceeded","error_type":"timeout","failure_stage":"B4","error_message":"Repair timeout: B4 exceeded 300 seconds","iic_values":{},"repair_runtimes_ms":{"A1":48,"A2":124,"A3":172,"B1":109,"B2":537,"B3":392,"B4":300001}}

--- stderr ---
SingleTrialExperiment starting: ontology=/workspaces/ontologyutils-ekaw26/repair-power-index-replication-ekaw26/ontologies/inconsistent/PLIO.owl, seed=624818, run_id=20260624134028346645
Loaded ontology.
Normalizing ontology with SROIQ normalization...
Normalized ontology with SROIQ normalization.
Ontology is already inconsistent, skipping make-inconsistent step.
Repairing with A1 (random-removal)...
[2026-06-24 16:17:02.474] Checking precondition...
[2026-06-24 16:17:02.484] Starting the repair...
[2026-06-24 16:17:02.491] Found 19 possible bad axioms.
[2026-06-24 16:17:02.493] Selected the bad axiom SubClassOf(Occurrent_Entity Functional_Entity).
[2026-06-24 16:17:02.498] Found 18 possible bad axioms.
[2026-06-24 16:17:02.498] Selected the bad axiom SubClassOf(Entity Occurrent_Entity).
[2026-06-24 16:17:02.502] Found 17 possible bad axioms.
[2026-06-24 16:17:02.502] Selected the bad axiom SubClassOf(Processual_Entity Occurrent_Entity).
[2026-06-24 16:17:02.505] Found 16 possible bad axioms.
[2026-06-24 16:17:02.506] Selected the bad axiom SubClassOf(Functional_Entity Independent_Continuant_Entity).
[2026-06-24 16:17:02.509] Found 15 possible bad axioms.
[2026-06-24 16:17:02.509] Selected the bad axiom SubClassOf(Continuant_Entity Entity).
[2026-06-24 16:17:02.512] Found 14 possible bad axioms.
[2026-06-24 16:17:02.512] Selected the bad axiom SubClassOf(Entity owl:Thing).
[2026-06-24 16:17:02.515] Found 13 possible bad axioms.
[2026-06-24 16:17:02.516] Selected the bad axiom SubClassOf(Entity owl:Nothing).
[2026-06-24 16:17:02.518] Finished repairing the ontology.
Repairing with A2 (not-in-largest-mcs-removal)...
[2026-06-24 16:17:02.519] Checking precondition...
[2026-06-24 16:17:02.523] Starting the repair...
[2026-06-24 16:17:02.639] Found 1 possible bad axioms.
[2026-06-24 16:17:02.640] Selected the bad axiom SubClassOf(Entity owl:Nothing).
[2026-06-24 16:17:02.642] Finished repairing the ontology.
Repairing with A3 (default-weakening)...
[2026-06-24 16:17:02.644] Checking precondition...
[2026-06-24 16:17:02.647] Starting the repair...
[2026-06-24 16:17:02.662] Selected a reference ontology with 25 axioms.
[2026-06-24 16:17:02.805] Selected the bad axiom SubClassOf(Entity owl:Nothing).
[2026-06-24 16:17:02.813] Selected the weaker axiom SubClassOf(Entity Processual_Entity).
[2026-06-24 16:17:02.814] Finished repairing the ontology.
Repairing with B1 (bad-in_some_mus-weaker-random)...
[2026-06-24 16:17:02.815] Checking precondition...
[2026-06-24 16:17:02.816] Starting the repair...
[2026-06-24 16:17:02.821] Selected a reference ontology with 24 axioms.
[2026-06-24 16:17:02.921] Selected the bad axiom SubClassOf(Entity owl:Nothing).
[2026-06-24 16:17:02.923] Selected the weaker axiom SubClassOf(Entity Occurrent_Entity).
[2026-06-24 16:17:02.924] Finished repairing the ontology.
Repairing with B2 (bad-in_some_mus-weaker-shapley)...
[2026-06-24 16:17:02.933] Checking precondition...
[2026-06-24 16:17:02.935] Starting the repair...
[2026-06-24 
...[truncated]
FAIL: attempt=45 seed=624818 status=time_limit_exceeded stage=B4 message=Repair timeout: B4 exceeded 300 seconds
progress: ontology=PLIO attempt=45 success=22/100
----- PLIO attempt=46 seed=639018 at 2026-06-24 16:22:04 -----
--- stdout ---
{"seed":639018,"run_id":"20260624134028346645","trial_status":"success","error_type":null,"failure_stage":null,"error_message":null,"iic_values":{"B1_vs_A1":0.5,"B1_vs_A2":0.5,"B1_vs_A3":0.5,"B2_vs_A1":0.5,"B2_vs_A2":0.5,"B2_vs_A3":0.5,"B3_vs_A1":0.5,"B3_vs_A2":0.5,"B3_vs_A3":0.5,"B4_vs_A1":0.5,"B4_vs_A2":0.5,"B4_vs_A3":0.5,"B5_vs_A1":0.5,"B5_vs_A2":0.5,"B5_vs_A3":0.5,"B6_vs_A1":0.5,"B6_vs_A2":0.5,"B6_vs_A3":0.5,"B7_vs_A1":0.5,"B7_vs_A2":0.5,"B7_vs_A3":0.5,"B8_vs_A1":0.5,"B8_vs_A2":0.5,"B8_vs_A3":0.5,"B9_vs_A1":0.5,"B9_vs_A2":0.5,"B9_vs_A3":0.5},"repair_runtimes_ms":{"A1":28,"A2":124,"A3":177,"B1":107,"B2":499,"B3":363,"B4":33,"B5":448,"B6":332,"B7":18,"B8":306,"B9":294}}

--- stderr ---
SingleTrialExperiment starting: ontology=/workspaces/ontologyutils-ekaw26/repair-power-index-replication-ekaw26/ontologies/inconsistent/PLIO.owl, seed=639018, run_id=20260624134028346645
Loaded ontology.
Normalizing ontology with SROIQ normalization...
Normalized ontology with SROIQ normalization.
Ontology is already inconsistent, skipping make-inconsistent step.
Repairing with A1 (random-removal)...
[2026-06-24 16:22:04.324] Checking precondition...
[2026-06-24 16:22:04.333] Starting the repair...
[2026-06-24 16:22:04.339] Found 19 possible bad axioms.
[2026-06-24 16:22:04.341] Selected the bad axiom SubClassOf(Occurrent_Entity Functional_Entity).
[2026-06-24 16:22:04.344] Found 18 possible bad axioms.
[2026-06-24 16:22:04.345] Selected the bad axiom SubClassOf(Entity owl:Nothing).
[2026-06-24 16:22:04.348] Finished repairing the ontology.
Repairing with A2 (not-in-largest-mcs-removal)...
[2026-06-24 16:22:04.348] Checking precondition...
[2026-06-24 16:22:04.356] Starting the repair...
[2026-06-24 16:22:04.471] Found 1 possible bad axioms.
[2026-06-24 16:22:04.472] Selected the bad axiom SubClassOf(Entity owl:Nothing).
[2026-06-24 16:22:04.473] Finished repairing the ontology.
Repairing with A3 (default-weakening)...
[2026-06-24 16:22:04.474] Checking precondition...
[2026-06-24 16:22:04.477] Starting the repair...
[2026-06-24 16:22:04.489] Selected a reference ontology with 24 axioms.
[2026-06-24 16:22:04.641] Selected the bad axiom SubClassOf(Entity owl:Nothing).
[2026-06-24 16:22:04.649] Selected the weaker axiom SubClassOf(Entity owl:Thing).
[2026-06-24 16:22:04.651] Finished repairing the ontology.
Repairing with B1 (bad-in_some_mus-weaker-random)...
[2026-06-24 16:22:04.651] Checking precondition...
[2026-06-24 16:22:04.653] Starting the repair...
[2026-06-24 16:22:04.660] Selected a reference ontology with 24 axioms.
[2026-06-24 16:22:04.756] Selected the bad axiom SubClassOf(Entity owl:Nothing).
[2026-06-24 16:22:04.758] Selected the weaker axiom SubClassOf(Entity Entity).
[2026-06-24 16:22:04.758] Finished repairing the ontology.
Repairing with B2 (bad-in_some_mus-weaker-shapley)...
[2026-06-24 16:22:04.760] Checking precondition...
[2026-06-24 16:22:04.762] Starting the repair...
[2026-06-24 16:22:04.774] Selected a reference ontology with 24 axioms.
[2026-06-24 16:22:04.844] Selected the bad axiom SubClassOf(Entity owl:Nothing).
[PowerIndexWeakerAxiomSelector] Scoring 12 candidate weakenings for Entity ⊑ ⊥
[PowerIndexWeakerAxiomSelector] Selected weaker axiom: Entity ⊑ Continuant_Entity
[2026-06-24 16:22:05.255] Selected the weaker axiom SubClassOf(Entity Continuant_Entity).
[2026-06-24 16:22:05.258] Finished repairing the ontology.
Repairing with B3 (bad-in_some_mus-weaker-banzhaf)...
[2026-06-24 16:22:05.259] Checking precondition...
[2026-06-24 16:22:05.260] Starting the repair...
[2026-06-24 16:22:05.263] Selected a reference ontology with 24 axioms.
[2026-06-24 16:22:05.390] Selected the bad axiom SubClassOf(Entity owl:Nothing).
...[truncated]
SUCCESS: attempt=46 seed=639018 success_count=23/100
progress: ontology=PLIO attempt=46 success=23/100
----- PLIO attempt=47 seed=653218 at 2026-06-24 16:22:07 -----
--- stdout ---
{"seed":653218,"run_id":"20260624134028346645","trial_status":"memory_limit_exceeded","error_type":"failure","failure_stage":"B5","error_message":"Repair failed: ExecutionException: java.lang.IllegalStateException: Could not find a weakening for axiom: ⊤ ⊑ Processual_Entity","iic_values":{},"repair_runtimes_ms":{"A1":43,"A2":141,"A3":163,"B1":108,"B2":512,"B3":382,"B4":41,"B5":170}}

--- stderr ---
SingleTrialExperiment starting: ontology=/workspaces/ontologyutils-ekaw26/repair-power-index-replication-ekaw26/ontologies/inconsistent/PLIO.owl, seed=653218, run_id=20260624134028346645
Loaded ontology.
Normalizing ontology with SROIQ normalization...
Normalized ontology with SROIQ normalization.
Ontology is already inconsistent, skipping make-inconsistent step.
Repairing with A1 (random-removal)...
[2026-06-24 16:22:07.436] Checking precondition...
[2026-06-24 16:22:07.445] Starting the repair...
[2026-06-24 16:22:07.450] Found 19 possible bad axioms.
[2026-06-24 16:22:07.451] Selected the bad axiom SubClassOf(Functional_Entity Independent_Continuant_Entity).
[2026-06-24 16:22:07.455] Found 18 possible bad axioms.
[2026-06-24 16:22:07.456] Selected the bad axiom SubClassOf(Processual_Entity Occurrent_Entity).
[2026-06-24 16:22:07.458] Found 17 possible bad axioms.
[2026-06-24 16:22:07.459] Selected the bad axiom SubClassOf(Continuant_Entity Processual_Entity).
[2026-06-24 16:22:07.462] Found 16 possible bad axioms.
[2026-06-24 16:22:07.462] Selected the bad axiom SubClassOf(owl:Thing Processual_Entity).
[2026-06-24 16:22:07.465] Found 15 possible bad axioms.
[2026-06-24 16:22:07.465] Selected the bad axiom SubClassOf(Entity Continuant_Entity).
[2026-06-24 16:22:07.468] Found 14 possible bad axioms.
[2026-06-24 16:22:07.468] Selected the bad axiom SubClassOf(Continuant_Entity Entity).
[2026-06-24 16:22:07.470] Found 13 possible bad axioms.
[2026-06-24 16:22:07.470] Selected the bad axiom SubClassOf(Occurrent_Entity Independent_Continuant_Entity).
[2026-06-24 16:22:07.472] Found 12 possible bad axioms.
[2026-06-24 16:22:07.472] Selected the bad axiom SubClassOf(Entity owl:Nothing).
[2026-06-24 16:22:07.474] Finished repairing the ontology.
Repairing with A2 (not-in-largest-mcs-removal)...
[2026-06-24 16:22:07.475] Checking precondition...
[2026-06-24 16:22:07.479] Starting the repair...
[2026-06-24 16:22:07.614] Found 1 possible bad axioms.
[2026-06-24 16:22:07.614] Selected the bad axiom SubClassOf(Entity owl:Nothing).
[2026-06-24 16:22:07.615] Finished repairing the ontology.
Repairing with A3 (default-weakening)...
[2026-06-24 16:22:07.617] Checking precondition...
[2026-06-24 16:22:07.619] Starting the repair...
[2026-06-24 16:22:07.626] Selected a reference ontology with 24 axioms.
[2026-06-24 16:22:07.769] Selected the bad axiom SubClassOf(Entity owl:Nothing).
[2026-06-24 16:22:07.777] Selected the weaker axiom SubClassOf(Entity owl:Thing).
[2026-06-24 16:22:07.779] Finished repairing the ontology.
Repairing with B1 (bad-in_some_mus-weaker-random)...
[2026-06-24 16:22:07.780] Checking precondition...
[2026-06-24 16:22:07.782] Starting the repair...
[2026-06-24 16:22:07.787] Selected a reference ontology with 25 axioms.
[2026-06-24 16:22:07.884] Selected the bad axiom SubClassOf(Entity owl:Nothing).
[2026-06-24 16:22:07.886] Selected the weaker axiom SubClassOf(Entity Functional_Entity).
[2026-06-24 16:22:07.887] Finished repairing the ontol
...[truncated]
FAIL: attempt=47 seed=653218 status=memory_limit_exceeded stage=B5 message=Repair failed: ExecutionException: java.lang.IllegalStateException: Could not find a weakening for axiom: ⊤ ⊑ Processual_Entity
progress: ontology=PLIO attempt=47 success=23/100
----- PLIO attempt=48 seed=667418 at 2026-06-24 16:22:09 -----
--- stdout ---
{"seed":667418,"run_id":"20260624134028346645","trial_status":"memory_limit_exceeded","error_type":"failure","failure_stage":"B5","error_message":"Repair failed: ExecutionException: java.lang.IllegalStateException: Could not find a weakening for axiom: ⊤ ⊑ Processual_Entity","iic_values":{},"repair_runtimes_ms":{"A1":49,"A2":133,"A3":333,"B1":65,"B2":535,"B3":395,"B4":32,"B5":234}}

--- stderr ---
SingleTrialExperiment starting: ontology=/workspaces/ontologyutils-ekaw26/repair-power-index-replication-ekaw26/ontologies/inconsistent/PLIO.owl, seed=667418, run_id=20260624134028346645
Loaded ontology.
Normalizing ontology with SROIQ normalization...
Normalized ontology with SROIQ normalization.
Ontology is already inconsistent, skipping make-inconsistent step.
Repairing with A1 (random-removal)...
[2026-06-24 16:22:09.392] Checking precondition...
[2026-06-24 16:22:09.402] Starting the repair...
[2026-06-24 16:22:09.409] Found 19 possible bad axioms.
[2026-06-24 16:22:09.411] Selected the bad axiom SubClassOf(Occurrent_Entity Entity).
[2026-06-24 16:22:09.416] Found 18 possible bad axioms.
[2026-06-24 16:22:09.416] Selected the bad axiom SubClassOf(Entity Functional_Entity).
[2026-06-24 16:22:09.420] Found 17 possible bad axioms.
[2026-06-24 16:22:09.420] Selected the bad axiom SubClassOf(Occurrent_Entity Functional_Entity).
[2026-06-24 16:22:09.424] Found 16 possible bad axioms.
[2026-06-24 16:22:09.424] Selected the bad axiom SubClassOf(Occurrent_Entity Continuant_Entity).
[2026-06-24 16:22:09.427] Found 15 possible bad axioms.
[2026-06-24 16:22:09.427] Selected the bad axiom SubClassOf(Entity Occurrent_Entity).
[2026-06-24 16:22:09.430] Found 14 possible bad axioms.
[2026-06-24 16:22:09.431] Selected the bad axiom SubClassOf(Entity owl:Thing).
[2026-06-24 16:22:09.435] Found 13 possible bad axioms.
[2026-06-24 16:22:09.435] Selected the bad axiom SubClassOf(Occurrent_Entity Independent_Continuant_Entity).
[2026-06-24 16:22:09.437] Finished repairing the ontology.
Repairing with A2 (not-in-largest-mcs-removal)...
[2026-06-24 16:22:09.438] Checking precondition...
[2026-06-24 16:22:09.442] Starting the repair...
[2026-06-24 16:22:09.569] Found 1 possible bad axioms.
[2026-06-24 16:22:09.570] Selected the bad axiom SubClassOf(Entity owl:Nothing).
[2026-06-24 16:22:09.571] Finished repairing the ontology.
Repairing with A3 (default-weakening)...
[2026-06-24 16:22:09.573] Checking precondition...
[2026-06-24 16:22:09.575] Starting the repair...
[2026-06-24 16:22:09.583] Selected a reference ontology with 24 axioms.
[2026-06-24 16:22:09.734] Selected the bad axiom SubClassOf(Entity owl:Nothing).
[2026-06-24 16:22:09.742] Selected the weaker axiom SubClassOf(Independent_Continuant_Entity owl:Nothing).
[2026-06-24 16:22:09.834] Selected the bad axiom SubClassOf(Independent_Continuant_Entity owl:Nothing).
[2026-06-24 16:22:09.835] Selected the weaker axiom SubClassOf(Continuant_Entity owl:Nothing).
[2026-06-24 16:22:09.904] Selected the bad axiom SubClassOf(Continuant_Entity owl:Nothing).
[2026-06-24 16:22:09.904] Selected the weaker axiom SubClassOf(Continuant_Entity Continuant_Entity).
[2026-06-24 16:22:09.905] Finished repairing the ontology.
Repairing with B1 (bad-in_some_mus-weaker-random)...
[2026-06-24 16:22:09.906] Checking precondition...
[2026-06-24 16:22:09.907] Starting the repair...
[2026-06-24 16:22:09.910] Selected a reference ontolog
...[truncated]
FAIL: attempt=48 seed=667418 status=memory_limit_exceeded stage=B5 message=Repair failed: ExecutionException: java.lang.IllegalStateException: Could not find a weakening for axiom: ⊤ ⊑ Processual_Entity
progress: ontology=PLIO attempt=48 success=23/100
----- PLIO attempt=49 seed=681618 at 2026-06-24 16:22:11 -----
--- stdout ---
{"seed":681618,"run_id":"20260624134028346645","trial_status":"success","error_type":null,"failure_stage":null,"error_message":null,"iic_values":{"B1_vs_A1":0.6666666666666666,"B1_vs_A2":0.5,"B1_vs_A3":0.5,"B2_vs_A1":0.6666666666666666,"B2_vs_A2":0.5,"B2_vs_A3":0.5,"B3_vs_A1":0.6666666666666666,"B3_vs_A2":0.5,"B3_vs_A3":0.5,"B4_vs_A1":0.8571428571428571,"B4_vs_A2":0.5,"B4_vs_A3":0.5,"B5_vs_A1":0.8571428571428571,"B5_vs_A2":0.5,"B5_vs_A3":0.5,"B6_vs_A1":0.8571428571428571,"B6_vs_A2":0.5,"B6_vs_A3":0.5,"B7_vs_A1":0.8571428571428571,"B7_vs_A2":0.5,"B7_vs_A3":0.5,"B8_vs_A1":0.8571428571428571,"B8_vs_A2":0.5,"B8_vs_A3":0.5,"B9_vs_A1":0.8571428571428571,"B9_vs_A2":0.5,"B9_vs_A3":0.5},"repair_runtimes_ms":{"A1":46,"A2":137,"A3":468,"B1":114,"B2":528,"B3":281,"B4":58,"B5":377,"B6":332,"B7":22,"B8":357,"B9":292}}

--- stderr ---
SingleTrialExperiment starting: ontology=/workspaces/ontologyutils-ekaw26/repair-power-index-replication-ekaw26/ontologies/inconsistent/PLIO.owl, seed=681618, run_id=20260624134028346645
Loaded ontology.
Normalizing ontology with SROIQ normalization...
Normalized ontology with SROIQ normalization.
Ontology is already inconsistent, skipping make-inconsistent step.
Repairing with A1 (random-removal)...
[2026-06-24 16:22:11.561] Checking precondition...
[2026-06-24 16:22:11.570] Starting the repair...
[2026-06-24 16:22:11.577] Found 19 possible bad axioms.
[2026-06-24 16:22:11.579] Selected the bad axiom SubClassOf(Entity Continuant_Entity).
[2026-06-24 16:22:11.585] Found 18 possible bad axioms.
[2026-06-24 16:22:11.585] Selected the bad axiom SubClassOf(Processual_Entity Occurrent_Entity).
[2026-06-24 16:22:11.589] Found 17 possible bad axioms.
[2026-06-24 16:22:11.589] Selected the bad axiom SubClassOf(Occurrent_Entity Entity).
[2026-06-24 16:22:11.593] Found 16 possible bad axioms.
[2026-06-24 16:22:11.593] Selected the bad axiom SubClassOf(Continuant_Entity Processual_Entity).
[2026-06-24 16:22:11.595] Found 15 possible bad axioms.
[2026-06-24 16:22:11.595] Selected the bad axiom SubClassOf(Entity Processual_Entity).
[2026-06-24 16:22:11.598] Found 14 possible bad axioms.
[2026-06-24 16:22:11.598] Selected the bad axiom SubClassOf(owl:Thing Occurrent_Entity).
[2026-06-24 16:22:11.603] Finished repairing the ontology.
Repairing with A2 (not-in-largest-mcs-removal)...
[2026-06-24 16:22:11.603] Checking precondition...
[2026-06-24 16:22:11.608] Starting the repair...
[2026-06-24 16:22:11.739] Found 1 possible bad axioms.
[2026-06-24 16:22:11.739] Selected the bad axiom SubClassOf(Entity owl:Nothing).
[2026-06-24 16:22:11.740] Finished repairing the ontology.
Repairing with A3 (default-weakening)...
[2026-06-24 16:22:11.742] Checking precondition...
[2026-06-24 16:22:11.744] Starting the repair...
[2026-06-24 16:22:11.758] Selected a reference ontology with 25 axioms.
[2026-06-24 16:22:11.904] Selected the bad axiom SubClassOf(Entity owl:Nothing).
[2026-06-24 16:22:11.912] Selected the weaker axiom SubClassOf(Continuant_Entity owl:Nothing).
[2026-06-24 16:22:12.013] Selected the bad axiom SubClassOf(Continuant_Entity owl:Nothing).
[2026-06-24 16:22:12.013] Selected the weaker axiom SubClassOf(Independent_Continuant_Entity owl:Nothing).
[2026-06-24 16:22:12.085] Selected the bad axiom SubClassOf(Independent_Continuant_Entity owl:Nothing).
[2026-06-24 16:22:12.086] Selected the weaker axiom SubClassOf(Continuant_Entity owl:Nothing).
[2026-06-24 16:22:12.149] Selected the bad axiom SubClassOf(Continuant_Entity owl:Nothing).
[2026-06-24 16:22:12.149] Selected the weaker axiom SubClassOf(Independent_Continuant_Entity owl:Nothing).
[2026-06-24 16:22:12.206] Selected the bad axiom SubClassOf(Independent_Continuant_Entity owl:Nothing).
[2026-06-24 16:22:12.208] Selected the weaker axiom SubClassOf(owl:Nothing owl:Nothing).
[2026-06-24 16:22:12.209] Finishe
...[truncated]
SUCCESS: attempt=49 seed=681618 success_count=24/100
progress: ontology=PLIO attempt=49 success=24/100
----- PLIO attempt=50 seed=695818 at 2026-06-24 16:22:14 -----
--- stdout ---
{"seed":695818,"run_id":"20260624134028346645","trial_status":"success","error_type":null,"failure_stage":null,"error_message":null,"iic_values":{"B1_vs_A1":0.8571428571428571,"B1_vs_A2":0.5,"B1_vs_A3":0.5,"B2_vs_A1":0.8571428571428571,"B2_vs_A2":0.5,"B2_vs_A3":0.5,"B3_vs_A1":0.8571428571428571,"B3_vs_A2":0.5,"B3_vs_A3":0.5,"B4_vs_A1":0.6666666666666666,"B4_vs_A2":0.5,"B4_vs_A3":0.5,"B5_vs_A1":0.6666666666666666,"B5_vs_A2":0.5,"B5_vs_A3":0.5,"B6_vs_A1":0.6666666666666666,"B6_vs_A2":0.5,"B6_vs_A3":0.5,"B7_vs_A1":0.6666666666666666,"B7_vs_A2":0.5,"B7_vs_A3":0.5,"B8_vs_A1":0.6666666666666666,"B8_vs_A2":0.5,"B8_vs_A3":0.5,"B9_vs_A1":0.6666666666666666,"B9_vs_A2":0.5,"B9_vs_A3":0.5},"repair_runtimes_ms":{"A1":35,"A2":121,"A3":277,"B1":135,"B2":470,"B3":423,"B4":26,"B5":454,"B6":321,"B7":20,"B8":357,"B9":318}}

--- stderr ---
SingleTrialExperiment starting: ontology=/workspaces/ontologyutils-ekaw26/repair-power-index-replication-ekaw26/ontologies/inconsistent/PLIO.owl, seed=695818, run_id=20260624134028346645
Loaded ontology.
Normalizing ontology with SROIQ normalization...
Normalized ontology with SROIQ normalization.
Ontology is already inconsistent, skipping make-inconsistent step.
Repairing with A1 (random-removal)...
[2026-06-24 16:22:14.984] Checking precondition...
[2026-06-24 16:22:14.992] Starting the repair...
[2026-06-24 16:22:14.999] Found 19 possible bad axioms.
[2026-06-24 16:22:15.000] Selected the bad axiom SubClassOf(Occurrent_Entity Entity).
[2026-06-24 16:22:15.004] Found 18 possible bad axioms.
[2026-06-24 16:22:15.005] Selected the bad axiom SubClassOf(Entity owl:Thing).
[2026-06-24 16:22:15.008] Found 17 possible bad axioms.
[2026-06-24 16:22:15.008] Selected the bad axiom SubClassOf(Entity Continuant_Entity).
[2026-06-24 16:22:15.011] Found 16 possible bad axioms.
[2026-06-24 16:22:15.011] Selected the bad axiom SubClassOf(Continuant_Entity Entity).
[2026-06-24 16:22:15.014] Finished repairing the ontology.
Repairing with A2 (not-in-largest-mcs-removal)...
[2026-06-24 16:22:15.015] Checking precondition...
[2026-06-24 16:22:15.020] Starting the repair...
[2026-06-24 16:22:15.135] Found 1 possible bad axioms.
[2026-06-24 16:22:15.135] Selected the bad axiom SubClassOf(Entity owl:Nothing).
[2026-06-24 16:22:15.137] Finished repairing the ontology.
Repairing with A3 (default-weakening)...
[2026-06-24 16:22:15.138] Checking precondition...
[2026-06-24 16:22:15.141] Starting the repair...
[2026-06-24 16:22:15.151] Selected a reference ontology with 24 axioms.
[2026-06-24 16:22:15.307] Selected the bad axiom SubClassOf(Entity owl:Nothing).
[2026-06-24 16:22:15.315] Selected the weaker axiom SubClassOf(Functional_Entity owl:Nothing).
[2026-06-24 16:22:15.413] Selected the bad axiom SubClassOf(Functional_Entity owl:Nothing).
[2026-06-24 16:22:15.414] Selected the weaker axiom SubClassOf(Functional_Entity Occurrent_Entity).
[2026-06-24 16:22:15.414] Finished repairing the ontology.
Repairing with B1 (bad-in_some_mus-weaker-random)...
[2026-06-24 16:22:15.415] Checking precondition...
[2026-06-24 16:22:15.416] Starting the repair...
[2026-06-24 16:22:15.419] Selected a reference ontology with 24 axioms.
[2026-06-24 16:22:15.491] Selected the bad axiom SubClassOf(Entity owl:Nothing).
[2026-06-24 16:22:15.493] Selected the weaker axiom SubClassOf(Functional_Entity owl:Nothing).
[2026-06-24 16:22:15.549] Selected the bad axiom SubClassOf(Functional_Entity owl:Nothing).
[2026-06-24 16:22:15.549] Selected the weaker axiom SubClassOf(Functional_Entity Entity).
[2026-06-24 16:22:15.549] Finished repairing the ontology.
Repairing with B2 (bad-in_some_mus-weaker-shapley)...
[2026-06-24 16:22:15.551] Checking precondition...
[2026-06-24 16:22:15.552] Starting the repair...
[2026-06-24 16:22:15.555] Selected a reference ontology with 22 axioms.
[2026-06-24 16:22:15.
...[truncated]
SUCCESS: attempt=50 seed=695818 success_count=25/100
progress: ontology=PLIO attempt=50 success=25/100
----- PLIO attempt=51 seed=710018 at 2026-06-24 16:22:18 -----
--- stdout ---
{"seed":710018,"run_id":"20260624134028346645","trial_status":"memory_limit_exceeded","error_type":"failure","failure_stage":"B4","error_message":"Repair failed: ExecutionException: java.lang.NullPointerException: operands cannot be null or empty","iic_values":{},"repair_runtimes_ms":{"A1":33,"A2":145,"A3":177,"B1":112,"B2":527,"B3":362,"B4":33}}

--- stderr ---
SingleTrialExperiment starting: ontology=/workspaces/ontologyutils-ekaw26/repair-power-index-replication-ekaw26/ontologies/inconsistent/PLIO.owl, seed=710018, run_id=20260624134028346645
Loaded ontology.
Normalizing ontology with SROIQ normalization...
Normalized ontology with SROIQ normalization.
Ontology is already inconsistent, skipping make-inconsistent step.
Repairing with A1 (random-removal)...
[2026-06-24 16:22:18.349] Checking precondition...
[2026-06-24 16:22:18.357] Starting the repair...
[2026-06-24 16:22:18.363] Found 19 possible bad axioms.
[2026-06-24 16:22:18.365] Selected the bad axiom SubClassOf(Occurrent_Entity Functional_Entity).
[2026-06-24 16:22:18.369] Found 18 possible bad axioms.
[2026-06-24 16:22:18.370] Selected the bad axiom SubClassOf(Occurrent_Entity Entity).
[2026-06-24 16:22:18.374] Found 17 possible bad axioms.
[2026-06-24 16:22:18.374] Selected the bad axiom SubClassOf(Entity owl:Nothing).
[2026-06-24 16:22:18.377] Finished repairing the ontology.
Repairing with A2 (not-in-largest-mcs-removal)...
[2026-06-24 16:22:18.378] Checking precondition...
[2026-06-24 16:22:18.386] Starting the repair...
[2026-06-24 16:22:18.521] Found 1 possible bad axioms.
[2026-06-24 16:22:18.521] Selected the bad axiom SubClassOf(Entity owl:Nothing).
[2026-06-24 16:22:18.523] Finished repairing the ontology.
Repairing with A3 (default-weakening)...
[2026-06-24 16:22:18.524] Checking precondition...
[2026-06-24 16:22:18.528] Starting the repair...
[2026-06-24 16:22:18.538] Selected a reference ontology with 24 axioms.
[2026-06-24 16:22:18.691] Selected the bad axiom SubClassOf(Entity owl:Nothing).
[2026-06-24 16:22:18.699] Selected the weaker axiom SubClassOf(Entity Processual_Entity).
[2026-06-24 16:22:18.700] Finished repairing the ontology.
Repairing with B1 (bad-in_some_mus-weaker-random)...
[2026-06-24 16:22:18.701] Checking precondition...
[2026-06-24 16:22:18.703] Starting the repair...
[2026-06-24 16:22:18.707] Selected a reference ontology with 25 axioms.
[2026-06-24 16:22:18.810] Selected the bad axiom SubClassOf(Entity owl:Nothing).
[2026-06-24 16:22:18.812] Selected the weaker axiom SubClassOf(Entity Processual_Entity).
[2026-06-24 16:22:18.812] Finished repairing the ontology.
Repairing with B2 (bad-in_some_mus-weaker-shapley)...
[2026-06-24 16:22:18.814] Checking precondition...
[2026-06-24 16:22:18.815] Starting the repair...
[2026-06-24 16:22:18.818] Selected a reference ontology with 25 axioms.
[2026-06-24 16:22:18.880] Selected the bad axiom SubClassOf(Entity owl:Nothing).
[PowerIndexWeakerAxiomSelector] Scoring 14 candidate weakenings for Entity ⊑ ⊥
[PowerIndexWeakerAxiomSelector] Selected weaker axiom: Entity ⊑ Continuant_Entity
[2026-06-24 16:22:19.337] Selected the weaker axiom SubClassOf(Entity Continuant_Entity).
[2026-06-24 16:22:19.340] Finished repairing the ontology.
Repairing with B3 (bad-in_some_mus-weaker-banzhaf)...
[2026-06-24 16:22:19.341] Checking precondition...
[2026-06-24 16:22:19.342] Starting the r
...[truncated]
FAIL: attempt=51 seed=710018 status=memory_limit_exceeded stage=B4 message=Repair failed: ExecutionException: java.lang.NullPointerException: operands cannot be null or empty
progress: ontology=PLIO attempt=51 success=25/100
----- PLIO attempt=52 seed=724218 at 2026-06-24 16:22:19 -----
--- stdout ---
{"seed":724218,"run_id":"20260624134028346645","trial_status":"memory_limit_exceeded","error_type":"failure","failure_stage":"B6","error_message":"Repair failed: ExecutionException: java.lang.IllegalStateException: Could not find a weakening for axiom: ⊤ ⊑ Processual_Entity","iic_values":{},"repair_runtimes_ms":{"A1":47,"A2":111,"A3":166,"B1":116,"B2":512,"B3":390,"B4":35,"B5":446,"B6":185}}

--- stderr ---
SingleTrialExperiment starting: ontology=/workspaces/ontologyutils-ekaw26/repair-power-index-replication-ekaw26/ontologies/inconsistent/PLIO.owl, seed=724218, run_id=20260624134028346645
Loaded ontology.
Normalizing ontology with SROIQ normalization...
Normalized ontology with SROIQ normalization.
Ontology is already inconsistent, skipping make-inconsistent step.
Repairing with A1 (random-removal)...
[2026-06-24 16:22:20.123] Checking precondition...
[2026-06-24 16:22:20.132] Starting the repair...
[2026-06-24 16:22:20.137] Found 19 possible bad axioms.
[2026-06-24 16:22:20.139] Selected the bad axiom SubClassOf(Entity Independent_Continuant_Entity).
[2026-06-24 16:22:20.143] Found 18 possible bad axioms.
[2026-06-24 16:22:20.144] Selected the bad axiom SubClassOf(Functional_Entity Independent_Continuant_Entity).
[2026-06-24 16:22:20.147] Found 17 possible bad axioms.
[2026-06-24 16:22:20.147] Selected the bad axiom SubClassOf(Continuant_Entity Processual_Entity).
[2026-06-24 16:22:20.150] Found 16 possible bad axioms.
[2026-06-24 16:22:20.151] Selected the bad axiom SubClassOf(Independent_Continuant_Entity Continuant_Entity).
[2026-06-24 16:22:20.153] Found 15 possible bad axioms.
[2026-06-24 16:22:20.153] Selected the bad axiom SubClassOf(Continuant_Entity Occurrent_Entity).
[2026-06-24 16:22:20.156] Found 14 possible bad axioms.
[2026-06-24 16:22:20.156] Selected the bad axiom SubClassOf(Entity Continuant_Entity).
[2026-06-24 16:22:20.160] Found 13 possible bad axioms.
[2026-06-24 16:22:20.160] Selected the bad axiom SubClassOf(Continuant_Entity Entity).
[2026-06-24 16:22:20.162] Found 12 possible bad axioms.
[2026-06-24 16:22:20.162] Selected the bad axiom SubClassOf(Entity Functional_Entity).
[2026-06-24 16:22:20.164] Found 11 possible bad axioms.
[2026-06-24 16:22:20.164] Selected the bad axiom SubClassOf(Entity owl:Nothing).
[2026-06-24 16:22:20.165] Finished repairing the ontology.
Repairing with A2 (not-in-largest-mcs-removal)...
[2026-06-24 16:22:20.166] Checking precondition...
[2026-06-24 16:22:20.174] Starting the repair...
[2026-06-24 16:22:20.275] Found 1 possible bad axioms.
[2026-06-24 16:22:20.276] Selected the bad axiom SubClassOf(Entity owl:Nothing).
[2026-06-24 16:22:20.277] Finished repairing the ontology.
Repairing with A3 (default-weakening)...
[2026-06-24 16:22:20.279] Checking precondition...
[2026-06-24 16:22:20.281] Starting the repair...
[2026-06-24 16:22:20.295] Selected a reference ontology with 24 axioms.
[2026-06-24 16:22:20.433] Selected the bad axiom SubClassOf(Entity owl:Nothing).
[2026-06-24 16:22:20.442] Selected the weaker axiom SubClassOf(Entity Continuant_Entity).
[2026-06-24 16:22:20.443] Finished repairing the ontology.
Repairing with B1 (bad-in_some_mus-weaker-random)...
[2026-06-24 16:22:20.444] Checking precondition...
[2026-06-24 16:22:20.445] Starting the repair...
[2026-06-24 16:22:20.448] Selected a reference ontology with 25 axioms.
[2026-06-24 16:22:20.550] Selected the bad axiom SubClassOf(Enti
...[truncated]
FAIL: attempt=52 seed=724218 status=memory_limit_exceeded stage=B6 message=Repair failed: ExecutionException: java.lang.IllegalStateException: Could not find a weakening for axiom: ⊤ ⊑ Processual_Entity
progress: ontology=PLIO attempt=52 success=25/100
----- PLIO attempt=53 seed=738418 at 2026-06-24 16:22:22 -----
--- stdout ---
{"seed":738418,"run_id":"20260624134028346645","trial_status":"success","error_type":null,"failure_stage":null,"error_message":null,"iic_values":{"B1_vs_A1":0.8,"B1_vs_A2":0.5,"B1_vs_A3":0.5,"B2_vs_A1":0.8,"B2_vs_A2":0.5,"B2_vs_A3":0.5,"B3_vs_A1":0.8,"B3_vs_A2":0.5,"B3_vs_A3":0.5,"B4_vs_A1":1.0,"B4_vs_A2":0.5,"B4_vs_A3":0.5,"B5_vs_A1":1.0,"B5_vs_A2":0.5,"B5_vs_A3":0.5,"B6_vs_A1":1.0,"B6_vs_A2":0.5,"B6_vs_A3":0.5,"B7_vs_A1":1.0,"B7_vs_A2":0.5,"B7_vs_A3":0.5,"B8_vs_A1":1.0,"B8_vs_A2":0.5,"B8_vs_A3":0.5,"B9_vs_A1":1.0,"B9_vs_A2":0.5,"B9_vs_A3":0.5},"repair_runtimes_ms":{"A1":47,"A2":142,"A3":267,"B1":86,"B2":576,"B3":197,"B4":24,"B5":469,"B6":319,"B7":20,"B8":353,"B9":226}}

--- stderr ---
SingleTrialExperiment starting: ontology=/workspaces/ontologyutils-ekaw26/repair-power-index-replication-ekaw26/ontologies/inconsistent/PLIO.owl, seed=738418, run_id=20260624134028346645
Loaded ontology.
Normalizing ontology with SROIQ normalization...
Normalized ontology with SROIQ normalization.
Ontology is already inconsistent, skipping make-inconsistent step.
Repairing with A1 (random-removal)...
[2026-06-24 16:22:22.507] Checking precondition...
[2026-06-24 16:22:22.516] Starting the repair...
[2026-06-24 16:22:22.522] Found 19 possible bad axioms.
[2026-06-24 16:22:22.524] Selected the bad axiom SubClassOf(Occurrent_Entity Independent_Continuant_Entity).
[2026-06-24 16:22:22.528] Found 18 possible bad axioms.
[2026-06-24 16:22:22.529] Selected the bad axiom SubClassOf(Continuant_Entity Entity).
[2026-06-24 16:22:22.532] Found 17 possible bad axioms.
[2026-06-24 16:22:22.532] Selected the bad axiom SubClassOf(Entity Functional_Entity).
[2026-06-24 16:22:22.535] Found 16 possible bad axioms.
[2026-06-24 16:22:22.536] Selected the bad axiom SubClassOf(Entity owl:Thing).
[2026-06-24 16:22:22.540] Found 15 possible bad axioms.
[2026-06-24 16:22:22.540] Selected the bad axiom SubClassOf(owl:Thing Processual_Entity).
[2026-06-24 16:22:22.543] Found 14 possible bad axioms.
[2026-06-24 16:22:22.543] Selected the bad axiom SubClassOf(Independent_Continuant_Entity Continuant_Entity).
[2026-06-24 16:22:22.546] Found 13 possible bad axioms.
[2026-06-24 16:22:22.546] Selected the bad axiom SubClassOf(Functional_Entity Independent_Continuant_Entity).
[2026-06-24 16:22:22.548] Found 12 possible bad axioms.
[2026-06-24 16:22:22.548] Selected the bad axiom SubClassOf(owl:Thing Occurrent_Entity).
[2026-06-24 16:22:22.550] Finished repairing the ontology.
Repairing with A2 (not-in-largest-mcs-removal)...
[2026-06-24 16:22:22.551] Checking precondition...
[2026-06-24 16:22:22.555] Starting the repair...
[2026-06-24 16:22:22.691] Found 1 possible bad axioms.
[2026-06-24 16:22:22.691] Selected the bad axiom SubClassOf(Entity owl:Nothing).
[2026-06-24 16:22:22.692] Finished repairing the ontology.
Repairing with A3 (default-weakening)...
[2026-06-24 16:22:22.694] Checking precondition...
[2026-06-24 16:22:22.696] Starting the repair...
[2026-06-24 16:22:22.707] Selected a reference ontology with 25 axioms.
[2026-06-24 16:22:22.852] Selected the bad axiom SubClassOf(Entity owl:Nothing).
[2026-06-24 16:22:22.861] Selected the weaker axiom SubClassOf(Functional_Entity owl:Nothing).
[2026-06-24 16:22:22.959] Selected the bad axiom SubClassOf(Functional_Entity owl:Nothing).
[2026-06-24 16:22:22.959] Selected the weaker axiom SubClassOf(Functional_Entity Functional_Entity).
[2026-06-24 16:22:22.960] Finished repairing the ontology.
Repairing with B1 (bad-in_some_mus-weaker-random)...
[2026-06-24 16:22:22.960] Checking precondition...
[2026-06-24 16:22:22.962] Starting the repair...
[2026-06-24 16:22:22.966] Selected a reference ontology with 24 axioms.
[2026-06-24 16:22
...[truncated]
SUCCESS: attempt=53 seed=738418 success_count=26/100
progress: ontology=PLIO attempt=53 success=26/100
----- PLIO attempt=54 seed=752618 at 2026-06-24 16:22:25 -----
--- stdout ---
{"seed":752618,"run_id":"20260624134028346645","trial_status":"memory_limit_exceeded","error_type":"failure","failure_stage":"B1","error_message":"Repair failed: ExecutionException: java.lang.NullPointerException: operands cannot be null or empty","iic_values":{},"repair_runtimes_ms":{"A1":44,"A2":139,"A3":185,"B1":177}}

--- stderr ---
SingleTrialExperiment starting: ontology=/workspaces/ontologyutils-ekaw26/repair-power-index-replication-ekaw26/ontologies/inconsistent/PLIO.owl, seed=752618, run_id=20260624134028346645
Loaded ontology.
Normalizing ontology with SROIQ normalization...
Normalized ontology with SROIQ normalization.
Ontology is already inconsistent, skipping make-inconsistent step.
Repairing with A1 (random-removal)...
[2026-06-24 16:22:25.655] Checking precondition...
[2026-06-24 16:22:25.665] Starting the repair...
[2026-06-24 16:22:25.671] Found 19 possible bad axioms.
[2026-06-24 16:22:25.673] Selected the bad axiom SubClassOf(Entity owl:Thing).
[2026-06-24 16:22:25.678] Found 18 possible bad axioms.
[2026-06-24 16:22:25.678] Selected the bad axiom SubClassOf(Entity Occurrent_Entity).
[2026-06-24 16:22:25.682] Found 17 possible bad axioms.
[2026-06-24 16:22:25.682] Selected the bad axiom SubClassOf(owl:Thing Occurrent_Entity).
[2026-06-24 16:22:25.686] Found 16 possible bad axioms.
[2026-06-24 16:22:25.686] Selected the bad axiom SubClassOf(Occurrent_Entity Entity).
[2026-06-24 16:22:25.689] Found 15 possible bad axioms.
[2026-06-24 16:22:25.690] Selected the bad axiom SubClassOf(Entity Functional_Entity).
[2026-06-24 16:22:25.693] Found 14 possible bad axioms.
[2026-06-24 16:22:25.693] Selected the bad axiom SubClassOf(Continuant_Entity Entity).
[2026-06-24 16:22:25.695] Finished repairing the ontology.
Repairing with A2 (not-in-largest-mcs-removal)...
[2026-06-24 16:22:25.696] Checking precondition...
[2026-06-24 16:22:25.702] Starting the repair...
[2026-06-24 16:22:25.833] Found 1 possible bad axioms.
[2026-06-24 16:22:25.833] Selected the bad axiom SubClassOf(Entity owl:Nothing).
[2026-06-24 16:22:25.835] Finished repairing the ontology.
Repairing with A3 (default-weakening)...
[2026-06-24 16:22:25.837] Checking precondition...
[2026-06-24 16:22:25.840] Starting the repair...
[2026-06-24 16:22:25.855] Selected a reference ontology with 25 axioms.
[2026-06-24 16:22:26.010] Selected the bad axiom SubClassOf(Entity owl:Nothing).
[2026-06-24 16:22:26.019] Selected the weaker axiom SubClassOf(Entity Continuant_Entity).
[2026-06-24 16:22:26.020] Finished repairing the ontology.
Repairing with B1 (bad-in_some_mus-weaker-random)...
[2026-06-24 16:22:26.021] Checking precondition...
[2026-06-24 16:22:26.023] Starting the repair...
[2026-06-24 16:22:26.028] Selected a reference ontology with 25 axioms.
[2026-06-24 16:22:26.126] Selected the bad axiom SubClassOf(Entity owl:Nothing).
[2026-06-24 16:22:26.128] Selected the weaker axiom SubClassOf(Occurrent_Entity owl:Nothing).
[2026-06-24 16:22:26.195] Selected the bad axiom SubClassOf(Occurrent_Entity owl:Nothing).
[2026-06-24 16:22:26.196] Selected the weaker axiom SubClassOf(owl:Thing owl:Nothing).
Failure: Repair failed: ExecutionException: java.lang.NullPointerException: operands cannot be null or empty

FAIL: attempt=54 seed=752618 status=memory_limit_exceeded stage=B1 message=Repair failed: ExecutionException: java.lang.NullPointerException: operands cannot be null or empty
progress: ontology=PLIO attempt=54 success=26/100
----- PLIO attempt=55 seed=766818 at 2026-06-24 16:22:26 -----
--- stdout ---
{"seed":766818,"run_id":"20260624134028346645","trial_status":"success","error_type":null,"failure_stage":null,"error_message":null,"iic_values":{"B1_vs_A1":0.8571428571428571,"B1_vs_A2":0.5,"B1_vs_A3":0.5,"B2_vs_A1":0.8571428571428571,"B2_vs_A2":0.5,"B2_vs_A3":0.5,"B3_vs_A1":0.8571428571428571,"B3_vs_A2":0.5,"B3_vs_A3":0.5,"B4_vs_A1":0.6666666666666666,"B4_vs_A2":0.5,"B4_vs_A3":0.5,"B5_vs_A1":0.6666666666666666,"B5_vs_A2":0.5,"B5_vs_A3":0.5,"B6_vs_A1":0.6666666666666666,"B6_vs_A2":0.5,"B6_vs_A3":0.5,"B7_vs_A1":0.6666666666666666,"B7_vs_A2":0.5,"B7_vs_A3":0.5,"B8_vs_A1":0.6666666666666666,"B8_vs_A2":0.5,"B8_vs_A3":0.5,"B9_vs_A1":0.6666666666666666,"B9_vs_A2":0.5,"B9_vs_A3":0.5},"repair_runtimes_ms":{"A1":30,"A2":148,"A3":262,"B1":85,"B2":550,"B3":304,"B4":24,"B5":425,"B6":314,"B7":27,"B8":342,"B9":288}}

--- stderr ---
SingleTrialExperiment starting: ontology=/workspaces/ontologyutils-ekaw26/repair-power-index-replication-ekaw26/ontologies/inconsistent/PLIO.owl, seed=766818, run_id=20260624134028346645
Loaded ontology.
Normalizing ontology with SROIQ normalization...
Normalized ontology with SROIQ normalization.
Ontology is already inconsistent, skipping make-inconsistent step.
Repairing with A1 (random-removal)...
[2026-06-24 16:22:26.593] Checking precondition...
[2026-06-24 16:22:26.601] Starting the repair...
[2026-06-24 16:22:26.607] Found 19 possible bad axioms.
[2026-06-24 16:22:26.609] Selected the bad axiom SubClassOf(Occurrent_Entity Entity).
[2026-06-24 16:22:26.614] Found 18 possible bad axioms.
[2026-06-24 16:22:26.615] Selected the bad axiom SubClassOf(Continuant_Entity Entity).
[2026-06-24 16:22:26.618] Finished repairing the ontology.
Repairing with A2 (not-in-largest-mcs-removal)...
[2026-06-24 16:22:26.618] Checking precondition...
[2026-06-24 16:22:26.626] Starting the repair...
[2026-06-24 16:22:26.765] Found 1 possible bad axioms.
[2026-06-24 16:22:26.765] Selected the bad axiom SubClassOf(Entity owl:Nothing).
[2026-06-24 16:22:26.767] Finished repairing the ontology.
Repairing with A3 (default-weakening)...
[2026-06-24 16:22:26.768] Checking precondition...
[2026-06-24 16:22:26.774] Starting the repair...
[2026-06-24 16:22:26.783] Selected a reference ontology with 24 axioms.
[2026-06-24 16:22:26.915] Selected the bad axiom SubClassOf(Entity owl:Nothing).
[2026-06-24 16:22:26.923] Selected the weaker axiom SubClassOf(Continuant_Entity owl:Nothing).
[2026-06-24 16:22:27.028] Selected the bad axiom SubClassOf(Continuant_Entity owl:Nothing).
[2026-06-24 16:22:27.029] Selected the weaker axiom SubClassOf(Continuant_Entity Continuant_Entity).
[2026-06-24 16:22:27.030] Finished repairing the ontology.
Repairing with B1 (bad-in_some_mus-weaker-random)...
[2026-06-24 16:22:27.031] Checking precondition...
[2026-06-24 16:22:27.032] Starting the repair...
[2026-06-24 16:22:27.034] Selected a reference ontology with 25 axioms.
[2026-06-24 16:22:27.111] Selected the bad axiom SubClassOf(Entity owl:Nothing).
[2026-06-24 16:22:27.114] Selected the weaker axiom SubClassOf(owl:Nothing owl:Nothing).
[2026-06-24 16:22:27.115] Finished repairing the ontology.
Repairing with B2 (bad-in_some_mus-weaker-shapley)...
[2026-06-24 16:22:27.117] Checking precondition...
[2026-06-24 16:22:27.118] Starting the repair...
[2026-06-24 16:22:27.122] Selected a reference ontology with 24 axioms.
[2026-06-24 16:22:27.190] Selected the bad axiom SubClassOf(Entity owl:Nothing).
[PowerIndexWeakerAxiomSelector] Scoring 12 candidate weakenings for Entity ⊑ ⊥
[PowerIndexWeakerAxiomSelector] Selected weaker axiom: Entity ⊑ Continuant_Entity
[2026-06-24 16:22:27.663] Selected the weaker axiom SubClassOf(Entity Continuant_Entity).
[2026-06-24 16:22:27.665] Finished repairing the ontology.
Repairing with B3 (bad-in_some_mus-weaker-banzhaf)...
[2026-06-24 16:22:27.666] Checking precon
...[truncated]
SUCCESS: attempt=55 seed=766818 success_count=27/100
progress: ontology=PLIO attempt=55 success=27/100
----- PLIO attempt=56 seed=781018 at 2026-06-24 16:22:29 -----
--- stdout ---
{"seed":781018,"run_id":"20260624134028346645","trial_status":"memory_limit_exceeded","error_type":"failure","failure_stage":"B9","error_message":"Repair failed: ExecutionException: java.lang.IllegalStateException: Could not find a weakening for axiom: ⊤ ⊑ Processual_Entity","iic_values":{},"repair_runtimes_ms":{"A1":32,"A2":129,"A3":167,"B1":174,"B2":418,"B3":278,"B4":25,"B5":387,"B6":351,"B7":20,"B8":315,"B9":180}}

--- stderr ---
SingleTrialExperiment starting: ontology=/workspaces/ontologyutils-ekaw26/repair-power-index-replication-ekaw26/ontologies/inconsistent/PLIO.owl, seed=781018, run_id=20260624134028346645
Loaded ontology.
Normalizing ontology with SROIQ normalization...
Normalized ontology with SROIQ normalization.
Ontology is already inconsistent, skipping make-inconsistent step.
Repairing with A1 (random-removal)...
[2026-06-24 16:22:29.782] Checking precondition...
[2026-06-24 16:22:29.792] Starting the repair...
[2026-06-24 16:22:29.798] Found 19 possible bad axioms.
[2026-06-24 16:22:29.800] Selected the bad axiom SubClassOf(Entity Occurrent_Entity).
[2026-06-24 16:22:29.803] Found 18 possible bad axioms.
[2026-06-24 16:22:29.804] Selected the bad axiom SubClassOf(Processual_Entity Occurrent_Entity).
[2026-06-24 16:22:29.807] Found 17 possible bad axioms.
[2026-06-24 16:22:29.807] Selected the bad axiom SubClassOf(owl:Thing Occurrent_Entity).
[2026-06-24 16:22:29.810] Finished repairing the ontology.
Repairing with A2 (not-in-largest-mcs-removal)...
[2026-06-24 16:22:29.811] Checking precondition...
[2026-06-24 16:22:29.817] Starting the repair...
[2026-06-24 16:22:29.939] Found 1 possible bad axioms.
[2026-06-24 16:22:29.939] Selected the bad axiom SubClassOf(Entity owl:Nothing).
[2026-06-24 16:22:29.940] Finished repairing the ontology.
Repairing with A3 (default-weakening)...
[2026-06-24 16:22:29.942] Checking precondition...
[2026-06-24 16:22:29.944] Starting the repair...
[2026-06-24 16:22:29.959] Selected a reference ontology with 25 axioms.
[2026-06-24 16:22:30.094] Selected the bad axiom SubClassOf(Entity owl:Nothing).
[2026-06-24 16:22:30.106] Selected the weaker axiom SubClassOf(Entity Functional_Entity).
[2026-06-24 16:22:30.108] Finished repairing the ontology.
Repairing with B1 (bad-in_some_mus-weaker-random)...
[2026-06-24 16:22:30.109] Checking precondition...
[2026-06-24 16:22:30.110] Starting the repair...
[2026-06-24 16:22:30.115] Selected a reference ontology with 25 axioms.
[2026-06-24 16:22:30.210] Selected the bad axiom SubClassOf(Entity owl:Nothing).
[2026-06-24 16:22:30.212] Selected the weaker axiom SubClassOf(Processual_Entity owl:Nothing).
[2026-06-24 16:22:30.282] Selected the bad axiom SubClassOf(Processual_Entity owl:Nothing).
[2026-06-24 16:22:30.282] Selected the weaker axiom SubClassOf(Processual_Entity Processual_Entity).
[2026-06-24 16:22:30.283] Finished repairing the ontology.
Repairing with B2 (bad-in_some_mus-weaker-shapley)...
[2026-06-24 16:22:30.284] Checking precondition...
[2026-06-24 16:22:30.287] Starting the repair...
[2026-06-24 16:22:30.290] Selected a reference ontology with 24 axioms.
[2026-06-24 16:22:30.350] Selected the bad axiom SubClassOf(Entity owl:Nothing).
[PowerIndexWeakerAxiomSelector] Scoring 8 candidate weakenings for Entity ⊑ ⊥
[PowerIndexWeakerAxiomSelector] Selected weaker axiom: Entity ⊑ Continuant_Entity
[2026-06-24 16:22:30.700] Selected the weaker axiom SubClassOf(Entity Continuant_Entity).
...[truncated]
FAIL: attempt=56 seed=781018 status=memory_limit_exceeded stage=B9 message=Repair failed: ExecutionException: java.lang.IllegalStateException: Could not find a weakening for axiom: ⊤ ⊑ Processual_Entity
progress: ontology=PLIO attempt=56 success=27/100
----- PLIO attempt=57 seed=795218 at 2026-06-24 16:22:32 -----
--- stdout ---
{"seed":795218,"run_id":"20260624134028346645","trial_status":"success","error_type":null,"failure_stage":null,"error_message":null,"iic_values":{"B1_vs_A1":0.8571428571428571,"B1_vs_A2":0.5,"B1_vs_A3":0.5,"B2_vs_A1":0.8571428571428571,"B2_vs_A2":0.5,"B2_vs_A3":0.5,"B3_vs_A1":0.8571428571428571,"B3_vs_A2":0.5,"B3_vs_A3":0.5,"B4_vs_A1":0.6666666666666666,"B4_vs_A2":0.5,"B4_vs_A3":0.5,"B5_vs_A1":0.6666666666666666,"B5_vs_A2":0.5,"B5_vs_A3":0.5,"B6_vs_A1":0.6666666666666666,"B6_vs_A2":0.5,"B6_vs_A3":0.5,"B7_vs_A1":0.6666666666666666,"B7_vs_A2":0.5,"B7_vs_A3":0.5,"B8_vs_A1":0.6666666666666666,"B8_vs_A2":0.5,"B8_vs_A3":0.5,"B9_vs_A1":0.6666666666666666,"B9_vs_A2":0.5,"B9_vs_A3":0.5},"repair_runtimes_ms":{"A1":43,"A2":152,"A3":258,"B1":85,"B2":566,"B3":257,"B4":22,"B5":440,"B6":265,"B7":20,"B8":347,"B9":268}}

--- stderr ---
SingleTrialExperiment starting: ontology=/workspaces/ontologyutils-ekaw26/repair-power-index-replication-ekaw26/ontologies/inconsistent/PLIO.owl, seed=795218, run_id=20260624134028346645
Loaded ontology.
Normalizing ontology with SROIQ normalization...
Normalized ontology with SROIQ normalization.
Ontology is already inconsistent, skipping make-inconsistent step.
Repairing with A1 (random-removal)...
[2026-06-24 16:22:32.640] Checking precondition...
[2026-06-24 16:22:32.649] Starting the repair...
[2026-06-24 16:22:32.655] Found 19 possible bad axioms.
[2026-06-24 16:22:32.657] Selected the bad axiom SubClassOf(owl:Thing Occurrent_Entity).
[2026-06-24 16:22:32.662] Found 18 possible bad axioms.
[2026-06-24 16:22:32.663] Selected the bad axiom SubClassOf(Continuant_Entity Entity).
[2026-06-24 16:22:32.665] Found 17 possible bad axioms.
[2026-06-24 16:22:32.666] Selected the bad axiom SubClassOf(Entity Functional_Entity).
[2026-06-24 16:22:32.670] Found 16 possible bad axioms.
[2026-06-24 16:22:32.670] Selected the bad axiom SubClassOf(Entity Occurrent_Entity).
[2026-06-24 16:22:32.673] Found 15 possible bad axioms.
[2026-06-24 16:22:32.674] Selected the bad axiom SubClassOf(Continuant_Entity Occurrent_Entity).
[2026-06-24 16:22:32.677] Found 14 possible bad axioms.
[2026-06-24 16:22:32.677] Selected the bad axiom SubClassOf(Occurrent_Entity Entity).
[2026-06-24 16:22:32.679] Finished repairing the ontology.
Repairing with A2 (not-in-largest-mcs-removal)...
[2026-06-24 16:22:32.680] Checking precondition...
[2026-06-24 16:22:32.685] Starting the repair...
[2026-06-24 16:22:32.830] Found 1 possible bad axioms.
[2026-06-24 16:22:32.831] Selected the bad axiom SubClassOf(Entity owl:Nothing).
[2026-06-24 16:22:32.832] Finished repairing the ontology.
Repairing with A3 (default-weakening)...
[2026-06-24 16:22:32.833] Checking precondition...
[2026-06-24 16:22:32.835] Starting the repair...
[2026-06-24 16:22:32.842] Selected a reference ontology with 25 axioms.
[2026-06-24 16:22:32.986] Selected the bad axiom SubClassOf(Entity owl:Nothing).
[2026-06-24 16:22:32.995] Selected the weaker axiom SubClassOf(Occurrent_Entity owl:Nothing).
[2026-06-24 16:22:33.089] Selected the bad axiom SubClassOf(Occurrent_Entity owl:Nothing).
[2026-06-24 16:22:33.089] Selected the weaker axiom SubClassOf(Occurrent_Entity Continuant_Entity).
[2026-06-24 16:22:33.090] Finished repairing the ontology.
Repairing with B1 (bad-in_some_mus-weaker-random)...
[2026-06-24 16:22:33.091] Checking precondition...
[2026-06-24 16:22:33.093] Starting the repair...
[2026-06-24 16:22:33.097] Selected a reference ontology with 24 axioms.
[2026-06-24 16:22:33.173] Selected the bad axiom SubClassOf(Entity owl:Nothing).
[2026-06-24 16:22:33.175] Selected the weaker axiom SubClassOf(Entity Processual_Entity).
[2026-06-24 16:22:33.176] Finished repairing the ontology.
Repairing with B2 (bad-in_some_mus-weaker-shapley)...
[2026-06-24 16:22:33.178] Checking precondition...
[2026-06-24 16:22:33.179] 
...[truncated]
SUCCESS: attempt=57 seed=795218 success_count=28/100
progress: ontology=PLIO attempt=57 success=28/100
----- PLIO attempt=58 seed=809418 at 2026-06-24 16:22:35 -----
--- stdout ---
{"seed":809418,"run_id":"20260624134028346645","trial_status":"memory_limit_exceeded","error_type":"failure","failure_stage":"B1","error_message":"Repair failed: ExecutionException: java.lang.NullPointerException: operands cannot be null or empty","iic_values":{},"repair_runtimes_ms":{"A1":53,"A2":150,"A3":254,"B1":87}}

--- stderr ---
SingleTrialExperiment starting: ontology=/workspaces/ontologyutils-ekaw26/repair-power-index-replication-ekaw26/ontologies/inconsistent/PLIO.owl, seed=809418, run_id=20260624134028346645
Loaded ontology.
Normalizing ontology with SROIQ normalization...
Normalized ontology with SROIQ normalization.
Ontology is already inconsistent, skipping make-inconsistent step.
Repairing with A1 (random-removal)...
[2026-06-24 16:22:35.759] Checking precondition...
[2026-06-24 16:22:35.768] Starting the repair...
[2026-06-24 16:22:35.775] Found 19 possible bad axioms.
[2026-06-24 16:22:35.776] Selected the bad axiom SubClassOf(Occurrent_Entity Continuant_Entity).
[2026-06-24 16:22:35.782] Found 18 possible bad axioms.
[2026-06-24 16:22:35.783] Selected the bad axiom SubClassOf(Entity Occurrent_Entity).
[2026-06-24 16:22:35.786] Found 17 possible bad axioms.
[2026-06-24 16:22:35.786] Selected the bad axiom SubClassOf(owl:Thing Occurrent_Entity).
[2026-06-24 16:22:35.790] Found 16 possible bad axioms.
[2026-06-24 16:22:35.791] Selected the bad axiom SubClassOf(Entity Functional_Entity).
[2026-06-24 16:22:35.795] Found 15 possible bad axioms.
[2026-06-24 16:22:35.795] Selected the bad axiom SubClassOf(Continuant_Entity Entity).
[2026-06-24 16:22:35.799] Found 14 possible bad axioms.
[2026-06-24 16:22:35.799] Selected the bad axiom SubClassOf(Functional_Entity Independent_Continuant_Entity).
[2026-06-24 16:22:35.802] Found 13 possible bad axioms.
[2026-06-24 16:22:35.802] Selected the bad axiom SubClassOf(Continuant_Entity Processual_Entity).
[2026-06-24 16:22:35.805] Found 12 possible bad axioms.
[2026-06-24 16:22:35.805] Selected the bad axiom SubClassOf(Entity owl:Nothing).
[2026-06-24 16:22:35.807] Finished repairing the ontology.
Repairing with A2 (not-in-largest-mcs-removal)...
[2026-06-24 16:22:35.808] Checking precondition...
[2026-06-24 16:22:35.813] Starting the repair...
[2026-06-24 16:22:35.957] Found 1 possible bad axioms.
[2026-06-24 16:22:35.957] Selected the bad axiom SubClassOf(Entity owl:Nothing).
[2026-06-24 16:22:35.958] Finished repairing the ontology.
Repairing with A3 (default-weakening)...
[2026-06-24 16:22:35.959] Checking precondition...
[2026-06-24 16:22:35.961] Starting the repair...
[2026-06-24 16:22:35.968] Selected a reference ontology with 25 axioms.
[2026-06-24 16:22:36.121] Selected the bad axiom SubClassOf(Entity owl:Nothing).
[2026-06-24 16:22:36.130] Selected the weaker axiom SubClassOf(Occurrent_Entity owl:Nothing).
[2026-06-24 16:22:36.211] Selected the bad axiom SubClassOf(Occurrent_Entity owl:Nothing).
[2026-06-24 16:22:36.211] Selected the weaker axiom SubClassOf(Occurrent_Entity Occurrent_Entity).
[2026-06-24 16:22:36.212] Finished repairing the ontology.
Repairing with B1 (bad-in_some_mus-weaker-random)...
[2026-06-24 16:22:36.213] Checking precondition...
[2026-06-24 16:22:36.214] Starting the repair...
[2026-06-24 16:22:36.217] Selected a reference ontology with 25 axioms.
[2026-06-24 16:22:36.294] Selected the bad axio
...[truncated]
FAIL: attempt=58 seed=809418 status=memory_limit_exceeded stage=B1 message=Repair failed: ExecutionException: java.lang.NullPointerException: operands cannot be null or empty
progress: ontology=PLIO attempt=58 success=28/100
----- PLIO attempt=59 seed=823618 at 2026-06-24 16:22:36 -----
--- stdout ---
{"seed":823618,"run_id":"20260624134028346645","trial_status":"success","error_type":null,"failure_stage":null,"error_message":null,"iic_values":{"B1_vs_A1":0.9166666666666666,"B1_vs_A2":0.5,"B1_vs_A3":0.5,"B2_vs_A1":0.9166666666666666,"B2_vs_A2":0.5,"B2_vs_A3":0.5,"B3_vs_A1":0.9166666666666666,"B3_vs_A2":0.5,"B3_vs_A3":0.5,"B4_vs_A1":0.7777777777777778,"B4_vs_A2":0.5,"B4_vs_A3":0.5,"B5_vs_A1":0.7777777777777778,"B5_vs_A2":0.5,"B5_vs_A3":0.5,"B6_vs_A1":0.7777777777777778,"B6_vs_A2":0.5,"B6_vs_A3":0.5,"B7_vs_A1":0.7777777777777778,"B7_vs_A2":0.5,"B7_vs_A3":0.5,"B8_vs_A1":0.7777777777777778,"B8_vs_A2":0.5,"B8_vs_A3":0.5,"B9_vs_A1":0.7777777777777778,"B9_vs_A2":0.5,"B9_vs_A3":0.5},"repair_runtimes_ms":{"A1":43,"A2":125,"A3":185,"B1":114,"B2":439,"B3":252,"B4":55,"B5":402,"B6":336,"B7":27,"B8":335,"B9":254}}

--- stderr ---
SingleTrialExperiment starting: ontology=/workspaces/ontologyutils-ekaw26/repair-power-index-replication-ekaw26/ontologies/inconsistent/PLIO.owl, seed=823618, run_id=20260624134028346645
Loaded ontology.
Normalizing ontology with SROIQ normalization...
Normalized ontology with SROIQ normalization.
Ontology is already inconsistent, skipping make-inconsistent step.
Repairing with A1 (random-removal)...
[2026-06-24 16:22:36.691] Checking precondition...
[2026-06-24 16:22:36.701] Starting the repair...
[2026-06-24 16:22:36.707] Found 19 possible bad axioms.
[2026-06-24 16:22:36.709] Selected the bad axiom SubClassOf(Processual_Entity Occurrent_Entity).
[2026-06-24 16:22:36.713] Found 18 possible bad axioms.
[2026-06-24 16:22:36.714] Selected the bad axiom SubClassOf(Continuant_Entity Entity).
[2026-06-24 16:22:36.717] Found 17 possible bad axioms.
[2026-06-24 16:22:36.717] Selected the bad axiom SubClassOf(Occurrent_Entity Independent_Continuant_Entity).
[2026-06-24 16:22:36.720] Found 16 possible bad axioms.
[2026-06-24 16:22:36.720] Selected the bad axiom SubClassOf(Functional_Entity Independent_Continuant_Entity).
[2026-06-24 16:22:36.723] Found 15 possible bad axioms.
[2026-06-24 16:22:36.723] Selected the bad axiom SubClassOf(Entity Functional_Entity).
[2026-06-24 16:22:36.726] Found 14 possible bad axioms.
[2026-06-24 16:22:36.726] Selected the bad axiom SubClassOf(Occurrent_Entity Entity).
[2026-06-24 16:22:36.730] Finished repairing the ontology.
Repairing with A2 (not-in-largest-mcs-removal)...
[2026-06-24 16:22:36.731] Checking precondition...
[2026-06-24 16:22:36.736] Starting the repair...
[2026-06-24 16:22:36.854] Found 1 possible bad axioms.
[2026-06-24 16:22:36.855] Selected the bad axiom SubClassOf(Entity owl:Nothing).
[2026-06-24 16:22:36.856] Finished repairing the ontology.
Repairing with A3 (default-weakening)...
[2026-06-24 16:22:36.857] Checking precondition...
[2026-06-24 16:22:36.860] Starting the repair...
[2026-06-24 16:22:36.873] Selected a reference ontology with 25 axioms.
[2026-06-24 16:22:37.030] Selected the bad axiom SubClassOf(Entity owl:Nothing).
[2026-06-24 16:22:37.040] Selected the weaker axiom SubClassOf(owl:Nothing owl:Nothing).
[2026-06-24 16:22:37.042] Finished repairing the ontology.
Repairing with B1 (bad-in_some_mus-weaker-random)...
[2026-06-24 16:22:37.043] Checking precondition...
[2026-06-24 16:22:37.044] Starting the repair...
[2026-06-24 16:22:37.050] Selected a reference ontology with 24 axioms.
[2026-06-24 16:22:37.147] Selected the bad axiom SubClassOf(Entity owl:Nothing).
[2026-06-24 16:22:37.156] Selected the weaker axiom SubClassOf(Entity Entity).
[2026-06-24 16:22:37.157] Finished repairing the ontology.
Repairing with B2 (bad-in_some_mus-weaker-shapley)...
[2026-06-24 16:22:37.159] Checking precondition...
[2026-06-24 16:22:37.159] Starting the repair...
[2026-06-24 16:22:37.162] Selected a reference ontology with 23 axioms.
[2026-06-24 16:22:37.224] Selected the bad axiom SubClassOf(Entity o
...[truncated]
SUCCESS: attempt=59 seed=823618 success_count=29/100
progress: ontology=PLIO attempt=59 success=29/100
----- PLIO attempt=60 seed=837818 at 2026-06-24 16:22:39 -----
--- stdout ---
{"seed":837818,"run_id":"20260624134028346645","trial_status":"success","error_type":null,"failure_stage":null,"error_message":null,"iic_values":{"B1_vs_A1":0.5,"B1_vs_A2":0.5,"B1_vs_A3":0.5,"B2_vs_A1":0.5,"B2_vs_A2":0.5,"B2_vs_A3":0.5,"B3_vs_A1":0.5,"B3_vs_A2":0.5,"B3_vs_A3":0.5,"B4_vs_A1":0.5,"B4_vs_A2":0.5,"B4_vs_A3":0.5,"B5_vs_A1":0.5,"B5_vs_A2":0.5,"B5_vs_A3":0.5,"B6_vs_A1":0.5,"B6_vs_A2":0.5,"B6_vs_A3":0.5,"B7_vs_A1":0.5,"B7_vs_A2":0.5,"B7_vs_A3":0.5,"B8_vs_A1":0.5,"B8_vs_A2":0.5,"B8_vs_A3":0.5,"B9_vs_A1":0.5,"B9_vs_A2":0.5,"B9_vs_A3":0.5},"repair_runtimes_ms":{"A1":28,"A2":144,"A3":329,"B1":127,"B2":514,"B3":349,"B4":24,"B5":416,"B6":340,"B7":26,"B8":310,"B9":289}}

--- stderr ---
SingleTrialExperiment starting: ontology=/workspaces/ontologyutils-ekaw26/repair-power-index-replication-ekaw26/ontologies/inconsistent/PLIO.owl, seed=837818, run_id=20260624134028346645
Loaded ontology.
Normalizing ontology with SROIQ normalization...
Normalized ontology with SROIQ normalization.
Ontology is already inconsistent, skipping make-inconsistent step.
Repairing with A1 (random-removal)...
[2026-06-24 16:22:39.650] Checking precondition...
[2026-06-24 16:22:39.659] Starting the repair...
[2026-06-24 16:22:39.665] Found 19 possible bad axioms.
[2026-06-24 16:22:39.666] Selected the bad axiom SubClassOf(Entity Occurrent_Entity).
[2026-06-24 16:22:39.670] Found 18 possible bad axioms.
[2026-06-24 16:22:39.671] Selected the bad axiom SubClassOf(Entity owl:Nothing).
[2026-06-24 16:22:39.674] Finished repairing the ontology.
Repairing with A2 (not-in-largest-mcs-removal)...
[2026-06-24 16:22:39.675] Checking precondition...
[2026-06-24 16:22:39.681] Starting the repair...
[2026-06-24 16:22:39.817] Found 1 possible bad axioms.
[2026-06-24 16:22:39.817] Selected the bad axiom SubClassOf(Entity owl:Nothing).
[2026-06-24 16:22:39.819] Finished repairing the ontology.
Repairing with A3 (default-weakening)...
[2026-06-24 16:22:39.821] Checking precondition...
[2026-06-24 16:22:39.825] Starting the repair...
[2026-06-24 16:22:39.835] Selected a reference ontology with 24 axioms.
[2026-06-24 16:22:39.977] Selected the bad axiom SubClassOf(Entity owl:Nothing).
[2026-06-24 16:22:39.986] Selected the weaker axiom SubClassOf(Occurrent_Entity owl:Nothing).
[2026-06-24 16:22:40.077] Selected the bad axiom SubClassOf(Occurrent_Entity owl:Nothing).
[2026-06-24 16:22:40.078] Selected the weaker axiom SubClassOf(Independent_Continuant_Entity owl:Nothing).
[2026-06-24 16:22:40.148] Selected the bad axiom SubClassOf(Independent_Continuant_Entity owl:Nothing).
[2026-06-24 16:22:40.148] Selected the weaker axiom SubClassOf(Independent_Continuant_Entity Continuant_Entity).
[2026-06-24 16:22:40.149] Finished repairing the ontology.
Repairing with B1 (bad-in_some_mus-weaker-random)...
[2026-06-24 16:22:40.150] Checking precondition...
[2026-06-24 16:22:40.150] Starting the repair...
[2026-06-24 16:22:40.153] Selected a reference ontology with 25 axioms.
[2026-06-24 16:22:40.212] Selected the bad axiom SubClassOf(Entity owl:Nothing).
[2026-06-24 16:22:40.214] Selected the weaker axiom SubClassOf(Functional_Entity owl:Nothing).
[2026-06-24 16:22:40.276] Selected the bad axiom SubClassOf(Functional_Entity owl:Nothing).
[2026-06-24 16:22:40.276] Selected the weaker axiom SubClassOf(Functional_Entity Continuant_Entity).
[2026-06-24 16:22:40.277] Finished repairing the ontology.
Repairing with B2 (bad-in_some_mus-weaker-shapley)...
[2026-06-24 16:22:40.279] Checking precondition...
[2026-06-24 16:22:40.280] Starting the repair...
[2026-06-24 16:22:40.283] Selected a reference ontology with 24 axioms.
[2026-06-24 16:22:40.347] Selected the bad axiom SubClassOf(Entity owl:N
...[truncated]
SUCCESS: attempt=60 seed=837818 success_count=30/100
progress: ontology=PLIO attempt=60 success=30/100
----- PLIO attempt=61 seed=852018 at 2026-06-24 16:22:42 -----
--- stdout ---
{"seed":852018,"run_id":"20260624134028346645","trial_status":"memory_limit_exceeded","error_type":"failure","failure_stage":"B6","error_message":"Repair failed: ExecutionException: java.lang.IllegalStateException: Could not find a weakening for axiom: ⊤ ⊑ Processual_Entity","iic_values":{},"repair_runtimes_ms":{"A1":50,"A2":138,"A3":169,"B1":224,"B2":503,"B3":320,"B4":33,"B5":443,"B6":173}}

--- stderr ---
SingleTrialExperiment starting: ontology=/workspaces/ontologyutils-ekaw26/repair-power-index-replication-ekaw26/ontologies/inconsistent/PLIO.owl, seed=852018, run_id=20260624134028346645
Loaded ontology.
Normalizing ontology with SROIQ normalization...
Normalized ontology with SROIQ normalization.
Ontology is already inconsistent, skipping make-inconsistent step.
Repairing with A1 (random-removal)...
[2026-06-24 16:22:42.940] Checking precondition...
[2026-06-24 16:22:42.949] Starting the repair...
[2026-06-24 16:22:42.956] Found 19 possible bad axioms.
[2026-06-24 16:22:42.958] Selected the bad axiom SubClassOf(Occurrent_Entity Independent_Continuant_Entity).
[2026-06-24 16:22:42.963] Found 18 possible bad axioms.
[2026-06-24 16:22:42.963] Selected the bad axiom SubClassOf(Processual_Entity Occurrent_Entity).
[2026-06-24 16:22:42.967] Found 17 possible bad axioms.
[2026-06-24 16:22:42.967] Selected the bad axiom SubClassOf(Entity Continuant_Entity).
[2026-06-24 16:22:42.971] Found 16 possible bad axioms.
[2026-06-24 16:22:42.971] Selected the bad axiom SubClassOf(Entity Processual_Entity).
[2026-06-24 16:22:42.974] Found 15 possible bad axioms.
[2026-06-24 16:22:42.975] Selected the bad axiom SubClassOf(Occurrent_Entity Functional_Entity).
[2026-06-24 16:22:42.977] Found 14 possible bad axioms.
[2026-06-24 16:22:42.977] Selected the bad axiom SubClassOf(owl:Thing Processual_Entity).
[2026-06-24 16:22:42.980] Found 13 possible bad axioms.
[2026-06-24 16:22:42.980] Selected the bad axiom SubClassOf(Occurrent_Entity Continuant_Entity).
[2026-06-24 16:22:42.982] Found 12 possible bad axioms.
[2026-06-24 16:22:42.983] Selected the bad axiom SubClassOf(Independent_Continuant_Entity Continuant_Entity).
[2026-06-24 16:22:42.984] Found 11 possible bad axioms.
[2026-06-24 16:22:42.985] Selected the bad axiom SubClassOf(Occurrent_Entity Entity).
[2026-06-24 16:22:42.986] Finished repairing the ontology.
Repairing with A2 (not-in-largest-mcs-removal)...
[2026-06-24 16:22:42.987] Checking precondition...
[2026-06-24 16:22:42.996] Starting the repair...
[2026-06-24 16:22:43.123] Found 1 possible bad axioms.
[2026-06-24 16:22:43.124] Selected the bad axiom SubClassOf(Entity owl:Nothing).
[2026-06-24 16:22:43.125] Finished repairing the ontology.
Repairing with A3 (default-weakening)...
[2026-06-24 16:22:43.126] Checking precondition...
[2026-06-24 16:22:43.128] Starting the repair...
[2026-06-24 16:22:43.134] Selected a reference ontology with 25 axioms.
[2026-06-24 16:22:43.284] Selected the bad axiom SubClassOf(Entity owl:Nothing).
[2026-06-24 16:22:43.293] Selected the weaker axiom SubClassOf(owl:Nothing owl:Nothing).
[2026-06-24 16:22:43.295] Finished repairing the ontology.
Repairing with B1 (bad-in_some_mus-weaker-random)...
[2026-06-24 16:22:43.295] Checking precondition...
[2026-06-24 16:22:43.298] Starting the repair...
[2026-06-24 16:22:43.303] Selected a reference ontology with 24 axioms.
[2026-06-24 16:22:43.393] Selected the bad axiom SubClassOf(E
...[truncated]
FAIL: attempt=61 seed=852018 status=memory_limit_exceeded stage=B6 message=Repair failed: ExecutionException: java.lang.IllegalStateException: Could not find a weakening for axiom: ⊤ ⊑ Processual_Entity
progress: ontology=PLIO attempt=61 success=30/100
----- PLIO attempt=62 seed=866218 at 2026-06-24 16:22:45 -----
--- stdout ---
{"seed":866218,"run_id":"20260624134028346645","trial_status":"success","error_type":null,"failure_stage":null,"error_message":null,"iic_values":{"B1_vs_A1":0.6666666666666666,"B1_vs_A2":0.5,"B1_vs_A3":0.5,"B2_vs_A1":0.6666666666666666,"B2_vs_A2":0.5,"B2_vs_A3":0.5,"B3_vs_A1":0.6666666666666666,"B3_vs_A2":0.5,"B3_vs_A3":0.5,"B4_vs_A1":0.8571428571428571,"B4_vs_A2":0.5,"B4_vs_A3":0.5,"B5_vs_A1":0.8571428571428571,"B5_vs_A2":0.5,"B5_vs_A3":0.5,"B6_vs_A1":0.8571428571428571,"B6_vs_A2":0.5,"B6_vs_A3":0.5,"B7_vs_A1":0.8571428571428571,"B7_vs_A2":0.5,"B7_vs_A3":0.5,"B8_vs_A1":0.8571428571428571,"B8_vs_A2":0.5,"B8_vs_A3":0.5,"B9_vs_A1":0.8571428571428571,"B9_vs_A2":0.5,"B9_vs_A3":0.5},"repair_runtimes_ms":{"A1":39,"A2":130,"A3":269,"B1":92,"B2":580,"B3":280,"B4":29,"B5":393,"B6":319,"B7":40,"B8":327,"B9":295}}

--- stderr ---
SingleTrialExperiment starting: ontology=/workspaces/ontologyutils-ekaw26/repair-power-index-replication-ekaw26/ontologies/inconsistent/PLIO.owl, seed=866218, run_id=20260624134028346645
Loaded ontology.
Normalizing ontology with SROIQ normalization...
Normalized ontology with SROIQ normalization.
Ontology is already inconsistent, skipping make-inconsistent step.
Repairing with A1 (random-removal)...
[2026-06-24 16:22:45.368] Checking precondition...
[2026-06-24 16:22:45.378] Starting the repair...
[2026-06-24 16:22:45.385] Found 19 possible bad axioms.
[2026-06-24 16:22:45.386] Selected the bad axiom SubClassOf(Continuant_Entity Occurrent_Entity).
[2026-06-24 16:22:45.390] Found 18 possible bad axioms.
[2026-06-24 16:22:45.391] Selected the bad axiom SubClassOf(Processual_Entity Occurrent_Entity).
[2026-06-24 16:22:45.394] Found 17 possible bad axioms.
[2026-06-24 16:22:45.394] Selected the bad axiom SubClassOf(Entity Independent_Continuant_Entity).
[2026-06-24 16:22:45.398] Found 16 possible bad axioms.
[2026-06-24 16:22:45.399] Selected the bad axiom SubClassOf(owl:Thing Occurrent_Entity).
[2026-06-24 16:22:45.402] Finished repairing the ontology.
Repairing with A2 (not-in-largest-mcs-removal)...
[2026-06-24 16:22:45.402] Checking precondition...
[2026-06-24 16:22:45.410] Starting the repair...
[2026-06-24 16:22:45.531] Found 1 possible bad axioms.
[2026-06-24 16:22:45.531] Selected the bad axiom SubClassOf(Entity owl:Nothing).
[2026-06-24 16:22:45.532] Finished repairing the ontology.
Repairing with A3 (default-weakening)...
[2026-06-24 16:22:45.534] Checking precondition...
[2026-06-24 16:22:45.536] Starting the repair...
[2026-06-24 16:22:45.552] Selected a reference ontology with 22 axioms.
[2026-06-24 16:22:45.697] Selected the bad axiom SubClassOf(Entity owl:Nothing).
[2026-06-24 16:22:45.706] Selected the weaker axiom SubClassOf(Continuant_Entity owl:Nothing).
[2026-06-24 16:22:45.801] Selected the bad axiom SubClassOf(Continuant_Entity owl:Nothing).
[2026-06-24 16:22:45.801] Selected the weaker axiom SubClassOf(Continuant_Entity Processual_Entity).
[2026-06-24 16:22:45.802] Finished repairing the ontology.
Repairing with B1 (bad-in_some_mus-weaker-random)...
[2026-06-24 16:22:45.803] Checking precondition...
[2026-06-24 16:22:45.805] Starting the repair...
[2026-06-24 16:22:45.808] Selected a reference ontology with 25 axioms.
[2026-06-24 16:22:45.892] Selected the bad axiom SubClassOf(Entity owl:Nothing).
[2026-06-24 16:22:45.894] Selected the weaker axiom SubClassOf(Entity Independent_Continuant_Entity).
[2026-06-24 16:22:45.895] Finished repairing the ontology.
Repairing with B2 (bad-in_some_mus-weaker-shapley)...
[2026-06-24 16:22:45.897] Checking precondition...
[2026-06-24 16:22:45.898] Starting the repair...
[2026-06-24 16:22:45.900] Selected a reference ontology with 25 axioms.
[2026-06-24 16:22:45.959] Selected the bad axiom SubClassOf(Entity owl:Nothing).
[PowerIndexWeakerAxiomSelector] Scoring 14 candidate weakenings for Ent
...[truncated]
SUCCESS: attempt=62 seed=866218 success_count=31/100
progress: ontology=PLIO attempt=62 success=31/100
----- PLIO attempt=63 seed=880418 at 2026-06-24 16:22:48 -----
--- stdout ---
{"seed":880418,"run_id":"20260624134028346645","trial_status":"success","error_type":null,"failure_stage":null,"error_message":null,"iic_values":{"B1_vs_A1":0.9166666666666666,"B1_vs_A2":0.5,"B1_vs_A3":0.5,"B2_vs_A1":0.9166666666666666,"B2_vs_A2":0.5,"B2_vs_A3":0.5,"B3_vs_A1":0.9166666666666666,"B3_vs_A2":0.5,"B3_vs_A3":0.5,"B4_vs_A1":0.7777777777777778,"B4_vs_A2":0.5,"B4_vs_A3":0.5,"B5_vs_A1":0.7777777777777778,"B5_vs_A2":0.5,"B5_vs_A3":0.5,"B6_vs_A1":0.7777777777777778,"B6_vs_A2":0.5,"B6_vs_A3":0.5,"B7_vs_A1":0.7777777777777778,"B7_vs_A2":0.5,"B7_vs_A3":0.5,"B8_vs_A1":0.7777777777777778,"B8_vs_A2":0.5,"B8_vs_A3":0.5,"B9_vs_A1":0.7777777777777778,"B9_vs_A2":0.5,"B9_vs_A3":0.5},"repair_runtimes_ms":{"A1":57,"A2":113,"A3":267,"B1":89,"B2":581,"B3":268,"B4":24,"B5":387,"B6":336,"B7":18,"B8":370,"B9":320}}

--- stderr ---
SingleTrialExperiment starting: ontology=/workspaces/ontologyutils-ekaw26/repair-power-index-replication-ekaw26/ontologies/inconsistent/PLIO.owl, seed=880418, run_id=20260624134028346645
Loaded ontology.
Normalizing ontology with SROIQ normalization...
Normalized ontology with SROIQ normalization.
Ontology is already inconsistent, skipping make-inconsistent step.
Repairing with A1 (random-removal)...
[2026-06-24 16:22:48.544] Checking precondition...
[2026-06-24 16:22:48.553] Starting the repair...
[2026-06-24 16:22:48.560] Found 19 possible bad axioms.
[2026-06-24 16:22:48.561] Selected the bad axiom SubClassOf(owl:Thing Occurrent_Entity).
[2026-06-24 16:22:48.566] Found 18 possible bad axioms.
[2026-06-24 16:22:48.566] Selected the bad axiom SubClassOf(Entity owl:Thing).
[2026-06-24 16:22:48.570] Found 17 possible bad axioms.
[2026-06-24 16:22:48.570] Selected the bad axiom SubClassOf(Continuant_Entity Processual_Entity).
[2026-06-24 16:22:48.574] Found 16 possible bad axioms.
[2026-06-24 16:22:48.574] Selected the bad axiom SubClassOf(Occurrent_Entity Functional_Entity).
[2026-06-24 16:22:48.577] Found 15 possible bad axioms.
[2026-06-24 16:22:48.577] Selected the bad axiom SubClassOf(Functional_Entity Independent_Continuant_Entity).
[2026-06-24 16:22:48.580] Found 14 possible bad axioms.
[2026-06-24 16:22:48.581] Selected the bad axiom SubClassOf(Occurrent_Entity Continuant_Entity).
[2026-06-24 16:22:48.583] Found 13 possible bad axioms.
[2026-06-24 16:22:48.583] Selected the bad axiom SubClassOf(Entity Independent_Continuant_Entity).
[2026-06-24 16:22:48.586] Found 12 possible bad axioms.
[2026-06-24 16:22:48.586] Selected the bad axiom SubClassOf(Occurrent_Entity Entity).
[2026-06-24 16:22:48.588] Found 11 possible bad axioms.
[2026-06-24 16:22:48.588] Selected the bad axiom SubClassOf(Entity Occurrent_Entity).
[2026-06-24 16:22:48.589] Found 10 possible bad axioms.
[2026-06-24 16:22:48.589] Selected the bad axiom SubClassOf(Entity Functional_Entity).
[2026-06-24 16:22:48.591] Found 9 possible bad axioms.
[2026-06-24 16:22:48.591] Selected the bad axiom SubClassOf(Continuant_Entity Entity).
[2026-06-24 16:22:48.597] Finished repairing the ontology.
Repairing with A2 (not-in-largest-mcs-removal)...
[2026-06-24 16:22:48.598] Checking precondition...
[2026-06-24 16:22:48.603] Starting the repair...
[2026-06-24 16:22:48.710] Found 1 possible bad axioms.
[2026-06-24 16:22:48.710] Selected the bad axiom SubClassOf(Entity owl:Nothing).
[2026-06-24 16:22:48.711] Finished repairing the ontology.
Repairing with A3 (default-weakening)...
[2026-06-24 16:22:48.718] Checking precondition...
[2026-06-24 16:22:48.721] Starting the repair...
[2026-06-24 16:22:48.732] Selected a reference ontology with 24 axioms.
[2026-06-24 16:22:48.871] Selected the bad axiom SubClassOf(Entity owl:Nothing).
[2026-06-24 16:22:48.879] Selected the weaker axiom SubClassOf(Continuant_Entity owl:Nothing).
[2026-06-24 16:22:48.977] Selected the bad axiom SubClassOf(Continuant_En
...[truncated]
SUCCESS: attempt=63 seed=880418 success_count=32/100
progress: ontology=PLIO attempt=63 success=32/100
----- PLIO attempt=64 seed=894618 at 2026-06-24 16:22:51 -----
--- stdout ---
{"seed":894618,"run_id":"20260624134028346645","trial_status":"memory_limit_exceeded","error_type":"failure","failure_stage":"B1","error_message":"Repair failed: ExecutionException: java.lang.NullPointerException: operands cannot be null or empty","iic_values":{},"repair_runtimes_ms":{"A1":29,"A2":147,"A3":170,"B1":231}}

--- stderr ---
SingleTrialExperiment starting: ontology=/workspaces/ontologyutils-ekaw26/repair-power-index-replication-ekaw26/ontologies/inconsistent/PLIO.owl, seed=894618, run_id=20260624134028346645
Loaded ontology.
Normalizing ontology with SROIQ normalization...
Normalized ontology with SROIQ normalization.
Ontology is already inconsistent, skipping make-inconsistent step.
Repairing with A1 (random-removal)...
[2026-06-24 16:22:51.791] Checking precondition...
[2026-06-24 16:22:51.800] Starting the repair...
[2026-06-24 16:22:51.806] Found 19 possible bad axioms.
[2026-06-24 16:22:51.807] Selected the bad axiom SubClassOf(Processual_Entity Occurrent_Entity).
[2026-06-24 16:22:51.812] Found 18 possible bad axioms.
[2026-06-24 16:22:51.812] Selected the bad axiom SubClassOf(owl:Thing Occurrent_Entity).
[2026-06-24 16:22:51.815] Finished repairing the ontology.
Repairing with A2 (not-in-largest-mcs-removal)...
[2026-06-24 16:22:51.816] Checking precondition...
[2026-06-24 16:22:51.822] Starting the repair...
[2026-06-24 16:22:51.956] Found 1 possible bad axioms.
[2026-06-24 16:22:51.957] Selected the bad axiom SubClassOf(Entity owl:Nothing).
[2026-06-24 16:22:51.963] Finished repairing the ontology.
Repairing with A3 (default-weakening)...
[2026-06-24 16:22:51.965] Checking precondition...
[2026-06-24 16:22:51.968] Starting the repair...
[2026-06-24 16:22:51.979] Selected a reference ontology with 24 axioms.
[2026-06-24 16:22:52.123] Selected the bad axiom SubClassOf(Entity owl:Nothing).
[2026-06-24 16:22:52.132] Selected the weaker axiom SubClassOf(Entity Entity).
[2026-06-24 16:22:52.133] Finished repairing the ontology.
Repairing with B1 (bad-in_some_mus-weaker-random)...
[2026-06-24 16:22:52.134] Checking precondition...
[2026-06-24 16:22:52.136] Starting the repair...
[2026-06-24 16:22:52.139] Selected a reference ontology with 25 axioms.
[2026-06-24 16:22:52.242] Selected the bad axiom SubClassOf(Entity owl:Nothing).
[2026-06-24 16:22:52.244] Selected the weaker axiom SubClassOf(Occurrent_Entity owl:Nothing).
[2026-06-24 16:22:52.300] Selected the bad axiom SubClassOf(Occurrent_Entity owl:Nothing).
[2026-06-24 16:22:52.300] Selected the weaker axiom SubClassOf(Functional_Entity owl:Nothing).
[2026-06-24 16:22:52.363] Selected the bad axiom SubClassOf(Functional_Entity owl:Nothing).
[2026-06-24 16:22:52.365] Selected the weaker axiom SubClassOf(owl:Thing owl:Nothing).
Failure: Repair failed: ExecutionException: java.lang.NullPointerException: operands cannot be null or empty

FAIL: attempt=64 seed=894618 status=memory_limit_exceeded stage=B1 message=Repair failed: ExecutionException: java.lang.NullPointerException: operands cannot be null or empty
progress: ontology=PLIO attempt=64 success=32/100
----- PLIO attempt=65 seed=908818 at 2026-06-24 16:22:52 -----
--- stdout ---
{"seed":908818,"run_id":"20260624134028346645","trial_status":"memory_limit_exceeded","error_type":"failure","failure_stage":"B1","error_message":"Repair failed: ExecutionException: java.lang.NullPointerException: operands cannot be null or empty","iic_values":{},"repair_runtimes_ms":{"A1":58,"A2":117,"A3":161,"B1":106}}

--- stderr ---
SingleTrialExperiment starting: ontology=/workspaces/ontologyutils-ekaw26/repair-power-index-replication-ekaw26/ontologies/inconsistent/PLIO.owl, seed=908818, run_id=20260624134028346645
Loaded ontology.
Normalizing ontology with SROIQ normalization...
Normalized ontology with SROIQ normalization.
Ontology is already inconsistent, skipping make-inconsistent step.
Repairing with A1 (random-removal)...
[2026-06-24 16:22:52.789] Checking precondition...
[2026-06-24 16:22:52.797] Starting the repair...
[2026-06-24 16:22:52.805] Found 19 possible bad axioms.
[2026-06-24 16:22:52.806] Selected the bad axiom SubClassOf(Entity owl:Thing).
[2026-06-24 16:22:52.811] Found 18 possible bad axioms.
[2026-06-24 16:22:52.811] Selected the bad axiom SubClassOf(Continuant_Entity Processual_Entity).
[2026-06-24 16:22:52.815] Found 17 possible bad axioms.
[2026-06-24 16:22:52.815] Selected the bad axiom SubClassOf(Entity Independent_Continuant_Entity).
[2026-06-24 16:22:52.819] Found 16 possible bad axioms.
[2026-06-24 16:22:52.819] Selected the bad axiom SubClassOf(owl:Thing Occurrent_Entity).
[2026-06-24 16:22:52.822] Found 15 possible bad axioms.
[2026-06-24 16:22:52.822] Selected the bad axiom SubClassOf(Continuant_Entity Entity).
[2026-06-24 16:22:52.826] Found 14 possible bad axioms.
[2026-06-24 16:22:52.826] Selected the bad axiom SubClassOf(Entity Processual_Entity).
[2026-06-24 16:22:52.828] Found 13 possible bad axioms.
[2026-06-24 16:22:52.828] Selected the bad axiom SubClassOf(Entity Continuant_Entity).
[2026-06-24 16:22:52.831] Found 12 possible bad axioms.
[2026-06-24 16:22:52.831] Selected the bad axiom SubClassOf(Occurrent_Entity Independent_Continuant_Entity).
[2026-06-24 16:22:52.832] Found 11 possible bad axioms.
[2026-06-24 16:22:52.832] Selected the bad axiom SubClassOf(Functional_Entity Independent_Continuant_Entity).
[2026-06-24 16:22:52.834] Found 10 possible bad axioms.
[2026-06-24 16:22:52.834] Selected the bad axiom SubClassOf(Entity Functional_Entity).
[2026-06-24 16:22:52.836] Found 9 possible bad axioms.
[2026-06-24 16:22:52.836] Selected the bad axiom SubClassOf(Occurrent_Entity Entity).
[2026-06-24 16:22:52.842] Finished repairing the ontology.
Repairing with A2 (not-in-largest-mcs-removal)...
[2026-06-24 16:22:52.843] Checking precondition...
[2026-06-24 16:22:52.848] Starting the repair...
[2026-06-24 16:22:52.959] Found 1 possible bad axioms.
[2026-06-24 16:22:52.960] Selected the bad axiom SubClassOf(Entity owl:Nothing).
[2026-06-24 16:22:52.961] Finished repairing the ontology.
Repairing with A3 (default-weakening)...
[2026-06-24 16:22:52.962] Checking precondition...
[2026-06-24 16:22:52.970] Starting the repair...
[2026-06-24 16:22:52.979] Selected a reference ontology with 25 axioms.
[2026-06-24 16:22:53.112] Selected the bad axiom SubClassOf(Entity owl:Nothing).
[2026-06-24 16:22:53.120] Selected the weaker axiom SubClassOf(Entity Entity).
[2026-06-24 16:22:53.122] Finished repairing the ontology.
Repairing with B1 (bad-in_s
...[truncated]
FAIL: attempt=65 seed=908818 status=memory_limit_exceeded stage=B1 message=Repair failed: ExecutionException: java.lang.NullPointerException: operands cannot be null or empty
progress: ontology=PLIO attempt=65 success=32/100
----- PLIO attempt=66 seed=923018 at 2026-06-24 16:22:53 -----
--- stdout ---
{"seed":923018,"run_id":"20260624134028346645","trial_status":"success","error_type":null,"failure_stage":null,"error_message":null,"iic_values":{"B1_vs_A1":0.6666666666666666,"B1_vs_A2":0.5,"B1_vs_A3":0.5,"B2_vs_A1":0.6666666666666666,"B2_vs_A2":0.5,"B2_vs_A3":0.5,"B3_vs_A1":0.6666666666666666,"B3_vs_A2":0.5,"B3_vs_A3":0.5,"B4_vs_A1":0.8571428571428571,"B4_vs_A2":0.5,"B4_vs_A3":0.5,"B5_vs_A1":0.8571428571428571,"B5_vs_A2":0.5,"B5_vs_A3":0.5,"B6_vs_A1":0.8571428571428571,"B6_vs_A2":0.5,"B6_vs_A3":0.5,"B7_vs_A1":0.8571428571428571,"B7_vs_A2":0.5,"B7_vs_A3":0.5,"B8_vs_A1":0.8571428571428571,"B8_vs_A2":0.5,"B8_vs_A3":0.5,"B9_vs_A1":0.8571428571428571,"B9_vs_A2":0.5,"B9_vs_A3":0.5},"repair_runtimes_ms":{"A1":30,"A2":134,"A3":171,"B1":99,"B2":548,"B3":416,"B4":34,"B5":470,"B6":287,"B7":22,"B8":346,"B9":293}}

--- stderr ---
SingleTrialExperiment starting: ontology=/workspaces/ontologyutils-ekaw26/repair-power-index-replication-ekaw26/ontologies/inconsistent/PLIO.owl, seed=923018, run_id=20260624134028346645
Loaded ontology.
Normalizing ontology with SROIQ normalization...
Normalized ontology with SROIQ normalization.
Ontology is already inconsistent, skipping make-inconsistent step.
Repairing with A1 (random-removal)...
[2026-06-24 16:22:53.608] Checking precondition...
[2026-06-24 16:22:53.617] Starting the repair...
[2026-06-24 16:22:53.624] Found 19 possible bad axioms.
[2026-06-24 16:22:53.625] Selected the bad axiom SubClassOf(owl:Thing Occurrent_Entity).
[2026-06-24 16:22:53.630] Found 18 possible bad axioms.
[2026-06-24 16:22:53.630] Selected the bad axiom SubClassOf(Processual_Entity Occurrent_Entity).
[2026-06-24 16:22:53.634] Finished repairing the ontology.
Repairing with A2 (not-in-largest-mcs-removal)...
[2026-06-24 16:22:53.635] Checking precondition...
[2026-06-24 16:22:53.643] Starting the repair...
[2026-06-24 16:22:53.767] Found 1 possible bad axioms.
[2026-06-24 16:22:53.767] Selected the bad axiom SubClassOf(Entity owl:Nothing).
[2026-06-24 16:22:53.769] Finished repairing the ontology.
Repairing with A3 (default-weakening)...
[2026-06-24 16:22:53.771] Checking precondition...
[2026-06-24 16:22:53.775] Starting the repair...
[2026-06-24 16:22:53.788] Selected a reference ontology with 25 axioms.
[2026-06-24 16:22:53.931] Selected the bad axiom SubClassOf(Entity owl:Nothing).
[2026-06-24 16:22:53.940] Selected the weaker axiom SubClassOf(Entity Occurrent_Entity).
[2026-06-24 16:22:53.941] Finished repairing the ontology.
Repairing with B1 (bad-in_some_mus-weaker-random)...
[2026-06-24 16:22:53.942] Checking precondition...
[2026-06-24 16:22:53.943] Starting the repair...
[2026-06-24 16:22:53.949] Selected a reference ontology with 25 axioms.
[2026-06-24 16:22:54.038] Selected the bad axiom SubClassOf(Entity owl:Nothing).
[2026-06-24 16:22:54.040] Selected the weaker axiom SubClassOf(Entity owl:Thing).
[2026-06-24 16:22:54.041] Finished repairing the ontology.
Repairing with B2 (bad-in_some_mus-weaker-shapley)...
[2026-06-24 16:22:54.043] Checking precondition...
[2026-06-24 16:22:54.044] Starting the repair...
[2026-06-24 16:22:54.048] Selected a reference ontology with 25 axioms.
[2026-06-24 16:22:54.122] Selected the bad axiom SubClassOf(Entity owl:Nothing).
[PowerIndexWeakerAxiomSelector] Scoring 14 candidate weakenings for Entity ⊑ ⊥
[PowerIndexWeakerAxiomSelector] Selected weaker axiom: Entity ⊑ Continuant_Entity
[2026-06-24 16:22:54.586] Selected the weaker axiom SubClassOf(Entity Continuant_Entity).
[2026-06-24 16:22:54.589] Finished repairing the ontology.
Repairing with B3 (bad-in_some_mus-weaker-banzhaf)...
[2026-06-24 16:22:54.590] Checking precondition...
[2026-06-24 16:22:54.592] Starting the repair...
[2026-06-24 16:22:54.594] Selected a reference ontology with 25 axioms.
[2026-06-24 16:22:54.746] Selected the bad axiom SubClassOf(En
...[truncated]
SUCCESS: attempt=66 seed=923018 success_count=33/100
progress: ontology=PLIO attempt=66 success=33/100
----- PLIO attempt=67 seed=937218 at 2026-06-24 16:22:56 -----
--- stdout ---
{"seed":937218,"run_id":"20260624134028346645","trial_status":"success","error_type":null,"failure_stage":null,"error_message":null,"iic_values":{"B1_vs_A1":0.6666666666666666,"B1_vs_A2":0.5,"B1_vs_A3":0.5,"B2_vs_A1":0.6666666666666666,"B2_vs_A2":0.5,"B2_vs_A3":0.5,"B3_vs_A1":0.6666666666666666,"B3_vs_A2":0.5,"B3_vs_A3":0.5,"B4_vs_A1":0.8571428571428571,"B4_vs_A2":0.5,"B4_vs_A3":0.5,"B5_vs_A1":0.8571428571428571,"B5_vs_A2":0.5,"B5_vs_A3":0.5,"B6_vs_A1":0.8571428571428571,"B6_vs_A2":0.5,"B6_vs_A3":0.5,"B7_vs_A1":0.8571428571428571,"B7_vs_A2":0.5,"B7_vs_A3":0.5,"B8_vs_A1":0.8571428571428571,"B8_vs_A2":0.5,"B8_vs_A3":0.5,"B9_vs_A1":0.8571428571428571,"B9_vs_A2":0.5,"B9_vs_A3":0.5},"repair_runtimes_ms":{"A1":40,"A2":146,"A3":153,"B1":188,"B2":582,"B3":237,"B4":36,"B5":434,"B6":289,"B7":24,"B8":344,"B9":284}}

--- stderr ---
SingleTrialExperiment starting: ontology=/workspaces/ontologyutils-ekaw26/repair-power-index-replication-ekaw26/ontologies/inconsistent/PLIO.owl, seed=937218, run_id=20260624134028346645
Loaded ontology.
Normalizing ontology with SROIQ normalization...
Normalized ontology with SROIQ normalization.
Ontology is already inconsistent, skipping make-inconsistent step.
Repairing with A1 (random-removal)...
[2026-06-24 16:22:56.865] Checking precondition...
[2026-06-24 16:22:56.874] Starting the repair...
[2026-06-24 16:22:56.880] Found 19 possible bad axioms.
[2026-06-24 16:22:56.881] Selected the bad axiom SubClassOf(Occurrent_Entity Entity).
[2026-06-24 16:22:56.886] Found 18 possible bad axioms.
[2026-06-24 16:22:56.886] Selected the bad axiom SubClassOf(Entity owl:Thing).
[2026-06-24 16:22:56.890] Found 17 possible bad axioms.
[2026-06-24 16:22:56.891] Selected the bad axiom SubClassOf(Processual_Entity Occurrent_Entity).
[2026-06-24 16:22:56.894] Found 16 possible bad axioms.
[2026-06-24 16:22:56.894] Selected the bad axiom SubClassOf(Occurrent_Entity Independent_Continuant_Entity).
[2026-06-24 16:22:56.897] Found 15 possible bad axioms.
[2026-06-24 16:22:56.897] Selected the bad axiom SubClassOf(owl:Thing Occurrent_Entity).
[2026-06-24 16:22:56.900] Finished repairing the ontology.
Repairing with A2 (not-in-largest-mcs-removal)...
[2026-06-24 16:22:56.901] Checking precondition...
[2026-06-24 16:22:56.907] Starting the repair...
[2026-06-24 16:22:57.045] Found 1 possible bad axioms.
[2026-06-24 16:22:57.045] Selected the bad axiom SubClassOf(Entity owl:Nothing).
[2026-06-24 16:22:57.047] Finished repairing the ontology.
Repairing with A3 (default-weakening)...
[2026-06-24 16:22:57.049] Checking precondition...
[2026-06-24 16:22:57.051] Starting the repair...
[2026-06-24 16:22:57.059] Selected a reference ontology with 24 axioms.
[2026-06-24 16:22:57.191] Selected the bad axiom SubClassOf(Entity owl:Nothing).
[2026-06-24 16:22:57.199] Selected the weaker axiom SubClassOf(Entity owl:Thing).
[2026-06-24 16:22:57.200] Finished repairing the ontology.
Repairing with B1 (bad-in_some_mus-weaker-random)...
[2026-06-24 16:22:57.201] Checking precondition...
[2026-06-24 16:22:57.203] Starting the repair...
[2026-06-24 16:22:57.209] Selected a reference ontology with 25 axioms.
[2026-06-24 16:22:57.311] Selected the bad axiom SubClassOf(Entity owl:Nothing).
[2026-06-24 16:22:57.312] Selected the weaker axiom SubClassOf(Independent_Continuant_Entity owl:Nothing).
[2026-06-24 16:22:57.388] Selected the bad axiom SubClassOf(Independent_Continuant_Entity owl:Nothing).
[2026-06-24 16:22:57.388] Selected the weaker axiom SubClassOf(Independent_Continuant_Entity Entity).
[2026-06-24 16:22:57.389] Finished repairing the ontology.
Repairing with B2 (bad-in_some_mus-weaker-shapley)...
[2026-06-24 16:22:57.391] Checking precondition...
[2026-06-24 16:22:57.392] Starting the repair...
[2026-06-24 16:22:57.395] Selected a reference ontology with 25 axioms.
[2026-06-24 1
...[truncated]
SUCCESS: attempt=67 seed=937218 success_count=34/100
progress: ontology=PLIO attempt=67 success=34/100
----- PLIO attempt=68 seed=951418 at 2026-06-24 16:22:59 -----
--- stdout ---
{"seed":951418,"run_id":"20260624134028346645","trial_status":"memory_limit_exceeded","error_type":"failure","failure_stage":"B1","error_message":"Repair failed: ExecutionException: java.lang.NullPointerException: operands cannot be null or empty","iic_values":{},"repair_runtimes_ms":{"A1":55,"A2":121,"A3":166,"B1":107}}

--- stderr ---
SingleTrialExperiment starting: ontology=/workspaces/ontologyutils-ekaw26/repair-power-index-replication-ekaw26/ontologies/inconsistent/PLIO.owl, seed=951418, run_id=20260624134028346645
Loaded ontology.
Normalizing ontology with SROIQ normalization...
Normalized ontology with SROIQ normalization.
Ontology is already inconsistent, skipping make-inconsistent step.
Repairing with A1 (random-removal)...
[2026-06-24 16:23:00.008] Checking precondition...
[2026-06-24 16:23:00.017] Starting the repair...
[2026-06-24 16:23:00.023] Found 19 possible bad axioms.
[2026-06-24 16:23:00.025] Selected the bad axiom SubClassOf(Occurrent_Entity Independent_Continuant_Entity).
[2026-06-24 16:23:00.029] Found 18 possible bad axioms.
[2026-06-24 16:23:00.029] Selected the bad axiom SubClassOf(Entity owl:Thing).
[2026-06-24 16:23:00.032] Found 17 possible bad axioms.
[2026-06-24 16:23:00.033] Selected the bad axiom SubClassOf(Functional_Entity Independent_Continuant_Entity).
[2026-06-24 16:23:00.035] Found 16 possible bad axioms.
[2026-06-24 16:23:00.036] Selected the bad axiom SubClassOf(Processual_Entity Occurrent_Entity).
[2026-06-24 16:23:00.039] Found 15 possible bad axioms.
[2026-06-24 16:23:00.039] Selected the bad axiom SubClassOf(Continuant_Entity Entity).
[2026-06-24 16:23:00.041] Found 14 possible bad axioms.
[2026-06-24 16:23:00.041] Selected the bad axiom SubClassOf(Occurrent_Entity Functional_Entity).
[2026-06-24 16:23:00.043] Found 13 possible bad axioms.
[2026-06-24 16:23:00.044] Selected the bad axiom SubClassOf(Continuant_Entity Occurrent_Entity).
[2026-06-24 16:23:00.046] Found 12 possible bad axioms.
[2026-06-24 16:23:00.046] Selected the bad axiom SubClassOf(Continuant_Entity Processual_Entity).
[2026-06-24 16:23:00.048] Found 11 possible bad axioms.
[2026-06-24 16:23:00.048] Selected the bad axiom SubClassOf(Entity Occurrent_Entity).
[2026-06-24 16:23:00.050] Found 10 possible bad axioms.
[2026-06-24 16:23:00.050] Selected the bad axiom SubClassOf(owl:Thing Processual_Entity).
[2026-06-24 16:23:00.051] Found 9 possible bad axioms.
[2026-06-24 16:23:00.051] Selected the bad axiom SubClassOf(Entity Processual_Entity).
[2026-06-24 16:23:00.057] Found 8 possible bad axioms.
[2026-06-24 16:23:00.057] Selected the bad axiom SubClassOf(owl:Thing Occurrent_Entity).
[2026-06-24 16:23:00.058] Finished repairing the ontology.
Repairing with A2 (not-in-largest-mcs-removal)...
[2026-06-24 16:23:00.059] Checking precondition...
[2026-06-24 16:23:00.064] Starting the repair...
[2026-06-24 16:23:00.173] Found 1 possible bad axioms.
[2026-06-24 16:23:00.173] Selected the bad axiom SubClassOf(Entity owl:Nothing).
[2026-06-24 16:23:00.175] Finished repairing the ontology.
Repairing with A3 (default-weakening)...
[2026-06-24 16:23:00.181] Checking precondition...
[2026-06-24 16:23:00.185] Starting the repair...
[2026-06-24 16:23:00.198] Selected a reference ontology with 24 axioms.
[2026-06-24 16:23:00.336] Selected the bad axiom SubClassOf(Entity owl:Nothing).
[2
...[truncated]
FAIL: attempt=68 seed=951418 status=memory_limit_exceeded stage=B1 message=Repair failed: ExecutionException: java.lang.NullPointerException: operands cannot be null or empty
progress: ontology=PLIO attempt=68 success=34/100
----- PLIO attempt=69 seed=965618 at 2026-06-24 16:23:00 -----
--- stdout ---
{"seed":965618,"run_id":"20260624134028346645","trial_status":"memory_limit_exceeded","error_type":"failure","failure_stage":"B4","error_message":"Repair failed: ExecutionException: java.lang.NullPointerException: operands cannot be null or empty","iic_values":{},"repair_runtimes_ms":{"A1":54,"A2":115,"A3":280,"B1":83,"B2":578,"B3":226,"B4":25}}

--- stderr ---
SingleTrialExperiment starting: ontology=/workspaces/ontologyutils-ekaw26/repair-power-index-replication-ekaw26/ontologies/inconsistent/PLIO.owl, seed=965618, run_id=20260624134028346645
Loaded ontology.
Normalizing ontology with SROIQ normalization...
Normalized ontology with SROIQ normalization.
Ontology is already inconsistent, skipping make-inconsistent step.
Repairing with A1 (random-removal)...
[2026-06-24 16:23:00.847] Checking precondition...
[2026-06-24 16:23:00.857] Starting the repair...
[2026-06-24 16:23:00.863] Found 19 possible bad axioms.
[2026-06-24 16:23:00.865] Selected the bad axiom SubClassOf(Entity owl:Thing).
[2026-06-24 16:23:00.870] Found 18 possible bad axioms.
[2026-06-24 16:23:00.870] Selected the bad axiom SubClassOf(Continuant_Entity Entity).
[2026-06-24 16:23:00.874] Found 17 possible bad axioms.
[2026-06-24 16:23:00.874] Selected the bad axiom SubClassOf(Entity Continuant_Entity).
[2026-06-24 16:23:00.878] Found 16 possible bad axioms.
[2026-06-24 16:23:00.878] Selected the bad axiom SubClassOf(Entity Independent_Continuant_Entity).
[2026-06-24 16:23:00.881] Found 15 possible bad axioms.
[2026-06-24 16:23:00.882] Selected the bad axiom SubClassOf(Independent_Continuant_Entity Continuant_Entity).
[2026-06-24 16:23:00.885] Found 14 possible bad axioms.
[2026-06-24 16:23:00.885] Selected the bad axiom SubClassOf(Entity Processual_Entity).
[2026-06-24 16:23:00.888] Found 13 possible bad axioms.
[2026-06-24 16:23:00.888] Selected the bad axiom SubClassOf(Entity Functional_Entity).
[2026-06-24 16:23:00.890] Found 12 possible bad axioms.
[2026-06-24 16:23:00.891] Selected the bad axiom SubClassOf(Occurrent_Entity Independent_Continuant_Entity).
[2026-06-24 16:23:00.892] Found 11 possible bad axioms.
[2026-06-24 16:23:00.892] Selected the bad axiom SubClassOf(Continuant_Entity Occurrent_Entity).
[2026-06-24 16:23:00.894] Found 10 possible bad axioms.
[2026-06-24 16:23:00.894] Selected the bad axiom SubClassOf(Occurrent_Entity Entity).
[2026-06-24 16:23:00.895] Finished repairing the ontology.
Repairing with A2 (not-in-largest-mcs-removal)...
[2026-06-24 16:23:00.896] Checking precondition...
[2026-06-24 16:23:00.905] Starting the repair...
[2026-06-24 16:23:01.010] Found 1 possible bad axioms.
[2026-06-24 16:23:01.010] Selected the bad axiom SubClassOf(Entity owl:Nothing).
[2026-06-24 16:23:01.011] Finished repairing the ontology.
Repairing with A3 (default-weakening)...
[2026-06-24 16:23:01.013] Checking precondition...
[2026-06-24 16:23:01.015] Starting the repair...
[2026-06-24 16:23:01.027] Selected a reference ontology with 25 axioms.
[2026-06-24 16:23:01.175] Selected the bad axiom SubClassOf(Entity owl:Nothing).
[2026-06-24 16:23:01.183] Selected the weaker axiom SubClassOf(Functional_Entity owl:Nothing).
[2026-06-24 16:23:01.290] Selected the bad axiom SubClassOf(Functional_Entity owl:Nothing).
[2026-06-24 16:23:01.290] Selected the weaker axiom SubClassOf(Functional_Entity Occurrent_Entity).
[2026-06-24 16:23:01.29
...[truncated]
FAIL: attempt=69 seed=965618 status=memory_limit_exceeded stage=B4 message=Repair failed: ExecutionException: java.lang.NullPointerException: operands cannot be null or empty
progress: ontology=PLIO attempt=69 success=34/100
----- PLIO attempt=70 seed=979818 at 2026-06-24 16:23:02 -----
--- stdout ---
{"seed":979818,"run_id":"20260624134028346645","trial_status":"success","error_type":null,"failure_stage":null,"error_message":null,"iic_values":{"B1_vs_A1":0.8333333333333334,"B1_vs_A2":0.5,"B1_vs_A3":0.5,"B2_vs_A1":0.8333333333333334,"B2_vs_A2":0.5,"B2_vs_A3":0.5,"B3_vs_A1":0.8333333333333334,"B3_vs_A2":0.5,"B3_vs_A3":0.5,"B4_vs_A1":0.75,"B4_vs_A2":0.5,"B4_vs_A3":0.5,"B5_vs_A1":0.75,"B5_vs_A2":0.5,"B5_vs_A3":0.5,"B6_vs_A1":0.75,"B6_vs_A2":0.5,"B6_vs_A3":0.5,"B7_vs_A1":0.75,"B7_vs_A2":0.5,"B7_vs_A3":0.5,"B8_vs_A1":0.75,"B8_vs_A2":0.5,"B8_vs_A3":0.5,"B9_vs_A1":0.75,"B9_vs_A2":0.5,"B9_vs_A3":0.5},"repair_runtimes_ms":{"A1":41,"A2":133,"A3":170,"B1":184,"B2":545,"B3":192,"B4":27,"B5":455,"B6":336,"B7":18,"B8":291,"B9":276}}

--- stderr ---
SingleTrialExperiment starting: ontology=/workspaces/ontologyutils-ekaw26/repair-power-index-replication-ekaw26/ontologies/inconsistent/PLIO.owl, seed=979818, run_id=20260624134028346645
Loaded ontology.
Normalizing ontology with SROIQ normalization...
Normalized ontology with SROIQ normalization.
Ontology is already inconsistent, skipping make-inconsistent step.
Repairing with A1 (random-removal)...
[2026-06-24 16:23:02.593] Checking precondition...
[2026-06-24 16:23:02.602] Starting the repair...
[2026-06-24 16:23:02.609] Found 19 possible bad axioms.
[2026-06-24 16:23:02.610] Selected the bad axiom SubClassOf(Occurrent_Entity Entity).
[2026-06-24 16:23:02.616] Found 18 possible bad axioms.
[2026-06-24 16:23:02.616] Selected the bad axiom SubClassOf(Independent_Continuant_Entity Continuant_Entity).
[2026-06-24 16:23:02.619] Found 17 possible bad axioms.
[2026-06-24 16:23:02.619] Selected the bad axiom SubClassOf(Entity Processual_Entity).
[2026-06-24 16:23:02.623] Found 16 possible bad axioms.
[2026-06-24 16:23:02.624] Selected the bad axiom SubClassOf(Entity Continuant_Entity).
[2026-06-24 16:23:02.627] Found 15 possible bad axioms.
[2026-06-24 16:23:02.627] Selected the bad axiom SubClassOf(Occurrent_Entity Continuant_Entity).
[2026-06-24 16:23:02.630] Finished repairing the ontology.
Repairing with A2 (not-in-largest-mcs-removal)...
[2026-06-24 16:23:02.631] Checking precondition...
[2026-06-24 16:23:02.638] Starting the repair...
[2026-06-24 16:23:02.761] Found 1 possible bad axioms.
[2026-06-24 16:23:02.762] Selected the bad axiom SubClassOf(Entity owl:Nothing).
[2026-06-24 16:23:02.763] Finished repairing the ontology.
Repairing with A3 (default-weakening)...
[2026-06-24 16:23:02.765] Checking precondition...
[2026-06-24 16:23:02.767] Starting the repair...
[2026-06-24 16:23:02.785] Selected a reference ontology with 24 axioms.
[2026-06-24 16:23:02.924] Selected the bad axiom SubClassOf(Entity owl:Nothing).
[2026-06-24 16:23:02.932] Selected the weaker axiom SubClassOf(Entity owl:Thing).
[2026-06-24 16:23:02.934] Finished repairing the ontology.
Repairing with B1 (bad-in_some_mus-weaker-random)...
[2026-06-24 16:23:02.935] Checking precondition...
[2026-06-24 16:23:02.936] Starting the repair...
[2026-06-24 16:23:02.940] Selected a reference ontology with 25 axioms.
[2026-06-24 16:23:03.036] Selected the bad axiom SubClassOf(Entity owl:Nothing).
[2026-06-24 16:23:03.037] Selected the weaker axiom SubClassOf(Functional_Entity owl:Nothing).
[2026-06-24 16:23:03.117] Selected the bad axiom SubClassOf(Functional_Entity owl:Nothing).
[2026-06-24 16:23:03.118] Selected the weaker axiom SubClassOf(Functional_Entity Entity).
[2026-06-24 16:23:03.118] Finished repairing the ontology.
Repairing with B2 (bad-in_some_mus-weaker-shapley)...
[2026-06-24 16:23:03.120] Checking precondition...
[2026-06-24 16:23:03.121] Starting the repair...
[2026-06-24 16:23:03.123] Selected a reference ontology with 25 axioms.
[2026-06-24 16:23:03.179] Selected the bad
...[truncated]
SUCCESS: attempt=70 seed=979818 success_count=35/100
progress: ontology=PLIO attempt=70 success=35/100
----- PLIO attempt=71 seed=994018 at 2026-06-24 16:23:05 -----
--- stdout ---
{"seed":994018,"run_id":"20260624134028346645","trial_status":"success","error_type":null,"failure_stage":null,"error_message":null,"iic_values":{"B1_vs_A1":0.8695652173913043,"B1_vs_A2":0.5,"B1_vs_A3":0.5,"B2_vs_A1":0.8695652173913043,"B2_vs_A2":0.5,"B2_vs_A3":0.5,"B3_vs_A1":0.8695652173913043,"B3_vs_A2":0.5,"B3_vs_A3":0.5,"B4_vs_A1":1.0,"B4_vs_A2":0.5,"B4_vs_A3":0.5,"B5_vs_A1":1.0,"B5_vs_A2":0.5,"B5_vs_A3":0.5,"B6_vs_A1":1.0,"B6_vs_A2":0.5,"B6_vs_A3":0.5,"B7_vs_A1":1.0,"B7_vs_A2":0.5,"B7_vs_A3":0.5,"B8_vs_A1":1.0,"B8_vs_A2":0.5,"B8_vs_A3":0.5,"B9_vs_A1":1.0,"B9_vs_A2":0.5,"B9_vs_A3":0.5},"repair_runtimes_ms":{"A1":48,"A2":147,"A3":244,"B1":135,"B2":532,"B3":373,"B4":45,"B5":447,"B6":273,"B7":17,"B8":340,"B9":237}}

--- stderr ---
SingleTrialExperiment starting: ontology=/workspaces/ontologyutils-ekaw26/repair-power-index-replication-ekaw26/ontologies/inconsistent/PLIO.owl, seed=994018, run_id=20260624134028346645
Loaded ontology.
Normalizing ontology with SROIQ normalization...
Normalized ontology with SROIQ normalization.
Ontology is already inconsistent, skipping make-inconsistent step.
Repairing with A1 (random-removal)...
[2026-06-24 16:23:05.691] Checking precondition...
[2026-06-24 16:23:05.701] Starting the repair...
[2026-06-24 16:23:05.708] Found 19 possible bad axioms.
[2026-06-24 16:23:05.710] Selected the bad axiom SubClassOf(Occurrent_Entity Functional_Entity).
[2026-06-24 16:23:05.714] Found 18 possible bad axioms.
[2026-06-24 16:23:05.715] Selected the bad axiom SubClassOf(Independent_Continuant_Entity Continuant_Entity).
[2026-06-24 16:23:05.718] Found 17 possible bad axioms.
[2026-06-24 16:23:05.718] Selected the bad axiom SubClassOf(Entity Occurrent_Entity).
[2026-06-24 16:23:05.722] Found 16 possible bad axioms.
[2026-06-24 16:23:05.722] Selected the bad axiom SubClassOf(Occurrent_Entity Entity).
[2026-06-24 16:23:05.726] Found 15 possible bad axioms.
[2026-06-24 16:23:05.726] Selected the bad axiom SubClassOf(Processual_Entity Occurrent_Entity).
[2026-06-24 16:23:05.730] Found 14 possible bad axioms.
[2026-06-24 16:23:05.730] Selected the bad axiom SubClassOf(owl:Thing Processual_Entity).
[2026-06-24 16:23:05.733] Found 13 possible bad axioms.
[2026-06-24 16:23:05.733] Selected the bad axiom SubClassOf(owl:Thing Occurrent_Entity).
[2026-06-24 16:23:05.736] Finished repairing the ontology.
Repairing with A2 (not-in-largest-mcs-removal)...
[2026-06-24 16:23:05.736] Checking precondition...
[2026-06-24 16:23:05.741] Starting the repair...
[2026-06-24 16:23:05.882] Found 1 possible bad axioms.
[2026-06-24 16:23:05.882] Selected the bad axiom SubClassOf(Entity owl:Nothing).
[2026-06-24 16:23:05.883] Finished repairing the ontology.
Repairing with A3 (default-weakening)...
[2026-06-24 16:23:05.885] Checking precondition...
[2026-06-24 16:23:05.887] Starting the repair...
[2026-06-24 16:23:05.893] Selected a reference ontology with 25 axioms.
[2026-06-24 16:23:06.023] Selected the bad axiom SubClassOf(Entity owl:Nothing).
[2026-06-24 16:23:06.032] Selected the weaker axiom SubClassOf(Independent_Continuant_Entity owl:Nothing).
[2026-06-24 16:23:06.126] Selected the bad axiom SubClassOf(Independent_Continuant_Entity owl:Nothing).
[2026-06-24 16:23:06.126] Selected the weaker axiom SubClassOf(Independent_Continuant_Entity Occurrent_Entity).
[2026-06-24 16:23:06.127] Finished repairing the ontology.
Repairing with B1 (bad-in_some_mus-weaker-random)...
[2026-06-24 16:23:06.128] Checking precondition...
[2026-06-24 16:23:06.129] Starting the repair...
[2026-06-24 16:23:06.133] Selected a reference ontology with 24 axioms.
[2026-06-24 16:23:06.203] Selected the bad axiom SubClassOf(Entity owl:Nothing).
[2026-06-24 16:23:06.206] Selected the weaker axiom SubClassOf(
...[truncated]
SUCCESS: attempt=71 seed=994018 success_count=36/100
progress: ontology=PLIO attempt=71 success=36/100
----- PLIO attempt=72 seed=1008218 at 2026-06-24 16:23:08 -----
--- stdout ---
{"seed":1008218,"run_id":"20260624134028346645","trial_status":"memory_limit_exceeded","error_type":"failure","failure_stage":"A3","error_message":"Repair failed: ExecutionException: java.lang.NullPointerException: operands cannot be null or empty","iic_values":{},"repair_runtimes_ms":{"A1":41,"A2":139,"A3":257}}

--- stderr ---
SingleTrialExperiment starting: ontology=/workspaces/ontologyutils-ekaw26/repair-power-index-replication-ekaw26/ontologies/inconsistent/PLIO.owl, seed=1008218, run_id=20260624134028346645
Loaded ontology.
Normalizing ontology with SROIQ normalization...
Normalized ontology with SROIQ normalization.
Ontology is already inconsistent, skipping make-inconsistent step.
Repairing with A1 (random-removal)...
[2026-06-24 16:23:08.926] Checking precondition...
[2026-06-24 16:23:08.934] Starting the repair...
[2026-06-24 16:23:08.942] Found 19 possible bad axioms.
[2026-06-24 16:23:08.943] Selected the bad axiom SubClassOf(Entity owl:Thing).
[2026-06-24 16:23:08.948] Found 18 possible bad axioms.
[2026-06-24 16:23:08.949] Selected the bad axiom SubClassOf(Independent_Continuant_Entity Continuant_Entity).
[2026-06-24 16:23:08.952] Found 17 possible bad axioms.
[2026-06-24 16:23:08.952] Selected the bad axiom SubClassOf(owl:Thing Occurrent_Entity).
[2026-06-24 16:23:08.956] Found 16 possible bad axioms.
[2026-06-24 16:23:08.956] Selected the bad axiom SubClassOf(Entity Functional_Entity).
[2026-06-24 16:23:08.959] Found 15 possible bad axioms.
[2026-06-24 16:23:08.960] Selected the bad axiom SubClassOf(Processual_Entity Occurrent_Entity).
[2026-06-24 16:23:08.962] Finished repairing the ontology.
Repairing with A2 (not-in-largest-mcs-removal)...
[2026-06-24 16:23:08.963] Checking precondition...
[2026-06-24 16:23:08.968] Starting the repair...
[2026-06-24 16:23:09.101] Found 1 possible bad axioms.
[2026-06-24 16:23:09.101] Selected the bad axiom SubClassOf(Entity owl:Nothing).
[2026-06-24 16:23:09.102] Finished repairing the ontology.
Repairing with A3 (default-weakening)...
[2026-06-24 16:23:09.104] Checking precondition...
[2026-06-24 16:23:09.105] Starting the repair...
[2026-06-24 16:23:09.112] Selected a reference ontology with 25 axioms.
[2026-06-24 16:23:09.252] Selected the bad axiom SubClassOf(Entity owl:Nothing).
[2026-06-24 16:23:09.260] Selected the weaker axiom SubClassOf(Continuant_Entity owl:Nothing).
[2026-06-24 16:23:09.358] Selected the bad axiom SubClassOf(Continuant_Entity owl:Nothing).
[2026-06-24 16:23:09.359] Selected the weaker axiom SubClassOf(owl:Thing owl:Nothing).
Failure: Repair failed: ExecutionException: java.lang.NullPointerException: operands cannot be null or empty

FAIL: attempt=72 seed=1008218 status=memory_limit_exceeded stage=A3 message=Repair failed: ExecutionException: java.lang.NullPointerException: operands cannot be null or empty
progress: ontology=PLIO attempt=72 success=36/100
----- PLIO attempt=73 seed=1022418 at 2026-06-24 16:23:09 -----
--- stdout ---
{"seed":1022418,"run_id":"20260624134028346645","trial_status":"success","error_type":null,"failure_stage":null,"error_message":null,"iic_values":{"B1_vs_A1":0.5,"B1_vs_A2":0.5,"B1_vs_A3":0.5,"B2_vs_A1":0.5,"B2_vs_A2":0.5,"B2_vs_A3":0.5,"B3_vs_A1":0.5,"B3_vs_A2":0.5,"B3_vs_A3":0.5,"B4_vs_A1":0.5,"B4_vs_A2":0.5,"B4_vs_A3":0.5,"B5_vs_A1":0.5,"B5_vs_A2":0.5,"B5_vs_A3":0.5,"B6_vs_A1":0.5,"B6_vs_A2":0.5,"B6_vs_A3":0.5,"B7_vs_A1":0.5,"B7_vs_A2":0.5,"B7_vs_A3":0.5,"B8_vs_A1":0.5,"B8_vs_A2":0.5,"B8_vs_A3":0.5,"B9_vs_A1":0.5,"B9_vs_A2":0.5,"B9_vs_A3":0.5},"repair_runtimes_ms":{"A1":27,"A2":137,"A3":172,"B1":278,"B2":522,"B3":318,"B4":27,"B5":450,"B6":307,"B7":20,"B8":339,"B9":299}}

--- stderr ---
SingleTrialExperiment starting: ontology=/workspaces/ontologyutils-ekaw26/repair-power-index-replication-ekaw26/ontologies/inconsistent/PLIO.owl, seed=1022418, run_id=20260624134028346645
Loaded ontology.
Normalizing ontology with SROIQ normalization...
Normalized ontology with SROIQ normalization.
Ontology is already inconsistent, skipping make-inconsistent step.
Repairing with A1 (random-removal)...
[2026-06-24 16:23:09.759] Checking precondition...
[2026-06-24 16:23:09.768] Starting the repair...
[2026-06-24 16:23:09.776] Found 19 possible bad axioms.
[2026-06-24 16:23:09.777] Selected the bad axiom SubClassOf(Entity owl:Nothing).
[2026-06-24 16:23:09.782] Finished repairing the ontology.
Repairing with A2 (not-in-largest-mcs-removal)...
[2026-06-24 16:23:09.782] Checking precondition...
[2026-06-24 16:23:09.791] Starting the repair...
[2026-06-24 16:23:09.918] Found 1 possible bad axioms.
[2026-06-24 16:23:09.918] Selected the bad axiom SubClassOf(Entity owl:Nothing).
[2026-06-24 16:23:09.919] Finished repairing the ontology.
Repairing with A3 (default-weakening)...
[2026-06-24 16:23:09.921] Checking precondition...
[2026-06-24 16:23:09.923] Starting the repair...
[2026-06-24 16:23:09.937] Selected a reference ontology with 24 axioms.
[2026-06-24 16:23:10.081] Selected the bad axiom SubClassOf(Entity owl:Nothing).
[2026-06-24 16:23:10.090] Selected the weaker axiom SubClassOf(Entity Processual_Entity).
[2026-06-24 16:23:10.092] Finished repairing the ontology.
Repairing with B1 (bad-in_some_mus-weaker-random)...
[2026-06-24 16:23:10.093] Checking precondition...
[2026-06-24 16:23:10.094] Starting the repair...
[2026-06-24 16:23:10.098] Selected a reference ontology with 24 axioms.
[2026-06-24 16:23:10.180] Selected the bad axiom SubClassOf(Entity owl:Nothing).
[2026-06-24 16:23:10.183] Selected the weaker axiom SubClassOf(Continuant_Entity owl:Nothing).
[2026-06-24 16:23:10.253] Selected the bad axiom SubClassOf(Continuant_Entity owl:Nothing).
[2026-06-24 16:23:10.253] Selected the weaker axiom SubClassOf(Entity owl:Nothing).
[2026-06-24 16:23:10.314] Selected the bad axiom SubClassOf(Entity owl:Nothing).
[2026-06-24 16:23:10.315] Selected the weaker axiom SubClassOf(Continuant_Entity owl:Nothing).
[2026-06-24 16:23:10.370] Selected the bad axiom SubClassOf(Continuant_Entity owl:Nothing).
[2026-06-24 16:23:10.370] Selected the weaker axiom SubClassOf(Continuant_Entity Continuant_Entity).
[2026-06-24 16:23:10.371] Finished repairing the ontology.
Repairing with B2 (bad-in_some_mus-weaker-shapley)...
[2026-06-24 16:23:10.372] Checking precondition...
[2026-06-24 16:23:10.373] Starting the repair...
[2026-06-24 16:23:10.375] Selected a reference ontology with 25 axioms.
[2026-06-24 16:23:10.435] Selected the bad axiom SubClassOf(Entity owl:Nothing).
[PowerIndexWeakerAxiomSelector] Scoring 14 candidate weakenings for Entity ⊑ ⊥
[PowerIndexWeakerAxiomSelector] Selected weaker axiom: Entity ⊑ Continuant_Entity
[2026-06-24 16:23:10.891] Selected the
...[truncated]
SUCCESS: attempt=73 seed=1022418 success_count=37/100
progress: ontology=PLIO attempt=73 success=37/100
----- PLIO attempt=74 seed=1036618 at 2026-06-24 16:23:12 -----
--- stdout ---
{"seed":1036618,"run_id":"20260624134028346645","trial_status":"success","error_type":null,"failure_stage":null,"error_message":null,"iic_values":{"B1_vs_A1":0.8571428571428571,"B1_vs_A2":0.5,"B1_vs_A3":0.5,"B2_vs_A1":0.8571428571428571,"B2_vs_A2":0.5,"B2_vs_A3":0.5,"B3_vs_A1":0.8571428571428571,"B3_vs_A2":0.5,"B3_vs_A3":0.5,"B4_vs_A1":1.0,"B4_vs_A2":0.5,"B4_vs_A3":0.5,"B5_vs_A1":1.0,"B5_vs_A2":0.5,"B5_vs_A3":0.5,"B6_vs_A1":1.0,"B6_vs_A2":0.5,"B6_vs_A3":0.5,"B7_vs_A1":1.0,"B7_vs_A2":0.5,"B7_vs_A3":0.5,"B8_vs_A1":1.0,"B8_vs_A2":0.5,"B8_vs_A3":0.5,"B9_vs_A1":1.0,"B9_vs_A2":0.5,"B9_vs_A3":0.5},"repair_runtimes_ms":{"A1":52,"A2":138,"A3":169,"B1":112,"B2":433,"B3":333,"B4":24,"B5":413,"B6":301,"B7":24,"B8":331,"B9":279}}

--- stderr ---
SingleTrialExperiment starting: ontology=/workspaces/ontologyutils-ekaw26/repair-power-index-replication-ekaw26/ontologies/inconsistent/PLIO.owl, seed=1036618, run_id=20260624134028346645
Loaded ontology.
Normalizing ontology with SROIQ normalization...
Normalized ontology with SROIQ normalization.
Ontology is already inconsistent, skipping make-inconsistent step.
Repairing with A1 (random-removal)...
[2026-06-24 16:23:13.042] Checking precondition...
[2026-06-24 16:23:13.051] Starting the repair...
[2026-06-24 16:23:13.057] Found 19 possible bad axioms.
[2026-06-24 16:23:13.058] Selected the bad axiom SubClassOf(Entity Functional_Entity).
[2026-06-24 16:23:13.063] Found 18 possible bad axioms.
[2026-06-24 16:23:13.064] Selected the bad axiom SubClassOf(Occurrent_Entity Continuant_Entity).
[2026-06-24 16:23:13.068] Found 17 possible bad axioms.
[2026-06-24 16:23:13.068] Selected the bad axiom SubClassOf(Continuant_Entity Processual_Entity).
[2026-06-24 16:23:13.071] Found 16 possible bad axioms.
[2026-06-24 16:23:13.071] Selected the bad axiom SubClassOf(Entity Continuant_Entity).
[2026-06-24 16:23:13.075] Found 15 possible bad axioms.
[2026-06-24 16:23:13.076] Selected the bad axiom SubClassOf(owl:Thing Processual_Entity).
[2026-06-24 16:23:13.078] Found 14 possible bad axioms.
[2026-06-24 16:23:13.078] Selected the bad axiom SubClassOf(Entity owl:Thing).
[2026-06-24 16:23:13.081] Found 13 possible bad axioms.
[2026-06-24 16:23:13.082] Selected the bad axiom SubClassOf(Continuant_Entity Entity).
[2026-06-24 16:23:13.084] Found 12 possible bad axioms.
[2026-06-24 16:23:13.084] Selected the bad axiom SubClassOf(Continuant_Entity Occurrent_Entity).
[2026-06-24 16:23:13.087] Found 11 possible bad axioms.
[2026-06-24 16:23:13.087] Selected the bad axiom SubClassOf(Occurrent_Entity Independent_Continuant_Entity).
[2026-06-24 16:23:13.088] Found 10 possible bad axioms.
[2026-06-24 16:23:13.088] Selected the bad axiom SubClassOf(owl:Thing Occurrent_Entity).
[2026-06-24 16:23:13.090] Finished repairing the ontology.
Repairing with A2 (not-in-largest-mcs-removal)...
[2026-06-24 16:23:13.091] Checking precondition...
[2026-06-24 16:23:13.100] Starting the repair...
[2026-06-24 16:23:13.228] Found 1 possible bad axioms.
[2026-06-24 16:23:13.228] Selected the bad axiom SubClassOf(Entity owl:Nothing).
[2026-06-24 16:23:13.229] Finished repairing the ontology.
Repairing with A3 (default-weakening)...
[2026-06-24 16:23:13.230] Checking precondition...
[2026-06-24 16:23:13.233] Starting the repair...
[2026-06-24 16:23:13.240] Selected a reference ontology with 24 axioms.
[2026-06-24 16:23:13.386] Selected the bad axiom SubClassOf(Entity owl:Nothing).
[2026-06-24 16:23:13.396] Selected the weaker axiom SubClassOf(Entity Functional_Entity).
[2026-06-24 16:23:13.398] Finished repairing the ontology.
Repairing with B1 (bad-in_some_mus-weaker-random)...
[2026-06-24 16:23:13.400] Checking precondition...
[2026-06-24 16:23:13.402] Starting the repair...
[2026-06-24 16:
...[truncated]
SUCCESS: attempt=74 seed=1036618 success_count=38/100
progress: ontology=PLIO attempt=74 success=38/100
----- PLIO attempt=75 seed=1050818 at 2026-06-24 16:23:15 -----
--- stdout ---
{"seed":1050818,"run_id":"20260624134028346645","trial_status":"success","error_type":null,"failure_stage":null,"error_message":null,"iic_values":{"B1_vs_A1":0.9166666666666666,"B1_vs_A2":0.5,"B1_vs_A3":0.5,"B2_vs_A1":0.9166666666666666,"B2_vs_A2":0.5,"B2_vs_A3":0.5,"B3_vs_A1":0.9166666666666666,"B3_vs_A2":0.5,"B3_vs_A3":0.5,"B4_vs_A1":0.7777777777777778,"B4_vs_A2":0.5,"B4_vs_A3":0.5,"B5_vs_A1":0.7777777777777778,"B5_vs_A2":0.5,"B5_vs_A3":0.5,"B6_vs_A1":0.7777777777777778,"B6_vs_A2":0.5,"B6_vs_A3":0.5,"B7_vs_A1":0.7777777777777778,"B7_vs_A2":0.5,"B7_vs_A3":0.5,"B8_vs_A1":0.7777777777777778,"B8_vs_A2":0.5,"B8_vs_A3":0.5,"B9_vs_A1":0.7777777777777778,"B9_vs_A2":0.5,"B9_vs_A3":0.5},"repair_runtimes_ms":{"A1":57,"A2":130,"A3":164,"B1":175,"B2":549,"B3":224,"B4":30,"B5":401,"B6":357,"B7":22,"B8":365,"B9":293}}

--- stderr ---
SingleTrialExperiment starting: ontology=/workspaces/ontologyutils-ekaw26/repair-power-index-replication-ekaw26/ontologies/inconsistent/PLIO.owl, seed=1050818, run_id=20260624134028346645
Loaded ontology.
Normalizing ontology with SROIQ normalization...
Normalized ontology with SROIQ normalization.
Ontology is already inconsistent, skipping make-inconsistent step.
Repairing with A1 (random-removal)...
[2026-06-24 16:23:16.083] Checking precondition...
[2026-06-24 16:23:16.091] Starting the repair...
[2026-06-24 16:23:16.097] Found 19 possible bad axioms.
[2026-06-24 16:23:16.099] Selected the bad axiom SubClassOf(Entity Processual_Entity).
[2026-06-24 16:23:16.103] Found 18 possible bad axioms.
[2026-06-24 16:23:16.104] Selected the bad axiom SubClassOf(Continuant_Entity Processual_Entity).
[2026-06-24 16:23:16.107] Found 17 possible bad axioms.
[2026-06-24 16:23:16.108] Selected the bad axiom SubClassOf(Continuant_Entity Entity).
[2026-06-24 16:23:16.112] Found 16 possible bad axioms.
[2026-06-24 16:23:16.112] Selected the bad axiom SubClassOf(Entity Continuant_Entity).
[2026-06-24 16:23:16.115] Found 15 possible bad axioms.
[2026-06-24 16:23:16.115] Selected the bad axiom SubClassOf(Entity Functional_Entity).
[2026-06-24 16:23:16.118] Found 14 possible bad axioms.
[2026-06-24 16:23:16.118] Selected the bad axiom SubClassOf(Entity Occurrent_Entity).
[2026-06-24 16:23:16.120] Found 13 possible bad axioms.
[2026-06-24 16:23:16.120] Selected the bad axiom SubClassOf(Functional_Entity Independent_Continuant_Entity).
[2026-06-24 16:23:16.123] Found 12 possible bad axioms.
[2026-06-24 16:23:16.124] Selected the bad axiom SubClassOf(Continuant_Entity Occurrent_Entity).
[2026-06-24 16:23:16.125] Found 11 possible bad axioms.
[2026-06-24 16:23:16.126] Selected the bad axiom SubClassOf(Occurrent_Entity Independent_Continuant_Entity).
[2026-06-24 16:23:16.127] Found 10 possible bad axioms.
[2026-06-24 16:23:16.127] Selected the bad axiom SubClassOf(Independent_Continuant_Entity Continuant_Entity).
[2026-06-24 16:23:16.129] Found 9 possible bad axioms.
[2026-06-24 16:23:16.129] Selected the bad axiom SubClassOf(Occurrent_Entity Entity).
[2026-06-24 16:23:16.135] Finished repairing the ontology.
Repairing with A2 (not-in-largest-mcs-removal)...
[2026-06-24 16:23:16.136] Checking precondition...
[2026-06-24 16:23:16.141] Starting the repair...
[2026-06-24 16:23:16.265] Found 1 possible bad axioms.
[2026-06-24 16:23:16.265] Selected the bad axiom SubClassOf(Entity owl:Nothing).
[2026-06-24 16:23:16.266] Finished repairing the ontology.
Repairing with A3 (default-weakening)...
[2026-06-24 16:23:16.267] Checking precondition...
[2026-06-24 16:23:16.269] Starting the repair...
[2026-06-24 16:23:16.276] Selected a reference ontology with 25 axioms.
[2026-06-24 16:23:16.419] Selected the bad axiom SubClassOf(Entity owl:Nothing).
[2026-06-24 16:23:16.429] Selected the weaker axiom SubClassOf(Entity Entity).
[2026-06-24 16:23:16.430] Finished repairing the ontology.

...[truncated]
SUCCESS: attempt=75 seed=1050818 success_count=39/100
progress: ontology=PLIO attempt=75 success=39/100
----- PLIO attempt=76 seed=1065018 at 2026-06-24 16:23:18 -----
--- stdout ---
{"seed":1065018,"run_id":"20260624134028346645","trial_status":"success","error_type":null,"failure_stage":null,"error_message":null,"iic_values":{"B1_vs_A1":0.5,"B1_vs_A2":0.5,"B1_vs_A3":0.5,"B2_vs_A1":0.5,"B2_vs_A2":0.5,"B2_vs_A3":0.5,"B3_vs_A1":0.5,"B3_vs_A2":0.5,"B3_vs_A3":0.5,"B4_vs_A1":0.5,"B4_vs_A2":0.5,"B4_vs_A3":0.5,"B5_vs_A1":0.5,"B5_vs_A2":0.5,"B5_vs_A3":0.5,"B6_vs_A1":0.5,"B6_vs_A2":0.5,"B6_vs_A3":0.5,"B7_vs_A1":0.5,"B7_vs_A2":0.5,"B7_vs_A3":0.5,"B8_vs_A1":0.5,"B8_vs_A2":0.5,"B8_vs_A3":0.5,"B9_vs_A1":0.5,"B9_vs_A2":0.5,"B9_vs_A3":0.5},"repair_runtimes_ms":{"A1":30,"A2":127,"A3":177,"B1":104,"B2":442,"B3":326,"B4":70,"B5":414,"B6":293,"B7":18,"B8":333,"B9":272}}

--- stderr ---
SingleTrialExperiment starting: ontology=/workspaces/ontologyutils-ekaw26/repair-power-index-replication-ekaw26/ontologies/inconsistent/PLIO.owl, seed=1065018, run_id=20260624134028346645
Loaded ontology.
Normalizing ontology with SROIQ normalization...
Normalized ontology with SROIQ normalization.
Ontology is already inconsistent, skipping make-inconsistent step.
Repairing with A1 (random-removal)...
[2026-06-24 16:23:19.247] Checking precondition...
[2026-06-24 16:23:19.258] Starting the repair...
[2026-06-24 16:23:19.264] Found 19 possible bad axioms.
[2026-06-24 16:23:19.265] Selected the bad axiom SubClassOf(owl:Thing Occurrent_Entity).
[2026-06-24 16:23:19.269] Found 18 possible bad axioms.
[2026-06-24 16:23:19.270] Selected the bad axiom SubClassOf(owl:Thing Processual_Entity).
[2026-06-24 16:23:19.273] Finished repairing the ontology.
Repairing with A2 (not-in-largest-mcs-removal)...
[2026-06-24 16:23:19.273] Checking precondition...
[2026-06-24 16:23:19.280] Starting the repair...
[2026-06-24 16:23:19.399] Found 1 possible bad axioms.
[2026-06-24 16:23:19.399] Selected the bad axiom SubClassOf(Entity owl:Nothing).
[2026-06-24 16:23:19.400] Finished repairing the ontology.
Repairing with A3 (default-weakening)...
[2026-06-24 16:23:19.402] Checking precondition...
[2026-06-24 16:23:19.404] Starting the repair...
[2026-06-24 16:23:19.417] Selected a reference ontology with 24 axioms.
[2026-06-24 16:23:19.565] Selected the bad axiom SubClassOf(Entity owl:Nothing).
[2026-06-24 16:23:19.576] Selected the weaker axiom SubClassOf(Entity Independent_Continuant_Entity).
[2026-06-24 16:23:19.578] Finished repairing the ontology.
Repairing with B1 (bad-in_some_mus-weaker-random)...
[2026-06-24 16:23:19.578] Checking precondition...
[2026-06-24 16:23:19.580] Starting the repair...
[2026-06-24 16:23:19.585] Selected a reference ontology with 25 axioms.
[2026-06-24 16:23:19.679] Selected the bad axiom SubClassOf(Entity owl:Nothing).
[2026-06-24 16:23:19.681] Selected the weaker axiom SubClassOf(Entity owl:Thing).
[2026-06-24 16:23:19.682] Finished repairing the ontology.
Repairing with B2 (bad-in_some_mus-weaker-shapley)...
[2026-06-24 16:23:19.684] Checking precondition...
[2026-06-24 16:23:19.685] Starting the repair...
[2026-06-24 16:23:19.699] Selected a reference ontology with 24 axioms.
[2026-06-24 16:23:19.765] Selected the bad axiom SubClassOf(Entity owl:Nothing).
[PowerIndexWeakerAxiomSelector] Scoring 8 candidate weakenings for Entity ⊑ ⊥
[PowerIndexWeakerAxiomSelector] Selected weaker axiom: Entity ⊑ Continuant_Entity
[2026-06-24 16:23:20.122] Selected the weaker axiom SubClassOf(Entity Continuant_Entity).
[2026-06-24 16:23:20.124] Finished repairing the ontology.
Repairing with B3 (bad-in_some_mus-weaker-banzhaf)...
[2026-06-24 16:23:20.126] Checking precondition...
[2026-06-24 16:23:20.127] Starting the repair...
[2026-06-24 16:23:20.130] Selected a reference ontology with 25 axioms.
[2026-06-24 16:23:20.218] Selected the bad axiom SubClas
...[truncated]
SUCCESS: attempt=76 seed=1065018 success_count=40/100
progress: ontology=PLIO attempt=76 success=40/100
----- PLIO attempt=77 seed=1079218 at 2026-06-24 16:23:21 -----
--- stdout ---
{"seed":1079218,"run_id":"20260624134028346645","trial_status":"memory_limit_exceeded","error_type":"failure","failure_stage":"A3","error_message":"Repair failed: ExecutionException: java.lang.NullPointerException: operands cannot be null or empty","iic_values":{},"repair_runtimes_ms":{"A1":50,"A2":139,"A3":151}}

--- stderr ---
SingleTrialExperiment starting: ontology=/workspaces/ontologyutils-ekaw26/repair-power-index-replication-ekaw26/ontologies/inconsistent/PLIO.owl, seed=1079218, run_id=20260624134028346645
Loaded ontology.
Normalizing ontology with SROIQ normalization...
Normalized ontology with SROIQ normalization.
Ontology is already inconsistent, skipping make-inconsistent step.
Repairing with A1 (random-removal)...
[2026-06-24 16:23:22.260] Checking precondition...
[2026-06-24 16:23:22.269] Starting the repair...
[2026-06-24 16:23:22.275] Found 19 possible bad axioms.
[2026-06-24 16:23:22.276] Selected the bad axiom SubClassOf(Occurrent_Entity Functional_Entity).
[2026-06-24 16:23:22.281] Found 18 possible bad axioms.
[2026-06-24 16:23:22.281] Selected the bad axiom SubClassOf(Continuant_Entity Processual_Entity).
[2026-06-24 16:23:22.285] Found 17 possible bad axioms.
[2026-06-24 16:23:22.285] Selected the bad axiom SubClassOf(Functional_Entity Independent_Continuant_Entity).
[2026-06-24 16:23:22.289] Found 16 possible bad axioms.
[2026-06-24 16:23:22.289] Selected the bad axiom SubClassOf(Entity Continuant_Entity).
[2026-06-24 16:23:22.293] Found 15 possible bad axioms.
[2026-06-24 16:23:22.293] Selected the bad axiom SubClassOf(Occurrent_Entity Independent_Continuant_Entity).
[2026-06-24 16:23:22.295] Found 14 possible bad axioms.
[2026-06-24 16:23:22.295] Selected the bad axiom SubClassOf(Independent_Continuant_Entity Continuant_Entity).
[2026-06-24 16:23:22.298] Found 13 possible bad axioms.
[2026-06-24 16:23:22.298] Selected the bad axiom SubClassOf(owl:Thing Occurrent_Entity).
[2026-06-24 16:23:22.301] Found 12 possible bad axioms.
[2026-06-24 16:23:22.301] Selected the bad axiom SubClassOf(Entity Independent_Continuant_Entity).
[2026-06-24 16:23:22.302] Found 11 possible bad axioms.
[2026-06-24 16:23:22.303] Selected the bad axiom SubClassOf(Occurrent_Entity Continuant_Entity).
[2026-06-24 16:23:22.304] Found 10 possible bad axioms.
[2026-06-24 16:23:22.304] Selected the bad axiom SubClassOf(Entity owl:Nothing).
[2026-06-24 16:23:22.306] Finished repairing the ontology.
Repairing with A2 (not-in-largest-mcs-removal)...
[2026-06-24 16:23:22.306] Checking precondition...
[2026-06-24 16:23:22.315] Starting the repair...
[2026-06-24 16:23:22.444] Found 1 possible bad axioms.
[2026-06-24 16:23:22.444] Selected the bad axiom SubClassOf(Entity owl:Nothing).
[2026-06-24 16:23:22.445] Finished repairing the ontology.
Repairing with A3 (default-weakening)...
[2026-06-24 16:23:22.447] Checking precondition...
[2026-06-24 16:23:22.449] Starting the repair...
[2026-06-24 16:23:22.455] Selected a reference ontology with 25 axioms.
[2026-06-24 16:23:22.587] Selected the bad axiom SubClassOf(Entity owl:Nothing).
[2026-06-24 16:23:22.596] Selected the weaker axiom SubClassOf(owl:Thing owl:Nothing).
Failure: Repair failed: ExecutionException: java.lang.NullPointerException: operands cannot be null or empty

FAIL: attempt=77 seed=1079218 status=memory_limit_exceeded stage=A3 message=Repair failed: ExecutionException: java.lang.NullPointerException: operands cannot be null or empty
progress: ontology=PLIO attempt=77 success=40/100
----- PLIO attempt=78 seed=1093418 at 2026-06-24 16:23:22 -----
--- stdout ---
{"seed":1093418,"run_id":"20260624134028346645","trial_status":"success","error_type":null,"failure_stage":null,"error_message":null,"iic_values":{"B1_vs_A1":0.5,"B1_vs_A2":0.5,"B1_vs_A3":0.5,"B2_vs_A1":0.5,"B2_vs_A2":0.5,"B2_vs_A3":0.5,"B3_vs_A1":0.5,"B3_vs_A2":0.5,"B3_vs_A3":0.5,"B4_vs_A1":0.5,"B4_vs_A2":0.5,"B4_vs_A3":0.5,"B5_vs_A1":0.5,"B5_vs_A2":0.5,"B5_vs_A3":0.5,"B6_vs_A1":0.5,"B6_vs_A2":0.5,"B6_vs_A3":0.5,"B7_vs_A1":0.5,"B7_vs_A2":0.5,"B7_vs_A3":0.5,"B8_vs_A1":0.5,"B8_vs_A2":0.5,"B8_vs_A3":0.5,"B9_vs_A1":0.5,"B9_vs_A2":0.5,"B9_vs_A3":0.5},"repair_runtimes_ms":{"A1":41,"A2":114,"A3":172,"B1":108,"B2":549,"B3":408,"B4":25,"B5":381,"B6":296,"B7":44,"B8":302,"B9":237}}

--- stderr ---
SingleTrialExperiment starting: ontology=/workspaces/ontologyutils-ekaw26/repair-power-index-replication-ekaw26/ontologies/inconsistent/PLIO.owl, seed=1093418, run_id=20260624134028346645
Loaded ontology.
Normalizing ontology with SROIQ normalization...
Normalized ontology with SROIQ normalization.
Ontology is already inconsistent, skipping make-inconsistent step.
Repairing with A1 (random-removal)...
[2026-06-24 16:23:22.980] Checking precondition...
[2026-06-24 16:23:22.989] Starting the repair...
[2026-06-24 16:23:22.995] Found 19 possible bad axioms.
[2026-06-24 16:23:22.996] Selected the bad axiom SubClassOf(Entity Independent_Continuant_Entity).
[2026-06-24 16:23:23.001] Found 18 possible bad axioms.
[2026-06-24 16:23:23.001] Selected the bad axiom SubClassOf(Functional_Entity Independent_Continuant_Entity).
[2026-06-24 16:23:23.004] Found 17 possible bad axioms.
[2026-06-24 16:23:23.004] Selected the bad axiom SubClassOf(Entity Continuant_Entity).
[2026-06-24 16:23:23.008] Found 16 possible bad axioms.
[2026-06-24 16:23:23.008] Selected the bad axiom SubClassOf(Occurrent_Entity Continuant_Entity).
[2026-06-24 16:23:23.011] Found 15 possible bad axioms.
[2026-06-24 16:23:23.011] Selected the bad axiom SubClassOf(Processual_Entity Occurrent_Entity).
[2026-06-24 16:23:23.013] Found 14 possible bad axioms.
[2026-06-24 16:23:23.013] Selected the bad axiom SubClassOf(Entity owl:Nothing).
[2026-06-24 16:23:23.017] Finished repairing the ontology.
Repairing with A2 (not-in-largest-mcs-removal)...
[2026-06-24 16:23:23.017] Checking precondition...
[2026-06-24 16:23:23.022] Starting the repair...
[2026-06-24 16:23:23.130] Found 1 possible bad axioms.
[2026-06-24 16:23:23.131] Selected the bad axiom SubClassOf(Entity owl:Nothing).
[2026-06-24 16:23:23.132] Finished repairing the ontology.
Repairing with A3 (default-weakening)...
[2026-06-24 16:23:23.133] Checking precondition...
[2026-06-24 16:23:23.136] Starting the repair...
[2026-06-24 16:23:23.146] Selected a reference ontology with 22 axioms.
[2026-06-24 16:23:23.294] Selected the bad axiom SubClassOf(Entity owl:Nothing).
[2026-06-24 16:23:23.303] Selected the weaker axiom SubClassOf(Entity Processual_Entity).
[2026-06-24 16:23:23.304] Finished repairing the ontology.
Repairing with B1 (bad-in_some_mus-weaker-random)...
[2026-06-24 16:23:23.305] Checking precondition...
[2026-06-24 16:23:23.307] Starting the repair...
[2026-06-24 16:23:23.313] Selected a reference ontology with 24 axioms.
[2026-06-24 16:23:23.410] Selected the bad axiom SubClassOf(Entity owl:Nothing).
[2026-06-24 16:23:23.412] Selected the weaker axiom SubClassOf(Entity Continuant_Entity).
[2026-06-24 16:23:23.413] Finished repairing the ontology.
Repairing with B2 (bad-in_some_mus-weaker-shapley)...
[2026-06-24 16:23:23.415] Checking precondition...
[2026-06-24 16:23:23.416] Starting the repair...
[2026-06-24 16:23:23.419] Selected a reference ontology with 25 axioms.
[2026-06-24 16:23:23.492] Selected the bad axiom SubClassOf(
...[truncated]
SUCCESS: attempt=78 seed=1093418 success_count=41/100
progress: ontology=PLIO attempt=78 success=41/100
----- PLIO attempt=79 seed=1107618 at 2026-06-24 16:23:25 -----
--- stdout ---
{"seed":1107618,"run_id":"20260624134028346645","trial_status":"memory_limit_exceeded","error_type":"failure","failure_stage":"A3","error_message":"Repair failed: ExecutionException: java.lang.NullPointerException: operands cannot be null or empty","iic_values":{},"repair_runtimes_ms":{"A1":40,"A2":129,"A3":168}}

--- stderr ---
SingleTrialExperiment starting: ontology=/workspaces/ontologyutils-ekaw26/repair-power-index-replication-ekaw26/ontologies/inconsistent/PLIO.owl, seed=1107618, run_id=20260624134028346645
Loaded ontology.
Normalizing ontology with SROIQ normalization...
Normalized ontology with SROIQ normalization.
Ontology is already inconsistent, skipping make-inconsistent step.
Repairing with A1 (random-removal)...
[2026-06-24 16:23:26.057] Checking precondition...
[2026-06-24 16:23:26.066] Starting the repair...
[2026-06-24 16:23:26.072] Found 19 possible bad axioms.
[2026-06-24 16:23:26.073] Selected the bad axiom SubClassOf(Occurrent_Entity Continuant_Entity).
[2026-06-24 16:23:26.078] Found 18 possible bad axioms.
[2026-06-24 16:23:26.079] Selected the bad axiom SubClassOf(Entity Continuant_Entity).
[2026-06-24 16:23:26.082] Found 17 possible bad axioms.
[2026-06-24 16:23:26.082] Selected the bad axiom SubClassOf(owl:Thing Occurrent_Entity).
[2026-06-24 16:23:26.086] Found 16 possible bad axioms.
[2026-06-24 16:23:26.086] Selected the bad axiom SubClassOf(Entity Independent_Continuant_Entity).
[2026-06-24 16:23:26.089] Found 15 possible bad axioms.
[2026-06-24 16:23:26.090] Selected the bad axiom SubClassOf(Entity owl:Nothing).
[2026-06-24 16:23:26.092] Finished repairing the ontology.
Repairing with A2 (not-in-largest-mcs-removal)...
[2026-06-24 16:23:26.093] Checking precondition...
[2026-06-24 16:23:26.100] Starting the repair...
[2026-06-24 16:23:26.220] Found 1 possible bad axioms.
[2026-06-24 16:23:26.221] Selected the bad axiom SubClassOf(Entity owl:Nothing).
[2026-06-24 16:23:26.222] Finished repairing the ontology.
Repairing with A3 (default-weakening)...
[2026-06-24 16:23:26.223] Checking precondition...
[2026-06-24 16:23:26.226] Starting the repair...
[2026-06-24 16:23:26.238] Selected a reference ontology with 25 axioms.
[2026-06-24 16:23:26.379] Selected the bad axiom SubClassOf(Entity owl:Nothing).
[2026-06-24 16:23:26.390] Selected the weaker axiom SubClassOf(owl:Thing owl:Nothing).
Failure: Repair failed: ExecutionException: java.lang.NullPointerException: operands cannot be null or empty

FAIL: attempt=79 seed=1107618 status=memory_limit_exceeded stage=A3 message=Repair failed: ExecutionException: java.lang.NullPointerException: operands cannot be null or empty
progress: ontology=PLIO attempt=79 success=41/100
----- PLIO attempt=80 seed=1121818 at 2026-06-24 16:23:26 -----
--- stdout ---
{"seed":1121818,"run_id":"20260624134028346645","trial_status":"memory_limit_exceeded","error_type":"failure","failure_stage":"B5","error_message":"Repair failed: ExecutionException: java.lang.IllegalStateException: Could not find a weakening for axiom: ⊤ ⊑ Processual_Entity","iic_values":{},"repair_runtimes_ms":{"A1":28,"A2":134,"A3":170,"B1":105,"B2":546,"B3":321,"B4":41,"B5":279}}

--- stderr ---
SingleTrialExperiment starting: ontology=/workspaces/ontologyutils-ekaw26/repair-power-index-replication-ekaw26/ontologies/inconsistent/PLIO.owl, seed=1121818, run_id=20260624134028346645
Loaded ontology.
Normalizing ontology with SROIQ normalization...
Normalized ontology with SROIQ normalization.
Ontology is already inconsistent, skipping make-inconsistent step.
Repairing with A1 (random-removal)...
[2026-06-24 16:23:26.785] Checking precondition...
[2026-06-24 16:23:26.795] Starting the repair...
[2026-06-24 16:23:26.802] Found 19 possible bad axioms.
[2026-06-24 16:23:26.804] Selected the bad axiom SubClassOf(Entity owl:Nothing).
[2026-06-24 16:23:26.809] Finished repairing the ontology.
Repairing with A2 (not-in-largest-mcs-removal)...
[2026-06-24 16:23:26.809] Checking precondition...
[2026-06-24 16:23:26.816] Starting the repair...
[2026-06-24 16:23:26.941] Found 1 possible bad axioms.
[2026-06-24 16:23:26.942] Selected the bad axiom SubClassOf(Entity owl:Nothing).
[2026-06-24 16:23:26.943] Finished repairing the ontology.
Repairing with A3 (default-weakening)...
[2026-06-24 16:23:26.944] Checking precondition...
[2026-06-24 16:23:26.946] Starting the repair...
[2026-06-24 16:23:26.959] Selected a reference ontology with 24 axioms.
[2026-06-24 16:23:27.101] Selected the bad axiom SubClassOf(Entity owl:Nothing).
[2026-06-24 16:23:27.111] Selected the weaker axiom SubClassOf(Entity Continuant_Entity).
[2026-06-24 16:23:27.113] Finished repairing the ontology.
Repairing with B1 (bad-in_some_mus-weaker-random)...
[2026-06-24 16:23:27.114] Checking precondition...
[2026-06-24 16:23:27.118] Starting the repair...
[2026-06-24 16:23:27.123] Selected a reference ontology with 25 axioms.
[2026-06-24 16:23:27.216] Selected the bad axiom SubClassOf(Entity owl:Nothing).
[2026-06-24 16:23:27.218] Selected the weaker axiom SubClassOf(Entity Processual_Entity).
[2026-06-24 16:23:27.219] Finished repairing the ontology.
Repairing with B2 (bad-in_some_mus-weaker-shapley)...
[2026-06-24 16:23:27.221] Checking precondition...
[2026-06-24 16:23:27.222] Starting the repair...
[2026-06-24 16:23:27.226] Selected a reference ontology with 25 axioms.
[2026-06-24 16:23:27.300] Selected the bad axiom SubClassOf(Entity owl:Nothing).
[PowerIndexWeakerAxiomSelector] Scoring 14 candidate weakenings for Entity ⊑ ⊥
[PowerIndexWeakerAxiomSelector] Selected weaker axiom: Entity ⊑ Continuant_Entity
[2026-06-24 16:23:27.763] Selected the weaker axiom SubClassOf(Entity Continuant_Entity).
[2026-06-24 16:23:27.766] Finished repairing the ontology.
Repairing with B3 (bad-in_some_mus-weaker-banzhaf)...
[2026-06-24 16:23:27.767] Checking precondition...
[2026-06-24 16:23:27.768] Starting the repair...
[2026-06-24 16:23:27.771] Selected a reference ontology with 24 axioms.
[2026-06-24 16:23:27.919] Selected the bad axiom SubClassOf(Entity owl:Nothing).
[PowerIndexWeakerAxiomSelector] Scoring 8 candidate weakenings for Entity ⊑ ⊥
[PowerIndexWeakerAxiomSelector] Selected weaker axiom:
...[truncated]
FAIL: attempt=80 seed=1121818 status=memory_limit_exceeded stage=B5 message=Repair failed: ExecutionException: java.lang.IllegalStateException: Could not find a weakening for axiom: ⊤ ⊑ Processual_Entity
progress: ontology=PLIO attempt=80 success=41/100
----- PLIO attempt=81 seed=1136018 at 2026-06-24 16:23:28 -----
--- stdout ---
{"seed":1136018,"run_id":"20260624134028346645","trial_status":"memory_limit_exceeded","error_type":"failure","failure_stage":"B5","error_message":"Repair failed: ExecutionException: java.lang.IllegalStateException: Could not find a weakening for axiom: ⊤ ⊑ Processual_Entity","iic_values":{},"repair_runtimes_ms":{"A1":48,"A2":143,"A3":157,"B1":107,"B2":548,"B3":357,"B4":29,"B5":154}}

--- stderr ---
SingleTrialExperiment starting: ontology=/workspaces/ontologyutils-ekaw26/repair-power-index-replication-ekaw26/ontologies/inconsistent/PLIO.owl, seed=1136018, run_id=20260624134028346645
Loaded ontology.
Normalizing ontology with SROIQ normalization...
Normalized ontology with SROIQ normalization.
Ontology is already inconsistent, skipping make-inconsistent step.
Repairing with A1 (random-removal)...
[2026-06-24 16:23:28.798] Checking precondition...
[2026-06-24 16:23:28.807] Starting the repair...
[2026-06-24 16:23:28.815] Found 19 possible bad axioms.
[2026-06-24 16:23:28.816] Selected the bad axiom SubClassOf(owl:Thing Processual_Entity).
[2026-06-24 16:23:28.820] Found 18 possible bad axioms.
[2026-06-24 16:23:28.821] Selected the bad axiom SubClassOf(Occurrent_Entity Functional_Entity).
[2026-06-24 16:23:28.824] Found 17 possible bad axioms.
[2026-06-24 16:23:28.824] Selected the bad axiom SubClassOf(Entity Functional_Entity).
[2026-06-24 16:23:28.828] Found 16 possible bad axioms.
[2026-06-24 16:23:28.828] Selected the bad axiom SubClassOf(Functional_Entity Independent_Continuant_Entity).
[2026-06-24 16:23:28.831] Found 15 possible bad axioms.
[2026-06-24 16:23:28.832] Selected the bad axiom SubClassOf(Continuant_Entity Processual_Entity).
[2026-06-24 16:23:28.834] Found 14 possible bad axioms.
[2026-06-24 16:23:28.834] Selected the bad axiom SubClassOf(Entity Processual_Entity).
[2026-06-24 16:23:28.837] Found 13 possible bad axioms.
[2026-06-24 16:23:28.837] Selected the bad axiom SubClassOf(Occurrent_Entity Entity).
[2026-06-24 16:23:28.840] Found 12 possible bad axioms.
[2026-06-24 16:23:28.840] Selected the bad axiom SubClassOf(Entity owl:Nothing).
[2026-06-24 16:23:28.842] Finished repairing the ontology.
Repairing with A2 (not-in-largest-mcs-removal)...
[2026-06-24 16:23:28.842] Checking precondition...
[2026-06-24 16:23:28.847] Starting the repair...
[2026-06-24 16:23:28.984] Found 1 possible bad axioms.
[2026-06-24 16:23:28.984] Selected the bad axiom SubClassOf(Entity owl:Nothing).
[2026-06-24 16:23:28.985] Finished repairing the ontology.
Repairing with A3 (default-weakening)...
[2026-06-24 16:23:28.987] Checking precondition...
[2026-06-24 16:23:28.989] Starting the repair...
[2026-06-24 16:23:28.995] Selected a reference ontology with 25 axioms.
[2026-06-24 16:23:29.133] Selected the bad axiom SubClassOf(Entity owl:Nothing).
[2026-06-24 16:23:29.142] Selected the weaker axiom SubClassOf(Entity Processual_Entity).
[2026-06-24 16:23:29.143] Finished repairing the ontology.
Repairing with B1 (bad-in_some_mus-weaker-random)...
[2026-06-24 16:23:29.144] Checking precondition...
[2026-06-24 16:23:29.146] Starting the repair...
[2026-06-24 16:23:29.150] Selected a reference ontology with 25 axioms.
[2026-06-24 16:23:29.248] Selected the bad axiom SubClassOf(Entity owl:Nothing).
[2026-06-24 16:23:29.250] Selected the weaker axiom SubClassOf(Entity owl:Thing).
[2026-06-24 16:23:29.251] Finished repairing the ontology.
Repairing with B2
...[truncated]
FAIL: attempt=81 seed=1136018 status=memory_limit_exceeded stage=B5 message=Repair failed: ExecutionException: java.lang.IllegalStateException: Could not find a weakening for axiom: ⊤ ⊑ Processual_Entity
progress: ontology=PLIO attempt=81 success=41/100
----- PLIO attempt=82 seed=1150218 at 2026-06-24 16:23:30 -----
--- stdout ---
{"seed":1150218,"run_id":"20260624134028346645","trial_status":"memory_limit_exceeded","error_type":"failure","failure_stage":"B8","error_message":"Repair failed: ExecutionException: java.lang.IllegalStateException: Could not find a weakening for axiom: ⊤ ⊑ Processual_Entity","iic_values":{},"repair_runtimes_ms":{"A1":49,"A2":136,"A3":319,"B1":66,"B2":430,"B3":218,"B4":34,"B5":517,"B6":379,"B7":18,"B8":131}}

--- stderr ---
SingleTrialExperiment starting: ontology=/workspaces/ontologyutils-ekaw26/repair-power-index-replication-ekaw26/ontologies/inconsistent/PLIO.owl, seed=1150218, run_id=20260624134028346645
Loaded ontology.
Normalizing ontology with SROIQ normalization...
Normalized ontology with SROIQ normalization.
Ontology is already inconsistent, skipping make-inconsistent step.
Repairing with A1 (random-removal)...
[2026-06-24 16:23:30.749] Checking precondition...
[2026-06-24 16:23:30.758] Starting the repair...
[2026-06-24 16:23:30.764] Found 19 possible bad axioms.
[2026-06-24 16:23:30.766] Selected the bad axiom SubClassOf(Occurrent_Entity Independent_Continuant_Entity).
[2026-06-24 16:23:30.771] Found 18 possible bad axioms.
[2026-06-24 16:23:30.771] Selected the bad axiom SubClassOf(Functional_Entity Independent_Continuant_Entity).
[2026-06-24 16:23:30.774] Found 17 possible bad axioms.
[2026-06-24 16:23:30.774] Selected the bad axiom SubClassOf(owl:Thing Processual_Entity).
[2026-06-24 16:23:30.778] Found 16 possible bad axioms.
[2026-06-24 16:23:30.778] Selected the bad axiom SubClassOf(Occurrent_Entity Continuant_Entity).
[2026-06-24 16:23:30.781] Found 15 possible bad axioms.
[2026-06-24 16:23:30.782] Selected the bad axiom SubClassOf(Entity Processual_Entity).
[2026-06-24 16:23:30.784] Found 14 possible bad axioms.
[2026-06-24 16:23:30.784] Selected the bad axiom SubClassOf(Entity Independent_Continuant_Entity).
[2026-06-24 16:23:30.787] Found 13 possible bad axioms.
[2026-06-24 16:23:30.787] Selected the bad axiom SubClassOf(Continuant_Entity Processual_Entity).
[2026-06-24 16:23:30.789] Found 12 possible bad axioms.
[2026-06-24 16:23:30.790] Selected the bad axiom SubClassOf(Entity Occurrent_Entity).
[2026-06-24 16:23:30.792] Found 11 possible bad axioms.
[2026-06-24 16:23:30.792] Selected the bad axiom SubClassOf(Occurrent_Entity Entity).
[2026-06-24 16:23:30.794] Finished repairing the ontology.
Repairing with A2 (not-in-largest-mcs-removal)...
[2026-06-24 16:23:30.794] Checking precondition...
[2026-06-24 16:23:30.805] Starting the repair...
[2026-06-24 16:23:30.929] Found 1 possible bad axioms.
[2026-06-24 16:23:30.929] Selected the bad axiom SubClassOf(Entity owl:Nothing).
[2026-06-24 16:23:30.930] Finished repairing the ontology.
Repairing with A3 (default-weakening)...
[2026-06-24 16:23:30.932] Checking precondition...
[2026-06-24 16:23:30.940] Starting the repair...
[2026-06-24 16:23:30.950] Selected a reference ontology with 24 axioms.
[2026-06-24 16:23:31.088] Selected the bad axiom SubClassOf(Entity owl:Nothing).
[2026-06-24 16:23:31.096] Selected the weaker axiom SubClassOf(Processual_Entity owl:Nothing).
[2026-06-24 16:23:31.183] Selected the bad axiom SubClassOf(Processual_Entity owl:Nothing).
[2026-06-24 16:23:31.184] Selected the weaker axiom SubClassOf(Occurrent_Entity owl:Nothing).
[2026-06-24 16:23:31.248] Selected the bad axiom SubClassOf(Occurrent_Entity owl:Nothing).
[2026-06-24 16:23:31.249] Selected the weaker axiom SubClas
...[truncated]
FAIL: attempt=82 seed=1150218 status=memory_limit_exceeded stage=B8 message=Repair failed: ExecutionException: java.lang.IllegalStateException: Could not find a weakening for axiom: ⊤ ⊑ Processual_Entity
progress: ontology=PLIO attempt=82 success=41/100
----- PLIO attempt=83 seed=1164418 at 2026-06-24 16:23:33 -----
--- stdout ---
{"seed":1164418,"run_id":"20260624134028346645","trial_status":"success","error_type":null,"failure_stage":null,"error_message":null,"iic_values":{"B1_vs_A1":0.8333333333333334,"B1_vs_A2":0.5,"B1_vs_A3":0.5,"B2_vs_A1":0.8333333333333334,"B2_vs_A2":0.5,"B2_vs_A3":0.5,"B3_vs_A1":0.8333333333333334,"B3_vs_A2":0.5,"B3_vs_A3":0.5,"B4_vs_A1":0.75,"B4_vs_A2":0.5,"B4_vs_A3":0.5,"B5_vs_A1":0.75,"B5_vs_A2":0.5,"B5_vs_A3":0.5,"B6_vs_A1":0.75,"B6_vs_A2":0.5,"B6_vs_A3":0.5,"B7_vs_A1":0.75,"B7_vs_A2":0.5,"B7_vs_A3":0.5,"B8_vs_A1":0.75,"B8_vs_A2":0.5,"B8_vs_A3":0.5,"B9_vs_A1":0.75,"B9_vs_A2":0.5,"B9_vs_A3":0.5},"repair_runtimes_ms":{"A1":37,"A2":135,"A3":158,"B1":170,"B2":547,"B3":233,"B4":32,"B5":486,"B6":312,"B7":29,"B8":302,"B9":229}}

--- stderr ---
SingleTrialExperiment starting: ontology=/workspaces/ontologyutils-ekaw26/repair-power-index-replication-ekaw26/ontologies/inconsistent/PLIO.owl, seed=1164418, run_id=20260624134028346645
Loaded ontology.
Normalizing ontology with SROIQ normalization...
Normalized ontology with SROIQ normalization.
Ontology is already inconsistent, skipping make-inconsistent step.
Repairing with A1 (random-removal)...
[2026-06-24 16:23:33.416] Checking precondition...
[2026-06-24 16:23:33.424] Starting the repair...
[2026-06-24 16:23:33.430] Found 19 possible bad axioms.
[2026-06-24 16:23:33.432] Selected the bad axiom SubClassOf(Independent_Continuant_Entity Continuant_Entity).
[2026-06-24 16:23:33.436] Found 18 possible bad axioms.
[2026-06-24 16:23:33.436] Selected the bad axiom SubClassOf(Processual_Entity Occurrent_Entity).
[2026-06-24 16:23:33.439] Found 17 possible bad axioms.
[2026-06-24 16:23:33.440] Selected the bad axiom SubClassOf(Continuant_Entity Processual_Entity).
[2026-06-24 16:23:33.443] Found 16 possible bad axioms.
[2026-06-24 16:23:33.443] Selected the bad axiom SubClassOf(Occurrent_Entity Continuant_Entity).
[2026-06-24 16:23:33.446] Found 15 possible bad axioms.
[2026-06-24 16:23:33.446] Selected the bad axiom SubClassOf(Occurrent_Entity Entity).
[2026-06-24 16:23:33.448] Finished repairing the ontology.
Repairing with A2 (not-in-largest-mcs-removal)...
[2026-06-24 16:23:33.449] Checking precondition...
[2026-06-24 16:23:33.454] Starting the repair...
[2026-06-24 16:23:33.582] Found 1 possible bad axioms.
[2026-06-24 16:23:33.582] Selected the bad axiom SubClassOf(Entity owl:Nothing).
[2026-06-24 16:23:33.584] Finished repairing the ontology.
Repairing with A3 (default-weakening)...
[2026-06-24 16:23:33.586] Checking precondition...
[2026-06-24 16:23:33.588] Starting the repair...
[2026-06-24 16:23:33.598] Selected a reference ontology with 24 axioms.
[2026-06-24 16:23:33.731] Selected the bad axiom SubClassOf(Entity owl:Nothing).
[2026-06-24 16:23:33.741] Selected the weaker axiom SubClassOf(owl:Nothing owl:Nothing).
[2026-06-24 16:23:33.742] Finished repairing the ontology.
Repairing with B1 (bad-in_some_mus-weaker-random)...
[2026-06-24 16:23:33.743] Checking precondition...
[2026-06-24 16:23:33.745] Starting the repair...
[2026-06-24 16:23:33.748] Selected a reference ontology with 25 axioms.
[2026-06-24 16:23:33.839] Selected the bad axiom SubClassOf(Entity owl:Nothing).
[2026-06-24 16:23:33.841] Selected the weaker axiom SubClassOf(Processual_Entity owl:Nothing).
[2026-06-24 16:23:33.912] Selected the bad axiom SubClassOf(Processual_Entity owl:Nothing).
[2026-06-24 16:23:33.913] Selected the weaker axiom SubClassOf(Processual_Entity Entity).
[2026-06-24 16:23:33.913] Finished repairing the ontology.
Repairing with B2 (bad-in_some_mus-weaker-shapley)...
[2026-06-24 16:23:33.915] Checking precondition...
[2026-06-24 16:23:33.916] Starting the repair...
[2026-06-24 16:23:33.919] Selected a reference ontology with 24 axioms.
[2026-06-24 1
...[truncated]
SUCCESS: attempt=83 seed=1164418 success_count=42/100
progress: ontology=PLIO attempt=83 success=42/100
----- PLIO attempt=84 seed=1178618 at 2026-06-24 16:23:36 -----
--- stdout ---
{"seed":1178618,"run_id":"20260624134028346645","trial_status":"success","error_type":null,"failure_stage":null,"error_message":null,"iic_values":{"B1_vs_A1":0.8571428571428571,"B1_vs_A2":0.5,"B1_vs_A3":0.5,"B2_vs_A1":0.8571428571428571,"B2_vs_A2":0.5,"B2_vs_A3":0.5,"B3_vs_A1":0.8571428571428571,"B3_vs_A2":0.5,"B3_vs_A3":0.5,"B4_vs_A1":0.9411764705882353,"B4_vs_A2":0.5,"B4_vs_A3":0.5,"B5_vs_A1":0.9411764705882353,"B5_vs_A2":0.5,"B5_vs_A3":0.5,"B6_vs_A1":0.9411764705882353,"B6_vs_A2":0.5,"B6_vs_A3":0.5,"B7_vs_A1":0.9411764705882353,"B7_vs_A2":0.5,"B7_vs_A3":0.5,"B8_vs_A1":0.9411764705882353,"B8_vs_A2":0.5,"B8_vs_A3":0.5,"B9_vs_A1":0.9411764705882353,"B9_vs_A2":0.5,"B9_vs_A3":0.5},"repair_runtimes_ms":{"A1":66,"A2":106,"A3":271,"B1":78,"B2":560,"B3":218,"B4":22,"B5":446,"B6":325,"B7":21,"B8":293,"B9":278}}

--- stderr ---
SingleTrialExperiment starting: ontology=/workspaces/ontologyutils-ekaw26/repair-power-index-replication-ekaw26/ontologies/inconsistent/PLIO.owl, seed=1178618, run_id=20260624134028346645
Loaded ontology.
Normalizing ontology with SROIQ normalization...
Normalized ontology with SROIQ normalization.
Ontology is already inconsistent, skipping make-inconsistent step.
Repairing with A1 (random-removal)...
[2026-06-24 16:23:36.503] Checking precondition...
[2026-06-24 16:23:36.512] Starting the repair...
[2026-06-24 16:23:36.518] Found 19 possible bad axioms.
[2026-06-24 16:23:36.519] Selected the bad axiom SubClassOf(owl:Thing Occurrent_Entity).
[2026-06-24 16:23:36.524] Found 18 possible bad axioms.
[2026-06-24 16:23:36.525] Selected the bad axiom SubClassOf(Occurrent_Entity Functional_Entity).
[2026-06-24 16:23:36.528] Found 17 possible bad axioms.
[2026-06-24 16:23:36.528] Selected the bad axiom SubClassOf(Continuant_Entity Occurrent_Entity).
[2026-06-24 16:23:36.531] Found 16 possible bad axioms.
[2026-06-24 16:23:36.532] Selected the bad axiom SubClassOf(Entity Independent_Continuant_Entity).
[2026-06-24 16:23:36.536] Found 15 possible bad axioms.
[2026-06-24 16:23:36.536] Selected the bad axiom SubClassOf(Continuant_Entity Processual_Entity).
[2026-06-24 16:23:36.539] Found 14 possible bad axioms.
[2026-06-24 16:23:36.539] Selected the bad axiom SubClassOf(Entity Processual_Entity).
[2026-06-24 16:23:36.543] Found 13 possible bad axioms.
[2026-06-24 16:23:36.543] Selected the bad axiom SubClassOf(Entity owl:Thing).
[2026-06-24 16:23:36.545] Found 12 possible bad axioms.
[2026-06-24 16:23:36.546] Selected the bad axiom SubClassOf(Entity Occurrent_Entity).
[2026-06-24 16:23:36.547] Found 11 possible bad axioms.
[2026-06-24 16:23:36.548] Selected the bad axiom SubClassOf(Independent_Continuant_Entity Continuant_Entity).
[2026-06-24 16:23:36.549] Found 10 possible bad axioms.
[2026-06-24 16:23:36.549] Selected the bad axiom SubClassOf(Functional_Entity Independent_Continuant_Entity).
[2026-06-24 16:23:36.551] Found 9 possible bad axioms.
[2026-06-24 16:23:36.552] Selected the bad axiom SubClassOf(Entity Functional_Entity).
[2026-06-24 16:23:36.558] Found 8 possible bad axioms.
[2026-06-24 16:23:36.558] Selected the bad axiom SubClassOf(Entity Continuant_Entity).
[2026-06-24 16:23:36.560] Found 7 possible bad axioms.
[2026-06-24 16:23:36.560] Selected the bad axiom SubClassOf(Occurrent_Entity Entity).
[2026-06-24 16:23:36.562] Found 6 possible bad axioms.
[2026-06-24 16:23:36.563] Selected the bad axiom SubClassOf(Processual_Entity Occurrent_Entity).
[2026-06-24 16:23:36.565] Finished repairing the ontology.
Repairing with A2 (not-in-largest-mcs-removal)...
[2026-06-24 16:23:36.565] Checking precondition...
[2026-06-24 16:23:36.570] Starting the repair...
[2026-06-24 16:23:36.670] Found 1 possible bad axioms.
[2026-06-24 16:23:36.670] Selected the bad axiom SubClassOf(Entity owl:Nothing).
[2026-06-24 16:23:36.671] Finished repairing the ontology.
Re
...[truncated]
SUCCESS: attempt=84 seed=1178618 success_count=43/100
progress: ontology=PLIO attempt=84 success=43/100
----- PLIO attempt=85 seed=1192818 at 2026-06-24 16:23:39 -----
--- stdout ---
{"seed":1192818,"run_id":"20260624134028346645","trial_status":"success","error_type":null,"failure_stage":null,"error_message":null,"iic_values":{"B1_vs_A1":0.6875,"B1_vs_A2":0.5,"B1_vs_A3":0.5,"B2_vs_A1":0.6875,"B2_vs_A2":0.5,"B2_vs_A3":0.5,"B3_vs_A1":0.6875,"B3_vs_A2":0.5,"B3_vs_A3":0.5,"B4_vs_A1":1.0,"B4_vs_A2":0.5,"B4_vs_A3":0.5,"B5_vs_A1":1.0,"B5_vs_A2":0.5,"B5_vs_A3":0.5,"B6_vs_A1":1.0,"B6_vs_A2":0.5,"B6_vs_A3":0.5,"B7_vs_A1":1.0,"B7_vs_A2":0.5,"B7_vs_A3":0.5,"B8_vs_A1":1.0,"B8_vs_A2":0.5,"B8_vs_A3":0.5,"B9_vs_A1":1.0,"B9_vs_A2":0.5,"B9_vs_A3":0.5},"repair_runtimes_ms":{"A1":43,"A2":126,"A3":167,"B1":96,"B2":439,"B3":354,"B4":32,"B5":463,"B6":312,"B7":24,"B8":361,"B9":255}}

--- stderr ---
SingleTrialExperiment starting: ontology=/workspaces/ontologyutils-ekaw26/repair-power-index-replication-ekaw26/ontologies/inconsistent/PLIO.owl, seed=1192818, run_id=20260624134028346645
Loaded ontology.
Normalizing ontology with SROIQ normalization...
Normalized ontology with SROIQ normalization.
Ontology is already inconsistent, skipping make-inconsistent step.
Repairing with A1 (random-removal)...
[2026-06-24 16:23:39.576] Checking precondition...
[2026-06-24 16:23:39.584] Starting the repair...
[2026-06-24 16:23:39.592] Found 19 possible bad axioms.
[2026-06-24 16:23:39.593] Selected the bad axiom SubClassOf(Processual_Entity Occurrent_Entity).
[2026-06-24 16:23:39.598] Found 18 possible bad axioms.
[2026-06-24 16:23:39.599] Selected the bad axiom SubClassOf(Continuant_Entity Processual_Entity).
[2026-06-24 16:23:39.602] Found 17 possible bad axioms.
[2026-06-24 16:23:39.602] Selected the bad axiom SubClassOf(owl:Thing Processual_Entity).
[2026-06-24 16:23:39.605] Found 16 possible bad axioms.
[2026-06-24 16:23:39.605] Selected the bad axiom SubClassOf(Occurrent_Entity Functional_Entity).
[2026-06-24 16:23:39.608] Found 15 possible bad axioms.
[2026-06-24 16:23:39.609] Selected the bad axiom SubClassOf(Entity owl:Thing).
[2026-06-24 16:23:39.611] Found 14 possible bad axioms.
[2026-06-24 16:23:39.611] Selected the bad axiom SubClassOf(owl:Thing Occurrent_Entity).
[2026-06-24 16:23:39.614] Finished repairing the ontology.
Repairing with A2 (not-in-largest-mcs-removal)...
[2026-06-24 16:23:39.615] Checking precondition...
[2026-06-24 16:23:39.620] Starting the repair...
[2026-06-24 16:23:39.739] Found 1 possible bad axioms.
[2026-06-24 16:23:39.740] Selected the bad axiom SubClassOf(Entity owl:Nothing).
[2026-06-24 16:23:39.741] Finished repairing the ontology.
Repairing with A3 (default-weakening)...
[2026-06-24 16:23:39.743] Checking precondition...
[2026-06-24 16:23:39.745] Starting the repair...
[2026-06-24 16:23:39.760] Selected a reference ontology with 25 axioms.
[2026-06-24 16:23:39.899] Selected the bad axiom SubClassOf(Entity owl:Nothing).
[2026-06-24 16:23:39.907] Selected the weaker axiom SubClassOf(Entity owl:Thing).
[2026-06-24 16:23:39.909] Finished repairing the ontology.
Repairing with B1 (bad-in_some_mus-weaker-random)...
[2026-06-24 16:23:39.909] Checking precondition...
[2026-06-24 16:23:39.911] Starting the repair...
[2026-06-24 16:23:39.916] Selected a reference ontology with 25 axioms.
[2026-06-24 16:23:40.003] Selected the bad axiom SubClassOf(Entity owl:Nothing).
[2026-06-24 16:23:40.004] Selected the weaker axiom SubClassOf(Entity Functional_Entity).
[2026-06-24 16:23:40.005] Finished repairing the ontology.
Repairing with B2 (bad-in_some_mus-weaker-shapley)...
[2026-06-24 16:23:40.006] Checking precondition...
[2026-06-24 16:23:40.007] Starting the repair...
[2026-06-24 16:23:40.011] Selected a reference ontology with 23 axioms.
[2026-06-24 16:23:40.079] Selected the bad axiom SubClassOf(Entity owl:Nothing).
[PowerIn
...[truncated]
SUCCESS: attempt=85 seed=1192818 success_count=44/100
progress: ontology=PLIO attempt=85 success=44/100
----- PLIO attempt=86 seed=1207018 at 2026-06-24 16:23:42 -----
--- stdout ---
{"seed":1207018,"run_id":"20260624134028346645","trial_status":"success","error_type":null,"failure_stage":null,"error_message":null,"iic_values":{"B1_vs_A1":0.8571428571428571,"B1_vs_A2":0.5,"B1_vs_A3":0.5,"B2_vs_A1":0.8571428571428571,"B2_vs_A2":0.5,"B2_vs_A3":0.5,"B3_vs_A1":0.8571428571428571,"B3_vs_A2":0.5,"B3_vs_A3":0.5,"B4_vs_A1":0.6666666666666666,"B4_vs_A2":0.5,"B4_vs_A3":0.5,"B5_vs_A1":0.6666666666666666,"B5_vs_A2":0.5,"B5_vs_A3":0.5,"B6_vs_A1":0.6666666666666666,"B6_vs_A2":0.5,"B6_vs_A3":0.5,"B7_vs_A1":0.6666666666666666,"B7_vs_A2":0.5,"B7_vs_A3":0.5,"B8_vs_A1":0.6666666666666666,"B8_vs_A2":0.5,"B8_vs_A3":0.5,"B9_vs_A1":0.6666666666666666,"B9_vs_A2":0.5,"B9_vs_A3":0.5},"repair_runtimes_ms":{"A1":45,"A2":145,"A3":152,"B1":108,"B2":537,"B3":318,"B4":25,"B5":495,"B6":292,"B7":33,"B8":301,"B9":260}}

--- stderr ---
SingleTrialExperiment starting: ontology=/workspaces/ontologyutils-ekaw26/repair-power-index-replication-ekaw26/ontologies/inconsistent/PLIO.owl, seed=1207018, run_id=20260624134028346645
Loaded ontology.
Normalizing ontology with SROIQ normalization...
Normalized ontology with SROIQ normalization.
Ontology is already inconsistent, skipping make-inconsistent step.
Repairing with A1 (random-removal)...
[2026-06-24 16:23:42.651] Checking precondition...
[2026-06-24 16:23:42.659] Starting the repair...
[2026-06-24 16:23:42.665] Found 19 possible bad axioms.
[2026-06-24 16:23:42.667] Selected the bad axiom SubClassOf(Entity Occurrent_Entity).
[2026-06-24 16:23:42.672] Found 18 possible bad axioms.
[2026-06-24 16:23:42.672] Selected the bad axiom SubClassOf(Entity Processual_Entity).
[2026-06-24 16:23:42.676] Found 17 possible bad axioms.
[2026-06-24 16:23:42.676] Selected the bad axiom SubClassOf(Occurrent_Entity Continuant_Entity).
[2026-06-24 16:23:42.680] Found 16 possible bad axioms.
[2026-06-24 16:23:42.680] Selected the bad axiom SubClassOf(Occurrent_Entity Entity).
[2026-06-24 16:23:42.683] Found 15 possible bad axioms.
[2026-06-24 16:23:42.684] Selected the bad axiom SubClassOf(Continuant_Entity Processual_Entity).
[2026-06-24 16:23:42.686] Found 14 possible bad axioms.
[2026-06-24 16:23:42.686] Selected the bad axiom SubClassOf(owl:Thing Occurrent_Entity).
[2026-06-24 16:23:42.689] Found 13 possible bad axioms.
[2026-06-24 16:23:42.689] Selected the bad axiom SubClassOf(Continuant_Entity Entity).
[2026-06-24 16:23:42.691] Finished repairing the ontology.
Repairing with A2 (not-in-largest-mcs-removal)...
[2026-06-24 16:23:42.692] Checking precondition...
[2026-06-24 16:23:42.696] Starting the repair...
[2026-06-24 16:23:42.836] Found 1 possible bad axioms.
[2026-06-24 16:23:42.836] Selected the bad axiom SubClassOf(Entity owl:Nothing).
[2026-06-24 16:23:42.838] Finished repairing the ontology.
Repairing with A3 (default-weakening)...
[2026-06-24 16:23:42.839] Checking precondition...
[2026-06-24 16:23:42.841] Starting the repair...
[2026-06-24 16:23:42.849] Selected a reference ontology with 24 axioms.
[2026-06-24 16:23:42.982] Selected the bad axiom SubClassOf(Entity owl:Nothing).
[2026-06-24 16:23:42.989] Selected the weaker axiom SubClassOf(Entity Occurrent_Entity).
[2026-06-24 16:23:42.991] Finished repairing the ontology.
Repairing with B1 (bad-in_some_mus-weaker-random)...
[2026-06-24 16:23:42.991] Checking precondition...
[2026-06-24 16:23:42.993] Starting the repair...
[2026-06-24 16:23:42.997] Selected a reference ontology with 25 axioms.
[2026-06-24 16:23:43.095] Selected the bad axiom SubClassOf(Entity owl:Nothing).
[2026-06-24 16:23:43.097] Selected the weaker axiom SubClassOf(Entity owl:Thing).
[2026-06-24 16:23:43.099] Finished repairing the ontology.
Repairing with B2 (bad-in_some_mus-weaker-shapley)...
[2026-06-24 16:23:43.103] Checking precondition...
[2026-06-24 16:23:43.105] Starting the repair...
[2026-06-24 16:23:43.108] 
...[truncated]
SUCCESS: attempt=86 seed=1207018 success_count=45/100
progress: ontology=PLIO attempt=86 success=45/100
----- PLIO attempt=87 seed=1221218 at 2026-06-24 16:23:45 -----
--- stdout ---
{"seed":1221218,"run_id":"20260624134028346645","trial_status":"memory_limit_exceeded","error_type":"failure","failure_stage":"A3","error_message":"Repair failed: ExecutionException: java.lang.NullPointerException: operands cannot be null or empty","iic_values":{},"repair_runtimes_ms":{"A1":35,"A2":139,"A3":412}}

--- stderr ---
SingleTrialExperiment starting: ontology=/workspaces/ontologyutils-ekaw26/repair-power-index-replication-ekaw26/ontologies/inconsistent/PLIO.owl, seed=1221218, run_id=20260624134028346645
Loaded ontology.
Normalizing ontology with SROIQ normalization...
Normalized ontology with SROIQ normalization.
Ontology is already inconsistent, skipping make-inconsistent step.
Repairing with A1 (random-removal)...
[2026-06-24 16:23:45.767] Checking precondition...
[2026-06-24 16:23:45.775] Starting the repair...
[2026-06-24 16:23:45.781] Found 19 possible bad axioms.
[2026-06-24 16:23:45.782] Selected the bad axiom SubClassOf(Continuant_Entity Occurrent_Entity).
[2026-06-24 16:23:45.786] Found 18 possible bad axioms.
[2026-06-24 16:23:45.787] Selected the bad axiom SubClassOf(Continuant_Entity Entity).
[2026-06-24 16:23:45.790] Found 17 possible bad axioms.
[2026-06-24 16:23:45.790] Selected the bad axiom SubClassOf(Entity owl:Thing).
[2026-06-24 16:23:45.794] Found 16 possible bad axioms.
[2026-06-24 16:23:45.794] Selected the bad axiom SubClassOf(Occurrent_Entity Entity).
[2026-06-24 16:23:45.797] Finished repairing the ontology.
Repairing with A2 (not-in-largest-mcs-removal)...
[2026-06-24 16:23:45.798] Checking precondition...
[2026-06-24 16:23:45.804] Starting the repair...
[2026-06-24 16:23:45.935] Found 1 possible bad axioms.
[2026-06-24 16:23:45.936] Selected the bad axiom SubClassOf(Entity owl:Nothing).
[2026-06-24 16:23:45.937] Finished repairing the ontology.
Repairing with A3 (default-weakening)...
[2026-06-24 16:23:45.938] Checking precondition...
[2026-06-24 16:23:45.940] Starting the repair...
[2026-06-24 16:23:45.957] Selected a reference ontology with 25 axioms.
[2026-06-24 16:23:46.098] Selected the bad axiom SubClassOf(Entity owl:Nothing).
[2026-06-24 16:23:46.108] Selected the weaker axiom SubClassOf(Processual_Entity owl:Nothing).
[2026-06-24 16:23:46.210] Selected the bad axiom SubClassOf(Processual_Entity owl:Nothing).
[2026-06-24 16:23:46.210] Selected the weaker axiom SubClassOf(Functional_Entity owl:Nothing).
[2026-06-24 16:23:46.282] Selected the bad axiom SubClassOf(Functional_Entity owl:Nothing).
[2026-06-24 16:23:46.282] Selected the weaker axiom SubClassOf(Entity owl:Nothing).
[2026-06-24 16:23:46.347] Selected the bad axiom SubClassOf(Entity owl:Nothing).
[2026-06-24 16:23:46.349] Selected the weaker axiom SubClassOf(owl:Thing owl:Nothing).
Failure: Repair failed: ExecutionException: java.lang.NullPointerException: operands cannot be null or empty

FAIL: attempt=87 seed=1221218 status=memory_limit_exceeded stage=A3 message=Repair failed: ExecutionException: java.lang.NullPointerException: operands cannot be null or empty
progress: ontology=PLIO attempt=87 success=45/100
----- PLIO attempt=88 seed=1235418 at 2026-06-24 16:23:46 -----
--- stdout ---
{"seed":1235418,"run_id":"20260624134028346645","trial_status":"success","error_type":null,"failure_stage":null,"error_message":null,"iic_values":{"B1_vs_A1":0.5,"B1_vs_A2":0.5,"B1_vs_A3":0.5,"B2_vs_A1":0.5,"B2_vs_A2":0.5,"B2_vs_A3":0.5,"B3_vs_A1":0.5,"B3_vs_A2":0.5,"B3_vs_A3":0.5,"B4_vs_A1":0.5,"B4_vs_A2":0.5,"B4_vs_A3":0.5,"B5_vs_A1":0.5,"B5_vs_A2":0.5,"B5_vs_A3":0.5,"B6_vs_A1":0.5,"B6_vs_A2":0.5,"B6_vs_A3":0.5,"B7_vs_A1":0.5,"B7_vs_A2":0.5,"B7_vs_A3":0.5,"B8_vs_A1":0.5,"B8_vs_A2":0.5,"B8_vs_A3":0.5,"B9_vs_A1":0.5,"B9_vs_A2":0.5,"B9_vs_A3":0.5},"repair_runtimes_ms":{"A1":42,"A2":137,"A3":372,"B1":67,"B2":532,"B3":339,"B4":45,"B5":339,"B6":355,"B7":19,"B8":289,"B9":301}}

--- stderr ---
SingleTrialExperiment starting: ontology=/workspaces/ontologyutils-ekaw26/repair-power-index-replication-ekaw26/ontologies/inconsistent/PLIO.owl, seed=1235418, run_id=20260624134028346645
Loaded ontology.
Normalizing ontology with SROIQ normalization...
Normalized ontology with SROIQ normalization.
Ontology is already inconsistent, skipping make-inconsistent step.
Repairing with A1 (random-removal)...
[2026-06-24 16:23:46.734] Checking precondition...
[2026-06-24 16:23:46.743] Starting the repair...
[2026-06-24 16:23:46.749] Found 19 possible bad axioms.
[2026-06-24 16:23:46.750] Selected the bad axiom SubClassOf(Occurrent_Entity Continuant_Entity).
[2026-06-24 16:23:46.755] Found 18 possible bad axioms.
[2026-06-24 16:23:46.755] Selected the bad axiom SubClassOf(owl:Thing Processual_Entity).
[2026-06-24 16:23:46.758] Found 17 possible bad axioms.
[2026-06-24 16:23:46.759] Selected the bad axiom SubClassOf(Occurrent_Entity Entity).
[2026-06-24 16:23:46.762] Found 16 possible bad axioms.
[2026-06-24 16:23:46.762] Selected the bad axiom SubClassOf(Continuant_Entity Processual_Entity).
[2026-06-24 16:23:46.766] Found 15 possible bad axioms.
[2026-06-24 16:23:46.766] Selected the bad axiom SubClassOf(Occurrent_Entity Functional_Entity).
[2026-06-24 16:23:46.769] Found 14 possible bad axioms.
[2026-06-24 16:23:46.769] Selected the bad axiom SubClassOf(Entity owl:Nothing).
[2026-06-24 16:23:46.771] Finished repairing the ontology.
Repairing with A2 (not-in-largest-mcs-removal)...
[2026-06-24 16:23:46.772] Checking precondition...
[2026-06-24 16:23:46.777] Starting the repair...
[2026-06-24 16:23:46.907] Found 1 possible bad axioms.
[2026-06-24 16:23:46.908] Selected the bad axiom SubClassOf(Entity owl:Nothing).
[2026-06-24 16:23:46.909] Finished repairing the ontology.
Repairing with A3 (default-weakening)...
[2026-06-24 16:23:46.911] Checking precondition...
[2026-06-24 16:23:46.914] Starting the repair...
[2026-06-24 16:23:46.921] Selected a reference ontology with 25 axioms.
[2026-06-24 16:23:47.052] Selected the bad axiom SubClassOf(Entity owl:Nothing).
[2026-06-24 16:23:47.060] Selected the weaker axiom SubClassOf(Continuant_Entity owl:Nothing).
[2026-06-24 16:23:47.151] Selected the bad axiom SubClassOf(Continuant_Entity owl:Nothing).
[2026-06-24 16:23:47.152] Selected the weaker axiom SubClassOf(Independent_Continuant_Entity owl:Nothing).
[2026-06-24 16:23:47.233] Selected the bad axiom SubClassOf(Independent_Continuant_Entity owl:Nothing).
[2026-06-24 16:23:47.234] Selected the weaker axiom SubClassOf(Occurrent_Entity owl:Nothing).
[2026-06-24 16:23:47.280] Selected the bad axiom SubClassOf(Occurrent_Entity owl:Nothing).
[2026-06-24 16:23:47.281] Selected the weaker axiom SubClassOf(Occurrent_Entity Continuant_Entity).
[2026-06-24 16:23:47.281] Finished repairing the ontology.
Repairing with B1 (bad-in_some_mus-weaker-random)...
[2026-06-24 16:23:47.282] Checking precondition...
[2026-06-24 16:23:47.283] Starting the repair...
[2026-06-24 16:23
...[truncated]
SUCCESS: attempt=88 seed=1235418 success_count=46/100
progress: ontology=PLIO attempt=88 success=46/100
----- PLIO attempt=89 seed=1249618 at 2026-06-24 16:23:49 -----
--- stdout ---
{"seed":1249618,"run_id":"20260624134028346645","trial_status":"success","error_type":null,"failure_stage":null,"error_message":null,"iic_values":{"B1_vs_A1":0.5,"B1_vs_A2":0.5,"B1_vs_A3":0.5,"B2_vs_A1":0.5,"B2_vs_A2":0.5,"B2_vs_A3":0.5,"B3_vs_A1":0.5,"B3_vs_A2":0.5,"B3_vs_A3":0.5,"B4_vs_A1":0.5,"B4_vs_A2":0.5,"B4_vs_A3":0.5,"B5_vs_A1":0.5,"B5_vs_A2":0.5,"B5_vs_A3":0.5,"B6_vs_A1":0.5,"B6_vs_A2":0.5,"B6_vs_A3":0.5,"B7_vs_A1":0.5,"B7_vs_A2":0.5,"B7_vs_A3":0.5,"B8_vs_A1":0.5,"B8_vs_A2":0.5,"B8_vs_A3":0.5,"B9_vs_A1":0.5,"B9_vs_A2":0.5,"B9_vs_A3":0.5},"repair_runtimes_ms":{"A1":43,"A2":137,"A3":264,"B1":78,"B2":559,"B3":279,"B4":29,"B5":441,"B6":249,"B7":22,"B8":351,"B9":292}}

--- stderr ---
SingleTrialExperiment starting: ontology=/workspaces/ontologyutils-ekaw26/repair-power-index-replication-ekaw26/ontologies/inconsistent/PLIO.owl, seed=1249618, run_id=20260624134028346645
Loaded ontology.
Normalizing ontology with SROIQ normalization...
Normalized ontology with SROIQ normalization.
Ontology is already inconsistent, skipping make-inconsistent step.
Repairing with A1 (random-removal)...
[2026-06-24 16:23:49.952] Checking precondition...
[2026-06-24 16:23:49.961] Starting the repair...
[2026-06-24 16:23:49.967] Found 19 possible bad axioms.
[2026-06-24 16:23:49.969] Selected the bad axiom SubClassOf(Entity Occurrent_Entity).
[2026-06-24 16:23:49.974] Found 18 possible bad axioms.
[2026-06-24 16:23:49.975] Selected the bad axiom SubClassOf(Continuant_Entity Occurrent_Entity).
[2026-06-24 16:23:49.979] Found 17 possible bad axioms.
[2026-06-24 16:23:49.979] Selected the bad axiom SubClassOf(Entity owl:Thing).
[2026-06-24 16:23:49.983] Found 16 possible bad axioms.
[2026-06-24 16:23:49.983] Selected the bad axiom SubClassOf(owl:Thing Processual_Entity).
[2026-06-24 16:23:49.985] Found 15 possible bad axioms.
[2026-06-24 16:23:49.986] Selected the bad axiom SubClassOf(Continuant_Entity Processual_Entity).
[2026-06-24 16:23:49.988] Found 14 possible bad axioms.
[2026-06-24 16:23:49.989] Selected the bad axiom SubClassOf(Entity owl:Nothing).
[2026-06-24 16:23:49.991] Finished repairing the ontology.
Repairing with A2 (not-in-largest-mcs-removal)...
[2026-06-24 16:23:49.992] Checking precondition...
[2026-06-24 16:23:49.996] Starting the repair...
[2026-06-24 16:23:50.126] Found 1 possible bad axioms.
[2026-06-24 16:23:50.126] Selected the bad axiom SubClassOf(Entity owl:Nothing).
[2026-06-24 16:23:50.129] Finished repairing the ontology.
Repairing with A3 (default-weakening)...
[2026-06-24 16:23:50.130] Checking precondition...
[2026-06-24 16:23:50.133] Starting the repair...
[2026-06-24 16:23:50.141] Selected a reference ontology with 25 axioms.
[2026-06-24 16:23:50.284] Selected the bad axiom SubClassOf(Entity owl:Nothing).
[2026-06-24 16:23:50.292] Selected the weaker axiom SubClassOf(Independent_Continuant_Entity owl:Nothing).
[2026-06-24 16:23:50.391] Selected the bad axiom SubClassOf(Independent_Continuant_Entity owl:Nothing).
[2026-06-24 16:23:50.392] Selected the weaker axiom SubClassOf(owl:Nothing owl:Nothing).
[2026-06-24 16:23:50.394] Finished repairing the ontology.
Repairing with B1 (bad-in_some_mus-weaker-random)...
[2026-06-24 16:23:50.395] Checking precondition...
[2026-06-24 16:23:50.396] Starting the repair...
[2026-06-24 16:23:50.400] Selected a reference ontology with 24 axioms.
[2026-06-24 16:23:50.469] Selected the bad axiom SubClassOf(Entity owl:Nothing).
[2026-06-24 16:23:50.471] Selected the weaker axiom SubClassOf(Entity Independent_Continuant_Entity).
[2026-06-24 16:23:50.472] Finished repairing the ontology.
Repairing with B2 (bad-in_some_mus-weaker-shapley)...
[2026-06-24 16:23:50.474] Checking precondition...
...[truncated]
SUCCESS: attempt=89 seed=1249618 success_count=47/100
progress: ontology=PLIO attempt=89 success=47/100
----- PLIO attempt=90 seed=1263818 at 2026-06-24 16:23:52 -----
--- stdout ---
{"seed":1263818,"run_id":"20260624134028346645","trial_status":"success","error_type":null,"failure_stage":null,"error_message":null,"iic_values":{"B1_vs_A1":0.5,"B1_vs_A2":0.5,"B1_vs_A3":0.5,"B2_vs_A1":0.5,"B2_vs_A2":0.5,"B2_vs_A3":0.5,"B3_vs_A1":0.5,"B3_vs_A2":0.5,"B3_vs_A3":0.5,"B4_vs_A1":0.5,"B4_vs_A2":0.5,"B4_vs_A3":0.5,"B5_vs_A1":0.5,"B5_vs_A2":0.5,"B5_vs_A3":0.5,"B6_vs_A1":0.5,"B6_vs_A2":0.5,"B6_vs_A3":0.5,"B7_vs_A1":0.5,"B7_vs_A2":0.5,"B7_vs_A3":0.5,"B8_vs_A1":0.5,"B8_vs_A2":0.5,"B8_vs_A3":0.5,"B9_vs_A1":0.5,"B9_vs_A2":0.5,"B9_vs_A3":0.5},"repair_runtimes_ms":{"A1":33,"A2":123,"A3":180,"B1":104,"B2":518,"B3":374,"B4":26,"B5":400,"B6":326,"B7":21,"B8":362,"B9":297}}

--- stderr ---
SingleTrialExperiment starting: ontology=/workspaces/ontologyutils-ekaw26/repair-power-index-replication-ekaw26/ontologies/inconsistent/PLIO.owl, seed=1263818, run_id=20260624134028346645
Loaded ontology.
Normalizing ontology with SROIQ normalization...
Normalized ontology with SROIQ normalization.
Ontology is already inconsistent, skipping make-inconsistent step.
Repairing with A1 (random-removal)...
[2026-06-24 16:23:53.088] Checking precondition...
[2026-06-24 16:23:53.097] Starting the repair...
[2026-06-24 16:23:53.104] Found 19 possible bad axioms.
[2026-06-24 16:23:53.105] Selected the bad axiom SubClassOf(Continuant_Entity Occurrent_Entity).
[2026-06-24 16:23:53.110] Found 18 possible bad axioms.
[2026-06-24 16:23:53.111] Selected the bad axiom SubClassOf(Functional_Entity Independent_Continuant_Entity).
[2026-06-24 16:23:53.114] Found 17 possible bad axioms.
[2026-06-24 16:23:53.114] Selected the bad axiom SubClassOf(Entity owl:Nothing).
[2026-06-24 16:23:53.117] Finished repairing the ontology.
Repairing with A2 (not-in-largest-mcs-removal)...
[2026-06-24 16:23:53.118] Checking precondition...
[2026-06-24 16:23:53.124] Starting the repair...
[2026-06-24 16:23:53.240] Found 1 possible bad axioms.
[2026-06-24 16:23:53.240] Selected the bad axiom SubClassOf(Entity owl:Nothing).
[2026-06-24 16:23:53.241] Finished repairing the ontology.
Repairing with A3 (default-weakening)...
[2026-06-24 16:23:53.243] Checking precondition...
[2026-06-24 16:23:53.245] Starting the repair...
[2026-06-24 16:23:53.258] Selected a reference ontology with 23 axioms.
[2026-06-24 16:23:53.412] Selected the bad axiom SubClassOf(Entity owl:Nothing).
[2026-06-24 16:23:53.421] Selected the weaker axiom SubClassOf(Entity Continuant_Entity).
[2026-06-24 16:23:53.422] Finished repairing the ontology.
Repairing with B1 (bad-in_some_mus-weaker-random)...
[2026-06-24 16:23:53.423] Checking precondition...
[2026-06-24 16:23:53.426] Starting the repair...
[2026-06-24 16:23:53.431] Selected a reference ontology with 24 axioms.
[2026-06-24 16:23:53.524] Selected the bad axiom SubClassOf(Entity owl:Nothing).
[2026-06-24 16:23:53.526] Selected the weaker axiom SubClassOf(Entity Continuant_Entity).
[2026-06-24 16:23:53.527] Finished repairing the ontology.
Repairing with B2 (bad-in_some_mus-weaker-shapley)...
[2026-06-24 16:23:53.529] Checking precondition...
[2026-06-24 16:23:53.530] Starting the repair...
[2026-06-24 16:23:53.536] Selected a reference ontology with 24 axioms.
[2026-06-24 16:23:53.610] Selected the bad axiom SubClassOf(Entity owl:Nothing).
[PowerIndexWeakerAxiomSelector] Scoring 12 candidate weakenings for Entity ⊑ ⊥
[PowerIndexWeakerAxiomSelector] Selected weaker axiom: Entity ⊑ Continuant_Entity
[2026-06-24 16:23:54.043] Selected the weaker axiom SubClassOf(Entity Continuant_Entity).
[2026-06-24 16:23:54.045] Finished repairing the ontology.
Repairing with B3 (bad-in_some_mus-weaker-banzhaf)...
[2026-06-24 16:23:54.047] Checking precondition...
[2026-06-24 16:
...[truncated]
SUCCESS: attempt=90 seed=1263818 success_count=48/100
progress: ontology=PLIO attempt=90 success=48/100
----- PLIO attempt=91 seed=1278018 at 2026-06-24 16:23:55 -----
--- stdout ---
{"seed":1278018,"run_id":"20260624134028346645","trial_status":"success","error_type":null,"failure_stage":null,"error_message":null,"iic_values":{"B1_vs_A1":0.8571428571428571,"B1_vs_A2":0.5,"B1_vs_A3":0.5,"B2_vs_A1":0.8571428571428571,"B2_vs_A2":0.5,"B2_vs_A3":0.5,"B3_vs_A1":0.8571428571428571,"B3_vs_A2":0.5,"B3_vs_A3":0.5,"B4_vs_A1":0.6666666666666666,"B4_vs_A2":0.5,"B4_vs_A3":0.5,"B5_vs_A1":0.6666666666666666,"B5_vs_A2":0.5,"B5_vs_A3":0.5,"B6_vs_A1":0.6666666666666666,"B6_vs_A2":0.5,"B6_vs_A3":0.5,"B7_vs_A1":0.6666666666666666,"B7_vs_A2":0.5,"B7_vs_A3":0.5,"B8_vs_A1":0.6666666666666666,"B8_vs_A2":0.5,"B8_vs_A3":0.5,"B9_vs_A1":0.6666666666666666,"B9_vs_A2":0.5,"B9_vs_A3":0.5},"repair_runtimes_ms":{"A1":36,"A2":136,"A3":180,"B1":165,"B2":574,"B3":234,"B4":23,"B5":418,"B6":286,"B7":21,"B8":340,"B9":288}}

--- stderr ---
SingleTrialExperiment starting: ontology=/workspaces/ontologyutils-ekaw26/repair-power-index-replication-ekaw26/ontologies/inconsistent/PLIO.owl, seed=1278018, run_id=20260624134028346645
Loaded ontology.
Normalizing ontology with SROIQ normalization...
Normalized ontology with SROIQ normalization.
Ontology is already inconsistent, skipping make-inconsistent step.
Repairing with A1 (random-removal)...
[2026-06-24 16:23:56.243] Checking precondition...
[2026-06-24 16:23:56.251] Starting the repair...
[2026-06-24 16:23:56.257] Found 19 possible bad axioms.
[2026-06-24 16:23:56.259] Selected the bad axiom SubClassOf(Continuant_Entity Processual_Entity).
[2026-06-24 16:23:56.263] Found 18 possible bad axioms.
[2026-06-24 16:23:56.264] Selected the bad axiom SubClassOf(Continuant_Entity Entity).
[2026-06-24 16:23:56.268] Found 17 possible bad axioms.
[2026-06-24 16:23:56.268] Selected the bad axiom SubClassOf(Entity Functional_Entity).
[2026-06-24 16:23:56.271] Found 16 possible bad axioms.
[2026-06-24 16:23:56.271] Selected the bad axiom SubClassOf(Occurrent_Entity Entity).
[2026-06-24 16:23:56.274] Finished repairing the ontology.
Repairing with A2 (not-in-largest-mcs-removal)...
[2026-06-24 16:23:56.275] Checking precondition...
[2026-06-24 16:23:56.282] Starting the repair...
[2026-06-24 16:23:56.409] Found 1 possible bad axioms.
[2026-06-24 16:23:56.409] Selected the bad axiom SubClassOf(Entity owl:Nothing).
[2026-06-24 16:23:56.411] Finished repairing the ontology.
Repairing with A3 (default-weakening)...
[2026-06-24 16:23:56.412] Checking precondition...
[2026-06-24 16:23:56.416] Starting the repair...
[2026-06-24 16:23:56.426] Selected a reference ontology with 24 axioms.
[2026-06-24 16:23:56.580] Selected the bad axiom SubClassOf(Entity owl:Nothing).
[2026-06-24 16:23:56.589] Selected the weaker axiom SubClassOf(Entity Independent_Continuant_Entity).
[2026-06-24 16:23:56.591] Finished repairing the ontology.
Repairing with B1 (bad-in_some_mus-weaker-random)...
[2026-06-24 16:23:56.592] Checking precondition...
[2026-06-24 16:23:56.593] Starting the repair...
[2026-06-24 16:23:56.601] Selected a reference ontology with 24 axioms.
[2026-06-24 16:23:56.688] Selected the bad axiom SubClassOf(Entity owl:Nothing).
[2026-06-24 16:23:56.690] Selected the weaker axiom SubClassOf(Occurrent_Entity owl:Nothing).
[2026-06-24 16:23:56.755] Selected the bad axiom SubClassOf(Occurrent_Entity owl:Nothing).
[2026-06-24 16:23:56.756] Selected the weaker axiom SubClassOf(Occurrent_Entity owl:Thing).
[2026-06-24 16:23:56.757] Finished repairing the ontology.
Repairing with B2 (bad-in_some_mus-weaker-shapley)...
[2026-06-24 16:23:56.759] Checking precondition...
[2026-06-24 16:23:56.760] Starting the repair...
[2026-06-24 16:23:56.763] Selected a reference ontology with 24 axioms.
[2026-06-24 16:23:56.824] Selected the bad axiom SubClassOf(Entity owl:Nothing).
[PowerIndexWeakerAxiomSelector] Scoring 13 candidate weakenings for Entity ⊑ ⊥
[PowerIndexWeakerAxiomSele
...[truncated]
SUCCESS: attempt=91 seed=1278018 success_count=49/100
progress: ontology=PLIO attempt=91 success=49/100
----- PLIO attempt=92 seed=1292218 at 2026-06-24 16:23:59 -----
--- stdout ---
{"seed":1292218,"run_id":"20260624134028346645","trial_status":"success","error_type":null,"failure_stage":null,"error_message":null,"iic_values":{"B1_vs_A1":1.0,"B1_vs_A2":0.5,"B1_vs_A3":0.5,"B2_vs_A1":1.0,"B2_vs_A2":0.5,"B2_vs_A3":0.5,"B3_vs_A1":1.0,"B3_vs_A2":0.5,"B3_vs_A3":0.5,"B4_vs_A1":0.6875,"B4_vs_A2":0.5,"B4_vs_A3":0.5,"B5_vs_A1":0.6875,"B5_vs_A2":0.5,"B5_vs_A3":0.5,"B6_vs_A1":0.6875,"B6_vs_A2":0.5,"B6_vs_A3":0.5,"B7_vs_A1":0.6875,"B7_vs_A2":0.5,"B7_vs_A3":0.5,"B8_vs_A1":0.6875,"B8_vs_A2":0.5,"B8_vs_A3":0.5,"B9_vs_A1":0.6875,"B9_vs_A2":0.5,"B9_vs_A3":0.5},"repair_runtimes_ms":{"A1":49,"A2":134,"A3":161,"B1":114,"B2":532,"B3":396,"B4":24,"B5":412,"B6":339,"B7":26,"B8":362,"B9":291}}

--- stderr ---
SingleTrialExperiment starting: ontology=/workspaces/ontologyutils-ekaw26/repair-power-index-replication-ekaw26/ontologies/inconsistent/PLIO.owl, seed=1292218, run_id=20260624134028346645
Loaded ontology.
Normalizing ontology with SROIQ normalization...
Normalized ontology with SROIQ normalization.
Ontology is already inconsistent, skipping make-inconsistent step.
Repairing with A1 (random-removal)...
[2026-06-24 16:23:59.332] Checking precondition...
[2026-06-24 16:23:59.341] Starting the repair...
[2026-06-24 16:23:59.346] Found 19 possible bad axioms.
[2026-06-24 16:23:59.348] Selected the bad axiom SubClassOf(Continuant_Entity Processual_Entity).
[2026-06-24 16:23:59.352] Found 18 possible bad axioms.
[2026-06-24 16:23:59.352] Selected the bad axiom SubClassOf(Functional_Entity Independent_Continuant_Entity).
[2026-06-24 16:23:59.356] Found 17 possible bad axioms.
[2026-06-24 16:23:59.356] Selected the bad axiom SubClassOf(Entity owl:Thing).
[2026-06-24 16:23:59.360] Found 16 possible bad axioms.
[2026-06-24 16:23:59.360] Selected the bad axiom SubClassOf(Entity Continuant_Entity).
[2026-06-24 16:23:59.363] Found 15 possible bad axioms.
[2026-06-24 16:23:59.363] Selected the bad axiom SubClassOf(Continuant_Entity Entity).
[2026-06-24 16:23:59.366] Found 14 possible bad axioms.
[2026-06-24 16:23:59.366] Selected the bad axiom SubClassOf(Occurrent_Entity Continuant_Entity).
[2026-06-24 16:23:59.369] Found 13 possible bad axioms.
[2026-06-24 16:23:59.369] Selected the bad axiom SubClassOf(Entity Functional_Entity).
[2026-06-24 16:23:59.371] Found 12 possible bad axioms.
[2026-06-24 16:23:59.371] Selected the bad axiom SubClassOf(Occurrent_Entity Functional_Entity).
[2026-06-24 16:23:59.373] Found 11 possible bad axioms.
[2026-06-24 16:23:59.373] Selected the bad axiom SubClassOf(Occurrent_Entity Independent_Continuant_Entity).
[2026-06-24 16:23:59.375] Found 10 possible bad axioms.
[2026-06-24 16:23:59.375] Selected the bad axiom SubClassOf(Entity owl:Nothing).
[2026-06-24 16:23:59.377] Finished repairing the ontology.
Repairing with A2 (not-in-largest-mcs-removal)...
[2026-06-24 16:23:59.377] Checking precondition...
[2026-06-24 16:23:59.387] Starting the repair...
[2026-06-24 16:23:59.510] Found 1 possible bad axioms.
[2026-06-24 16:23:59.510] Selected the bad axiom SubClassOf(Entity owl:Nothing).
[2026-06-24 16:23:59.511] Finished repairing the ontology.
Repairing with A3 (default-weakening)...
[2026-06-24 16:23:59.513] Checking precondition...
[2026-06-24 16:23:59.514] Starting the repair...
[2026-06-24 16:23:59.520] Selected a reference ontology with 24 axioms.
[2026-06-24 16:23:59.663] Selected the bad axiom SubClassOf(Entity owl:Nothing).
[2026-06-24 16:23:59.671] Selected the weaker axiom SubClassOf(Entity owl:Thing).
[2026-06-24 16:23:59.673] Finished repairing the ontology.
Repairing with B1 (bad-in_some_mus-weaker-random)...
[2026-06-24 16:23:59.674] Checking precondition...
[2026-06-24 16:23:59.675] Starting the repair...
[2026-06-24
...[truncated]
SUCCESS: attempt=92 seed=1292218 success_count=50/100
progress: ontology=PLIO attempt=92 success=50/100
----- PLIO attempt=93 seed=1306418 at 2026-06-24 16:24:02 -----
--- stdout ---
{"seed":1306418,"run_id":"20260624134028346645","trial_status":"memory_limit_exceeded","error_type":"failure","failure_stage":"B1","error_message":"Repair failed: ExecutionException: java.lang.NullPointerException: operands cannot be null or empty","iic_values":{},"repair_runtimes_ms":{"A1":32,"A2":139,"A3":177,"B1":181}}

--- stderr ---
SingleTrialExperiment starting: ontology=/workspaces/ontologyutils-ekaw26/repair-power-index-replication-ekaw26/ontologies/inconsistent/PLIO.owl, seed=1306418, run_id=20260624134028346645
Loaded ontology.
Normalizing ontology with SROIQ normalization...
Normalized ontology with SROIQ normalization.
Ontology is already inconsistent, skipping make-inconsistent step.
Repairing with A1 (random-removal)...
[2026-06-24 16:24:02.562] Checking precondition...
[2026-06-24 16:24:02.571] Starting the repair...
[2026-06-24 16:24:02.577] Found 19 possible bad axioms.
[2026-06-24 16:24:02.579] Selected the bad axiom SubClassOf(Occurrent_Entity Continuant_Entity).
[2026-06-24 16:24:02.585] Found 18 possible bad axioms.
[2026-06-24 16:24:02.586] Selected the bad axiom SubClassOf(Entity owl:Nothing).
[2026-06-24 16:24:02.590] Finished repairing the ontology.
Repairing with A2 (not-in-largest-mcs-removal)...
[2026-06-24 16:24:02.590] Checking precondition...
[2026-06-24 16:24:02.598] Starting the repair...
[2026-06-24 16:24:02.728] Found 1 possible bad axioms.
[2026-06-24 16:24:02.729] Selected the bad axiom SubClassOf(Entity owl:Nothing).
[2026-06-24 16:24:02.730] Finished repairing the ontology.
Repairing with A3 (default-weakening)...
[2026-06-24 16:24:02.732] Checking precondition...
[2026-06-24 16:24:02.734] Starting the repair...
[2026-06-24 16:24:02.753] Selected a reference ontology with 23 axioms.
[2026-06-24 16:24:02.897] Selected the bad axiom SubClassOf(Entity owl:Nothing).
[2026-06-24 16:24:02.906] Selected the weaker axiom SubClassOf(Entity Entity).
[2026-06-24 16:24:02.908] Finished repairing the ontology.
Repairing with B1 (bad-in_some_mus-weaker-random)...
[2026-06-24 16:24:02.908] Checking precondition...
[2026-06-24 16:24:02.909] Starting the repair...
[2026-06-24 16:24:02.914] Selected a reference ontology with 25 axioms.
[2026-06-24 16:24:03.013] Selected the bad axiom SubClassOf(Entity owl:Nothing).
[2026-06-24 16:24:03.015] Selected the weaker axiom SubClassOf(Independent_Continuant_Entity owl:Nothing).
[2026-06-24 16:24:03.086] Selected the bad axiom SubClassOf(Independent_Continuant_Entity owl:Nothing).
[2026-06-24 16:24:03.088] Selected the weaker axiom SubClassOf(owl:Thing owl:Nothing).
Failure: Repair failed: ExecutionException: java.lang.NullPointerException: operands cannot be null or empty

FAIL: attempt=93 seed=1306418 status=memory_limit_exceeded stage=B1 message=Repair failed: ExecutionException: java.lang.NullPointerException: operands cannot be null or empty
progress: ontology=PLIO attempt=93 success=50/100
----- PLIO attempt=94 seed=1320618 at 2026-06-24 16:24:03 -----
--- stdout ---
{"seed":1320618,"run_id":"20260624134028346645","trial_status":"success","error_type":null,"failure_stage":null,"error_message":null,"iic_values":{"B1_vs_A1":0.6666666666666666,"B1_vs_A2":0.5,"B1_vs_A3":0.5,"B2_vs_A1":0.6666666666666666,"B2_vs_A2":0.5,"B2_vs_A3":0.5,"B3_vs_A1":0.6666666666666666,"B3_vs_A2":0.5,"B3_vs_A3":0.5,"B4_vs_A1":0.8571428571428571,"B4_vs_A2":0.5,"B4_vs_A3":0.5,"B5_vs_A1":0.8571428571428571,"B5_vs_A2":0.5,"B5_vs_A3":0.5,"B6_vs_A1":0.8571428571428571,"B6_vs_A2":0.5,"B6_vs_A3":0.5,"B7_vs_A1":0.8571428571428571,"B7_vs_A2":0.5,"B7_vs_A3":0.5,"B8_vs_A1":0.8571428571428571,"B8_vs_A2":0.5,"B8_vs_A3":0.5,"B9_vs_A1":0.8571428571428571,"B9_vs_A2":0.5,"B9_vs_A3":0.5},"repair_runtimes_ms":{"A1":32,"A2":122,"A3":175,"B1":111,"B2":455,"B3":338,"B4":35,"B5":466,"B6":308,"B7":23,"B8":305,"B9":272}}

--- stderr ---
SingleTrialExperiment starting: ontology=/workspaces/ontologyutils-ekaw26/repair-power-index-replication-ekaw26/ontologies/inconsistent/PLIO.owl, seed=1320618, run_id=20260624134028346645
Loaded ontology.
Normalizing ontology with SROIQ normalization...
Normalized ontology with SROIQ normalization.
Ontology is already inconsistent, skipping make-inconsistent step.
Repairing with A1 (random-removal)...
[2026-06-24 16:24:03.482] Checking precondition...
[2026-06-24 16:24:03.491] Starting the repair...
[2026-06-24 16:24:03.497] Found 19 possible bad axioms.
[2026-06-24 16:24:03.498] Selected the bad axiom SubClassOf(Processual_Entity Occurrent_Entity).
[2026-06-24 16:24:03.503] Found 18 possible bad axioms.
[2026-06-24 16:24:03.503] Selected the bad axiom SubClassOf(Entity Continuant_Entity).
[2026-06-24 16:24:03.507] Found 17 possible bad axioms.
[2026-06-24 16:24:03.507] Selected the bad axiom SubClassOf(owl:Thing Occurrent_Entity).
[2026-06-24 16:24:03.510] Finished repairing the ontology.
Repairing with A2 (not-in-largest-mcs-removal)...
[2026-06-24 16:24:03.510] Checking precondition...
[2026-06-24 16:24:03.516] Starting the repair...
[2026-06-24 16:24:03.630] Found 1 possible bad axioms.
[2026-06-24 16:24:03.631] Selected the bad axiom SubClassOf(Entity owl:Nothing).
[2026-06-24 16:24:03.632] Finished repairing the ontology.
Repairing with A3 (default-weakening)...
[2026-06-24 16:24:03.634] Checking precondition...
[2026-06-24 16:24:03.636] Starting the repair...
[2026-06-24 16:24:03.646] Selected a reference ontology with 24 axioms.
[2026-06-24 16:24:03.800] Selected the bad axiom SubClassOf(Entity owl:Nothing).
[2026-06-24 16:24:03.807] Selected the weaker axiom SubClassOf(Entity Continuant_Entity).
[2026-06-24 16:24:03.808] Finished repairing the ontology.
Repairing with B1 (bad-in_some_mus-weaker-random)...
[2026-06-24 16:24:03.809] Checking precondition...
[2026-06-24 16:24:03.810] Starting the repair...
[2026-06-24 16:24:03.815] Selected a reference ontology with 24 axioms.
[2026-06-24 16:24:03.915] Selected the bad axiom SubClassOf(Entity owl:Nothing).
[2026-06-24 16:24:03.918] Selected the weaker axiom SubClassOf(owl:Nothing owl:Nothing).
[2026-06-24 16:24:03.920] Finished repairing the ontology.
Repairing with B2 (bad-in_some_mus-weaker-shapley)...
[2026-06-24 16:24:03.921] Checking precondition...
[2026-06-24 16:24:03.923] Starting the repair...
[2026-06-24 16:24:03.926] Selected a reference ontology with 23 axioms.
[2026-06-24 16:24:04.006] Selected the bad axiom SubClassOf(Entity owl:Nothing).
[PowerIndexWeakerAxiomSelector] Scoring 9 candidate weakenings for Entity ⊑ ⊥
[PowerIndexWeakerAxiomSelector] Selected weaker axiom: Entity ⊑ Continuant_Entity
[2026-06-24 16:24:04.373] Selected the weaker axiom SubClassOf(Entity Continuant_Entity).
[2026-06-24 16:24:04.375] Finished repairing the ontology.
Repairing with B3 (bad-in_some_mus-weaker-banzhaf)...
[2026-06-24 16:24:04.376] Checking precondition...
[2026-06-24 16:24:04.377] Starti
...[truncated]
SUCCESS: attempt=94 seed=1320618 success_count=51/100
progress: ontology=PLIO attempt=94 success=51/100
----- PLIO attempt=95 seed=1334818 at 2026-06-24 16:24:06 -----
--- stdout ---
{"seed":1334818,"run_id":"20260624134028346645","trial_status":"time_limit_exceeded","error_type":"timeout","failure_stage":"B7","error_message":"Repair timeout: B7 exceeded 300 seconds","iic_values":{},"repair_runtimes_ms":{"A1":45,"A2":119,"A3":176,"B1":176,"B2":574,"B3":299,"B4":22,"B5":413,"B6":322,"B7":300001}}

--- stderr ---
SingleTrialExperiment starting: ontology=/workspaces/ontologyutils-ekaw26/repair-power-index-replication-ekaw26/ontologies/inconsistent/PLIO.owl, seed=1334818, run_id=20260624134028346645
Loaded ontology.
Normalizing ontology with SROIQ normalization...
Normalized ontology with SROIQ normalization.
Ontology is already inconsistent, skipping make-inconsistent step.
Repairing with A1 (random-removal)...
[2026-06-24 16:24:06.517] Checking precondition...
[2026-06-24 16:24:06.526] Starting the repair...
[2026-06-24 16:24:06.532] Found 19 possible bad axioms.
[2026-06-24 16:24:06.533] Selected the bad axiom SubClassOf(Occurrent_Entity Independent_Continuant_Entity).
[2026-06-24 16:24:06.538] Found 18 possible bad axioms.
[2026-06-24 16:24:06.539] Selected the bad axiom SubClassOf(Processual_Entity Occurrent_Entity).
[2026-06-24 16:24:06.542] Found 17 possible bad axioms.
[2026-06-24 16:24:06.542] Selected the bad axiom SubClassOf(Continuant_Entity Occurrent_Entity).
[2026-06-24 16:24:06.546] Found 16 possible bad axioms.
[2026-06-24 16:24:06.546] Selected the bad axiom SubClassOf(Entity Independent_Continuant_Entity).
[2026-06-24 16:24:06.549] Found 15 possible bad axioms.
[2026-06-24 16:24:06.549] Selected the bad axiom SubClassOf(Continuant_Entity Processual_Entity).
[2026-06-24 16:24:06.551] Found 14 possible bad axioms.
[2026-06-24 16:24:06.552] Selected the bad axiom SubClassOf(Occurrent_Entity Entity).
[2026-06-24 16:24:06.554] Found 13 possible bad axioms.
[2026-06-24 16:24:06.554] Selected the bad axiom SubClassOf(Entity Occurrent_Entity).
[2026-06-24 16:24:06.556] Found 12 possible bad axioms.
[2026-06-24 16:24:06.556] Selected the bad axiom SubClassOf(Continuant_Entity Entity).
[2026-06-24 16:24:06.558] Finished repairing the ontology.
Repairing with A2 (not-in-largest-mcs-removal)...
[2026-06-24 16:24:06.559] Checking precondition...
[2026-06-24 16:24:06.563] Starting the repair...
[2026-06-24 16:24:06.676] Found 1 possible bad axioms.
[2026-06-24 16:24:06.676] Selected the bad axiom SubClassOf(Entity owl:Nothing).
[2026-06-24 16:24:06.678] Finished repairing the ontology.
Repairing with A3 (default-weakening)...
[2026-06-24 16:24:06.679] Checking precondition...
[2026-06-24 16:24:06.681] Starting the repair...
[2026-06-24 16:24:06.696] Selected a reference ontology with 24 axioms.
[2026-06-24 16:24:06.844] Selected the bad axiom SubClassOf(Entity owl:Nothing).
[2026-06-24 16:24:06.852] Selected the weaker axiom SubClassOf(Entity owl:Thing).
[2026-06-24 16:24:06.854] Finished repairing the ontology.
Repairing with B1 (bad-in_some_mus-weaker-random)...
[2026-06-24 16:24:06.855] Checking precondition...
[2026-06-24 16:24:06.856] Starting the repair...
[2026-06-24 16:24:06.863] Selected a reference ontology with 24 axioms.
[2026-06-24 16:24:06.961] Selected the bad axiom SubClassOf(Entity owl:Nothing).
[2026-06-24 16:24:06.963] Selected the weaker axiom SubClassOf(Occurrent_Entity owl:Nothing).
[2026-06-24 16:24:07.029] Selected the bad axiom 
...[truncated]
FAIL: attempt=95 seed=1334818 status=time_limit_exceeded stage=B7 message=Repair timeout: B7 exceeded 300 seconds
progress: ontology=PLIO attempt=95 success=51/100
----- PLIO attempt=96 seed=1349018 at 2026-06-24 16:29:08 -----
--- stdout ---
{"seed":1349018,"run_id":"20260624134028346645","trial_status":"success","error_type":null,"failure_stage":null,"error_message":null,"iic_values":{"B1_vs_A1":0.5,"B1_vs_A2":0.5,"B1_vs_A3":0.5,"B2_vs_A1":0.5,"B2_vs_A2":0.5,"B2_vs_A3":0.5,"B3_vs_A1":0.5,"B3_vs_A2":0.5,"B3_vs_A3":0.5,"B4_vs_A1":0.5,"B4_vs_A2":0.5,"B4_vs_A3":0.5,"B5_vs_A1":0.5,"B5_vs_A2":0.5,"B5_vs_A3":0.5,"B6_vs_A1":0.5,"B6_vs_A2":0.5,"B6_vs_A3":0.5,"B7_vs_A1":0.5,"B7_vs_A2":0.5,"B7_vs_A3":0.5,"B8_vs_A1":0.5,"B8_vs_A2":0.5,"B8_vs_A3":0.5,"B9_vs_A1":0.5,"B9_vs_A2":0.5,"B9_vs_A3":0.5},"repair_runtimes_ms":{"A1":41,"A2":137,"A3":259,"B1":89,"B2":557,"B3":287,"B4":22,"B5":452,"B6":314,"B7":19,"B8":316,"B9":285}}

--- stderr ---
SingleTrialExperiment starting: ontology=/workspaces/ontologyutils-ekaw26/repair-power-index-replication-ekaw26/ontologies/inconsistent/PLIO.owl, seed=1349018, run_id=20260624134028346645
Loaded ontology.
Normalizing ontology with SROIQ normalization...
Normalized ontology with SROIQ normalization.
Ontology is already inconsistent, skipping make-inconsistent step.
Repairing with A1 (random-removal)...
[2026-06-24 16:29:09.152] Checking precondition...
[2026-06-24 16:29:09.162] Starting the repair...
[2026-06-24 16:29:09.167] Found 19 possible bad axioms.
[2026-06-24 16:29:09.169] Selected the bad axiom SubClassOf(owl:Thing Processual_Entity).
[2026-06-24 16:29:09.173] Found 18 possible bad axioms.
[2026-06-24 16:29:09.173] Selected the bad axiom SubClassOf(Entity Occurrent_Entity).
[2026-06-24 16:29:09.176] Found 17 possible bad axioms.
[2026-06-24 16:29:09.176] Selected the bad axiom SubClassOf(Entity owl:Thing).
[2026-06-24 16:29:09.180] Found 16 possible bad axioms.
[2026-06-24 16:29:09.180] Selected the bad axiom SubClassOf(Occurrent_Entity Functional_Entity).
[2026-06-24 16:29:09.183] Found 15 possible bad axioms.
[2026-06-24 16:29:09.183] Selected the bad axiom SubClassOf(Continuant_Entity Entity).
[2026-06-24 16:29:09.187] Found 14 possible bad axioms.
[2026-06-24 16:29:09.187] Selected the bad axiom SubClassOf(Entity owl:Nothing).
[2026-06-24 16:29:09.188] Finished repairing the ontology.
Repairing with A2 (not-in-largest-mcs-removal)...
[2026-06-24 16:29:09.189] Checking precondition...
[2026-06-24 16:29:09.194] Starting the repair...
[2026-06-24 16:29:09.325] Found 1 possible bad axioms.
[2026-06-24 16:29:09.326] Selected the bad axiom SubClassOf(Entity owl:Nothing).
[2026-06-24 16:29:09.327] Finished repairing the ontology.
Repairing with A3 (default-weakening)...
[2026-06-24 16:29:09.328] Checking precondition...
[2026-06-24 16:29:09.331] Starting the repair...
[2026-06-24 16:29:09.338] Selected a reference ontology with 25 axioms.
[2026-06-24 16:29:09.486] Selected the bad axiom SubClassOf(Entity owl:Nothing).
[2026-06-24 16:29:09.496] Selected the weaker axiom SubClassOf(Processual_Entity owl:Nothing).
[2026-06-24 16:29:09.585] Selected the bad axiom SubClassOf(Processual_Entity owl:Nothing).
[2026-06-24 16:29:09.585] Selected the weaker axiom SubClassOf(Processual_Entity Entity).
[2026-06-24 16:29:09.586] Finished repairing the ontology.
Repairing with B1 (bad-in_some_mus-weaker-random)...
[2026-06-24 16:29:09.587] Checking precondition...
[2026-06-24 16:29:09.589] Starting the repair...
[2026-06-24 16:29:09.592] Selected a reference ontology with 25 axioms.
[2026-06-24 16:29:09.672] Selected the bad axiom SubClassOf(Entity owl:Nothing).
[2026-06-24 16:29:09.674] Selected the weaker axiom SubClassOf(Entity Continuant_Entity).
[2026-06-24 16:29:09.675] Finished repairing the ontology.
Repairing with B2 (bad-in_some_mus-weaker-shapley)...
[2026-06-24 16:29:09.677] Checking precondition...
[2026-06-24 16:29:09.679] Starting the repair
...[truncated]
SUCCESS: attempt=96 seed=1349018 success_count=52/100
progress: ontology=PLIO attempt=96 success=52/100
----- PLIO attempt=97 seed=1363218 at 2026-06-24 16:29:12 -----
--- stdout ---
{"seed":1363218,"run_id":"20260624134028346645","trial_status":"memory_limit_exceeded","error_type":"failure","failure_stage":"B8","error_message":"Repair failed: ExecutionException: java.lang.IllegalStateException: Could not find a weakening for axiom: ⊤ ⊑ Processual_Entity","iic_values":{},"repair_runtimes_ms":{"A1":50,"A2":134,"A3":316,"B1":65,"B2":416,"B3":424,"B4":29,"B5":463,"B6":324,"B7":23,"B8":110}}

--- stderr ---
SingleTrialExperiment starting: ontology=/workspaces/ontologyutils-ekaw26/repair-power-index-replication-ekaw26/ontologies/inconsistent/PLIO.owl, seed=1363218, run_id=20260624134028346645
Loaded ontology.
Normalizing ontology with SROIQ normalization...
Normalized ontology with SROIQ normalization.
Ontology is already inconsistent, skipping make-inconsistent step.
Repairing with A1 (random-removal)...
[2026-06-24 16:29:12.338] Checking precondition...
[2026-06-24 16:29:12.347] Starting the repair...
[2026-06-24 16:29:12.353] Found 19 possible bad axioms.
[2026-06-24 16:29:12.354] Selected the bad axiom SubClassOf(Occurrent_Entity Independent_Continuant_Entity).
[2026-06-24 16:29:12.360] Found 18 possible bad axioms.
[2026-06-24 16:29:12.360] Selected the bad axiom SubClassOf(Entity Continuant_Entity).
[2026-06-24 16:29:12.363] Found 17 possible bad axioms.
[2026-06-24 16:29:12.363] Selected the bad axiom SubClassOf(Independent_Continuant_Entity Continuant_Entity).
[2026-06-24 16:29:12.367] Found 16 possible bad axioms.
[2026-06-24 16:29:12.367] Selected the bad axiom SubClassOf(Occurrent_Entity Functional_Entity).
[2026-06-24 16:29:12.370] Found 15 possible bad axioms.
[2026-06-24 16:29:12.370] Selected the bad axiom SubClassOf(Continuant_Entity Occurrent_Entity).
[2026-06-24 16:29:12.373] Found 14 possible bad axioms.
[2026-06-24 16:29:12.373] Selected the bad axiom SubClassOf(Continuant_Entity Processual_Entity).
[2026-06-24 16:29:12.375] Found 13 possible bad axioms.
[2026-06-24 16:29:12.375] Selected the bad axiom SubClassOf(Functional_Entity Independent_Continuant_Entity).
[2026-06-24 16:29:12.377] Found 12 possible bad axioms.
[2026-06-24 16:29:12.377] Selected the bad axiom SubClassOf(Entity Independent_Continuant_Entity).
[2026-06-24 16:29:12.379] Found 11 possible bad axioms.
[2026-06-24 16:29:12.379] Selected the bad axiom SubClassOf(Entity Occurrent_Entity).
[2026-06-24 16:29:12.381] Found 10 possible bad axioms.
[2026-06-24 16:29:12.381] Selected the bad axiom SubClassOf(Entity owl:Nothing).
[2026-06-24 16:29:12.383] Finished repairing the ontology.
Repairing with A2 (not-in-largest-mcs-removal)...
[2026-06-24 16:29:12.384] Checking precondition...
[2026-06-24 16:29:12.393] Starting the repair...
[2026-06-24 16:29:12.516] Found 1 possible bad axioms.
[2026-06-24 16:29:12.517] Selected the bad axiom SubClassOf(Entity owl:Nothing).
[2026-06-24 16:29:12.518] Finished repairing the ontology.
Repairing with A3 (default-weakening)...
[2026-06-24 16:29:12.519] Checking precondition...
[2026-06-24 16:29:12.521] Starting the repair...
[2026-06-24 16:29:12.527] Selected a reference ontology with 25 axioms.
[2026-06-24 16:29:12.658] Selected the bad axiom SubClassOf(Entity owl:Nothing).
[2026-06-24 16:29:12.666] Selected the weaker axiom SubClassOf(Independent_Continuant_Entity owl:Nothing).
[2026-06-24 16:29:12.759] Selected the bad axiom SubClassOf(Independent_Continuant_Entity owl:Nothing).
[2026-06-24 16:29:12.759] Selected the weaker axiom 
...[truncated]
FAIL: attempt=97 seed=1363218 status=memory_limit_exceeded stage=B8 message=Repair failed: ExecutionException: java.lang.IllegalStateException: Could not find a weakening for axiom: ⊤ ⊑ Processual_Entity
progress: ontology=PLIO attempt=97 success=52/100
----- PLIO attempt=98 seed=1377418 at 2026-06-24 16:29:14 -----
--- stdout ---
{"seed":1377418,"run_id":"20260624134028346645","trial_status":"memory_limit_exceeded","error_type":"failure","failure_stage":"B1","error_message":"Repair failed: ExecutionException: java.lang.NullPointerException: operands cannot be null or empty","iic_values":{},"repair_runtimes_ms":{"A1":45,"A2":126,"A3":169,"B1":105}}

--- stderr ---
SingleTrialExperiment starting: ontology=/workspaces/ontologyutils-ekaw26/repair-power-index-replication-ekaw26/ontologies/inconsistent/PLIO.owl, seed=1377418, run_id=20260624134028346645
Loaded ontology.
Normalizing ontology with SROIQ normalization...
Normalized ontology with SROIQ normalization.
Ontology is already inconsistent, skipping make-inconsistent step.
Repairing with A1 (random-removal)...
[2026-06-24 16:29:15.079] Checking precondition...
[2026-06-24 16:29:15.088] Starting the repair...
[2026-06-24 16:29:15.095] Found 19 possible bad axioms.
[2026-06-24 16:29:15.096] Selected the bad axiom SubClassOf(Entity Occurrent_Entity).
[2026-06-24 16:29:15.101] Found 18 possible bad axioms.
[2026-06-24 16:29:15.102] Selected the bad axiom SubClassOf(Processual_Entity Occurrent_Entity).
[2026-06-24 16:29:15.105] Found 17 possible bad axioms.
[2026-06-24 16:29:15.105] Selected the bad axiom SubClassOf(Entity Independent_Continuant_Entity).
[2026-06-24 16:29:15.109] Found 16 possible bad axioms.
[2026-06-24 16:29:15.109] Selected the bad axiom SubClassOf(Entity owl:Thing).
[2026-06-24 16:29:15.112] Found 15 possible bad axioms.
[2026-06-24 16:29:15.112] Selected the bad axiom SubClassOf(Occurrent_Entity Continuant_Entity).
[2026-06-24 16:29:15.115] Found 14 possible bad axioms.
[2026-06-24 16:29:15.115] Selected the bad axiom SubClassOf(Entity Continuant_Entity).
[2026-06-24 16:29:15.117] Found 13 possible bad axioms.
[2026-06-24 16:29:15.118] Selected the bad axiom SubClassOf(owl:Thing Occurrent_Entity).
[2026-06-24 16:29:15.120] Finished repairing the ontology.
Repairing with A2 (not-in-largest-mcs-removal)...
[2026-06-24 16:29:15.121] Checking precondition...
[2026-06-24 16:29:15.126] Starting the repair...
[2026-06-24 16:29:15.245] Found 1 possible bad axioms.
[2026-06-24 16:29:15.245] Selected the bad axiom SubClassOf(Entity owl:Nothing).
[2026-06-24 16:29:15.247] Finished repairing the ontology.
Repairing with A3 (default-weakening)...
[2026-06-24 16:29:15.248] Checking precondition...
[2026-06-24 16:29:15.251] Starting the repair...
[2026-06-24 16:29:15.268] Selected a reference ontology with 24 axioms.
[2026-06-24 16:29:15.406] Selected the bad axiom SubClassOf(Entity owl:Nothing).
[2026-06-24 16:29:15.414] Selected the weaker axiom SubClassOf(Entity Independent_Continuant_Entity).
[2026-06-24 16:29:15.416] Finished repairing the ontology.
Repairing with B1 (bad-in_some_mus-weaker-random)...
[2026-06-24 16:29:15.417] Checking precondition...
[2026-06-24 16:29:15.419] Starting the repair...
[2026-06-24 16:29:15.422] Selected a reference ontology with 25 axioms.
[2026-06-24 16:29:15.518] Selected the bad axiom SubClassOf(Entity owl:Nothing).
[2026-06-24 16:29:15.521] Selected the weaker axiom SubClassOf(owl:Thing owl:Nothing).
Failure: Repair failed: ExecutionException: java.lang.NullPointerException: operands cannot be null or empty

FAIL: attempt=98 seed=1377418 status=memory_limit_exceeded stage=B1 message=Repair failed: ExecutionException: java.lang.NullPointerException: operands cannot be null or empty
progress: ontology=PLIO attempt=98 success=52/100
----- PLIO attempt=99 seed=1391618 at 2026-06-24 16:29:15 -----
--- stdout ---
{"seed":1391618,"run_id":"20260624134028346645","trial_status":"success","error_type":null,"failure_stage":null,"error_message":null,"iic_values":{"B1_vs_A1":0.5,"B1_vs_A2":0.5,"B1_vs_A3":0.5,"B2_vs_A1":0.5,"B2_vs_A2":0.5,"B2_vs_A3":0.5,"B3_vs_A1":0.5,"B3_vs_A2":0.5,"B3_vs_A3":0.5,"B4_vs_A1":0.5,"B4_vs_A2":0.5,"B4_vs_A3":0.5,"B5_vs_A1":0.5,"B5_vs_A2":0.5,"B5_vs_A3":0.5,"B6_vs_A1":0.5,"B6_vs_A2":0.5,"B6_vs_A3":0.5,"B7_vs_A1":0.5,"B7_vs_A2":0.5,"B7_vs_A3":0.5,"B8_vs_A1":0.5,"B8_vs_A2":0.5,"B8_vs_A3":0.5,"B9_vs_A1":0.5,"B9_vs_A2":0.5,"B9_vs_A3":0.5},"repair_runtimes_ms":{"A1":26,"A2":157,"A3":176,"B1":177,"B2":550,"B3":214,"B4":22,"B5":474,"B6":290,"B7":24,"B8":297,"B9":261}}

--- stderr ---
SingleTrialExperiment starting: ontology=/workspaces/ontologyutils-ekaw26/repair-power-index-replication-ekaw26/ontologies/inconsistent/PLIO.owl, seed=1391618, run_id=20260624134028346645
Loaded ontology.
Normalizing ontology with SROIQ normalization...
Normalized ontology with SROIQ normalization.
Ontology is already inconsistent, skipping make-inconsistent step.
Repairing with A1 (random-removal)...
[2026-06-24 16:29:15.911] Checking precondition...
[2026-06-24 16:29:15.920] Starting the repair...
[2026-06-24 16:29:15.926] Found 19 possible bad axioms.
[2026-06-24 16:29:15.928] Selected the bad axiom SubClassOf(Entity owl:Nothing).
[2026-06-24 16:29:15.933] Finished repairing the ontology.
Repairing with A2 (not-in-largest-mcs-removal)...
[2026-06-24 16:29:15.933] Checking precondition...
[2026-06-24 16:29:15.941] Starting the repair...
[2026-06-24 16:29:16.089] Found 1 possible bad axioms.
[2026-06-24 16:29:16.090] Selected the bad axiom SubClassOf(Entity owl:Nothing).
[2026-06-24 16:29:16.091] Finished repairing the ontology.
Repairing with A3 (default-weakening)...
[2026-06-24 16:29:16.098] Checking precondition...
[2026-06-24 16:29:16.101] Starting the repair...
[2026-06-24 16:29:16.112] Selected a reference ontology with 25 axioms.
[2026-06-24 16:29:16.258] Selected the bad axiom SubClassOf(Entity owl:Nothing).
[2026-06-24 16:29:16.266] Selected the weaker axiom SubClassOf(Entity owl:Thing).
[2026-06-24 16:29:16.267] Finished repairing the ontology.
Repairing with B1 (bad-in_some_mus-weaker-random)...
[2026-06-24 16:29:16.268] Checking precondition...
[2026-06-24 16:29:16.270] Starting the repair...
[2026-06-24 16:29:16.273] Selected a reference ontology with 24 axioms.
[2026-06-24 16:29:16.374] Selected the bad axiom SubClassOf(Entity owl:Nothing).
[2026-06-24 16:29:16.376] Selected the weaker axiom SubClassOf(Continuant_Entity owl:Nothing).
[2026-06-24 16:29:16.444] Selected the bad axiom SubClassOf(Continuant_Entity owl:Nothing).
[2026-06-24 16:29:16.445] Selected the weaker axiom SubClassOf(Continuant_Entity Functional_Entity).
[2026-06-24 16:29:16.445] Finished repairing the ontology.
Repairing with B2 (bad-in_some_mus-weaker-shapley)...
[2026-06-24 16:29:16.447] Checking precondition...
[2026-06-24 16:29:16.448] Starting the repair...
[2026-06-24 16:29:16.450] Selected a reference ontology with 25 axioms.
[2026-06-24 16:29:16.506] Selected the bad axiom SubClassOf(Entity owl:Nothing).
[PowerIndexWeakerAxiomSelector] Scoring 14 candidate weakenings for Entity ⊑ ⊥
[PowerIndexWeakerAxiomSelector] Selected weaker axiom: Entity ⊑ Continuant_Entity
[2026-06-24 16:29:16.991] Selected the weaker axiom SubClassOf(Entity Continuant_Entity).
[2026-06-24 16:29:16.996] Finished repairing the ontology.
Repairing with B3 (bad-in_some_mus-weaker-banzhaf)...
[2026-06-24 16:29:16.997] Checking precondition...
[2026-06-24 16:29:17.011] Starting the repair...
[2026-06-24 16:29:17.016] Selected a reference ontology with 24 axioms.
[2026-06-24 16:29:17.07
...[truncated]
SUCCESS: attempt=99 seed=1391618 success_count=53/100
progress: ontology=PLIO attempt=99 success=53/100
----- PLIO attempt=100 seed=1405818 at 2026-06-24 16:29:18 -----
--- stdout ---
{"seed":1405818,"run_id":"20260624134028346645","trial_status":"memory_limit_exceeded","error_type":"failure","failure_stage":"B6","error_message":"Repair failed: ExecutionException: java.lang.IllegalStateException: Could not find a weakening for axiom: ⊤ ⊑ Processual_Entity","iic_values":{},"repair_runtimes_ms":{"A1":49,"A2":112,"A3":175,"B1":105,"B2":543,"B3":389,"B4":29,"B5":430,"B6":199}}

--- stderr ---
SingleTrialExperiment starting: ontology=/workspaces/ontologyutils-ekaw26/repair-power-index-replication-ekaw26/ontologies/inconsistent/PLIO.owl, seed=1405818, run_id=20260624134028346645
Loaded ontology.
Normalizing ontology with SROIQ normalization...
Normalized ontology with SROIQ normalization.
Ontology is already inconsistent, skipping make-inconsistent step.
Repairing with A1 (random-removal)...
[2026-06-24 16:29:18.966] Checking precondition...
[2026-06-24 16:29:18.975] Starting the repair...
[2026-06-24 16:29:18.982] Found 19 possible bad axioms.
[2026-06-24 16:29:18.983] Selected the bad axiom SubClassOf(Processual_Entity Occurrent_Entity).
[2026-06-24 16:29:18.988] Found 18 possible bad axioms.
[2026-06-24 16:29:18.988] Selected the bad axiom SubClassOf(Entity Processual_Entity).
[2026-06-24 16:29:18.992] Found 17 possible bad axioms.
[2026-06-24 16:29:18.992] Selected the bad axiom SubClassOf(Entity Continuant_Entity).
[2026-06-24 16:29:18.996] Found 16 possible bad axioms.
[2026-06-24 16:29:18.996] Selected the bad axiom SubClassOf(Continuant_Entity Processual_Entity).
[2026-06-24 16:29:18.999] Found 15 possible bad axioms.
[2026-06-24 16:29:19.000] Selected the bad axiom SubClassOf(owl:Thing Processual_Entity).
[2026-06-24 16:29:19.002] Found 14 possible bad axioms.
[2026-06-24 16:29:19.002] Selected the bad axiom SubClassOf(Continuant_Entity Entity).
[2026-06-24 16:29:19.005] Found 13 possible bad axioms.
[2026-06-24 16:29:19.006] Selected the bad axiom SubClassOf(Entity owl:Thing).
[2026-06-24 16:29:19.008] Found 12 possible bad axioms.
[2026-06-24 16:29:19.008] Selected the bad axiom SubClassOf(Entity Independent_Continuant_Entity).
[2026-06-24 16:29:19.010] Found 11 possible bad axioms.
[2026-06-24 16:29:19.010] Selected the bad axiom SubClassOf(Entity owl:Nothing).
[2026-06-24 16:29:19.012] Finished repairing the ontology.
Repairing with A2 (not-in-largest-mcs-removal)...
[2026-06-24 16:29:19.012] Checking precondition...
[2026-06-24 16:29:19.021] Starting the repair...
[2026-06-24 16:29:19.123] Found 1 possible bad axioms.
[2026-06-24 16:29:19.123] Selected the bad axiom SubClassOf(Entity owl:Nothing).
[2026-06-24 16:29:19.125] Finished repairing the ontology.
Repairing with A3 (default-weakening)...
[2026-06-24 16:29:19.126] Checking precondition...
[2026-06-24 16:29:19.128] Starting the repair...
[2026-06-24 16:29:19.140] Selected a reference ontology with 25 axioms.
[2026-06-24 16:29:19.290] Selected the bad axiom SubClassOf(Entity owl:Nothing).
[2026-06-24 16:29:19.299] Selected the weaker axiom SubClassOf(Entity Continuant_Entity).
[2026-06-24 16:29:19.300] Finished repairing the ontology.
Repairing with B1 (bad-in_some_mus-weaker-random)...
[2026-06-24 16:29:19.301] Checking precondition...
[2026-06-24 16:29:19.303] Starting the repair...
[2026-06-24 16:29:19.308] Selected a reference ontology with 24 axioms.
[2026-06-24 16:29:19.403] Selected the bad axiom SubClassOf(Entity owl:Nothing).
[2026-06-24 16:29:19.405] Selecte
...[truncated]
FAIL: attempt=100 seed=1405818 status=memory_limit_exceeded stage=B6 message=Repair failed: ExecutionException: java.lang.IllegalStateException: Could not find a weakening for axiom: ⊤ ⊑ Processual_Entity
progress: ontology=PLIO attempt=100 success=53/100
----- PLIO attempt=101 seed=1420018 at 2026-06-24 16:29:21 -----
--- stdout ---
{"seed":1420018,"run_id":"20260624134028346645","trial_status":"success","error_type":null,"failure_stage":null,"error_message":null,"iic_values":{"B1_vs_A1":0.9166666666666666,"B1_vs_A2":0.5,"B1_vs_A3":0.5,"B2_vs_A1":0.9166666666666666,"B2_vs_A2":0.5,"B2_vs_A3":0.5,"B3_vs_A1":0.9166666666666666,"B3_vs_A2":0.5,"B3_vs_A3":0.5,"B4_vs_A1":0.7777777777777778,"B4_vs_A2":0.5,"B4_vs_A3":0.5,"B5_vs_A1":0.7777777777777778,"B5_vs_A2":0.5,"B5_vs_A3":0.5,"B6_vs_A1":0.7777777777777778,"B6_vs_A2":0.5,"B6_vs_A3":0.5,"B7_vs_A1":0.7777777777777778,"B7_vs_A2":0.5,"B7_vs_A3":0.5,"B8_vs_A1":0.7777777777777778,"B8_vs_A2":0.5,"B8_vs_A3":0.5,"B9_vs_A1":0.7777777777777778,"B9_vs_A2":0.5,"B9_vs_A3":0.5},"repair_runtimes_ms":{"A1":45,"A2":123,"A3":172,"B1":119,"B2":495,"B3":390,"B4":28,"B5":444,"B6":322,"B7":17,"B8":337,"B9":296}}

--- stderr ---
SingleTrialExperiment starting: ontology=/workspaces/ontologyutils-ekaw26/repair-power-index-replication-ekaw26/ontologies/inconsistent/PLIO.owl, seed=1420018, run_id=20260624134028346645
Loaded ontology.
Normalizing ontology with SROIQ normalization...
Normalized ontology with SROIQ normalization.
Ontology is already inconsistent, skipping make-inconsistent step.
Repairing with A1 (random-removal)...
[2026-06-24 16:29:21.375] Checking precondition...
[2026-06-24 16:29:21.384] Starting the repair...
[2026-06-24 16:29:21.391] Found 19 possible bad axioms.
[2026-06-24 16:29:21.392] Selected the bad axiom SubClassOf(Functional_Entity Independent_Continuant_Entity).
[2026-06-24 16:29:21.397] Found 18 possible bad axioms.
[2026-06-24 16:29:21.397] Selected the bad axiom SubClassOf(Continuant_Entity Entity).
[2026-06-24 16:29:21.401] Found 17 possible bad axioms.
[2026-06-24 16:29:21.401] Selected the bad axiom SubClassOf(Entity Functional_Entity).
[2026-06-24 16:29:21.405] Found 16 possible bad axioms.
[2026-06-24 16:29:21.405] Selected the bad axiom SubClassOf(Continuant_Entity Processual_Entity).
[2026-06-24 16:29:21.409] Found 15 possible bad axioms.
[2026-06-24 16:29:21.409] Selected the bad axiom SubClassOf(Occurrent_Entity Functional_Entity).
[2026-06-24 16:29:21.411] Found 14 possible bad axioms.
[2026-06-24 16:29:21.411] Selected the bad axiom SubClassOf(Entity owl:Thing).
[2026-06-24 16:29:21.414] Found 13 possible bad axioms.
[2026-06-24 16:29:21.414] Selected the bad axiom SubClassOf(Occurrent_Entity Entity).
[2026-06-24 16:29:21.417] Finished repairing the ontology.
Repairing with A2 (not-in-largest-mcs-removal)...
[2026-06-24 16:29:21.417] Checking precondition...
[2026-06-24 16:29:21.422] Starting the repair...
[2026-06-24 16:29:21.539] Found 1 possible bad axioms.
[2026-06-24 16:29:21.539] Selected the bad axiom SubClassOf(Entity owl:Nothing).
[2026-06-24 16:29:21.540] Finished repairing the ontology.
Repairing with A3 (default-weakening)...
[2026-06-24 16:29:21.542] Checking precondition...
[2026-06-24 16:29:21.545] Starting the repair...
[2026-06-24 16:29:21.560] Selected a reference ontology with 25 axioms.
[2026-06-24 16:29:21.704] Selected the bad axiom SubClassOf(Entity owl:Nothing).
[2026-06-24 16:29:21.711] Selected the weaker axiom SubClassOf(Entity Processual_Entity).
[2026-06-24 16:29:21.713] Finished repairing the ontology.
Repairing with B1 (bad-in_some_mus-weaker-random)...
[2026-06-24 16:29:21.713] Checking precondition...
[2026-06-24 16:29:21.715] Starting the repair...
[2026-06-24 16:29:21.721] Selected a reference ontology with 24 axioms.
[2026-06-24 16:29:21.821] Selected the bad axiom SubClassOf(Entity owl:Nothing).
[2026-06-24 16:29:21.831] Selected the weaker axiom SubClassOf(Entity Continuant_Entity).
[2026-06-24 16:29:21.832] Finished repairing the ontology.
Repairing with B2 (bad-in_some_mus-weaker-shapley)...
[2026-06-24 16:29:21.834] Checking precondition...
[2026-06-24 16:29:21.835] Starting the repair...
[20
...[truncated]
SUCCESS: attempt=101 seed=1420018 success_count=54/100
progress: ontology=PLIO attempt=101 success=54/100
----- PLIO attempt=102 seed=1434218 at 2026-06-24 16:29:24 -----
--- stdout ---
{"seed":1434218,"run_id":"20260624134028346645","trial_status":"memory_limit_exceeded","error_type":"failure","failure_stage":"B9","error_message":"Repair failed: ExecutionException: java.lang.IllegalStateException: Could not find a weakening for axiom: ⊤ ⊑ Processual_Entity","iic_values":{},"repair_runtimes_ms":{"A1":45,"A2":142,"A3":160,"B1":104,"B2":529,"B3":405,"B4":23,"B5":436,"B6":330,"B7":17,"B8":330,"B9":77}}

--- stderr ---
SingleTrialExperiment starting: ontology=/workspaces/ontologyutils-ekaw26/repair-power-index-replication-ekaw26/ontologies/inconsistent/PLIO.owl, seed=1434218, run_id=20260624134028346645
Loaded ontology.
Normalizing ontology with SROIQ normalization...
Normalized ontology with SROIQ normalization.
Ontology is already inconsistent, skipping make-inconsistent step.
Repairing with A1 (random-removal)...
[2026-06-24 16:29:24.559] Checking precondition...
[2026-06-24 16:29:24.568] Starting the repair...
[2026-06-24 16:29:24.573] Found 19 possible bad axioms.
[2026-06-24 16:29:24.575] Selected the bad axiom SubClassOf(Continuant_Entity Occurrent_Entity).
[2026-06-24 16:29:24.579] Found 18 possible bad axioms.
[2026-06-24 16:29:24.579] Selected the bad axiom SubClassOf(Occurrent_Entity Entity).
[2026-06-24 16:29:24.583] Found 17 possible bad axioms.
[2026-06-24 16:29:24.583] Selected the bad axiom SubClassOf(Occurrent_Entity Functional_Entity).
[2026-06-24 16:29:24.587] Found 16 possible bad axioms.
[2026-06-24 16:29:24.587] Selected the bad axiom SubClassOf(Entity Continuant_Entity).
[2026-06-24 16:29:24.590] Found 15 possible bad axioms.
[2026-06-24 16:29:24.591] Selected the bad axiom SubClassOf(Occurrent_Entity Independent_Continuant_Entity).
[2026-06-24 16:29:24.593] Found 14 possible bad axioms.
[2026-06-24 16:29:24.593] Selected the bad axiom SubClassOf(Independent_Continuant_Entity Continuant_Entity).
[2026-06-24 16:29:24.596] Found 13 possible bad axioms.
[2026-06-24 16:29:24.596] Selected the bad axiom SubClassOf(owl:Thing Occurrent_Entity).
[2026-06-24 16:29:24.598] Found 12 possible bad axioms.
[2026-06-24 16:29:24.599] Selected the bad axiom SubClassOf(Processual_Entity Occurrent_Entity).
[2026-06-24 16:29:24.600] Finished repairing the ontology.
Repairing with A2 (not-in-largest-mcs-removal)...
[2026-06-24 16:29:24.601] Checking precondition...
[2026-06-24 16:29:24.605] Starting the repair...
[2026-06-24 16:29:24.742] Found 1 possible bad axioms.
[2026-06-24 16:29:24.742] Selected the bad axiom SubClassOf(Entity owl:Nothing).
[2026-06-24 16:29:24.743] Finished repairing the ontology.
Repairing with A3 (default-weakening)...
[2026-06-24 16:29:24.745] Checking precondition...
[2026-06-24 16:29:24.747] Starting the repair...
[2026-06-24 16:29:24.756] Selected a reference ontology with 24 axioms.
[2026-06-24 16:29:24.893] Selected the bad axiom SubClassOf(Entity owl:Nothing).
[2026-06-24 16:29:24.902] Selected the weaker axiom SubClassOf(Entity owl:Thing).
[2026-06-24 16:29:24.903] Finished repairing the ontology.
Repairing with B1 (bad-in_some_mus-weaker-random)...
[2026-06-24 16:29:24.904] Checking precondition...
[2026-06-24 16:29:24.905] Starting the repair...
[2026-06-24 16:29:24.909] Selected a reference ontology with 25 axioms.
[2026-06-24 16:29:25.006] Selected the bad axiom SubClassOf(Entity owl:Nothing).
[2026-06-24 16:29:25.008] Selected the weaker axiom SubClassOf(Entity Independent_Continuant_Entity).
[2026-06-24 16:29:25.009] Fi
...[truncated]
FAIL: attempt=102 seed=1434218 status=memory_limit_exceeded stage=B9 message=Repair failed: ExecutionException: java.lang.IllegalStateException: Could not find a weakening for axiom: ⊤ ⊑ Processual_Entity
progress: ontology=PLIO attempt=102 success=54/100
----- PLIO attempt=103 seed=1448418 at 2026-06-24 16:29:27 -----
--- stdout ---
{"seed":1448418,"run_id":"20260624134028346645","trial_status":"success","error_type":null,"failure_stage":null,"error_message":null,"iic_values":{"B1_vs_A1":0.9166666666666666,"B1_vs_A2":0.5,"B1_vs_A3":0.5,"B2_vs_A1":0.9166666666666666,"B2_vs_A2":0.5,"B2_vs_A3":0.5,"B3_vs_A1":0.9166666666666666,"B3_vs_A2":0.5,"B3_vs_A3":0.5,"B4_vs_A1":0.7777777777777778,"B4_vs_A2":0.5,"B4_vs_A3":0.5,"B5_vs_A1":0.7777777777777778,"B5_vs_A2":0.5,"B5_vs_A3":0.5,"B6_vs_A1":0.7777777777777778,"B6_vs_A2":0.5,"B6_vs_A3":0.5,"B7_vs_A1":0.7777777777777778,"B7_vs_A2":0.5,"B7_vs_A3":0.5,"B8_vs_A1":0.7777777777777778,"B8_vs_A2":0.5,"B8_vs_A3":0.5,"B9_vs_A1":0.7777777777777778,"B9_vs_A2":0.5,"B9_vs_A3":0.5},"repair_runtimes_ms":{"A1":45,"A2":137,"A3":252,"B1":165,"B2":534,"B3":378,"B4":33,"B5":485,"B6":260,"B7":17,"B8":316,"B9":303}}

--- stderr ---
SingleTrialExperiment starting: ontology=/workspaces/ontologyutils-ekaw26/repair-power-index-replication-ekaw26/ontologies/inconsistent/PLIO.owl, seed=1448418, run_id=20260624134028346645
Loaded ontology.
Normalizing ontology with SROIQ normalization...
Normalized ontology with SROIQ normalization.
Ontology is already inconsistent, skipping make-inconsistent step.
Repairing with A1 (random-removal)...
[2026-06-24 16:29:27.551] Checking precondition...
[2026-06-24 16:29:27.559] Starting the repair...
[2026-06-24 16:29:27.566] Found 19 possible bad axioms.
[2026-06-24 16:29:27.568] Selected the bad axiom SubClassOf(Occurrent_Entity Entity).
[2026-06-24 16:29:27.574] Found 18 possible bad axioms.
[2026-06-24 16:29:27.574] Selected the bad axiom SubClassOf(Occurrent_Entity Functional_Entity).
[2026-06-24 16:29:27.577] Found 17 possible bad axioms.
[2026-06-24 16:29:27.578] Selected the bad axiom SubClassOf(Continuant_Entity Occurrent_Entity).
[2026-06-24 16:29:27.581] Found 16 possible bad axioms.
[2026-06-24 16:29:27.582] Selected the bad axiom SubClassOf(Entity Independent_Continuant_Entity).
[2026-06-24 16:29:27.584] Found 15 possible bad axioms.
[2026-06-24 16:29:27.584] Selected the bad axiom SubClassOf(Entity Functional_Entity).
[2026-06-24 16:29:27.587] Found 14 possible bad axioms.
[2026-06-24 16:29:27.587] Selected the bad axiom SubClassOf(Continuant_Entity Entity).
[2026-06-24 16:29:27.591] Finished repairing the ontology.
Repairing with A2 (not-in-largest-mcs-removal)...
[2026-06-24 16:29:27.592] Checking precondition...
[2026-06-24 16:29:27.598] Starting the repair...
[2026-06-24 16:29:27.728] Found 1 possible bad axioms.
[2026-06-24 16:29:27.728] Selected the bad axiom SubClassOf(Entity owl:Nothing).
[2026-06-24 16:29:27.729] Finished repairing the ontology.
Repairing with A3 (default-weakening)...
[2026-06-24 16:29:27.731] Checking precondition...
[2026-06-24 16:29:27.733] Starting the repair...
[2026-06-24 16:29:27.740] Selected a reference ontology with 25 axioms.
[2026-06-24 16:29:27.889] Selected the bad axiom SubClassOf(Entity owl:Nothing).
[2026-06-24 16:29:27.898] Selected the weaker axiom SubClassOf(Occurrent_Entity owl:Nothing).
[2026-06-24 16:29:27.981] Selected the bad axiom SubClassOf(Occurrent_Entity owl:Nothing).
[2026-06-24 16:29:27.981] Selected the weaker axiom SubClassOf(Occurrent_Entity Independent_Continuant_Entity).
[2026-06-24 16:29:27.982] Finished repairing the ontology.
Repairing with B1 (bad-in_some_mus-weaker-random)...
[2026-06-24 16:29:27.983] Checking precondition...
[2026-06-24 16:29:27.984] Starting the repair...
[2026-06-24 16:29:27.986] Selected a reference ontology with 24 axioms.
[2026-06-24 16:29:28.060] Selected the bad axiom SubClassOf(Entity owl:Nothing).
[2026-06-24 16:29:28.062] Selected the weaker axiom SubClassOf(Continuant_Entity owl:Nothing).
[2026-06-24 16:29:28.146] Selected the bad axiom SubClassOf(Continuant_Entity owl:Nothing).
[2026-06-24 16:29:28.146] Selected the weaker axiom SubClas
...[truncated]
SUCCESS: attempt=103 seed=1448418 success_count=55/100
progress: ontology=PLIO attempt=103 success=55/100
----- PLIO attempt=104 seed=1462618 at 2026-06-24 16:29:30 -----
--- stdout ---
{"seed":1462618,"run_id":"20260624134028346645","trial_status":"success","error_type":null,"failure_stage":null,"error_message":null,"iic_values":{"B1_vs_A1":0.7777777777777778,"B1_vs_A2":0.5,"B1_vs_A3":0.5,"B2_vs_A1":0.7777777777777778,"B2_vs_A2":0.5,"B2_vs_A3":0.5,"B3_vs_A1":0.7777777777777778,"B3_vs_A2":0.5,"B3_vs_A3":0.5,"B4_vs_A1":0.9166666666666666,"B4_vs_A2":0.5,"B4_vs_A3":0.5,"B5_vs_A1":0.9166666666666666,"B5_vs_A2":0.5,"B5_vs_A3":0.5,"B6_vs_A1":0.9166666666666666,"B6_vs_A2":0.5,"B6_vs_A3":0.5,"B7_vs_A1":0.9166666666666666,"B7_vs_A2":0.5,"B7_vs_A3":0.5,"B8_vs_A1":0.9166666666666666,"B8_vs_A2":0.5,"B8_vs_A3":0.5,"B9_vs_A1":0.9166666666666666,"B9_vs_A2":0.5,"B9_vs_A3":0.5},"repair_runtimes_ms":{"A1":44,"A2":130,"A3":177,"B1":182,"B2":560,"B3":256,"B4":24,"B5":436,"B6":338,"B7":18,"B8":343,"B9":254}}

--- stderr ---
SingleTrialExperiment starting: ontology=/workspaces/ontologyutils-ekaw26/repair-power-index-replication-ekaw26/ontologies/inconsistent/PLIO.owl, seed=1462618, run_id=20260624134028346645
Loaded ontology.
Normalizing ontology with SROIQ normalization...
Normalized ontology with SROIQ normalization.
Ontology is already inconsistent, skipping make-inconsistent step.
Repairing with A1 (random-removal)...
[2026-06-24 16:29:30.866] Checking precondition...
[2026-06-24 16:29:30.875] Starting the repair...
[2026-06-24 16:29:30.881] Found 19 possible bad axioms.
[2026-06-24 16:29:30.883] Selected the bad axiom SubClassOf(Functional_Entity Independent_Continuant_Entity).
[2026-06-24 16:29:30.887] Found 18 possible bad axioms.
[2026-06-24 16:29:30.888] Selected the bad axiom SubClassOf(Entity Processual_Entity).
[2026-06-24 16:29:30.891] Found 17 possible bad axioms.
[2026-06-24 16:29:30.891] Selected the bad axiom SubClassOf(Occurrent_Entity Entity).
[2026-06-24 16:29:30.895] Found 16 possible bad axioms.
[2026-06-24 16:29:30.895] Selected the bad axiom SubClassOf(Occurrent_Entity Independent_Continuant_Entity).
[2026-06-24 16:29:30.898] Found 15 possible bad axioms.
[2026-06-24 16:29:30.898] Selected the bad axiom SubClassOf(Entity Functional_Entity).
[2026-06-24 16:29:30.901] Found 14 possible bad axioms.
[2026-06-24 16:29:30.901] Selected the bad axiom SubClassOf(owl:Thing Occurrent_Entity).
[2026-06-24 16:29:30.904] Found 13 possible bad axioms.
[2026-06-24 16:29:30.904] Selected the bad axiom SubClassOf(Processual_Entity Occurrent_Entity).
[2026-06-24 16:29:30.906] Finished repairing the ontology.
Repairing with A2 (not-in-largest-mcs-removal)...
[2026-06-24 16:29:30.907] Checking precondition...
[2026-06-24 16:29:30.912] Starting the repair...
[2026-06-24 16:29:31.035] Found 1 possible bad axioms.
[2026-06-24 16:29:31.035] Selected the bad axiom SubClassOf(Entity owl:Nothing).
[2026-06-24 16:29:31.036] Finished repairing the ontology.
Repairing with A3 (default-weakening)...
[2026-06-24 16:29:31.038] Checking precondition...
[2026-06-24 16:29:31.040] Starting the repair...
[2026-06-24 16:29:31.060] Selected a reference ontology with 23 axioms.
[2026-06-24 16:29:31.202] Selected the bad axiom SubClassOf(Entity owl:Nothing).
[2026-06-24 16:29:31.211] Selected the weaker axiom SubClassOf(Entity Entity).
[2026-06-24 16:29:31.213] Finished repairing the ontology.
Repairing with B1 (bad-in_some_mus-weaker-random)...
[2026-06-24 16:29:31.214] Checking precondition...
[2026-06-24 16:29:31.216] Starting the repair...
[2026-06-24 16:29:31.220] Selected a reference ontology with 25 axioms.
[2026-06-24 16:29:31.315] Selected the bad axiom SubClassOf(Entity owl:Nothing).
[2026-06-24 16:29:31.317] Selected the weaker axiom SubClassOf(Continuant_Entity owl:Nothing).
[2026-06-24 16:29:31.395] Selected the bad axiom SubClassOf(Continuant_Entity owl:Nothing).
[2026-06-24 16:29:31.396] Selected the weaker axiom SubClassOf(Continuant_Entity Entity).
[2026-06-24 16:29:3
...[truncated]
SUCCESS: attempt=104 seed=1462618 success_count=56/100
progress: ontology=PLIO attempt=104 success=56/100
----- PLIO attempt=105 seed=1476818 at 2026-06-24 16:29:33 -----
--- stdout ---
{"seed":1476818,"run_id":"20260624134028346645","trial_status":"success","error_type":null,"failure_stage":null,"error_message":null,"iic_values":{"B1_vs_A1":0.9047619047619048,"B1_vs_A2":0.5,"B1_vs_A3":0.5,"B2_vs_A1":0.9047619047619048,"B2_vs_A2":0.5,"B2_vs_A3":0.5,"B3_vs_A1":0.9047619047619048,"B3_vs_A2":0.5,"B3_vs_A3":0.5,"B4_vs_A1":0.9473684210526315,"B4_vs_A2":0.5,"B4_vs_A3":0.5,"B5_vs_A1":0.9473684210526315,"B5_vs_A2":0.5,"B5_vs_A3":0.5,"B6_vs_A1":0.9473684210526315,"B6_vs_A2":0.5,"B6_vs_A3":0.5,"B7_vs_A1":0.9473684210526315,"B7_vs_A2":0.5,"B7_vs_A3":0.5,"B8_vs_A1":0.9473684210526315,"B8_vs_A2":0.5,"B8_vs_A3":0.5,"B9_vs_A1":0.9473684210526315,"B9_vs_A2":0.5,"B9_vs_A3":0.5},"repair_runtimes_ms":{"A1":48,"A2":126,"A3":177,"B1":113,"B2":531,"B3":392,"B4":34,"B5":389,"B6":328,"B7":18,"B8":288,"B9":289}}

--- stderr ---
SingleTrialExperiment starting: ontology=/workspaces/ontologyutils-ekaw26/repair-power-index-replication-ekaw26/ontologies/inconsistent/PLIO.owl, seed=1476818, run_id=20260624134028346645
Loaded ontology.
Normalizing ontology with SROIQ normalization...
Normalized ontology with SROIQ normalization.
Ontology is already inconsistent, skipping make-inconsistent step.
Repairing with A1 (random-removal)...
[2026-06-24 16:29:34.028] Checking precondition...
[2026-06-24 16:29:34.037] Starting the repair...
[2026-06-24 16:29:34.044] Found 19 possible bad axioms.
[2026-06-24 16:29:34.045] Selected the bad axiom SubClassOf(Occurrent_Entity Functional_Entity).
[2026-06-24 16:29:34.051] Found 18 possible bad axioms.
[2026-06-24 16:29:34.052] Selected the bad axiom SubClassOf(Continuant_Entity Entity).
[2026-06-24 16:29:34.055] Found 17 possible bad axioms.
[2026-06-24 16:29:34.055] Selected the bad axiom SubClassOf(Continuant_Entity Occurrent_Entity).
[2026-06-24 16:29:34.059] Found 16 possible bad axioms.
[2026-06-24 16:29:34.059] Selected the bad axiom SubClassOf(owl:Thing Occurrent_Entity).
[2026-06-24 16:29:34.062] Found 15 possible bad axioms.
[2026-06-24 16:29:34.062] Selected the bad axiom SubClassOf(Entity Continuant_Entity).
[2026-06-24 16:29:34.064] Found 14 possible bad axioms.
[2026-06-24 16:29:34.065] Selected the bad axiom SubClassOf(Entity Occurrent_Entity).
[2026-06-24 16:29:34.067] Found 13 possible bad axioms.
[2026-06-24 16:29:34.067] Selected the bad axiom SubClassOf(Entity Functional_Entity).
[2026-06-24 16:29:34.070] Found 12 possible bad axioms.
[2026-06-24 16:29:34.070] Selected the bad axiom SubClassOf(Processual_Entity Occurrent_Entity).
[2026-06-24 16:29:34.072] Finished repairing the ontology.
Repairing with A2 (not-in-largest-mcs-removal)...
[2026-06-24 16:29:34.072] Checking precondition...
[2026-06-24 16:29:34.077] Starting the repair...
[2026-06-24 16:29:34.197] Found 1 possible bad axioms.
[2026-06-24 16:29:34.197] Selected the bad axiom SubClassOf(Entity owl:Nothing).
[2026-06-24 16:29:34.198] Finished repairing the ontology.
Repairing with A3 (default-weakening)...
[2026-06-24 16:29:34.200] Checking precondition...
[2026-06-24 16:29:34.203] Starting the repair...
[2026-06-24 16:29:34.221] Selected a reference ontology with 23 axioms.
[2026-06-24 16:29:34.367] Selected the bad axiom SubClassOf(Entity owl:Nothing).
[2026-06-24 16:29:34.375] Selected the weaker axiom SubClassOf(Entity owl:Thing).
[2026-06-24 16:29:34.376] Finished repairing the ontology.
Repairing with B1 (bad-in_some_mus-weaker-random)...
[2026-06-24 16:29:34.377] Checking precondition...
[2026-06-24 16:29:34.378] Starting the repair...
[2026-06-24 16:29:34.383] Selected a reference ontology with 24 axioms.
[2026-06-24 16:29:34.487] Selected the bad axiom SubClassOf(Entity owl:Nothing).
[2026-06-24 16:29:34.489] Selected the weaker axiom SubClassOf(Entity Entity).
[2026-06-24 16:29:34.490] Finished repairing the ontology.
Repairing with B2 (bad-in_some_mus-we
...[truncated]
SUCCESS: attempt=105 seed=1476818 success_count=57/100
progress: ontology=PLIO attempt=105 success=57/100
----- PLIO attempt=106 seed=1491018 at 2026-06-24 16:29:36 -----
--- stdout ---
{"seed":1491018,"run_id":"20260624134028346645","trial_status":"success","error_type":null,"failure_stage":null,"error_message":null,"iic_values":{"B1_vs_A1":1.0,"B1_vs_A2":0.5,"B1_vs_A3":0.5,"B2_vs_A1":1.0,"B2_vs_A2":0.5,"B2_vs_A3":0.5,"B3_vs_A1":1.0,"B3_vs_A2":0.5,"B3_vs_A3":0.5,"B4_vs_A1":0.8,"B4_vs_A2":0.5,"B4_vs_A3":0.5,"B5_vs_A1":0.8,"B5_vs_A2":0.5,"B5_vs_A3":0.5,"B6_vs_A1":0.8,"B6_vs_A2":0.5,"B6_vs_A3":0.5,"B7_vs_A1":0.8,"B7_vs_A2":0.5,"B7_vs_A3":0.5,"B8_vs_A1":0.8,"B8_vs_A2":0.5,"B8_vs_A3":0.5,"B9_vs_A1":0.8,"B9_vs_A2":0.5,"B9_vs_A3":0.5},"repair_runtimes_ms":{"A1":59,"A2":114,"A3":176,"B1":186,"B2":601,"B3":208,"B4":28,"B5":456,"B6":324,"B7":20,"B8":341,"B9":252}}

--- stderr ---
SingleTrialExperiment starting: ontology=/workspaces/ontologyutils-ekaw26/repair-power-index-replication-ekaw26/ontologies/inconsistent/PLIO.owl, seed=1491018, run_id=20260624134028346645
Loaded ontology.
Normalizing ontology with SROIQ normalization...
Normalized ontology with SROIQ normalization.
Ontology is already inconsistent, skipping make-inconsistent step.
Repairing with A1 (random-removal)...
[2026-06-24 16:29:37.154] Checking precondition...
[2026-06-24 16:29:37.163] Starting the repair...
[2026-06-24 16:29:37.169] Found 19 possible bad axioms.
[2026-06-24 16:29:37.171] Selected the bad axiom SubClassOf(Continuant_Entity Processual_Entity).
[2026-06-24 16:29:37.177] Found 18 possible bad axioms.
[2026-06-24 16:29:37.178] Selected the bad axiom SubClassOf(Entity owl:Thing).
[2026-06-24 16:29:37.181] Found 17 possible bad axioms.
[2026-06-24 16:29:37.181] Selected the bad axiom SubClassOf(Occurrent_Entity Independent_Continuant_Entity).
[2026-06-24 16:29:37.185] Found 16 possible bad axioms.
[2026-06-24 16:29:37.185] Selected the bad axiom SubClassOf(Entity Functional_Entity).
[2026-06-24 16:29:37.188] Found 15 possible bad axioms.
[2026-06-24 16:29:37.188] Selected the bad axiom SubClassOf(Occurrent_Entity Functional_Entity).
[2026-06-24 16:29:37.190] Found 14 possible bad axioms.
[2026-06-24 16:29:37.191] Selected the bad axiom SubClassOf(Entity Processual_Entity).
[2026-06-24 16:29:37.193] Found 13 possible bad axioms.
[2026-06-24 16:29:37.194] Selected the bad axiom SubClassOf(Occurrent_Entity Entity).
[2026-06-24 16:29:37.196] Found 12 possible bad axioms.
[2026-06-24 16:29:37.197] Selected the bad axiom SubClassOf(owl:Thing Processual_Entity).
[2026-06-24 16:29:37.198] Found 11 possible bad axioms.
[2026-06-24 16:29:37.198] Selected the bad axiom SubClassOf(Entity Continuant_Entity).
[2026-06-24 16:29:37.200] Found 10 possible bad axioms.
[2026-06-24 16:29:37.200] Selected the bad axiom SubClassOf(Processual_Entity Occurrent_Entity).
[2026-06-24 16:29:37.201] Found 9 possible bad axioms.
[2026-06-24 16:29:37.202] Selected the bad axiom SubClassOf(Entity owl:Nothing).
[2026-06-24 16:29:37.208] Finished repairing the ontology.
Repairing with A2 (not-in-largest-mcs-removal)...
[2026-06-24 16:29:37.209] Checking precondition...
[2026-06-24 16:29:37.215] Starting the repair...
[2026-06-24 16:29:37.322] Found 1 possible bad axioms.
[2026-06-24 16:29:37.322] Selected the bad axiom SubClassOf(Entity owl:Nothing).
[2026-06-24 16:29:37.323] Finished repairing the ontology.
Repairing with A3 (default-weakening)...
[2026-06-24 16:29:37.325] Checking precondition...
[2026-06-24 16:29:37.333] Starting the repair...
[2026-06-24 16:29:37.346] Selected a reference ontology with 24 axioms.
[2026-06-24 16:29:37.489] Selected the bad axiom SubClassOf(Entity owl:Nothing).
[2026-06-24 16:29:37.498] Selected the weaker axiom SubClassOf(Entity Continuant_Entity).
[2026-06-24 16:29:37.499] Finished repairing the ontology.
Repairing with B1 (bad-in_some_mus-
...[truncated]
SUCCESS: attempt=106 seed=1491018 success_count=58/100
progress: ontology=PLIO attempt=106 success=58/100
----- PLIO attempt=107 seed=1505218 at 2026-06-24 16:29:40 -----
--- stdout ---
{"seed":1505218,"run_id":"20260624134028346645","trial_status":"memory_limit_exceeded","error_type":"failure","failure_stage":"B7","error_message":"Repair failed: ExecutionException: java.lang.NullPointerException: operands cannot be null or empty","iic_values":{},"repair_runtimes_ms":{"A1":46,"A2":121,"A3":177,"B1":106,"B2":573,"B3":390,"B4":39,"B5":476,"B6":309,"B7":18}}

--- stderr ---
SingleTrialExperiment starting: ontology=/workspaces/ontologyutils-ekaw26/repair-power-index-replication-ekaw26/ontologies/inconsistent/PLIO.owl, seed=1505218, run_id=20260624134028346645
Loaded ontology.
Normalizing ontology with SROIQ normalization...
Normalized ontology with SROIQ normalization.
Ontology is already inconsistent, skipping make-inconsistent step.
Repairing with A1 (random-removal)...
[2026-06-24 16:29:40.324] Checking precondition...
[2026-06-24 16:29:40.333] Starting the repair...
[2026-06-24 16:29:40.340] Found 19 possible bad axioms.
[2026-06-24 16:29:40.342] Selected the bad axiom SubClassOf(Functional_Entity Independent_Continuant_Entity).
[2026-06-24 16:29:40.346] Found 18 possible bad axioms.
[2026-06-24 16:29:40.347] Selected the bad axiom SubClassOf(Independent_Continuant_Entity Continuant_Entity).
[2026-06-24 16:29:40.349] Found 17 possible bad axioms.
[2026-06-24 16:29:40.350] Selected the bad axiom SubClassOf(Continuant_Entity Entity).
[2026-06-24 16:29:40.353] Found 16 possible bad axioms.
[2026-06-24 16:29:40.353] Selected the bad axiom SubClassOf(Processual_Entity Occurrent_Entity).
[2026-06-24 16:29:40.357] Found 15 possible bad axioms.
[2026-06-24 16:29:40.357] Selected the bad axiom SubClassOf(Entity Functional_Entity).
[2026-06-24 16:29:40.360] Found 14 possible bad axioms.
[2026-06-24 16:29:40.360] Selected the bad axiom SubClassOf(Occurrent_Entity Continuant_Entity).
[2026-06-24 16:29:40.362] Found 13 possible bad axioms.
[2026-06-24 16:29:40.362] Selected the bad axiom SubClassOf(Occurrent_Entity Entity).
[2026-06-24 16:29:40.365] Finished repairing the ontology.
Repairing with A2 (not-in-largest-mcs-removal)...
[2026-06-24 16:29:40.366] Checking precondition...
[2026-06-24 16:29:40.370] Starting the repair...
[2026-06-24 16:29:40.485] Found 1 possible bad axioms.
[2026-06-24 16:29:40.485] Selected the bad axiom SubClassOf(Entity owl:Nothing).
[2026-06-24 16:29:40.487] Finished repairing the ontology.
Repairing with A3 (default-weakening)...
[2026-06-24 16:29:40.488] Checking precondition...
[2026-06-24 16:29:40.491] Starting the repair...
[2026-06-24 16:29:40.508] Selected a reference ontology with 24 axioms.
[2026-06-24 16:29:40.655] Selected the bad axiom SubClassOf(Entity owl:Nothing).
[2026-06-24 16:29:40.664] Selected the weaker axiom SubClassOf(Entity Occurrent_Entity).
[2026-06-24 16:29:40.665] Finished repairing the ontology.
Repairing with B1 (bad-in_some_mus-weaker-random)...
[2026-06-24 16:29:40.665] Checking precondition...
[2026-06-24 16:29:40.667] Starting the repair...
[2026-06-24 16:29:40.673] Selected a reference ontology with 25 axioms.
[2026-06-24 16:29:40.767] Selected the bad axiom SubClassOf(Entity owl:Nothing).
[2026-06-24 16:29:40.769] Selected the weaker axiom SubClassOf(Entity Processual_Entity).
[2026-06-24 16:29:40.771] Finished repairing the ontology.
Repairing with B2 (bad-in_some_mus-weaker-shapley)...
[2026-06-24 16:29:40.773] Checking precondition...
[2026-06-24 16:29:40.77
...[truncated]
FAIL: attempt=107 seed=1505218 status=memory_limit_exceeded stage=B7 message=Repair failed: ExecutionException: java.lang.NullPointerException: operands cannot be null or empty
progress: ontology=PLIO attempt=107 success=58/100
----- PLIO attempt=108 seed=1519418 at 2026-06-24 16:29:42 -----
--- stdout ---
{"seed":1519418,"run_id":"20260624134028346645","trial_status":"time_limit_exceeded","error_type":"timeout","failure_stage":"B7","error_message":"Repair timeout: B7 exceeded 300 seconds","iic_values":{},"repair_runtimes_ms":{"A1":49,"A2":115,"A3":183,"B1":186,"B2":537,"B3":209,"B4":30,"B5":343,"B6":339,"B7":300001}}

--- stderr ---
SingleTrialExperiment starting: ontology=/workspaces/ontologyutils-ekaw26/repair-power-index-replication-ekaw26/ontologies/inconsistent/PLIO.owl, seed=1519418, run_id=20260624134028346645
Loaded ontology.
Normalizing ontology with SROIQ normalization...
Normalized ontology with SROIQ normalization.
Ontology is already inconsistent, skipping make-inconsistent step.
Repairing with A1 (random-removal)...
[2026-06-24 16:29:42.966] Checking precondition...
[2026-06-24 16:29:42.974] Starting the repair...
[2026-06-24 16:29:42.981] Found 19 possible bad axioms.
[2026-06-24 16:29:42.983] Selected the bad axiom SubClassOf(Occurrent_Entity Entity).
[2026-06-24 16:29:42.988] Found 18 possible bad axioms.
[2026-06-24 16:29:42.989] Selected the bad axiom SubClassOf(Entity Continuant_Entity).
[2026-06-24 16:29:42.992] Found 17 possible bad axioms.
[2026-06-24 16:29:42.992] Selected the bad axiom SubClassOf(Entity owl:Thing).
[2026-06-24 16:29:42.996] Found 16 possible bad axioms.
[2026-06-24 16:29:42.996] Selected the bad axiom SubClassOf(Entity Occurrent_Entity).
[2026-06-24 16:29:42.999] Found 15 possible bad axioms.
[2026-06-24 16:29:42.999] Selected the bad axiom SubClassOf(Occurrent_Entity Functional_Entity).
[2026-06-24 16:29:43.002] Found 14 possible bad axioms.
[2026-06-24 16:29:43.002] Selected the bad axiom SubClassOf(Entity Independent_Continuant_Entity).
[2026-06-24 16:29:43.005] Found 13 possible bad axioms.
[2026-06-24 16:29:43.005] Selected the bad axiom SubClassOf(Processual_Entity Occurrent_Entity).
[2026-06-24 16:29:43.007] Found 12 possible bad axioms.
[2026-06-24 16:29:43.007] Selected the bad axiom SubClassOf(Entity Processual_Entity).
[2026-06-24 16:29:43.009] Found 11 possible bad axioms.
[2026-06-24 16:29:43.009] Selected the bad axiom SubClassOf(Entity owl:Nothing).
[2026-06-24 16:29:43.010] Finished repairing the ontology.
Repairing with A2 (not-in-largest-mcs-removal)...
[2026-06-24 16:29:43.011] Checking precondition...
[2026-06-24 16:29:43.020] Starting the repair...
[2026-06-24 16:29:43.125] Found 1 possible bad axioms.
[2026-06-24 16:29:43.125] Selected the bad axiom SubClassOf(Entity owl:Nothing).
[2026-06-24 16:29:43.126] Finished repairing the ontology.
Repairing with A3 (default-weakening)...
[2026-06-24 16:29:43.128] Checking precondition...
[2026-06-24 16:29:43.130] Starting the repair...
[2026-06-24 16:29:43.138] Selected a reference ontology with 25 axioms.
[2026-06-24 16:29:43.299] Selected the bad axiom SubClassOf(Entity owl:Nothing).
[2026-06-24 16:29:43.308] Selected the weaker axiom SubClassOf(owl:Nothing owl:Nothing).
[2026-06-24 16:29:43.310] Finished repairing the ontology.
Repairing with B1 (bad-in_some_mus-weaker-random)...
[2026-06-24 16:29:43.311] Checking precondition...
[2026-06-24 16:29:43.312] Starting the repair...
[2026-06-24 16:29:43.317] Selected a reference ontology with 25 axioms.
[2026-06-24 16:29:43.428] Selected the bad axiom SubClassOf(Entity owl:Nothing).
[2026-06-24 16:29:43.430] Selected the w
...[truncated]
FAIL: attempt=108 seed=1519418 status=time_limit_exceeded stage=B7 message=Repair timeout: B7 exceeded 300 seconds
progress: ontology=PLIO attempt=108 success=58/100
----- PLIO attempt=109 seed=1533618 at 2026-06-24 16:34:45 -----
--- stdout ---
{"seed":1533618,"run_id":"20260624134028346645","trial_status":"success","error_type":null,"failure_stage":null,"error_message":null,"iic_values":{"B1_vs_A1":0.5,"B1_vs_A2":0.5,"B1_vs_A3":0.5,"B2_vs_A1":0.5,"B2_vs_A2":0.5,"B2_vs_A3":0.5,"B3_vs_A1":0.5,"B3_vs_A2":0.5,"B3_vs_A3":0.5,"B4_vs_A1":0.5,"B4_vs_A2":0.5,"B4_vs_A3":0.5,"B5_vs_A1":0.5,"B5_vs_A2":0.5,"B5_vs_A3":0.5,"B6_vs_A1":0.5,"B6_vs_A2":0.5,"B6_vs_A3":0.5,"B7_vs_A1":0.5,"B7_vs_A2":0.5,"B7_vs_A3":0.5,"B8_vs_A1":0.5,"B8_vs_A2":0.5,"B8_vs_A3":0.5,"B9_vs_A1":0.5,"B9_vs_A2":0.5,"B9_vs_A3":0.5},"repair_runtimes_ms":{"A1":37,"A2":121,"A3":174,"B1":106,"B2":550,"B3":327,"B4":48,"B5":441,"B6":323,"B7":20,"B8":304,"B9":253}}

--- stderr ---
SingleTrialExperiment starting: ontology=/workspaces/ontologyutils-ekaw26/repair-power-index-replication-ekaw26/ontologies/inconsistent/PLIO.owl, seed=1533618, run_id=20260624134028346645
Loaded ontology.
Normalizing ontology with SROIQ normalization...
Normalized ontology with SROIQ normalization.
Ontology is already inconsistent, skipping make-inconsistent step.
Repairing with A1 (random-removal)...
[2026-06-24 16:34:45.439] Checking precondition...
[2026-06-24 16:34:45.448] Starting the repair...
[2026-06-24 16:34:45.454] Found 19 possible bad axioms.
[2026-06-24 16:34:45.455] Selected the bad axiom SubClassOf(Entity Occurrent_Entity).
[2026-06-24 16:34:45.461] Found 18 possible bad axioms.
[2026-06-24 16:34:45.461] Selected the bad axiom SubClassOf(Independent_Continuant_Entity Continuant_Entity).
[2026-06-24 16:34:45.464] Found 17 possible bad axioms.
[2026-06-24 16:34:45.465] Selected the bad axiom SubClassOf(Occurrent_Entity Functional_Entity).
[2026-06-24 16:34:45.468] Found 16 possible bad axioms.
[2026-06-24 16:34:45.468] Selected the bad axiom SubClassOf(Entity owl:Nothing).
[2026-06-24 16:34:45.471] Finished repairing the ontology.
Repairing with A2 (not-in-largest-mcs-removal)...
[2026-06-24 16:34:45.472] Checking precondition...
[2026-06-24 16:34:45.478] Starting the repair...
[2026-06-24 16:34:45.591] Found 1 possible bad axioms.
[2026-06-24 16:34:45.591] Selected the bad axiom SubClassOf(Entity owl:Nothing).
[2026-06-24 16:34:45.593] Finished repairing the ontology.
Repairing with A3 (default-weakening)...
[2026-06-24 16:34:45.594] Checking precondition...
[2026-06-24 16:34:45.597] Starting the repair...
[2026-06-24 16:34:45.608] Selected a reference ontology with 24 axioms.
[2026-06-24 16:34:45.756] Selected the bad axiom SubClassOf(Entity owl:Nothing).
[2026-06-24 16:34:45.765] Selected the weaker axiom SubClassOf(Entity Processual_Entity).
[2026-06-24 16:34:45.767] Finished repairing the ontology.
Repairing with B1 (bad-in_some_mus-weaker-random)...
[2026-06-24 16:34:45.768] Checking precondition...
[2026-06-24 16:34:45.769] Starting the repair...
[2026-06-24 16:34:45.774] Selected a reference ontology with 24 axioms.
[2026-06-24 16:34:45.871] Selected the bad axiom SubClassOf(Entity owl:Nothing).
[2026-06-24 16:34:45.873] Selected the weaker axiom SubClassOf(Entity Functional_Entity).
[2026-06-24 16:34:45.874] Finished repairing the ontology.
Repairing with B2 (bad-in_some_mus-weaker-shapley)...
[2026-06-24 16:34:45.875] Checking precondition...
[2026-06-24 16:34:45.877] Starting the repair...
[2026-06-24 16:34:45.889] Selected a reference ontology with 25 axioms.
[2026-06-24 16:34:45.959] Selected the bad axiom SubClassOf(Entity owl:Nothing).
[PowerIndexWeakerAxiomSelector] Scoring 14 candidate weakenings for Entity ⊑ ⊥
[PowerIndexWeakerAxiomSelector] Selected weaker axiom: Entity ⊑ Continuant_Entity
[2026-06-24 16:34:46.422] Selected the weaker axiom SubClassOf(Entity Continuant_Entity).
[2026-06-24 16:34:46.425] Finished re
...[truncated]
SUCCESS: attempt=109 seed=1533618 success_count=59/100
progress: ontology=PLIO attempt=109 success=59/100
----- PLIO attempt=110 seed=1547818 at 2026-06-24 16:34:48 -----
--- stdout ---
{"seed":1547818,"run_id":"20260624134028346645","trial_status":"success","error_type":null,"failure_stage":null,"error_message":null,"iic_values":{"B1_vs_A1":0.5,"B1_vs_A2":0.5,"B1_vs_A3":0.5,"B2_vs_A1":0.5,"B2_vs_A2":0.5,"B2_vs_A3":0.5,"B3_vs_A1":0.5,"B3_vs_A2":0.5,"B3_vs_A3":0.5,"B4_vs_A1":0.5,"B4_vs_A2":0.5,"B4_vs_A3":0.5,"B5_vs_A1":0.5,"B5_vs_A2":0.5,"B5_vs_A3":0.5,"B6_vs_A1":0.5,"B6_vs_A2":0.5,"B6_vs_A3":0.5,"B7_vs_A1":0.5,"B7_vs_A2":0.5,"B7_vs_A3":0.5,"B8_vs_A1":0.5,"B8_vs_A2":0.5,"B8_vs_A3":0.5,"B9_vs_A1":0.5,"B9_vs_A2":0.5,"B9_vs_A3":0.5},"repair_runtimes_ms":{"A1":40,"A2":127,"A3":171,"B1":109,"B2":436,"B3":271,"B4":33,"B5":455,"B6":347,"B7":33,"B8":330,"B9":269}}

--- stderr ---
SingleTrialExperiment starting: ontology=/workspaces/ontologyutils-ekaw26/repair-power-index-replication-ekaw26/ontologies/inconsistent/PLIO.owl, seed=1547818, run_id=20260624134028346645
Loaded ontology.
Normalizing ontology with SROIQ normalization...
Normalized ontology with SROIQ normalization.
Ontology is already inconsistent, skipping make-inconsistent step.
Repairing with A1 (random-removal)...
[2026-06-24 16:34:48.534] Checking precondition...
[2026-06-24 16:34:48.542] Starting the repair...
[2026-06-24 16:34:48.548] Found 19 possible bad axioms.
[2026-06-24 16:34:48.550] Selected the bad axiom SubClassOf(Occurrent_Entity Entity).
[2026-06-24 16:34:48.555] Found 18 possible bad axioms.
[2026-06-24 16:34:48.555] Selected the bad axiom SubClassOf(Occurrent_Entity Independent_Continuant_Entity).
[2026-06-24 16:34:48.558] Found 17 possible bad axioms.
[2026-06-24 16:34:48.558] Selected the bad axiom SubClassOf(owl:Thing Processual_Entity).
[2026-06-24 16:34:48.561] Found 16 possible bad axioms.
[2026-06-24 16:34:48.562] Selected the bad axiom SubClassOf(Occurrent_Entity Functional_Entity).
[2026-06-24 16:34:48.565] Found 15 possible bad axioms.
[2026-06-24 16:34:48.565] Selected the bad axiom SubClassOf(Continuant_Entity Occurrent_Entity).
[2026-06-24 16:34:48.567] Found 14 possible bad axioms.
[2026-06-24 16:34:48.568] Selected the bad axiom SubClassOf(owl:Thing Occurrent_Entity).
[2026-06-24 16:34:48.570] Finished repairing the ontology.
Repairing with A2 (not-in-largest-mcs-removal)...
[2026-06-24 16:34:48.571] Checking precondition...
[2026-06-24 16:34:48.576] Starting the repair...
[2026-06-24 16:34:48.696] Found 1 possible bad axioms.
[2026-06-24 16:34:48.696] Selected the bad axiom SubClassOf(Entity owl:Nothing).
[2026-06-24 16:34:48.697] Finished repairing the ontology.
Repairing with A3 (default-weakening)...
[2026-06-24 16:34:48.699] Checking precondition...
[2026-06-24 16:34:48.702] Starting the repair...
[2026-06-24 16:34:48.720] Selected a reference ontology with 24 axioms.
[2026-06-24 16:34:48.860] Selected the bad axiom SubClassOf(Entity owl:Nothing).
[2026-06-24 16:34:48.868] Selected the weaker axiom SubClassOf(Entity Processual_Entity).
[2026-06-24 16:34:48.869] Finished repairing the ontology.
Repairing with B1 (bad-in_some_mus-weaker-random)...
[2026-06-24 16:34:48.870] Checking precondition...
[2026-06-24 16:34:48.872] Starting the repair...
[2026-06-24 16:34:48.877] Selected a reference ontology with 25 axioms.
[2026-06-24 16:34:48.976] Selected the bad axiom SubClassOf(Entity owl:Nothing).
[2026-06-24 16:34:48.978] Selected the weaker axiom SubClassOf(Entity Occurrent_Entity).
[2026-06-24 16:34:48.979] Finished repairing the ontology.
Repairing with B2 (bad-in_some_mus-weaker-shapley)...
[2026-06-24 16:34:48.980] Checking precondition...
[2026-06-24 16:34:48.982] Starting the repair...
[2026-06-24 16:34:48.986] Selected a reference ontology with 24 axioms.
[2026-06-24 16:34:49.065] Selected the bad axiom SubClassOf(Enti
...[truncated]
SUCCESS: attempt=110 seed=1547818 success_count=60/100
progress: ontology=PLIO attempt=110 success=60/100
----- PLIO attempt=111 seed=1562018 at 2026-06-24 16:34:51 -----
--- stdout ---
{"seed":1562018,"run_id":"20260624134028346645","trial_status":"success","error_type":null,"failure_stage":null,"error_message":null,"iic_values":{"B1_vs_A1":0.5,"B1_vs_A2":0.5,"B1_vs_A3":0.5,"B2_vs_A1":0.5,"B2_vs_A2":0.5,"B2_vs_A3":0.5,"B3_vs_A1":0.5,"B3_vs_A2":0.5,"B3_vs_A3":0.5,"B4_vs_A1":0.5,"B4_vs_A2":0.5,"B4_vs_A3":0.5,"B5_vs_A1":0.5,"B5_vs_A2":0.5,"B5_vs_A3":0.5,"B6_vs_A1":0.5,"B6_vs_A2":0.5,"B6_vs_A3":0.5,"B7_vs_A1":0.5,"B7_vs_A2":0.5,"B7_vs_A3":0.5,"B8_vs_A1":0.5,"B8_vs_A2":0.5,"B8_vs_A3":0.5,"B9_vs_A1":0.5,"B9_vs_A2":0.5,"B9_vs_A3":0.5},"repair_runtimes_ms":{"A1":36,"A2":139,"A3":176,"B1":194,"B2":413,"B3":305,"B4":33,"B5":451,"B6":335,"B7":21,"B8":337,"B9":286}}

--- stderr ---
SingleTrialExperiment starting: ontology=/workspaces/ontologyutils-ekaw26/repair-power-index-replication-ekaw26/ontologies/inconsistent/PLIO.owl, seed=1562018, run_id=20260624134028346645
Loaded ontology.
Normalizing ontology with SROIQ normalization...
Normalized ontology with SROIQ normalization.
Ontology is already inconsistent, skipping make-inconsistent step.
Repairing with A1 (random-removal)...
[2026-06-24 16:34:51.545] Checking precondition...
[2026-06-24 16:34:51.554] Starting the repair...
[2026-06-24 16:34:51.560] Found 19 possible bad axioms.
[2026-06-24 16:34:51.561] Selected the bad axiom SubClassOf(owl:Thing Occurrent_Entity).
[2026-06-24 16:34:51.566] Found 18 possible bad axioms.
[2026-06-24 16:34:51.567] Selected the bad axiom SubClassOf(Entity owl:Thing).
[2026-06-24 16:34:51.571] Found 17 possible bad axioms.
[2026-06-24 16:34:51.571] Selected the bad axiom SubClassOf(Entity Independent_Continuant_Entity).
[2026-06-24 16:34:51.574] Found 16 possible bad axioms.
[2026-06-24 16:34:51.575] Selected the bad axiom SubClassOf(Entity owl:Nothing).
[2026-06-24 16:34:51.577] Finished repairing the ontology.
Repairing with A2 (not-in-largest-mcs-removal)...
[2026-06-24 16:34:51.578] Checking precondition...
[2026-06-24 16:34:51.584] Starting the repair...
[2026-06-24 16:34:51.715] Found 1 possible bad axioms.
[2026-06-24 16:34:51.716] Selected the bad axiom SubClassOf(Entity owl:Nothing).
[2026-06-24 16:34:51.717] Finished repairing the ontology.
Repairing with A3 (default-weakening)...
[2026-06-24 16:34:51.718] Checking precondition...
[2026-06-24 16:34:51.722] Starting the repair...
[2026-06-24 16:34:51.731] Selected a reference ontology with 24 axioms.
[2026-06-24 16:34:51.882] Selected the bad axiom SubClassOf(Entity owl:Nothing).
[2026-06-24 16:34:51.892] Selected the weaker axiom SubClassOf(Entity Entity).
[2026-06-24 16:34:51.894] Finished repairing the ontology.
Repairing with B1 (bad-in_some_mus-weaker-random)...
[2026-06-24 16:34:51.894] Checking precondition...
[2026-06-24 16:34:51.896] Starting the repair...
[2026-06-24 16:34:51.901] Selected a reference ontology with 25 axioms.
[2026-06-24 16:34:52.002] Selected the bad axiom SubClassOf(Entity owl:Nothing).
[2026-06-24 16:34:52.004] Selected the weaker axiom SubClassOf(Continuant_Entity owl:Nothing).
[2026-06-24 16:34:52.087] Selected the bad axiom SubClassOf(Continuant_Entity owl:Nothing).
[2026-06-24 16:34:52.087] Selected the weaker axiom SubClassOf(Continuant_Entity Functional_Entity).
[2026-06-24 16:34:52.088] Finished repairing the ontology.
Repairing with B2 (bad-in_some_mus-weaker-shapley)...
[2026-06-24 16:34:52.090] Checking precondition...
[2026-06-24 16:34:52.091] Starting the repair...
[2026-06-24 16:34:52.094] Selected a reference ontology with 24 axioms.
[2026-06-24 16:34:52.154] Selected the bad axiom SubClassOf(Entity owl:Nothing).
[PowerIndexWeakerAxiomSelector] Scoring 8 candidate weakenings for Entity ⊑ ⊥
[PowerIndexWeakerAxiomSelector] Selected weaker a
...[truncated]
SUCCESS: attempt=111 seed=1562018 success_count=61/100
progress: ontology=PLIO attempt=111 success=61/100
----- PLIO attempt=112 seed=1576218 at 2026-06-24 16:34:54 -----
--- stdout ---
{"seed":1576218,"run_id":"20260624134028346645","trial_status":"memory_limit_exceeded","error_type":"failure","failure_stage":"B5","error_message":"Repair failed: ExecutionException: java.lang.IllegalStateException: Could not find a weakening for axiom: ⊤ ⊑ Processual_Entity","iic_values":{},"repair_runtimes_ms":{"A1":26,"A2":132,"A3":182,"B1":165,"B2":428,"B3":289,"B4":42,"B5":244}}

--- stderr ---
SingleTrialExperiment starting: ontology=/workspaces/ontologyutils-ekaw26/repair-power-index-replication-ekaw26/ontologies/inconsistent/PLIO.owl, seed=1576218, run_id=20260624134028346645
Loaded ontology.
Normalizing ontology with SROIQ normalization...
Normalized ontology with SROIQ normalization.
Ontology is already inconsistent, skipping make-inconsistent step.
Repairing with A1 (random-removal)...
[2026-06-24 16:34:54.673] Checking precondition...
[2026-06-24 16:34:54.682] Starting the repair...
[2026-06-24 16:34:54.689] Found 19 possible bad axioms.
[2026-06-24 16:34:54.690] Selected the bad axiom SubClassOf(Entity owl:Nothing).
[2026-06-24 16:34:54.695] Finished repairing the ontology.
Repairing with A2 (not-in-largest-mcs-removal)...
[2026-06-24 16:34:54.696] Checking precondition...
[2026-06-24 16:34:54.702] Starting the repair...
[2026-06-24 16:34:54.826] Found 1 possible bad axioms.
[2026-06-24 16:34:54.827] Selected the bad axiom SubClassOf(Entity owl:Nothing).
[2026-06-24 16:34:54.828] Finished repairing the ontology.
Repairing with A3 (default-weakening)...
[2026-06-24 16:34:54.830] Checking precondition...
[2026-06-24 16:34:54.832] Starting the repair...
[2026-06-24 16:34:54.853] Selected a reference ontology with 22 axioms.
[2026-06-24 16:34:55.000] Selected the bad axiom SubClassOf(Entity owl:Nothing).
[2026-06-24 16:34:55.009] Selected the weaker axiom SubClassOf(Entity Functional_Entity).
[2026-06-24 16:34:55.010] Finished repairing the ontology.
Repairing with B1 (bad-in_some_mus-weaker-random)...
[2026-06-24 16:34:55.011] Checking precondition...
[2026-06-24 16:34:55.013] Starting the repair...
[2026-06-24 16:34:55.018] Selected a reference ontology with 24 axioms.
[2026-06-24 16:34:55.110] Selected the bad axiom SubClassOf(Entity owl:Nothing).
[2026-06-24 16:34:55.112] Selected the weaker axiom SubClassOf(Occurrent_Entity owl:Nothing).
[2026-06-24 16:34:55.175] Selected the bad axiom SubClassOf(Occurrent_Entity owl:Nothing).
[2026-06-24 16:34:55.176] Selected the weaker axiom SubClassOf(Occurrent_Entity Occurrent_Entity).
[2026-06-24 16:34:55.176] Finished repairing the ontology.
Repairing with B2 (bad-in_some_mus-weaker-shapley)...
[2026-06-24 16:34:55.178] Checking precondition...
[2026-06-24 16:34:55.179] Starting the repair...
[2026-06-24 16:34:55.182] Selected a reference ontology with 24 axioms.
[2026-06-24 16:34:55.245] Selected the bad axiom SubClassOf(Entity owl:Nothing).
[PowerIndexWeakerAxiomSelector] Scoring 8 candidate weakenings for Entity ⊑ ⊥
[PowerIndexWeakerAxiomSelector] Selected weaker axiom: Entity ⊑ Continuant_Entity
[2026-06-24 16:34:55.602] Selected the weaker axiom SubClassOf(Entity Continuant_Entity).
[2026-06-24 16:34:55.605] Finished repairing the ontology.
Repairing with B3 (bad-in_some_mus-weaker-banzhaf)...
[2026-06-24 16:34:55.606] Checking precondition...
[2026-06-24 16:34:55.607] Starting the repair...
[2026-06-24 16:34:55.611] Selected a reference ontology with 22 axioms.
[2026-06-24 16:34:55
...[truncated]
FAIL: attempt=112 seed=1576218 status=memory_limit_exceeded stage=B5 message=Repair failed: ExecutionException: java.lang.IllegalStateException: Could not find a weakening for axiom: ⊤ ⊑ Processual_Entity
progress: ontology=PLIO attempt=112 success=61/100
----- PLIO attempt=113 seed=1590418 at 2026-06-24 16:34:56 -----
--- stdout ---
{"seed":1590418,"run_id":"20260624134028346645","trial_status":"success","error_type":null,"failure_stage":null,"error_message":null,"iic_values":{"B1_vs_A1":0.875,"B1_vs_A2":0.5,"B1_vs_A3":0.5,"B2_vs_A1":0.875,"B2_vs_A2":0.5,"B2_vs_A3":0.5,"B3_vs_A1":0.875,"B3_vs_A2":0.5,"B3_vs_A3":0.5,"B4_vs_A1":1.0,"B4_vs_A2":0.5,"B4_vs_A3":0.5,"B5_vs_A1":1.0,"B5_vs_A2":0.5,"B5_vs_A3":0.5,"B6_vs_A1":1.0,"B6_vs_A2":0.5,"B6_vs_A3":0.5,"B7_vs_A1":1.0,"B7_vs_A2":0.5,"B7_vs_A3":0.5,"B8_vs_A1":1.0,"B8_vs_A2":0.5,"B8_vs_A3":0.5,"B9_vs_A1":1.0,"B9_vs_A2":0.5,"B9_vs_A3":0.5},"repair_runtimes_ms":{"A1":50,"A2":122,"A3":170,"B1":184,"B2":555,"B3":275,"B4":33,"B5":473,"B6":272,"B7":19,"B8":347,"B9":262}}

--- stderr ---
SingleTrialExperiment starting: ontology=/workspaces/ontologyutils-ekaw26/repair-power-index-replication-ekaw26/ontologies/inconsistent/PLIO.owl, seed=1590418, run_id=20260624134028346645
Loaded ontology.
Normalizing ontology with SROIQ normalization...
Normalized ontology with SROIQ normalization.
Ontology is already inconsistent, skipping make-inconsistent step.
Repairing with A1 (random-removal)...
[2026-06-24 16:34:56.562] Checking precondition...
[2026-06-24 16:34:56.571] Starting the repair...
[2026-06-24 16:34:56.577] Found 19 possible bad axioms.
[2026-06-24 16:34:56.579] Selected the bad axiom SubClassOf(Continuant_Entity Entity).
[2026-06-24 16:34:56.584] Found 18 possible bad axioms.
[2026-06-24 16:34:56.585] Selected the bad axiom SubClassOf(Independent_Continuant_Entity Continuant_Entity).
[2026-06-24 16:34:56.588] Found 17 possible bad axioms.
[2026-06-24 16:34:56.588] Selected the bad axiom SubClassOf(Processual_Entity Occurrent_Entity).
[2026-06-24 16:34:56.592] Found 16 possible bad axioms.
[2026-06-24 16:34:56.592] Selected the bad axiom SubClassOf(Entity Independent_Continuant_Entity).
[2026-06-24 16:34:56.595] Found 15 possible bad axioms.
[2026-06-24 16:34:56.595] Selected the bad axiom SubClassOf(Occurrent_Entity Functional_Entity).
[2026-06-24 16:34:56.598] Found 14 possible bad axioms.
[2026-06-24 16:34:56.598] Selected the bad axiom SubClassOf(Functional_Entity Independent_Continuant_Entity).
[2026-06-24 16:34:56.601] Found 13 possible bad axioms.
[2026-06-24 16:34:56.601] Selected the bad axiom SubClassOf(owl:Thing Processual_Entity).
[2026-06-24 16:34:56.603] Found 12 possible bad axioms.
[2026-06-24 16:34:56.604] Selected the bad axiom SubClassOf(Entity Processual_Entity).
[2026-06-24 16:34:56.605] Found 11 possible bad axioms.
[2026-06-24 16:34:56.605] Selected the bad axiom SubClassOf(Continuant_Entity Processual_Entity).
[2026-06-24 16:34:56.607] Found 10 possible bad axioms.
[2026-06-24 16:34:56.607] Selected the bad axiom SubClassOf(owl:Thing Occurrent_Entity).
[2026-06-24 16:34:56.608] Finished repairing the ontology.
Repairing with A2 (not-in-largest-mcs-removal)...
[2026-06-24 16:34:56.609] Checking precondition...
[2026-06-24 16:34:56.619] Starting the repair...
[2026-06-24 16:34:56.730] Found 1 possible bad axioms.
[2026-06-24 16:34:56.730] Selected the bad axiom SubClassOf(Entity owl:Nothing).
[2026-06-24 16:34:56.731] Finished repairing the ontology.
Repairing with A3 (default-weakening)...
[2026-06-24 16:34:56.732] Checking precondition...
[2026-06-24 16:34:56.741] Starting the repair...
[2026-06-24 16:34:56.752] Selected a reference ontology with 24 axioms.
[2026-06-24 16:34:56.891] Selected the bad axiom SubClassOf(Entity owl:Nothing).
[2026-06-24 16:34:56.900] Selected the weaker axiom SubClassOf(Entity Processual_Entity).
[2026-06-24 16:34:56.901] Finished repairing the ontology.
Repairing with B1 (bad-in_some_mus-weaker-random)...
[2026-06-24 16:34:56.902] Checking precondition...
[2026-06-24 16:34:56
...[truncated]
SUCCESS: attempt=113 seed=1590418 success_count=62/100
progress: ontology=PLIO attempt=113 success=62/100
----- PLIO attempt=114 seed=1604618 at 2026-06-24 16:34:59 -----
--- stdout ---
{"seed":1604618,"run_id":"20260624134028346645","trial_status":"memory_limit_exceeded","error_type":"failure","failure_stage":"B7","error_message":"Repair failed: ExecutionException: java.lang.NullPointerException: operands cannot be null or empty","iic_values":{},"repair_runtimes_ms":{"A1":26,"A2":137,"A3":183,"B1":110,"B2":524,"B3":389,"B4":24,"B5":342,"B6":351,"B7":25}}

--- stderr ---
SingleTrialExperiment starting: ontology=/workspaces/ontologyutils-ekaw26/repair-power-index-replication-ekaw26/ontologies/inconsistent/PLIO.owl, seed=1604618, run_id=20260624134028346645
Loaded ontology.
Normalizing ontology with SROIQ normalization...
Normalized ontology with SROIQ normalization.
Ontology is already inconsistent, skipping make-inconsistent step.
Repairing with A1 (random-removal)...
[2026-06-24 16:34:59.725] Checking precondition...
[2026-06-24 16:34:59.734] Starting the repair...
[2026-06-24 16:34:59.740] Found 19 possible bad axioms.
[2026-06-24 16:34:59.742] Selected the bad axiom SubClassOf(Entity owl:Nothing).
[2026-06-24 16:34:59.746] Finished repairing the ontology.
Repairing with A2 (not-in-largest-mcs-removal)...
[2026-06-24 16:34:59.746] Checking precondition...
[2026-06-24 16:34:59.753] Starting the repair...
[2026-06-24 16:34:59.881] Found 1 possible bad axioms.
[2026-06-24 16:34:59.881] Selected the bad axiom SubClassOf(Entity owl:Nothing).
[2026-06-24 16:34:59.883] Finished repairing the ontology.
Repairing with A3 (default-weakening)...
[2026-06-24 16:34:59.885] Checking precondition...
[2026-06-24 16:34:59.887] Starting the repair...
[2026-06-24 16:34:59.905] Selected a reference ontology with 24 axioms.
[2026-06-24 16:35:00.055] Selected the bad axiom SubClassOf(Entity owl:Nothing).
[2026-06-24 16:35:00.065] Selected the weaker axiom SubClassOf(Entity Entity).
[2026-06-24 16:35:00.066] Finished repairing the ontology.
Repairing with B1 (bad-in_some_mus-weaker-random)...
[2026-06-24 16:35:00.067] Checking precondition...
[2026-06-24 16:35:00.069] Starting the repair...
[2026-06-24 16:35:00.074] Selected a reference ontology with 24 axioms.
[2026-06-24 16:35:00.167] Selected the bad axiom SubClassOf(Entity owl:Nothing).
[2026-06-24 16:35:00.176] Selected the weaker axiom SubClassOf(Entity Continuant_Entity).
[2026-06-24 16:35:00.177] Finished repairing the ontology.
Repairing with B2 (bad-in_some_mus-weaker-shapley)...
[2026-06-24 16:35:00.179] Checking precondition...
[2026-06-24 16:35:00.181] Starting the repair...
[2026-06-24 16:35:00.185] Selected a reference ontology with 24 axioms.
[2026-06-24 16:35:00.255] Selected the bad axiom SubClassOf(Entity owl:Nothing).
[PowerIndexWeakerAxiomSelector] Scoring 13 candidate weakenings for Entity ⊑ ⊥
[PowerIndexWeakerAxiomSelector] Selected weaker axiom: Entity ⊑ Continuant_Entity
[2026-06-24 16:35:00.700] Selected the weaker axiom SubClassOf(Entity Continuant_Entity).
[2026-06-24 16:35:00.702] Finished repairing the ontology.
Repairing with B3 (bad-in_some_mus-weaker-banzhaf)...
[2026-06-24 16:35:00.704] Checking precondition...
[2026-06-24 16:35:00.705] Starting the repair...
[2026-06-24 16:35:00.708] Selected a reference ontology with 25 axioms.
[2026-06-24 16:35:00.845] Selected the bad axiom SubClassOf(Entity owl:Nothing).
[PowerIndexWeakerAxiomSelector] Scoring 14 candidate weakenings for Entity ⊑ ⊥
[PowerIndexWeakerAxiomSelector] Selected weaker axiom: Entity ⊑ 
...[truncated]
FAIL: attempt=114 seed=1604618 status=memory_limit_exceeded stage=B7 message=Repair failed: ExecutionException: java.lang.NullPointerException: operands cannot be null or empty
progress: ontology=PLIO attempt=114 success=62/100
----- PLIO attempt=115 seed=1618818 at 2026-06-24 16:35:01 -----
--- stdout ---
{"seed":1618818,"run_id":"20260624134028346645","trial_status":"memory_limit_exceeded","error_type":"failure","failure_stage":"B8","error_message":"Repair failed: ExecutionException: java.lang.IllegalStateException: Could not find a weakening for axiom: ⊤ ⊑ Processual_Entity","iic_values":{},"repair_runtimes_ms":{"A1":33,"A2":128,"A3":271,"B1":90,"B2":576,"B3":270,"B4":23,"B5":432,"B6":317,"B7":23,"B8":126}}

--- stderr ---
SingleTrialExperiment starting: ontology=/workspaces/ontologyutils-ekaw26/repair-power-index-replication-ekaw26/ontologies/inconsistent/PLIO.owl, seed=1618818, run_id=20260624134028346645
Loaded ontology.
Normalizing ontology with SROIQ normalization...
Normalized ontology with SROIQ normalization.
Ontology is already inconsistent, skipping make-inconsistent step.
Repairing with A1 (random-removal)...
[2026-06-24 16:35:02.214] Checking precondition...
[2026-06-24 16:35:02.223] Starting the repair...
[2026-06-24 16:35:02.230] Found 19 possible bad axioms.
[2026-06-24 16:35:02.231] Selected the bad axiom SubClassOf(Entity Independent_Continuant_Entity).
[2026-06-24 16:35:02.236] Found 18 possible bad axioms.
[2026-06-24 16:35:02.236] Selected the bad axiom SubClassOf(Entity owl:Thing).
[2026-06-24 16:35:02.239] Found 17 possible bad axioms.
[2026-06-24 16:35:02.240] Selected the bad axiom SubClassOf(Entity owl:Nothing).
[2026-06-24 16:35:02.243] Finished repairing the ontology.
Repairing with A2 (not-in-largest-mcs-removal)...
[2026-06-24 16:35:02.244] Checking precondition...
[2026-06-24 16:35:02.250] Starting the repair...
[2026-06-24 16:35:02.370] Found 1 possible bad axioms.
[2026-06-24 16:35:02.371] Selected the bad axiom SubClassOf(Entity owl:Nothing).
[2026-06-24 16:35:02.372] Finished repairing the ontology.
Repairing with A3 (default-weakening)...
[2026-06-24 16:35:02.373] Checking precondition...
[2026-06-24 16:35:02.376] Starting the repair...
[2026-06-24 16:35:02.394] Selected a reference ontology with 24 axioms.
[2026-06-24 16:35:02.542] Selected the bad axiom SubClassOf(Entity owl:Nothing).
[2026-06-24 16:35:02.550] Selected the weaker axiom SubClassOf(Continuant_Entity owl:Nothing).
[2026-06-24 16:35:02.643] Selected the bad axiom SubClassOf(Continuant_Entity owl:Nothing).
[2026-06-24 16:35:02.643] Selected the weaker axiom SubClassOf(Continuant_Entity owl:Thing).
[2026-06-24 16:35:02.644] Finished repairing the ontology.
Repairing with B1 (bad-in_some_mus-weaker-random)...
[2026-06-24 16:35:02.645] Checking precondition...
[2026-06-24 16:35:02.648] Starting the repair...
[2026-06-24 16:35:02.652] Selected a reference ontology with 24 axioms.
[2026-06-24 16:35:02.731] Selected the bad axiom SubClassOf(Entity owl:Nothing).
[2026-06-24 16:35:02.734] Selected the weaker axiom SubClassOf(Entity Continuant_Entity).
[2026-06-24 16:35:02.734] Finished repairing the ontology.
Repairing with B2 (bad-in_some_mus-weaker-shapley)...
[2026-06-24 16:35:02.736] Checking precondition...
[2026-06-24 16:35:02.737] Starting the repair...
[2026-06-24 16:35:02.740] Selected a reference ontology with 25 axioms.
[2026-06-24 16:35:02.804] Selected the bad axiom SubClassOf(Entity owl:Nothing).
[PowerIndexWeakerAxiomSelector] Scoring 14 candidate weakenings for Entity ⊑ ⊥
[PowerIndexWeakerAxiomSelector] Selected weaker axiom: Entity ⊑ Continuant_Entity
[2026-06-24 16:35:03.309] Selected the weaker axiom SubClassOf(Entity Continuant_Entity).
[2026-06-24 16:35:
...[truncated]
FAIL: attempt=115 seed=1618818 status=memory_limit_exceeded stage=B8 message=Repair failed: ExecutionException: java.lang.IllegalStateException: Could not find a weakening for axiom: ⊤ ⊑ Processual_Entity
progress: ontology=PLIO attempt=115 success=62/100
----- PLIO attempt=116 seed=1633018 at 2026-06-24 16:35:04 -----
--- stdout ---
{"seed":1633018,"run_id":"20260624134028346645","trial_status":"memory_limit_exceeded","error_type":"failure","failure_stage":"B8","error_message":"Repair failed: ExecutionException: java.lang.IllegalStateException: Could not find a weakening for axiom: ⊤ ⊑ Processual_Entity","iic_values":{},"repair_runtimes_ms":{"A1":36,"A2":131,"A3":268,"B1":147,"B2":442,"B3":419,"B4":33,"B5":413,"B6":299,"B7":19,"B8":120}}

--- stderr ---
SingleTrialExperiment starting: ontology=/workspaces/ontologyutils-ekaw26/repair-power-index-replication-ekaw26/ontologies/inconsistent/PLIO.owl, seed=1633018, run_id=20260624134028346645
Loaded ontology.
Normalizing ontology with SROIQ normalization...
Normalized ontology with SROIQ normalization.
Ontology is already inconsistent, skipping make-inconsistent step.
Repairing with A1 (random-removal)...
[2026-06-24 16:35:04.882] Checking precondition...
[2026-06-24 16:35:04.891] Starting the repair...
[2026-06-24 16:35:04.897] Found 19 possible bad axioms.
[2026-06-24 16:35:04.898] Selected the bad axiom SubClassOf(Functional_Entity Independent_Continuant_Entity).
[2026-06-24 16:35:04.903] Found 18 possible bad axioms.
[2026-06-24 16:35:04.904] Selected the bad axiom SubClassOf(Occurrent_Entity Entity).
[2026-06-24 16:35:04.907] Found 17 possible bad axioms.
[2026-06-24 16:35:04.907] Selected the bad axiom SubClassOf(Occurrent_Entity Independent_Continuant_Entity).
[2026-06-24 16:35:04.910] Found 16 possible bad axioms.
[2026-06-24 16:35:04.911] Selected the bad axiom SubClassOf(Occurrent_Entity Continuant_Entity).
[2026-06-24 16:35:04.914] Finished repairing the ontology.
Repairing with A2 (not-in-largest-mcs-removal)...
[2026-06-24 16:35:04.915] Checking precondition...
[2026-06-24 16:35:04.920] Starting the repair...
[2026-06-24 16:35:05.043] Found 1 possible bad axioms.
[2026-06-24 16:35:05.043] Selected the bad axiom SubClassOf(Entity owl:Nothing).
[2026-06-24 16:35:05.045] Finished repairing the ontology.
Repairing with A3 (default-weakening)...
[2026-06-24 16:35:05.047] Checking precondition...
[2026-06-24 16:35:05.049] Starting the repair...
[2026-06-24 16:35:05.063] Selected a reference ontology with 24 axioms.
[2026-06-24 16:35:05.200] Selected the bad axiom SubClassOf(Entity owl:Nothing).
[2026-06-24 16:35:05.208] Selected the weaker axiom SubClassOf(Functional_Entity owl:Nothing).
[2026-06-24 16:35:05.313] Selected the bad axiom SubClassOf(Functional_Entity owl:Nothing).
[2026-06-24 16:35:05.313] Selected the weaker axiom SubClassOf(Functional_Entity Continuant_Entity).
[2026-06-24 16:35:05.314] Finished repairing the ontology.
Repairing with B1 (bad-in_some_mus-weaker-random)...
[2026-06-24 16:35:05.315] Checking precondition...
[2026-06-24 16:35:05.316] Starting the repair...
[2026-06-24 16:35:05.319] Selected a reference ontology with 25 axioms.
[2026-06-24 16:35:05.396] Selected the bad axiom SubClassOf(Entity owl:Nothing).
[2026-06-24 16:35:05.397] Selected the weaker axiom SubClassOf(Functional_Entity owl:Nothing).
[2026-06-24 16:35:05.461] Selected the bad axiom SubClassOf(Functional_Entity owl:Nothing).
[2026-06-24 16:35:05.461] Selected the weaker axiom SubClassOf(Functional_Entity Functional_Entity).
[2026-06-24 16:35:05.462] Finished repairing the ontology.
Repairing with B2 (bad-in_some_mus-weaker-shapley)...
[2026-06-24 16:35:05.464] Checking precondition...
[2026-06-24 16:35:05.465] Starting the repair...
[2026-06-24 16:35
...[truncated]
FAIL: attempt=116 seed=1633018 status=memory_limit_exceeded stage=B8 message=Repair failed: ExecutionException: java.lang.IllegalStateException: Could not find a weakening for axiom: ⊤ ⊑ Processual_Entity
progress: ontology=PLIO attempt=116 success=62/100
----- PLIO attempt=117 seed=1647218 at 2026-06-24 16:35:07 -----
--- stdout ---
{"seed":1647218,"run_id":"20260624134028346645","trial_status":"memory_limit_exceeded","error_type":"failure","failure_stage":"B8","error_message":"Repair failed: ExecutionException: java.lang.IllegalStateException: Could not find a weakening for axiom: ⊤ ⊑ Processual_Entity","iic_values":{},"repair_runtimes_ms":{"A1":30,"A2":130,"A3":266,"B1":86,"B2":884,"B3":233,"B4":40,"B5":408,"B6":311,"B7":18,"B8":186}}

--- stderr ---
SingleTrialExperiment starting: ontology=/workspaces/ontologyutils-ekaw26/repair-power-index-replication-ekaw26/ontologies/inconsistent/PLIO.owl, seed=1647218, run_id=20260624134028346645
Loaded ontology.
Normalizing ontology with SROIQ normalization...
Normalized ontology with SROIQ normalization.
Ontology is already inconsistent, skipping make-inconsistent step.
Repairing with A1 (random-removal)...
[2026-06-24 16:35:07.580] Checking precondition...
[2026-06-24 16:35:07.588] Starting the repair...
[2026-06-24 16:35:07.594] Found 19 possible bad axioms.
[2026-06-24 16:35:07.596] Selected the bad axiom SubClassOf(Entity owl:Thing).
[2026-06-24 16:35:07.602] Found 18 possible bad axioms.
[2026-06-24 16:35:07.602] Selected the bad axiom SubClassOf(Entity owl:Nothing).
[2026-06-24 16:35:07.606] Finished repairing the ontology.
Repairing with A2 (not-in-largest-mcs-removal)...
[2026-06-24 16:35:07.606] Checking precondition...
[2026-06-24 16:35:07.614] Starting the repair...
[2026-06-24 16:35:07.735] Found 1 possible bad axioms.
[2026-06-24 16:35:07.736] Selected the bad axiom SubClassOf(Entity owl:Nothing).
[2026-06-24 16:35:07.737] Finished repairing the ontology.
Repairing with A3 (default-weakening)...
[2026-06-24 16:35:07.738] Checking precondition...
[2026-06-24 16:35:07.741] Starting the repair...
[2026-06-24 16:35:07.752] Selected a reference ontology with 24 axioms.
[2026-06-24 16:35:07.911] Selected the bad axiom SubClassOf(Entity owl:Nothing).
[2026-06-24 16:35:07.921] Selected the weaker axiom SubClassOf(Occurrent_Entity owl:Nothing).
[2026-06-24 16:35:08.002] Selected the bad axiom SubClassOf(Occurrent_Entity owl:Nothing).
[2026-06-24 16:35:08.002] Selected the weaker axiom SubClassOf(Occurrent_Entity owl:Thing).
[2026-06-24 16:35:08.003] Finished repairing the ontology.
Repairing with B1 (bad-in_some_mus-weaker-random)...
[2026-06-24 16:35:08.004] Checking precondition...
[2026-06-24 16:35:08.006] Starting the repair...
[2026-06-24 16:35:08.010] Selected a reference ontology with 25 axioms.
[2026-06-24 16:35:08.088] Selected the bad axiom SubClassOf(Entity owl:Nothing).
[2026-06-24 16:35:08.089] Selected the weaker axiom SubClassOf(Entity Processual_Entity).
[2026-06-24 16:35:08.090] Finished repairing the ontology.
Repairing with B2 (bad-in_some_mus-weaker-shapley)...
[2026-06-24 16:35:08.092] Checking precondition...
[2026-06-24 16:35:08.093] Starting the repair...
[2026-06-24 16:35:08.096] Selected a reference ontology with 25 axioms.
[2026-06-24 16:35:08.152] Selected the bad axiom SubClassOf(owl:Thing Occurrent_Entity).
[PowerIndexWeakerAxiomSelector] Scoring 13 candidate weakenings for ⊤ ⊑ Occurrent_Entity
[PowerIndexWeakerAxiomSelector] Selected weaker axiom: Continuant_Entity ⊑ Occurrent_Entity
[2026-06-24 16:35:08.654] Selected the weaker axiom SubClassOf(Continuant_Entity Occurrent_Entity).
[2026-06-24 16:35:08.727] Selected the bad axiom SubClassOf(owl:Thing Processual_Entity).
[PowerIndexWeakerAxiomSelector] Scoring 13 candi
...[truncated]
FAIL: attempt=117 seed=1647218 status=memory_limit_exceeded stage=B8 message=Repair failed: ExecutionException: java.lang.IllegalStateException: Could not find a weakening for axiom: ⊤ ⊑ Processual_Entity
progress: ontology=PLIO attempt=117 success=62/100
----- PLIO attempt=118 seed=1661418 at 2026-06-24 16:35:10 -----
--- stdout ---
{"seed":1661418,"run_id":"20260624134028346645","trial_status":"memory_limit_exceeded","error_type":"failure","failure_stage":"B6","error_message":"Repair failed: ExecutionException: java.lang.IllegalStateException: Could not find a weakening for axiom: ⊤ ⊑ Processual_Entity","iic_values":{},"repair_runtimes_ms":{"A1":46,"A2":133,"A3":167,"B1":93,"B2":447,"B3":356,"B4":37,"B5":433,"B6":108}}

--- stderr ---
SingleTrialExperiment starting: ontology=/workspaces/ontologyutils-ekaw26/repair-power-index-replication-ekaw26/ontologies/inconsistent/PLIO.owl, seed=1661418, run_id=20260624134028346645
Loaded ontology.
Normalizing ontology with SROIQ normalization...
Normalized ontology with SROIQ normalization.
Ontology is already inconsistent, skipping make-inconsistent step.
Repairing with A1 (random-removal)...
[2026-06-24 16:35:10.576] Checking precondition...
[2026-06-24 16:35:10.585] Starting the repair...
[2026-06-24 16:35:10.591] Found 19 possible bad axioms.
[2026-06-24 16:35:10.593] Selected the bad axiom SubClassOf(Independent_Continuant_Entity Continuant_Entity).
[2026-06-24 16:35:10.598] Found 18 possible bad axioms.
[2026-06-24 16:35:10.598] Selected the bad axiom SubClassOf(Entity Functional_Entity).
[2026-06-24 16:35:10.601] Found 17 possible bad axioms.
[2026-06-24 16:35:10.602] Selected the bad axiom SubClassOf(Continuant_Entity Entity).
[2026-06-24 16:35:10.605] Found 16 possible bad axioms.
[2026-06-24 16:35:10.605] Selected the bad axiom SubClassOf(Occurrent_Entity Independent_Continuant_Entity).
[2026-06-24 16:35:10.608] Found 15 possible bad axioms.
[2026-06-24 16:35:10.608] Selected the bad axiom SubClassOf(Entity Processual_Entity).
[2026-06-24 16:35:10.611] Found 14 possible bad axioms.
[2026-06-24 16:35:10.611] Selected the bad axiom SubClassOf(Continuant_Entity Processual_Entity).
[2026-06-24 16:35:10.615] Found 13 possible bad axioms.
[2026-06-24 16:35:10.615] Selected the bad axiom SubClassOf(Occurrent_Entity Entity).
[2026-06-24 16:35:10.618] Finished repairing the ontology.
Repairing with A2 (not-in-largest-mcs-removal)...
[2026-06-24 16:35:10.618] Checking precondition...
[2026-06-24 16:35:10.623] Starting the repair...
[2026-06-24 16:35:10.750] Found 1 possible bad axioms.
[2026-06-24 16:35:10.750] Selected the bad axiom SubClassOf(Entity owl:Nothing).
[2026-06-24 16:35:10.752] Finished repairing the ontology.
Repairing with A3 (default-weakening)...
[2026-06-24 16:35:10.753] Checking precondition...
[2026-06-24 16:35:10.755] Starting the repair...
[2026-06-24 16:35:10.760] Selected a reference ontology with 25 axioms.
[2026-06-24 16:35:10.908] Selected the bad axiom SubClassOf(Entity owl:Nothing).
[2026-06-24 16:35:10.917] Selected the weaker axiom SubClassOf(owl:Nothing owl:Nothing).
[2026-06-24 16:35:10.919] Finished repairing the ontology.
Repairing with B1 (bad-in_some_mus-weaker-random)...
[2026-06-24 16:35:10.920] Checking precondition...
[2026-06-24 16:35:10.921] Starting the repair...
[2026-06-24 16:35:10.924] Selected a reference ontology with 25 axioms.
[2026-06-24 16:35:11.010] Selected the bad axiom SubClassOf(Entity owl:Nothing).
[2026-06-24 16:35:11.012] Selected the weaker axiom SubClassOf(Entity Occurrent_Entity).
[2026-06-24 16:35:11.013] Finished repairing the ontology.
Repairing with B2 (bad-in_some_mus-weaker-shapley)...
[2026-06-24 16:35:11.015] Checking precondition...
[2026-06-24 16:35:11.016] Starting
...[truncated]
FAIL: attempt=118 seed=1661418 status=memory_limit_exceeded stage=B6 message=Repair failed: ExecutionException: java.lang.IllegalStateException: Could not find a weakening for axiom: ⊤ ⊑ Processual_Entity
progress: ontology=PLIO attempt=118 success=62/100
----- PLIO attempt=119 seed=1675618 at 2026-06-24 16:35:12 -----
--- stdout ---
{"seed":1675618,"run_id":"20260624134028346645","trial_status":"memory_limit_exceeded","error_type":"failure","failure_stage":"B9","error_message":"Repair failed: ExecutionException: java.lang.IllegalStateException: Could not find a weakening for axiom: ⊤ ⊑ Processual_Entity","iic_values":{},"repair_runtimes_ms":{"A1":29,"A2":132,"A3":348,"B1":120,"B2":428,"B3":335,"B4":25,"B5":451,"B6":341,"B7":19,"B8":342,"B9":150}}

--- stderr ---
SingleTrialExperiment starting: ontology=/workspaces/ontologyutils-ekaw26/repair-power-index-replication-ekaw26/ontologies/inconsistent/PLIO.owl, seed=1675618, run_id=20260624134028346645
Loaded ontology.
Normalizing ontology with SROIQ normalization...
Normalized ontology with SROIQ normalization.
Ontology is already inconsistent, skipping make-inconsistent step.
Repairing with A1 (random-removal)...
[2026-06-24 16:35:12.781] Checking precondition...
[2026-06-24 16:35:12.791] Starting the repair...
[2026-06-24 16:35:12.797] Found 19 possible bad axioms.
[2026-06-24 16:35:12.799] Selected the bad axiom SubClassOf(Processual_Entity Occurrent_Entity).
[2026-06-24 16:35:12.803] Found 18 possible bad axioms.
[2026-06-24 16:35:12.804] Selected the bad axiom SubClassOf(Entity owl:Nothing).
[2026-06-24 16:35:12.806] Finished repairing the ontology.
Repairing with A2 (not-in-largest-mcs-removal)...
[2026-06-24 16:35:12.807] Checking precondition...
[2026-06-24 16:35:12.815] Starting the repair...
[2026-06-24 16:35:12.937] Found 1 possible bad axioms.
[2026-06-24 16:35:12.938] Selected the bad axiom SubClassOf(Entity owl:Nothing).
[2026-06-24 16:35:12.939] Finished repairing the ontology.
Repairing with A3 (default-weakening)...
[2026-06-24 16:35:12.940] Checking precondition...
[2026-06-24 16:35:12.943] Starting the repair...
[2026-06-24 16:35:12.954] Selected a reference ontology with 24 axioms.
[2026-06-24 16:35:13.104] Selected the bad axiom SubClassOf(Entity owl:Nothing).
[2026-06-24 16:35:13.112] Selected the weaker axiom SubClassOf(Functional_Entity owl:Nothing).
[2026-06-24 16:35:13.214] Selected the bad axiom SubClassOf(Functional_Entity owl:Nothing).
[2026-06-24 16:35:13.214] Selected the weaker axiom SubClassOf(Entity owl:Nothing).
[2026-06-24 16:35:13.287] Selected the bad axiom SubClassOf(Entity owl:Nothing).
[2026-06-24 16:35:13.287] Selected the weaker axiom SubClassOf(Entity Processual_Entity).
[2026-06-24 16:35:13.287] Finished repairing the ontology.
Repairing with B1 (bad-in_some_mus-weaker-random)...
[2026-06-24 16:35:13.288] Checking precondition...
[2026-06-24 16:35:13.290] Starting the repair...
[2026-06-24 16:35:13.292] Selected a reference ontology with 25 axioms.
[2026-06-24 16:35:13.350] Selected the bad axiom SubClassOf(Entity owl:Nothing).
[2026-06-24 16:35:13.351] Selected the weaker axiom SubClassOf(Occurrent_Entity owl:Nothing).
[2026-06-24 16:35:13.407] Selected the bad axiom SubClassOf(Occurrent_Entity owl:Nothing).
[2026-06-24 16:35:13.408] Selected the weaker axiom SubClassOf(Occurrent_Entity Entity).
[2026-06-24 16:35:13.408] Finished repairing the ontology.
Repairing with B2 (bad-in_some_mus-weaker-shapley)...
[2026-06-24 16:35:13.410] Checking precondition...
[2026-06-24 16:35:13.411] Starting the repair...
[2026-06-24 16:35:13.415] Selected a reference ontology with 23 axioms.
[2026-06-24 16:35:13.476] Selected the bad axiom SubClassOf(Entity owl:Nothing).
[PowerIndexWeakerAxiomSelector] Scoring 9 candidate weakenin
...[truncated]
FAIL: attempt=119 seed=1675618 status=memory_limit_exceeded stage=B9 message=Repair failed: ExecutionException: java.lang.IllegalStateException: Could not find a weakening for axiom: ⊤ ⊑ Processual_Entity
progress: ontology=PLIO attempt=119 success=62/100
----- PLIO attempt=120 seed=1689818 at 2026-06-24 16:35:15 -----
--- stdout ---
{"seed":1689818,"run_id":"20260624134028346645","trial_status":"success","error_type":null,"failure_stage":null,"error_message":null,"iic_values":{"B1_vs_A1":0.9166666666666666,"B1_vs_A2":0.5,"B1_vs_A3":0.5,"B2_vs_A1":0.9166666666666666,"B2_vs_A2":0.5,"B2_vs_A3":0.5,"B3_vs_A1":0.9166666666666666,"B3_vs_A2":0.5,"B3_vs_A3":0.5,"B4_vs_A1":0.7777777777777778,"B4_vs_A2":0.5,"B4_vs_A3":0.5,"B5_vs_A1":0.7777777777777778,"B5_vs_A2":0.5,"B5_vs_A3":0.5,"B6_vs_A1":0.7777777777777778,"B6_vs_A2":0.5,"B6_vs_A3":0.5,"B7_vs_A1":0.7777777777777778,"B7_vs_A2":0.5,"B7_vs_A3":0.5,"B8_vs_A1":0.7777777777777778,"B8_vs_A2":0.5,"B8_vs_A3":0.5,"B9_vs_A1":0.7777777777777778,"B9_vs_A2":0.5,"B9_vs_A3":0.5},"repair_runtimes_ms":{"A1":47,"A2":141,"A3":169,"B1":117,"B2":542,"B3":377,"B4":21,"B5":454,"B6":335,"B7":20,"B8":339,"B9":287}}

--- stderr ---
SingleTrialExperiment starting: ontology=/workspaces/ontologyutils-ekaw26/repair-power-index-replication-ekaw26/ontologies/inconsistent/PLIO.owl, seed=1689818, run_id=20260624134028346645
Loaded ontology.
Normalizing ontology with SROIQ normalization...
Normalized ontology with SROIQ normalization.
Ontology is already inconsistent, skipping make-inconsistent step.
Repairing with A1 (random-removal)...
[2026-06-24 16:35:15.886] Checking precondition...
[2026-06-24 16:35:15.895] Starting the repair...
[2026-06-24 16:35:15.901] Found 19 possible bad axioms.
[2026-06-24 16:35:15.902] Selected the bad axiom SubClassOf(Occurrent_Entity Functional_Entity).
[2026-06-24 16:35:15.908] Found 18 possible bad axioms.
[2026-06-24 16:35:15.908] Selected the bad axiom SubClassOf(Entity owl:Thing).
[2026-06-24 16:35:15.912] Found 17 possible bad axioms.
[2026-06-24 16:35:15.912] Selected the bad axiom SubClassOf(Continuant_Entity Processual_Entity).
[2026-06-24 16:35:15.916] Found 16 possible bad axioms.
[2026-06-24 16:35:15.916] Selected the bad axiom SubClassOf(Occurrent_Entity Entity).
[2026-06-24 16:35:15.919] Found 15 possible bad axioms.
[2026-06-24 16:35:15.919] Selected the bad axiom SubClassOf(Entity Occurrent_Entity).
[2026-06-24 16:35:15.921] Found 14 possible bad axioms.
[2026-06-24 16:35:15.921] Selected the bad axiom SubClassOf(Independent_Continuant_Entity Continuant_Entity).
[2026-06-24 16:35:15.924] Found 13 possible bad axioms.
[2026-06-24 16:35:15.924] Selected the bad axiom SubClassOf(Continuant_Entity Occurrent_Entity).
[2026-06-24 16:35:15.927] Found 12 possible bad axioms.
[2026-06-24 16:35:15.927] Selected the bad axiom SubClassOf(Continuant_Entity Entity).
[2026-06-24 16:35:15.929] Finished repairing the ontology.
Repairing with A2 (not-in-largest-mcs-removal)...
[2026-06-24 16:35:15.929] Checking precondition...
[2026-06-24 16:35:15.934] Starting the repair...
[2026-06-24 16:35:16.069] Found 1 possible bad axioms.
[2026-06-24 16:35:16.069] Selected the bad axiom SubClassOf(Entity owl:Nothing).
[2026-06-24 16:35:16.070] Finished repairing the ontology.
Repairing with A3 (default-weakening)...
[2026-06-24 16:35:16.071] Checking precondition...
[2026-06-24 16:35:16.073] Starting the repair...
[2026-06-24 16:35:16.080] Selected a reference ontology with 24 axioms.
[2026-06-24 16:35:16.229] Selected the bad axiom SubClassOf(Entity owl:Nothing).
[2026-06-24 16:35:16.238] Selected the weaker axiom SubClassOf(Entity Entity).
[2026-06-24 16:35:16.240] Finished repairing the ontology.
Repairing with B1 (bad-in_some_mus-weaker-random)...
[2026-06-24 16:35:16.240] Checking precondition...
[2026-06-24 16:35:16.242] Starting the repair...
[2026-06-24 16:35:16.247] Selected a reference ontology with 24 axioms.
[2026-06-24 16:35:16.346] Selected the bad axiom SubClassOf(Entity owl:Nothing).
[2026-06-24 16:35:16.356] Selected the weaker axiom SubClassOf(owl:Nothing owl:Nothing).
[2026-06-24 16:35:16.357] Finished repairing the ontology.
Repairing with B2
...[truncated]
SUCCESS: attempt=120 seed=1689818 success_count=63/100
progress: ontology=PLIO attempt=120 success=63/100
----- PLIO attempt=121 seed=1704018 at 2026-06-24 16:35:18 -----
--- stdout ---
{"seed":1704018,"run_id":"20260624134028346645","trial_status":"memory_limit_exceeded","error_type":"failure","failure_stage":"B6","error_message":"Repair failed: ExecutionException: java.lang.IllegalStateException: Could not find a weakening for axiom: ⊤ ⊑ Processual_Entity","iic_values":{},"repair_runtimes_ms":{"A1":43,"A2":117,"A3":400,"B1":127,"B2":514,"B3":301,"B4":32,"B5":434,"B6":206}}

--- stderr ---
SingleTrialExperiment starting: ontology=/workspaces/ontologyutils-ekaw26/repair-power-index-replication-ekaw26/ontologies/inconsistent/PLIO.owl, seed=1704018, run_id=20260624134028346645
Loaded ontology.
Normalizing ontology with SROIQ normalization...
Normalized ontology with SROIQ normalization.
Ontology is already inconsistent, skipping make-inconsistent step.
Repairing with A1 (random-removal)...
[2026-06-24 16:35:19.136] Checking precondition...
[2026-06-24 16:35:19.145] Starting the repair...
[2026-06-24 16:35:19.151] Found 19 possible bad axioms.
[2026-06-24 16:35:19.153] Selected the bad axiom SubClassOf(Occurrent_Entity Entity).
[2026-06-24 16:35:19.158] Found 18 possible bad axioms.
[2026-06-24 16:35:19.159] Selected the bad axiom SubClassOf(Processual_Entity Occurrent_Entity).
[2026-06-24 16:35:19.162] Found 17 possible bad axioms.
[2026-06-24 16:35:19.162] Selected the bad axiom SubClassOf(Continuant_Entity Occurrent_Entity).
[2026-06-24 16:35:19.165] Found 16 possible bad axioms.
[2026-06-24 16:35:19.166] Selected the bad axiom SubClassOf(Occurrent_Entity Continuant_Entity).
[2026-06-24 16:35:19.169] Found 15 possible bad axioms.
[2026-06-24 16:35:19.169] Selected the bad axiom SubClassOf(owl:Thing Processual_Entity).
[2026-06-24 16:35:19.172] Found 14 possible bad axioms.
[2026-06-24 16:35:19.172] Selected the bad axiom SubClassOf(Independent_Continuant_Entity Continuant_Entity).
[2026-06-24 16:35:19.175] Finished repairing the ontology.
Repairing with A2 (not-in-largest-mcs-removal)...
[2026-06-24 16:35:19.175] Checking precondition...
[2026-06-24 16:35:19.181] Starting the repair...
[2026-06-24 16:35:19.291] Found 1 possible bad axioms.
[2026-06-24 16:35:19.291] Selected the bad axiom SubClassOf(Entity owl:Nothing).
[2026-06-24 16:35:19.293] Finished repairing the ontology.
Repairing with A3 (default-weakening)...
[2026-06-24 16:35:19.294] Checking precondition...
[2026-06-24 16:35:19.296] Starting the repair...
[2026-06-24 16:35:19.313] Selected a reference ontology with 24 axioms.
[2026-06-24 16:35:19.452] Selected the bad axiom SubClassOf(Entity owl:Nothing).
[2026-06-24 16:35:19.460] Selected the weaker axiom SubClassOf(Functional_Entity owl:Nothing).
[2026-06-24 16:35:19.558] Selected the bad axiom SubClassOf(Functional_Entity owl:Nothing).
[2026-06-24 16:35:19.558] Selected the weaker axiom SubClassOf(Continuant_Entity owl:Nothing).
[2026-06-24 16:35:19.640] Selected the bad axiom SubClassOf(Continuant_Entity owl:Nothing).
[2026-06-24 16:35:19.640] Selected the weaker axiom SubClassOf(Occurrent_Entity owl:Nothing).
[2026-06-24 16:35:19.692] Selected the bad axiom SubClassOf(Occurrent_Entity owl:Nothing).
[2026-06-24 16:35:19.692] Selected the weaker axiom SubClassOf(Occurrent_Entity owl:Thing).
[2026-06-24 16:35:19.693] Finished repairing the ontology.
Repairing with B1 (bad-in_some_mus-weaker-random)...
[2026-06-24 16:35:19.694] Checking precondition...
[2026-06-24 16:35:19.695] Starting the repair...
[2026-06-24 16:35:19.
...[truncated]
FAIL: attempt=121 seed=1704018 status=memory_limit_exceeded stage=B6 message=Repair failed: ExecutionException: java.lang.IllegalStateException: Could not find a weakening for axiom: ⊤ ⊑ Processual_Entity
progress: ontology=PLIO attempt=121 success=63/100
----- PLIO attempt=122 seed=1718218 at 2026-06-24 16:35:21 -----
--- stdout ---
{"seed":1718218,"run_id":"20260624134028346645","trial_status":"time_limit_exceeded","error_type":"timeout","failure_stage":"B7","error_message":"Repair timeout: B7 exceeded 300 seconds","iic_values":{},"repair_runtimes_ms":{"A1":39,"A2":126,"A3":167,"B1":183,"B2":540,"B3":230,"B4":31,"B5":466,"B6":303,"B7":300001}}

--- stderr ---
SingleTrialExperiment starting: ontology=/workspaces/ontologyutils-ekaw26/repair-power-index-replication-ekaw26/ontologies/inconsistent/PLIO.owl, seed=1718218, run_id=20260624134028346645
Loaded ontology.
Normalizing ontology with SROIQ normalization...
Normalized ontology with SROIQ normalization.
Ontology is already inconsistent, skipping make-inconsistent step.
Repairing with A1 (random-removal)...
[2026-06-24 16:35:21.701] Checking precondition...
[2026-06-24 16:35:21.710] Starting the repair...
[2026-06-24 16:35:21.716] Found 19 possible bad axioms.
[2026-06-24 16:35:21.717] Selected the bad axiom SubClassOf(Occurrent_Entity Continuant_Entity).
[2026-06-24 16:35:21.722] Found 18 possible bad axioms.
[2026-06-24 16:35:21.723] Selected the bad axiom SubClassOf(Independent_Continuant_Entity Continuant_Entity).
[2026-06-24 16:35:21.726] Found 17 possible bad axioms.
[2026-06-24 16:35:21.727] Selected the bad axiom SubClassOf(Processual_Entity Occurrent_Entity).
[2026-06-24 16:35:21.730] Found 16 possible bad axioms.
[2026-06-24 16:35:21.730] Selected the bad axiom SubClassOf(Continuant_Entity Entity).
[2026-06-24 16:35:21.733] Found 15 possible bad axioms.
[2026-06-24 16:35:21.733] Selected the bad axiom SubClassOf(Occurrent_Entity Entity).
[2026-06-24 16:35:21.736] Finished repairing the ontology.
Repairing with A2 (not-in-largest-mcs-removal)...
[2026-06-24 16:35:21.736] Checking precondition...
[2026-06-24 16:35:21.742] Starting the repair...
[2026-06-24 16:35:21.860] Found 1 possible bad axioms.
[2026-06-24 16:35:21.861] Selected the bad axiom SubClassOf(Entity owl:Nothing).
[2026-06-24 16:35:21.862] Finished repairing the ontology.
Repairing with A3 (default-weakening)...
[2026-06-24 16:35:21.863] Checking precondition...
[2026-06-24 16:35:21.866] Starting the repair...
[2026-06-24 16:35:21.879] Selected a reference ontology with 24 axioms.
[2026-06-24 16:35:22.020] Selected the bad axiom SubClassOf(Entity owl:Nothing).
[2026-06-24 16:35:22.028] Selected the weaker axiom SubClassOf(Entity Independent_Continuant_Entity).
[2026-06-24 16:35:22.029] Finished repairing the ontology.
Repairing with B1 (bad-in_some_mus-weaker-random)...
[2026-06-24 16:35:22.030] Checking precondition...
[2026-06-24 16:35:22.032] Starting the repair...
[2026-06-24 16:35:22.037] Selected a reference ontology with 24 axioms.
[2026-06-24 16:35:22.138] Selected the bad axiom SubClassOf(Entity owl:Nothing).
[2026-06-24 16:35:22.139] Selected the weaker axiom SubClassOf(Processual_Entity owl:Nothing).
[2026-06-24 16:35:22.212] Selected the bad axiom SubClassOf(Processual_Entity owl:Nothing).
[2026-06-24 16:35:22.212] Selected the weaker axiom SubClassOf(Processual_Entity Occurrent_Entity).
[2026-06-24 16:35:22.213] Finished repairing the ontology.
Repairing with B2 (bad-in_some_mus-weaker-shapley)...
[2026-06-24 16:35:22.215] Checking precondition...
[2026-06-24 16:35:22.216] Starting the repair...
[2026-06-24 16:35:22.220] Selected a reference ontology with 24 axioms.
[
...[truncated]
FAIL: attempt=122 seed=1718218 status=time_limit_exceeded stage=B7 message=Repair timeout: B7 exceeded 300 seconds
progress: ontology=PLIO attempt=122 success=63/100
----- PLIO attempt=123 seed=1732418 at 2026-06-24 16:40:23 -----
--- stdout ---
{"seed":1732418,"run_id":"20260624134028346645","trial_status":"memory_limit_exceeded","error_type":"failure","failure_stage":"B8","error_message":"Repair failed: ExecutionException: java.lang.IllegalStateException: Could not find a weakening for axiom: ⊤ ⊑ Processual_Entity","iic_values":{},"repair_runtimes_ms":{"A1":42,"A2":115,"A3":172,"B1":104,"B2":546,"B3":341,"B4":42,"B5":468,"B6":269,"B7":48,"B8":185}}

--- stderr ---
SingleTrialExperiment starting: ontology=/workspaces/ontologyutils-ekaw26/repair-power-index-replication-ekaw26/ontologies/inconsistent/PLIO.owl, seed=1732418, run_id=20260624134028346645
Loaded ontology.
Normalizing ontology with SROIQ normalization...
Normalized ontology with SROIQ normalization.
Ontology is already inconsistent, skipping make-inconsistent step.
Repairing with A1 (random-removal)...
[2026-06-24 16:40:24.270] Checking precondition...
[2026-06-24 16:40:24.279] Starting the repair...
[2026-06-24 16:40:24.284] Found 19 possible bad axioms.
[2026-06-24 16:40:24.286] Selected the bad axiom SubClassOf(Entity owl:Thing).
[2026-06-24 16:40:24.290] Found 18 possible bad axioms.
[2026-06-24 16:40:24.290] Selected the bad axiom SubClassOf(Continuant_Entity Processual_Entity).
[2026-06-24 16:40:24.294] Found 17 possible bad axioms.
[2026-06-24 16:40:24.294] Selected the bad axiom SubClassOf(Continuant_Entity Entity).
[2026-06-24 16:40:24.297] Found 16 possible bad axioms.
[2026-06-24 16:40:24.297] Selected the bad axiom SubClassOf(Processual_Entity Occurrent_Entity).
[2026-06-24 16:40:24.300] Found 15 possible bad axioms.
[2026-06-24 16:40:24.300] Selected the bad axiom SubClassOf(owl:Thing Processual_Entity).
[2026-06-24 16:40:24.303] Found 14 possible bad axioms.
[2026-06-24 16:40:24.303] Selected the bad axiom SubClassOf(Entity Occurrent_Entity).
[2026-06-24 16:40:24.306] Found 13 possible bad axioms.
[2026-06-24 16:40:24.306] Selected the bad axiom SubClassOf(Occurrent_Entity Entity).
[2026-06-24 16:40:24.308] Finished repairing the ontology.
Repairing with A2 (not-in-largest-mcs-removal)...
[2026-06-24 16:40:24.309] Checking precondition...
[2026-06-24 16:40:24.313] Starting the repair...
[2026-06-24 16:40:24.422] Found 1 possible bad axioms.
[2026-06-24 16:40:24.423] Selected the bad axiom SubClassOf(Entity owl:Nothing).
[2026-06-24 16:40:24.424] Finished repairing the ontology.
Repairing with A3 (default-weakening)...
[2026-06-24 16:40:24.426] Checking precondition...
[2026-06-24 16:40:24.428] Starting the repair...
[2026-06-24 16:40:24.437] Selected a reference ontology with 24 axioms.
[2026-06-24 16:40:24.586] Selected the bad axiom SubClassOf(Entity owl:Nothing).
[2026-06-24 16:40:24.594] Selected the weaker axiom SubClassOf(Entity Processual_Entity).
[2026-06-24 16:40:24.596] Finished repairing the ontology.
Repairing with B1 (bad-in_some_mus-weaker-random)...
[2026-06-24 16:40:24.597] Checking precondition...
[2026-06-24 16:40:24.599] Starting the repair...
[2026-06-24 16:40:24.603] Selected a reference ontology with 24 axioms.
[2026-06-24 16:40:24.697] Selected the bad axiom SubClassOf(Entity owl:Nothing).
[2026-06-24 16:40:24.699] Selected the weaker axiom SubClassOf(Entity Functional_Entity).
[2026-06-24 16:40:24.700] Finished repairing the ontology.
Repairing with B2 (bad-in_some_mus-weaker-shapley)...
[2026-06-24 16:40:24.703] Checking precondition...
[2026-06-24 16:40:24.706] Starting the repair...
[2026-06-24 16:40:24.712
...[truncated]
FAIL: attempt=123 seed=1732418 status=memory_limit_exceeded stage=B8 message=Repair failed: ExecutionException: java.lang.IllegalStateException: Could not find a weakening for axiom: ⊤ ⊑ Processual_Entity
progress: ontology=PLIO attempt=123 success=63/100
----- PLIO attempt=124 seed=1746618 at 2026-06-24 16:40:26 -----
--- stdout ---
{"seed":1746618,"run_id":"20260624134028346645","trial_status":"memory_limit_exceeded","error_type":"failure","failure_stage":"B6","error_message":"Repair failed: ExecutionException: java.lang.IllegalStateException: Could not find a weakening for axiom: ⊤ ⊑ Processual_Entity","iic_values":{},"repair_runtimes_ms":{"A1":57,"A2":114,"A3":158,"B1":116,"B2":465,"B3":346,"B4":43,"B5":454,"B6":116}}

--- stderr ---
SingleTrialExperiment starting: ontology=/workspaces/ontologyutils-ekaw26/repair-power-index-replication-ekaw26/ontologies/inconsistent/PLIO.owl, seed=1746618, run_id=20260624134028346645
Loaded ontology.
Normalizing ontology with SROIQ normalization...
Normalized ontology with SROIQ normalization.
Ontology is already inconsistent, skipping make-inconsistent step.
Repairing with A1 (random-removal)...
[2026-06-24 16:40:27.001] Checking precondition...
[2026-06-24 16:40:27.010] Starting the repair...
[2026-06-24 16:40:27.016] Found 19 possible bad axioms.
[2026-06-24 16:40:27.017] Selected the bad axiom SubClassOf(Entity Functional_Entity).
[2026-06-24 16:40:27.022] Found 18 possible bad axioms.
[2026-06-24 16:40:27.022] Selected the bad axiom SubClassOf(Continuant_Entity Occurrent_Entity).
[2026-06-24 16:40:27.026] Found 17 possible bad axioms.
[2026-06-24 16:40:27.026] Selected the bad axiom SubClassOf(Occurrent_Entity Functional_Entity).
[2026-06-24 16:40:27.029] Found 16 possible bad axioms.
[2026-06-24 16:40:27.029] Selected the bad axiom SubClassOf(Functional_Entity Independent_Continuant_Entity).
[2026-06-24 16:40:27.032] Found 15 possible bad axioms.
[2026-06-24 16:40:27.032] Selected the bad axiom SubClassOf(Independent_Continuant_Entity Continuant_Entity).
[2026-06-24 16:40:27.034] Found 14 possible bad axioms.
[2026-06-24 16:40:27.034] Selected the bad axiom SubClassOf(Continuant_Entity Processual_Entity).
[2026-06-24 16:40:27.036] Found 13 possible bad axioms.
[2026-06-24 16:40:27.037] Selected the bad axiom SubClassOf(Entity Processual_Entity).
[2026-06-24 16:40:27.039] Found 12 possible bad axioms.
[2026-06-24 16:40:27.039] Selected the bad axiom SubClassOf(Occurrent_Entity Independent_Continuant_Entity).
[2026-06-24 16:40:27.041] Found 11 possible bad axioms.
[2026-06-24 16:40:27.041] Selected the bad axiom SubClassOf(Entity Occurrent_Entity).
[2026-06-24 16:40:27.043] Found 10 possible bad axioms.
[2026-06-24 16:40:27.043] Selected the bad axiom SubClassOf(owl:Thing Processual_Entity).
[2026-06-24 16:40:27.044] Found 9 possible bad axioms.
[2026-06-24 16:40:27.044] Selected the bad axiom SubClassOf(Entity Independent_Continuant_Entity).
[2026-06-24 16:40:27.050] Found 8 possible bad axioms.
[2026-06-24 16:40:27.051] Selected the bad axiom SubClassOf(Continuant_Entity Entity).
[2026-06-24 16:40:27.052] Found 7 possible bad axioms.
[2026-06-24 16:40:27.053] Selected the bad axiom SubClassOf(Entity owl:Nothing).
[2026-06-24 16:40:27.054] Finished repairing the ontology.
Repairing with A2 (not-in-largest-mcs-removal)...
[2026-06-24 16:40:27.055] Checking precondition...
[2026-06-24 16:40:27.059] Starting the repair...
[2026-06-24 16:40:27.167] Found 1 possible bad axioms.
[2026-06-24 16:40:27.167] Selected the bad axiom SubClassOf(Entity owl:Nothing).
[2026-06-24 16:40:27.169] Finished repairing the ontology.
Repairing with A3 (default-weakening)...
[2026-06-24 16:40:27.175] Checking precondition...
[2026-06-24 16:40:27.179] Starting t
...[truncated]
FAIL: attempt=124 seed=1746618 status=memory_limit_exceeded stage=B6 message=Repair failed: ExecutionException: java.lang.IllegalStateException: Could not find a weakening for axiom: ⊤ ⊑ Processual_Entity
progress: ontology=PLIO attempt=124 success=63/100
----- PLIO attempt=125 seed=1760818 at 2026-06-24 16:40:28 -----
--- stdout ---
{"seed":1760818,"run_id":"20260624134028346645","trial_status":"memory_limit_exceeded","error_type":"failure","failure_stage":"B6","error_message":"Repair failed: ExecutionException: java.lang.IllegalStateException: Could not find a weakening for axiom: ⊤ ⊑ Processual_Entity","iic_values":{},"repair_runtimes_ms":{"A1":45,"A2":121,"A3":176,"B1":178,"B2":493,"B3":406,"B4":31,"B5":445,"B6":192}}

--- stderr ---
SingleTrialExperiment starting: ontology=/workspaces/ontologyutils-ekaw26/repair-power-index-replication-ekaw26/ontologies/inconsistent/PLIO.owl, seed=1760818, run_id=20260624134028346645
Loaded ontology.
Normalizing ontology with SROIQ normalization...
Normalized ontology with SROIQ normalization.
Ontology is already inconsistent, skipping make-inconsistent step.
Repairing with A1 (random-removal)...
[2026-06-24 16:40:29.269] Checking precondition...
[2026-06-24 16:40:29.279] Starting the repair...
[2026-06-24 16:40:29.284] Found 19 possible bad axioms.
[2026-06-24 16:40:29.286] Selected the bad axiom SubClassOf(Processual_Entity Occurrent_Entity).
[2026-06-24 16:40:29.291] Found 18 possible bad axioms.
[2026-06-24 16:40:29.291] Selected the bad axiom SubClassOf(Continuant_Entity Occurrent_Entity).
[2026-06-24 16:40:29.295] Found 17 possible bad axioms.
[2026-06-24 16:40:29.295] Selected the bad axiom SubClassOf(Occurrent_Entity Entity).
[2026-06-24 16:40:29.298] Found 16 possible bad axioms.
[2026-06-24 16:40:29.298] Selected the bad axiom SubClassOf(Entity Continuant_Entity).
[2026-06-24 16:40:29.302] Found 15 possible bad axioms.
[2026-06-24 16:40:29.302] Selected the bad axiom SubClassOf(Functional_Entity Independent_Continuant_Entity).
[2026-06-24 16:40:29.304] Found 14 possible bad axioms.
[2026-06-24 16:40:29.305] Selected the bad axiom SubClassOf(Entity owl:Thing).
[2026-06-24 16:40:29.307] Found 13 possible bad axioms.
[2026-06-24 16:40:29.307] Selected the bad axiom SubClassOf(owl:Thing Occurrent_Entity).
[2026-06-24 16:40:29.309] Finished repairing the ontology.
Repairing with A2 (not-in-largest-mcs-removal)...
[2026-06-24 16:40:29.310] Checking precondition...
[2026-06-24 16:40:29.315] Starting the repair...
[2026-06-24 16:40:29.429] Found 1 possible bad axioms.
[2026-06-24 16:40:29.430] Selected the bad axiom SubClassOf(Entity owl:Nothing).
[2026-06-24 16:40:29.431] Finished repairing the ontology.
Repairing with A3 (default-weakening)...
[2026-06-24 16:40:29.432] Checking precondition...
[2026-06-24 16:40:29.435] Starting the repair...
[2026-06-24 16:40:29.443] Selected a reference ontology with 25 axioms.
[2026-06-24 16:40:29.596] Selected the bad axiom SubClassOf(Entity owl:Nothing).
[2026-06-24 16:40:29.606] Selected the weaker axiom SubClassOf(owl:Nothing owl:Nothing).
[2026-06-24 16:40:29.608] Finished repairing the ontology.
Repairing with B1 (bad-in_some_mus-weaker-random)...
[2026-06-24 16:40:29.608] Checking precondition...
[2026-06-24 16:40:29.610] Starting the repair...
[2026-06-24 16:40:29.613] Selected a reference ontology with 25 axioms.
[2026-06-24 16:40:29.713] Selected the bad axiom SubClassOf(Entity owl:Nothing).
[2026-06-24 16:40:29.714] Selected the weaker axiom SubClassOf(Functional_Entity owl:Nothing).
[2026-06-24 16:40:29.785] Selected the bad axiom SubClassOf(Functional_Entity owl:Nothing).
[2026-06-24 16:40:29.785] Selected the weaker axiom SubClassOf(owl:Nothing owl:Nothing).
[2026-06-24 16:40:29.786] Fini
...[truncated]
FAIL: attempt=125 seed=1760818 status=memory_limit_exceeded stage=B6 message=Repair failed: ExecutionException: java.lang.IllegalStateException: Could not find a weakening for axiom: ⊤ ⊑ Processual_Entity
progress: ontology=PLIO attempt=125 success=63/100
----- PLIO attempt=126 seed=1775018 at 2026-06-24 16:40:31 -----
--- stdout ---
{"seed":1775018,"run_id":"20260624134028346645","trial_status":"memory_limit_exceeded","error_type":"failure","failure_stage":"B8","error_message":"Repair failed: ExecutionException: java.lang.IllegalStateException: Could not find a weakening for axiom: ⊤ ⊑ Processual_Entity","iic_values":{},"repair_runtimes_ms":{"A1":45,"A2":148,"A3":313,"B1":128,"B2":490,"B3":286,"B4":26,"B5":492,"B6":316,"B7":26,"B8":161}}

--- stderr ---
SingleTrialExperiment starting: ontology=/workspaces/ontologyutils-ekaw26/repair-power-index-replication-ekaw26/ontologies/inconsistent/PLIO.owl, seed=1775018, run_id=20260624134028346645
Loaded ontology.
Normalizing ontology with SROIQ normalization...
Normalized ontology with SROIQ normalization.
Ontology is already inconsistent, skipping make-inconsistent step.
Repairing with A1 (random-removal)...
[2026-06-24 16:40:31.733] Checking precondition...
[2026-06-24 16:40:31.742] Starting the repair...
[2026-06-24 16:40:31.749] Found 19 possible bad axioms.
[2026-06-24 16:40:31.750] Selected the bad axiom SubClassOf(Entity owl:Thing).
[2026-06-24 16:40:31.755] Found 18 possible bad axioms.
[2026-06-24 16:40:31.756] Selected the bad axiom SubClassOf(Occurrent_Entity Independent_Continuant_Entity).
[2026-06-24 16:40:31.759] Found 17 possible bad axioms.
[2026-06-24 16:40:31.759] Selected the bad axiom SubClassOf(Entity Processual_Entity).
[2026-06-24 16:40:31.763] Found 16 possible bad axioms.
[2026-06-24 16:40:31.763] Selected the bad axiom SubClassOf(Entity Functional_Entity).
[2026-06-24 16:40:31.765] Found 15 possible bad axioms.
[2026-06-24 16:40:31.766] Selected the bad axiom SubClassOf(Occurrent_Entity Continuant_Entity).
[2026-06-24 16:40:31.770] Found 14 possible bad axioms.
[2026-06-24 16:40:31.771] Selected the bad axiom SubClassOf(Entity owl:Nothing).
[2026-06-24 16:40:31.774] Finished repairing the ontology.
Repairing with A2 (not-in-largest-mcs-removal)...
[2026-06-24 16:40:31.775] Checking precondition...
[2026-06-24 16:40:31.779] Starting the repair...
[2026-06-24 16:40:31.921] Found 1 possible bad axioms.
[2026-06-24 16:40:31.922] Selected the bad axiom SubClassOf(Entity owl:Nothing).
[2026-06-24 16:40:31.923] Finished repairing the ontology.
Repairing with A3 (default-weakening)...
[2026-06-24 16:40:31.924] Checking precondition...
[2026-06-24 16:40:31.927] Starting the repair...
[2026-06-24 16:40:31.932] Selected a reference ontology with 25 axioms.
[2026-06-24 16:40:32.065] Selected the bad axiom SubClassOf(Entity owl:Nothing).
[2026-06-24 16:40:32.073] Selected the weaker axiom SubClassOf(Processual_Entity owl:Nothing).
[2026-06-24 16:40:32.156] Selected the bad axiom SubClassOf(Processual_Entity owl:Nothing).
[2026-06-24 16:40:32.156] Selected the weaker axiom SubClassOf(Functional_Entity owl:Nothing).
[2026-06-24 16:40:32.236] Selected the bad axiom SubClassOf(Functional_Entity owl:Nothing).
[2026-06-24 16:40:32.236] Selected the weaker axiom SubClassOf(Functional_Entity Continuant_Entity).
[2026-06-24 16:40:32.237] Finished repairing the ontology.
Repairing with B1 (bad-in_some_mus-weaker-random)...
[2026-06-24 16:40:32.237] Checking precondition...
[2026-06-24 16:40:32.238] Starting the repair...
[2026-06-24 16:40:32.240] Selected a reference ontology with 25 axioms.
[2026-06-24 16:40:32.302] Selected the bad axiom SubClassOf(Entity owl:Nothing).
[2026-06-24 16:40:32.304] Selected the weaker axiom SubClassOf(Independent_Contin
...[truncated]
FAIL: attempt=126 seed=1775018 status=memory_limit_exceeded stage=B8 message=Repair failed: ExecutionException: java.lang.IllegalStateException: Could not find a weakening for axiom: ⊤ ⊑ Processual_Entity
progress: ontology=PLIO attempt=126 success=63/100
----- PLIO attempt=127 seed=1789218 at 2026-06-24 16:40:34 -----
--- stdout ---
{"seed":1789218,"run_id":"20260624134028346645","trial_status":"success","error_type":null,"failure_stage":null,"error_message":null,"iic_values":{"B1_vs_A1":1.0,"B1_vs_A2":0.5,"B1_vs_A3":0.5,"B2_vs_A1":1.0,"B2_vs_A2":0.5,"B2_vs_A3":0.5,"B3_vs_A1":1.0,"B3_vs_A2":0.5,"B3_vs_A3":0.5,"B4_vs_A1":0.6875,"B4_vs_A2":0.5,"B4_vs_A3":0.5,"B5_vs_A1":0.6875,"B5_vs_A2":0.5,"B5_vs_A3":0.5,"B6_vs_A1":0.6875,"B6_vs_A2":0.5,"B6_vs_A3":0.5,"B7_vs_A1":0.6875,"B7_vs_A2":0.5,"B7_vs_A3":0.5,"B8_vs_A1":0.6875,"B8_vs_A2":0.5,"B8_vs_A3":0.5,"B9_vs_A1":0.6875,"B9_vs_A2":0.5,"B9_vs_A3":0.5},"repair_runtimes_ms":{"A1":46,"A2":138,"A3":167,"B1":99,"B2":537,"B3":305,"B4":28,"B5":432,"B6":349,"B7":43,"B8":331,"B9":221}}

--- stderr ---
SingleTrialExperiment starting: ontology=/workspaces/ontologyutils-ekaw26/repair-power-index-replication-ekaw26/ontologies/inconsistent/PLIO.owl, seed=1789218, run_id=20260624134028346645
Loaded ontology.
Normalizing ontology with SROIQ normalization...
Normalized ontology with SROIQ normalization.
Ontology is already inconsistent, skipping make-inconsistent step.
Repairing with A1 (random-removal)...
[2026-06-24 16:40:34.548] Checking precondition...
[2026-06-24 16:40:34.559] Starting the repair...
[2026-06-24 16:40:34.564] Found 19 possible bad axioms.
[2026-06-24 16:40:34.565] Selected the bad axiom SubClassOf(Continuant_Entity Entity).
[2026-06-24 16:40:34.569] Found 18 possible bad axioms.
[2026-06-24 16:40:34.570] Selected the bad axiom SubClassOf(Continuant_Entity Processual_Entity).
[2026-06-24 16:40:34.572] Found 17 possible bad axioms.
[2026-06-24 16:40:34.573] Selected the bad axiom SubClassOf(Occurrent_Entity Functional_Entity).
[2026-06-24 16:40:34.576] Found 16 possible bad axioms.
[2026-06-24 16:40:34.576] Selected the bad axiom SubClassOf(Processual_Entity Occurrent_Entity).
[2026-06-24 16:40:34.579] Found 15 possible bad axioms.
[2026-06-24 16:40:34.579] Selected the bad axiom SubClassOf(Occurrent_Entity Continuant_Entity).
[2026-06-24 16:40:34.582] Found 14 possible bad axioms.
[2026-06-24 16:40:34.582] Selected the bad axiom SubClassOf(Continuant_Entity Occurrent_Entity).
[2026-06-24 16:40:34.584] Found 13 possible bad axioms.
[2026-06-24 16:40:34.584] Selected the bad axiom SubClassOf(Entity Continuant_Entity).
[2026-06-24 16:40:34.586] Found 12 possible bad axioms.
[2026-06-24 16:40:34.587] Selected the bad axiom SubClassOf(Independent_Continuant_Entity Continuant_Entity).
[2026-06-24 16:40:34.588] Found 11 possible bad axioms.
[2026-06-24 16:40:34.588] Selected the bad axiom SubClassOf(Entity owl:Nothing).
[2026-06-24 16:40:34.590] Finished repairing the ontology.
Repairing with A2 (not-in-largest-mcs-removal)...
[2026-06-24 16:40:34.591] Checking precondition...
[2026-06-24 16:40:34.599] Starting the repair...
[2026-06-24 16:40:34.728] Found 1 possible bad axioms.
[2026-06-24 16:40:34.728] Selected the bad axiom SubClassOf(Entity owl:Nothing).
[2026-06-24 16:40:34.729] Finished repairing the ontology.
Repairing with A3 (default-weakening)...
[2026-06-24 16:40:34.731] Checking precondition...
[2026-06-24 16:40:34.733] Starting the repair...
[2026-06-24 16:40:34.742] Selected a reference ontology with 24 axioms.
[2026-06-24 16:40:34.885] Selected the bad axiom SubClassOf(Entity owl:Nothing).
[2026-06-24 16:40:34.895] Selected the weaker axiom SubClassOf(Entity Processual_Entity).
[2026-06-24 16:40:34.896] Finished repairing the ontology.
Repairing with B1 (bad-in_some_mus-weaker-random)...
[2026-06-24 16:40:34.897] Checking precondition...
[2026-06-24 16:40:34.898] Starting the repair...
[2026-06-24 16:40:34.902] Selected a reference ontology with 25 axioms.
[2026-06-24 16:40:34.994] Selected the bad axiom SubClassOf(Entity o
...[truncated]
SUCCESS: attempt=127 seed=1789218 success_count=64/100
progress: ontology=PLIO attempt=127 success=64/100
----- PLIO attempt=128 seed=1803418 at 2026-06-24 16:40:37 -----
--- stdout ---
{"seed":1803418,"run_id":"20260624134028346645","trial_status":"time_limit_exceeded","error_type":"timeout","failure_stage":"B7","error_message":"Repair timeout: B7 exceeded 300 seconds","iic_values":{},"repair_runtimes_ms":{"A1":50,"A2":139,"A3":166,"B1":99,"B2":499,"B3":381,"B4":22,"B5":402,"B6":298,"B7":300001}}

--- stderr ---
SingleTrialExperiment starting: ontology=/workspaces/ontologyutils-ekaw26/repair-power-index-replication-ekaw26/ontologies/inconsistent/PLIO.owl, seed=1803418, run_id=20260624134028346645
Loaded ontology.
Normalizing ontology with SROIQ normalization...
Normalized ontology with SROIQ normalization.
Ontology is already inconsistent, skipping make-inconsistent step.
Repairing with A1 (random-removal)...
[2026-06-24 16:40:37.650] Checking precondition...
[2026-06-24 16:40:37.659] Starting the repair...
[2026-06-24 16:40:37.666] Found 19 possible bad axioms.
[2026-06-24 16:40:37.667] Selected the bad axiom SubClassOf(Entity Processual_Entity).
[2026-06-24 16:40:37.672] Found 18 possible bad axioms.
[2026-06-24 16:40:37.672] Selected the bad axiom SubClassOf(Continuant_Entity Occurrent_Entity).
[2026-06-24 16:40:37.676] Found 17 possible bad axioms.
[2026-06-24 16:40:37.677] Selected the bad axiom SubClassOf(Entity owl:Thing).
[2026-06-24 16:40:37.680] Found 16 possible bad axioms.
[2026-06-24 16:40:37.681] Selected the bad axiom SubClassOf(Entity Independent_Continuant_Entity).
[2026-06-24 16:40:37.684] Found 15 possible bad axioms.
[2026-06-24 16:40:37.684] Selected the bad axiom SubClassOf(Occurrent_Entity Continuant_Entity).
[2026-06-24 16:40:37.687] Found 14 possible bad axioms.
[2026-06-24 16:40:37.687] Selected the bad axiom SubClassOf(Occurrent_Entity Entity).
[2026-06-24 16:40:37.690] Found 13 possible bad axioms.
[2026-06-24 16:40:37.690] Selected the bad axiom SubClassOf(owl:Thing Occurrent_Entity).
[2026-06-24 16:40:37.692] Found 12 possible bad axioms.
[2026-06-24 16:40:37.692] Selected the bad axiom SubClassOf(Entity Functional_Entity).
[2026-06-24 16:40:37.694] Found 11 possible bad axioms.
[2026-06-24 16:40:37.695] Selected the bad axiom SubClassOf(owl:Thing Processual_Entity).
[2026-06-24 16:40:37.696] Finished repairing the ontology.
Repairing with A2 (not-in-largest-mcs-removal)...
[2026-06-24 16:40:37.697] Checking precondition...
[2026-06-24 16:40:37.706] Starting the repair...
[2026-06-24 16:40:37.834] Found 1 possible bad axioms.
[2026-06-24 16:40:37.834] Selected the bad axiom SubClassOf(Entity owl:Nothing).
[2026-06-24 16:40:37.835] Finished repairing the ontology.
Repairing with A3 (default-weakening)...
[2026-06-24 16:40:37.837] Checking precondition...
[2026-06-24 16:40:37.839] Starting the repair...
[2026-06-24 16:40:37.850] Selected a reference ontology with 22 axioms.
[2026-06-24 16:40:37.992] Selected the bad axiom SubClassOf(Entity owl:Nothing).
[2026-06-24 16:40:38.000] Selected the weaker axiom SubClassOf(Entity owl:Thing).
[2026-06-24 16:40:38.002] Finished repairing the ontology.
Repairing with B1 (bad-in_some_mus-weaker-random)...
[2026-06-24 16:40:38.003] Checking precondition...
[2026-06-24 16:40:38.005] Starting the repair...
[2026-06-24 16:40:38.011] Selected a reference ontology with 25 axioms.
[2026-06-24 16:40:38.099] Selected the bad axiom SubClassOf(Entity owl:Nothing).
[2026-06-24 16:40:38.101] Selected 
...[truncated]
FAIL: attempt=128 seed=1803418 status=time_limit_exceeded stage=B7 message=Repair timeout: B7 exceeded 300 seconds
progress: ontology=PLIO attempt=128 success=64/100
----- PLIO attempt=129 seed=1817618 at 2026-06-24 16:45:39 -----
--- stdout ---
{"seed":1817618,"run_id":"20260624134028346645","trial_status":"memory_limit_exceeded","error_type":"failure","failure_stage":"A3","error_message":"Repair failed: ExecutionException: java.lang.NullPointerException: operands cannot be null or empty","iic_values":{},"repair_runtimes_ms":{"A1":48,"A2":119,"A3":168}}

--- stderr ---
SingleTrialExperiment starting: ontology=/workspaces/ontologyutils-ekaw26/repair-power-index-replication-ekaw26/ontologies/inconsistent/PLIO.owl, seed=1817618, run_id=20260624134028346645
Loaded ontology.
Normalizing ontology with SROIQ normalization...
Normalized ontology with SROIQ normalization.
Ontology is already inconsistent, skipping make-inconsistent step.
Repairing with A1 (random-removal)...
[2026-06-24 16:45:40.185] Checking precondition...
[2026-06-24 16:45:40.194] Starting the repair...
[2026-06-24 16:45:40.200] Found 19 possible bad axioms.
[2026-06-24 16:45:40.201] Selected the bad axiom SubClassOf(Entity Continuant_Entity).
[2026-06-24 16:45:40.207] Found 18 possible bad axioms.
[2026-06-24 16:45:40.207] Selected the bad axiom SubClassOf(Occurrent_Entity Functional_Entity).
[2026-06-24 16:45:40.210] Found 17 possible bad axioms.
[2026-06-24 16:45:40.211] Selected the bad axiom SubClassOf(Occurrent_Entity Continuant_Entity).
[2026-06-24 16:45:40.214] Found 16 possible bad axioms.
[2026-06-24 16:45:40.215] Selected the bad axiom SubClassOf(Continuant_Entity Entity).
[2026-06-24 16:45:40.217] Found 15 possible bad axioms.
[2026-06-24 16:45:40.217] Selected the bad axiom SubClassOf(Processual_Entity Occurrent_Entity).
[2026-06-24 16:45:40.220] Found 14 possible bad axioms.
[2026-06-24 16:45:40.220] Selected the bad axiom SubClassOf(Functional_Entity Independent_Continuant_Entity).
[2026-06-24 16:45:40.223] Found 13 possible bad axioms.
[2026-06-24 16:45:40.223] Selected the bad axiom SubClassOf(Entity owl:Thing).
[2026-06-24 16:45:40.226] Found 12 possible bad axioms.
[2026-06-24 16:45:40.226] Selected the bad axiom SubClassOf(Occurrent_Entity Independent_Continuant_Entity).
[2026-06-24 16:45:40.227] Found 11 possible bad axioms.
[2026-06-24 16:45:40.228] Selected the bad axiom SubClassOf(Occurrent_Entity Entity).
[2026-06-24 16:45:40.229] Finished repairing the ontology.
Repairing with A2 (not-in-largest-mcs-removal)...
[2026-06-24 16:45:40.230] Checking precondition...
[2026-06-24 16:45:40.239] Starting the repair...
[2026-06-24 16:45:40.347] Found 1 possible bad axioms.
[2026-06-24 16:45:40.348] Selected the bad axiom SubClassOf(Entity owl:Nothing).
[2026-06-24 16:45:40.349] Finished repairing the ontology.
Repairing with A3 (default-weakening)...
[2026-06-24 16:45:40.350] Checking precondition...
[2026-06-24 16:45:40.353] Starting the repair...
[2026-06-24 16:45:40.367] Selected a reference ontology with 25 axioms.
[2026-06-24 16:45:40.508] Selected the bad axiom SubClassOf(Entity owl:Nothing).
[2026-06-24 16:45:40.517] Selected the weaker axiom SubClassOf(owl:Thing owl:Nothing).
Failure: Repair failed: ExecutionException: java.lang.NullPointerException: operands cannot be null or empty

FAIL: attempt=129 seed=1817618 status=memory_limit_exceeded stage=A3 message=Repair failed: ExecutionException: java.lang.NullPointerException: operands cannot be null or empty
progress: ontology=PLIO attempt=129 success=64/100
----- PLIO attempt=130 seed=1831818 at 2026-06-24 16:45:40 -----
--- stdout ---
{"seed":1831818,"run_id":"20260624134028346645","trial_status":"success","error_type":null,"failure_stage":null,"error_message":null,"iic_values":{"B1_vs_A1":0.8571428571428571,"B1_vs_A2":0.5,"B1_vs_A3":0.5,"B2_vs_A1":0.8571428571428571,"B2_vs_A2":0.5,"B2_vs_A3":0.5,"B3_vs_A1":0.8571428571428571,"B3_vs_A2":0.5,"B3_vs_A3":0.5,"B4_vs_A1":0.9411764705882353,"B4_vs_A2":0.5,"B4_vs_A3":0.5,"B5_vs_A1":0.9411764705882353,"B5_vs_A2":0.5,"B5_vs_A3":0.5,"B6_vs_A1":0.9411764705882353,"B6_vs_A2":0.5,"B6_vs_A3":0.5,"B7_vs_A1":0.9411764705882353,"B7_vs_A2":0.5,"B7_vs_A3":0.5,"B8_vs_A1":0.9411764705882353,"B8_vs_A2":0.5,"B8_vs_A3":0.5,"B9_vs_A1":0.9411764705882353,"B9_vs_A2":0.5,"B9_vs_A3":0.5},"repair_runtimes_ms":{"A1":42,"A2":135,"A3":256,"B1":82,"B2":423,"B3":365,"B4":43,"B5":373,"B6":324,"B7":34,"B8":326,"B9":249}}

--- stderr ---
SingleTrialExperiment starting: ontology=/workspaces/ontologyutils-ekaw26/repair-power-index-replication-ekaw26/ontologies/inconsistent/PLIO.owl, seed=1831818, run_id=20260624134028346645
Loaded ontology.
Normalizing ontology with SROIQ normalization...
Normalized ontology with SROIQ normalization.
Ontology is already inconsistent, skipping make-inconsistent step.
Repairing with A1 (random-removal)...
[2026-06-24 16:45:40.924] Checking precondition...
[2026-06-24 16:45:40.933] Starting the repair...
[2026-06-24 16:45:40.940] Found 19 possible bad axioms.
[2026-06-24 16:45:40.942] Selected the bad axiom SubClassOf(owl:Thing Occurrent_Entity).
[2026-06-24 16:45:40.946] Found 18 possible bad axioms.
[2026-06-24 16:45:40.946] Selected the bad axiom SubClassOf(Entity Independent_Continuant_Entity).
[2026-06-24 16:45:40.949] Found 17 possible bad axioms.
[2026-06-24 16:45:40.950] Selected the bad axiom SubClassOf(Independent_Continuant_Entity Continuant_Entity).
[2026-06-24 16:45:40.953] Found 16 possible bad axioms.
[2026-06-24 16:45:40.953] Selected the bad axiom SubClassOf(Functional_Entity Independent_Continuant_Entity).
[2026-06-24 16:45:40.956] Found 15 possible bad axioms.
[2026-06-24 16:45:40.956] Selected the bad axiom SubClassOf(Entity Processual_Entity).
[2026-06-24 16:45:40.960] Found 14 possible bad axioms.
[2026-06-24 16:45:40.960] Selected the bad axiom SubClassOf(Processual_Entity Occurrent_Entity).
[2026-06-24 16:45:40.962] Finished repairing the ontology.
Repairing with A2 (not-in-largest-mcs-removal)...
[2026-06-24 16:45:40.962] Checking precondition...
[2026-06-24 16:45:40.967] Starting the repair...
[2026-06-24 16:45:41.096] Found 1 possible bad axioms.
[2026-06-24 16:45:41.096] Selected the bad axiom SubClassOf(Entity owl:Nothing).
[2026-06-24 16:45:41.097] Finished repairing the ontology.
Repairing with A3 (default-weakening)...
[2026-06-24 16:45:41.099] Checking precondition...
[2026-06-24 16:45:41.100] Starting the repair...
[2026-06-24 16:45:41.108] Selected a reference ontology with 24 axioms.
[2026-06-24 16:45:41.244] Selected the bad axiom SubClassOf(Entity owl:Nothing).
[2026-06-24 16:45:41.253] Selected the weaker axiom SubClassOf(Continuant_Entity owl:Nothing).
[2026-06-24 16:45:41.353] Selected the bad axiom SubClassOf(Continuant_Entity owl:Nothing).
[2026-06-24 16:45:41.353] Selected the weaker axiom SubClassOf(Continuant_Entity Entity).
[2026-06-24 16:45:41.354] Finished repairing the ontology.
Repairing with B1 (bad-in_some_mus-weaker-random)...
[2026-06-24 16:45:41.355] Checking precondition...
[2026-06-24 16:45:41.356] Starting the repair...
[2026-06-24 16:45:41.359] Selected a reference ontology with 24 axioms.
[2026-06-24 16:45:41.433] Selected the bad axiom SubClassOf(Entity owl:Nothing).
[2026-06-24 16:45:41.435] Selected the weaker axiom SubClassOf(Entity owl:Thing).
[2026-06-24 16:45:41.436] Finished repairing the ontology.
Repairing with B2 (bad-in_some_mus-weaker-shapley)...
[2026-06-24 16:45:41.438] Checki
...[truncated]
SUCCESS: attempt=130 seed=1831818 success_count=65/100
progress: ontology=PLIO attempt=130 success=65/100
----- PLIO attempt=131 seed=1846018 at 2026-06-24 16:45:43 -----
--- stdout ---
{"seed":1846018,"run_id":"20260624134028346645","trial_status":"memory_limit_exceeded","error_type":"failure","failure_stage":"B5","error_message":"Repair failed: ExecutionException: java.lang.IllegalStateException: Could not find a weakening for axiom: ⊤ ⊑ Processual_Entity","iic_values":{},"repair_runtimes_ms":{"A1":29,"A2":126,"A3":176,"B1":106,"B2":436,"B3":329,"B4":31,"B5":224}}

--- stderr ---
SingleTrialExperiment starting: ontology=/workspaces/ontologyutils-ekaw26/repair-power-index-replication-ekaw26/ontologies/inconsistent/PLIO.owl, seed=1846018, run_id=20260624134028346645
Loaded ontology.
Normalizing ontology with SROIQ normalization...
Normalized ontology with SROIQ normalization.
Ontology is already inconsistent, skipping make-inconsistent step.
Repairing with A1 (random-removal)...
[2026-06-24 16:45:43.975] Checking precondition...
[2026-06-24 16:45:43.984] Starting the repair...
[2026-06-24 16:45:43.989] Found 19 possible bad axioms.
[2026-06-24 16:45:43.991] Selected the bad axiom SubClassOf(Processual_Entity Occurrent_Entity).
[2026-06-24 16:45:43.996] Found 18 possible bad axioms.
[2026-06-24 16:45:43.996] Selected the bad axiom SubClassOf(owl:Thing Occurrent_Entity).
[2026-06-24 16:45:44.000] Finished repairing the ontology.
Repairing with A2 (not-in-largest-mcs-removal)...
[2026-06-24 16:45:44.000] Checking precondition...
[2026-06-24 16:45:44.007] Starting the repair...
[2026-06-24 16:45:44.125] Found 1 possible bad axioms.
[2026-06-24 16:45:44.125] Selected the bad axiom SubClassOf(Entity owl:Nothing).
[2026-06-24 16:45:44.127] Finished repairing the ontology.
Repairing with A3 (default-weakening)...
[2026-06-24 16:45:44.128] Checking precondition...
[2026-06-24 16:45:44.130] Starting the repair...
[2026-06-24 16:45:44.140] Selected a reference ontology with 25 axioms.
[2026-06-24 16:45:44.291] Selected the bad axiom SubClassOf(Entity owl:Nothing).
[2026-06-24 16:45:44.302] Selected the weaker axiom SubClassOf(Entity Functional_Entity).
[2026-06-24 16:45:44.303] Finished repairing the ontology.
Repairing with B1 (bad-in_some_mus-weaker-random)...
[2026-06-24 16:45:44.304] Checking precondition...
[2026-06-24 16:45:44.306] Starting the repair...
[2026-06-24 16:45:44.311] Selected a reference ontology with 24 axioms.
[2026-06-24 16:45:44.406] Selected the bad axiom SubClassOf(Entity owl:Nothing).
[2026-06-24 16:45:44.409] Selected the weaker axiom SubClassOf(owl:Nothing owl:Nothing).
[2026-06-24 16:45:44.410] Finished repairing the ontology.
Repairing with B2 (bad-in_some_mus-weaker-shapley)...
[2026-06-24 16:45:44.412] Checking precondition...
[2026-06-24 16:45:44.413] Starting the repair...
[2026-06-24 16:45:44.417] Selected a reference ontology with 24 axioms.
[2026-06-24 16:45:44.494] Selected the bad axiom SubClassOf(Entity owl:Nothing).
[PowerIndexWeakerAxiomSelector] Scoring 8 candidate weakenings for Entity ⊑ ⊥
[PowerIndexWeakerAxiomSelector] Selected weaker axiom: Entity ⊑ Continuant_Entity
[2026-06-24 16:45:44.845] Selected the weaker axiom SubClassOf(Entity Continuant_Entity).
[2026-06-24 16:45:44.847] Finished repairing the ontology.
Repairing with B3 (bad-in_some_mus-weaker-banzhaf)...
[2026-06-24 16:45:44.849] Checking precondition...
[2026-06-24 16:45:44.850] Starting the repair...
[2026-06-24 16:45:44.853] Selected a reference ontology with 24 axioms.
[2026-06-24 16:45:44.943] Selected the bad axiom SubCl
...[truncated]
FAIL: attempt=131 seed=1846018 status=memory_limit_exceeded stage=B5 message=Repair failed: ExecutionException: java.lang.IllegalStateException: Could not find a weakening for axiom: ⊤ ⊑ Processual_Entity
progress: ontology=PLIO attempt=131 success=65/100
----- PLIO attempt=132 seed=1860218 at 2026-06-24 16:45:45 -----
--- stdout ---
{"seed":1860218,"run_id":"20260624134028346645","trial_status":"memory_limit_exceeded","error_type":"failure","failure_stage":"B5","error_message":"Repair failed: ExecutionException: java.lang.IllegalStateException: Could not find a weakening for axiom: ⊤ ⊑ Processual_Entity","iic_values":{},"repair_runtimes_ms":{"A1":58,"A2":115,"A3":173,"B1":106,"B2":510,"B3":294,"B4":26,"B5":146}}

--- stderr ---
SingleTrialExperiment starting: ontology=/workspaces/ontologyutils-ekaw26/repair-power-index-replication-ekaw26/ontologies/inconsistent/PLIO.owl, seed=1860218, run_id=20260624134028346645
Loaded ontology.
Normalizing ontology with SROIQ normalization...
Normalized ontology with SROIQ normalization.
Ontology is already inconsistent, skipping make-inconsistent step.
Repairing with A1 (random-removal)...
[2026-06-24 16:45:45.832] Checking precondition...
[2026-06-24 16:45:45.841] Starting the repair...
[2026-06-24 16:45:45.846] Found 19 possible bad axioms.
[2026-06-24 16:45:45.848] Selected the bad axiom SubClassOf(Entity owl:Thing).
[2026-06-24 16:45:45.853] Found 18 possible bad axioms.
[2026-06-24 16:45:45.853] Selected the bad axiom SubClassOf(Occurrent_Entity Continuant_Entity).
[2026-06-24 16:45:45.857] Found 17 possible bad axioms.
[2026-06-24 16:45:45.857] Selected the bad axiom SubClassOf(Occurrent_Entity Independent_Continuant_Entity).
[2026-06-24 16:45:45.861] Found 16 possible bad axioms.
[2026-06-24 16:45:45.861] Selected the bad axiom SubClassOf(Independent_Continuant_Entity Continuant_Entity).
[2026-06-24 16:45:45.864] Found 15 possible bad axioms.
[2026-06-24 16:45:45.864] Selected the bad axiom SubClassOf(Entity Functional_Entity).
[2026-06-24 16:45:45.867] Found 14 possible bad axioms.
[2026-06-24 16:45:45.867] Selected the bad axiom SubClassOf(Processual_Entity Occurrent_Entity).
[2026-06-24 16:45:45.871] Found 13 possible bad axioms.
[2026-06-24 16:45:45.871] Selected the bad axiom SubClassOf(Continuant_Entity Entity).
[2026-06-24 16:45:45.874] Found 12 possible bad axioms.
[2026-06-24 16:45:45.874] Selected the bad axiom SubClassOf(Entity Processual_Entity).
[2026-06-24 16:45:45.876] Found 11 possible bad axioms.
[2026-06-24 16:45:45.876] Selected the bad axiom SubClassOf(Occurrent_Entity Functional_Entity).
[2026-06-24 16:45:45.877] Found 10 possible bad axioms.
[2026-06-24 16:45:45.877] Selected the bad axiom SubClassOf(Continuant_Entity Occurrent_Entity).
[2026-06-24 16:45:45.879] Found 9 possible bad axioms.
[2026-06-24 16:45:45.879] Selected the bad axiom SubClassOf(Occurrent_Entity Entity).
[2026-06-24 16:45:45.885] Finished repairing the ontology.
Repairing with A2 (not-in-largest-mcs-removal)...
[2026-06-24 16:45:45.886] Checking precondition...
[2026-06-24 16:45:45.891] Starting the repair...
[2026-06-24 16:45:46.000] Found 1 possible bad axioms.
[2026-06-24 16:45:46.000] Selected the bad axiom SubClassOf(Entity owl:Nothing).
[2026-06-24 16:45:46.001] Finished repairing the ontology.
Repairing with A3 (default-weakening)...
[2026-06-24 16:45:46.003] Checking precondition...
[2026-06-24 16:45:46.010] Starting the repair...
[2026-06-24 16:45:46.021] Selected a reference ontology with 25 axioms.
[2026-06-24 16:45:46.163] Selected the bad axiom SubClassOf(Entity owl:Nothing).
[2026-06-24 16:45:46.171] Selected the weaker axiom SubClassOf(Entity Processual_Entity).
[2026-06-24 16:45:46.174] Finished repairing the ontology.

...[truncated]
FAIL: attempt=132 seed=1860218 status=memory_limit_exceeded stage=B5 message=Repair failed: ExecutionException: java.lang.IllegalStateException: Could not find a weakening for axiom: ⊤ ⊑ Processual_Entity
progress: ontology=PLIO attempt=132 success=65/100
----- PLIO attempt=133 seed=1874418 at 2026-06-24 16:45:47 -----
--- stdout ---
{"seed":1874418,"run_id":"20260624134028346645","trial_status":"memory_limit_exceeded","error_type":"failure","failure_stage":"B5","error_message":"Repair failed: ExecutionException: java.lang.IllegalStateException: Could not find a weakening for axiom: ⊤ ⊑ Processual_Entity","iic_values":{},"repair_runtimes_ms":{"A1":30,"A2":148,"A3":162,"B1":171,"B2":565,"B3":208,"B4":28,"B5":154}}

--- stderr ---
SingleTrialExperiment starting: ontology=/workspaces/ontologyutils-ekaw26/repair-power-index-replication-ekaw26/ontologies/inconsistent/PLIO.owl, seed=1874418, run_id=20260624134028346645
Loaded ontology.
Normalizing ontology with SROIQ normalization...
Normalized ontology with SROIQ normalization.
Ontology is already inconsistent, skipping make-inconsistent step.
Repairing with A1 (random-removal)...
[2026-06-24 16:45:47.637] Checking precondition...
[2026-06-24 16:45:47.646] Starting the repair...
[2026-06-24 16:45:47.652] Found 19 possible bad axioms.
[2026-06-24 16:45:47.654] Selected the bad axiom SubClassOf(Occurrent_Entity Entity).
[2026-06-24 16:45:47.660] Found 18 possible bad axioms.
[2026-06-24 16:45:47.660] Selected the bad axiom SubClassOf(Entity owl:Nothing).
[2026-06-24 16:45:47.663] Finished repairing the ontology.
Repairing with A2 (not-in-largest-mcs-removal)...
[2026-06-24 16:45:47.664] Checking precondition...
[2026-06-24 16:45:47.671] Starting the repair...
[2026-06-24 16:45:47.810] Found 1 possible bad axioms.
[2026-06-24 16:45:47.810] Selected the bad axiom SubClassOf(Entity owl:Nothing).
[2026-06-24 16:45:47.812] Finished repairing the ontology.
Repairing with A3 (default-weakening)...
[2026-06-24 16:45:47.813] Checking precondition...
[2026-06-24 16:45:47.816] Starting the repair...
[2026-06-24 16:45:47.825] Selected a reference ontology with 24 axioms.
[2026-06-24 16:45:47.964] Selected the bad axiom SubClassOf(Entity owl:Nothing).
[2026-06-24 16:45:47.973] Selected the weaker axiom SubClassOf(Entity Continuant_Entity).
[2026-06-24 16:45:47.974] Finished repairing the ontology.
Repairing with B1 (bad-in_some_mus-weaker-random)...
[2026-06-24 16:45:47.975] Checking precondition...
[2026-06-24 16:45:47.976] Starting the repair...
[2026-06-24 16:45:47.981] Selected a reference ontology with 24 axioms.
[2026-06-24 16:45:48.072] Selected the bad axiom SubClassOf(Entity owl:Nothing).
[2026-06-24 16:45:48.082] Selected the weaker axiom SubClassOf(Occurrent_Entity owl:Nothing).
[2026-06-24 16:45:48.145] Selected the bad axiom SubClassOf(Occurrent_Entity owl:Nothing).
[2026-06-24 16:45:48.145] Selected the weaker axiom SubClassOf(Occurrent_Entity owl:Thing).
[2026-06-24 16:45:48.146] Finished repairing the ontology.
Repairing with B2 (bad-in_some_mus-weaker-shapley)...
[2026-06-24 16:45:48.148] Checking precondition...
[2026-06-24 16:45:48.149] Starting the repair...
[2026-06-24 16:45:48.152] Selected a reference ontology with 24 axioms.
[2026-06-24 16:45:48.206] Selected the bad axiom SubClassOf(Entity owl:Nothing).
[PowerIndexWeakerAxiomSelector] Scoring 13 candidate weakenings for Entity ⊑ ⊥
[PowerIndexWeakerAxiomSelector] Selected weaker axiom: Entity ⊑ Continuant_Entity
[2026-06-24 16:45:48.710] Selected the weaker axiom SubClassOf(Entity Continuant_Entity).
[2026-06-24 16:45:48.712] Finished repairing the ontology.
Repairing with B3 (bad-in_some_mus-weaker-banzhaf)...
[2026-06-24 16:45:48.713] Checking precondition...
[2026
...[truncated]
FAIL: attempt=133 seed=1874418 status=memory_limit_exceeded stage=B5 message=Repair failed: ExecutionException: java.lang.IllegalStateException: Could not find a weakening for axiom: ⊤ ⊑ Processual_Entity
progress: ontology=PLIO attempt=133 success=65/100
----- PLIO attempt=134 seed=1888618 at 2026-06-24 16:45:49 -----
--- stdout ---
{"seed":1888618,"run_id":"20260624134028346645","trial_status":"success","error_type":null,"failure_stage":null,"error_message":null,"iic_values":{"B1_vs_A1":0.5,"B1_vs_A2":0.5,"B1_vs_A3":0.5,"B2_vs_A1":0.5,"B2_vs_A2":0.5,"B2_vs_A3":0.5,"B3_vs_A1":0.5,"B3_vs_A2":0.5,"B3_vs_A3":0.5,"B4_vs_A1":0.5,"B4_vs_A2":0.5,"B4_vs_A3":0.5,"B5_vs_A1":0.5,"B5_vs_A2":0.5,"B5_vs_A3":0.5,"B6_vs_A1":0.5,"B6_vs_A2":0.5,"B6_vs_A3":0.5,"B7_vs_A1":0.5,"B7_vs_A2":0.5,"B7_vs_A3":0.5,"B8_vs_A1":0.5,"B8_vs_A2":0.5,"B8_vs_A3":0.5,"B9_vs_A1":0.5,"B9_vs_A2":0.5,"B9_vs_A3":0.5},"repair_runtimes_ms":{"A1":27,"A2":137,"A3":171,"B1":176,"B2":527,"B3":316,"B4":27,"B5":446,"B6":295,"B7":29,"B8":324,"B9":290}}

--- stderr ---
SingleTrialExperiment starting: ontology=/workspaces/ontologyutils-ekaw26/repair-power-index-replication-ekaw26/ontologies/inconsistent/PLIO.owl, seed=1888618, run_id=20260624134028346645
Loaded ontology.
Normalizing ontology with SROIQ normalization...
Normalized ontology with SROIQ normalization.
Ontology is already inconsistent, skipping make-inconsistent step.
Repairing with A1 (random-removal)...
[2026-06-24 16:45:49.510] Checking precondition...
[2026-06-24 16:45:49.519] Starting the repair...
[2026-06-24 16:45:49.526] Found 19 possible bad axioms.
[2026-06-24 16:45:49.527] Selected the bad axiom SubClassOf(Entity owl:Nothing).
[2026-06-24 16:45:49.532] Finished repairing the ontology.
Repairing with A2 (not-in-largest-mcs-removal)...
[2026-06-24 16:45:49.533] Checking precondition...
[2026-06-24 16:45:49.541] Starting the repair...
[2026-06-24 16:45:49.668] Found 1 possible bad axioms.
[2026-06-24 16:45:49.668] Selected the bad axiom SubClassOf(Entity owl:Nothing).
[2026-06-24 16:45:49.670] Finished repairing the ontology.
Repairing with A3 (default-weakening)...
[2026-06-24 16:45:49.671] Checking precondition...
[2026-06-24 16:45:49.674] Starting the repair...
[2026-06-24 16:45:49.686] Selected a reference ontology with 24 axioms.
[2026-06-24 16:45:49.829] Selected the bad axiom SubClassOf(Entity owl:Nothing).
[2026-06-24 16:45:49.839] Selected the weaker axiom SubClassOf(Entity Processual_Entity).
[2026-06-24 16:45:49.841] Finished repairing the ontology.
Repairing with B1 (bad-in_some_mus-weaker-random)...
[2026-06-24 16:45:49.842] Checking precondition...
[2026-06-24 16:45:49.844] Starting the repair...
[2026-06-24 16:45:49.848] Selected a reference ontology with 25 axioms.
[2026-06-24 16:45:49.941] Selected the bad axiom SubClassOf(Entity owl:Nothing).
[2026-06-24 16:45:49.943] Selected the weaker axiom SubClassOf(Independent_Continuant_Entity owl:Nothing).
[2026-06-24 16:45:50.016] Selected the bad axiom SubClassOf(Independent_Continuant_Entity owl:Nothing).
[2026-06-24 16:45:50.017] Selected the weaker axiom SubClassOf(Independent_Continuant_Entity Entity).
[2026-06-24 16:45:50.017] Finished repairing the ontology.
Repairing with B2 (bad-in_some_mus-weaker-shapley)...
[2026-06-24 16:45:50.019] Checking precondition...
[2026-06-24 16:45:50.020] Starting the repair...
[2026-06-24 16:45:50.023] Selected a reference ontology with 24 axioms.
[2026-06-24 16:45:50.084] Selected the bad axiom SubClassOf(Entity owl:Nothing).
[PowerIndexWeakerAxiomSelector] Scoring 12 candidate weakenings for Entity ⊑ ⊥
[PowerIndexWeakerAxiomSelector] Selected weaker axiom: Entity ⊑ Continuant_Entity
[2026-06-24 16:45:50.543] Selected the weaker axiom SubClassOf(Entity Continuant_Entity).
[2026-06-24 16:45:50.545] Finished repairing the ontology.
Repairing with B3 (bad-in_some_mus-weaker-banzhaf)...
[2026-06-24 16:45:50.546] Checking precondition...
[2026-06-24 16:45:50.547] Starting the repair...
[2026-06-24 16:45:50.550] Selected a reference ontology with 2
...[truncated]
SUCCESS: attempt=134 seed=1888618 success_count=66/100
progress: ontology=PLIO attempt=134 success=66/100
----- PLIO attempt=135 seed=1902818 at 2026-06-24 16:45:52 -----
--- stdout ---
{"seed":1902818,"run_id":"20260624134028346645","trial_status":"memory_limit_exceeded","error_type":"failure","failure_stage":"B6","error_message":"Repair failed: ExecutionException: java.lang.IllegalStateException: Could not find a weakening for axiom: ⊤ ⊑ Processual_Entity","iic_values":{},"repair_runtimes_ms":{"A1":46,"A2":117,"A3":263,"B1":86,"B2":557,"B3":216,"B4":38,"B5":404,"B6":113}}

--- stderr ---
SingleTrialExperiment starting: ontology=/workspaces/ontologyutils-ekaw26/repair-power-index-replication-ekaw26/ontologies/inconsistent/PLIO.owl, seed=1902818, run_id=20260624134028346645
Loaded ontology.
Normalizing ontology with SROIQ normalization...
Normalized ontology with SROIQ normalization.
Ontology is already inconsistent, skipping make-inconsistent step.
Repairing with A1 (random-removal)...
[2026-06-24 16:45:52.668] Checking precondition...
[2026-06-24 16:45:52.676] Starting the repair...
[2026-06-24 16:45:52.683] Found 19 possible bad axioms.
[2026-06-24 16:45:52.685] Selected the bad axiom SubClassOf(Continuant_Entity Occurrent_Entity).
[2026-06-24 16:45:52.691] Found 18 possible bad axioms.
[2026-06-24 16:45:52.691] Selected the bad axiom SubClassOf(Occurrent_Entity Independent_Continuant_Entity).
[2026-06-24 16:45:52.694] Found 17 possible bad axioms.
[2026-06-24 16:45:52.695] Selected the bad axiom SubClassOf(Continuant_Entity Processual_Entity).
[2026-06-24 16:45:52.698] Found 16 possible bad axioms.
[2026-06-24 16:45:52.698] Selected the bad axiom SubClassOf(Occurrent_Entity Functional_Entity).
[2026-06-24 16:45:52.701] Found 15 possible bad axioms.
[2026-06-24 16:45:52.701] Selected the bad axiom SubClassOf(Occurrent_Entity Entity).
[2026-06-24 16:45:52.704] Found 14 possible bad axioms.
[2026-06-24 16:45:52.704] Selected the bad axiom SubClassOf(Processual_Entity Occurrent_Entity).
[2026-06-24 16:45:52.707] Found 13 possible bad axioms.
[2026-06-24 16:45:52.707] Selected the bad axiom SubClassOf(Entity owl:Nothing).
[2026-06-24 16:45:52.710] Finished repairing the ontology.
Repairing with A2 (not-in-largest-mcs-removal)...
[2026-06-24 16:45:52.710] Checking precondition...
[2026-06-24 16:45:52.715] Starting the repair...
[2026-06-24 16:45:52.826] Found 1 possible bad axioms.
[2026-06-24 16:45:52.826] Selected the bad axiom SubClassOf(Entity owl:Nothing).
[2026-06-24 16:45:52.827] Finished repairing the ontology.
Repairing with A3 (default-weakening)...
[2026-06-24 16:45:52.829] Checking precondition...
[2026-06-24 16:45:52.831] Starting the repair...
[2026-06-24 16:45:52.841] Selected a reference ontology with 25 axioms.
[2026-06-24 16:45:52.992] Selected the bad axiom SubClassOf(Entity owl:Nothing).
[2026-06-24 16:45:53.000] Selected the weaker axiom SubClassOf(Processual_Entity owl:Nothing).
[2026-06-24 16:45:53.090] Selected the bad axiom SubClassOf(Processual_Entity owl:Nothing).
[2026-06-24 16:45:53.090] Selected the weaker axiom SubClassOf(Processual_Entity owl:Thing).
[2026-06-24 16:45:53.091] Finished repairing the ontology.
Repairing with B1 (bad-in_some_mus-weaker-random)...
[2026-06-24 16:45:53.092] Checking precondition...
[2026-06-24 16:45:53.093] Starting the repair...
[2026-06-24 16:45:53.099] Selected a reference ontology with 24 axioms.
[2026-06-24 16:45:53.174] Selected the bad axiom SubClassOf(Entity owl:Nothing).
[2026-06-24 16:45:53.177] Selected the weaker axiom SubClassOf(owl:Nothing owl:Nothing).
[2026-
...[truncated]
FAIL: attempt=135 seed=1902818 status=memory_limit_exceeded stage=B6 message=Repair failed: ExecutionException: java.lang.IllegalStateException: Could not find a weakening for axiom: ⊤ ⊑ Processual_Entity
progress: ontology=PLIO attempt=135 success=66/100
----- PLIO attempt=136 seed=1917018 at 2026-06-24 16:45:54 -----
--- stdout ---
{"seed":1917018,"run_id":"20260624134028346645","trial_status":"memory_limit_exceeded","error_type":"failure","failure_stage":"B1","error_message":"Repair failed: ExecutionException: java.lang.NullPointerException: operands cannot be null or empty","iic_values":{},"repair_runtimes_ms":{"A1":34,"A2":126,"A3":177,"B1":100}}

--- stderr ---
SingleTrialExperiment starting: ontology=/workspaces/ontologyutils-ekaw26/repair-power-index-replication-ekaw26/ontologies/inconsistent/PLIO.owl, seed=1917018, run_id=20260624134028346645
Loaded ontology.
Normalizing ontology with SROIQ normalization...
Normalized ontology with SROIQ normalization.
Ontology is already inconsistent, skipping make-inconsistent step.
Repairing with A1 (random-removal)...
[2026-06-24 16:45:54.887] Checking precondition...
[2026-06-24 16:45:54.896] Starting the repair...
[2026-06-24 16:45:54.904] Found 19 possible bad axioms.
[2026-06-24 16:45:54.905] Selected the bad axiom SubClassOf(Occurrent_Entity Entity).
[2026-06-24 16:45:54.910] Found 18 possible bad axioms.
[2026-06-24 16:45:54.910] Selected the bad axiom SubClassOf(Occurrent_Entity Independent_Continuant_Entity).
[2026-06-24 16:45:54.913] Found 17 possible bad axioms.
[2026-06-24 16:45:54.913] Selected the bad axiom SubClassOf(Continuant_Entity Entity).
[2026-06-24 16:45:54.917] Finished repairing the ontology.
Repairing with A2 (not-in-largest-mcs-removal)...
[2026-06-24 16:45:54.917] Checking precondition...
[2026-06-24 16:45:54.925] Starting the repair...
[2026-06-24 16:45:55.042] Found 1 possible bad axioms.
[2026-06-24 16:45:55.042] Selected the bad axiom SubClassOf(Entity owl:Nothing).
[2026-06-24 16:45:55.044] Finished repairing the ontology.
Repairing with A3 (default-weakening)...
[2026-06-24 16:45:55.045] Checking precondition...
[2026-06-24 16:45:55.047] Starting the repair...
[2026-06-24 16:45:55.057] Selected a reference ontology with 25 axioms.
[2026-06-24 16:45:55.210] Selected the bad axiom SubClassOf(Entity owl:Nothing).
[2026-06-24 16:45:55.219] Selected the weaker axiom SubClassOf(Entity Entity).
[2026-06-24 16:45:55.221] Finished repairing the ontology.
Repairing with B1 (bad-in_some_mus-weaker-random)...
[2026-06-24 16:45:55.222] Checking precondition...
[2026-06-24 16:45:55.224] Starting the repair...
[2026-06-24 16:45:55.227] Selected a reference ontology with 25 axioms.
[2026-06-24 16:45:55.319] Selected the bad axiom SubClassOf(Entity owl:Nothing).
[2026-06-24 16:45:55.321] Selected the weaker axiom SubClassOf(owl:Thing owl:Nothing).
Failure: Repair failed: ExecutionException: java.lang.NullPointerException: operands cannot be null or empty

FAIL: attempt=136 seed=1917018 status=memory_limit_exceeded stage=B1 message=Repair failed: ExecutionException: java.lang.NullPointerException: operands cannot be null or empty
progress: ontology=PLIO attempt=136 success=66/100
----- PLIO attempt=137 seed=1931218 at 2026-06-24 16:45:55 -----
--- stdout ---
{"seed":1931218,"run_id":"20260624134028346645","trial_status":"memory_limit_exceeded","error_type":"failure","failure_stage":"B8","error_message":"Repair failed: ExecutionException: java.lang.IllegalStateException: Could not find a weakening for axiom: ⊤ ⊑ Processual_Entity","iic_values":{},"repair_runtimes_ms":{"A1":38,"A2":148,"A3":160,"B1":104,"B2":512,"B3":374,"B4":26,"B5":489,"B6":307,"B7":17,"B8":109}}

--- stderr ---
SingleTrialExperiment starting: ontology=/workspaces/ontologyutils-ekaw26/repair-power-index-replication-ekaw26/ontologies/inconsistent/PLIO.owl, seed=1931218, run_id=20260624134028346645
Loaded ontology.
Normalizing ontology with SROIQ normalization...
Normalized ontology with SROIQ normalization.
Ontology is already inconsistent, skipping make-inconsistent step.
Repairing with A1 (random-removal)...
[2026-06-24 16:45:55.712] Checking precondition...
[2026-06-24 16:45:55.721] Starting the repair...
[2026-06-24 16:45:55.728] Found 19 possible bad axioms.
[2026-06-24 16:45:55.730] Selected the bad axiom SubClassOf(Continuant_Entity Occurrent_Entity).
[2026-06-24 16:45:55.734] Found 18 possible bad axioms.
[2026-06-24 16:45:55.734] Selected the bad axiom SubClassOf(Occurrent_Entity Independent_Continuant_Entity).
[2026-06-24 16:45:55.737] Found 17 possible bad axioms.
[2026-06-24 16:45:55.737] Selected the bad axiom SubClassOf(Entity Processual_Entity).
[2026-06-24 16:45:55.741] Found 16 possible bad axioms.
[2026-06-24 16:45:55.741] Selected the bad axiom SubClassOf(owl:Thing Occurrent_Entity).
[2026-06-24 16:45:55.744] Found 15 possible bad axioms.
[2026-06-24 16:45:55.744] Selected the bad axiom SubClassOf(Processual_Entity Occurrent_Entity).
[2026-06-24 16:45:55.746] Finished repairing the ontology.
Repairing with A2 (not-in-largest-mcs-removal)...
[2026-06-24 16:45:55.747] Checking precondition...
[2026-06-24 16:45:55.754] Starting the repair...
[2026-06-24 16:45:55.892] Found 1 possible bad axioms.
[2026-06-24 16:45:55.893] Selected the bad axiom SubClassOf(Entity owl:Nothing).
[2026-06-24 16:45:55.895] Finished repairing the ontology.
Repairing with A3 (default-weakening)...
[2026-06-24 16:45:55.896] Checking precondition...
[2026-06-24 16:45:55.900] Starting the repair...
[2026-06-24 16:45:55.907] Selected a reference ontology with 24 axioms.
[2026-06-24 16:45:56.046] Selected the bad axiom SubClassOf(Entity owl:Nothing).
[2026-06-24 16:45:56.054] Selected the weaker axiom SubClassOf(Entity Entity).
[2026-06-24 16:45:56.055] Finished repairing the ontology.
Repairing with B1 (bad-in_some_mus-weaker-random)...
[2026-06-24 16:45:56.056] Checking precondition...
[2026-06-24 16:45:56.057] Starting the repair...
[2026-06-24 16:45:56.060] Selected a reference ontology with 25 axioms.
[2026-06-24 16:45:56.157] Selected the bad axiom SubClassOf(Entity owl:Nothing).
[2026-06-24 16:45:56.159] Selected the weaker axiom SubClassOf(Entity owl:Thing).
[2026-06-24 16:45:56.160] Finished repairing the ontology.
Repairing with B2 (bad-in_some_mus-weaker-shapley)...
[2026-06-24 16:45:56.162] Checking precondition...
[2026-06-24 16:45:56.163] Starting the repair...
[2026-06-24 16:45:56.175] Selected a reference ontology with 24 axioms.
[2026-06-24 16:45:56.234] Selected the bad axiom SubClassOf(Entity owl:Nothing).
[PowerIndexWeakerAxiomSelector] Scoring 12 candidate weakenings for Entity ⊑ ⊥
[PowerIndexWeakerAxiomSelector] Selected weaker axiom: Entity ⊑ Con
...[truncated]
FAIL: attempt=137 seed=1931218 status=memory_limit_exceeded stage=B8 message=Repair failed: ExecutionException: java.lang.IllegalStateException: Could not find a weakening for axiom: ⊤ ⊑ Processual_Entity
progress: ontology=PLIO attempt=137 success=66/100
----- PLIO attempt=138 seed=1945418 at 2026-06-24 16:45:58 -----
--- stdout ---
{"seed":1945418,"run_id":"20260624134028346645","trial_status":"memory_limit_exceeded","error_type":"failure","failure_stage":"B5","error_message":"Repair failed: ExecutionException: java.lang.IllegalStateException: Could not find a weakening for axiom: ⊤ ⊑ Processual_Entity","iic_values":{},"repair_runtimes_ms":{"A1":47,"A2":116,"A3":279,"B1":302,"B2":516,"B3":288,"B4":30,"B5":136}}

--- stderr ---
SingleTrialExperiment starting: ontology=/workspaces/ontologyutils-ekaw26/repair-power-index-replication-ekaw26/ontologies/inconsistent/PLIO.owl, seed=1945418, run_id=20260624134028346645
Loaded ontology.
Normalizing ontology with SROIQ normalization...
Normalized ontology with SROIQ normalization.
Ontology is already inconsistent, skipping make-inconsistent step.
Repairing with A1 (random-removal)...
[2026-06-24 16:45:58.396] Checking precondition...
[2026-06-24 16:45:58.404] Starting the repair...
[2026-06-24 16:45:58.410] Found 19 possible bad axioms.
[2026-06-24 16:45:58.412] Selected the bad axiom SubClassOf(Entity owl:Thing).
[2026-06-24 16:45:58.417] Found 18 possible bad axioms.
[2026-06-24 16:45:58.417] Selected the bad axiom SubClassOf(owl:Thing Processual_Entity).
[2026-06-24 16:45:58.420] Found 17 possible bad axioms.
[2026-06-24 16:45:58.421] Selected the bad axiom SubClassOf(Occurrent_Entity Independent_Continuant_Entity).
[2026-06-24 16:45:58.424] Found 16 possible bad axioms.
[2026-06-24 16:45:58.424] Selected the bad axiom SubClassOf(Entity Functional_Entity).
[2026-06-24 16:45:58.427] Found 15 possible bad axioms.
[2026-06-24 16:45:58.427] Selected the bad axiom SubClassOf(Occurrent_Entity Entity).
[2026-06-24 16:45:58.430] Found 14 possible bad axioms.
[2026-06-24 16:45:58.431] Selected the bad axiom SubClassOf(Occurrent_Entity Continuant_Entity).
[2026-06-24 16:45:58.433] Found 13 possible bad axioms.
[2026-06-24 16:45:58.433] Selected the bad axiom SubClassOf(Entity Continuant_Entity).
[2026-06-24 16:45:58.436] Found 12 possible bad axioms.
[2026-06-24 16:45:58.436] Selected the bad axiom SubClassOf(Functional_Entity Independent_Continuant_Entity).
[2026-06-24 16:45:58.438] Finished repairing the ontology.
Repairing with A2 (not-in-largest-mcs-removal)...
[2026-06-24 16:45:58.438] Checking precondition...
[2026-06-24 16:45:58.443] Starting the repair...
[2026-06-24 16:45:58.553] Found 1 possible bad axioms.
[2026-06-24 16:45:58.554] Selected the bad axiom SubClassOf(Entity owl:Nothing).
[2026-06-24 16:45:58.555] Finished repairing the ontology.
Repairing with A3 (default-weakening)...
[2026-06-24 16:45:58.556] Checking precondition...
[2026-06-24 16:45:58.559] Starting the repair...
[2026-06-24 16:45:58.573] Selected a reference ontology with 24 axioms.
[2026-06-24 16:45:58.717] Selected the bad axiom SubClassOf(Entity owl:Nothing).
[2026-06-24 16:45:58.726] Selected the weaker axiom SubClassOf(Functional_Entity owl:Nothing).
[2026-06-24 16:45:58.832] Selected the bad axiom SubClassOf(Functional_Entity owl:Nothing).
[2026-06-24 16:45:58.833] Selected the weaker axiom SubClassOf(owl:Nothing owl:Nothing).
[2026-06-24 16:45:58.834] Finished repairing the ontology.
Repairing with B1 (bad-in_some_mus-weaker-random)...
[2026-06-24 16:45:58.835] Checking precondition...
[2026-06-24 16:45:58.836] Starting the repair...
[2026-06-24 16:45:58.848] Selected a reference ontology with 24 axioms.
[2026-06-24 16:45:58.913] Selected the bad a
...[truncated]
FAIL: attempt=138 seed=1945418 status=memory_limit_exceeded stage=B5 message=Repair failed: ExecutionException: java.lang.IllegalStateException: Could not find a weakening for axiom: ⊤ ⊑ Processual_Entity
progress: ontology=PLIO attempt=138 success=66/100
----- PLIO attempt=139 seed=1959618 at 2026-06-24 16:46:00 -----
--- stdout ---
{"seed":1959618,"run_id":"20260624134028346645","trial_status":"memory_limit_exceeded","error_type":"failure","failure_stage":"B8","error_message":"Repair failed: ExecutionException: java.lang.IllegalStateException: Could not find a weakening for axiom: ⊤ ⊑ Processual_Entity","iic_values":{},"repair_runtimes_ms":{"A1":39,"A2":121,"A3":179,"B1":160,"B2":569,"B3":308,"B4":26,"B5":487,"B6":318,"B7":17,"B8":205}}

--- stderr ---
SingleTrialExperiment starting: ontology=/workspaces/ontologyutils-ekaw26/repair-power-index-replication-ekaw26/ontologies/inconsistent/PLIO.owl, seed=1959618, run_id=20260624134028346645
Loaded ontology.
Normalizing ontology with SROIQ normalization...
Normalized ontology with SROIQ normalization.
Ontology is already inconsistent, skipping make-inconsistent step.
Repairing with A1 (random-removal)...
[2026-06-24 16:46:00.500] Checking precondition...
[2026-06-24 16:46:00.509] Starting the repair...
[2026-06-24 16:46:00.515] Found 19 possible bad axioms.
[2026-06-24 16:46:00.517] Selected the bad axiom SubClassOf(Entity Continuant_Entity).
[2026-06-24 16:46:00.522] Found 18 possible bad axioms.
[2026-06-24 16:46:00.523] Selected the bad axiom SubClassOf(Entity Functional_Entity).
[2026-06-24 16:46:00.526] Found 17 possible bad axioms.
[2026-06-24 16:46:00.527] Selected the bad axiom SubClassOf(Occurrent_Entity Independent_Continuant_Entity).
[2026-06-24 16:46:00.531] Found 16 possible bad axioms.
[2026-06-24 16:46:00.531] Selected the bad axiom SubClassOf(Entity owl:Nothing).
[2026-06-24 16:46:00.534] Finished repairing the ontology.
Repairing with A2 (not-in-largest-mcs-removal)...
[2026-06-24 16:46:00.535] Checking precondition...
[2026-06-24 16:46:00.541] Starting the repair...
[2026-06-24 16:46:00.654] Found 1 possible bad axioms.
[2026-06-24 16:46:00.654] Selected the bad axiom SubClassOf(Entity owl:Nothing).
[2026-06-24 16:46:00.656] Finished repairing the ontology.
Repairing with A3 (default-weakening)...
[2026-06-24 16:46:00.657] Checking precondition...
[2026-06-24 16:46:00.660] Starting the repair...
[2026-06-24 16:46:00.677] Selected a reference ontology with 24 axioms.
[2026-06-24 16:46:00.825] Selected the bad axiom SubClassOf(Entity owl:Nothing).
[2026-06-24 16:46:00.834] Selected the weaker axiom SubClassOf(Entity Independent_Continuant_Entity).
[2026-06-24 16:46:00.835] Finished repairing the ontology.
Repairing with B1 (bad-in_some_mus-weaker-random)...
[2026-06-24 16:46:00.836] Checking precondition...
[2026-06-24 16:46:00.838] Starting the repair...
[2026-06-24 16:46:00.842] Selected a reference ontology with 25 axioms.
[2026-06-24 16:46:00.933] Selected the bad axiom SubClassOf(Entity owl:Nothing).
[2026-06-24 16:46:00.935] Selected the weaker axiom SubClassOf(Processual_Entity owl:Nothing).
[2026-06-24 16:46:00.995] Selected the bad axiom SubClassOf(Processual_Entity owl:Nothing).
[2026-06-24 16:46:00.995] Selected the weaker axiom SubClassOf(Processual_Entity Independent_Continuant_Entity).
[2026-06-24 16:46:00.996] Finished repairing the ontology.
Repairing with B2 (bad-in_some_mus-weaker-shapley)...
[2026-06-24 16:46:00.997] Checking precondition...
[2026-06-24 16:46:00.998] Starting the repair...
[2026-06-24 16:46:01.001] Selected a reference ontology with 25 axioms.
[2026-06-24 16:46:01.060] Selected the bad axiom SubClassOf(Entity owl:Nothing).
[PowerIndexWeakerAxiomSelector] Scoring 14 candidate weakenings for Entity ⊑
...[truncated]
FAIL: attempt=139 seed=1959618 status=memory_limit_exceeded stage=B8 message=Repair failed: ExecutionException: java.lang.IllegalStateException: Could not find a weakening for axiom: ⊤ ⊑ Processual_Entity
progress: ontology=PLIO attempt=139 success=66/100
----- PLIO attempt=140 seed=1973818 at 2026-06-24 16:46:03 -----
--- stdout ---
{"seed":1973818,"run_id":"20260624134028346645","trial_status":"memory_limit_exceeded","error_type":"failure","failure_stage":"B5","error_message":"Repair failed: ExecutionException: java.lang.IllegalStateException: Could not find a weakening for axiom: ⊤ ⊑ Processual_Entity","iic_values":{},"repair_runtimes_ms":{"A1":50,"A2":132,"A3":158,"B1":108,"B2":518,"B3":366,"B4":30,"B5":165}}

--- stderr ---
SingleTrialExperiment starting: ontology=/workspaces/ontologyutils-ekaw26/repair-power-index-replication-ekaw26/ontologies/inconsistent/PLIO.owl, seed=1973818, run_id=20260624134028346645
Loaded ontology.
Normalizing ontology with SROIQ normalization...
Normalized ontology with SROIQ normalization.
Ontology is already inconsistent, skipping make-inconsistent step.
Repairing with A1 (random-removal)...
[2026-06-24 16:46:03.303] Checking precondition...
[2026-06-24 16:46:03.312] Starting the repair...
[2026-06-24 16:46:03.319] Found 19 possible bad axioms.
[2026-06-24 16:46:03.320] Selected the bad axiom SubClassOf(Entity Functional_Entity).
[2026-06-24 16:46:03.325] Found 18 possible bad axioms.
[2026-06-24 16:46:03.325] Selected the bad axiom SubClassOf(owl:Thing Processual_Entity).
[2026-06-24 16:46:03.328] Found 17 possible bad axioms.
[2026-06-24 16:46:03.329] Selected the bad axiom SubClassOf(Entity owl:Thing).
[2026-06-24 16:46:03.332] Found 16 possible bad axioms.
[2026-06-24 16:46:03.332] Selected the bad axiom SubClassOf(Functional_Entity Independent_Continuant_Entity).
[2026-06-24 16:46:03.336] Found 15 possible bad axioms.
[2026-06-24 16:46:03.336] Selected the bad axiom SubClassOf(Processual_Entity Occurrent_Entity).
[2026-06-24 16:46:03.339] Found 14 possible bad axioms.
[2026-06-24 16:46:03.339] Selected the bad axiom SubClassOf(Occurrent_Entity Continuant_Entity).
[2026-06-24 16:46:03.342] Found 13 possible bad axioms.
[2026-06-24 16:46:03.343] Selected the bad axiom SubClassOf(Entity Occurrent_Entity).
[2026-06-24 16:46:03.345] Found 12 possible bad axioms.
[2026-06-24 16:46:03.345] Selected the bad axiom SubClassOf(Continuant_Entity Occurrent_Entity).
[2026-06-24 16:46:03.347] Found 11 possible bad axioms.
[2026-06-24 16:46:03.347] Selected the bad axiom SubClassOf(Entity owl:Nothing).
[2026-06-24 16:46:03.349] Finished repairing the ontology.
Repairing with A2 (not-in-largest-mcs-removal)...
[2026-06-24 16:46:03.349] Checking precondition...
[2026-06-24 16:46:03.358] Starting the repair...
[2026-06-24 16:46:03.480] Found 1 possible bad axioms.
[2026-06-24 16:46:03.481] Selected the bad axiom SubClassOf(Entity owl:Nothing).
[2026-06-24 16:46:03.481] Finished repairing the ontology.
Repairing with A3 (default-weakening)...
[2026-06-24 16:46:03.483] Checking precondition...
[2026-06-24 16:46:03.485] Starting the repair...
[2026-06-24 16:46:03.492] Selected a reference ontology with 25 axioms.
[2026-06-24 16:46:03.630] Selected the bad axiom SubClassOf(Entity owl:Nothing).
[2026-06-24 16:46:03.638] Selected the weaker axiom SubClassOf(Entity Continuant_Entity).
[2026-06-24 16:46:03.640] Finished repairing the ontology.
Repairing with B1 (bad-in_some_mus-weaker-random)...
[2026-06-24 16:46:03.641] Checking precondition...
[2026-06-24 16:46:03.643] Starting the repair...
[2026-06-24 16:46:03.649] Selected a reference ontology with 24 axioms.
[2026-06-24 16:46:03.746] Selected the bad axiom SubClassOf(Entity owl:Nothing).
[2026-06-24 16
...[truncated]
FAIL: attempt=140 seed=1973818 status=memory_limit_exceeded stage=B5 message=Repair failed: ExecutionException: java.lang.IllegalStateException: Could not find a weakening for axiom: ⊤ ⊑ Processual_Entity
progress: ontology=PLIO attempt=140 success=66/100
----- PLIO attempt=141 seed=1988018 at 2026-06-24 16:46:04 -----
--- stdout ---
{"seed":1988018,"run_id":"20260624134028346645","trial_status":"success","error_type":null,"failure_stage":null,"error_message":null,"iic_values":{"B1_vs_A1":0.7894736842105263,"B1_vs_A2":0.5,"B1_vs_A3":0.5,"B2_vs_A1":0.7894736842105263,"B2_vs_A2":0.5,"B2_vs_A3":0.5,"B3_vs_A1":0.7894736842105263,"B3_vs_A2":0.5,"B3_vs_A3":0.5,"B4_vs_A1":1.0,"B4_vs_A2":0.5,"B4_vs_A3":0.5,"B5_vs_A1":1.0,"B5_vs_A2":0.5,"B5_vs_A3":0.5,"B6_vs_A1":1.0,"B6_vs_A2":0.5,"B6_vs_A3":0.5,"B7_vs_A1":1.0,"B7_vs_A2":0.5,"B7_vs_A3":0.5,"B8_vs_A1":1.0,"B8_vs_A2":0.5,"B8_vs_A3":0.5,"B9_vs_A1":1.0,"B9_vs_A2":0.5,"B9_vs_A3":0.5},"repair_runtimes_ms":{"A1":46,"A2":123,"A3":170,"B1":103,"B2":537,"B3":395,"B4":45,"B5":434,"B6":271,"B7":41,"B8":322,"B9":293}}

--- stderr ---
SingleTrialExperiment starting: ontology=/workspaces/ontologyutils-ekaw26/repair-power-index-replication-ekaw26/ontologies/inconsistent/PLIO.owl, seed=1988018, run_id=20260624134028346645
Loaded ontology.
Normalizing ontology with SROIQ normalization...
Normalized ontology with SROIQ normalization.
Ontology is already inconsistent, skipping make-inconsistent step.
Repairing with A1 (random-removal)...
[2026-06-24 16:46:05.207] Checking precondition...
[2026-06-24 16:46:05.216] Starting the repair...
[2026-06-24 16:46:05.222] Found 19 possible bad axioms.
[2026-06-24 16:46:05.223] Selected the bad axiom SubClassOf(Independent_Continuant_Entity Continuant_Entity).
[2026-06-24 16:46:05.227] Found 18 possible bad axioms.
[2026-06-24 16:46:05.228] Selected the bad axiom SubClassOf(Continuant_Entity Processual_Entity).
[2026-06-24 16:46:05.231] Found 17 possible bad axioms.
[2026-06-24 16:46:05.231] Selected the bad axiom SubClassOf(Occurrent_Entity Independent_Continuant_Entity).
[2026-06-24 16:46:05.234] Found 16 possible bad axioms.
[2026-06-24 16:46:05.234] Selected the bad axiom SubClassOf(Occurrent_Entity Continuant_Entity).
[2026-06-24 16:46:05.237] Found 15 possible bad axioms.
[2026-06-24 16:46:05.237] Selected the bad axiom SubClassOf(Entity Processual_Entity).
[2026-06-24 16:46:05.239] Found 14 possible bad axioms.
[2026-06-24 16:46:05.240] Selected the bad axiom SubClassOf(Entity Continuant_Entity).
[2026-06-24 16:46:05.243] Found 13 possible bad axioms.
[2026-06-24 16:46:05.244] Selected the bad axiom SubClassOf(owl:Thing Occurrent_Entity).
[2026-06-24 16:46:05.246] Found 12 possible bad axioms.
[2026-06-24 16:46:05.246] Selected the bad axiom SubClassOf(Occurrent_Entity Functional_Entity).
[2026-06-24 16:46:05.247] Found 11 possible bad axioms.
[2026-06-24 16:46:05.248] Selected the bad axiom SubClassOf(owl:Thing Processual_Entity).
[2026-06-24 16:46:05.249] Finished repairing the ontology.
Repairing with A2 (not-in-largest-mcs-removal)...
[2026-06-24 16:46:05.250] Checking precondition...
[2026-06-24 16:46:05.258] Starting the repair...
[2026-06-24 16:46:05.372] Found 1 possible bad axioms.
[2026-06-24 16:46:05.372] Selected the bad axiom SubClassOf(Entity owl:Nothing).
[2026-06-24 16:46:05.373] Finished repairing the ontology.
Repairing with A3 (default-weakening)...
[2026-06-24 16:46:05.374] Checking precondition...
[2026-06-24 16:46:05.383] Starting the repair...
[2026-06-24 16:46:05.392] Selected a reference ontology with 25 axioms.
[2026-06-24 16:46:05.532] Selected the bad axiom SubClassOf(Entity owl:Nothing).
[2026-06-24 16:46:05.541] Selected the weaker axiom SubClassOf(Entity Entity).
[2026-06-24 16:46:05.543] Finished repairing the ontology.
Repairing with B1 (bad-in_some_mus-weaker-random)...
[2026-06-24 16:46:05.544] Checking precondition...
[2026-06-24 16:46:05.546] Starting the repair...
[2026-06-24 16:46:05.551] Selected a reference ontology with 24 axioms.
[2026-06-24 16:46:05.644] Selected the bad axiom SubClassOf(Entity
...[truncated]
SUCCESS: attempt=141 seed=1988018 success_count=67/100
progress: ontology=PLIO attempt=141 success=67/100
----- PLIO attempt=142 seed=2002218 at 2026-06-24 16:46:08 -----
--- stdout ---
{"seed":2002218,"run_id":"20260624134028346645","trial_status":"success","error_type":null,"failure_stage":null,"error_message":null,"iic_values":{"B1_vs_A1":0.8571428571428571,"B1_vs_A2":0.5,"B1_vs_A3":0.5,"B2_vs_A1":0.8571428571428571,"B2_vs_A2":0.5,"B2_vs_A3":0.5,"B3_vs_A1":0.8571428571428571,"B3_vs_A2":0.5,"B3_vs_A3":0.5,"B4_vs_A1":0.6666666666666666,"B4_vs_A2":0.5,"B4_vs_A3":0.5,"B5_vs_A1":0.6666666666666666,"B5_vs_A2":0.5,"B5_vs_A3":0.5,"B6_vs_A1":0.6666666666666666,"B6_vs_A2":0.5,"B6_vs_A3":0.5,"B7_vs_A1":0.6666666666666666,"B7_vs_A2":0.5,"B7_vs_A3":0.5,"B8_vs_A1":0.6666666666666666,"B8_vs_A2":0.5,"B8_vs_A3":0.5,"B9_vs_A1":0.6666666666666666,"B9_vs_A2":0.5,"B9_vs_A3":0.5},"repair_runtimes_ms":{"A1":42,"A2":119,"A3":177,"B1":168,"B2":423,"B3":345,"B4":29,"B5":447,"B6":324,"B7":19,"B8":341,"B9":288}}

--- stderr ---
SingleTrialExperiment starting: ontology=/workspaces/ontologyutils-ekaw26/repair-power-index-replication-ekaw26/ontologies/inconsistent/PLIO.owl, seed=2002218, run_id=20260624134028346645
Loaded ontology.
Normalizing ontology with SROIQ normalization...
Normalized ontology with SROIQ normalization.
Ontology is already inconsistent, skipping make-inconsistent step.
Repairing with A1 (random-removal)...
[2026-06-24 16:46:08.391] Checking precondition...
[2026-06-24 16:46:08.400] Starting the repair...
[2026-06-24 16:46:08.407] Found 19 possible bad axioms.
[2026-06-24 16:46:08.408] Selected the bad axiom SubClassOf(Occurrent_Entity Entity).
[2026-06-24 16:46:08.413] Found 18 possible bad axioms.
[2026-06-24 16:46:08.413] Selected the bad axiom SubClassOf(owl:Thing Processual_Entity).
[2026-06-24 16:46:08.416] Found 17 possible bad axioms.
[2026-06-24 16:46:08.417] Selected the bad axiom SubClassOf(Continuant_Entity Occurrent_Entity).
[2026-06-24 16:46:08.420] Found 16 possible bad axioms.
[2026-06-24 16:46:08.420] Selected the bad axiom SubClassOf(Entity Occurrent_Entity).
[2026-06-24 16:46:08.423] Found 15 possible bad axioms.
[2026-06-24 16:46:08.424] Selected the bad axiom SubClassOf(Occurrent_Entity Continuant_Entity).
[2026-06-24 16:46:08.426] Found 14 possible bad axioms.
[2026-06-24 16:46:08.426] Selected the bad axiom SubClassOf(Continuant_Entity Entity).
[2026-06-24 16:46:08.429] Finished repairing the ontology.
Repairing with A2 (not-in-largest-mcs-removal)...
[2026-06-24 16:46:08.430] Checking precondition...
[2026-06-24 16:46:08.435] Starting the repair...
[2026-06-24 16:46:08.547] Found 1 possible bad axioms.
[2026-06-24 16:46:08.548] Selected the bad axiom SubClassOf(Entity owl:Nothing).
[2026-06-24 16:46:08.549] Finished repairing the ontology.
Repairing with A3 (default-weakening)...
[2026-06-24 16:46:08.550] Checking precondition...
[2026-06-24 16:46:08.553] Starting the repair...
[2026-06-24 16:46:08.564] Selected a reference ontology with 24 axioms.
[2026-06-24 16:46:08.717] Selected the bad axiom SubClassOf(Entity owl:Nothing).
[2026-06-24 16:46:08.725] Selected the weaker axiom SubClassOf(Entity owl:Thing).
[2026-06-24 16:46:08.726] Finished repairing the ontology.
Repairing with B1 (bad-in_some_mus-weaker-random)...
[2026-06-24 16:46:08.727] Checking precondition...
[2026-06-24 16:46:08.729] Starting the repair...
[2026-06-24 16:46:08.733] Selected a reference ontology with 25 axioms.
[2026-06-24 16:46:08.826] Selected the bad axiom SubClassOf(Entity owl:Nothing).
[2026-06-24 16:46:08.828] Selected the weaker axiom SubClassOf(Processual_Entity owl:Nothing).
[2026-06-24 16:46:08.893] Selected the bad axiom SubClassOf(Processual_Entity owl:Nothing).
[2026-06-24 16:46:08.894] Selected the weaker axiom SubClassOf(owl:Nothing owl:Nothing).
[2026-06-24 16:46:08.895] Finished repairing the ontology.
Repairing with B2 (bad-in_some_mus-weaker-shapley)...
[2026-06-24 16:46:08.897] Checking precondition...
[2026-06-24 16:46:08.898] Start
...[truncated]
SUCCESS: attempt=142 seed=2002218 success_count=68/100
progress: ontology=PLIO attempt=142 success=68/100
----- PLIO attempt=143 seed=2016418 at 2026-06-24 16:46:11 -----
--- stdout ---
{"seed":2016418,"run_id":"20260624134028346645","trial_status":"time_limit_exceeded","error_type":"timeout","failure_stage":"B7","error_message":"Repair timeout: B7 exceeded 300 seconds","iic_values":{},"repair_runtimes_ms":{"A1":45,"A2":151,"A3":176,"B1":129,"B2":630,"B3":279,"B4":32,"B5":411,"B6":288,"B7":300001}}

--- stderr ---
SingleTrialExperiment starting: ontology=/workspaces/ontologyutils-ekaw26/repair-power-index-replication-ekaw26/ontologies/inconsistent/PLIO.owl, seed=2016418, run_id=20260624134028346645
Loaded ontology.
Normalizing ontology with SROIQ normalization...
Normalized ontology with SROIQ normalization.
Ontology is already inconsistent, skipping make-inconsistent step.
Repairing with A1 (random-removal)...
[2026-06-24 16:46:11.512] Checking precondition...
[2026-06-24 16:46:11.521] Starting the repair...
[2026-06-24 16:46:11.526] Found 19 possible bad axioms.
[2026-06-24 16:46:11.528] Selected the bad axiom SubClassOf(Entity Functional_Entity).
[2026-06-24 16:46:11.532] Found 18 possible bad axioms.
[2026-06-24 16:46:11.533] Selected the bad axiom SubClassOf(Entity Occurrent_Entity).
[2026-06-24 16:46:11.536] Found 17 possible bad axioms.
[2026-06-24 16:46:11.536] Selected the bad axiom SubClassOf(Entity Continuant_Entity).
[2026-06-24 16:46:11.540] Found 16 possible bad axioms.
[2026-06-24 16:46:11.540] Selected the bad axiom SubClassOf(Functional_Entity Independent_Continuant_Entity).
[2026-06-24 16:46:11.543] Found 15 possible bad axioms.
[2026-06-24 16:46:11.543] Selected the bad axiom SubClassOf(Occurrent_Entity Continuant_Entity).
[2026-06-24 16:46:11.546] Found 14 possible bad axioms.
[2026-06-24 16:46:11.546] Selected the bad axiom SubClassOf(Independent_Continuant_Entity Continuant_Entity).
[2026-06-24 16:46:11.548] Found 13 possible bad axioms.
[2026-06-24 16:46:11.549] Selected the bad axiom SubClassOf(Continuant_Entity Processual_Entity).
[2026-06-24 16:46:11.551] Found 12 possible bad axioms.
[2026-06-24 16:46:11.551] Selected the bad axiom SubClassOf(Entity owl:Nothing).
[2026-06-24 16:46:11.553] Finished repairing the ontology.
Repairing with A2 (not-in-largest-mcs-removal)...
[2026-06-24 16:46:11.554] Checking precondition...
[2026-06-24 16:46:11.558] Starting the repair...
[2026-06-24 16:46:11.703] Found 1 possible bad axioms.
[2026-06-24 16:46:11.704] Selected the bad axiom SubClassOf(Entity owl:Nothing).
[2026-06-24 16:46:11.704] Finished repairing the ontology.
Repairing with A3 (default-weakening)...
[2026-06-24 16:46:11.706] Checking precondition...
[2026-06-24 16:46:11.708] Starting the repair...
[2026-06-24 16:46:11.714] Selected a reference ontology with 25 axioms.
[2026-06-24 16:46:11.870] Selected the bad axiom SubClassOf(Entity owl:Nothing).
[2026-06-24 16:46:11.879] Selected the weaker axiom SubClassOf(Entity Processual_Entity).
[2026-06-24 16:46:11.881] Finished repairing the ontology.
Repairing with B1 (bad-in_some_mus-weaker-random)...
[2026-06-24 16:46:11.882] Checking precondition...
[2026-06-24 16:46:11.883] Starting the repair...
[2026-06-24 16:46:11.887] Selected a reference ontology with 25 axioms.
[2026-06-24 16:46:12.006] Selected the bad axiom SubClassOf(Entity owl:Nothing).
[2026-06-24 16:46:12.008] Selected the weaker axiom SubClassOf(Entity owl:Thing).
[2026-06-24 16:46:12.011] Finished repairing the ontolog
...[truncated]
FAIL: attempt=143 seed=2016418 status=time_limit_exceeded stage=B7 message=Repair timeout: B7 exceeded 300 seconds
progress: ontology=PLIO attempt=143 success=68/100
----- PLIO attempt=144 seed=2030618 at 2026-06-24 16:51:13 -----
--- stdout ---
{"seed":2030618,"run_id":"20260624134028346645","trial_status":"memory_limit_exceeded","error_type":"failure","failure_stage":"B9","error_message":"Repair failed: ExecutionException: java.lang.IllegalStateException: Could not find a weakening for axiom: ⊤ ⊑ Processual_Entity","iic_values":{},"repair_runtimes_ms":{"A1":25,"A2":139,"A3":272,"B1":84,"B2":431,"B3":359,"B4":30,"B5":408,"B6":312,"B7":25,"B8":350,"B9":76}}

--- stderr ---
SingleTrialExperiment starting: ontology=/workspaces/ontologyutils-ekaw26/repair-power-index-replication-ekaw26/ontologies/inconsistent/PLIO.owl, seed=2030618, run_id=20260624134028346645
Loaded ontology.
Normalizing ontology with SROIQ normalization...
Normalized ontology with SROIQ normalization.
Ontology is already inconsistent, skipping make-inconsistent step.
Repairing with A1 (random-removal)...
[2026-06-24 16:51:14.134] Checking precondition...
[2026-06-24 16:51:14.143] Starting the repair...
[2026-06-24 16:51:14.149] Found 19 possible bad axioms.
[2026-06-24 16:51:14.150] Selected the bad axiom SubClassOf(Entity owl:Nothing).
[2026-06-24 16:51:14.155] Finished repairing the ontology.
Repairing with A2 (not-in-largest-mcs-removal)...
[2026-06-24 16:51:14.156] Checking precondition...
[2026-06-24 16:51:14.163] Starting the repair...
[2026-06-24 16:51:14.293] Found 1 possible bad axioms.
[2026-06-24 16:51:14.293] Selected the bad axiom SubClassOf(Entity owl:Nothing).
[2026-06-24 16:51:14.295] Finished repairing the ontology.
Repairing with A3 (default-weakening)...
[2026-06-24 16:51:14.296] Checking precondition...
[2026-06-24 16:51:14.299] Starting the repair...
[2026-06-24 16:51:14.312] Selected a reference ontology with 24 axioms.
[2026-06-24 16:51:14.459] Selected the bad axiom SubClassOf(Entity owl:Nothing).
[2026-06-24 16:51:14.466] Selected the weaker axiom SubClassOf(Continuant_Entity owl:Nothing).
[2026-06-24 16:51:14.567] Selected the bad axiom SubClassOf(Continuant_Entity owl:Nothing).
[2026-06-24 16:51:14.567] Selected the weaker axiom SubClassOf(Continuant_Entity Occurrent_Entity).
[2026-06-24 16:51:14.568] Finished repairing the ontology.
Repairing with B1 (bad-in_some_mus-weaker-random)...
[2026-06-24 16:51:14.568] Checking precondition...
[2026-06-24 16:51:14.569] Starting the repair...
[2026-06-24 16:51:14.573] Selected a reference ontology with 24 axioms.
[2026-06-24 16:51:14.650] Selected the bad axiom SubClassOf(Entity owl:Nothing).
[2026-06-24 16:51:14.652] Selected the weaker axiom SubClassOf(Entity Occurrent_Entity).
[2026-06-24 16:51:14.652] Finished repairing the ontology.
Repairing with B2 (bad-in_some_mus-weaker-shapley)...
[2026-06-24 16:51:14.654] Checking precondition...
[2026-06-24 16:51:14.655] Starting the repair...
[2026-06-24 16:51:14.659] Selected a reference ontology with 24 axioms.
[2026-06-24 16:51:14.726] Selected the bad axiom SubClassOf(Entity owl:Nothing).
[PowerIndexWeakerAxiomSelector] Scoring 8 candidate weakenings for Entity ⊑ ⊥
[PowerIndexWeakerAxiomSelector] Selected weaker axiom: Entity ⊑ Continuant_Entity
[2026-06-24 16:51:15.082] Selected the weaker axiom SubClassOf(Entity Continuant_Entity).
[2026-06-24 16:51:15.084] Finished repairing the ontology.
Repairing with B3 (bad-in_some_mus-weaker-banzhaf)...
[2026-06-24 16:51:15.085] Checking precondition...
[2026-06-24 16:51:15.086] Starting the repair...
[2026-06-24 16:51:15.123] Selected a reference ontology with 25 axioms.
[2026-06-24 16:51:
...[truncated]
FAIL: attempt=144 seed=2030618 status=memory_limit_exceeded stage=B9 message=Repair failed: ExecutionException: java.lang.IllegalStateException: Could not find a weakening for axiom: ⊤ ⊑ Processual_Entity
progress: ontology=PLIO attempt=144 success=68/100
----- PLIO attempt=145 seed=2044818 at 2026-06-24 16:51:16 -----
--- stdout ---
{"seed":2044818,"run_id":"20260624134028346645","trial_status":"success","error_type":null,"failure_stage":null,"error_message":null,"iic_values":{"B1_vs_A1":0.6666666666666666,"B1_vs_A2":0.5,"B1_vs_A3":0.5,"B2_vs_A1":0.6666666666666666,"B2_vs_A2":0.5,"B2_vs_A3":0.5,"B3_vs_A1":0.6666666666666666,"B3_vs_A2":0.5,"B3_vs_A3":0.5,"B4_vs_A1":0.8571428571428571,"B4_vs_A2":0.5,"B4_vs_A3":0.5,"B5_vs_A1":0.8571428571428571,"B5_vs_A2":0.5,"B5_vs_A3":0.5,"B6_vs_A1":0.8571428571428571,"B6_vs_A2":0.5,"B6_vs_A3":0.5,"B7_vs_A1":0.8571428571428571,"B7_vs_A2":0.5,"B7_vs_A3":0.5,"B8_vs_A1":0.8571428571428571,"B8_vs_A2":0.5,"B8_vs_A3":0.5,"B9_vs_A1":0.8571428571428571,"B9_vs_A2":0.5,"B9_vs_A3":0.5},"repair_runtimes_ms":{"A1":28,"A2":155,"A3":160,"B1":226,"B2":422,"B3":357,"B4":29,"B5":455,"B6":330,"B7":19,"B8":339,"B9":248}}

--- stderr ---
SingleTrialExperiment starting: ontology=/workspaces/ontologyutils-ekaw26/repair-power-index-replication-ekaw26/ontologies/inconsistent/PLIO.owl, seed=2044818, run_id=20260624134028346645
Loaded ontology.
Normalizing ontology with SROIQ normalization...
Normalized ontology with SROIQ normalization.
Ontology is already inconsistent, skipping make-inconsistent step.
Repairing with A1 (random-removal)...
[2026-06-24 16:51:17.037] Checking precondition...
[2026-06-24 16:51:17.045] Starting the repair...
[2026-06-24 16:51:17.052] Found 19 possible bad axioms.
[2026-06-24 16:51:17.053] Selected the bad axiom SubClassOf(Processual_Entity Occurrent_Entity).
[2026-06-24 16:51:17.057] Found 18 possible bad axioms.
[2026-06-24 16:51:17.058] Selected the bad axiom SubClassOf(owl:Thing Occurrent_Entity).
[2026-06-24 16:51:17.061] Finished repairing the ontology.
Repairing with A2 (not-in-largest-mcs-removal)...
[2026-06-24 16:51:17.062] Checking precondition...
[2026-06-24 16:51:17.069] Starting the repair...
[2026-06-24 16:51:17.211] Found 1 possible bad axioms.
[2026-06-24 16:51:17.211] Selected the bad axiom SubClassOf(Entity owl:Nothing).
[2026-06-24 16:51:17.212] Finished repairing the ontology.
Repairing with A3 (default-weakening)...
[2026-06-24 16:51:17.219] Checking precondition...
[2026-06-24 16:51:17.222] Starting the repair...
[2026-06-24 16:51:17.231] Selected a reference ontology with 25 axioms.
[2026-06-24 16:51:17.367] Selected the bad axiom SubClassOf(Entity owl:Nothing).
[2026-06-24 16:51:17.376] Selected the weaker axiom SubClassOf(owl:Nothing owl:Nothing).
[2026-06-24 16:51:17.378] Finished repairing the ontology.
Repairing with B1 (bad-in_some_mus-weaker-random)...
[2026-06-24 16:51:17.379] Checking precondition...
[2026-06-24 16:51:17.380] Starting the repair...
[2026-06-24 16:51:17.384] Selected a reference ontology with 25 axioms.
[2026-06-24 16:51:17.483] Selected the bad axiom SubClassOf(Entity owl:Nothing).
[2026-06-24 16:51:17.485] Selected the weaker axiom SubClassOf(Functional_Entity owl:Nothing).
[2026-06-24 16:51:17.554] Selected the bad axiom SubClassOf(Functional_Entity owl:Nothing).
[2026-06-24 16:51:17.554] Selected the weaker axiom SubClassOf(Occurrent_Entity owl:Nothing).
[2026-06-24 16:51:17.604] Selected the bad axiom SubClassOf(Occurrent_Entity owl:Nothing).
[2026-06-24 16:51:17.604] Selected the weaker axiom SubClassOf(owl:Nothing owl:Nothing).
[2026-06-24 16:51:17.604] Finished repairing the ontology.
Repairing with B2 (bad-in_some_mus-weaker-shapley)...
[2026-06-24 16:51:17.606] Checking precondition...
[2026-06-24 16:51:17.607] Starting the repair...
[2026-06-24 16:51:17.609] Selected a reference ontology with 24 axioms.
[2026-06-24 16:51:17.677] Selected the bad axiom SubClassOf(Entity owl:Nothing).
[PowerIndexWeakerAxiomSelector] Scoring 8 candidate weakenings for Entity ⊑ ⊥
[PowerIndexWeakerAxiomSelector] Selected weaker axiom: Entity ⊑ Continuant_Entity
[2026-06-24 16:51:18.021] Selected the weaker axiom SubCla
...[truncated]
SUCCESS: attempt=145 seed=2044818 success_count=69/100
progress: ontology=PLIO attempt=145 success=69/100
----- PLIO attempt=146 seed=2059018 at 2026-06-24 16:51:19 -----
--- stdout ---
{"seed":2059018,"run_id":"20260624134028346645","trial_status":"success","error_type":null,"failure_stage":null,"error_message":null,"iic_values":{"B1_vs_A1":0.7894736842105263,"B1_vs_A2":0.5,"B1_vs_A3":0.5,"B2_vs_A1":0.7894736842105263,"B2_vs_A2":0.5,"B2_vs_A3":0.5,"B3_vs_A1":0.7894736842105263,"B3_vs_A2":0.5,"B3_vs_A3":0.5,"B4_vs_A1":1.0,"B4_vs_A2":0.5,"B4_vs_A3":0.5,"B5_vs_A1":1.0,"B5_vs_A2":0.5,"B5_vs_A3":0.5,"B6_vs_A1":1.0,"B6_vs_A2":0.5,"B6_vs_A3":0.5,"B7_vs_A1":1.0,"B7_vs_A2":0.5,"B7_vs_A3":0.5,"B8_vs_A1":1.0,"B8_vs_A2":0.5,"B8_vs_A3":0.5,"B9_vs_A1":1.0,"B9_vs_A2":0.5,"B9_vs_A3":0.5},"repair_runtimes_ms":{"A1":40,"A2":131,"A3":183,"B1":104,"B2":548,"B3":362,"B4":31,"B5":418,"B6":349,"B7":18,"B8":293,"B9":309}}

--- stderr ---
SingleTrialExperiment starting: ontology=/workspaces/ontologyutils-ekaw26/repair-power-index-replication-ekaw26/ontologies/inconsistent/PLIO.owl, seed=2059018, run_id=20260624134028346645
Loaded ontology.
Normalizing ontology with SROIQ normalization...
Normalized ontology with SROIQ normalization.
Ontology is already inconsistent, skipping make-inconsistent step.
Repairing with A1 (random-removal)...
[2026-06-24 16:51:20.194] Checking precondition...
[2026-06-24 16:51:20.204] Starting the repair...
[2026-06-24 16:51:20.209] Found 19 possible bad axioms.
[2026-06-24 16:51:20.211] Selected the bad axiom SubClassOf(Entity Functional_Entity).
[2026-06-24 16:51:20.217] Found 18 possible bad axioms.
[2026-06-24 16:51:20.218] Selected the bad axiom SubClassOf(Entity Occurrent_Entity).
[2026-06-24 16:51:20.221] Found 17 possible bad axioms.
[2026-06-24 16:51:20.221] Selected the bad axiom SubClassOf(Independent_Continuant_Entity Continuant_Entity).
[2026-06-24 16:51:20.225] Found 16 possible bad axioms.
[2026-06-24 16:51:20.225] Selected the bad axiom SubClassOf(owl:Thing Processual_Entity).
[2026-06-24 16:51:20.227] Found 15 possible bad axioms.
[2026-06-24 16:51:20.228] Selected the bad axiom SubClassOf(owl:Thing Occurrent_Entity).
[2026-06-24 16:51:20.230] Finished repairing the ontology.
Repairing with A2 (not-in-largest-mcs-removal)...
[2026-06-24 16:51:20.231] Checking precondition...
[2026-06-24 16:51:20.237] Starting the repair...
[2026-06-24 16:51:20.359] Found 1 possible bad axioms.
[2026-06-24 16:51:20.359] Selected the bad axiom SubClassOf(Entity owl:Nothing).
[2026-06-24 16:51:20.362] Finished repairing the ontology.
Repairing with A3 (default-weakening)...
[2026-06-24 16:51:20.364] Checking precondition...
[2026-06-24 16:51:20.366] Starting the repair...
[2026-06-24 16:51:20.382] Selected a reference ontology with 25 axioms.
[2026-06-24 16:51:20.535] Selected the bad axiom SubClassOf(Entity owl:Nothing).
[2026-06-24 16:51:20.544] Selected the weaker axiom SubClassOf(Entity Processual_Entity).
[2026-06-24 16:51:20.546] Finished repairing the ontology.
Repairing with B1 (bad-in_some_mus-weaker-random)...
[2026-06-24 16:51:20.547] Checking precondition...
[2026-06-24 16:51:20.548] Starting the repair...
[2026-06-24 16:51:20.553] Selected a reference ontology with 25 axioms.
[2026-06-24 16:51:20.647] Selected the bad axiom SubClassOf(Entity owl:Nothing).
[2026-06-24 16:51:20.650] Selected the weaker axiom SubClassOf(owl:Nothing owl:Nothing).
[2026-06-24 16:51:20.651] Finished repairing the ontology.
Repairing with B2 (bad-in_some_mus-weaker-shapley)...
[2026-06-24 16:51:20.653] Checking precondition...
[2026-06-24 16:51:20.654] Starting the repair...
[2026-06-24 16:51:20.657] Selected a reference ontology with 25 axioms.
[2026-06-24 16:51:20.734] Selected the bad axiom SubClassOf(Entity owl:Nothing).
[PowerIndexWeakerAxiomSelector] Scoring 14 candidate weakenings for Entity ⊑ ⊥
[PowerIndexWeakerAxiomSelector] Selected weaker axiom: Entity ⊑ Co
...[truncated]
SUCCESS: attempt=146 seed=2059018 success_count=70/100
progress: ontology=PLIO attempt=146 success=70/100
----- PLIO attempt=147 seed=2073218 at 2026-06-24 16:51:23 -----
--- stdout ---
{"seed":2073218,"run_id":"20260624134028346645","trial_status":"time_limit_exceeded","error_type":"timeout","failure_stage":"B7","error_message":"Repair timeout: B7 exceeded 300 seconds","iic_values":{},"repair_runtimes_ms":{"A1":45,"A2":131,"A3":275,"B1":90,"B2":507,"B3":281,"B4":31,"B5":413,"B6":293,"B7":300002}}

--- stderr ---
SingleTrialExperiment starting: ontology=/workspaces/ontologyutils-ekaw26/repair-power-index-replication-ekaw26/ontologies/inconsistent/PLIO.owl, seed=2073218, run_id=20260624134028346645
Loaded ontology.
Normalizing ontology with SROIQ normalization...
Normalized ontology with SROIQ normalization.
Ontology is already inconsistent, skipping make-inconsistent step.
Repairing with A1 (random-removal)...
[2026-06-24 16:51:23.402] Checking precondition...
[2026-06-24 16:51:23.411] Starting the repair...
[2026-06-24 16:51:23.417] Found 19 possible bad axioms.
[2026-06-24 16:51:23.418] Selected the bad axiom SubClassOf(Entity Processual_Entity).
[2026-06-24 16:51:23.422] Found 18 possible bad axioms.
[2026-06-24 16:51:23.422] Selected the bad axiom SubClassOf(Entity Continuant_Entity).
[2026-06-24 16:51:23.425] Found 17 possible bad axioms.
[2026-06-24 16:51:23.425] Selected the bad axiom SubClassOf(Processual_Entity Occurrent_Entity).
[2026-06-24 16:51:23.428] Found 16 possible bad axioms.
[2026-06-24 16:51:23.428] Selected the bad axiom SubClassOf(Occurrent_Entity Functional_Entity).
[2026-06-24 16:51:23.431] Found 15 possible bad axioms.
[2026-06-24 16:51:23.431] Selected the bad axiom SubClassOf(Continuant_Entity Processual_Entity).
[2026-06-24 16:51:23.434] Found 14 possible bad axioms.
[2026-06-24 16:51:23.435] Selected the bad axiom SubClassOf(Entity Occurrent_Entity).
[2026-06-24 16:51:23.437] Found 13 possible bad axioms.
[2026-06-24 16:51:23.437] Selected the bad axiom SubClassOf(Entity owl:Thing).
[2026-06-24 16:51:23.439] Found 12 possible bad axioms.
[2026-06-24 16:51:23.440] Selected the bad axiom SubClassOf(Occurrent_Entity Continuant_Entity).
[2026-06-24 16:51:23.442] Found 11 possible bad axioms.
[2026-06-24 16:51:23.442] Selected the bad axiom SubClassOf(owl:Thing Occurrent_Entity).
[2026-06-24 16:51:23.443] Finished repairing the ontology.
Repairing with A2 (not-in-largest-mcs-removal)...
[2026-06-24 16:51:23.444] Checking precondition...
[2026-06-24 16:51:23.452] Starting the repair...
[2026-06-24 16:51:23.573] Found 1 possible bad axioms.
[2026-06-24 16:51:23.574] Selected the bad axiom SubClassOf(Entity owl:Nothing).
[2026-06-24 16:51:23.575] Finished repairing the ontology.
Repairing with A3 (default-weakening)...
[2026-06-24 16:51:23.577] Checking precondition...
[2026-06-24 16:51:23.586] Starting the repair...
[2026-06-24 16:51:23.599] Selected a reference ontology with 25 axioms.
[2026-06-24 16:51:23.744] Selected the bad axiom SubClassOf(Entity owl:Nothing).
[2026-06-24 16:51:23.752] Selected the weaker axiom SubClassOf(Processual_Entity owl:Nothing).
[2026-06-24 16:51:23.848] Selected the bad axiom SubClassOf(Processual_Entity owl:Nothing).
[2026-06-24 16:51:23.849] Selected the weaker axiom SubClassOf(owl:Nothing owl:Nothing).
[2026-06-24 16:51:23.850] Finished repairing the ontology.
Repairing with B1 (bad-in_some_mus-weaker-random)...
[2026-06-24 16:51:23.851] Checking precondition...
[2026-06-24 16:51:23.852] Starting th
...[truncated]
FAIL: attempt=147 seed=2073218 status=time_limit_exceeded stage=B7 message=Repair timeout: B7 exceeded 300 seconds
progress: ontology=PLIO attempt=147 success=70/100
----- PLIO attempt=148 seed=2087418 at 2026-06-24 16:56:25 -----
--- stdout ---
{"seed":2087418,"run_id":"20260624134028346645","trial_status":"memory_limit_exceeded","error_type":"failure","failure_stage":"B8","error_message":"Repair failed: ExecutionException: java.lang.IllegalStateException: Could not find a weakening for axiom: ⊤ ⊑ Processual_Entity","iic_values":{},"repair_runtimes_ms":{"A1":34,"A2":128,"A3":188,"B1":160,"B2":574,"B3":218,"B4":24,"B5":405,"B6":341,"B7":20,"B8":219}}

--- stderr ---
SingleTrialExperiment starting: ontology=/workspaces/ontologyutils-ekaw26/repair-power-index-replication-ekaw26/ontologies/inconsistent/PLIO.owl, seed=2087418, run_id=20260624134028346645
Loaded ontology.
Normalizing ontology with SROIQ normalization...
Normalized ontology with SROIQ normalization.
Ontology is already inconsistent, skipping make-inconsistent step.
Repairing with A1 (random-removal)...
[2026-06-24 16:56:25.934] Checking precondition...
[2026-06-24 16:56:25.943] Starting the repair...
[2026-06-24 16:56:25.950] Found 19 possible bad axioms.
[2026-06-24 16:56:25.951] Selected the bad axiom SubClassOf(Occurrent_Entity Entity).
[2026-06-24 16:56:25.956] Found 18 possible bad axioms.
[2026-06-24 16:56:25.957] Selected the bad axiom SubClassOf(owl:Thing Occurrent_Entity).
[2026-06-24 16:56:25.960] Found 17 possible bad axioms.
[2026-06-24 16:56:25.960] Selected the bad axiom SubClassOf(Processual_Entity Occurrent_Entity).
[2026-06-24 16:56:25.964] Finished repairing the ontology.
Repairing with A2 (not-in-largest-mcs-removal)...
[2026-06-24 16:56:25.964] Checking precondition...
[2026-06-24 16:56:25.970] Starting the repair...
[2026-06-24 16:56:26.090] Found 1 possible bad axioms.
[2026-06-24 16:56:26.090] Selected the bad axiom SubClassOf(Entity owl:Nothing).
[2026-06-24 16:56:26.092] Finished repairing the ontology.
Repairing with A3 (default-weakening)...
[2026-06-24 16:56:26.094] Checking precondition...
[2026-06-24 16:56:26.097] Starting the repair...
[2026-06-24 16:56:26.107] Selected a reference ontology with 25 axioms.
[2026-06-24 16:56:26.269] Selected the bad axiom SubClassOf(Entity owl:Nothing).
[2026-06-24 16:56:26.279] Selected the weaker axiom SubClassOf(Entity Continuant_Entity).
[2026-06-24 16:56:26.281] Finished repairing the ontology.
Repairing with B1 (bad-in_some_mus-weaker-random)...
[2026-06-24 16:56:26.282] Checking precondition...
[2026-06-24 16:56:26.283] Starting the repair...
[2026-06-24 16:56:26.287] Selected a reference ontology with 24 axioms.
[2026-06-24 16:56:26.376] Selected the bad axiom SubClassOf(Entity owl:Nothing).
[2026-06-24 16:56:26.377] Selected the weaker axiom SubClassOf(Occurrent_Entity owl:Nothing).
[2026-06-24 16:56:26.440] Selected the bad axiom SubClassOf(Occurrent_Entity owl:Nothing).
[2026-06-24 16:56:26.441] Selected the weaker axiom SubClassOf(Occurrent_Entity owl:Thing).
[2026-06-24 16:56:26.441] Finished repairing the ontology.
Repairing with B2 (bad-in_some_mus-weaker-shapley)...
[2026-06-24 16:56:26.443] Checking precondition...
[2026-06-24 16:56:26.444] Starting the repair...
[2026-06-24 16:56:26.448] Selected a reference ontology with 25 axioms.
[2026-06-24 16:56:26.510] Selected the bad axiom SubClassOf(Entity owl:Nothing).
[PowerIndexWeakerAxiomSelector] Scoring 14 candidate weakenings for Entity ⊑ ⊥
[PowerIndexWeakerAxiomSelector] Selected weaker axiom: Entity ⊑ Continuant_Entity
[2026-06-24 16:56:27.010] Selected the weaker axiom SubClassOf(Entity Continuant_Entity).
[2026-06
...[truncated]
FAIL: attempt=148 seed=2087418 status=memory_limit_exceeded stage=B8 message=Repair failed: ExecutionException: java.lang.IllegalStateException: Could not find a weakening for axiom: ⊤ ⊑ Processual_Entity
progress: ontology=PLIO attempt=148 success=70/100
----- PLIO attempt=149 seed=2101618 at 2026-06-24 16:56:28 -----
--- stdout ---
{"seed":2101618,"run_id":"20260624134028346645","trial_status":"success","error_type":null,"failure_stage":null,"error_message":null,"iic_values":{"B1_vs_A1":0.875,"B1_vs_A2":0.5,"B1_vs_A3":0.5,"B2_vs_A1":0.875,"B2_vs_A2":0.5,"B2_vs_A3":0.5,"B3_vs_A1":0.875,"B3_vs_A2":0.5,"B3_vs_A3":0.5,"B4_vs_A1":0.8333333333333334,"B4_vs_A2":0.5,"B4_vs_A3":0.5,"B5_vs_A1":0.8333333333333334,"B5_vs_A2":0.5,"B5_vs_A3":0.5,"B6_vs_A1":0.8333333333333334,"B6_vs_A2":0.5,"B6_vs_A3":0.5,"B7_vs_A1":0.8333333333333334,"B7_vs_A2":0.5,"B7_vs_A3":0.5,"B8_vs_A1":0.8333333333333334,"B8_vs_A2":0.5,"B8_vs_A3":0.5,"B9_vs_A1":0.8333333333333334,"B9_vs_A2":0.5,"B9_vs_A3":0.5},"repair_runtimes_ms":{"A1":45,"A2":134,"A3":162,"B1":110,"B2":533,"B3":217,"B4":35,"B5":475,"B6":305,"B7":19,"B8":377,"B9":284}}

--- stderr ---
SingleTrialExperiment starting: ontology=/workspaces/ontologyutils-ekaw26/repair-power-index-replication-ekaw26/ontologies/inconsistent/PLIO.owl, seed=2101618, run_id=20260624134028346645
Loaded ontology.
Normalizing ontology with SROIQ normalization...
Normalized ontology with SROIQ normalization.
Ontology is already inconsistent, skipping make-inconsistent step.
Repairing with A1 (random-removal)...
[2026-06-24 16:56:28.625] Checking precondition...
[2026-06-24 16:56:28.633] Starting the repair...
[2026-06-24 16:56:28.641] Found 19 possible bad axioms.
[2026-06-24 16:56:28.642] Selected the bad axiom SubClassOf(Entity Independent_Continuant_Entity).
[2026-06-24 16:56:28.647] Found 18 possible bad axioms.
[2026-06-24 16:56:28.647] Selected the bad axiom SubClassOf(Entity Continuant_Entity).
[2026-06-24 16:56:28.650] Found 17 possible bad axioms.
[2026-06-24 16:56:28.651] Selected the bad axiom SubClassOf(Continuant_Entity Processual_Entity).
[2026-06-24 16:56:28.654] Found 16 possible bad axioms.
[2026-06-24 16:56:28.654] Selected the bad axiom SubClassOf(Occurrent_Entity Functional_Entity).
[2026-06-24 16:56:28.657] Found 15 possible bad axioms.
[2026-06-24 16:56:28.657] Selected the bad axiom SubClassOf(Occurrent_Entity Entity).
[2026-06-24 16:56:28.659] Found 14 possible bad axioms.
[2026-06-24 16:56:28.660] Selected the bad axiom SubClassOf(Occurrent_Entity Continuant_Entity).
[2026-06-24 16:56:28.663] Found 13 possible bad axioms.
[2026-06-24 16:56:28.663] Selected the bad axiom SubClassOf(Independent_Continuant_Entity Continuant_Entity).
[2026-06-24 16:56:28.666] Finished repairing the ontology.
Repairing with A2 (not-in-largest-mcs-removal)...
[2026-06-24 16:56:28.666] Checking precondition...
[2026-06-24 16:56:28.671] Starting the repair...
[2026-06-24 16:56:28.799] Found 1 possible bad axioms.
[2026-06-24 16:56:28.799] Selected the bad axiom SubClassOf(Entity owl:Nothing).
[2026-06-24 16:56:28.801] Finished repairing the ontology.
Repairing with A3 (default-weakening)...
[2026-06-24 16:56:28.802] Checking precondition...
[2026-06-24 16:56:28.804] Starting the repair...
[2026-06-24 16:56:28.812] Selected a reference ontology with 24 axioms.
[2026-06-24 16:56:28.954] Selected the bad axiom SubClassOf(Entity owl:Nothing).
[2026-06-24 16:56:28.962] Selected the weaker axiom SubClassOf(Entity owl:Thing).
[2026-06-24 16:56:28.963] Finished repairing the ontology.
Repairing with B1 (bad-in_some_mus-weaker-random)...
[2026-06-24 16:56:28.964] Checking precondition...
[2026-06-24 16:56:28.965] Starting the repair...
[2026-06-24 16:56:28.969] Selected a reference ontology with 24 axioms.
[2026-06-24 16:56:29.064] Selected the bad axiom SubClassOf(Entity owl:Nothing).
[2026-06-24 16:56:29.073] Selected the weaker axiom SubClassOf(Entity owl:Thing).
[2026-06-24 16:56:29.074] Finished repairing the ontology.
Repairing with B2 (bad-in_some_mus-weaker-shapley)...
[2026-06-24 16:56:29.076] Checking precondition...
[2026-06-24 16:56:29.077] Starting the
...[truncated]
SUCCESS: attempt=149 seed=2101618 success_count=71/100
progress: ontology=PLIO attempt=149 success=71/100
----- PLIO attempt=150 seed=2115818 at 2026-06-24 16:56:31 -----
--- stdout ---
{"seed":2115818,"run_id":"20260624134028346645","trial_status":"memory_limit_exceeded","error_type":"failure","failure_stage":"A3","error_message":"Repair failed: ExecutionException: java.lang.NullPointerException: operands cannot be null or empty","iic_values":{},"repair_runtimes_ms":{"A1":43,"A2":135,"A3":184}}

--- stderr ---
SingleTrialExperiment starting: ontology=/workspaces/ontologyutils-ekaw26/repair-power-index-replication-ekaw26/ontologies/inconsistent/PLIO.owl, seed=2115818, run_id=20260624134028346645
Loaded ontology.
Normalizing ontology with SROIQ normalization...
Normalized ontology with SROIQ normalization.
Ontology is already inconsistent, skipping make-inconsistent step.
Repairing with A1 (random-removal)...
[2026-06-24 16:56:31.736] Checking precondition...
[2026-06-24 16:56:31.745] Starting the repair...
[2026-06-24 16:56:31.751] Found 19 possible bad axioms.
[2026-06-24 16:56:31.752] Selected the bad axiom SubClassOf(owl:Thing Occurrent_Entity).
[2026-06-24 16:56:31.756] Found 18 possible bad axioms.
[2026-06-24 16:56:31.757] Selected the bad axiom SubClassOf(Occurrent_Entity Independent_Continuant_Entity).
[2026-06-24 16:56:31.760] Found 17 possible bad axioms.
[2026-06-24 16:56:31.761] Selected the bad axiom SubClassOf(Entity Processual_Entity).
[2026-06-24 16:56:31.764] Found 16 possible bad axioms.
[2026-06-24 16:56:31.764] Selected the bad axiom SubClassOf(Occurrent_Entity Entity).
[2026-06-24 16:56:31.766] Found 15 possible bad axioms.
[2026-06-24 16:56:31.766] Selected the bad axiom SubClassOf(Entity owl:Thing).
[2026-06-24 16:56:31.769] Found 14 possible bad axioms.
[2026-06-24 16:56:31.769] Selected the bad axiom SubClassOf(Independent_Continuant_Entity Continuant_Entity).
[2026-06-24 16:56:31.771] Found 13 possible bad axioms.
[2026-06-24 16:56:31.772] Selected the bad axiom SubClassOf(owl:Thing Processual_Entity).
[2026-06-24 16:56:31.774] Finished repairing the ontology.
Repairing with A2 (not-in-largest-mcs-removal)...
[2026-06-24 16:56:31.775] Checking precondition...
[2026-06-24 16:56:31.779] Starting the repair...
[2026-06-24 16:56:31.908] Found 1 possible bad axioms.
[2026-06-24 16:56:31.908] Selected the bad axiom SubClassOf(Entity owl:Nothing).
[2026-06-24 16:56:31.909] Finished repairing the ontology.
Repairing with A3 (default-weakening)...
[2026-06-24 16:56:31.911] Checking precondition...
[2026-06-24 16:56:31.913] Starting the repair...
[2026-06-24 16:56:31.924] Selected a reference ontology with 25 axioms.
[2026-06-24 16:56:32.083] Selected the bad axiom SubClassOf(Entity owl:Nothing).
[2026-06-24 16:56:32.092] Selected the weaker axiom SubClassOf(owl:Thing owl:Nothing).
Failure: Repair failed: ExecutionException: java.lang.NullPointerException: operands cannot be null or empty

FAIL: attempt=150 seed=2115818 status=memory_limit_exceeded stage=A3 message=Repair failed: ExecutionException: java.lang.NullPointerException: operands cannot be null or empty
progress: ontology=PLIO attempt=150 success=71/100
----- PLIO attempt=151 seed=2130018 at 2026-06-24 16:56:32 -----
--- stdout ---
{"seed":2130018,"run_id":"20260624134028346645","trial_status":"memory_limit_exceeded","error_type":"failure","failure_stage":"B6","error_message":"Repair failed: ExecutionException: java.lang.IllegalStateException: Could not find a weakening for axiom: ⊤ ⊑ Processual_Entity","iic_values":{},"repair_runtimes_ms":{"A1":39,"A2":118,"A3":163,"B1":188,"B2":553,"B3":300,"B4":39,"B5":431,"B6":206}}

--- stderr ---
SingleTrialExperiment starting: ontology=/workspaces/ontologyutils-ekaw26/repair-power-index-replication-ekaw26/ontologies/inconsistent/PLIO.owl, seed=2130018, run_id=20260624134028346645
Loaded ontology.
Normalizing ontology with SROIQ normalization...
Normalized ontology with SROIQ normalization.
Ontology is already inconsistent, skipping make-inconsistent step.
Repairing with A1 (random-removal)...
[2026-06-24 16:56:32.489] Checking precondition...
[2026-06-24 16:56:32.498] Starting the repair...
[2026-06-24 16:56:32.504] Found 19 possible bad axioms.
[2026-06-24 16:56:32.505] Selected the bad axiom SubClassOf(Processual_Entity Occurrent_Entity).
[2026-06-24 16:56:32.510] Found 18 possible bad axioms.
[2026-06-24 16:56:32.511] Selected the bad axiom SubClassOf(Continuant_Entity Processual_Entity).
[2026-06-24 16:56:32.514] Found 17 possible bad axioms.
[2026-06-24 16:56:32.514] Selected the bad axiom SubClassOf(Occurrent_Entity Entity).
[2026-06-24 16:56:32.517] Found 16 possible bad axioms.
[2026-06-24 16:56:32.517] Selected the bad axiom SubClassOf(Independent_Continuant_Entity Continuant_Entity).
[2026-06-24 16:56:32.521] Found 15 possible bad axioms.
[2026-06-24 16:56:32.521] Selected the bad axiom SubClassOf(Occurrent_Entity Continuant_Entity).
[2026-06-24 16:56:32.524] Finished repairing the ontology.
Repairing with A2 (not-in-largest-mcs-removal)...
[2026-06-24 16:56:32.525] Checking precondition...
[2026-06-24 16:56:32.530] Starting the repair...
[2026-06-24 16:56:32.641] Found 1 possible bad axioms.
[2026-06-24 16:56:32.641] Selected the bad axiom SubClassOf(Entity owl:Nothing).
[2026-06-24 16:56:32.643] Finished repairing the ontology.
Repairing with A3 (default-weakening)...
[2026-06-24 16:56:32.644] Checking precondition...
[2026-06-24 16:56:32.647] Starting the repair...
[2026-06-24 16:56:32.654] Selected a reference ontology with 25 axioms.
[2026-06-24 16:56:32.794] Selected the bad axiom SubClassOf(Entity owl:Nothing).
[2026-06-24 16:56:32.804] Selected the weaker axiom SubClassOf(Entity Occurrent_Entity).
[2026-06-24 16:56:32.806] Finished repairing the ontology.
Repairing with B1 (bad-in_some_mus-weaker-random)...
[2026-06-24 16:56:32.807] Checking precondition...
[2026-06-24 16:56:32.809] Starting the repair...
[2026-06-24 16:56:32.816] Selected a reference ontology with 25 axioms.
[2026-06-24 16:56:32.916] Selected the bad axiom SubClassOf(Entity owl:Nothing).
[2026-06-24 16:56:32.918] Selected the weaker axiom SubClassOf(Continuant_Entity owl:Nothing).
[2026-06-24 16:56:32.993] Selected the bad axiom SubClassOf(Continuant_Entity owl:Nothing).
[2026-06-24 16:56:32.994] Selected the weaker axiom SubClassOf(Continuant_Entity Occurrent_Entity).
[2026-06-24 16:56:32.994] Finished repairing the ontology.
Repairing with B2 (bad-in_some_mus-weaker-shapley)...
[2026-06-24 16:56:32.996] Checking precondition...
[2026-06-24 16:56:32.997] Starting the repair...
[2026-06-24 16:56:33.001] Selected a reference ontology with 24 axioms.
[20
...[truncated]
FAIL: attempt=151 seed=2130018 status=memory_limit_exceeded stage=B6 message=Repair failed: ExecutionException: java.lang.IllegalStateException: Could not find a weakening for axiom: ⊤ ⊑ Processual_Entity
progress: ontology=PLIO attempt=151 success=71/100
----- PLIO attempt=152 seed=2144218 at 2026-06-24 16:56:34 -----
--- stdout ---
{"seed":2144218,"run_id":"20260624134028346645","trial_status":"memory_limit_exceeded","error_type":"failure","failure_stage":"B5","error_message":"Repair failed: ExecutionException: java.lang.IllegalStateException: Could not find a weakening for axiom: ⊤ ⊑ Processual_Entity","iic_values":{},"repair_runtimes_ms":{"A1":44,"A2":118,"A3":265,"B1":128,"B2":501,"B3":383,"B4":32,"B5":291}}

--- stderr ---
SingleTrialExperiment starting: ontology=/workspaces/ontologyutils-ekaw26/repair-power-index-replication-ekaw26/ontologies/inconsistent/PLIO.owl, seed=2144218, run_id=20260624134028346645
Loaded ontology.
Normalizing ontology with SROIQ normalization...
Normalized ontology with SROIQ normalization.
Ontology is already inconsistent, skipping make-inconsistent step.
Repairing with A1 (random-removal)...
[2026-06-24 16:56:34.910] Checking precondition...
[2026-06-24 16:56:34.919] Starting the repair...
[2026-06-24 16:56:34.925] Found 19 possible bad axioms.
[2026-06-24 16:56:34.926] Selected the bad axiom SubClassOf(Occurrent_Entity Independent_Continuant_Entity).
[2026-06-24 16:56:34.932] Found 18 possible bad axioms.
[2026-06-24 16:56:34.932] Selected the bad axiom SubClassOf(Continuant_Entity Processual_Entity).
[2026-06-24 16:56:34.935] Found 17 possible bad axioms.
[2026-06-24 16:56:34.935] Selected the bad axiom SubClassOf(Occurrent_Entity Functional_Entity).
[2026-06-24 16:56:34.939] Found 16 possible bad axioms.
[2026-06-24 16:56:34.939] Selected the bad axiom SubClassOf(Occurrent_Entity Entity).
[2026-06-24 16:56:34.942] Found 15 possible bad axioms.
[2026-06-24 16:56:34.942] Selected the bad axiom SubClassOf(Entity Processual_Entity).
[2026-06-24 16:56:34.945] Found 14 possible bad axioms.
[2026-06-24 16:56:34.945] Selected the bad axiom SubClassOf(owl:Thing Processual_Entity).
[2026-06-24 16:56:34.948] Found 13 possible bad axioms.
[2026-06-24 16:56:34.948] Selected the bad axiom SubClassOf(Entity owl:Nothing).
[2026-06-24 16:56:34.950] Finished repairing the ontology.
Repairing with A2 (not-in-largest-mcs-removal)...
[2026-06-24 16:56:34.951] Checking precondition...
[2026-06-24 16:56:34.956] Starting the repair...
[2026-06-24 16:56:35.067] Found 1 possible bad axioms.
[2026-06-24 16:56:35.068] Selected the bad axiom SubClassOf(Entity owl:Nothing).
[2026-06-24 16:56:35.069] Finished repairing the ontology.
Repairing with A3 (default-weakening)...
[2026-06-24 16:56:35.070] Checking precondition...
[2026-06-24 16:56:35.073] Starting the repair...
[2026-06-24 16:56:35.090] Selected a reference ontology with 24 axioms.
[2026-06-24 16:56:35.234] Selected the bad axiom SubClassOf(Entity owl:Nothing).
[2026-06-24 16:56:35.243] Selected the weaker axiom SubClassOf(Processual_Entity owl:Nothing).
[2026-06-24 16:56:35.333] Selected the bad axiom SubClassOf(Processual_Entity owl:Nothing).
[2026-06-24 16:56:35.334] Selected the weaker axiom SubClassOf(Processual_Entity Independent_Continuant_Entity).
[2026-06-24 16:56:35.334] Finished repairing the ontology.
Repairing with B1 (bad-in_some_mus-weaker-random)...
[2026-06-24 16:56:35.335] Checking precondition...
[2026-06-24 16:56:35.336] Starting the repair...
[2026-06-24 16:56:35.340] Selected a reference ontology with 24 axioms.
[2026-06-24 16:56:35.408] Selected the bad axiom SubClassOf(Entity owl:Nothing).
[2026-06-24 16:56:35.410] Selected the weaker axiom SubClassOf(Occurrent_Entity owl:Nothing)
...[truncated]
FAIL: attempt=152 seed=2144218 status=memory_limit_exceeded stage=B5 message=Repair failed: ExecutionException: java.lang.IllegalStateException: Could not find a weakening for axiom: ⊤ ⊑ Processual_Entity
progress: ontology=PLIO attempt=152 success=71/100
----- PLIO attempt=153 seed=2158418 at 2026-06-24 16:56:36 -----
--- stdout ---
{"seed":2158418,"run_id":"20260624134028346645","trial_status":"success","error_type":null,"failure_stage":null,"error_message":null,"iic_values":{"B1_vs_A1":0.8571428571428571,"B1_vs_A2":0.5,"B1_vs_A3":0.5,"B2_vs_A1":0.8571428571428571,"B2_vs_A2":0.5,"B2_vs_A3":0.5,"B3_vs_A1":0.8571428571428571,"B3_vs_A2":0.5,"B3_vs_A3":0.5,"B4_vs_A1":0.6666666666666666,"B4_vs_A2":0.5,"B4_vs_A3":0.5,"B5_vs_A1":0.6666666666666666,"B5_vs_A2":0.5,"B5_vs_A3":0.5,"B6_vs_A1":0.6666666666666666,"B6_vs_A2":0.5,"B6_vs_A3":0.5,"B7_vs_A1":0.6666666666666666,"B7_vs_A2":0.5,"B7_vs_A3":0.5,"B8_vs_A1":0.6666666666666666,"B8_vs_A2":0.5,"B8_vs_A3":0.5,"B9_vs_A1":0.6666666666666666,"B9_vs_A2":0.5,"B9_vs_A3":0.5},"repair_runtimes_ms":{"A1":62,"A2":106,"A3":178,"B1":183,"B2":451,"B3":320,"B4":24,"B5":460,"B6":311,"B7":26,"B8":247,"B9":240}}

--- stderr ---
SingleTrialExperiment starting: ontology=/workspaces/ontologyutils-ekaw26/repair-power-index-replication-ekaw26/ontologies/inconsistent/PLIO.owl, seed=2158418, run_id=20260624134028346645
Loaded ontology.
Normalizing ontology with SROIQ normalization...
Normalized ontology with SROIQ normalization.
Ontology is already inconsistent, skipping make-inconsistent step.
Repairing with A1 (random-removal)...
[2026-06-24 16:56:37.083] Checking precondition...
[2026-06-24 16:56:37.092] Starting the repair...
[2026-06-24 16:56:37.098] Found 19 possible bad axioms.
[2026-06-24 16:56:37.099] Selected the bad axiom SubClassOf(Processual_Entity Occurrent_Entity).
[2026-06-24 16:56:37.105] Found 18 possible bad axioms.
[2026-06-24 16:56:37.106] Selected the bad axiom SubClassOf(Continuant_Entity Occurrent_Entity).
[2026-06-24 16:56:37.109] Found 17 possible bad axioms.
[2026-06-24 16:56:37.110] Selected the bad axiom SubClassOf(Occurrent_Entity Independent_Continuant_Entity).
[2026-06-24 16:56:37.113] Found 16 possible bad axioms.
[2026-06-24 16:56:37.113] Selected the bad axiom SubClassOf(Independent_Continuant_Entity Continuant_Entity).
[2026-06-24 16:56:37.116] Found 15 possible bad axioms.
[2026-06-24 16:56:37.116] Selected the bad axiom SubClassOf(Entity Processual_Entity).
[2026-06-24 16:56:37.118] Found 14 possible bad axioms.
[2026-06-24 16:56:37.119] Selected the bad axiom SubClassOf(Entity Occurrent_Entity).
[2026-06-24 16:56:37.121] Found 13 possible bad axioms.
[2026-06-24 16:56:37.122] Selected the bad axiom SubClassOf(Entity Continuant_Entity).
[2026-06-24 16:56:37.124] Found 12 possible bad axioms.
[2026-06-24 16:56:37.125] Selected the bad axiom SubClassOf(Occurrent_Entity Entity).
[2026-06-24 16:56:37.127] Found 11 possible bad axioms.
[2026-06-24 16:56:37.127] Selected the bad axiom SubClassOf(Entity owl:Thing).
[2026-06-24 16:56:37.128] Found 10 possible bad axioms.
[2026-06-24 16:56:37.128] Selected the bad axiom SubClassOf(Continuant_Entity Processual_Entity).
[2026-06-24 16:56:37.130] Found 9 possible bad axioms.
[2026-06-24 16:56:37.130] Selected the bad axiom SubClassOf(Entity Functional_Entity).
[2026-06-24 16:56:37.136] Found 8 possible bad axioms.
[2026-06-24 16:56:37.136] Selected the bad axiom SubClassOf(Entity Independent_Continuant_Entity).
[2026-06-24 16:56:37.138] Found 7 possible bad axioms.
[2026-06-24 16:56:37.139] Selected the bad axiom SubClassOf(Continuant_Entity Entity).
[2026-06-24 16:56:37.141] Finished repairing the ontology.
Repairing with A2 (not-in-largest-mcs-removal)...
[2026-06-24 16:56:37.141] Checking precondition...
[2026-06-24 16:56:37.145] Starting the repair...
[2026-06-24 16:56:37.245] Found 1 possible bad axioms.
[2026-06-24 16:56:37.246] Selected the bad axiom SubClassOf(Entity owl:Nothing).
[2026-06-24 16:56:37.247] Finished repairing the ontology.
Repairing with A3 (default-weakening)...
[2026-06-24 16:56:37.249] Checking precondition...
[2026-06-24 16:56:37.251] Starting the repair...
[2026-06-24 16:5
...[truncated]
SUCCESS: attempt=153 seed=2158418 success_count=72/100
progress: ontology=PLIO attempt=153 success=72/100
----- PLIO attempt=154 seed=2172618 at 2026-06-24 16:56:39 -----
--- stdout ---
{"seed":2172618,"run_id":"20260624134028346645","trial_status":"success","error_type":null,"failure_stage":null,"error_message":null,"iic_values":{"B1_vs_A1":0.6875,"B1_vs_A2":0.5,"B1_vs_A3":0.5,"B2_vs_A1":0.6875,"B2_vs_A2":0.5,"B2_vs_A3":0.5,"B3_vs_A1":0.6875,"B3_vs_A2":0.5,"B3_vs_A3":0.5,"B4_vs_A1":1.0,"B4_vs_A2":0.5,"B4_vs_A3":0.5,"B5_vs_A1":1.0,"B5_vs_A2":0.5,"B5_vs_A3":0.5,"B6_vs_A1":1.0,"B6_vs_A2":0.5,"B6_vs_A3":0.5,"B7_vs_A1":1.0,"B7_vs_A2":0.5,"B7_vs_A3":0.5,"B8_vs_A1":1.0,"B8_vs_A2":0.5,"B8_vs_A3":0.5,"B9_vs_A1":1.0,"B9_vs_A2":0.5,"B9_vs_A3":0.5},"repair_runtimes_ms":{"A1":42,"A2":142,"A3":262,"B1":130,"B2":460,"B3":424,"B4":28,"B5":432,"B6":275,"B7":22,"B8":347,"B9":311}}

--- stderr ---
SingleTrialExperiment starting: ontology=/workspaces/ontologyutils-ekaw26/repair-power-index-replication-ekaw26/ontologies/inconsistent/PLIO.owl, seed=2172618, run_id=20260624134028346645
Loaded ontology.
Normalizing ontology with SROIQ normalization...
Normalized ontology with SROIQ normalization.
Ontology is already inconsistent, skipping make-inconsistent step.
Repairing with A1 (random-removal)...
[2026-06-24 16:56:40.100] Checking precondition...
[2026-06-24 16:56:40.109] Starting the repair...
[2026-06-24 16:56:40.115] Found 19 possible bad axioms.
[2026-06-24 16:56:40.116] Selected the bad axiom SubClassOf(owl:Thing Processual_Entity).
[2026-06-24 16:56:40.120] Found 18 possible bad axioms.
[2026-06-24 16:56:40.121] Selected the bad axiom SubClassOf(Entity Independent_Continuant_Entity).
[2026-06-24 16:56:40.124] Found 17 possible bad axioms.
[2026-06-24 16:56:40.125] Selected the bad axiom SubClassOf(Occurrent_Entity Independent_Continuant_Entity).
[2026-06-24 16:56:40.128] Found 16 possible bad axioms.
[2026-06-24 16:56:40.128] Selected the bad axiom SubClassOf(Functional_Entity Independent_Continuant_Entity).
[2026-06-24 16:56:40.132] Found 15 possible bad axioms.
[2026-06-24 16:56:40.132] Selected the bad axiom SubClassOf(Occurrent_Entity Entity).
[2026-06-24 16:56:40.135] Found 14 possible bad axioms.
[2026-06-24 16:56:40.135] Selected the bad axiom SubClassOf(owl:Thing Occurrent_Entity).
[2026-06-24 16:56:40.137] Finished repairing the ontology.
Repairing with A2 (not-in-largest-mcs-removal)...
[2026-06-24 16:56:40.138] Checking precondition...
[2026-06-24 16:56:40.143] Starting the repair...
[2026-06-24 16:56:40.278] Found 1 possible bad axioms.
[2026-06-24 16:56:40.278] Selected the bad axiom SubClassOf(Entity owl:Nothing).
[2026-06-24 16:56:40.281] Finished repairing the ontology.
Repairing with A3 (default-weakening)...
[2026-06-24 16:56:40.282] Checking precondition...
[2026-06-24 16:56:40.284] Starting the repair...
[2026-06-24 16:56:40.293] Selected a reference ontology with 24 axioms.
[2026-06-24 16:56:40.440] Selected the bad axiom SubClassOf(Entity owl:Nothing).
[2026-06-24 16:56:40.449] Selected the weaker axiom SubClassOf(Continuant_Entity owl:Nothing).
[2026-06-24 16:56:40.542] Selected the bad axiom SubClassOf(Continuant_Entity owl:Nothing).
[2026-06-24 16:56:40.543] Selected the weaker axiom SubClassOf(Continuant_Entity Occurrent_Entity).
[2026-06-24 16:56:40.543] Finished repairing the ontology.
Repairing with B1 (bad-in_some_mus-weaker-random)...
[2026-06-24 16:56:40.544] Checking precondition...
[2026-06-24 16:56:40.545] Starting the repair...
[2026-06-24 16:56:40.548] Selected a reference ontology with 24 axioms.
[2026-06-24 16:56:40.619] Selected the bad axiom SubClassOf(Entity owl:Nothing).
[2026-06-24 16:56:40.621] Selected the weaker axiom SubClassOf(Occurrent_Entity owl:Nothing).
[2026-06-24 16:56:40.673] Selected the bad axiom SubClassOf(Occurrent_Entity owl:Nothing).
[2026-06-24 16:56:40.674] Selected the we
...[truncated]
SUCCESS: attempt=154 seed=2172618 success_count=73/100
progress: ontology=PLIO attempt=154 success=73/100
----- PLIO attempt=155 seed=2186818 at 2026-06-24 16:56:43 -----
--- stdout ---
{"seed":2186818,"run_id":"20260624134028346645","trial_status":"success","error_type":null,"failure_stage":null,"error_message":null,"iic_values":{"B1_vs_A1":0.5,"B1_vs_A2":0.5,"B1_vs_A3":0.5,"B2_vs_A1":0.5,"B2_vs_A2":0.5,"B2_vs_A3":0.5,"B3_vs_A1":0.5,"B3_vs_A2":0.5,"B3_vs_A3":0.5,"B4_vs_A1":0.5,"B4_vs_A2":0.5,"B4_vs_A3":0.5,"B5_vs_A1":0.5,"B5_vs_A2":0.5,"B5_vs_A3":0.5,"B6_vs_A1":0.5,"B6_vs_A2":0.5,"B6_vs_A3":0.5,"B7_vs_A1":0.5,"B7_vs_A2":0.5,"B7_vs_A3":0.5,"B8_vs_A1":0.5,"B8_vs_A2":0.5,"B8_vs_A3":0.5,"B9_vs_A1":0.5,"B9_vs_A2":0.5,"B9_vs_A3":0.5},"repair_runtimes_ms":{"A1":40,"A2":133,"A3":170,"B1":113,"B2":546,"B3":374,"B4":27,"B5":399,"B6":270,"B7":19,"B8":349,"B9":293}}

--- stderr ---
SingleTrialExperiment starting: ontology=/workspaces/ontologyutils-ekaw26/repair-power-index-replication-ekaw26/ontologies/inconsistent/PLIO.owl, seed=2186818, run_id=20260624134028346645
Loaded ontology.
Normalizing ontology with SROIQ normalization...
Normalized ontology with SROIQ normalization.
Ontology is already inconsistent, skipping make-inconsistent step.
Repairing with A1 (random-removal)...
[2026-06-24 16:56:43.361] Checking precondition...
[2026-06-24 16:56:43.370] Starting the repair...
[2026-06-24 16:56:43.376] Found 19 possible bad axioms.
[2026-06-24 16:56:43.377] Selected the bad axiom SubClassOf(Entity Occurrent_Entity).
[2026-06-24 16:56:43.381] Found 18 possible bad axioms.
[2026-06-24 16:56:43.381] Selected the bad axiom SubClassOf(Entity Independent_Continuant_Entity).
[2026-06-24 16:56:43.385] Found 17 possible bad axioms.
[2026-06-24 16:56:43.385] Selected the bad axiom SubClassOf(Occurrent_Entity Continuant_Entity).
[2026-06-24 16:56:43.388] Found 16 possible bad axioms.
[2026-06-24 16:56:43.388] Selected the bad axiom SubClassOf(Entity Continuant_Entity).
[2026-06-24 16:56:43.391] Found 15 possible bad axioms.
[2026-06-24 16:56:43.391] Selected the bad axiom SubClassOf(Entity owl:Thing).
[2026-06-24 16:56:43.394] Found 14 possible bad axioms.
[2026-06-24 16:56:43.394] Selected the bad axiom SubClassOf(Entity owl:Nothing).
[2026-06-24 16:56:43.396] Finished repairing the ontology.
Repairing with A2 (not-in-largest-mcs-removal)...
[2026-06-24 16:56:43.397] Checking precondition...
[2026-06-24 16:56:43.402] Starting the repair...
[2026-06-24 16:56:43.529] Found 1 possible bad axioms.
[2026-06-24 16:56:43.529] Selected the bad axiom SubClassOf(Entity owl:Nothing).
[2026-06-24 16:56:43.530] Finished repairing the ontology.
Repairing with A3 (default-weakening)...
[2026-06-24 16:56:43.532] Checking precondition...
[2026-06-24 16:56:43.535] Starting the repair...
[2026-06-24 16:56:43.544] Selected a reference ontology with 23 axioms.
[2026-06-24 16:56:43.690] Selected the bad axiom SubClassOf(Entity owl:Nothing).
[2026-06-24 16:56:43.700] Selected the weaker axiom SubClassOf(owl:Nothing owl:Nothing).
[2026-06-24 16:56:43.701] Finished repairing the ontology.
Repairing with B1 (bad-in_some_mus-weaker-random)...
[2026-06-24 16:56:43.702] Checking precondition...
[2026-06-24 16:56:43.704] Starting the repair...
[2026-06-24 16:56:43.708] Selected a reference ontology with 24 axioms.
[2026-06-24 16:56:43.812] Selected the bad axiom SubClassOf(Entity owl:Nothing).
[2026-06-24 16:56:43.814] Selected the weaker axiom SubClassOf(Entity Functional_Entity).
[2026-06-24 16:56:43.815] Finished repairing the ontology.
Repairing with B2 (bad-in_some_mus-weaker-shapley)...
[2026-06-24 16:56:43.817] Checking precondition...
[2026-06-24 16:56:43.818] Starting the repair...
[2026-06-24 16:56:43.821] Selected a reference ontology with 25 axioms.
[2026-06-24 16:56:43.881] Selected the bad axiom SubClassOf(Entity owl:Nothing).
[PowerIndexWeakerAxiom
...[truncated]
SUCCESS: attempt=155 seed=2186818 success_count=74/100
progress: ontology=PLIO attempt=155 success=74/100
----- PLIO attempt=156 seed=2201018 at 2026-06-24 16:56:46 -----
--- stdout ---
{"seed":2201018,"run_id":"20260624134028346645","trial_status":"success","error_type":null,"failure_stage":null,"error_message":null,"iic_values":{"B1_vs_A1":0.5,"B1_vs_A2":0.5,"B1_vs_A3":0.5,"B2_vs_A1":0.5,"B2_vs_A2":0.5,"B2_vs_A3":0.5,"B3_vs_A1":0.5,"B3_vs_A2":0.5,"B3_vs_A3":0.5,"B4_vs_A1":0.5,"B4_vs_A2":0.5,"B4_vs_A3":0.5,"B5_vs_A1":0.5,"B5_vs_A2":0.5,"B5_vs_A3":0.5,"B6_vs_A1":0.5,"B6_vs_A2":0.5,"B6_vs_A3":0.5,"B7_vs_A1":0.5,"B7_vs_A2":0.5,"B7_vs_A3":0.5,"B8_vs_A1":0.5,"B8_vs_A2":0.5,"B8_vs_A3":0.5,"B9_vs_A1":0.5,"B9_vs_A2":0.5,"B9_vs_A3":0.5},"repair_runtimes_ms":{"A1":35,"A2":133,"A3":174,"B1":111,"B2":537,"B3":348,"B4":35,"B5":450,"B6":318,"B7":17,"B8":324,"B9":288}}

--- stderr ---
SingleTrialExperiment starting: ontology=/workspaces/ontologyutils-ekaw26/repair-power-index-replication-ekaw26/ontologies/inconsistent/PLIO.owl, seed=2201018, run_id=20260624134028346645
Loaded ontology.
Normalizing ontology with SROIQ normalization...
Normalized ontology with SROIQ normalization.
Ontology is already inconsistent, skipping make-inconsistent step.
Repairing with A1 (random-removal)...
[2026-06-24 16:56:46.491] Checking precondition...
[2026-06-24 16:56:46.501] Starting the repair...
[2026-06-24 16:56:46.509] Found 19 possible bad axioms.
[2026-06-24 16:56:46.510] Selected the bad axiom SubClassOf(Entity owl:Thing).
[2026-06-24 16:56:46.515] Found 18 possible bad axioms.
[2026-06-24 16:56:46.515] Selected the bad axiom SubClassOf(owl:Thing Occurrent_Entity).
[2026-06-24 16:56:46.518] Found 17 possible bad axioms.
[2026-06-24 16:56:46.519] Selected the bad axiom SubClassOf(owl:Thing Processual_Entity).
[2026-06-24 16:56:46.522] Finished repairing the ontology.
Repairing with A2 (not-in-largest-mcs-removal)...
[2026-06-24 16:56:46.522] Checking precondition...
[2026-06-24 16:56:46.529] Starting the repair...
[2026-06-24 16:56:46.653] Found 1 possible bad axioms.
[2026-06-24 16:56:46.654] Selected the bad axiom SubClassOf(Entity owl:Nothing).
[2026-06-24 16:56:46.656] Finished repairing the ontology.
Repairing with A3 (default-weakening)...
[2026-06-24 16:56:46.657] Checking precondition...
[2026-06-24 16:56:46.659] Starting the repair...
[2026-06-24 16:56:46.676] Selected a reference ontology with 24 axioms.
[2026-06-24 16:56:46.819] Selected the bad axiom SubClassOf(Entity owl:Nothing).
[2026-06-24 16:56:46.828] Selected the weaker axiom SubClassOf(Entity Independent_Continuant_Entity).
[2026-06-24 16:56:46.829] Finished repairing the ontology.
Repairing with B1 (bad-in_some_mus-weaker-random)...
[2026-06-24 16:56:46.830] Checking precondition...
[2026-06-24 16:56:46.832] Starting the repair...
[2026-06-24 16:56:46.836] Selected a reference ontology with 23 axioms.
[2026-06-24 16:56:46.938] Selected the bad axiom SubClassOf(Entity owl:Nothing).
[2026-06-24 16:56:46.940] Selected the weaker axiom SubClassOf(Entity Functional_Entity).
[2026-06-24 16:56:46.941] Finished repairing the ontology.
Repairing with B2 (bad-in_some_mus-weaker-shapley)...
[2026-06-24 16:56:46.942] Checking precondition...
[2026-06-24 16:56:46.944] Starting the repair...
[2026-06-24 16:56:46.957] Selected a reference ontology with 25 axioms.
[2026-06-24 16:56:47.027] Selected the bad axiom SubClassOf(Entity owl:Nothing).
[PowerIndexWeakerAxiomSelector] Scoring 14 candidate weakenings for Entity ⊑ ⊥
[PowerIndexWeakerAxiomSelector] Selected weaker axiom: Entity ⊑ Continuant_Entity
[2026-06-24 16:56:47.476] Selected the weaker axiom SubClassOf(Entity Continuant_Entity).
[2026-06-24 16:56:47.478] Finished repairing the ontology.
Repairing with B3 (bad-in_some_mus-weaker-banzhaf)...
[2026-06-24 16:56:47.479] Checking precondition...
[2026-06-24 16:56:47.481] Startin
...[truncated]
SUCCESS: attempt=156 seed=2201018 success_count=75/100
progress: ontology=PLIO attempt=156 success=75/100
----- PLIO attempt=157 seed=2215218 at 2026-06-24 16:56:49 -----
--- stdout ---
{"seed":2215218,"run_id":"20260624134028346645","trial_status":"memory_limit_exceeded","error_type":"failure","failure_stage":"B8","error_message":"Repair failed: ExecutionException: java.lang.IllegalStateException: Could not find a weakening for axiom: ⊤ ⊑ Processual_Entity","iic_values":{},"repair_runtimes_ms":{"A1":33,"A2":129,"A3":264,"B1":274,"B2":496,"B3":341,"B4":29,"B5":429,"B6":343,"B7":27,"B8":77}}

--- stderr ---
SingleTrialExperiment starting: ontology=/workspaces/ontologyutils-ekaw26/repair-power-index-replication-ekaw26/ontologies/inconsistent/PLIO.owl, seed=2215218, run_id=20260624134028346645
Loaded ontology.
Normalizing ontology with SROIQ normalization...
Normalized ontology with SROIQ normalization.
Ontology is already inconsistent, skipping make-inconsistent step.
Repairing with A1 (random-removal)...
[2026-06-24 16:56:49.647] Checking precondition...
[2026-06-24 16:56:49.656] Starting the repair...
[2026-06-24 16:56:49.663] Found 19 possible bad axioms.
[2026-06-24 16:56:49.664] Selected the bad axiom SubClassOf(Entity Continuant_Entity).
[2026-06-24 16:56:49.668] Found 18 possible bad axioms.
[2026-06-24 16:56:49.669] Selected the bad axiom SubClassOf(Occurrent_Entity Functional_Entity).
[2026-06-24 16:56:49.672] Found 17 possible bad axioms.
[2026-06-24 16:56:49.672] Selected the bad axiom SubClassOf(Entity owl:Nothing).
[2026-06-24 16:56:49.676] Finished repairing the ontology.
Repairing with A2 (not-in-largest-mcs-removal)...
[2026-06-24 16:56:49.676] Checking precondition...
[2026-06-24 16:56:49.683] Starting the repair...
[2026-06-24 16:56:49.804] Found 1 possible bad axioms.
[2026-06-24 16:56:49.804] Selected the bad axiom SubClassOf(Entity owl:Nothing).
[2026-06-24 16:56:49.806] Finished repairing the ontology.
Repairing with A3 (default-weakening)...
[2026-06-24 16:56:49.807] Checking precondition...
[2026-06-24 16:56:49.810] Starting the repair...
[2026-06-24 16:56:49.818] Selected a reference ontology with 25 axioms.
[2026-06-24 16:56:49.963] Selected the bad axiom SubClassOf(Entity owl:Nothing).
[2026-06-24 16:56:49.971] Selected the weaker axiom SubClassOf(Functional_Entity owl:Nothing).
[2026-06-24 16:56:50.069] Selected the bad axiom SubClassOf(Functional_Entity owl:Nothing).
[2026-06-24 16:56:50.069] Selected the weaker axiom SubClassOf(Functional_Entity Functional_Entity).
[2026-06-24 16:56:50.070] Finished repairing the ontology.
Repairing with B1 (bad-in_some_mus-weaker-random)...
[2026-06-24 16:56:50.071] Checking precondition...
[2026-06-24 16:56:50.073] Starting the repair...
[2026-06-24 16:56:50.078] Selected a reference ontology with 24 axioms.
[2026-06-24 16:56:50.157] Selected the bad axiom SubClassOf(Entity owl:Nothing).
[2026-06-24 16:56:50.159] Selected the weaker axiom SubClassOf(Independent_Continuant_Entity owl:Nothing).
[2026-06-24 16:56:50.224] Selected the bad axiom SubClassOf(Independent_Continuant_Entity owl:Nothing).
[2026-06-24 16:56:50.224] Selected the weaker axiom SubClassOf(Continuant_Entity owl:Nothing).
[2026-06-24 16:56:50.279] Selected the bad axiom SubClassOf(Continuant_Entity owl:Nothing).
[2026-06-24 16:56:50.280] Selected the weaker axiom SubClassOf(Functional_Entity owl:Nothing).
[2026-06-24 16:56:50.344] Selected the bad axiom SubClassOf(Functional_Entity owl:Nothing).
[2026-06-24 16:56:50.344] Selected the weaker axiom SubClassOf(Functional_Entity Occurrent_Entity).
[2026-06-24 16:56:50.345] 
...[truncated]
FAIL: attempt=157 seed=2215218 status=memory_limit_exceeded stage=B8 message=Repair failed: ExecutionException: java.lang.IllegalStateException: Could not find a weakening for axiom: ⊤ ⊑ Processual_Entity
progress: ontology=PLIO attempt=157 success=75/100
----- PLIO attempt=158 seed=2229418 at 2026-06-24 16:56:52 -----
--- stdout ---
{"seed":2229418,"run_id":"20260624134028346645","trial_status":"memory_limit_exceeded","error_type":"failure","failure_stage":"B9","error_message":"Repair failed: ExecutionException: java.lang.IllegalStateException: Could not find a weakening for axiom: ⊤ ⊑ Processual_Entity","iic_values":{},"repair_runtimes_ms":{"A1":40,"A2":128,"A3":173,"B1":113,"B2":504,"B3":370,"B4":31,"B5":417,"B6":279,"B7":21,"B8":343,"B9":145}}

--- stderr ---
SingleTrialExperiment starting: ontology=/workspaces/ontologyutils-ekaw26/repair-power-index-replication-ekaw26/ontologies/inconsistent/PLIO.owl, seed=2229418, run_id=20260624134028346645
Loaded ontology.
Normalizing ontology with SROIQ normalization...
Normalized ontology with SROIQ normalization.
Ontology is already inconsistent, skipping make-inconsistent step.
Repairing with A1 (random-removal)...
[2026-06-24 16:56:52.463] Checking precondition...
[2026-06-24 16:56:52.472] Starting the repair...
[2026-06-24 16:56:52.479] Found 19 possible bad axioms.
[2026-06-24 16:56:52.480] Selected the bad axiom SubClassOf(Continuant_Entity Processual_Entity).
[2026-06-24 16:56:52.486] Found 18 possible bad axioms.
[2026-06-24 16:56:52.486] Selected the bad axiom SubClassOf(Entity Processual_Entity).
[2026-06-24 16:56:52.489] Found 17 possible bad axioms.
[2026-06-24 16:56:52.489] Selected the bad axiom SubClassOf(owl:Thing Occurrent_Entity).
[2026-06-24 16:56:52.495] Found 16 possible bad axioms.
[2026-06-24 16:56:52.495] Selected the bad axiom SubClassOf(owl:Thing Processual_Entity).
[2026-06-24 16:56:52.498] Finished repairing the ontology.
Repairing with A2 (not-in-largest-mcs-removal)...
[2026-06-24 16:56:52.499] Checking precondition...
[2026-06-24 16:56:52.505] Starting the repair...
[2026-06-24 16:56:52.625] Found 1 possible bad axioms.
[2026-06-24 16:56:52.625] Selected the bad axiom SubClassOf(Entity owl:Nothing).
[2026-06-24 16:56:52.626] Finished repairing the ontology.
Repairing with A3 (default-weakening)...
[2026-06-24 16:56:52.628] Checking precondition...
[2026-06-24 16:56:52.630] Starting the repair...
[2026-06-24 16:56:52.646] Selected a reference ontology with 24 axioms.
[2026-06-24 16:56:52.790] Selected the bad axiom SubClassOf(Entity owl:Nothing).
[2026-06-24 16:56:52.798] Selected the weaker axiom SubClassOf(Entity Functional_Entity).
[2026-06-24 16:56:52.800] Finished repairing the ontology.
Repairing with B1 (bad-in_some_mus-weaker-random)...
[2026-06-24 16:56:52.801] Checking precondition...
[2026-06-24 16:56:52.803] Starting the repair...
[2026-06-24 16:56:52.810] Selected a reference ontology with 24 axioms.
[2026-06-24 16:56:52.910] Selected the bad axiom SubClassOf(Entity owl:Nothing).
[2026-06-24 16:56:52.912] Selected the weaker axiom SubClassOf(Entity Occurrent_Entity).
[2026-06-24 16:56:52.913] Finished repairing the ontology.
Repairing with B2 (bad-in_some_mus-weaker-shapley)...
[2026-06-24 16:56:52.915] Checking precondition...
[2026-06-24 16:56:52.916] Starting the repair...
[2026-06-24 16:56:52.920] Selected a reference ontology with 24 axioms.
[2026-06-24 16:56:52.991] Selected the bad axiom SubClassOf(Entity owl:Nothing).
[PowerIndexWeakerAxiomSelector] Scoring 12 candidate weakenings for Entity ⊑ ⊥
[PowerIndexWeakerAxiomSelector] Selected weaker axiom: Entity ⊑ Continuant_Entity
[2026-06-24 16:56:53.415] Selected the weaker axiom SubClassOf(Entity Continuant_Entity).
[2026-06-24 16:56:53.418] Finished repairing the
...[truncated]
FAIL: attempt=158 seed=2229418 status=memory_limit_exceeded stage=B9 message=Repair failed: ExecutionException: java.lang.IllegalStateException: Could not find a weakening for axiom: ⊤ ⊑ Processual_Entity
progress: ontology=PLIO attempt=158 success=75/100
----- PLIO attempt=159 seed=2243618 at 2026-06-24 16:56:55 -----
--- stdout ---
{"seed":2243618,"run_id":"20260624134028346645","trial_status":"success","error_type":null,"failure_stage":null,"error_message":null,"iic_values":{"B1_vs_A1":0.5,"B1_vs_A2":0.5,"B1_vs_A3":0.5,"B2_vs_A1":0.5,"B2_vs_A2":0.5,"B2_vs_A3":0.5,"B3_vs_A1":0.5,"B3_vs_A2":0.5,"B3_vs_A3":0.5,"B4_vs_A1":0.5,"B4_vs_A2":0.5,"B4_vs_A3":0.5,"B5_vs_A1":0.5,"B5_vs_A2":0.5,"B5_vs_A3":0.5,"B6_vs_A1":0.5,"B6_vs_A2":0.5,"B6_vs_A3":0.5,"B7_vs_A1":0.5,"B7_vs_A2":0.5,"B7_vs_A3":0.5,"B8_vs_A1":0.5,"B8_vs_A2":0.5,"B8_vs_A3":0.5,"B9_vs_A1":0.5,"B9_vs_A2":0.5,"B9_vs_A3":0.5},"repair_runtimes_ms":{"A1":34,"A2":133,"A3":184,"B1":114,"B2":520,"B3":376,"B4":32,"B5":473,"B6":321,"B7":19,"B8":315,"B9":310}}

--- stderr ---
SingleTrialExperiment starting: ontology=/workspaces/ontologyutils-ekaw26/repair-power-index-replication-ekaw26/ontologies/inconsistent/PLIO.owl, seed=2243618, run_id=20260624134028346645
Loaded ontology.
Normalizing ontology with SROIQ normalization...
Normalized ontology with SROIQ normalization.
Ontology is already inconsistent, skipping make-inconsistent step.
Repairing with A1 (random-removal)...
[2026-06-24 16:56:55.411] Checking precondition...
[2026-06-24 16:56:55.420] Starting the repair...
[2026-06-24 16:56:55.426] Found 19 possible bad axioms.
[2026-06-24 16:56:55.427] Selected the bad axiom SubClassOf(Entity Processual_Entity).
[2026-06-24 16:56:55.432] Found 18 possible bad axioms.
[2026-06-24 16:56:55.432] Selected the bad axiom SubClassOf(owl:Thing Processual_Entity).
[2026-06-24 16:56:55.436] Found 17 possible bad axioms.
[2026-06-24 16:56:55.436] Selected the bad axiom SubClassOf(Entity owl:Nothing).
[2026-06-24 16:56:55.440] Finished repairing the ontology.
Repairing with A2 (not-in-largest-mcs-removal)...
[2026-06-24 16:56:55.441] Checking precondition...
[2026-06-24 16:56:55.447] Starting the repair...
[2026-06-24 16:56:55.572] Found 1 possible bad axioms.
[2026-06-24 16:56:55.572] Selected the bad axiom SubClassOf(Entity owl:Nothing).
[2026-06-24 16:56:55.574] Finished repairing the ontology.
Repairing with A3 (default-weakening)...
[2026-06-24 16:56:55.575] Checking precondition...
[2026-06-24 16:56:55.578] Starting the repair...
[2026-06-24 16:56:55.589] Selected a reference ontology with 24 axioms.
[2026-06-24 16:56:55.745] Selected the bad axiom SubClassOf(Entity owl:Nothing).
[2026-06-24 16:56:55.756] Selected the weaker axiom SubClassOf(owl:Nothing owl:Nothing).
[2026-06-24 16:56:55.758] Finished repairing the ontology.
Repairing with B1 (bad-in_some_mus-weaker-random)...
[2026-06-24 16:56:55.759] Checking precondition...
[2026-06-24 16:56:55.761] Starting the repair...
[2026-06-24 16:56:55.766] Selected a reference ontology with 24 axioms.
[2026-06-24 16:56:55.861] Selected the bad axiom SubClassOf(Entity owl:Nothing).
[2026-06-24 16:56:55.864] Selected the weaker axiom SubClassOf(Entity Independent_Continuant_Entity).
[2026-06-24 16:56:55.873] Finished repairing the ontology.
Repairing with B2 (bad-in_some_mus-weaker-shapley)...
[2026-06-24 16:56:55.875] Checking precondition...
[2026-06-24 16:56:55.876] Starting the repair...
[2026-06-24 16:56:55.880] Selected a reference ontology with 25 axioms.
[2026-06-24 16:56:55.950] Selected the bad axiom SubClassOf(Entity owl:Nothing).
[PowerIndexWeakerAxiomSelector] Scoring 14 candidate weakenings for Entity ⊑ ⊥
[PowerIndexWeakerAxiomSelector] Selected weaker axiom: Entity ⊑ Continuant_Entity
[2026-06-24 16:56:56.391] Selected the weaker axiom SubClassOf(Entity Continuant_Entity).
[2026-06-24 16:56:56.394] Finished repairing the ontology.
Repairing with B3 (bad-in_some_mus-weaker-banzhaf)...
[2026-06-24 16:56:56.395] Checking precondition...
[2026-06-24 16:56:56.396] Starting
...[truncated]
SUCCESS: attempt=159 seed=2243618 success_count=76/100
progress: ontology=PLIO attempt=159 success=76/100
----- PLIO attempt=160 seed=2257818 at 2026-06-24 16:56:58 -----
--- stdout ---
{"seed":2257818,"run_id":"20260624134028346645","trial_status":"memory_limit_exceeded","error_type":"failure","failure_stage":"B8","error_message":"Repair failed: ExecutionException: java.lang.IllegalStateException: Could not find a weakening for axiom: ⊤ ⊑ Processual_Entity","iic_values":{},"repair_runtimes_ms":{"A1":48,"A2":142,"A3":258,"B1":87,"B2":577,"B3":251,"B4":38,"B5":400,"B6":322,"B7":21,"B8":101}}

--- stderr ---
SingleTrialExperiment starting: ontology=/workspaces/ontologyutils-ekaw26/repair-power-index-replication-ekaw26/ontologies/inconsistent/PLIO.owl, seed=2257818, run_id=20260624134028346645
Loaded ontology.
Normalizing ontology with SROIQ normalization...
Normalized ontology with SROIQ normalization.
Ontology is already inconsistent, skipping make-inconsistent step.
Repairing with A1 (random-removal)...
[2026-06-24 16:56:58.656] Checking precondition...
[2026-06-24 16:56:58.665] Starting the repair...
[2026-06-24 16:56:58.671] Found 19 possible bad axioms.
[2026-06-24 16:56:58.673] Selected the bad axiom SubClassOf(Entity Continuant_Entity).
[2026-06-24 16:56:58.678] Found 18 possible bad axioms.
[2026-06-24 16:56:58.678] Selected the bad axiom SubClassOf(owl:Thing Occurrent_Entity).
[2026-06-24 16:56:58.682] Found 17 possible bad axioms.
[2026-06-24 16:56:58.682] Selected the bad axiom SubClassOf(Entity owl:Thing).
[2026-06-24 16:56:58.686] Found 16 possible bad axioms.
[2026-06-24 16:56:58.686] Selected the bad axiom SubClassOf(Functional_Entity Independent_Continuant_Entity).
[2026-06-24 16:56:58.689] Found 15 possible bad axioms.
[2026-06-24 16:56:58.689] Selected the bad axiom SubClassOf(Continuant_Entity Entity).
[2026-06-24 16:56:58.692] Found 14 possible bad axioms.
[2026-06-24 16:56:58.692] Selected the bad axiom SubClassOf(Entity Processual_Entity).
[2026-06-24 16:56:58.695] Found 13 possible bad axioms.
[2026-06-24 16:56:58.695] Selected the bad axiom SubClassOf(Occurrent_Entity Continuant_Entity).
[2026-06-24 16:56:58.697] Found 12 possible bad axioms.
[2026-06-24 16:56:58.698] Selected the bad axiom SubClassOf(Entity owl:Nothing).
[2026-06-24 16:56:58.699] Finished repairing the ontology.
Repairing with A2 (not-in-largest-mcs-removal)...
[2026-06-24 16:56:58.700] Checking precondition...
[2026-06-24 16:56:58.705] Starting the repair...
[2026-06-24 16:56:58.841] Found 1 possible bad axioms.
[2026-06-24 16:56:58.841] Selected the bad axiom SubClassOf(Entity owl:Nothing).
[2026-06-24 16:56:58.842] Finished repairing the ontology.
Repairing with A3 (default-weakening)...
[2026-06-24 16:56:58.844] Checking precondition...
[2026-06-24 16:56:58.846] Starting the repair...
[2026-06-24 16:56:58.852] Selected a reference ontology with 25 axioms.
[2026-06-24 16:56:58.993] Selected the bad axiom SubClassOf(Entity owl:Nothing).
[2026-06-24 16:56:59.001] Selected the weaker axiom SubClassOf(Functional_Entity owl:Nothing).
[2026-06-24 16:56:59.100] Selected the bad axiom SubClassOf(Functional_Entity owl:Nothing).
[2026-06-24 16:56:59.100] Selected the weaker axiom SubClassOf(Functional_Entity Occurrent_Entity).
[2026-06-24 16:56:59.101] Finished repairing the ontology.
Repairing with B1 (bad-in_some_mus-weaker-random)...
[2026-06-24 16:56:59.101] Checking precondition...
[2026-06-24 16:56:59.103] Starting the repair...
[2026-06-24 16:56:59.107] Selected a reference ontology with 24 axioms.
[2026-06-24 16:56:59.185] Selected the bad axiom SubClassOf(E
...[truncated]
FAIL: attempt=160 seed=2257818 status=memory_limit_exceeded stage=B8 message=Repair failed: ExecutionException: java.lang.IllegalStateException: Could not find a weakening for axiom: ⊤ ⊑ Processual_Entity
progress: ontology=PLIO attempt=160 success=76/100
----- PLIO attempt=161 seed=2272018 at 2026-06-24 16:57:00 -----
--- stdout ---
{"seed":2272018,"run_id":"20260624134028346645","trial_status":"memory_limit_exceeded","error_type":"failure","failure_stage":"B5","error_message":"Repair failed: ExecutionException: java.lang.IllegalStateException: Could not find a weakening for axiom: ⊤ ⊑ Processual_Entity","iic_values":{},"repair_runtimes_ms":{"A1":62,"A2":106,"A3":273,"B1":142,"B2":545,"B3":394,"B4":28,"B5":256}}

--- stderr ---
SingleTrialExperiment starting: ontology=/workspaces/ontologyutils-ekaw26/repair-power-index-replication-ekaw26/ontologies/inconsistent/PLIO.owl, seed=2272018, run_id=20260624134028346645
Loaded ontology.
Normalizing ontology with SROIQ normalization...
Normalized ontology with SROIQ normalization.
Ontology is already inconsistent, skipping make-inconsistent step.
Repairing with A1 (random-removal)...
[2026-06-24 16:57:01.283] Checking precondition...
[2026-06-24 16:57:01.293] Starting the repair...
[2026-06-24 16:57:01.300] Found 19 possible bad axioms.
[2026-06-24 16:57:01.302] Selected the bad axiom SubClassOf(Entity Occurrent_Entity).
[2026-06-24 16:57:01.308] Found 18 possible bad axioms.
[2026-06-24 16:57:01.309] Selected the bad axiom SubClassOf(Occurrent_Entity Functional_Entity).
[2026-06-24 16:57:01.312] Found 17 possible bad axioms.
[2026-06-24 16:57:01.312] Selected the bad axiom SubClassOf(Independent_Continuant_Entity Continuant_Entity).
[2026-06-24 16:57:01.315] Found 16 possible bad axioms.
[2026-06-24 16:57:01.315] Selected the bad axiom SubClassOf(Entity Continuant_Entity).
[2026-06-24 16:57:01.318] Found 15 possible bad axioms.
[2026-06-24 16:57:01.319] Selected the bad axiom SubClassOf(Processual_Entity Occurrent_Entity).
[2026-06-24 16:57:01.321] Found 14 possible bad axioms.
[2026-06-24 16:57:01.322] Selected the bad axiom SubClassOf(Entity Functional_Entity).
[2026-06-24 16:57:01.324] Found 13 possible bad axioms.
[2026-06-24 16:57:01.324] Selected the bad axiom SubClassOf(Occurrent_Entity Continuant_Entity).
[2026-06-24 16:57:01.327] Found 12 possible bad axioms.
[2026-06-24 16:57:01.327] Selected the bad axiom SubClassOf(Entity Processual_Entity).
[2026-06-24 16:57:01.329] Found 11 possible bad axioms.
[2026-06-24 16:57:01.329] Selected the bad axiom SubClassOf(Entity Independent_Continuant_Entity).
[2026-06-24 16:57:01.330] Found 10 possible bad axioms.
[2026-06-24 16:57:01.331] Selected the bad axiom SubClassOf(Occurrent_Entity Independent_Continuant_Entity).
[2026-06-24 16:57:01.332] Found 9 possible bad axioms.
[2026-06-24 16:57:01.332] Selected the bad axiom SubClassOf(Continuant_Entity Entity).
[2026-06-24 16:57:01.338] Found 8 possible bad axioms.
[2026-06-24 16:57:01.338] Selected the bad axiom SubClassOf(owl:Thing Occurrent_Entity).
[2026-06-24 16:57:01.340] Finished repairing the ontology.
Repairing with A2 (not-in-largest-mcs-removal)...
[2026-06-24 16:57:01.341] Checking precondition...
[2026-06-24 16:57:01.346] Starting the repair...
[2026-06-24 16:57:01.446] Found 1 possible bad axioms.
[2026-06-24 16:57:01.446] Selected the bad axiom SubClassOf(Entity owl:Nothing).
[2026-06-24 16:57:01.447] Finished repairing the ontology.
Repairing with A3 (default-weakening)...
[2026-06-24 16:57:01.449] Checking precondition...
[2026-06-24 16:57:01.452] Starting the repair...
[2026-06-24 16:57:01.467] Selected a reference ontology with 24 axioms.
[2026-06-24 16:57:01.616] Selected the bad axiom SubClassOf(Entity owl:Nothi
...[truncated]
FAIL: attempt=161 seed=2272018 status=memory_limit_exceeded stage=B5 message=Repair failed: ExecutionException: java.lang.IllegalStateException: Could not find a weakening for axiom: ⊤ ⊑ Processual_Entity
progress: ontology=PLIO attempt=161 success=76/100
----- PLIO attempt=162 seed=2286218 at 2026-06-24 16:57:03 -----
--- stdout ---
{"seed":2286218,"run_id":"20260624134028346645","trial_status":"memory_limit_exceeded","error_type":"failure","failure_stage":"A3","error_message":"Repair failed: ExecutionException: java.lang.NullPointerException: operands cannot be null or empty","iic_values":{},"repair_runtimes_ms":{"A1":40,"A2":123,"A3":178}}

--- stderr ---
SingleTrialExperiment starting: ontology=/workspaces/ontologyutils-ekaw26/repair-power-index-replication-ekaw26/ontologies/inconsistent/PLIO.owl, seed=2286218, run_id=20260624134028346645
Loaded ontology.
Normalizing ontology with SROIQ normalization...
Normalized ontology with SROIQ normalization.
Ontology is already inconsistent, skipping make-inconsistent step.
Repairing with A1 (random-removal)...
[2026-06-24 16:57:03.480] Checking precondition...
[2026-06-24 16:57:03.489] Starting the repair...
[2026-06-24 16:57:03.496] Found 19 possible bad axioms.
[2026-06-24 16:57:03.497] Selected the bad axiom SubClassOf(Occurrent_Entity Functional_Entity).
[2026-06-24 16:57:03.503] Found 18 possible bad axioms.
[2026-06-24 16:57:03.503] Selected the bad axiom SubClassOf(Entity Continuant_Entity).
[2026-06-24 16:57:03.507] Found 17 possible bad axioms.
[2026-06-24 16:57:03.507] Selected the bad axiom SubClassOf(Continuant_Entity Entity).
[2026-06-24 16:57:03.510] Found 16 possible bad axioms.
[2026-06-24 16:57:03.510] Selected the bad axiom SubClassOf(owl:Thing Occurrent_Entity).
[2026-06-24 16:57:03.513] Found 15 possible bad axioms.
[2026-06-24 16:57:03.513] Selected the bad axiom SubClassOf(owl:Thing Processual_Entity).
[2026-06-24 16:57:03.516] Finished repairing the ontology.
Repairing with A2 (not-in-largest-mcs-removal)...
[2026-06-24 16:57:03.517] Checking precondition...
[2026-06-24 16:57:03.522] Starting the repair...
[2026-06-24 16:57:03.638] Found 1 possible bad axioms.
[2026-06-24 16:57:03.638] Selected the bad axiom SubClassOf(Entity owl:Nothing).
[2026-06-24 16:57:03.640] Finished repairing the ontology.
Repairing with A3 (default-weakening)...
[2026-06-24 16:57:03.641] Checking precondition...
[2026-06-24 16:57:03.644] Starting the repair...
[2026-06-24 16:57:03.653] Selected a reference ontology with 25 axioms.
[2026-06-24 16:57:03.805] Selected the bad axiom SubClassOf(Entity owl:Nothing).
[2026-06-24 16:57:03.817] Selected the weaker axiom SubClassOf(owl:Thing owl:Nothing).
Failure: Repair failed: ExecutionException: java.lang.NullPointerException: operands cannot be null or empty

FAIL: attempt=162 seed=2286218 status=memory_limit_exceeded stage=A3 message=Repair failed: ExecutionException: java.lang.NullPointerException: operands cannot be null or empty
progress: ontology=PLIO attempt=162 success=76/100
----- PLIO attempt=163 seed=2300418 at 2026-06-24 16:57:03 -----
--- stdout ---
{"seed":2300418,"run_id":"20260624134028346645","trial_status":"success","error_type":null,"failure_stage":null,"error_message":null,"iic_values":{"B1_vs_A1":0.8571428571428571,"B1_vs_A2":0.5,"B1_vs_A3":0.5,"B2_vs_A1":0.8571428571428571,"B2_vs_A2":0.5,"B2_vs_A3":0.5,"B3_vs_A1":0.8571428571428571,"B3_vs_A2":0.5,"B3_vs_A3":0.5,"B4_vs_A1":0.6666666666666666,"B4_vs_A2":0.5,"B4_vs_A3":0.5,"B5_vs_A1":0.6666666666666666,"B5_vs_A2":0.5,"B5_vs_A3":0.5,"B6_vs_A1":0.6666666666666666,"B6_vs_A2":0.5,"B6_vs_A3":0.5,"B7_vs_A1":0.6666666666666666,"B7_vs_A2":0.5,"B7_vs_A3":0.5,"B8_vs_A1":0.6666666666666666,"B8_vs_A2":0.5,"B8_vs_A3":0.5,"B9_vs_A1":0.6666666666666666,"B9_vs_A2":0.5,"B9_vs_A3":0.5},"repair_runtimes_ms":{"A1":46,"A2":117,"A3":165,"B1":106,"B2":528,"B3":309,"B4":32,"B5":374,"B6":352,"B7":29,"B8":303,"B9":284}}

--- stderr ---
SingleTrialExperiment starting: ontology=/workspaces/ontologyutils-ekaw26/repair-power-index-replication-ekaw26/ontologies/inconsistent/PLIO.owl, seed=2300418, run_id=20260624134028346645
Loaded ontology.
Normalizing ontology with SROIQ normalization...
Normalized ontology with SROIQ normalization.
Ontology is already inconsistent, skipping make-inconsistent step.
Repairing with A1 (random-removal)...
[2026-06-24 16:57:04.201] Checking precondition...
[2026-06-24 16:57:04.210] Starting the repair...
[2026-06-24 16:57:04.217] Found 19 possible bad axioms.
[2026-06-24 16:57:04.218] Selected the bad axiom SubClassOf(Continuant_Entity Processual_Entity).
[2026-06-24 16:57:04.224] Found 18 possible bad axioms.
[2026-06-24 16:57:04.224] Selected the bad axiom SubClassOf(Entity Processual_Entity).
[2026-06-24 16:57:04.227] Found 17 possible bad axioms.
[2026-06-24 16:57:04.228] Selected the bad axiom SubClassOf(Occurrent_Entity Entity).
[2026-06-24 16:57:04.231] Found 16 possible bad axioms.
[2026-06-24 16:57:04.232] Selected the bad axiom SubClassOf(Functional_Entity Independent_Continuant_Entity).
[2026-06-24 16:57:04.235] Found 15 possible bad axioms.
[2026-06-24 16:57:04.235] Selected the bad axiom SubClassOf(Entity Independent_Continuant_Entity).
[2026-06-24 16:57:04.238] Found 14 possible bad axioms.
[2026-06-24 16:57:04.238] Selected the bad axiom SubClassOf(Occurrent_Entity Continuant_Entity).
[2026-06-24 16:57:04.240] Found 13 possible bad axioms.
[2026-06-24 16:57:04.241] Selected the bad axiom SubClassOf(Continuant_Entity Entity).
[2026-06-24 16:57:04.243] Finished repairing the ontology.
Repairing with A2 (not-in-largest-mcs-removal)...
[2026-06-24 16:57:04.244] Checking precondition...
[2026-06-24 16:57:04.249] Starting the repair...
[2026-06-24 16:57:04.359] Found 1 possible bad axioms.
[2026-06-24 16:57:04.360] Selected the bad axiom SubClassOf(Entity owl:Nothing).
[2026-06-24 16:57:04.361] Finished repairing the ontology.
Repairing with A3 (default-weakening)...
[2026-06-24 16:57:04.362] Checking precondition...
[2026-06-24 16:57:04.364] Starting the repair...
[2026-06-24 16:57:04.373] Selected a reference ontology with 25 axioms.
[2026-06-24 16:57:04.515] Selected the bad axiom SubClassOf(Entity owl:Nothing).
[2026-06-24 16:57:04.525] Selected the weaker axiom SubClassOf(Entity Occurrent_Entity).
[2026-06-24 16:57:04.526] Finished repairing the ontology.
Repairing with B1 (bad-in_some_mus-weaker-random)...
[2026-06-24 16:57:04.527] Checking precondition...
[2026-06-24 16:57:04.529] Starting the repair...
[2026-06-24 16:57:04.534] Selected a reference ontology with 25 axioms.
[2026-06-24 16:57:04.630] Selected the bad axiom SubClassOf(Entity owl:Nothing).
[2026-06-24 16:57:04.632] Selected the weaker axiom SubClassOf(Entity owl:Thing).
[2026-06-24 16:57:04.633] Finished repairing the ontology.
Repairing with B2 (bad-in_some_mus-weaker-shapley)...
[2026-06-24 16:57:04.635] Checking precondition...
[2026-06-24 16:57:04.636] Starting the re
...[truncated]
SUCCESS: attempt=163 seed=2300418 success_count=77/100
progress: ontology=PLIO attempt=163 success=77/100
----- PLIO attempt=164 seed=2314618 at 2026-06-24 16:57:06 -----
--- stdout ---
{"seed":2314618,"run_id":"20260624134028346645","trial_status":"memory_limit_exceeded","error_type":"failure","failure_stage":"B4","error_message":"Repair failed: ExecutionException: java.lang.NullPointerException: operands cannot be null or empty","iic_values":{},"repair_runtimes_ms":{"A1":33,"A2":125,"A3":183,"B1":99,"B2":529,"B3":389,"B4":23}}

--- stderr ---
SingleTrialExperiment starting: ontology=/workspaces/ontologyutils-ekaw26/repair-power-index-replication-ekaw26/ontologies/inconsistent/PLIO.owl, seed=2314618, run_id=20260624134028346645
Loaded ontology.
Normalizing ontology with SROIQ normalization...
Normalized ontology with SROIQ normalization.
Ontology is already inconsistent, skipping make-inconsistent step.
Repairing with A1 (random-removal)...
[2026-06-24 16:57:07.236] Checking precondition...
[2026-06-24 16:57:07.245] Starting the repair...
[2026-06-24 16:57:07.251] Found 19 possible bad axioms.
[2026-06-24 16:57:07.253] Selected the bad axiom SubClassOf(Continuant_Entity Processual_Entity).
[2026-06-24 16:57:07.257] Found 18 possible bad axioms.
[2026-06-24 16:57:07.257] Selected the bad axiom SubClassOf(Occurrent_Entity Independent_Continuant_Entity).
[2026-06-24 16:57:07.261] Found 17 possible bad axioms.
[2026-06-24 16:57:07.261] Selected the bad axiom SubClassOf(Entity owl:Nothing).
[2026-06-24 16:57:07.265] Finished repairing the ontology.
Repairing with A2 (not-in-largest-mcs-removal)...
[2026-06-24 16:57:07.265] Checking precondition...
[2026-06-24 16:57:07.271] Starting the repair...
[2026-06-24 16:57:07.389] Found 1 possible bad axioms.
[2026-06-24 16:57:07.389] Selected the bad axiom SubClassOf(Entity owl:Nothing).
[2026-06-24 16:57:07.391] Finished repairing the ontology.
Repairing with A3 (default-weakening)...
[2026-06-24 16:57:07.392] Checking precondition...
[2026-06-24 16:57:07.395] Starting the repair...
[2026-06-24 16:57:07.406] Selected a reference ontology with 24 axioms.
[2026-06-24 16:57:07.562] Selected the bad axiom SubClassOf(Entity owl:Nothing).
[2026-06-24 16:57:07.572] Selected the weaker axiom SubClassOf(Entity Processual_Entity).
[2026-06-24 16:57:07.574] Finished repairing the ontology.
Repairing with B1 (bad-in_some_mus-weaker-random)...
[2026-06-24 16:57:07.575] Checking precondition...
[2026-06-24 16:57:07.577] Starting the repair...
[2026-06-24 16:57:07.583] Selected a reference ontology with 23 axioms.
[2026-06-24 16:57:07.671] Selected the bad axiom SubClassOf(Entity owl:Nothing).
[2026-06-24 16:57:07.673] Selected the weaker axiom SubClassOf(Entity owl:Thing).
[2026-06-24 16:57:07.674] Finished repairing the ontology.
Repairing with B2 (bad-in_some_mus-weaker-shapley)...
[2026-06-24 16:57:07.676] Checking precondition...
[2026-06-24 16:57:07.677] Starting the repair...
[2026-06-24 16:57:07.682] Selected a reference ontology with 24 axioms.
[2026-06-24 16:57:07.766] Selected the bad axiom SubClassOf(Entity owl:Nothing).
[PowerIndexWeakerAxiomSelector] Scoring 13 candidate weakenings for Entity ⊑ ⊥
[PowerIndexWeakerAxiomSelector] Selected weaker axiom: Entity ⊑ Continuant_Entity
[2026-06-24 16:57:08.201] Selected the weaker axiom SubClassOf(Entity Continuant_Entity).
[2026-06-24 16:57:08.203] Finished repairing the ontology.
Repairing with B3 (bad-in_some_mus-weaker-banzhaf)...
[2026-06-24 16:57:08.205] Checking precondition...
[2026-06-24 16:57:08.20
...[truncated]
FAIL: attempt=164 seed=2314618 status=memory_limit_exceeded stage=B4 message=Repair failed: ExecutionException: java.lang.NullPointerException: operands cannot be null or empty
progress: ontology=PLIO attempt=164 success=77/100
----- PLIO attempt=165 seed=2328818 at 2026-06-24 16:57:08 -----
--- stdout ---
{"seed":2328818,"run_id":"20260624134028346645","trial_status":"memory_limit_exceeded","error_type":"failure","failure_stage":"B5","error_message":"Repair failed: ExecutionException: java.lang.IllegalStateException: Could not find a weakening for axiom: ⊤ ⊑ Processual_Entity","iic_values":{},"repair_runtimes_ms":{"A1":47,"A2":118,"A3":348,"B1":122,"B2":525,"B3":361,"B4":35,"B5":262}}

--- stderr ---
SingleTrialExperiment starting: ontology=/workspaces/ontologyutils-ekaw26/repair-power-index-replication-ekaw26/ontologies/inconsistent/PLIO.owl, seed=2328818, run_id=20260624134028346645
Loaded ontology.
Normalizing ontology with SROIQ normalization...
Normalized ontology with SROIQ normalization.
Ontology is already inconsistent, skipping make-inconsistent step.
Repairing with A1 (random-removal)...
[2026-06-24 16:57:09.005] Checking precondition...
[2026-06-24 16:57:09.014] Starting the repair...
[2026-06-24 16:57:09.021] Found 19 possible bad axioms.
[2026-06-24 16:57:09.022] Selected the bad axiom SubClassOf(Occurrent_Entity Entity).
[2026-06-24 16:57:09.027] Found 18 possible bad axioms.
[2026-06-24 16:57:09.027] Selected the bad axiom SubClassOf(Continuant_Entity Processual_Entity).
[2026-06-24 16:57:09.031] Found 17 possible bad axioms.
[2026-06-24 16:57:09.031] Selected the bad axiom SubClassOf(Entity Functional_Entity).
[2026-06-24 16:57:09.035] Found 16 possible bad axioms.
[2026-06-24 16:57:09.035] Selected the bad axiom SubClassOf(Entity Occurrent_Entity).
[2026-06-24 16:57:09.038] Found 15 possible bad axioms.
[2026-06-24 16:57:09.038] Selected the bad axiom SubClassOf(Entity Processual_Entity).
[2026-06-24 16:57:09.041] Found 14 possible bad axioms.
[2026-06-24 16:57:09.041] Selected the bad axiom SubClassOf(Functional_Entity Independent_Continuant_Entity).
[2026-06-24 16:57:09.043] Found 13 possible bad axioms.
[2026-06-24 16:57:09.043] Selected the bad axiom SubClassOf(owl:Thing Processual_Entity).
[2026-06-24 16:57:09.046] Found 12 possible bad axioms.
[2026-06-24 16:57:09.046] Selected the bad axiom SubClassOf(owl:Thing Occurrent_Entity).
[2026-06-24 16:57:09.048] Finished repairing the ontology.
Repairing with A2 (not-in-largest-mcs-removal)...
[2026-06-24 16:57:09.049] Checking precondition...
[2026-06-24 16:57:09.053] Starting the repair...
[2026-06-24 16:57:09.165] Found 1 possible bad axioms.
[2026-06-24 16:57:09.165] Selected the bad axiom SubClassOf(Entity owl:Nothing).
[2026-06-24 16:57:09.167] Finished repairing the ontology.
Repairing with A3 (default-weakening)...
[2026-06-24 16:57:09.168] Checking precondition...
[2026-06-24 16:57:09.170] Starting the repair...
[2026-06-24 16:57:09.178] Selected a reference ontology with 25 axioms.
[2026-06-24 16:57:09.337] Selected the bad axiom SubClassOf(Entity owl:Nothing).
[2026-06-24 16:57:09.348] Selected the weaker axiom SubClassOf(Continuant_Entity owl:Nothing).
[2026-06-24 16:57:09.446] Selected the bad axiom SubClassOf(Continuant_Entity owl:Nothing).
[2026-06-24 16:57:09.447] Selected the weaker axiom SubClassOf(Independent_Continuant_Entity owl:Nothing).
[2026-06-24 16:57:09.514] Selected the bad axiom SubClassOf(Independent_Continuant_Entity owl:Nothing).
[2026-06-24 16:57:09.515] Selected the weaker axiom SubClassOf(Independent_Continuant_Entity Processual_Entity).
[2026-06-24 16:57:09.515] Finished repairing the ontology.
Repairing with B1 (bad-in_some_mus-weaker-rand
...[truncated]
FAIL: attempt=165 seed=2328818 status=memory_limit_exceeded stage=B5 message=Repair failed: ExecutionException: java.lang.IllegalStateException: Could not find a weakening for axiom: ⊤ ⊑ Processual_Entity
progress: ontology=PLIO attempt=165 success=77/100
----- PLIO attempt=166 seed=2343018 at 2026-06-24 16:57:10 -----
--- stdout ---
{"seed":2343018,"run_id":"20260624134028346645","trial_status":"memory_limit_exceeded","error_type":"failure","failure_stage":"B9","error_message":"Repair failed: ExecutionException: java.lang.IllegalStateException: Could not find a weakening for axiom: ⊤ ⊑ Processual_Entity","iic_values":{},"repair_runtimes_ms":{"A1":26,"A2":138,"A3":172,"B1":98,"B2":544,"B3":366,"B4":24,"B5":389,"B6":347,"B7":18,"B8":332,"B9":192}}

--- stderr ---
SingleTrialExperiment starting: ontology=/workspaces/ontologyutils-ekaw26/repair-power-index-replication-ekaw26/ontologies/inconsistent/PLIO.owl, seed=2343018, run_id=20260624134028346645
Loaded ontology.
Normalizing ontology with SROIQ normalization...
Normalized ontology with SROIQ normalization.
Ontology is already inconsistent, skipping make-inconsistent step.
Repairing with A1 (random-removal)...
[2026-06-24 16:57:11.201] Checking precondition...
[2026-06-24 16:57:11.210] Starting the repair...
[2026-06-24 16:57:11.216] Found 19 possible bad axioms.
[2026-06-24 16:57:11.217] Selected the bad axiom SubClassOf(Entity owl:Nothing).
[2026-06-24 16:57:11.223] Finished repairing the ontology.
Repairing with A2 (not-in-largest-mcs-removal)...
[2026-06-24 16:57:11.224] Checking precondition...
[2026-06-24 16:57:11.232] Starting the repair...
[2026-06-24 16:57:11.360] Found 1 possible bad axioms.
[2026-06-24 16:57:11.360] Selected the bad axiom SubClassOf(Entity owl:Nothing).
[2026-06-24 16:57:11.361] Finished repairing the ontology.
Repairing with A3 (default-weakening)...
[2026-06-24 16:57:11.363] Checking precondition...
[2026-06-24 16:57:11.365] Starting the repair...
[2026-06-24 16:57:11.382] Selected a reference ontology with 24 axioms.
[2026-06-24 16:57:11.524] Selected the bad axiom SubClassOf(Entity owl:Nothing).
[2026-06-24 16:57:11.533] Selected the weaker axiom SubClassOf(Entity Entity).
[2026-06-24 16:57:11.534] Finished repairing the ontology.
Repairing with B1 (bad-in_some_mus-weaker-random)...
[2026-06-24 16:57:11.535] Checking precondition...
[2026-06-24 16:57:11.537] Starting the repair...
[2026-06-24 16:57:11.542] Selected a reference ontology with 24 axioms.
[2026-06-24 16:57:11.627] Selected the bad axiom SubClassOf(Entity owl:Nothing).
[2026-06-24 16:57:11.630] Selected the weaker axiom SubClassOf(Entity Entity).
[2026-06-24 16:57:11.633] Finished repairing the ontology.
Repairing with B2 (bad-in_some_mus-weaker-shapley)...
[2026-06-24 16:57:11.635] Checking precondition...
[2026-06-24 16:57:11.636] Starting the repair...
[2026-06-24 16:57:11.640] Selected a reference ontology with 25 axioms.
[2026-06-24 16:57:11.715] Selected the bad axiom SubClassOf(Entity owl:Nothing).
[PowerIndexWeakerAxiomSelector] Scoring 14 candidate weakenings for Entity ⊑ ⊥
[PowerIndexWeakerAxiomSelector] Selected weaker axiom: Entity ⊑ Continuant_Entity
[2026-06-24 16:57:12.175] Selected the weaker axiom SubClassOf(Entity Continuant_Entity).
[2026-06-24 16:57:12.177] Finished repairing the ontology.
Repairing with B3 (bad-in_some_mus-weaker-banzhaf)...
[2026-06-24 16:57:12.178] Checking precondition...
[2026-06-24 16:57:12.180] Starting the repair...
[2026-06-24 16:57:12.183] Selected a reference ontology with 24 axioms.
[2026-06-24 16:57:12.319] Selected the bad axiom SubClassOf(Entity owl:Nothing).
[PowerIndexWeakerAxiomSelector] Scoring 13 candidate weakenings for Entity ⊑ ⊥
[PowerIndexWeakerAxiomSelector] Selected weaker axiom: Entity ⊑ Continuant_
...[truncated]
FAIL: attempt=166 seed=2343018 status=memory_limit_exceeded stage=B9 message=Repair failed: ExecutionException: java.lang.IllegalStateException: Could not find a weakening for axiom: ⊤ ⊑ Processual_Entity
progress: ontology=PLIO attempt=166 success=77/100
----- PLIO attempt=167 seed=2357218 at 2026-06-24 16:57:13 -----
--- stdout ---
{"seed":2357218,"run_id":"20260624134028346645","trial_status":"memory_limit_exceeded","error_type":"failure","failure_stage":"B8","error_message":"Repair failed: ExecutionException: java.lang.IllegalStateException: Could not find a weakening for axiom: ⊤ ⊑ Processual_Entity","iic_values":{},"repair_runtimes_ms":{"A1":46,"A2":116,"A3":176,"B1":105,"B2":476,"B3":371,"B4":38,"B5":430,"B6":329,"B7":17,"B8":111}}

--- stderr ---
SingleTrialExperiment starting: ontology=/workspaces/ontologyutils-ekaw26/repair-power-index-replication-ekaw26/ontologies/inconsistent/PLIO.owl, seed=2357218, run_id=20260624134028346645
Loaded ontology.
Normalizing ontology with SROIQ normalization...
Normalized ontology with SROIQ normalization.
Ontology is already inconsistent, skipping make-inconsistent step.
Repairing with A1 (random-removal)...
[2026-06-24 16:57:14.233] Checking precondition...
[2026-06-24 16:57:14.243] Starting the repair...
[2026-06-24 16:57:14.248] Found 19 possible bad axioms.
[2026-06-24 16:57:14.250] Selected the bad axiom SubClassOf(Entity owl:Thing).
[2026-06-24 16:57:14.255] Found 18 possible bad axioms.
[2026-06-24 16:57:14.256] Selected the bad axiom SubClassOf(Entity Occurrent_Entity).
[2026-06-24 16:57:14.260] Found 17 possible bad axioms.
[2026-06-24 16:57:14.261] Selected the bad axiom SubClassOf(Functional_Entity Independent_Continuant_Entity).
[2026-06-24 16:57:14.264] Found 16 possible bad axioms.
[2026-06-24 16:57:14.264] Selected the bad axiom SubClassOf(Continuant_Entity Processual_Entity).
[2026-06-24 16:57:14.267] Found 15 possible bad axioms.
[2026-06-24 16:57:14.267] Selected the bad axiom SubClassOf(Entity Functional_Entity).
[2026-06-24 16:57:14.269] Found 14 possible bad axioms.
[2026-06-24 16:57:14.270] Selected the bad axiom SubClassOf(Occurrent_Entity Independent_Continuant_Entity).
[2026-06-24 16:57:14.272] Found 13 possible bad axioms.
[2026-06-24 16:57:14.272] Selected the bad axiom SubClassOf(Entity owl:Nothing).
[2026-06-24 16:57:14.274] Finished repairing the ontology.
Repairing with A2 (not-in-largest-mcs-removal)...
[2026-06-24 16:57:14.275] Checking precondition...
[2026-06-24 16:57:14.280] Starting the repair...
[2026-06-24 16:57:14.390] Found 1 possible bad axioms.
[2026-06-24 16:57:14.390] Selected the bad axiom SubClassOf(Entity owl:Nothing).
[2026-06-24 16:57:14.391] Finished repairing the ontology.
Repairing with A3 (default-weakening)...
[2026-06-24 16:57:14.393] Checking precondition...
[2026-06-24 16:57:14.397] Starting the repair...
[2026-06-24 16:57:14.412] Selected a reference ontology with 24 axioms.
[2026-06-24 16:57:14.558] Selected the bad axiom SubClassOf(Entity owl:Nothing).
[2026-06-24 16:57:14.566] Selected the weaker axiom SubClassOf(Entity Functional_Entity).
[2026-06-24 16:57:14.568] Finished repairing the ontology.
Repairing with B1 (bad-in_some_mus-weaker-random)...
[2026-06-24 16:57:14.569] Checking precondition...
[2026-06-24 16:57:14.570] Starting the repair...
[2026-06-24 16:57:14.576] Selected a reference ontology with 23 axioms.
[2026-06-24 16:57:14.671] Selected the bad axiom SubClassOf(Entity owl:Nothing).
[2026-06-24 16:57:14.673] Selected the weaker axiom SubClassOf(Entity Occurrent_Entity).
[2026-06-24 16:57:14.673] Finished repairing the ontology.
Repairing with B2 (bad-in_some_mus-weaker-shapley)...
[2026-06-24 16:57:14.675] Checking precondition...
[2026-06-24 16:57:14.676] Starting the repair..
...[truncated]
FAIL: attempt=167 seed=2357218 status=memory_limit_exceeded stage=B8 message=Repair failed: ExecutionException: java.lang.IllegalStateException: Could not find a weakening for axiom: ⊤ ⊑ Processual_Entity
progress: ontology=PLIO attempt=167 success=77/100
----- PLIO attempt=168 seed=2371418 at 2026-06-24 16:57:16 -----
--- stdout ---
{"seed":2371418,"run_id":"20260624134028346645","trial_status":"memory_limit_exceeded","error_type":"failure","failure_stage":"B9","error_message":"Repair failed: ExecutionException: java.lang.IllegalStateException: Could not find a weakening for axiom: ⊤ ⊑ Processual_Entity","iic_values":{},"repair_runtimes_ms":{"A1":41,"A2":132,"A3":329,"B1":191,"B2":574,"B3":220,"B4":37,"B5":400,"B6":298,"B7":24,"B8":307,"B9":151}}

--- stderr ---
SingleTrialExperiment starting: ontology=/workspaces/ontologyutils-ekaw26/repair-power-index-replication-ekaw26/ontologies/inconsistent/PLIO.owl, seed=2371418, run_id=20260624134028346645
Loaded ontology.
Normalizing ontology with SROIQ normalization...
Normalized ontology with SROIQ normalization.
Ontology is already inconsistent, skipping make-inconsistent step.
Repairing with A1 (random-removal)...
[2026-06-24 16:57:16.832] Checking precondition...
[2026-06-24 16:57:16.840] Starting the repair...
[2026-06-24 16:57:16.848] Found 19 possible bad axioms.
[2026-06-24 16:57:16.849] Selected the bad axiom SubClassOf(Functional_Entity Independent_Continuant_Entity).
[2026-06-24 16:57:16.854] Found 18 possible bad axioms.
[2026-06-24 16:57:16.855] Selected the bad axiom SubClassOf(Occurrent_Entity Functional_Entity).
[2026-06-24 16:57:16.858] Found 17 possible bad axioms.
[2026-06-24 16:57:16.858] Selected the bad axiom SubClassOf(Continuant_Entity Processual_Entity).
[2026-06-24 16:57:16.862] Found 16 possible bad axioms.
[2026-06-24 16:57:16.862] Selected the bad axiom SubClassOf(Processual_Entity Occurrent_Entity).
[2026-06-24 16:57:16.865] Found 15 possible bad axioms.
[2026-06-24 16:57:16.865] Selected the bad axiom SubClassOf(owl:Thing Occurrent_Entity).
[2026-06-24 16:57:16.868] Finished repairing the ontology.
Repairing with A2 (not-in-largest-mcs-removal)...
[2026-06-24 16:57:16.869] Checking precondition...
[2026-06-24 16:57:16.875] Starting the repair...
[2026-06-24 16:57:16.999] Found 1 possible bad axioms.
[2026-06-24 16:57:16.999] Selected the bad axiom SubClassOf(Entity owl:Nothing).
[2026-06-24 16:57:17.001] Finished repairing the ontology.
Repairing with A3 (default-weakening)...
[2026-06-24 16:57:17.002] Checking precondition...
[2026-06-24 16:57:17.005] Starting the repair...
[2026-06-24 16:57:17.013] Selected a reference ontology with 24 axioms.
[2026-06-24 16:57:17.158] Selected the bad axiom SubClassOf(Entity owl:Nothing).
[2026-06-24 16:57:17.169] Selected the weaker axiom SubClassOf(Processual_Entity owl:Nothing).
[2026-06-24 16:57:17.253] Selected the bad axiom SubClassOf(Processual_Entity owl:Nothing).
[2026-06-24 16:57:17.253] Selected the weaker axiom SubClassOf(Functional_Entity owl:Nothing).
[2026-06-24 16:57:17.330] Selected the bad axiom SubClassOf(Functional_Entity owl:Nothing).
[2026-06-24 16:57:17.330] Selected the weaker axiom SubClassOf(Functional_Entity Entity).
[2026-06-24 16:57:17.331] Finished repairing the ontology.
Repairing with B1 (bad-in_some_mus-weaker-random)...
[2026-06-24 16:57:17.332] Checking precondition...
[2026-06-24 16:57:17.333] Starting the repair...
[2026-06-24 16:57:17.335] Selected a reference ontology with 24 axioms.
[2026-06-24 16:57:17.398] Selected the bad axiom SubClassOf(Entity owl:Nothing).
[2026-06-24 16:57:17.400] Selected the weaker axiom SubClassOf(Functional_Entity owl:Nothing).
[2026-06-24 16:57:17.462] Selected the bad axiom SubClassOf(Functional_Entity owl:Nothing).
[2026-06-2
...[truncated]
FAIL: attempt=168 seed=2371418 status=memory_limit_exceeded stage=B9 message=Repair failed: ExecutionException: java.lang.IllegalStateException: Could not find a weakening for axiom: ⊤ ⊑ Processual_Entity
progress: ontology=PLIO attempt=168 success=77/100
----- PLIO attempt=169 seed=2385618 at 2026-06-24 16:57:19 -----
--- stdout ---
{"seed":2385618,"run_id":"20260624134028346645","trial_status":"success","error_type":null,"failure_stage":null,"error_message":null,"iic_values":{"B1_vs_A1":0.8571428571428571,"B1_vs_A2":0.5,"B1_vs_A3":0.5,"B2_vs_A1":0.8571428571428571,"B2_vs_A2":0.5,"B2_vs_A3":0.5,"B3_vs_A1":0.8571428571428571,"B3_vs_A2":0.5,"B3_vs_A3":0.5,"B4_vs_A1":0.6666666666666666,"B4_vs_A2":0.5,"B4_vs_A3":0.5,"B5_vs_A1":0.6666666666666666,"B5_vs_A2":0.5,"B5_vs_A3":0.5,"B6_vs_A1":0.6666666666666666,"B6_vs_A2":0.5,"B6_vs_A3":0.5,"B7_vs_A1":0.6666666666666666,"B7_vs_A2":0.5,"B7_vs_A3":0.5,"B8_vs_A1":0.6666666666666666,"B8_vs_A2":0.5,"B8_vs_A3":0.5,"B9_vs_A1":0.6666666666666666,"B9_vs_A2":0.5,"B9_vs_A3":0.5},"repair_runtimes_ms":{"A1":36,"A2":123,"A3":176,"B1":115,"B2":508,"B3":376,"B4":28,"B5":446,"B6":336,"B7":20,"B8":337,"B9":296}}

--- stderr ---
SingleTrialExperiment starting: ontology=/workspaces/ontologyutils-ekaw26/repair-power-index-replication-ekaw26/ontologies/inconsistent/PLIO.owl, seed=2385618, run_id=20260624134028346645
Loaded ontology.
Normalizing ontology with SROIQ normalization...
Normalized ontology with SROIQ normalization.
Ontology is already inconsistent, skipping make-inconsistent step.
Repairing with A1 (random-removal)...
[2026-06-24 16:57:19.922] Checking precondition...
[2026-06-24 16:57:19.931] Starting the repair...
[2026-06-24 16:57:19.937] Found 19 possible bad axioms.
[2026-06-24 16:57:19.938] Selected the bad axiom SubClassOf(Entity Processual_Entity).
[2026-06-24 16:57:19.944] Found 18 possible bad axioms.
[2026-06-24 16:57:19.944] Selected the bad axiom SubClassOf(Entity Occurrent_Entity).
[2026-06-24 16:57:19.947] Found 17 possible bad axioms.
[2026-06-24 16:57:19.948] Selected the bad axiom SubClassOf(Continuant_Entity Entity).
[2026-06-24 16:57:19.951] Found 16 possible bad axioms.
[2026-06-24 16:57:19.951] Selected the bad axiom SubClassOf(Occurrent_Entity Entity).
[2026-06-24 16:57:19.954] Finished repairing the ontology.
Repairing with A2 (not-in-largest-mcs-removal)...
[2026-06-24 16:57:19.955] Checking precondition...
[2026-06-24 16:57:19.960] Starting the repair...
[2026-06-24 16:57:20.076] Found 1 possible bad axioms.
[2026-06-24 16:57:20.077] Selected the bad axiom SubClassOf(Entity owl:Nothing).
[2026-06-24 16:57:20.078] Finished repairing the ontology.
Repairing with A3 (default-weakening)...
[2026-06-24 16:57:20.079] Checking precondition...
[2026-06-24 16:57:20.082] Starting the repair...
[2026-06-24 16:57:20.092] Selected a reference ontology with 24 axioms.
[2026-06-24 16:57:20.244] Selected the bad axiom SubClassOf(Entity owl:Nothing).
[2026-06-24 16:57:20.253] Selected the weaker axiom SubClassOf(Entity Entity).
[2026-06-24 16:57:20.255] Finished repairing the ontology.
Repairing with B1 (bad-in_some_mus-weaker-random)...
[2026-06-24 16:57:20.256] Checking precondition...
[2026-06-24 16:57:20.257] Starting the repair...
[2026-06-24 16:57:20.264] Selected a reference ontology with 22 axioms.
[2026-06-24 16:57:20.367] Selected the bad axiom SubClassOf(Entity owl:Nothing).
[2026-06-24 16:57:20.369] Selected the weaker axiom SubClassOf(owl:Nothing owl:Nothing).
[2026-06-24 16:57:20.371] Finished repairing the ontology.
Repairing with B2 (bad-in_some_mus-weaker-shapley)...
[2026-06-24 16:57:20.373] Checking precondition...
[2026-06-24 16:57:20.374] Starting the repair...
[2026-06-24 16:57:20.386] Selected a reference ontology with 24 axioms.
[2026-06-24 16:57:20.450] Selected the bad axiom SubClassOf(Entity owl:Nothing).
[PowerIndexWeakerAxiomSelector] Scoring 12 candidate weakenings for Entity ⊑ ⊥
[PowerIndexWeakerAxiomSelector] Selected weaker axiom: Entity ⊑ Continuant_Entity
[2026-06-24 16:57:20.874] Selected the weaker axiom SubClassOf(Entity Continuant_Entity).
[2026-06-24 16:57:20.879] Finished repairing the ontology.
Repairing with B3 
...[truncated]
SUCCESS: attempt=169 seed=2385618 success_count=78/100
progress: ontology=PLIO attempt=169 success=78/100
----- PLIO attempt=170 seed=2399818 at 2026-06-24 16:57:22 -----
--- stdout ---
{"seed":2399818,"run_id":"20260624134028346645","trial_status":"success","error_type":null,"failure_stage":null,"error_message":null,"iic_values":{"B1_vs_A1":0.7894736842105263,"B1_vs_A2":0.5,"B1_vs_A3":0.5,"B2_vs_A1":0.7894736842105263,"B2_vs_A2":0.5,"B2_vs_A3":0.5,"B3_vs_A1":0.7894736842105263,"B3_vs_A2":0.5,"B3_vs_A3":0.5,"B4_vs_A1":1.0,"B4_vs_A2":0.5,"B4_vs_A3":0.5,"B5_vs_A1":1.0,"B5_vs_A2":0.5,"B5_vs_A3":0.5,"B6_vs_A1":1.0,"B6_vs_A2":0.5,"B6_vs_A3":0.5,"B7_vs_A1":1.0,"B7_vs_A2":0.5,"B7_vs_A3":0.5,"B8_vs_A1":1.0,"B8_vs_A2":0.5,"B8_vs_A3":0.5,"B9_vs_A1":1.0,"B9_vs_A2":0.5,"B9_vs_A3":0.5},"repair_runtimes_ms":{"A1":55,"A2":117,"A3":267,"B1":142,"B2":436,"B3":417,"B4":23,"B5":401,"B6":359,"B7":21,"B8":343,"B9":271}}

--- stderr ---
SingleTrialExperiment starting: ontology=/workspaces/ontologyutils-ekaw26/repair-power-index-replication-ekaw26/ontologies/inconsistent/PLIO.owl, seed=2399818, run_id=20260624134028346645
Loaded ontology.
Normalizing ontology with SROIQ normalization...
Normalized ontology with SROIQ normalization.
Ontology is already inconsistent, skipping make-inconsistent step.
Repairing with A1 (random-removal)...
[2026-06-24 16:57:23.127] Checking precondition...
[2026-06-24 16:57:23.137] Starting the repair...
[2026-06-24 16:57:23.147] Found 19 possible bad axioms.
[2026-06-24 16:57:23.149] Selected the bad axiom SubClassOf(Entity Functional_Entity).
[2026-06-24 16:57:23.154] Found 18 possible bad axioms.
[2026-06-24 16:57:23.154] Selected the bad axiom SubClassOf(Continuant_Entity Entity).
[2026-06-24 16:57:23.158] Found 17 possible bad axioms.
[2026-06-24 16:57:23.158] Selected the bad axiom SubClassOf(Entity Processual_Entity).
[2026-06-24 16:57:23.162] Found 16 possible bad axioms.
[2026-06-24 16:57:23.162] Selected the bad axiom SubClassOf(owl:Thing Processual_Entity).
[2026-06-24 16:57:23.165] Found 15 possible bad axioms.
[2026-06-24 16:57:23.165] Selected the bad axiom SubClassOf(Independent_Continuant_Entity Continuant_Entity).
[2026-06-24 16:57:23.167] Found 14 possible bad axioms.
[2026-06-24 16:57:23.167] Selected the bad axiom SubClassOf(Continuant_Entity Occurrent_Entity).
[2026-06-24 16:57:23.170] Found 13 possible bad axioms.
[2026-06-24 16:57:23.170] Selected the bad axiom SubClassOf(Entity owl:Thing).
[2026-06-24 16:57:23.173] Found 12 possible bad axioms.
[2026-06-24 16:57:23.173] Selected the bad axiom SubClassOf(Occurrent_Entity Functional_Entity).
[2026-06-24 16:57:23.174] Found 11 possible bad axioms.
[2026-06-24 16:57:23.175] Selected the bad axiom SubClassOf(Occurrent_Entity Continuant_Entity).
[2026-06-24 16:57:23.176] Found 10 possible bad axioms.
[2026-06-24 16:57:23.176] Selected the bad axiom SubClassOf(owl:Thing Occurrent_Entity).
[2026-06-24 16:57:23.178] Finished repairing the ontology.
Repairing with A2 (not-in-largest-mcs-removal)...
[2026-06-24 16:57:23.179] Checking precondition...
[2026-06-24 16:57:23.188] Starting the repair...
[2026-06-24 16:57:23.295] Found 1 possible bad axioms.
[2026-06-24 16:57:23.295] Selected the bad axiom SubClassOf(Entity owl:Nothing).
[2026-06-24 16:57:23.296] Finished repairing the ontology.
Repairing with A3 (default-weakening)...
[2026-06-24 16:57:23.298] Checking precondition...
[2026-06-24 16:57:23.300] Starting the repair...
[2026-06-24 16:57:23.314] Selected a reference ontology with 25 axioms.
[2026-06-24 16:57:23.450] Selected the bad axiom SubClassOf(Entity owl:Nothing).
[2026-06-24 16:57:23.458] Selected the weaker axiom SubClassOf(Functional_Entity owl:Nothing).
[2026-06-24 16:57:23.562] Selected the bad axiom SubClassOf(Functional_Entity owl:Nothing).
[2026-06-24 16:57:23.562] Selected the weaker axiom SubClassOf(Functional_Entity Processual_Entity).
[2026-06-24 16:57:23.563] Fin
...[truncated]
SUCCESS: attempt=170 seed=2399818 success_count=79/100
progress: ontology=PLIO attempt=170 success=79/100
----- PLIO attempt=171 seed=2414018 at 2026-06-24 16:57:26 -----
--- stdout ---
{"seed":2414018,"run_id":"20260624134028346645","trial_status":"success","error_type":null,"failure_stage":null,"error_message":null,"iic_values":{"B1_vs_A1":0.8,"B1_vs_A2":0.5,"B1_vs_A3":0.5,"B2_vs_A1":0.8,"B2_vs_A2":0.5,"B2_vs_A3":0.5,"B3_vs_A1":0.8,"B3_vs_A2":0.5,"B3_vs_A3":0.5,"B4_vs_A1":0.8,"B4_vs_A2":0.5,"B4_vs_A3":0.5,"B5_vs_A1":0.8,"B5_vs_A2":0.5,"B5_vs_A3":0.5,"B6_vs_A1":0.8,"B6_vs_A2":0.5,"B6_vs_A3":0.5,"B7_vs_A1":0.8,"B7_vs_A2":0.5,"B7_vs_A3":0.5,"B8_vs_A1":0.8,"B8_vs_A2":0.5,"B8_vs_A3":0.5,"B9_vs_A1":0.8,"B9_vs_A2":0.5,"B9_vs_A3":0.5},"repair_runtimes_ms":{"A1":40,"A2":144,"A3":170,"B1":112,"B2":541,"B3":317,"B4":22,"B5":440,"B6":288,"B7":21,"B8":356,"B9":293}}

--- stderr ---
SingleTrialExperiment starting: ontology=/workspaces/ontologyutils-ekaw26/repair-power-index-replication-ekaw26/ontologies/inconsistent/PLIO.owl, seed=2414018, run_id=20260624134028346645
Loaded ontology.
Normalizing ontology with SROIQ normalization...
Normalized ontology with SROIQ normalization.
Ontology is already inconsistent, skipping make-inconsistent step.
Repairing with A1 (random-removal)...
[2026-06-24 16:57:26.384] Checking precondition...
[2026-06-24 16:57:26.393] Starting the repair...
[2026-06-24 16:57:26.398] Found 19 possible bad axioms.
[2026-06-24 16:57:26.400] Selected the bad axiom SubClassOf(Occurrent_Entity Independent_Continuant_Entity).
[2026-06-24 16:57:26.404] Found 18 possible bad axioms.
[2026-06-24 16:57:26.405] Selected the bad axiom SubClassOf(Entity Functional_Entity).
[2026-06-24 16:57:26.408] Found 17 possible bad axioms.
[2026-06-24 16:57:26.409] Selected the bad axiom SubClassOf(Occurrent_Entity Continuant_Entity).
[2026-06-24 16:57:26.412] Found 16 possible bad axioms.
[2026-06-24 16:57:26.413] Selected the bad axiom SubClassOf(Occurrent_Entity Entity).
[2026-06-24 16:57:26.416] Found 15 possible bad axioms.
[2026-06-24 16:57:26.416] Selected the bad axiom SubClassOf(Functional_Entity Independent_Continuant_Entity).
[2026-06-24 16:57:26.419] Finished repairing the ontology.
Repairing with A2 (not-in-largest-mcs-removal)...
[2026-06-24 16:57:26.420] Checking precondition...
[2026-06-24 16:57:26.425] Starting the repair...
[2026-06-24 16:57:26.562] Found 1 possible bad axioms.
[2026-06-24 16:57:26.562] Selected the bad axiom SubClassOf(Entity owl:Nothing).
[2026-06-24 16:57:26.564] Finished repairing the ontology.
Repairing with A3 (default-weakening)...
[2026-06-24 16:57:26.565] Checking precondition...
[2026-06-24 16:57:26.568] Starting the repair...
[2026-06-24 16:57:26.576] Selected a reference ontology with 23 axioms.
[2026-06-24 16:57:26.724] Selected the bad axiom SubClassOf(Entity owl:Nothing).
[2026-06-24 16:57:26.733] Selected the weaker axiom SubClassOf(Entity Entity).
[2026-06-24 16:57:26.734] Finished repairing the ontology.
Repairing with B1 (bad-in_some_mus-weaker-random)...
[2026-06-24 16:57:26.735] Checking precondition...
[2026-06-24 16:57:26.737] Starting the repair...
[2026-06-24 16:57:26.740] Selected a reference ontology with 24 axioms.
[2026-06-24 16:57:26.835] Selected the bad axiom SubClassOf(Entity owl:Nothing).
[2026-06-24 16:57:26.845] Selected the weaker axiom SubClassOf(owl:Nothing owl:Nothing).
[2026-06-24 16:57:26.847] Finished repairing the ontology.
Repairing with B2 (bad-in_some_mus-weaker-shapley)...
[2026-06-24 16:57:26.849] Checking precondition...
[2026-06-24 16:57:26.850] Starting the repair...
[2026-06-24 16:57:26.852] Selected a reference ontology with 25 axioms.
[2026-06-24 16:57:26.915] Selected the bad axiom SubClassOf(Entity owl:Nothing).
[PowerIndexWeakerAxiomSelector] Scoring 14 candidate weakenings for Entity ⊑ ⊥
[PowerIndexWeakerAxiomSelector] Selected weaker ax
...[truncated]
SUCCESS: attempt=171 seed=2414018 success_count=80/100
progress: ontology=PLIO attempt=171 success=80/100
----- PLIO attempt=172 seed=2428218 at 2026-06-24 16:57:29 -----
--- stdout ---
{"seed":2428218,"run_id":"20260624134028346645","trial_status":"memory_limit_exceeded","error_type":"failure","failure_stage":"B8","error_message":"Repair failed: ExecutionException: java.lang.IllegalStateException: Could not find a weakening for axiom: ⊤ ⊑ Processual_Entity","iic_values":{},"repair_runtimes_ms":{"A1":37,"A2":131,"A3":178,"B1":100,"B2":432,"B3":352,"B4":40,"B5":418,"B6":318,"B7":38,"B8":99}}

--- stderr ---
SingleTrialExperiment starting: ontology=/workspaces/ontologyutils-ekaw26/repair-power-index-replication-ekaw26/ontologies/inconsistent/PLIO.owl, seed=2428218, run_id=20260624134028346645
Loaded ontology.
Normalizing ontology with SROIQ normalization...
Normalized ontology with SROIQ normalization.
Ontology is already inconsistent, skipping make-inconsistent step.
Repairing with A1 (random-removal)...
[2026-06-24 16:57:29.524] Checking precondition...
[2026-06-24 16:57:29.533] Starting the repair...
[2026-06-24 16:57:29.539] Found 19 possible bad axioms.
[2026-06-24 16:57:29.540] Selected the bad axiom SubClassOf(Entity Processual_Entity).
[2026-06-24 16:57:29.545] Found 18 possible bad axioms.
[2026-06-24 16:57:29.545] Selected the bad axiom SubClassOf(Occurrent_Entity Functional_Entity).
[2026-06-24 16:57:29.549] Found 17 possible bad axioms.
[2026-06-24 16:57:29.549] Selected the bad axiom SubClassOf(Occurrent_Entity Entity).
[2026-06-24 16:57:29.553] Found 16 possible bad axioms.
[2026-06-24 16:57:29.553] Selected the bad axiom SubClassOf(Continuant_Entity Entity).
[2026-06-24 16:57:29.556] Finished repairing the ontology.
Repairing with A2 (not-in-largest-mcs-removal)...
[2026-06-24 16:57:29.557] Checking precondition...
[2026-06-24 16:57:29.563] Starting the repair...
[2026-06-24 16:57:29.686] Found 1 possible bad axioms.
[2026-06-24 16:57:29.686] Selected the bad axiom SubClassOf(Entity owl:Nothing).
[2026-06-24 16:57:29.687] Finished repairing the ontology.
Repairing with A3 (default-weakening)...
[2026-06-24 16:57:29.689] Checking precondition...
[2026-06-24 16:57:29.692] Starting the repair...
[2026-06-24 16:57:29.709] Selected a reference ontology with 22 axioms.
[2026-06-24 16:57:29.855] Selected the bad axiom SubClassOf(Entity owl:Nothing).
[2026-06-24 16:57:29.864] Selected the weaker axiom SubClassOf(Entity Occurrent_Entity).
[2026-06-24 16:57:29.866] Finished repairing the ontology.
Repairing with B1 (bad-in_some_mus-weaker-random)...
[2026-06-24 16:57:29.866] Checking precondition...
[2026-06-24 16:57:29.868] Starting the repair...
[2026-06-24 16:57:29.873] Selected a reference ontology with 24 axioms.
[2026-06-24 16:57:29.964] Selected the bad axiom SubClassOf(Entity owl:Nothing).
[2026-06-24 16:57:29.965] Selected the weaker axiom SubClassOf(Entity Continuant_Entity).
[2026-06-24 16:57:29.966] Finished repairing the ontology.
Repairing with B2 (bad-in_some_mus-weaker-shapley)...
[2026-06-24 16:57:29.968] Checking precondition...
[2026-06-24 16:57:29.969] Starting the repair...
[2026-06-24 16:57:29.982] Selected a reference ontology with 24 axioms.
[2026-06-24 16:57:30.046] Selected the bad axiom SubClassOf(Entity owl:Nothing).
[PowerIndexWeakerAxiomSelector] Scoring 8 candidate weakenings for Entity ⊑ ⊥
[PowerIndexWeakerAxiomSelector] Selected weaker axiom: Entity ⊑ Continuant_Entity
[2026-06-24 16:57:30.397] Selected the weaker axiom SubClassOf(Entity Continuant_Entity).
[2026-06-24 16:57:30.399] Finished repairing the ontolog
...[truncated]
FAIL: attempt=172 seed=2428218 status=memory_limit_exceeded stage=B8 message=Repair failed: ExecutionException: java.lang.IllegalStateException: Could not find a weakening for axiom: ⊤ ⊑ Processual_Entity
progress: ontology=PLIO attempt=172 success=80/100
----- PLIO attempt=173 seed=2442418 at 2026-06-24 16:57:31 -----
--- stdout ---
{"seed":2442418,"run_id":"20260624134028346645","trial_status":"memory_limit_exceeded","error_type":"failure","failure_stage":"B6","error_message":"Repair failed: ExecutionException: java.lang.IllegalStateException: Could not find a weakening for axiom: ⊤ ⊑ Processual_Entity","iic_values":{},"repair_runtimes_ms":{"A1":38,"A2":120,"A3":178,"B1":109,"B2":542,"B3":380,"B4":24,"B5":435,"B6":73}}

--- stderr ---
SingleTrialExperiment starting: ontology=/workspaces/ontologyutils-ekaw26/repair-power-index-replication-ekaw26/ontologies/inconsistent/PLIO.owl, seed=2442418, run_id=20260624134028346645
Loaded ontology.
Normalizing ontology with SROIQ normalization...
Normalized ontology with SROIQ normalization.
Ontology is already inconsistent, skipping make-inconsistent step.
Repairing with A1 (random-removal)...
[2026-06-24 16:57:32.073] Checking precondition...
[2026-06-24 16:57:32.082] Starting the repair...
[2026-06-24 16:57:32.089] Found 19 possible bad axioms.
[2026-06-24 16:57:32.090] Selected the bad axiom SubClassOf(Continuant_Entity Processual_Entity).
[2026-06-24 16:57:32.096] Found 18 possible bad axioms.
[2026-06-24 16:57:32.097] Selected the bad axiom SubClassOf(Entity Functional_Entity).
[2026-06-24 16:57:32.100] Found 17 possible bad axioms.
[2026-06-24 16:57:32.100] Selected the bad axiom SubClassOf(Processual_Entity Occurrent_Entity).
[2026-06-24 16:57:32.103] Found 16 possible bad axioms.
[2026-06-24 16:57:32.104] Selected the bad axiom SubClassOf(Entity owl:Nothing).
[2026-06-24 16:57:32.106] Finished repairing the ontology.
Repairing with A2 (not-in-largest-mcs-removal)...
[2026-06-24 16:57:32.107] Checking precondition...
[2026-06-24 16:57:32.114] Starting the repair...
[2026-06-24 16:57:32.226] Found 1 possible bad axioms.
[2026-06-24 16:57:32.226] Selected the bad axiom SubClassOf(Entity owl:Nothing).
[2026-06-24 16:57:32.228] Finished repairing the ontology.
Repairing with A3 (default-weakening)...
[2026-06-24 16:57:32.229] Checking precondition...
[2026-06-24 16:57:32.231] Starting the repair...
[2026-06-24 16:57:32.241] Selected a reference ontology with 24 axioms.
[2026-06-24 16:57:32.396] Selected the bad axiom SubClassOf(Entity owl:Nothing).
[2026-06-24 16:57:32.405] Selected the weaker axiom SubClassOf(Entity Independent_Continuant_Entity).
[2026-06-24 16:57:32.406] Finished repairing the ontology.
Repairing with B1 (bad-in_some_mus-weaker-random)...
[2026-06-24 16:57:32.407] Checking precondition...
[2026-06-24 16:57:32.409] Starting the repair...
[2026-06-24 16:57:32.415] Selected a reference ontology with 25 axioms.
[2026-06-24 16:57:32.513] Selected the bad axiom SubClassOf(Entity owl:Nothing).
[2026-06-24 16:57:32.515] Selected the weaker axiom SubClassOf(Entity Continuant_Entity).
[2026-06-24 16:57:32.516] Finished repairing the ontology.
Repairing with B2 (bad-in_some_mus-weaker-shapley)...
[2026-06-24 16:57:32.518] Checking precondition...
[2026-06-24 16:57:32.519] Starting the repair...
[2026-06-24 16:57:32.530] Selected a reference ontology with 25 axioms.
[2026-06-24 16:57:32.592] Selected the bad axiom SubClassOf(Entity owl:Nothing).
[PowerIndexWeakerAxiomSelector] Scoring 14 candidate weakenings for Entity ⊑ ⊥
[PowerIndexWeakerAxiomSelector] Selected weaker axiom: Entity ⊑ Continuant_Entity
[2026-06-24 16:57:33.055] Selected the weaker axiom SubClassOf(Entity Continuant_Entity).
[2026-06-24 16:57:33.058] Finished r
...[truncated]
FAIL: attempt=173 seed=2442418 status=memory_limit_exceeded stage=B6 message=Repair failed: ExecutionException: java.lang.IllegalStateException: Could not find a weakening for axiom: ⊤ ⊑ Processual_Entity
progress: ontology=PLIO attempt=173 success=80/100
----- PLIO attempt=174 seed=2456618 at 2026-06-24 16:57:34 -----
--- stdout ---
{"seed":2456618,"run_id":"20260624134028346645","trial_status":"success","error_type":null,"failure_stage":null,"error_message":null,"iic_values":{"B1_vs_A1":1.0,"B1_vs_A2":0.5,"B1_vs_A3":0.5,"B2_vs_A1":1.0,"B2_vs_A2":0.5,"B2_vs_A3":0.5,"B3_vs_A1":1.0,"B3_vs_A2":0.5,"B3_vs_A3":0.5,"B4_vs_A1":0.6875,"B4_vs_A2":0.5,"B4_vs_A3":0.5,"B5_vs_A1":0.6875,"B5_vs_A2":0.5,"B5_vs_A3":0.5,"B6_vs_A1":0.6875,"B6_vs_A2":0.5,"B6_vs_A3":0.5,"B7_vs_A1":0.6875,"B7_vs_A2":0.5,"B7_vs_A3":0.5,"B8_vs_A1":0.6875,"B8_vs_A2":0.5,"B8_vs_A3":0.5,"B9_vs_A1":0.6875,"B9_vs_A2":0.5,"B9_vs_A3":0.5},"repair_runtimes_ms":{"A1":62,"A2":115,"A3":168,"B1":232,"B2":494,"B3":410,"B4":27,"B5":432,"B6":306,"B7":25,"B8":314,"B9":262}}

--- stderr ---
SingleTrialExperiment starting: ontology=/workspaces/ontologyutils-ekaw26/repair-power-index-replication-ekaw26/ontologies/inconsistent/PLIO.owl, seed=2456618, run_id=20260624134028346645
Loaded ontology.
Normalizing ontology with SROIQ normalization...
Normalized ontology with SROIQ normalization.
Ontology is already inconsistent, skipping make-inconsistent step.
Repairing with A1 (random-removal)...
[2026-06-24 16:57:34.373] Checking precondition...
[2026-06-24 16:57:34.382] Starting the repair...
[2026-06-24 16:57:34.390] Found 19 possible bad axioms.
[2026-06-24 16:57:34.392] Selected the bad axiom SubClassOf(Entity Occurrent_Entity).
[2026-06-24 16:57:34.397] Found 18 possible bad axioms.
[2026-06-24 16:57:34.398] Selected the bad axiom SubClassOf(Continuant_Entity Entity).
[2026-06-24 16:57:34.401] Found 17 possible bad axioms.
[2026-06-24 16:57:34.401] Selected the bad axiom SubClassOf(Entity Functional_Entity).
[2026-06-24 16:57:34.404] Found 16 possible bad axioms.
[2026-06-24 16:57:34.404] Selected the bad axiom SubClassOf(Occurrent_Entity Functional_Entity).
[2026-06-24 16:57:34.408] Found 15 possible bad axioms.
[2026-06-24 16:57:34.408] Selected the bad axiom SubClassOf(Functional_Entity Independent_Continuant_Entity).
[2026-06-24 16:57:34.410] Found 14 possible bad axioms.
[2026-06-24 16:57:34.411] Selected the bad axiom SubClassOf(Entity owl:Thing).
[2026-06-24 16:57:34.413] Found 13 possible bad axioms.
[2026-06-24 16:57:34.413] Selected the bad axiom SubClassOf(Entity Continuant_Entity).
[2026-06-24 16:57:34.415] Found 12 possible bad axioms.
[2026-06-24 16:57:34.416] Selected the bad axiom SubClassOf(Occurrent_Entity Independent_Continuant_Entity).
[2026-06-24 16:57:34.418] Found 11 possible bad axioms.
[2026-06-24 16:57:34.418] Selected the bad axiom SubClassOf(Independent_Continuant_Entity Continuant_Entity).
[2026-06-24 16:57:34.419] Found 10 possible bad axioms.
[2026-06-24 16:57:34.419] Selected the bad axiom SubClassOf(Continuant_Entity Processual_Entity).
[2026-06-24 16:57:34.421] Found 9 possible bad axioms.
[2026-06-24 16:57:34.422] Selected the bad axiom SubClassOf(owl:Thing Processual_Entity).
[2026-06-24 16:57:34.428] Found 8 possible bad axioms.
[2026-06-24 16:57:34.429] Selected the bad axiom SubClassOf(Entity owl:Nothing).
[2026-06-24 16:57:34.431] Finished repairing the ontology.
Repairing with A2 (not-in-largest-mcs-removal)...
[2026-06-24 16:57:34.432] Checking precondition...
[2026-06-24 16:57:34.436] Starting the repair...
[2026-06-24 16:57:34.541] Found 1 possible bad axioms.
[2026-06-24 16:57:34.541] Selected the bad axiom SubClassOf(Entity owl:Nothing).
[2026-06-24 16:57:34.547] Finished repairing the ontology.
Repairing with A3 (default-weakening)...
[2026-06-24 16:57:34.548] Checking precondition...
[2026-06-24 16:57:34.552] Starting the repair...
[2026-06-24 16:57:34.564] Selected a reference ontology with 24 axioms.
[2026-06-24 16:57:34.704] Selected the bad axiom SubClassOf(Entity owl:Nothing).
[2026-
...[truncated]
SUCCESS: attempt=174 seed=2456618 success_count=81/100
progress: ontology=PLIO attempt=174 success=81/100
----- PLIO attempt=175 seed=2470818 at 2026-06-24 16:57:37 -----
--- stdout ---
{"seed":2470818,"run_id":"20260624134028346645","trial_status":"success","error_type":null,"failure_stage":null,"error_message":null,"iic_values":{"B1_vs_A1":0.5,"B1_vs_A2":0.5,"B1_vs_A3":0.5,"B2_vs_A1":0.5,"B2_vs_A2":0.5,"B2_vs_A3":0.5,"B3_vs_A1":0.5,"B3_vs_A2":0.5,"B3_vs_A3":0.5,"B4_vs_A1":0.5,"B4_vs_A2":0.5,"B4_vs_A3":0.5,"B5_vs_A1":0.5,"B5_vs_A2":0.5,"B5_vs_A3":0.5,"B6_vs_A1":0.5,"B6_vs_A2":0.5,"B6_vs_A3":0.5,"B7_vs_A1":0.5,"B7_vs_A2":0.5,"B7_vs_A3":0.5,"B8_vs_A1":0.5,"B8_vs_A2":0.5,"B8_vs_A3":0.5,"B9_vs_A1":0.5,"B9_vs_A2":0.5,"B9_vs_A3":0.5},"repair_runtimes_ms":{"A1":33,"A2":128,"A3":176,"B1":103,"B2":544,"B3":399,"B4":23,"B5":408,"B6":341,"B7":19,"B8":318,"B9":288}}

--- stderr ---
SingleTrialExperiment starting: ontology=/workspaces/ontologyutils-ekaw26/repair-power-index-replication-ekaw26/ontologies/inconsistent/PLIO.owl, seed=2470818, run_id=20260624134028346645
Loaded ontology.
Normalizing ontology with SROIQ normalization...
Normalized ontology with SROIQ normalization.
Ontology is already inconsistent, skipping make-inconsistent step.
Repairing with A1 (random-removal)...
[2026-06-24 16:57:37.608] Checking precondition...
[2026-06-24 16:57:37.617] Starting the repair...
[2026-06-24 16:57:37.622] Found 19 possible bad axioms.
[2026-06-24 16:57:37.623] Selected the bad axiom SubClassOf(Processual_Entity Occurrent_Entity).
[2026-06-24 16:57:37.627] Found 18 possible bad axioms.
[2026-06-24 16:57:37.628] Selected the bad axiom SubClassOf(Functional_Entity Independent_Continuant_Entity).
[2026-06-24 16:57:37.631] Found 17 possible bad axioms.
[2026-06-24 16:57:37.631] Selected the bad axiom SubClassOf(Entity Continuant_Entity).
[2026-06-24 16:57:37.634] Found 16 possible bad axioms.
[2026-06-24 16:57:37.634] Selected the bad axiom SubClassOf(Entity owl:Nothing).
[2026-06-24 16:57:37.638] Finished repairing the ontology.
Repairing with A2 (not-in-largest-mcs-removal)...
[2026-06-24 16:57:37.638] Checking precondition...
[2026-06-24 16:57:37.644] Starting the repair...
[2026-06-24 16:57:37.764] Found 1 possible bad axioms.
[2026-06-24 16:57:37.764] Selected the bad axiom SubClassOf(Entity owl:Nothing).
[2026-06-24 16:57:37.766] Finished repairing the ontology.
Repairing with A3 (default-weakening)...
[2026-06-24 16:57:37.768] Checking precondition...
[2026-06-24 16:57:37.770] Starting the repair...
[2026-06-24 16:57:37.785] Selected a reference ontology with 25 axioms.
[2026-06-24 16:57:37.931] Selected the bad axiom SubClassOf(Entity owl:Nothing).
[2026-06-24 16:57:37.940] Selected the weaker axiom SubClassOf(owl:Nothing owl:Nothing).
[2026-06-24 16:57:37.942] Finished repairing the ontology.
Repairing with B1 (bad-in_some_mus-weaker-random)...
[2026-06-24 16:57:37.943] Checking precondition...
[2026-06-24 16:57:37.945] Starting the repair...
[2026-06-24 16:57:37.948] Selected a reference ontology with 25 axioms.
[2026-06-24 16:57:38.042] Selected the bad axiom SubClassOf(Entity owl:Nothing).
[2026-06-24 16:57:38.045] Selected the weaker axiom SubClassOf(Entity Processual_Entity).
[2026-06-24 16:57:38.046] Finished repairing the ontology.
Repairing with B2 (bad-in_some_mus-weaker-shapley)...
[2026-06-24 16:57:38.048] Checking precondition...
[2026-06-24 16:57:38.049] Starting the repair...
[2026-06-24 16:57:38.051] Selected a reference ontology with 25 axioms.
[2026-06-24 16:57:38.129] Selected the bad axiom SubClassOf(Entity owl:Nothing).
[PowerIndexWeakerAxiomSelector] Scoring 14 candidate weakenings for Entity ⊑ ⊥
[PowerIndexWeakerAxiomSelector] Selected weaker axiom: Entity ⊑ Continuant_Entity
[2026-06-24 16:57:38.588] Selected the weaker axiom SubClassOf(Entity Continuant_Entity).
[2026-06-24 16:57:38.590] Finished re
...[truncated]
SUCCESS: attempt=175 seed=2470818 success_count=82/100
progress: ontology=PLIO attempt=175 success=82/100
----- PLIO attempt=176 seed=2485018 at 2026-06-24 16:57:40 -----
--- stdout ---
{"seed":2485018,"run_id":"20260624134028346645","trial_status":"success","error_type":null,"failure_stage":null,"error_message":null,"iic_values":{"B1_vs_A1":1.0,"B1_vs_A2":0.5,"B1_vs_A3":0.5,"B2_vs_A1":1.0,"B2_vs_A2":0.5,"B2_vs_A3":0.5,"B3_vs_A1":1.0,"B3_vs_A2":0.5,"B3_vs_A3":0.5,"B4_vs_A1":0.6875,"B4_vs_A2":0.5,"B4_vs_A3":0.5,"B5_vs_A1":0.6875,"B5_vs_A2":0.5,"B5_vs_A3":0.5,"B6_vs_A1":0.6875,"B6_vs_A2":0.5,"B6_vs_A3":0.5,"B7_vs_A1":0.6875,"B7_vs_A2":0.5,"B7_vs_A3":0.5,"B8_vs_A1":0.6875,"B8_vs_A2":0.5,"B8_vs_A3":0.5,"B9_vs_A1":0.6875,"B9_vs_A2":0.5,"B9_vs_A3":0.5},"repair_runtimes_ms":{"A1":45,"A2":117,"A3":445,"B1":133,"B2":468,"B3":296,"B4":34,"B5":444,"B6":343,"B7":34,"B8":325,"B9":297}}

--- stderr ---
SingleTrialExperiment starting: ontology=/workspaces/ontologyutils-ekaw26/repair-power-index-replication-ekaw26/ontologies/inconsistent/PLIO.owl, seed=2485018, run_id=20260624134028346645
Loaded ontology.
Normalizing ontology with SROIQ normalization...
Normalized ontology with SROIQ normalization.
Ontology is already inconsistent, skipping make-inconsistent step.
Repairing with A1 (random-removal)...
[2026-06-24 16:57:40.775] Checking precondition...
[2026-06-24 16:57:40.784] Starting the repair...
[2026-06-24 16:57:40.790] Found 19 possible bad axioms.
[2026-06-24 16:57:40.792] Selected the bad axiom SubClassOf(Entity Functional_Entity).
[2026-06-24 16:57:40.796] Found 18 possible bad axioms.
[2026-06-24 16:57:40.797] Selected the bad axiom SubClassOf(Entity Continuant_Entity).
[2026-06-24 16:57:40.800] Found 17 possible bad axioms.
[2026-06-24 16:57:40.801] Selected the bad axiom SubClassOf(Occurrent_Entity Functional_Entity).
[2026-06-24 16:57:40.805] Found 16 possible bad axioms.
[2026-06-24 16:57:40.805] Selected the bad axiom SubClassOf(Entity Processual_Entity).
[2026-06-24 16:57:40.808] Found 15 possible bad axioms.
[2026-06-24 16:57:40.808] Selected the bad axiom SubClassOf(Processual_Entity Occurrent_Entity).
[2026-06-24 16:57:40.811] Found 14 possible bad axioms.
[2026-06-24 16:57:40.811] Selected the bad axiom SubClassOf(Occurrent_Entity Continuant_Entity).
[2026-06-24 16:57:40.814] Found 13 possible bad axioms.
[2026-06-24 16:57:40.814] Selected the bad axiom SubClassOf(Entity owl:Nothing).
[2026-06-24 16:57:40.816] Finished repairing the ontology.
Repairing with A2 (not-in-largest-mcs-removal)...
[2026-06-24 16:57:40.817] Checking precondition...
[2026-06-24 16:57:40.821] Starting the repair...
[2026-06-24 16:57:40.933] Found 1 possible bad axioms.
[2026-06-24 16:57:40.933] Selected the bad axiom SubClassOf(Entity owl:Nothing).
[2026-06-24 16:57:40.934] Finished repairing the ontology.
Repairing with A3 (default-weakening)...
[2026-06-24 16:57:40.935] Checking precondition...
[2026-06-24 16:57:40.938] Starting the repair...
[2026-06-24 16:57:40.946] Selected a reference ontology with 25 axioms.
[2026-06-24 16:57:41.085] Selected the bad axiom SubClassOf(Entity owl:Nothing).
[2026-06-24 16:57:41.095] Selected the weaker axiom SubClassOf(Continuant_Entity owl:Nothing).
[2026-06-24 16:57:41.187] Selected the bad axiom SubClassOf(Continuant_Entity owl:Nothing).
[2026-06-24 16:57:41.188] Selected the weaker axiom SubClassOf(Independent_Continuant_Entity owl:Nothing).
[2026-06-24 16:57:41.263] Selected the bad axiom SubClassOf(Independent_Continuant_Entity owl:Nothing).
[2026-06-24 16:57:41.263] Selected the weaker axiom SubClassOf(Processual_Entity owl:Nothing).
[2026-06-24 16:57:41.315] Selected the bad axiom SubClassOf(Processual_Entity owl:Nothing).
[2026-06-24 16:57:41.316] Selected the weaker axiom SubClassOf(Continuant_Entity owl:Nothing).
[2026-06-24 16:57:41.379] Selected the bad axiom SubClassOf(Continuant_Entity owl:Nothing).

...[truncated]
SUCCESS: attempt=176 seed=2485018 success_count=83/100
progress: ontology=PLIO attempt=176 success=83/100
----- PLIO attempt=177 seed=2499218 at 2026-06-24 16:57:43 -----
--- stdout ---
{"seed":2499218,"run_id":"20260624134028346645","trial_status":"memory_limit_exceeded","error_type":"failure","failure_stage":"B5","error_message":"Repair failed: ExecutionException: java.lang.IllegalStateException: Could not find a weakening for axiom: ⊤ ⊑ Processual_Entity","iic_values":{},"repair_runtimes_ms":{"A1":48,"A2":117,"A3":264,"B1":89,"B2":415,"B3":350,"B4":22,"B5":144}}

--- stderr ---
SingleTrialExperiment starting: ontology=/workspaces/ontologyutils-ekaw26/repair-power-index-replication-ekaw26/ontologies/inconsistent/PLIO.owl, seed=2499218, run_id=20260624134028346645
Loaded ontology.
Normalizing ontology with SROIQ normalization...
Normalized ontology with SROIQ normalization.
Ontology is already inconsistent, skipping make-inconsistent step.
Repairing with A1 (random-removal)...
[2026-06-24 16:57:44.161] Checking precondition...
[2026-06-24 16:57:44.170] Starting the repair...
[2026-06-24 16:57:44.176] Found 19 possible bad axioms.
[2026-06-24 16:57:44.178] Selected the bad axiom SubClassOf(Occurrent_Entity Independent_Continuant_Entity).
[2026-06-24 16:57:44.182] Found 18 possible bad axioms.
[2026-06-24 16:57:44.182] Selected the bad axiom SubClassOf(Entity Functional_Entity).
[2026-06-24 16:57:44.186] Found 17 possible bad axioms.
[2026-06-24 16:57:44.186] Selected the bad axiom SubClassOf(owl:Thing Processual_Entity).
[2026-06-24 16:57:44.189] Found 16 possible bad axioms.
[2026-06-24 16:57:44.190] Selected the bad axiom SubClassOf(Entity Continuant_Entity).
[2026-06-24 16:57:44.193] Found 15 possible bad axioms.
[2026-06-24 16:57:44.193] Selected the bad axiom SubClassOf(Functional_Entity Independent_Continuant_Entity).
[2026-06-24 16:57:44.195] Found 14 possible bad axioms.
[2026-06-24 16:57:44.196] Selected the bad axiom SubClassOf(Continuant_Entity Processual_Entity).
[2026-06-24 16:57:44.198] Found 13 possible bad axioms.
[2026-06-24 16:57:44.199] Selected the bad axiom SubClassOf(Occurrent_Entity Continuant_Entity).
[2026-06-24 16:57:44.201] Found 12 possible bad axioms.
[2026-06-24 16:57:44.201] Selected the bad axiom SubClassOf(Processual_Entity Occurrent_Entity).
[2026-06-24 16:57:44.202] Found 11 possible bad axioms.
[2026-06-24 16:57:44.203] Selected the bad axiom SubClassOf(Occurrent_Entity Functional_Entity).
[2026-06-24 16:57:44.204] Found 10 possible bad axioms.
[2026-06-24 16:57:44.204] Selected the bad axiom SubClassOf(Entity owl:Nothing).
[2026-06-24 16:57:44.205] Finished repairing the ontology.
Repairing with A2 (not-in-largest-mcs-removal)...
[2026-06-24 16:57:44.206] Checking precondition...
[2026-06-24 16:57:44.217] Starting the repair...
[2026-06-24 16:57:44.321] Found 1 possible bad axioms.
[2026-06-24 16:57:44.321] Selected the bad axiom SubClassOf(Entity owl:Nothing).
[2026-06-24 16:57:44.323] Finished repairing the ontology.
Repairing with A3 (default-weakening)...
[2026-06-24 16:57:44.324] Checking precondition...
[2026-06-24 16:57:44.327] Starting the repair...
[2026-06-24 16:57:44.346] Selected a reference ontology with 22 axioms.
[2026-06-24 16:57:44.479] Selected the bad axiom SubClassOf(Entity owl:Nothing).
[2026-06-24 16:57:44.487] Selected the weaker axiom SubClassOf(Independent_Continuant_Entity owl:Nothing).
[2026-06-24 16:57:44.586] Selected the bad axiom SubClassOf(Independent_Continuant_Entity owl:Nothing).
[2026-06-24 16:57:44.586] Selected the weaker axiom SubClassOf(Independen
...[truncated]
FAIL: attempt=177 seed=2499218 status=memory_limit_exceeded stage=B5 message=Repair failed: ExecutionException: java.lang.IllegalStateException: Could not find a weakening for axiom: ⊤ ⊑ Processual_Entity
progress: ontology=PLIO attempt=177 success=83/100
----- PLIO attempt=178 seed=2513418 at 2026-06-24 16:57:45 -----
--- stdout ---
{"seed":2513418,"run_id":"20260624134028346645","trial_status":"success","error_type":null,"failure_stage":null,"error_message":null,"iic_values":{"B1_vs_A1":1.0,"B1_vs_A2":0.5,"B1_vs_A3":0.5,"B2_vs_A1":1.0,"B2_vs_A2":0.5,"B2_vs_A3":0.5,"B3_vs_A1":1.0,"B3_vs_A2":0.5,"B3_vs_A3":0.5,"B4_vs_A1":0.8,"B4_vs_A2":0.5,"B4_vs_A3":0.5,"B5_vs_A1":0.8,"B5_vs_A2":0.5,"B5_vs_A3":0.5,"B6_vs_A1":0.8,"B6_vs_A2":0.5,"B6_vs_A3":0.5,"B7_vs_A1":0.8,"B7_vs_A2":0.5,"B7_vs_A3":0.5,"B8_vs_A1":0.8,"B8_vs_A2":0.5,"B8_vs_A3":0.5,"B9_vs_A1":0.8,"B9_vs_A2":0.5,"B9_vs_A3":0.5},"repair_runtimes_ms":{"A1":57,"A2":109,"A3":260,"B1":79,"B2":570,"B3":266,"B4":32,"B5":387,"B6":312,"B7":21,"B8":372,"B9":250}}

--- stderr ---
SingleTrialExperiment starting: ontology=/workspaces/ontologyutils-ekaw26/repair-power-index-replication-ekaw26/ontologies/inconsistent/PLIO.owl, seed=2513418, run_id=20260624134028346645
Loaded ontology.
Normalizing ontology with SROIQ normalization...
Normalized ontology with SROIQ normalization.
Ontology is already inconsistent, skipping make-inconsistent step.
Repairing with A1 (random-removal)...
[2026-06-24 16:57:45.980] Checking precondition...
[2026-06-24 16:57:45.988] Starting the repair...
[2026-06-24 16:57:45.994] Found 19 possible bad axioms.
[2026-06-24 16:57:45.995] Selected the bad axiom SubClassOf(owl:Thing Processual_Entity).
[2026-06-24 16:57:46.000] Found 18 possible bad axioms.
[2026-06-24 16:57:46.000] Selected the bad axiom SubClassOf(Processual_Entity Occurrent_Entity).
[2026-06-24 16:57:46.004] Found 17 possible bad axioms.
[2026-06-24 16:57:46.004] Selected the bad axiom SubClassOf(Occurrent_Entity Functional_Entity).
[2026-06-24 16:57:46.007] Found 16 possible bad axioms.
[2026-06-24 16:57:46.007] Selected the bad axiom SubClassOf(Continuant_Entity Processual_Entity).
[2026-06-24 16:57:46.011] Found 15 possible bad axioms.
[2026-06-24 16:57:46.011] Selected the bad axiom SubClassOf(Entity Continuant_Entity).
[2026-06-24 16:57:46.013] Found 14 possible bad axioms.
[2026-06-24 16:57:46.014] Selected the bad axiom SubClassOf(Functional_Entity Independent_Continuant_Entity).
[2026-06-24 16:57:46.016] Found 13 possible bad axioms.
[2026-06-24 16:57:46.016] Selected the bad axiom SubClassOf(Continuant_Entity Occurrent_Entity).
[2026-06-24 16:57:46.018] Found 12 possible bad axioms.
[2026-06-24 16:57:46.019] Selected the bad axiom SubClassOf(Entity Processual_Entity).
[2026-06-24 16:57:46.020] Found 11 possible bad axioms.
[2026-06-24 16:57:46.020] Selected the bad axiom SubClassOf(Entity Functional_Entity).
[2026-06-24 16:57:46.022] Found 10 possible bad axioms.
[2026-06-24 16:57:46.022] Selected the bad axiom SubClassOf(Occurrent_Entity Continuant_Entity).
[2026-06-24 16:57:46.023] Found 9 possible bad axioms.
[2026-06-24 16:57:46.023] Selected the bad axiom SubClassOf(Continuant_Entity Entity).
[2026-06-24 16:57:46.030] Found 8 possible bad axioms.
[2026-06-24 16:57:46.030] Selected the bad axiom SubClassOf(Entity owl:Nothing).
[2026-06-24 16:57:46.032] Finished repairing the ontology.
Repairing with A2 (not-in-largest-mcs-removal)...
[2026-06-24 16:57:46.033] Checking precondition...
[2026-06-24 16:57:46.038] Starting the repair...
[2026-06-24 16:57:46.140] Found 1 possible bad axioms.
[2026-06-24 16:57:46.141] Selected the bad axiom SubClassOf(Entity owl:Nothing).
[2026-06-24 16:57:46.142] Finished repairing the ontology.
Repairing with A3 (default-weakening)...
[2026-06-24 16:57:46.144] Checking precondition...
[2026-06-24 16:57:46.146] Starting the repair...
[2026-06-24 16:57:46.160] Selected a reference ontology with 25 axioms.
[2026-06-24 16:57:46.304] Selected the bad axiom SubClassOf(Entity owl:Nothing).
[2026-06-24 
...[truncated]
SUCCESS: attempt=178 seed=2513418 success_count=84/100
progress: ontology=PLIO attempt=178 success=84/100
----- PLIO attempt=179 seed=2527618 at 2026-06-24 16:57:48 -----
--- stdout ---
{"seed":2527618,"run_id":"20260624134028346645","trial_status":"memory_limit_exceeded","error_type":"failure","failure_stage":"B8","error_message":"Repair failed: ExecutionException: java.lang.IllegalStateException: Could not find a weakening for axiom: ⊤ ⊑ Processual_Entity","iic_values":{},"repair_runtimes_ms":{"A1":61,"A2":108,"A3":162,"B1":109,"B2":532,"B3":314,"B4":30,"B5":466,"B6":302,"B7":41,"B8":96}}

--- stderr ---
SingleTrialExperiment starting: ontology=/workspaces/ontologyutils-ekaw26/repair-power-index-replication-ekaw26/ontologies/inconsistent/PLIO.owl, seed=2527618, run_id=20260624134028346645
Loaded ontology.
Normalizing ontology with SROIQ normalization...
Normalized ontology with SROIQ normalization.
Ontology is already inconsistent, skipping make-inconsistent step.
Repairing with A1 (random-removal)...
[2026-06-24 16:57:49.087] Checking precondition...
[2026-06-24 16:57:49.096] Starting the repair...
[2026-06-24 16:57:49.102] Found 19 possible bad axioms.
[2026-06-24 16:57:49.103] Selected the bad axiom SubClassOf(Entity Continuant_Entity).
[2026-06-24 16:57:49.108] Found 18 possible bad axioms.
[2026-06-24 16:57:49.109] Selected the bad axiom SubClassOf(Entity Occurrent_Entity).
[2026-06-24 16:57:49.112] Found 17 possible bad axioms.
[2026-06-24 16:57:49.113] Selected the bad axiom SubClassOf(Occurrent_Entity Functional_Entity).
[2026-06-24 16:57:49.116] Found 16 possible bad axioms.
[2026-06-24 16:57:49.116] Selected the bad axiom SubClassOf(Continuant_Entity Entity).
[2026-06-24 16:57:49.119] Found 15 possible bad axioms.
[2026-06-24 16:57:49.120] Selected the bad axiom SubClassOf(Independent_Continuant_Entity Continuant_Entity).
[2026-06-24 16:57:49.122] Found 14 possible bad axioms.
[2026-06-24 16:57:49.122] Selected the bad axiom SubClassOf(Occurrent_Entity Continuant_Entity).
[2026-06-24 16:57:49.126] Found 13 possible bad axioms.
[2026-06-24 16:57:49.126] Selected the bad axiom SubClassOf(Processual_Entity Occurrent_Entity).
[2026-06-24 16:57:49.129] Found 12 possible bad axioms.
[2026-06-24 16:57:49.129] Selected the bad axiom SubClassOf(Entity Independent_Continuant_Entity).
[2026-06-24 16:57:49.130] Found 11 possible bad axioms.
[2026-06-24 16:57:49.131] Selected the bad axiom SubClassOf(Occurrent_Entity Independent_Continuant_Entity).
[2026-06-24 16:57:49.132] Found 10 possible bad axioms.
[2026-06-24 16:57:49.132] Selected the bad axiom SubClassOf(Continuant_Entity Occurrent_Entity).
[2026-06-24 16:57:49.134] Found 9 possible bad axioms.
[2026-06-24 16:57:49.135] Selected the bad axiom SubClassOf(Functional_Entity Independent_Continuant_Entity).
[2026-06-24 16:57:49.141] Found 8 possible bad axioms.
[2026-06-24 16:57:49.141] Selected the bad axiom SubClassOf(owl:Thing Occurrent_Entity).
[2026-06-24 16:57:49.144] Finished repairing the ontology.
Repairing with A2 (not-in-largest-mcs-removal)...
[2026-06-24 16:57:49.144] Checking precondition...
[2026-06-24 16:57:49.149] Starting the repair...
[2026-06-24 16:57:49.251] Found 1 possible bad axioms.
[2026-06-24 16:57:49.251] Selected the bad axiom SubClassOf(Entity owl:Nothing).
[2026-06-24 16:57:49.253] Finished repairing the ontology.
Repairing with A3 (default-weakening)...
[2026-06-24 16:57:49.254] Checking precondition...
[2026-06-24 16:57:49.257] Starting the repair...
[2026-06-24 16:57:49.274] Selected a reference ontology with 24 axioms.
[2026-06-24 16:57:49.404] Selected the bad 
...[truncated]
FAIL: attempt=179 seed=2527618 status=memory_limit_exceeded stage=B8 message=Repair failed: ExecutionException: java.lang.IllegalStateException: Could not find a weakening for axiom: ⊤ ⊑ Processual_Entity
progress: ontology=PLIO attempt=179 success=84/100
----- PLIO attempt=180 seed=2541818 at 2026-06-24 16:57:51 -----
--- stdout ---
{"seed":2541818,"run_id":"20260624134028346645","trial_status":"memory_limit_exceeded","error_type":"failure","failure_stage":"B6","error_message":"Repair failed: ExecutionException: java.lang.IllegalStateException: Could not find a weakening for axiom: ⊤ ⊑ Processual_Entity","iic_values":{},"repair_runtimes_ms":{"A1":41,"A2":120,"A3":304,"B1":76,"B2":563,"B3":303,"B4":27,"B5":444,"B6":109}}

--- stderr ---
SingleTrialExperiment starting: ontology=/workspaces/ontologyutils-ekaw26/repair-power-index-replication-ekaw26/ontologies/inconsistent/PLIO.owl, seed=2541818, run_id=20260624134028346645
Loaded ontology.
Normalizing ontology with SROIQ normalization...
Normalized ontology with SROIQ normalization.
Ontology is already inconsistent, skipping make-inconsistent step.
Repairing with A1 (random-removal)...
[2026-06-24 16:57:51.701] Checking precondition...
[2026-06-24 16:57:51.710] Starting the repair...
[2026-06-24 16:57:51.717] Found 19 possible bad axioms.
[2026-06-24 16:57:51.718] Selected the bad axiom SubClassOf(Independent_Continuant_Entity Continuant_Entity).
[2026-06-24 16:57:51.724] Found 18 possible bad axioms.
[2026-06-24 16:57:51.725] Selected the bad axiom SubClassOf(Functional_Entity Independent_Continuant_Entity).
[2026-06-24 16:57:51.728] Found 17 possible bad axioms.
[2026-06-24 16:57:51.728] Selected the bad axiom SubClassOf(Occurrent_Entity Continuant_Entity).
[2026-06-24 16:57:51.731] Found 16 possible bad axioms.
[2026-06-24 16:57:51.732] Selected the bad axiom SubClassOf(Entity Independent_Continuant_Entity).
[2026-06-24 16:57:51.735] Found 15 possible bad axioms.
[2026-06-24 16:57:51.735] Selected the bad axiom SubClassOf(Occurrent_Entity Entity).
[2026-06-24 16:57:51.737] Finished repairing the ontology.
Repairing with A2 (not-in-largest-mcs-removal)...
[2026-06-24 16:57:51.738] Checking precondition...
[2026-06-24 16:57:51.744] Starting the repair...
[2026-06-24 16:57:51.857] Found 1 possible bad axioms.
[2026-06-24 16:57:51.857] Selected the bad axiom SubClassOf(Entity owl:Nothing).
[2026-06-24 16:57:51.858] Finished repairing the ontology.
Repairing with A3 (default-weakening)...
[2026-06-24 16:57:51.859] Checking precondition...
[2026-06-24 16:57:51.862] Starting the repair...
[2026-06-24 16:57:51.870] Selected a reference ontology with 25 axioms.
[2026-06-24 16:57:52.045] Selected the bad axiom SubClassOf(Entity owl:Nothing).
[2026-06-24 16:57:52.053] Selected the weaker axiom SubClassOf(Functional_Entity owl:Nothing).
[2026-06-24 16:57:52.162] Selected the bad axiom SubClassOf(Functional_Entity owl:Nothing).
[2026-06-24 16:57:52.162] Selected the weaker axiom SubClassOf(Functional_Entity Functional_Entity).
[2026-06-24 16:57:52.163] Finished repairing the ontology.
Repairing with B1 (bad-in_some_mus-weaker-random)...
[2026-06-24 16:57:52.164] Checking precondition...
[2026-06-24 16:57:52.165] Starting the repair...
[2026-06-24 16:57:52.169] Selected a reference ontology with 25 axioms.
[2026-06-24 16:57:52.237] Selected the bad axiom SubClassOf(Entity owl:Nothing).
[2026-06-24 16:57:52.239] Selected the weaker axiom SubClassOf(Entity Entity).
[2026-06-24 16:57:52.239] Finished repairing the ontology.
Repairing with B2 (bad-in_some_mus-weaker-shapley)...
[2026-06-24 16:57:52.241] Checking precondition...
[2026-06-24 16:57:52.242] Starting the repair...
[2026-06-24 16:57:52.246] Selected a reference ontology with 25 axioms
...[truncated]
FAIL: attempt=180 seed=2541818 status=memory_limit_exceeded stage=B6 message=Repair failed: ExecutionException: java.lang.IllegalStateException: Could not find a weakening for axiom: ⊤ ⊑ Processual_Entity
progress: ontology=PLIO attempt=180 success=84/100
----- PLIO attempt=181 seed=2556018 at 2026-06-24 16:57:53 -----
--- stdout ---
{"seed":2556018,"run_id":"20260624134028346645","trial_status":"memory_limit_exceeded","error_type":"failure","failure_stage":"B4","error_message":"Repair failed: ExecutionException: java.lang.NullPointerException: operands cannot be null or empty","iic_values":{},"repair_runtimes_ms":{"A1":51,"A2":121,"A3":183,"B1":179,"B2":527,"B3":304,"B4":27}}

--- stderr ---
SingleTrialExperiment starting: ontology=/workspaces/ontologyutils-ekaw26/repair-power-index-replication-ekaw26/ontologies/inconsistent/PLIO.owl, seed=2556018, run_id=20260624134028346645
Loaded ontology.
Normalizing ontology with SROIQ normalization...
Normalized ontology with SROIQ normalization.
Ontology is already inconsistent, skipping make-inconsistent step.
Repairing with A1 (random-removal)...
[2026-06-24 16:57:54.076] Checking precondition...
[2026-06-24 16:57:54.084] Starting the repair...
[2026-06-24 16:57:54.091] Found 19 possible bad axioms.
[2026-06-24 16:57:54.092] Selected the bad axiom SubClassOf(Occurrent_Entity Functional_Entity).
[2026-06-24 16:57:54.097] Found 18 possible bad axioms.
[2026-06-24 16:57:54.098] Selected the bad axiom SubClassOf(Entity Processual_Entity).
[2026-06-24 16:57:54.101] Found 17 possible bad axioms.
[2026-06-24 16:57:54.101] Selected the bad axiom SubClassOf(Continuant_Entity Processual_Entity).
[2026-06-24 16:57:54.105] Found 16 possible bad axioms.
[2026-06-24 16:57:54.105] Selected the bad axiom SubClassOf(Entity Occurrent_Entity).
[2026-06-24 16:57:54.108] Found 15 possible bad axioms.
[2026-06-24 16:57:54.108] Selected the bad axiom SubClassOf(Entity Independent_Continuant_Entity).
[2026-06-24 16:57:54.111] Found 14 possible bad axioms.
[2026-06-24 16:57:54.111] Selected the bad axiom SubClassOf(Independent_Continuant_Entity Continuant_Entity).
[2026-06-24 16:57:54.113] Found 13 possible bad axioms.
[2026-06-24 16:57:54.114] Selected the bad axiom SubClassOf(Entity Functional_Entity).
[2026-06-24 16:57:54.117] Found 12 possible bad axioms.
[2026-06-24 16:57:54.117] Selected the bad axiom SubClassOf(owl:Thing Processual_Entity).
[2026-06-24 16:57:54.119] Found 11 possible bad axioms.
[2026-06-24 16:57:54.119] Selected the bad axiom SubClassOf(Processual_Entity Occurrent_Entity).
[2026-06-24 16:57:54.120] Found 10 possible bad axioms.
[2026-06-24 16:57:54.120] Selected the bad axiom SubClassOf(Entity owl:Nothing).
[2026-06-24 16:57:54.122] Finished repairing the ontology.
Repairing with A2 (not-in-largest-mcs-removal)...
[2026-06-24 16:57:54.123] Checking precondition...
[2026-06-24 16:57:54.132] Starting the repair...
[2026-06-24 16:57:54.243] Found 1 possible bad axioms.
[2026-06-24 16:57:54.243] Selected the bad axiom SubClassOf(Entity owl:Nothing).
[2026-06-24 16:57:54.244] Finished repairing the ontology.
Repairing with A3 (default-weakening)...
[2026-06-24 16:57:54.245] Checking precondition...
[2026-06-24 16:57:54.247] Starting the repair...
[2026-06-24 16:57:54.266] Selected a reference ontology with 24 axioms.
[2026-06-24 16:57:54.417] Selected the bad axiom SubClassOf(Entity owl:Nothing).
[2026-06-24 16:57:54.426] Selected the weaker axiom SubClassOf(Entity owl:Thing).
[2026-06-24 16:57:54.427] Finished repairing the ontology.
Repairing with B1 (bad-in_some_mus-weaker-random)...
[2026-06-24 16:57:54.428] Checking precondition...
[2026-06-24 16:57:54.430] Starting the repair...
[2026-06-24
...[truncated]
FAIL: attempt=181 seed=2556018 status=memory_limit_exceeded stage=B4 message=Repair failed: ExecutionException: java.lang.NullPointerException: operands cannot be null or empty
progress: ontology=PLIO attempt=181 success=84/100
----- PLIO attempt=182 seed=2570218 at 2026-06-24 16:57:55 -----
--- stdout ---
{"seed":2570218,"run_id":"20260624134028346645","trial_status":"success","error_type":null,"failure_stage":null,"error_message":null,"iic_values":{"B1_vs_A1":0.5,"B1_vs_A2":0.5,"B1_vs_A3":0.5,"B2_vs_A1":0.5,"B2_vs_A2":0.5,"B2_vs_A3":0.5,"B3_vs_A1":0.5,"B3_vs_A2":0.5,"B3_vs_A3":0.5,"B4_vs_A1":0.5,"B4_vs_A2":0.5,"B4_vs_A3":0.5,"B5_vs_A1":0.5,"B5_vs_A2":0.5,"B5_vs_A3":0.5,"B6_vs_A1":0.5,"B6_vs_A2":0.5,"B6_vs_A3":0.5,"B7_vs_A1":0.5,"B7_vs_A2":0.5,"B7_vs_A3":0.5,"B8_vs_A1":0.5,"B8_vs_A2":0.5,"B8_vs_A3":0.5,"B9_vs_A1":0.5,"B9_vs_A2":0.5,"B9_vs_A3":0.5},"repair_runtimes_ms":{"A1":26,"A2":139,"A3":165,"B1":256,"B2":523,"B3":359,"B4":38,"B5":428,"B6":276,"B7":29,"B8":328,"B9":251}}

--- stderr ---
SingleTrialExperiment starting: ontology=/workspaces/ontologyutils-ekaw26/repair-power-index-replication-ekaw26/ontologies/inconsistent/PLIO.owl, seed=2570218, run_id=20260624134028346645
Loaded ontology.
Normalizing ontology with SROIQ normalization...
Normalized ontology with SROIQ normalization.
Ontology is already inconsistent, skipping make-inconsistent step.
Repairing with A1 (random-removal)...
[2026-06-24 16:57:55.855] Checking precondition...
[2026-06-24 16:57:55.863] Starting the repair...
[2026-06-24 16:57:55.870] Found 19 possible bad axioms.
[2026-06-24 16:57:55.871] Selected the bad axiom SubClassOf(Entity owl:Nothing).
[2026-06-24 16:57:55.876] Finished repairing the ontology.
Repairing with A2 (not-in-largest-mcs-removal)...
[2026-06-24 16:57:55.877] Checking precondition...
[2026-06-24 16:57:55.884] Starting the repair...
[2026-06-24 16:57:56.014] Found 1 possible bad axioms.
[2026-06-24 16:57:56.014] Selected the bad axiom SubClassOf(Entity owl:Nothing).
[2026-06-24 16:57:56.016] Finished repairing the ontology.
Repairing with A3 (default-weakening)...
[2026-06-24 16:57:56.018] Checking precondition...
[2026-06-24 16:57:56.020] Starting the repair...
[2026-06-24 16:57:56.033] Selected a reference ontology with 25 axioms.
[2026-06-24 16:57:56.171] Selected the bad axiom SubClassOf(Entity owl:Nothing).
[2026-06-24 16:57:56.179] Selected the weaker axiom SubClassOf(Entity Entity).
[2026-06-24 16:57:56.181] Finished repairing the ontology.
Repairing with B1 (bad-in_some_mus-weaker-random)...
[2026-06-24 16:57:56.182] Checking precondition...
[2026-06-24 16:57:56.184] Starting the repair...
[2026-06-24 16:57:56.188] Selected a reference ontology with 25 axioms.
[2026-06-24 16:57:56.293] Selected the bad axiom SubClassOf(Entity owl:Nothing).
[2026-06-24 16:57:56.295] Selected the weaker axiom SubClassOf(Independent_Continuant_Entity owl:Nothing).
[2026-06-24 16:57:56.366] Selected the bad axiom SubClassOf(Independent_Continuant_Entity owl:Nothing).
[2026-06-24 16:57:56.366] Selected the weaker axiom SubClassOf(Functional_Entity owl:Nothing).
[2026-06-24 16:57:56.435] Selected the bad axiom SubClassOf(Functional_Entity owl:Nothing).
[2026-06-24 16:57:56.437] Selected the weaker axiom SubClassOf(owl:Nothing owl:Nothing).
[2026-06-24 16:57:56.438] Finished repairing the ontology.
Repairing with B2 (bad-in_some_mus-weaker-shapley)...
[2026-06-24 16:57:56.440] Checking precondition...
[2026-06-24 16:57:56.442] Starting the repair...
[2026-06-24 16:57:56.445] Selected a reference ontology with 25 axioms.
[2026-06-24 16:57:56.498] Selected the bad axiom SubClassOf(Entity owl:Nothing).
[PowerIndexWeakerAxiomSelector] Scoring 14 candidate weakenings for Entity ⊑ ⊥
[PowerIndexWeakerAxiomSelector] Selected weaker axiom: Entity ⊑ Continuant_Entity
[2026-06-24 16:57:56.959] Selected the weaker axiom SubClassOf(Entity Continuant_Entity).
[2026-06-24 16:57:56.961] Finished repairing the ontology.
Repairing with B3 (bad-in_some_mus-weaker-banzhaf)...
...[truncated]
SUCCESS: attempt=182 seed=2570218 success_count=85/100
progress: ontology=PLIO attempt=182 success=85/100
----- PLIO attempt=183 seed=2584418 at 2026-06-24 16:57:58 -----
--- stdout ---
{"seed":2584418,"run_id":"20260624134028346645","trial_status":"success","error_type":null,"failure_stage":null,"error_message":null,"iic_values":{"B1_vs_A1":0.5,"B1_vs_A2":0.5,"B1_vs_A3":0.5,"B2_vs_A1":0.5,"B2_vs_A2":0.5,"B2_vs_A3":0.5,"B3_vs_A1":0.5,"B3_vs_A2":0.5,"B3_vs_A3":0.5,"B4_vs_A1":0.5,"B4_vs_A2":0.5,"B4_vs_A3":0.5,"B5_vs_A1":0.5,"B5_vs_A2":0.5,"B5_vs_A3":0.5,"B6_vs_A1":0.5,"B6_vs_A2":0.5,"B6_vs_A3":0.5,"B7_vs_A1":0.5,"B7_vs_A2":0.5,"B7_vs_A3":0.5,"B8_vs_A1":0.5,"B8_vs_A2":0.5,"B8_vs_A3":0.5,"B9_vs_A1":0.5,"B9_vs_A2":0.5,"B9_vs_A3":0.5},"repair_runtimes_ms":{"A1":29,"A2":148,"A3":161,"B1":103,"B2":537,"B3":361,"B4":41,"B5":436,"B6":325,"B7":19,"B8":296,"B9":290}}

--- stderr ---
SingleTrialExperiment starting: ontology=/workspaces/ontologyutils-ekaw26/repair-power-index-replication-ekaw26/ontologies/inconsistent/PLIO.owl, seed=2584418, run_id=20260624134028346645
Loaded ontology.
Normalizing ontology with SROIQ normalization...
Normalized ontology with SROIQ normalization.
Ontology is already inconsistent, skipping make-inconsistent step.
Repairing with A1 (random-removal)...
[2026-06-24 16:57:59.072] Checking precondition...
[2026-06-24 16:57:59.081] Starting the repair...
[2026-06-24 16:57:59.087] Found 19 possible bad axioms.
[2026-06-24 16:57:59.088] Selected the bad axiom SubClassOf(Entity Occurrent_Entity).
[2026-06-24 16:57:59.092] Found 18 possible bad axioms.
[2026-06-24 16:57:59.093] Selected the bad axiom SubClassOf(Entity owl:Nothing).
[2026-06-24 16:57:59.096] Finished repairing the ontology.
Repairing with A2 (not-in-largest-mcs-removal)...
[2026-06-24 16:57:59.097] Checking precondition...
[2026-06-24 16:57:59.104] Starting the repair...
[2026-06-24 16:57:59.242] Found 1 possible bad axioms.
[2026-06-24 16:57:59.242] Selected the bad axiom SubClassOf(Entity owl:Nothing).
[2026-06-24 16:57:59.244] Finished repairing the ontology.
Repairing with A3 (default-weakening)...
[2026-06-24 16:57:59.246] Checking precondition...
[2026-06-24 16:57:59.249] Starting the repair...
[2026-06-24 16:57:59.257] Selected a reference ontology with 25 axioms.
[2026-06-24 16:57:59.395] Selected the bad axiom SubClassOf(Entity owl:Nothing).
[2026-06-24 16:57:59.404] Selected the weaker axiom SubClassOf(Entity owl:Thing).
[2026-06-24 16:57:59.406] Finished repairing the ontology.
Repairing with B1 (bad-in_some_mus-weaker-random)...
[2026-06-24 16:57:59.407] Checking precondition...
[2026-06-24 16:57:59.408] Starting the repair...
[2026-06-24 16:57:59.412] Selected a reference ontology with 25 axioms.
[2026-06-24 16:57:59.507] Selected the bad axiom SubClassOf(Entity owl:Nothing).
[2026-06-24 16:57:59.509] Selected the weaker axiom SubClassOf(Entity Continuant_Entity).
[2026-06-24 16:57:59.510] Finished repairing the ontology.
Repairing with B2 (bad-in_some_mus-weaker-shapley)...
[2026-06-24 16:57:59.511] Checking precondition...
[2026-06-24 16:57:59.512] Starting the repair...
[2026-06-24 16:57:59.524] Selected a reference ontology with 25 axioms.
[2026-06-24 16:57:59.588] Selected the bad axiom SubClassOf(Entity owl:Nothing).
[PowerIndexWeakerAxiomSelector] Scoring 14 candidate weakenings for Entity ⊑ ⊥
[PowerIndexWeakerAxiomSelector] Selected weaker axiom: Entity ⊑ Continuant_Entity
[2026-06-24 16:58:00.045] Selected the weaker axiom SubClassOf(Entity Continuant_Entity).
[2026-06-24 16:58:00.047] Finished repairing the ontology.
Repairing with B3 (bad-in_some_mus-weaker-banzhaf)...
[2026-06-24 16:58:00.049] Checking precondition...
[2026-06-24 16:58:00.050] Starting the repair...
[2026-06-24 16:58:00.053] Selected a reference ontology with 24 axioms.
[2026-06-24 16:58:00.195] Selected the bad axiom SubClassOf(Entity owl:Nothing)
...[truncated]
SUCCESS: attempt=183 seed=2584418 success_count=86/100
progress: ontology=PLIO attempt=183 success=86/100
----- PLIO attempt=184 seed=2598618 at 2026-06-24 16:58:01 -----
--- stdout ---
{"seed":2598618,"run_id":"20260624134028346645","trial_status":"success","error_type":null,"failure_stage":null,"error_message":null,"iic_values":{"B1_vs_A1":0.6666666666666666,"B1_vs_A2":0.5,"B1_vs_A3":0.5,"B2_vs_A1":0.6666666666666666,"B2_vs_A2":0.5,"B2_vs_A3":0.5,"B3_vs_A1":0.6666666666666666,"B3_vs_A2":0.5,"B3_vs_A3":0.5,"B4_vs_A1":0.8571428571428571,"B4_vs_A2":0.5,"B4_vs_A3":0.5,"B5_vs_A1":0.8571428571428571,"B5_vs_A2":0.5,"B5_vs_A3":0.5,"B6_vs_A1":0.8571428571428571,"B6_vs_A2":0.5,"B6_vs_A3":0.5,"B7_vs_A1":0.8571428571428571,"B7_vs_A2":0.5,"B7_vs_A3":0.5,"B8_vs_A1":0.8571428571428571,"B8_vs_A2":0.5,"B8_vs_A3":0.5,"B9_vs_A1":0.8571428571428571,"B9_vs_A2":0.5,"B9_vs_A3":0.5},"repair_runtimes_ms":{"A1":35,"A2":131,"A3":179,"B1":105,"B2":534,"B3":373,"B4":34,"B5":441,"B6":310,"B7":20,"B8":338,"B9":294}}

--- stderr ---
SingleTrialExperiment starting: ontology=/workspaces/ontologyutils-ekaw26/repair-power-index-replication-ekaw26/ontologies/inconsistent/PLIO.owl, seed=2598618, run_id=20260624134028346645
Loaded ontology.
Normalizing ontology with SROIQ normalization...
Normalized ontology with SROIQ normalization.
Ontology is already inconsistent, skipping make-inconsistent step.
Repairing with A1 (random-removal)...
[2026-06-24 16:58:02.223] Checking precondition...
[2026-06-24 16:58:02.232] Starting the repair...
[2026-06-24 16:58:02.240] Found 19 possible bad axioms.
[2026-06-24 16:58:02.241] Selected the bad axiom SubClassOf(Continuant_Entity Occurrent_Entity).
[2026-06-24 16:58:02.246] Found 18 possible bad axioms.
[2026-06-24 16:58:02.246] Selected the bad axiom SubClassOf(Processual_Entity Occurrent_Entity).
[2026-06-24 16:58:02.250] Found 17 possible bad axioms.
[2026-06-24 16:58:02.250] Selected the bad axiom SubClassOf(owl:Thing Occurrent_Entity).
[2026-06-24 16:58:02.253] Finished repairing the ontology.
Repairing with A2 (not-in-largest-mcs-removal)...
[2026-06-24 16:58:02.254] Checking precondition...
[2026-06-24 16:58:02.261] Starting the repair...
[2026-06-24 16:58:02.383] Found 1 possible bad axioms.
[2026-06-24 16:58:02.384] Selected the bad axiom SubClassOf(Entity owl:Nothing).
[2026-06-24 16:58:02.385] Finished repairing the ontology.
Repairing with A3 (default-weakening)...
[2026-06-24 16:58:02.387] Checking precondition...
[2026-06-24 16:58:02.389] Starting the repair...
[2026-06-24 16:58:02.405] Selected a reference ontology with 25 axioms.
[2026-06-24 16:58:02.554] Selected the bad axiom SubClassOf(Entity owl:Nothing).
[2026-06-24 16:58:02.563] Selected the weaker axiom SubClassOf(Entity Entity).
[2026-06-24 16:58:02.565] Finished repairing the ontology.
Repairing with B1 (bad-in_some_mus-weaker-random)...
[2026-06-24 16:58:02.565] Checking precondition...
[2026-06-24 16:58:02.567] Starting the repair...
[2026-06-24 16:58:02.573] Selected a reference ontology with 24 axioms.
[2026-06-24 16:58:02.667] Selected the bad axiom SubClassOf(Entity owl:Nothing).
[2026-06-24 16:58:02.669] Selected the weaker axiom SubClassOf(Entity Processual_Entity).
[2026-06-24 16:58:02.670] Finished repairing the ontology.
Repairing with B2 (bad-in_some_mus-weaker-shapley)...
[2026-06-24 16:58:02.672] Checking precondition...
[2026-06-24 16:58:02.673] Starting the repair...
[2026-06-24 16:58:02.685] Selected a reference ontology with 25 axioms.
[2026-06-24 16:58:02.749] Selected the bad axiom SubClassOf(Entity owl:Nothing).
[PowerIndexWeakerAxiomSelector] Scoring 14 candidate weakenings for Entity ⊑ ⊥
[PowerIndexWeakerAxiomSelector] Selected weaker axiom: Entity ⊑ Continuant_Entity
[2026-06-24 16:58:03.202] Selected the weaker axiom SubClassOf(Entity Continuant_Entity).
[2026-06-24 16:58:03.204] Finished repairing the ontology.
Repairing with B3 (bad-in_some_mus-weaker-banzhaf)...
[2026-06-24 16:58:03.206] Checking precondition...
[2026-06-24 16:58:03.207] Start
...[truncated]
SUCCESS: attempt=184 seed=2598618 success_count=87/100
progress: ontology=PLIO attempt=184 success=87/100
----- PLIO attempt=185 seed=2612818 at 2026-06-24 16:58:05 -----
--- stdout ---
{"seed":2612818,"run_id":"20260624134028346645","trial_status":"success","error_type":null,"failure_stage":null,"error_message":null,"iic_values":{"B1_vs_A1":0.5,"B1_vs_A2":0.5,"B1_vs_A3":0.5,"B2_vs_A1":0.5,"B2_vs_A2":0.5,"B2_vs_A3":0.5,"B3_vs_A1":0.5,"B3_vs_A2":0.5,"B3_vs_A3":0.5,"B4_vs_A1":0.5,"B4_vs_A2":0.5,"B4_vs_A3":0.5,"B5_vs_A1":0.5,"B5_vs_A2":0.5,"B5_vs_A3":0.5,"B6_vs_A1":0.5,"B6_vs_A2":0.5,"B6_vs_A3":0.5,"B7_vs_A1":0.5,"B7_vs_A2":0.5,"B7_vs_A3":0.5,"B8_vs_A1":0.5,"B8_vs_A2":0.5,"B8_vs_A3":0.5,"B9_vs_A1":0.5,"B9_vs_A2":0.5,"B9_vs_A3":0.5},"repair_runtimes_ms":{"A1":30,"A2":127,"A3":185,"B1":116,"B2":543,"B3":384,"B4":23,"B5":422,"B6":303,"B7":33,"B8":304,"B9":278}}

--- stderr ---
SingleTrialExperiment starting: ontology=/workspaces/ontologyutils-ekaw26/repair-power-index-replication-ekaw26/ontologies/inconsistent/PLIO.owl, seed=2612818, run_id=20260624134028346645
Loaded ontology.
Normalizing ontology with SROIQ normalization...
Normalized ontology with SROIQ normalization.
Ontology is already inconsistent, skipping make-inconsistent step.
Repairing with A1 (random-removal)...
[2026-06-24 16:58:05.400] Checking precondition...
[2026-06-24 16:58:05.409] Starting the repair...
[2026-06-24 16:58:05.415] Found 19 possible bad axioms.
[2026-06-24 16:58:05.416] Selected the bad axiom SubClassOf(owl:Thing Processual_Entity).
[2026-06-24 16:58:05.421] Found 18 possible bad axioms.
[2026-06-24 16:58:05.421] Selected the bad axiom SubClassOf(Entity owl:Nothing).
[2026-06-24 16:58:05.425] Finished repairing the ontology.
Repairing with A2 (not-in-largest-mcs-removal)...
[2026-06-24 16:58:05.426] Checking precondition...
[2026-06-24 16:58:05.432] Starting the repair...
[2026-06-24 16:58:05.551] Found 1 possible bad axioms.
[2026-06-24 16:58:05.552] Selected the bad axiom SubClassOf(Entity owl:Nothing).
[2026-06-24 16:58:05.553] Finished repairing the ontology.
Repairing with A3 (default-weakening)...
[2026-06-24 16:58:05.555] Checking precondition...
[2026-06-24 16:58:05.557] Starting the repair...
[2026-06-24 16:58:05.577] Selected a reference ontology with 24 axioms.
[2026-06-24 16:58:05.729] Selected the bad axiom SubClassOf(Entity owl:Nothing).
[2026-06-24 16:58:05.737] Selected the weaker axiom SubClassOf(Entity Processual_Entity).
[2026-06-24 16:58:05.739] Finished repairing the ontology.
Repairing with B1 (bad-in_some_mus-weaker-random)...
[2026-06-24 16:58:05.739] Checking precondition...
[2026-06-24 16:58:05.741] Starting the repair...
[2026-06-24 16:58:05.746] Selected a reference ontology with 24 axioms.
[2026-06-24 16:58:05.853] Selected the bad axiom SubClassOf(Entity owl:Nothing).
[2026-06-24 16:58:05.855] Selected the weaker axiom SubClassOf(Entity Independent_Continuant_Entity).
[2026-06-24 16:58:05.856] Finished repairing the ontology.
Repairing with B2 (bad-in_some_mus-weaker-shapley)...
[2026-06-24 16:58:05.857] Checking precondition...
[2026-06-24 16:58:05.858] Starting the repair...
[2026-06-24 16:58:05.861] Selected a reference ontology with 25 axioms.
[2026-06-24 16:58:05.930] Selected the bad axiom SubClassOf(Entity owl:Nothing).
[PowerIndexWeakerAxiomSelector] Scoring 14 candidate weakenings for Entity ⊑ ⊥
[PowerIndexWeakerAxiomSelector] Selected weaker axiom: Entity ⊑ Continuant_Entity
[2026-06-24 16:58:06.397] Selected the weaker axiom SubClassOf(Entity Continuant_Entity).
[2026-06-24 16:58:06.399] Finished repairing the ontology.
Repairing with B3 (bad-in_some_mus-weaker-banzhaf)...
[2026-06-24 16:58:06.401] Checking precondition...
[2026-06-24 16:58:06.401] Starting the repair...
[2026-06-24 16:58:06.405] Selected a reference ontology with 25 axioms.
[2026-06-24 16:58:06.564] Selected the bad axiom SubCla
...[truncated]
SUCCESS: attempt=185 seed=2612818 success_count=88/100
progress: ontology=PLIO attempt=185 success=88/100
----- PLIO attempt=186 seed=2627018 at 2026-06-24 16:58:08 -----
--- stdout ---
{"seed":2627018,"run_id":"20260624134028346645","trial_status":"success","error_type":null,"failure_stage":null,"error_message":null,"iic_values":{"B1_vs_A1":0.8571428571428571,"B1_vs_A2":0.5,"B1_vs_A3":0.5,"B2_vs_A1":0.8571428571428571,"B2_vs_A2":0.5,"B2_vs_A3":0.5,"B3_vs_A1":0.8571428571428571,"B3_vs_A2":0.5,"B3_vs_A3":0.5,"B4_vs_A1":0.6666666666666666,"B4_vs_A2":0.5,"B4_vs_A3":0.5,"B5_vs_A1":0.6666666666666666,"B5_vs_A2":0.5,"B5_vs_A3":0.5,"B6_vs_A1":0.6666666666666666,"B6_vs_A2":0.5,"B6_vs_A3":0.5,"B7_vs_A1":0.6666666666666666,"B7_vs_A2":0.5,"B7_vs_A3":0.5,"B8_vs_A1":0.6666666666666666,"B8_vs_A2":0.5,"B8_vs_A3":0.5,"B9_vs_A1":0.6666666666666666,"B9_vs_A2":0.5,"B9_vs_A3":0.5},"repair_runtimes_ms":{"A1":45,"A2":117,"A3":390,"B1":70,"B2":513,"B3":359,"B4":42,"B5":389,"B6":312,"B7":20,"B8":287,"B9":319}}

--- stderr ---
SingleTrialExperiment starting: ontology=/workspaces/ontologyutils-ekaw26/repair-power-index-replication-ekaw26/ontologies/inconsistent/PLIO.owl, seed=2627018, run_id=20260624134028346645
Loaded ontology.
Normalizing ontology with SROIQ normalization...
Normalized ontology with SROIQ normalization.
Ontology is already inconsistent, skipping make-inconsistent step.
Repairing with A1 (random-removal)...
[2026-06-24 16:58:08.535] Checking precondition...
[2026-06-24 16:58:08.544] Starting the repair...
[2026-06-24 16:58:08.551] Found 19 possible bad axioms.
[2026-06-24 16:58:08.552] Selected the bad axiom SubClassOf(Occurrent_Entity Entity).
[2026-06-24 16:58:08.557] Found 18 possible bad axioms.
[2026-06-24 16:58:08.558] Selected the bad axiom SubClassOf(Entity Processual_Entity).
[2026-06-24 16:58:08.560] Found 17 possible bad axioms.
[2026-06-24 16:58:08.561] Selected the bad axiom SubClassOf(Continuant_Entity Processual_Entity).
[2026-06-24 16:58:08.564] Found 16 possible bad axioms.
[2026-06-24 16:58:08.564] Selected the bad axiom SubClassOf(Entity Continuant_Entity).
[2026-06-24 16:58:08.567] Found 15 possible bad axioms.
[2026-06-24 16:58:08.568] Selected the bad axiom SubClassOf(Processual_Entity Occurrent_Entity).
[2026-06-24 16:58:08.571] Found 14 possible bad axioms.
[2026-06-24 16:58:08.571] Selected the bad axiom SubClassOf(Occurrent_Entity Independent_Continuant_Entity).
[2026-06-24 16:58:08.573] Found 13 possible bad axioms.
[2026-06-24 16:58:08.574] Selected the bad axiom SubClassOf(Continuant_Entity Entity).
[2026-06-24 16:58:08.576] Finished repairing the ontology.
Repairing with A2 (not-in-largest-mcs-removal)...
[2026-06-24 16:58:08.577] Checking precondition...
[2026-06-24 16:58:08.582] Starting the repair...
[2026-06-24 16:58:08.692] Found 1 possible bad axioms.
[2026-06-24 16:58:08.693] Selected the bad axiom SubClassOf(Entity owl:Nothing).
[2026-06-24 16:58:08.694] Finished repairing the ontology.
Repairing with A3 (default-weakening)...
[2026-06-24 16:58:08.695] Checking precondition...
[2026-06-24 16:58:08.698] Starting the repair...
[2026-06-24 16:58:08.715] Selected a reference ontology with 24 axioms.
[2026-06-24 16:58:08.855] Selected the bad axiom SubClassOf(Entity owl:Nothing).
[2026-06-24 16:58:08.863] Selected the weaker axiom SubClassOf(Independent_Continuant_Entity owl:Nothing).
[2026-06-24 16:58:08.956] Selected the bad axiom SubClassOf(Independent_Continuant_Entity owl:Nothing).
[2026-06-24 16:58:08.956] Selected the weaker axiom SubClassOf(Occurrent_Entity owl:Nothing).
[2026-06-24 16:58:09.025] Selected the bad axiom SubClassOf(Occurrent_Entity owl:Nothing).
[2026-06-24 16:58:09.025] Selected the weaker axiom SubClassOf(Processual_Entity owl:Nothing).
[2026-06-24 16:58:09.082] Selected the bad axiom SubClassOf(Processual_Entity owl:Nothing).
[2026-06-24 16:58:09.083] Selected the weaker axiom SubClassOf(owl:Nothing owl:Nothing).
[2026-06-24 16:58:09.084] Finished repairing the ontology.
Repairing with B1 (bad-
...[truncated]
SUCCESS: attempt=186 seed=2627018 success_count=89/100
progress: ontology=PLIO attempt=186 success=89/100
----- PLIO attempt=187 seed=2641218 at 2026-06-24 16:58:11 -----
--- stdout ---
{"seed":2641218,"run_id":"20260624134028346645","trial_status":"success","error_type":null,"failure_stage":null,"error_message":null,"iic_values":{"B1_vs_A1":0.5,"B1_vs_A2":0.5,"B1_vs_A3":0.5,"B2_vs_A1":0.5,"B2_vs_A2":0.5,"B2_vs_A3":0.5,"B3_vs_A1":0.5,"B3_vs_A2":0.5,"B3_vs_A3":0.5,"B4_vs_A1":0.5,"B4_vs_A2":0.5,"B4_vs_A3":0.5,"B5_vs_A1":0.5,"B5_vs_A2":0.5,"B5_vs_A3":0.5,"B6_vs_A1":0.5,"B6_vs_A2":0.5,"B6_vs_A3":0.5,"B7_vs_A1":0.5,"B7_vs_A2":0.5,"B7_vs_A3":0.5,"B8_vs_A1":0.5,"B8_vs_A2":0.5,"B8_vs_A3":0.5,"B9_vs_A1":0.5,"B9_vs_A2":0.5,"B9_vs_A3":0.5},"repair_runtimes_ms":{"A1":31,"A2":156,"A3":189,"B1":113,"B2":478,"B3":379,"B4":26,"B5":418,"B6":312,"B7":31,"B8":299,"B9":280}}

--- stderr ---
SingleTrialExperiment starting: ontology=/workspaces/ontologyutils-ekaw26/repair-power-index-replication-ekaw26/ontologies/inconsistent/PLIO.owl, seed=2641218, run_id=20260624134028346645
Loaded ontology.
Normalizing ontology with SROIQ normalization...
Normalized ontology with SROIQ normalization.
Ontology is already inconsistent, skipping make-inconsistent step.
Repairing with A1 (random-removal)...
[2026-06-24 16:58:11.796] Checking precondition...
[2026-06-24 16:58:11.805] Starting the repair...
[2026-06-24 16:58:11.812] Found 19 possible bad axioms.
[2026-06-24 16:58:11.813] Selected the bad axiom SubClassOf(Entity Occurrent_Entity).
[2026-06-24 16:58:11.819] Found 18 possible bad axioms.
[2026-06-24 16:58:11.819] Selected the bad axiom SubClassOf(Entity owl:Nothing).
[2026-06-24 16:58:11.823] Finished repairing the ontology.
Repairing with A2 (not-in-largest-mcs-removal)...
[2026-06-24 16:58:11.824] Checking precondition...
[2026-06-24 16:58:11.830] Starting the repair...
[2026-06-24 16:58:11.978] Found 1 possible bad axioms.
[2026-06-24 16:58:11.978] Selected the bad axiom SubClassOf(Entity owl:Nothing).
[2026-06-24 16:58:11.980] Finished repairing the ontology.
Repairing with A3 (default-weakening)...
[2026-06-24 16:58:11.982] Checking precondition...
[2026-06-24 16:58:11.986] Starting the repair...
[2026-06-24 16:58:12.001] Selected a reference ontology with 24 axioms.
[2026-06-24 16:58:12.159] Selected the bad axiom SubClassOf(Entity owl:Nothing).
[2026-06-24 16:58:12.169] Selected the weaker axiom SubClassOf(Entity owl:Thing).
[2026-06-24 16:58:12.170] Finished repairing the ontology.
Repairing with B1 (bad-in_some_mus-weaker-random)...
[2026-06-24 16:58:12.171] Checking precondition...
[2026-06-24 16:58:12.173] Starting the repair...
[2026-06-24 16:58:12.180] Selected a reference ontology with 22 axioms.
[2026-06-24 16:58:12.281] Selected the bad axiom SubClassOf(Entity owl:Nothing).
[2026-06-24 16:58:12.283] Selected the weaker axiom SubClassOf(Entity Independent_Continuant_Entity).
[2026-06-24 16:58:12.284] Finished repairing the ontology.
Repairing with B2 (bad-in_some_mus-weaker-shapley)...
[2026-06-24 16:58:12.285] Checking precondition...
[2026-06-24 16:58:12.286] Starting the repair...
[2026-06-24 16:58:12.290] Selected a reference ontology with 24 axioms.
[2026-06-24 16:58:12.353] Selected the bad axiom SubClassOf(Entity owl:Nothing).
[PowerIndexWeakerAxiomSelector] Scoring 12 candidate weakenings for Entity ⊑ ⊥
[PowerIndexWeakerAxiomSelector] Selected weaker axiom: Entity ⊑ Continuant_Entity
[2026-06-24 16:58:12.760] Selected the weaker axiom SubClassOf(Entity Continuant_Entity).
[2026-06-24 16:58:12.762] Finished repairing the ontology.
Repairing with B3 (bad-in_some_mus-weaker-banzhaf)...
[2026-06-24 16:58:12.764] Checking precondition...
[2026-06-24 16:58:12.765] Starting the repair...
[2026-06-24 16:58:12.768] Selected a reference ontology with 24 axioms.
[2026-06-24 16:58:12.885] Selected the bad axiom SubClassOf(Entity 
...[truncated]
SUCCESS: attempt=187 seed=2641218 success_count=90/100
progress: ontology=PLIO attempt=187 success=90/100
----- PLIO attempt=188 seed=2655418 at 2026-06-24 16:58:14 -----
--- stdout ---
{"seed":2655418,"run_id":"20260624134028346645","trial_status":"memory_limit_exceeded","error_type":"failure","failure_stage":"B5","error_message":"Repair failed: ExecutionException: java.lang.IllegalStateException: Could not find a weakening for axiom: ⊤ ⊑ Processual_Entity","iic_values":{},"repair_runtimes_ms":{"A1":28,"A2":134,"A3":159,"B1":99,"B2":517,"B3":370,"B4":24,"B5":164}}

--- stderr ---
SingleTrialExperiment starting: ontology=/workspaces/ontologyutils-ekaw26/repair-power-index-replication-ekaw26/ontologies/inconsistent/PLIO.owl, seed=2655418, run_id=20260624134028346645
Loaded ontology.
Normalizing ontology with SROIQ normalization...
Normalized ontology with SROIQ normalization.
Ontology is already inconsistent, skipping make-inconsistent step.
Repairing with A1 (random-removal)...
[2026-06-24 16:58:14.917] Checking precondition...
[2026-06-24 16:58:14.926] Starting the repair...
[2026-06-24 16:58:14.932] Found 19 possible bad axioms.
[2026-06-24 16:58:14.933] Selected the bad axiom SubClassOf(Continuant_Entity Processual_Entity).
[2026-06-24 16:58:14.937] Found 18 possible bad axioms.
[2026-06-24 16:58:14.938] Selected the bad axiom SubClassOf(Entity owl:Nothing).
[2026-06-24 16:58:14.941] Finished repairing the ontology.
Repairing with A2 (not-in-largest-mcs-removal)...
[2026-06-24 16:58:14.942] Checking precondition...
[2026-06-24 16:58:14.949] Starting the repair...
[2026-06-24 16:58:15.074] Found 1 possible bad axioms.
[2026-06-24 16:58:15.074] Selected the bad axiom SubClassOf(Entity owl:Nothing).
[2026-06-24 16:58:15.076] Finished repairing the ontology.
Repairing with A3 (default-weakening)...
[2026-06-24 16:58:15.077] Checking precondition...
[2026-06-24 16:58:15.080] Starting the repair...
[2026-06-24 16:58:15.095] Selected a reference ontology with 24 axioms.
[2026-06-24 16:58:15.226] Selected the bad axiom SubClassOf(Entity owl:Nothing).
[2026-06-24 16:58:15.234] Selected the weaker axiom SubClassOf(Entity owl:Thing).
[2026-06-24 16:58:15.235] Finished repairing the ontology.
Repairing with B1 (bad-in_some_mus-weaker-random)...
[2026-06-24 16:58:15.236] Checking precondition...
[2026-06-24 16:58:15.237] Starting the repair...
[2026-06-24 16:58:15.245] Selected a reference ontology with 24 axioms.
[2026-06-24 16:58:15.331] Selected the bad axiom SubClassOf(Entity owl:Nothing).
[2026-06-24 16:58:15.334] Selected the weaker axiom SubClassOf(Entity owl:Thing).
[2026-06-24 16:58:15.335] Finished repairing the ontology.
Repairing with B2 (bad-in_some_mus-weaker-shapley)...
[2026-06-24 16:58:15.337] Checking precondition...
[2026-06-24 16:58:15.340] Starting the repair...
[2026-06-24 16:58:15.345] Selected a reference ontology with 24 axioms.
[2026-06-24 16:58:15.422] Selected the bad axiom SubClassOf(Entity owl:Nothing).
[PowerIndexWeakerAxiomSelector] Scoring 13 candidate weakenings for Entity ⊑ ⊥
[PowerIndexWeakerAxiomSelector] Selected weaker axiom: Entity ⊑ Continuant_Entity
[2026-06-24 16:58:15.850] Selected the weaker axiom SubClassOf(Entity Continuant_Entity).
[2026-06-24 16:58:15.852] Finished repairing the ontology.
Repairing with B3 (bad-in_some_mus-weaker-banzhaf)...
[2026-06-24 16:58:15.853] Checking precondition...
[2026-06-24 16:58:15.854] Starting the repair...
[2026-06-24 16:58:15.856] Selected a reference ontology with 25 axioms.
[2026-06-24 16:58:15.987] Selected the bad axiom SubClassOf(Entity owl:Noth
...[truncated]
FAIL: attempt=188 seed=2655418 status=memory_limit_exceeded stage=B5 message=Repair failed: ExecutionException: java.lang.IllegalStateException: Could not find a weakening for axiom: ⊤ ⊑ Processual_Entity
progress: ontology=PLIO attempt=188 success=90/100
----- PLIO attempt=189 seed=2669618 at 2026-06-24 16:58:16 -----
--- stdout ---
{"seed":2669618,"run_id":"20260624134028346645","trial_status":"memory_limit_exceeded","error_type":"failure","failure_stage":"B7","error_message":"Repair failed: ExecutionException: java.lang.NullPointerException: operands cannot be null or empty","iic_values":{},"repair_runtimes_ms":{"A1":29,"A2":123,"A3":185,"B1":101,"B2":509,"B3":298,"B4":36,"B5":455,"B6":295,"B7":38}}

--- stderr ---
SingleTrialExperiment starting: ontology=/workspaces/ontologyutils-ekaw26/repair-power-index-replication-ekaw26/ontologies/inconsistent/PLIO.owl, seed=2669618, run_id=20260624134028346645
Loaded ontology.
Normalizing ontology with SROIQ normalization...
Normalized ontology with SROIQ normalization.
Ontology is already inconsistent, skipping make-inconsistent step.
Repairing with A1 (random-removal)...
[2026-06-24 16:58:16.789] Checking precondition...
[2026-06-24 16:58:16.797] Starting the repair...
[2026-06-24 16:58:16.803] Found 19 possible bad axioms.
[2026-06-24 16:58:16.804] Selected the bad axiom SubClassOf(Entity Processual_Entity).
[2026-06-24 16:58:16.810] Found 18 possible bad axioms.
[2026-06-24 16:58:16.810] Selected the bad axiom SubClassOf(Entity owl:Nothing).
[2026-06-24 16:58:16.814] Finished repairing the ontology.
Repairing with A2 (not-in-largest-mcs-removal)...
[2026-06-24 16:58:16.814] Checking precondition...
[2026-06-24 16:58:16.821] Starting the repair...
[2026-06-24 16:58:16.936] Found 1 possible bad axioms.
[2026-06-24 16:58:16.936] Selected the bad axiom SubClassOf(Entity owl:Nothing).
[2026-06-24 16:58:16.937] Finished repairing the ontology.
Repairing with A3 (default-weakening)...
[2026-06-24 16:58:16.939] Checking precondition...
[2026-06-24 16:58:16.941] Starting the repair...
[2026-06-24 16:58:16.956] Selected a reference ontology with 24 axioms.
[2026-06-24 16:58:17.112] Selected the bad axiom SubClassOf(Entity owl:Nothing).
[2026-06-24 16:58:17.122] Selected the weaker axiom SubClassOf(Entity Functional_Entity).
[2026-06-24 16:58:17.123] Finished repairing the ontology.
Repairing with B1 (bad-in_some_mus-weaker-random)...
[2026-06-24 16:58:17.124] Checking precondition...
[2026-06-24 16:58:17.126] Starting the repair...
[2026-06-24 16:58:17.129] Selected a reference ontology with 24 axioms.
[2026-06-24 16:58:17.220] Selected the bad axiom SubClassOf(Entity owl:Nothing).
[2026-06-24 16:58:17.224] Selected the weaker axiom SubClassOf(owl:Nothing owl:Nothing).
[2026-06-24 16:58:17.225] Finished repairing the ontology.
Repairing with B2 (bad-in_some_mus-weaker-shapley)...
[2026-06-24 16:58:17.227] Checking precondition...
[2026-06-24 16:58:17.235] Starting the repair...
[2026-06-24 16:58:17.241] Selected a reference ontology with 24 axioms.
[2026-06-24 16:58:17.299] Selected the bad axiom SubClassOf(Entity owl:Nothing).
[PowerIndexWeakerAxiomSelector] Scoring 13 candidate weakenings for Entity ⊑ ⊥
[PowerIndexWeakerAxiomSelector] Selected weaker axiom: Entity ⊑ Continuant_Entity
[2026-06-24 16:58:17.732] Selected the weaker axiom SubClassOf(Entity Continuant_Entity).
[2026-06-24 16:58:17.734] Finished repairing the ontology.
Repairing with B3 (bad-in_some_mus-weaker-banzhaf)...
[2026-06-24 16:58:17.735] Checking precondition...
[2026-06-24 16:58:17.736] Starting the repair...
[2026-06-24 16:58:17.739] Selected a reference ontology with 24 axioms.
[2026-06-24 16:58:17.874] Selected the bad axiom SubClassOf(Entity owl:
...[truncated]
FAIL: attempt=189 seed=2669618 status=memory_limit_exceeded stage=B7 message=Repair failed: ExecutionException: java.lang.NullPointerException: operands cannot be null or empty
progress: ontology=PLIO attempt=189 success=90/100
----- PLIO attempt=190 seed=2683818 at 2026-06-24 16:58:18 -----
--- stdout ---
{"seed":2683818,"run_id":"20260624134028346645","trial_status":"memory_limit_exceeded","error_type":"failure","failure_stage":"B8","error_message":"Repair failed: ExecutionException: java.lang.IllegalStateException: Could not find a weakening for axiom: ⊤ ⊑ Processual_Entity","iic_values":{},"repair_runtimes_ms":{"A1":45,"A2":140,"A3":150,"B1":113,"B2":535,"B3":365,"B4":25,"B5":435,"B6":272,"B7":34,"B8":125}}

--- stderr ---
SingleTrialExperiment starting: ontology=/workspaces/ontologyutils-ekaw26/repair-power-index-replication-ekaw26/ontologies/inconsistent/PLIO.owl, seed=2683818, run_id=20260624134028346645
Loaded ontology.
Normalizing ontology with SROIQ normalization...
Normalized ontology with SROIQ normalization.
Ontology is already inconsistent, skipping make-inconsistent step.
Repairing with A1 (random-removal)...
[2026-06-24 16:58:19.250] Checking precondition...
[2026-06-24 16:58:19.258] Starting the repair...
[2026-06-24 16:58:19.265] Found 19 possible bad axioms.
[2026-06-24 16:58:19.266] Selected the bad axiom SubClassOf(Occurrent_Entity Independent_Continuant_Entity).
[2026-06-24 16:58:19.271] Found 18 possible bad axioms.
[2026-06-24 16:58:19.272] Selected the bad axiom SubClassOf(Occurrent_Entity Entity).
[2026-06-24 16:58:19.275] Found 17 possible bad axioms.
[2026-06-24 16:58:19.275] Selected the bad axiom SubClassOf(Entity Functional_Entity).
[2026-06-24 16:58:19.279] Found 16 possible bad axioms.
[2026-06-24 16:58:19.279] Selected the bad axiom SubClassOf(Entity Occurrent_Entity).
[2026-06-24 16:58:19.282] Found 15 possible bad axioms.
[2026-06-24 16:58:19.283] Selected the bad axiom SubClassOf(Continuant_Entity Processual_Entity).
[2026-06-24 16:58:19.285] Found 14 possible bad axioms.
[2026-06-24 16:58:19.285] Selected the bad axiom SubClassOf(Occurrent_Entity Continuant_Entity).
[2026-06-24 16:58:19.288] Found 13 possible bad axioms.
[2026-06-24 16:58:19.288] Selected the bad axiom SubClassOf(Independent_Continuant_Entity Continuant_Entity).
[2026-06-24 16:58:19.290] Finished repairing the ontology.
Repairing with A2 (not-in-largest-mcs-removal)...
[2026-06-24 16:58:19.291] Checking precondition...
[2026-06-24 16:58:19.296] Starting the repair...
[2026-06-24 16:58:19.430] Found 1 possible bad axioms.
[2026-06-24 16:58:19.430] Selected the bad axiom SubClassOf(Entity owl:Nothing).
[2026-06-24 16:58:19.431] Finished repairing the ontology.
Repairing with A3 (default-weakening)...
[2026-06-24 16:58:19.432] Checking precondition...
[2026-06-24 16:58:19.434] Starting the repair...
[2026-06-24 16:58:19.441] Selected a reference ontology with 25 axioms.
[2026-06-24 16:58:19.573] Selected the bad axiom SubClassOf(Entity owl:Nothing).
[2026-06-24 16:58:19.580] Selected the weaker axiom SubClassOf(Entity Functional_Entity).
[2026-06-24 16:58:19.581] Finished repairing the ontology.
Repairing with B1 (bad-in_some_mus-weaker-random)...
[2026-06-24 16:58:19.582] Checking precondition...
[2026-06-24 16:58:19.584] Starting the repair...
[2026-06-24 16:58:19.588] Selected a reference ontology with 24 axioms.
[2026-06-24 16:58:19.684] Selected the bad axiom SubClassOf(Entity owl:Nothing).
[2026-06-24 16:58:19.694] Selected the weaker axiom SubClassOf(Entity Occurrent_Entity).
[2026-06-24 16:58:19.695] Finished repairing the ontology.
Repairing with B2 (bad-in_some_mus-weaker-shapley)...
[2026-06-24 16:58:19.697] Checking precondition...
[2026-06-24 16:58:19.698
...[truncated]
FAIL: attempt=190 seed=2683818 status=memory_limit_exceeded stage=B8 message=Repair failed: ExecutionException: java.lang.IllegalStateException: Could not find a weakening for axiom: ⊤ ⊑ Processual_Entity
progress: ontology=PLIO attempt=190 success=90/100
----- PLIO attempt=191 seed=2698018 at 2026-06-24 16:58:21 -----
--- stdout ---
{"seed":2698018,"run_id":"20260624134028346645","trial_status":"memory_limit_exceeded","error_type":"failure","failure_stage":"B5","error_message":"Repair failed: ExecutionException: java.lang.IllegalStateException: Could not find a weakening for axiom: ⊤ ⊑ Processual_Entity","iic_values":{},"repair_runtimes_ms":{"A1":30,"A2":155,"A3":175,"B1":122,"B2":626,"B3":296,"B4":55,"B5":81}}

--- stderr ---
SingleTrialExperiment starting: ontology=/workspaces/ontologyutils-ekaw26/repair-power-index-replication-ekaw26/ontologies/inconsistent/PLIO.owl, seed=2698018, run_id=20260624134028346645
Loaded ontology.
Normalizing ontology with SROIQ normalization...
Normalized ontology with SROIQ normalization.
Ontology is already inconsistent, skipping make-inconsistent step.
Repairing with A1 (random-removal)...
[2026-06-24 16:58:21.863] Checking precondition...
[2026-06-24 16:58:21.872] Starting the repair...
[2026-06-24 16:58:21.878] Found 19 possible bad axioms.
[2026-06-24 16:58:21.879] Selected the bad axiom SubClassOf(Entity Processual_Entity).
[2026-06-24 16:58:21.884] Found 18 possible bad axioms.
[2026-06-24 16:58:21.885] Selected the bad axiom SubClassOf(Entity owl:Nothing).
[2026-06-24 16:58:21.888] Finished repairing the ontology.
Repairing with A2 (not-in-largest-mcs-removal)...
[2026-06-24 16:58:21.889] Checking precondition...
[2026-06-24 16:58:21.896] Starting the repair...
[2026-06-24 16:58:22.041] Found 1 possible bad axioms.
[2026-06-24 16:58:22.042] Selected the bad axiom SubClassOf(Entity owl:Nothing).
[2026-06-24 16:58:22.043] Finished repairing the ontology.
Repairing with A3 (default-weakening)...
[2026-06-24 16:58:22.046] Checking precondition...
[2026-06-24 16:58:22.048] Starting the repair...
[2026-06-24 16:58:22.061] Selected a reference ontology with 25 axioms.
[2026-06-24 16:58:22.210] Selected the bad axiom SubClassOf(Entity owl:Nothing).
[2026-06-24 16:58:22.218] Selected the weaker axiom SubClassOf(Entity Independent_Continuant_Entity).
[2026-06-24 16:58:22.220] Finished repairing the ontology.
Repairing with B1 (bad-in_some_mus-weaker-random)...
[2026-06-24 16:58:22.221] Checking precondition...
[2026-06-24 16:58:22.222] Starting the repair...
[2026-06-24 16:58:22.226] Selected a reference ontology with 25 axioms.
[2026-06-24 16:58:22.338] Selected the bad axiom SubClassOf(Entity owl:Nothing).
[2026-06-24 16:58:22.342] Selected the weaker axiom SubClassOf(owl:Nothing owl:Nothing).
[2026-06-24 16:58:22.342] Finished repairing the ontology.
Repairing with B2 (bad-in_some_mus-weaker-shapley)...
[2026-06-24 16:58:22.344] Checking precondition...
[2026-06-24 16:58:22.346] Starting the repair...
[2026-06-24 16:58:22.349] Selected a reference ontology with 25 axioms.
[2026-06-24 16:58:22.417] Selected the bad axiom SubClassOf(Entity owl:Nothing).
[PowerIndexWeakerAxiomSelector] Scoring 14 candidate weakenings for Entity ⊑ ⊥
[PowerIndexWeakerAxiomSelector] Selected weaker axiom: Entity ⊑ Continuant_Entity
[2026-06-24 16:58:22.876] Selected the weaker axiom SubClassOf(Entity Continuant_Entity).
[2026-06-24 16:58:22.968] Finished repairing the ontology.
Repairing with B3 (bad-in_some_mus-weaker-banzhaf)...
[2026-06-24 16:58:22.970] Checking precondition...
[2026-06-24 16:58:22.972] Starting the repair...
[2026-06-24 16:58:22.974] Selected a reference ontology with 25 axioms.
[2026-06-24 16:58:23.049] Selected the bad axiom SubClassOf
...[truncated]
FAIL: attempt=191 seed=2698018 status=memory_limit_exceeded stage=B5 message=Repair failed: ExecutionException: java.lang.IllegalStateException: Could not find a weakening for axiom: ⊤ ⊑ Processual_Entity
progress: ontology=PLIO attempt=191 success=90/100
----- PLIO attempt=192 seed=2712218 at 2026-06-24 16:58:23 -----
--- stdout ---
{"seed":2712218,"run_id":"20260624134028346645","trial_status":"memory_limit_exceeded","error_type":"failure","failure_stage":"B6","error_message":"Repair failed: ExecutionException: java.lang.IllegalStateException: Could not find a weakening for axiom: ⊤ ⊑ Processual_Entity","iic_values":{},"repair_runtimes_ms":{"A1":49,"A2":139,"A3":152,"B1":117,"B2":440,"B3":269,"B4":39,"B5":484,"B6":95}}

--- stderr ---
SingleTrialExperiment starting: ontology=/workspaces/ontologyutils-ekaw26/repair-power-index-replication-ekaw26/ontologies/inconsistent/PLIO.owl, seed=2712218, run_id=20260624134028346645
Loaded ontology.
Normalizing ontology with SROIQ normalization...
Normalized ontology with SROIQ normalization.
Ontology is already inconsistent, skipping make-inconsistent step.
Repairing with A1 (random-removal)...
[2026-06-24 16:58:23.786] Checking precondition...
[2026-06-24 16:58:23.795] Starting the repair...
[2026-06-24 16:58:23.802] Found 19 possible bad axioms.
[2026-06-24 16:58:23.804] Selected the bad axiom SubClassOf(Occurrent_Entity Independent_Continuant_Entity).
[2026-06-24 16:58:23.809] Found 18 possible bad axioms.
[2026-06-24 16:58:23.809] Selected the bad axiom SubClassOf(Processual_Entity Occurrent_Entity).
[2026-06-24 16:58:23.813] Found 17 possible bad axioms.
[2026-06-24 16:58:23.814] Selected the bad axiom SubClassOf(Entity Independent_Continuant_Entity).
[2026-06-24 16:58:23.817] Found 16 possible bad axioms.
[2026-06-24 16:58:23.817] Selected the bad axiom SubClassOf(Entity Occurrent_Entity).
[2026-06-24 16:58:23.822] Found 15 possible bad axioms.
[2026-06-24 16:58:23.822] Selected the bad axiom SubClassOf(Independent_Continuant_Entity Continuant_Entity).
[2026-06-24 16:58:23.824] Found 14 possible bad axioms.
[2026-06-24 16:58:23.824] Selected the bad axiom SubClassOf(Functional_Entity Independent_Continuant_Entity).
[2026-06-24 16:58:23.827] Found 13 possible bad axioms.
[2026-06-24 16:58:23.827] Selected the bad axiom SubClassOf(Occurrent_Entity Entity).
[2026-06-24 16:58:23.830] Found 12 possible bad axioms.
[2026-06-24 16:58:23.830] Selected the bad axiom SubClassOf(Entity owl:Nothing).
[2026-06-24 16:58:23.831] Finished repairing the ontology.
Repairing with A2 (not-in-largest-mcs-removal)...
[2026-06-24 16:58:23.832] Checking precondition...
[2026-06-24 16:58:23.837] Starting the repair...
[2026-06-24 16:58:23.970] Found 1 possible bad axioms.
[2026-06-24 16:58:23.970] Selected the bad axiom SubClassOf(Entity owl:Nothing).
[2026-06-24 16:58:23.971] Finished repairing the ontology.
Repairing with A3 (default-weakening)...
[2026-06-24 16:58:23.972] Checking precondition...
[2026-06-24 16:58:23.974] Starting the repair...
[2026-06-24 16:58:23.983] Selected a reference ontology with 24 axioms.
[2026-06-24 16:58:24.114] Selected the bad axiom SubClassOf(Entity owl:Nothing).
[2026-06-24 16:58:24.122] Selected the weaker axiom SubClassOf(Entity owl:Thing).
[2026-06-24 16:58:24.123] Finished repairing the ontology.
Repairing with B1 (bad-in_some_mus-weaker-random)...
[2026-06-24 16:58:24.124] Checking precondition...
[2026-06-24 16:58:24.126] Starting the repair...
[2026-06-24 16:58:24.132] Selected a reference ontology with 24 axioms.
[2026-06-24 16:58:24.229] Selected the bad axiom SubClassOf(Entity owl:Nothing).
[2026-06-24 16:58:24.232] Selected the weaker axiom SubClassOf(owl:Nothing owl:Nothing).
[2026-06-24 16:58:24.241] Finished 
...[truncated]
FAIL: attempt=192 seed=2712218 status=memory_limit_exceeded stage=B6 message=Repair failed: ExecutionException: java.lang.IllegalStateException: Could not find a weakening for axiom: ⊤ ⊑ Processual_Entity
progress: ontology=PLIO attempt=192 success=90/100
----- PLIO attempt=193 seed=2726418 at 2026-06-24 16:58:25 -----
--- stdout ---
{"seed":2726418,"run_id":"20260624134028346645","trial_status":"success","error_type":null,"failure_stage":null,"error_message":null,"iic_values":{"B1_vs_A1":0.8333333333333334,"B1_vs_A2":0.5,"B1_vs_A3":0.5,"B2_vs_A1":0.8333333333333334,"B2_vs_A2":0.5,"B2_vs_A3":0.5,"B3_vs_A1":0.8333333333333334,"B3_vs_A2":0.5,"B3_vs_A3":0.5,"B4_vs_A1":0.75,"B4_vs_A2":0.5,"B4_vs_A3":0.5,"B5_vs_A1":0.75,"B5_vs_A2":0.5,"B5_vs_A3":0.5,"B6_vs_A1":0.75,"B6_vs_A2":0.5,"B6_vs_A3":0.5,"B7_vs_A1":0.75,"B7_vs_A2":0.5,"B7_vs_A3":0.5,"B8_vs_A1":0.75,"B8_vs_A2":0.5,"B8_vs_A3":0.5,"B9_vs_A1":0.75,"B9_vs_A2":0.5,"B9_vs_A3":0.5},"repair_runtimes_ms":{"A1":39,"A2":122,"A3":337,"B1":72,"B2":550,"B3":306,"B4":54,"B5":399,"B6":319,"B7":16,"B8":315,"B9":250}}

--- stderr ---
SingleTrialExperiment starting: ontology=/workspaces/ontologyutils-ekaw26/repair-power-index-replication-ekaw26/ontologies/inconsistent/PLIO.owl, seed=2726418, run_id=20260624134028346645
Loaded ontology.
Normalizing ontology with SROIQ normalization...
Normalized ontology with SROIQ normalization.
Ontology is already inconsistent, skipping make-inconsistent step.
Repairing with A1 (random-removal)...
[2026-06-24 16:58:25.947] Checking precondition...
[2026-06-24 16:58:25.956] Starting the repair...
[2026-06-24 16:58:25.962] Found 19 possible bad axioms.
[2026-06-24 16:58:25.964] Selected the bad axiom SubClassOf(Entity Independent_Continuant_Entity).
[2026-06-24 16:58:25.968] Found 18 possible bad axioms.
[2026-06-24 16:58:25.969] Selected the bad axiom SubClassOf(Independent_Continuant_Entity Continuant_Entity).
[2026-06-24 16:58:25.972] Found 17 possible bad axioms.
[2026-06-24 16:58:25.972] Selected the bad axiom SubClassOf(Occurrent_Entity Entity).
[2026-06-24 16:58:25.975] Found 16 possible bad axioms.
[2026-06-24 16:58:25.975] Selected the bad axiom SubClassOf(Entity Functional_Entity).
[2026-06-24 16:58:25.978] Found 15 possible bad axioms.
[2026-06-24 16:58:25.979] Selected the bad axiom SubClassOf(Occurrent_Entity Continuant_Entity).
[2026-06-24 16:58:25.981] Finished repairing the ontology.
Repairing with A2 (not-in-largest-mcs-removal)...
[2026-06-24 16:58:25.982] Checking precondition...
[2026-06-24 16:58:25.988] Starting the repair...
[2026-06-24 16:58:26.102] Found 1 possible bad axioms.
[2026-06-24 16:58:26.103] Selected the bad axiom SubClassOf(Entity owl:Nothing).
[2026-06-24 16:58:26.104] Finished repairing the ontology.
Repairing with A3 (default-weakening)...
[2026-06-24 16:58:26.106] Checking precondition...
[2026-06-24 16:58:26.108] Starting the repair...
[2026-06-24 16:58:26.117] Selected a reference ontology with 25 axioms.
[2026-06-24 16:58:26.268] Selected the bad axiom SubClassOf(Entity owl:Nothing).
[2026-06-24 16:58:26.276] Selected the weaker axiom SubClassOf(Processual_Entity owl:Nothing).
[2026-06-24 16:58:26.371] Selected the bad axiom SubClassOf(Processual_Entity owl:Nothing).
[2026-06-24 16:58:26.372] Selected the weaker axiom SubClassOf(Functional_Entity owl:Nothing).
[2026-06-24 16:58:26.441] Selected the bad axiom SubClassOf(Functional_Entity owl:Nothing).
[2026-06-24 16:58:26.442] Selected the weaker axiom SubClassOf(Functional_Entity Functional_Entity).
[2026-06-24 16:58:26.442] Finished repairing the ontology.
Repairing with B1 (bad-in_some_mus-weaker-random)...
[2026-06-24 16:58:26.443] Checking precondition...
[2026-06-24 16:58:26.444] Starting the repair...
[2026-06-24 16:58:26.447] Selected a reference ontology with 25 axioms.
[2026-06-24 16:58:26.512] Selected the bad axiom SubClassOf(Entity owl:Nothing).
[2026-06-24 16:58:26.514] Selected the weaker axiom SubClassOf(Entity Continuant_Entity).
[2026-06-24 16:58:26.514] Finished repairing the ontology.
Repairing with B2 (bad-in_some_mus-weaker-shapley
...[truncated]
SUCCESS: attempt=193 seed=2726418 success_count=91/100
progress: ontology=PLIO attempt=193 success=91/100
----- PLIO attempt=194 seed=2740618 at 2026-06-24 16:58:28 -----
--- stdout ---
{"seed":2740618,"run_id":"20260624134028346645","trial_status":"memory_limit_exceeded","error_type":"failure","failure_stage":"B5","error_message":"Repair failed: ExecutionException: java.lang.IllegalStateException: Could not find a weakening for axiom: ⊤ ⊑ Processual_Entity","iic_values":{},"repair_runtimes_ms":{"A1":24,"A2":127,"A3":271,"B1":147,"B2":412,"B3":416,"B4":27,"B5":132}}

--- stderr ---
SingleTrialExperiment starting: ontology=/workspaces/ontologyutils-ekaw26/repair-power-index-replication-ekaw26/ontologies/inconsistent/PLIO.owl, seed=2740618, run_id=20260624134028346645
Loaded ontology.
Normalizing ontology with SROIQ normalization...
Normalized ontology with SROIQ normalization.
Ontology is already inconsistent, skipping make-inconsistent step.
Repairing with A1 (random-removal)...
[2026-06-24 16:58:29.115] Checking precondition...
[2026-06-24 16:58:29.124] Starting the repair...
[2026-06-24 16:58:29.129] Found 19 possible bad axioms.
[2026-06-24 16:58:29.131] Selected the bad axiom SubClassOf(Entity owl:Nothing).
[2026-06-24 16:58:29.135] Finished repairing the ontology.
Repairing with A2 (not-in-largest-mcs-removal)...
[2026-06-24 16:58:29.136] Checking precondition...
[2026-06-24 16:58:29.142] Starting the repair...
[2026-06-24 16:58:29.261] Found 1 possible bad axioms.
[2026-06-24 16:58:29.261] Selected the bad axiom SubClassOf(Entity owl:Nothing).
[2026-06-24 16:58:29.262] Finished repairing the ontology.
Repairing with A3 (default-weakening)...
[2026-06-24 16:58:29.264] Checking precondition...
[2026-06-24 16:58:29.266] Starting the repair...
[2026-06-24 16:58:29.281] Selected a reference ontology with 24 axioms.
[2026-06-24 16:58:29.425] Selected the bad axiom SubClassOf(Entity owl:Nothing).
[2026-06-24 16:58:29.433] Selected the weaker axiom SubClassOf(Independent_Continuant_Entity owl:Nothing).
[2026-06-24 16:58:29.532] Selected the bad axiom SubClassOf(Independent_Continuant_Entity owl:Nothing).
[2026-06-24 16:58:29.533] Selected the weaker axiom SubClassOf(Independent_Continuant_Entity Processual_Entity).
[2026-06-24 16:58:29.534] Finished repairing the ontology.
Repairing with B1 (bad-in_some_mus-weaker-random)...
[2026-06-24 16:58:29.536] Checking precondition...
[2026-06-24 16:58:29.537] Starting the repair...
[2026-06-24 16:58:29.540] Selected a reference ontology with 25 axioms.
[2026-06-24 16:58:29.616] Selected the bad axiom SubClassOf(Entity owl:Nothing).
[2026-06-24 16:58:29.618] Selected the weaker axiom SubClassOf(Independent_Continuant_Entity owl:Nothing).
[2026-06-24 16:58:29.682] Selected the bad axiom SubClassOf(Independent_Continuant_Entity owl:Nothing).
[2026-06-24 16:58:29.683] Selected the weaker axiom SubClassOf(Independent_Continuant_Entity Entity).
[2026-06-24 16:58:29.683] Finished repairing the ontology.
Repairing with B2 (bad-in_some_mus-weaker-shapley)...
[2026-06-24 16:58:29.685] Checking precondition...
[2026-06-24 16:58:29.686] Starting the repair...
[2026-06-24 16:58:29.691] Selected a reference ontology with 24 axioms.
[2026-06-24 16:58:29.742] Selected the bad axiom SubClassOf(Entity owl:Nothing).
[PowerIndexWeakerAxiomSelector] Scoring 8 candidate weakenings for Entity ⊑ ⊥
[PowerIndexWeakerAxiomSelector] Selected weaker axiom: Entity ⊑ Continuant_Entity
[2026-06-24 16:58:30.094] Selected the weaker axiom SubClassOf(Entity Continuant_Entity).
[2026-06-24 16:58:30.095] Finished repairi
...[truncated]
FAIL: attempt=194 seed=2740618 status=memory_limit_exceeded stage=B5 message=Repair failed: ExecutionException: java.lang.IllegalStateException: Could not find a weakening for axiom: ⊤ ⊑ Processual_Entity
progress: ontology=PLIO attempt=194 success=91/100
----- PLIO attempt=195 seed=2754818 at 2026-06-24 16:58:30 -----
--- stdout ---
{"seed":2754818,"run_id":"20260624134028346645","trial_status":"time_limit_exceeded","error_type":"timeout","failure_stage":"B4","error_message":"Repair timeout: B4 exceeded 300 seconds","iic_values":{},"repair_runtimes_ms":{"A1":31,"A2":147,"A3":332,"B1":192,"B2":524,"B3":303,"B4":300001}}

--- stderr ---
SingleTrialExperiment starting: ontology=/workspaces/ontologyutils-ekaw26/repair-power-index-replication-ekaw26/ontologies/inconsistent/PLIO.owl, seed=2754818, run_id=20260624134028346645
Loaded ontology.
Normalizing ontology with SROIQ normalization...
Normalized ontology with SROIQ normalization.
Ontology is already inconsistent, skipping make-inconsistent step.
Repairing with A1 (random-removal)...
[2026-06-24 16:58:31.061] Checking precondition...
[2026-06-24 16:58:31.070] Starting the repair...
[2026-06-24 16:58:31.077] Found 19 possible bad axioms.
[2026-06-24 16:58:31.078] Selected the bad axiom SubClassOf(Continuant_Entity Processual_Entity).
[2026-06-24 16:58:31.083] Found 18 possible bad axioms.
[2026-06-24 16:58:31.084] Selected the bad axiom SubClassOf(Entity owl:Nothing).
[2026-06-24 16:58:31.088] Finished repairing the ontology.
Repairing with A2 (not-in-largest-mcs-removal)...
[2026-06-24 16:58:31.088] Checking precondition...
[2026-06-24 16:58:31.096] Starting the repair...
[2026-06-24 16:58:31.233] Found 1 possible bad axioms.
[2026-06-24 16:58:31.234] Selected the bad axiom SubClassOf(Entity owl:Nothing).
[2026-06-24 16:58:31.235] Finished repairing the ontology.
Repairing with A3 (default-weakening)...
[2026-06-24 16:58:31.237] Checking precondition...
[2026-06-24 16:58:31.240] Starting the repair...
[2026-06-24 16:58:31.248] Selected a reference ontology with 25 axioms.
[2026-06-24 16:58:31.394] Selected the bad axiom SubClassOf(Entity owl:Nothing).
[2026-06-24 16:58:31.403] Selected the weaker axiom SubClassOf(Occurrent_Entity owl:Nothing).
[2026-06-24 16:58:31.488] Selected the bad axiom SubClassOf(Occurrent_Entity owl:Nothing).
[2026-06-24 16:58:31.488] Selected the weaker axiom SubClassOf(Functional_Entity owl:Nothing).
[2026-06-24 16:58:31.567] Selected the bad axiom SubClassOf(Functional_Entity owl:Nothing).
[2026-06-24 16:58:31.567] Selected the weaker axiom SubClassOf(Functional_Entity owl:Thing).
[2026-06-24 16:58:31.568] Finished repairing the ontology.
Repairing with B1 (bad-in_some_mus-weaker-random)...
[2026-06-24 16:58:31.569] Checking precondition...
[2026-06-24 16:58:31.570] Starting the repair...
[2026-06-24 16:58:31.573] Selected a reference ontology with 24 axioms.
[2026-06-24 16:58:31.635] Selected the bad axiom SubClassOf(Entity owl:Nothing).
[2026-06-24 16:58:31.636] Selected the weaker axiom SubClassOf(Continuant_Entity owl:Nothing).
[2026-06-24 16:58:31.696] Selected the bad axiom SubClassOf(Continuant_Entity owl:Nothing).
[2026-06-24 16:58:31.696] Selected the weaker axiom SubClassOf(Functional_Entity owl:Nothing).
[2026-06-24 16:58:31.759] Selected the bad axiom SubClassOf(Functional_Entity owl:Nothing).
[2026-06-24 16:58:31.759] Selected the weaker axiom SubClassOf(Functional_Entity Functional_Entity).
[2026-06-24 16:58:31.760] Finished repairing the ontology.
Repairing with B2 (bad-in_some_mus-weaker-shapley)...
[2026-06-24 16:58:31.762] Checking precondition...
[2026-06-24 16:58:31.764] Starting th
...[truncated]
FAIL: attempt=195 seed=2754818 status=time_limit_exceeded stage=B4 message=Repair timeout: B4 exceeded 300 seconds
progress: ontology=PLIO attempt=195 success=91/100
----- PLIO attempt=196 seed=2769018 at 2026-06-24 17:03:32 -----
--- stdout ---
{"seed":2769018,"run_id":"20260624134028346645","trial_status":"time_limit_exceeded","error_type":"timeout","failure_stage":"B7","error_message":"Repair timeout: B7 exceeded 300 seconds","iic_values":{},"repair_runtimes_ms":{"A1":57,"A2":128,"A3":173,"B1":120,"B2":543,"B3":308,"B4":21,"B5":447,"B6":324,"B7":300001}}

--- stderr ---
SingleTrialExperiment starting: ontology=/workspaces/ontologyutils-ekaw26/repair-power-index-replication-ekaw26/ontologies/inconsistent/PLIO.owl, seed=2769018, run_id=20260624134028346645
Loaded ontology.
Normalizing ontology with SROIQ normalization...
Normalized ontology with SROIQ normalization.
Ontology is already inconsistent, skipping make-inconsistent step.
Repairing with A1 (random-removal)...
[2026-06-24 17:03:33.064] Checking precondition...
[2026-06-24 17:03:33.073] Starting the repair...
[2026-06-24 17:03:33.080] Found 19 possible bad axioms.
[2026-06-24 17:03:33.082] Selected the bad axiom SubClassOf(Entity Occurrent_Entity).
[2026-06-24 17:03:33.086] Found 18 possible bad axioms.
[2026-06-24 17:03:33.087] Selected the bad axiom SubClassOf(Processual_Entity Occurrent_Entity).
[2026-06-24 17:03:33.094] Found 17 possible bad axioms.
[2026-06-24 17:03:33.094] Selected the bad axiom SubClassOf(Occurrent_Entity Independent_Continuant_Entity).
[2026-06-24 17:03:33.098] Found 16 possible bad axioms.
[2026-06-24 17:03:33.098] Selected the bad axiom SubClassOf(Entity Independent_Continuant_Entity).
[2026-06-24 17:03:33.102] Found 15 possible bad axioms.
[2026-06-24 17:03:33.102] Selected the bad axiom SubClassOf(Entity Continuant_Entity).
[2026-06-24 17:03:33.104] Found 14 possible bad axioms.
[2026-06-24 17:03:33.105] Selected the bad axiom SubClassOf(owl:Thing Processual_Entity).
[2026-06-24 17:03:33.107] Found 13 possible bad axioms.
[2026-06-24 17:03:33.108] Selected the bad axiom SubClassOf(Occurrent_Entity Functional_Entity).
[2026-06-24 17:03:33.110] Found 12 possible bad axioms.
[2026-06-24 17:03:33.110] Selected the bad axiom SubClassOf(Entity Functional_Entity).
[2026-06-24 17:03:33.113] Found 11 possible bad axioms.
[2026-06-24 17:03:33.113] Selected the bad axiom SubClassOf(Continuant_Entity Occurrent_Entity).
[2026-06-24 17:03:33.115] Found 10 possible bad axioms.
[2026-06-24 17:03:33.115] Selected the bad axiom SubClassOf(Entity owl:Nothing).
[2026-06-24 17:03:33.116] Finished repairing the ontology.
Repairing with A2 (not-in-largest-mcs-removal)...
[2026-06-24 17:03:33.117] Checking precondition...
[2026-06-24 17:03:33.127] Starting the repair...
[2026-06-24 17:03:33.244] Found 1 possible bad axioms.
[2026-06-24 17:03:33.244] Selected the bad axiom SubClassOf(Entity owl:Nothing).
[2026-06-24 17:03:33.245] Finished repairing the ontology.
Repairing with A3 (default-weakening)...
[2026-06-24 17:03:33.247] Checking precondition...
[2026-06-24 17:03:33.249] Starting the repair...
[2026-06-24 17:03:33.267] Selected a reference ontology with 23 axioms.
[2026-06-24 17:03:33.409] Selected the bad axiom SubClassOf(Entity owl:Nothing).
[2026-06-24 17:03:33.417] Selected the weaker axiom SubClassOf(Entity Independent_Continuant_Entity).
[2026-06-24 17:03:33.419] Finished repairing the ontology.
Repairing with B1 (bad-in_some_mus-weaker-random)...
[2026-06-24 17:03:33.419] Checking precondition...
[2026-06-24 17:03:33.421] Starting the rep
...[truncated]
FAIL: attempt=196 seed=2769018 status=time_limit_exceeded stage=B7 message=Repair timeout: B7 exceeded 300 seconds
progress: ontology=PLIO attempt=196 success=91/100
----- PLIO attempt=197 seed=2783218 at 2026-06-24 17:08:35 -----
--- stdout ---
{"seed":2783218,"run_id":"20260624134028346645","trial_status":"success","error_type":null,"failure_stage":null,"error_message":null,"iic_values":{"B1_vs_A1":0.5,"B1_vs_A2":0.5,"B1_vs_A3":0.5,"B2_vs_A1":0.5,"B2_vs_A2":0.5,"B2_vs_A3":0.5,"B3_vs_A1":0.5,"B3_vs_A2":0.5,"B3_vs_A3":0.5,"B4_vs_A1":0.5,"B4_vs_A2":0.5,"B4_vs_A3":0.5,"B5_vs_A1":0.5,"B5_vs_A2":0.5,"B5_vs_A3":0.5,"B6_vs_A1":0.5,"B6_vs_A2":0.5,"B6_vs_A3":0.5,"B7_vs_A1":0.5,"B7_vs_A2":0.5,"B7_vs_A3":0.5,"B8_vs_A1":0.5,"B8_vs_A2":0.5,"B8_vs_A3":0.5,"B9_vs_A1":0.5,"B9_vs_A2":0.5,"B9_vs_A3":0.5},"repair_runtimes_ms":{"A1":26,"A2":139,"A3":166,"B1":106,"B2":423,"B3":268,"B4":27,"B5":437,"B6":326,"B7":23,"B8":350,"B9":256}}

--- stderr ---
SingleTrialExperiment starting: ontology=/workspaces/ontologyutils-ekaw26/repair-power-index-replication-ekaw26/ontologies/inconsistent/PLIO.owl, seed=2783218, run_id=20260624134028346645
Loaded ontology.
Normalizing ontology with SROIQ normalization...
Normalized ontology with SROIQ normalization.
Ontology is already inconsistent, skipping make-inconsistent step.
Repairing with A1 (random-removal)...
[2026-06-24 17:08:35.662] Checking precondition...
[2026-06-24 17:08:35.670] Starting the repair...
[2026-06-24 17:08:35.676] Found 19 possible bad axioms.
[2026-06-24 17:08:35.678] Selected the bad axiom SubClassOf(Entity owl:Nothing).
[2026-06-24 17:08:35.684] Finished repairing the ontology.
Repairing with A2 (not-in-largest-mcs-removal)...
[2026-06-24 17:08:35.684] Checking precondition...
[2026-06-24 17:08:35.692] Starting the repair...
[2026-06-24 17:08:35.822] Found 1 possible bad axioms.
[2026-06-24 17:08:35.822] Selected the bad axiom SubClassOf(Entity owl:Nothing).
[2026-06-24 17:08:35.824] Finished repairing the ontology.
Repairing with A3 (default-weakening)...
[2026-06-24 17:08:35.825] Checking precondition...
[2026-06-24 17:08:35.828] Starting the repair...
[2026-06-24 17:08:35.840] Selected a reference ontology with 25 axioms.
[2026-06-24 17:08:35.980] Selected the bad axiom SubClassOf(Entity owl:Nothing).
[2026-06-24 17:08:35.989] Selected the weaker axiom SubClassOf(Entity Processual_Entity).
[2026-06-24 17:08:35.990] Finished repairing the ontology.
Repairing with B1 (bad-in_some_mus-weaker-random)...
[2026-06-24 17:08:35.991] Checking precondition...
[2026-06-24 17:08:35.993] Starting the repair...
[2026-06-24 17:08:35.998] Selected a reference ontology with 25 axioms.
[2026-06-24 17:08:36.093] Selected the bad axiom SubClassOf(Entity owl:Nothing).
[2026-06-24 17:08:36.096] Selected the weaker axiom SubClassOf(owl:Nothing owl:Nothing).
[2026-06-24 17:08:36.097] Finished repairing the ontology.
Repairing with B2 (bad-in_some_mus-weaker-shapley)...
[2026-06-24 17:08:36.099] Checking precondition...
[2026-06-24 17:08:36.101] Starting the repair...
[2026-06-24 17:08:36.104] Selected a reference ontology with 24 axioms.
[2026-06-24 17:08:36.183] Selected the bad axiom SubClassOf(Entity owl:Nothing).
[PowerIndexWeakerAxiomSelector] Scoring 8 candidate weakenings for Entity ⊑ ⊥
[PowerIndexWeakerAxiomSelector] Selected weaker axiom: Entity ⊑ Continuant_Entity
[2026-06-24 17:08:36.519] Selected the weaker axiom SubClassOf(Entity Continuant_Entity).
[2026-06-24 17:08:36.521] Finished repairing the ontology.
Repairing with B3 (bad-in_some_mus-weaker-banzhaf)...
[2026-06-24 17:08:36.522] Checking precondition...
[2026-06-24 17:08:36.523] Starting the repair...
[2026-06-24 17:08:36.527] Selected a reference ontology with 23 axioms.
[2026-06-24 17:08:36.617] Selected the bad axiom SubClassOf(Entity owl:Nothing).
[PowerIndexWeakerAxiomSelector] Scoring 9 candidate weakenings for Entity ⊑ ⊥
[PowerIndexWeakerAxiomSelector] Selected weaker axiom: E
...[truncated]
SUCCESS: attempt=197 seed=2783218 success_count=92/100
progress: ontology=PLIO attempt=197 success=92/100
----- PLIO attempt=198 seed=2797418 at 2026-06-24 17:08:38 -----
--- stdout ---
{"seed":2797418,"run_id":"20260624134028346645","trial_status":"memory_limit_exceeded","error_type":"failure","failure_stage":"B1","error_message":"Repair failed: ExecutionException: java.lang.NullPointerException: operands cannot be null or empty","iic_values":{},"repair_runtimes_ms":{"A1":50,"A2":119,"A3":170,"B1":343}}

--- stderr ---
SingleTrialExperiment starting: ontology=/workspaces/ontologyutils-ekaw26/repair-power-index-replication-ekaw26/ontologies/inconsistent/PLIO.owl, seed=2797418, run_id=20260624134028346645
Loaded ontology.
Normalizing ontology with SROIQ normalization...
Normalized ontology with SROIQ normalization.
Ontology is already inconsistent, skipping make-inconsistent step.
Repairing with A1 (random-removal)...
[2026-06-24 17:08:38.606] Checking precondition...
[2026-06-24 17:08:38.615] Starting the repair...
[2026-06-24 17:08:38.621] Found 19 possible bad axioms.
[2026-06-24 17:08:38.623] Selected the bad axiom SubClassOf(Continuant_Entity Entity).
[2026-06-24 17:08:38.628] Found 18 possible bad axioms.
[2026-06-24 17:08:38.628] Selected the bad axiom SubClassOf(Entity owl:Thing).
[2026-06-24 17:08:38.632] Found 17 possible bad axioms.
[2026-06-24 17:08:38.632] Selected the bad axiom SubClassOf(owl:Thing Processual_Entity).
[2026-06-24 17:08:38.636] Found 16 possible bad axioms.
[2026-06-24 17:08:38.636] Selected the bad axiom SubClassOf(Independent_Continuant_Entity Continuant_Entity).
[2026-06-24 17:08:38.639] Found 15 possible bad axioms.
[2026-06-24 17:08:38.640] Selected the bad axiom SubClassOf(Entity Continuant_Entity).
[2026-06-24 17:08:38.643] Found 14 possible bad axioms.
[2026-06-24 17:08:38.643] Selected the bad axiom SubClassOf(Occurrent_Entity Continuant_Entity).
[2026-06-24 17:08:38.645] Found 13 possible bad axioms.
[2026-06-24 17:08:38.645] Selected the bad axiom SubClassOf(Entity Occurrent_Entity).
[2026-06-24 17:08:38.648] Found 12 possible bad axioms.
[2026-06-24 17:08:38.648] Selected the bad axiom SubClassOf(Entity Processual_Entity).
[2026-06-24 17:08:38.650] Found 11 possible bad axioms.
[2026-06-24 17:08:38.650] Selected the bad axiom SubClassOf(Entity owl:Nothing).
[2026-06-24 17:08:38.651] Finished repairing the ontology.
Repairing with A2 (not-in-largest-mcs-removal)...
[2026-06-24 17:08:38.652] Checking precondition...
[2026-06-24 17:08:38.661] Starting the repair...
[2026-06-24 17:08:38.769] Found 1 possible bad axioms.
[2026-06-24 17:08:38.770] Selected the bad axiom SubClassOf(Entity owl:Nothing).
[2026-06-24 17:08:38.771] Finished repairing the ontology.
Repairing with A3 (default-weakening)...
[2026-06-24 17:08:38.772] Checking precondition...
[2026-06-24 17:08:38.774] Starting the repair...
[2026-06-24 17:08:38.787] Selected a reference ontology with 25 axioms.
[2026-06-24 17:08:38.933] Selected the bad axiom SubClassOf(Entity owl:Nothing).
[2026-06-24 17:08:38.940] Selected the weaker axiom SubClassOf(Entity Continuant_Entity).
[2026-06-24 17:08:38.942] Finished repairing the ontology.
Repairing with B1 (bad-in_some_mus-weaker-random)...
[2026-06-24 17:08:38.942] Checking precondition...
[2026-06-24 17:08:38.944] Starting the repair...
[2026-06-24 17:08:38.947] Selected a reference ontology with 25 axioms.
[2026-06-24 17:08:39.039] Selected the bad axiom SubClassOf(Entity owl:Nothing).
[2026-06-24 17:08:39.043] Selected
...[truncated]
FAIL: attempt=198 seed=2797418 status=memory_limit_exceeded stage=B1 message=Repair failed: ExecutionException: java.lang.NullPointerException: operands cannot be null or empty
progress: ontology=PLIO attempt=198 success=92/100
----- PLIO attempt=199 seed=2811618 at 2026-06-24 17:08:39 -----
--- stdout ---
{"seed":2811618,"run_id":"20260624134028346645","trial_status":"success","error_type":null,"failure_stage":null,"error_message":null,"iic_values":{"B1_vs_A1":0.5,"B1_vs_A2":0.5,"B1_vs_A3":0.5,"B2_vs_A1":0.5,"B2_vs_A2":0.5,"B2_vs_A3":0.5,"B3_vs_A1":0.5,"B3_vs_A2":0.5,"B3_vs_A3":0.5,"B4_vs_A1":0.5,"B4_vs_A2":0.5,"B4_vs_A3":0.5,"B5_vs_A1":0.5,"B5_vs_A2":0.5,"B5_vs_A3":0.5,"B6_vs_A1":0.5,"B6_vs_A2":0.5,"B6_vs_A3":0.5,"B7_vs_A1":0.5,"B7_vs_A2":0.5,"B7_vs_A3":0.5,"B8_vs_A1":0.5,"B8_vs_A2":0.5,"B8_vs_A3":0.5,"B9_vs_A1":0.5,"B9_vs_A2":0.5,"B9_vs_A3":0.5},"repair_runtimes_ms":{"A1":40,"A2":140,"A3":163,"B1":107,"B2":459,"B3":358,"B4":32,"B5":406,"B6":313,"B7":18,"B8":349,"B9":314}}

--- stderr ---
SingleTrialExperiment starting: ontology=/workspaces/ontologyutils-ekaw26/repair-power-index-replication-ekaw26/ontologies/inconsistent/PLIO.owl, seed=2811618, run_id=20260624134028346645
Loaded ontology.
Normalizing ontology with SROIQ normalization...
Normalized ontology with SROIQ normalization.
Ontology is already inconsistent, skipping make-inconsistent step.
Repairing with A1 (random-removal)...
[2026-06-24 17:08:39.690] Checking precondition...
[2026-06-24 17:08:39.699] Starting the repair...
[2026-06-24 17:08:39.705] Found 19 possible bad axioms.
[2026-06-24 17:08:39.706] Selected the bad axiom SubClassOf(Entity Independent_Continuant_Entity).
[2026-06-24 17:08:39.711] Found 18 possible bad axioms.
[2026-06-24 17:08:39.712] Selected the bad axiom SubClassOf(Continuant_Entity Processual_Entity).
[2026-06-24 17:08:39.715] Found 17 possible bad axioms.
[2026-06-24 17:08:39.715] Selected the bad axiom SubClassOf(Independent_Continuant_Entity Continuant_Entity).
[2026-06-24 17:08:39.719] Found 16 possible bad axioms.
[2026-06-24 17:08:39.719] Selected the bad axiom SubClassOf(Occurrent_Entity Independent_Continuant_Entity).
[2026-06-24 17:08:39.723] Found 15 possible bad axioms.
[2026-06-24 17:08:39.723] Selected the bad axiom SubClassOf(Entity owl:Nothing).
[2026-06-24 17:08:39.726] Finished repairing the ontology.
Repairing with A2 (not-in-largest-mcs-removal)...
[2026-06-24 17:08:39.726] Checking precondition...
[2026-06-24 17:08:39.732] Starting the repair...
[2026-06-24 17:08:39.864] Found 1 possible bad axioms.
[2026-06-24 17:08:39.864] Selected the bad axiom SubClassOf(Entity owl:Nothing).
[2026-06-24 17:08:39.866] Finished repairing the ontology.
Repairing with A3 (default-weakening)...
[2026-06-24 17:08:39.868] Checking precondition...
[2026-06-24 17:08:39.870] Starting the repair...
[2026-06-24 17:08:39.878] Selected a reference ontology with 25 axioms.
[2026-06-24 17:08:40.020] Selected the bad axiom SubClassOf(Entity owl:Nothing).
[2026-06-24 17:08:40.028] Selected the weaker axiom SubClassOf(Entity Processual_Entity).
[2026-06-24 17:08:40.030] Finished repairing the ontology.
Repairing with B1 (bad-in_some_mus-weaker-random)...
[2026-06-24 17:08:40.030] Checking precondition...
[2026-06-24 17:08:40.032] Starting the repair...
[2026-06-24 17:08:40.038] Selected a reference ontology with 24 axioms.
[2026-06-24 17:08:40.135] Selected the bad axiom SubClassOf(Entity owl:Nothing).
[2026-06-24 17:08:40.137] Selected the weaker axiom SubClassOf(Entity Independent_Continuant_Entity).
[2026-06-24 17:08:40.137] Finished repairing the ontology.
Repairing with B2 (bad-in_some_mus-weaker-shapley)...
[2026-06-24 17:08:40.139] Checking precondition...
[2026-06-24 17:08:40.140] Starting the repair...
[2026-06-24 17:08:40.152] Selected a reference ontology with 23 axioms.
[2026-06-24 17:08:40.220] Selected the bad axiom SubClassOf(Entity owl:Nothing).
[PowerIndexWeakerAxiomSelector] Scoring 9 candidate weakenings for Entity ⊑ ⊥
[PowerIndexWeakerAx
...[truncated]
SUCCESS: attempt=199 seed=2811618 success_count=93/100
progress: ontology=PLIO attempt=199 success=93/100
----- PLIO attempt=200 seed=2825818 at 2026-06-24 17:08:42 -----
--- stdout ---
{"seed":2825818,"run_id":"20260624134028346645","trial_status":"success","error_type":null,"failure_stage":null,"error_message":null,"iic_values":{"B1_vs_A1":0.9411764705882353,"B1_vs_A2":0.5,"B1_vs_A3":0.5,"B2_vs_A1":0.9411764705882353,"B2_vs_A2":0.5,"B2_vs_A3":0.5,"B3_vs_A1":0.9411764705882353,"B3_vs_A2":0.5,"B3_vs_A3":0.5,"B4_vs_A1":0.8571428571428571,"B4_vs_A2":0.5,"B4_vs_A3":0.5,"B5_vs_A1":0.8571428571428571,"B5_vs_A2":0.5,"B5_vs_A3":0.5,"B6_vs_A1":0.8571428571428571,"B6_vs_A2":0.5,"B6_vs_A3":0.5,"B7_vs_A1":0.8571428571428571,"B7_vs_A2":0.5,"B7_vs_A3":0.5,"B8_vs_A1":0.8571428571428571,"B8_vs_A2":0.5,"B8_vs_A3":0.5,"B9_vs_A1":0.8571428571428571,"B9_vs_A2":0.5,"B9_vs_A3":0.5},"repair_runtimes_ms":{"A1":62,"A2":115,"A3":167,"B1":191,"B2":538,"B3":301,"B4":24,"B5":423,"B6":317,"B7":42,"B8":296,"B9":290}}

--- stderr ---
SingleTrialExperiment starting: ontology=/workspaces/ontologyutils-ekaw26/repair-power-index-replication-ekaw26/ontologies/inconsistent/PLIO.owl, seed=2825818, run_id=20260624134028346645
Loaded ontology.
Normalizing ontology with SROIQ normalization...
Normalized ontology with SROIQ normalization.
Ontology is already inconsistent, skipping make-inconsistent step.
Repairing with A1 (random-removal)...
[2026-06-24 17:08:42.791] Checking precondition...
[2026-06-24 17:08:42.800] Starting the repair...
[2026-06-24 17:08:42.806] Found 19 possible bad axioms.
[2026-06-24 17:08:42.807] Selected the bad axiom SubClassOf(Continuant_Entity Processual_Entity).
[2026-06-24 17:08:42.812] Found 18 possible bad axioms.
[2026-06-24 17:08:42.813] Selected the bad axiom SubClassOf(Occurrent_Entity Entity).
[2026-06-24 17:08:42.817] Found 17 possible bad axioms.
[2026-06-24 17:08:42.817] Selected the bad axiom SubClassOf(Occurrent_Entity Functional_Entity).
[2026-06-24 17:08:42.820] Found 16 possible bad axioms.
[2026-06-24 17:08:42.821] Selected the bad axiom SubClassOf(Occurrent_Entity Independent_Continuant_Entity).
[2026-06-24 17:08:42.824] Found 15 possible bad axioms.
[2026-06-24 17:08:42.824] Selected the bad axiom SubClassOf(Entity Continuant_Entity).
[2026-06-24 17:08:42.827] Found 14 possible bad axioms.
[2026-06-24 17:08:42.827] Selected the bad axiom SubClassOf(owl:Thing Occurrent_Entity).
[2026-06-24 17:08:42.829] Found 13 possible bad axioms.
[2026-06-24 17:08:42.830] Selected the bad axiom SubClassOf(Entity Occurrent_Entity).
[2026-06-24 17:08:42.832] Found 12 possible bad axioms.
[2026-06-24 17:08:42.832] Selected the bad axiom SubClassOf(Entity owl:Thing).
[2026-06-24 17:08:42.834] Found 11 possible bad axioms.
[2026-06-24 17:08:42.834] Selected the bad axiom SubClassOf(Independent_Continuant_Entity Continuant_Entity).
[2026-06-24 17:08:42.836] Found 10 possible bad axioms.
[2026-06-24 17:08:42.836] Selected the bad axiom SubClassOf(Entity Independent_Continuant_Entity).
[2026-06-24 17:08:42.837] Found 9 possible bad axioms.
[2026-06-24 17:08:42.837] Selected the bad axiom SubClassOf(Entity Processual_Entity).
[2026-06-24 17:08:42.844] Found 8 possible bad axioms.
[2026-06-24 17:08:42.845] Selected the bad axiom SubClassOf(Functional_Entity Independent_Continuant_Entity).
[2026-06-24 17:08:42.847] Found 7 possible bad axioms.
[2026-06-24 17:08:42.847] Selected the bad axiom SubClassOf(Continuant_Entity Entity).
[2026-06-24 17:08:42.848] Finished repairing the ontology.
Repairing with A2 (not-in-largest-mcs-removal)...
[2026-06-24 17:08:42.849] Checking precondition...
[2026-06-24 17:08:42.854] Starting the repair...
[2026-06-24 17:08:42.958] Found 1 possible bad axioms.
[2026-06-24 17:08:42.958] Selected the bad axiom SubClassOf(Entity owl:Nothing).
[2026-06-24 17:08:42.964] Finished repairing the ontology.
Repairing with A3 (default-weakening)...
[2026-06-24 17:08:42.966] Checking precondition...
[2026-06-24 17:08:42.969] Starting the repair...
[
...[truncated]
SUCCESS: attempt=200 seed=2825818 success_count=94/100
progress: ontology=PLIO attempt=200 success=94/100
----- PLIO attempt=201 seed=2840018 at 2026-06-24 17:08:45 -----
--- stdout ---
{"seed":2840018,"run_id":"20260624134028346645","trial_status":"memory_limit_exceeded","error_type":"failure","failure_stage":"B4","error_message":"Repair failed: ExecutionException: java.lang.NullPointerException: operands cannot be null or empty","iic_values":{},"repair_runtimes_ms":{"A1":49,"A2":147,"A3":277,"B1":128,"B2":494,"B3":381,"B4":35}}

--- stderr ---
SingleTrialExperiment starting: ontology=/workspaces/ontologyutils-ekaw26/repair-power-index-replication-ekaw26/ontologies/inconsistent/PLIO.owl, seed=2840018, run_id=20260624134028346645
Loaded ontology.
Normalizing ontology with SROIQ normalization...
Normalized ontology with SROIQ normalization.
Ontology is already inconsistent, skipping make-inconsistent step.
Repairing with A1 (random-removal)...
[2026-06-24 17:08:45.956] Checking precondition...
[2026-06-24 17:08:45.966] Starting the repair...
[2026-06-24 17:08:45.973] Found 19 possible bad axioms.
[2026-06-24 17:08:45.974] Selected the bad axiom SubClassOf(Entity Functional_Entity).
[2026-06-24 17:08:45.979] Found 18 possible bad axioms.
[2026-06-24 17:08:45.979] Selected the bad axiom SubClassOf(Processual_Entity Occurrent_Entity).
[2026-06-24 17:08:45.983] Found 17 possible bad axioms.
[2026-06-24 17:08:45.984] Selected the bad axiom SubClassOf(Occurrent_Entity Functional_Entity).
[2026-06-24 17:08:45.987] Found 16 possible bad axioms.
[2026-06-24 17:08:45.987] Selected the bad axiom SubClassOf(Entity Independent_Continuant_Entity).
[2026-06-24 17:08:45.990] Found 15 possible bad axioms.
[2026-06-24 17:08:45.991] Selected the bad axiom SubClassOf(Continuant_Entity Occurrent_Entity).
[2026-06-24 17:08:45.993] Found 14 possible bad axioms.
[2026-06-24 17:08:45.994] Selected the bad axiom SubClassOf(Entity Continuant_Entity).
[2026-06-24 17:08:45.996] Found 13 possible bad axioms.
[2026-06-24 17:08:45.996] Selected the bad axiom SubClassOf(Entity owl:Thing).
[2026-06-24 17:08:45.999] Found 12 possible bad axioms.
[2026-06-24 17:08:45.999] Selected the bad axiom SubClassOf(owl:Thing Occurrent_Entity).
[2026-06-24 17:08:46.000] Finished repairing the ontology.
Repairing with A2 (not-in-largest-mcs-removal)...
[2026-06-24 17:08:46.001] Checking precondition...
[2026-06-24 17:08:46.006] Starting the repair...
[2026-06-24 17:08:46.147] Found 1 possible bad axioms.
[2026-06-24 17:08:46.147] Selected the bad axiom SubClassOf(Entity owl:Nothing).
[2026-06-24 17:08:46.148] Finished repairing the ontology.
Repairing with A3 (default-weakening)...
[2026-06-24 17:08:46.149] Checking precondition...
[2026-06-24 17:08:46.151] Starting the repair...
[2026-06-24 17:08:46.158] Selected a reference ontology with 25 axioms.
[2026-06-24 17:08:46.304] Selected the bad axiom SubClassOf(Entity owl:Nothing).
[2026-06-24 17:08:46.313] Selected the weaker axiom SubClassOf(Continuant_Entity owl:Nothing).
[2026-06-24 17:08:46.424] Selected the bad axiom SubClassOf(Continuant_Entity owl:Nothing).
[2026-06-24 17:08:46.425] Selected the weaker axiom SubClassOf(Continuant_Entity Occurrent_Entity).
[2026-06-24 17:08:46.425] Finished repairing the ontology.
Repairing with B1 (bad-in_some_mus-weaker-random)...
[2026-06-24 17:08:46.426] Checking precondition...
[2026-06-24 17:08:46.427] Starting the repair...
[2026-06-24 17:08:46.430] Selected a reference ontology with 25 axioms.
[2026-06-24 17:08:46.495] Selected the bad axi
...[truncated]
FAIL: attempt=201 seed=2840018 status=memory_limit_exceeded stage=B4 message=Repair failed: ExecutionException: java.lang.NullPointerException: operands cannot be null or empty
progress: ontology=PLIO attempt=201 success=94/100
----- PLIO attempt=202 seed=2854218 at 2026-06-24 17:08:47 -----
--- stdout ---
{"seed":2854218,"run_id":"20260624134028346645","trial_status":"success","error_type":null,"failure_stage":null,"error_message":null,"iic_values":{"B1_vs_A1":0.6666666666666666,"B1_vs_A2":0.5,"B1_vs_A3":0.5,"B2_vs_A1":0.6666666666666666,"B2_vs_A2":0.5,"B2_vs_A3":0.5,"B3_vs_A1":0.6666666666666666,"B3_vs_A2":0.5,"B3_vs_A3":0.5,"B4_vs_A1":0.8571428571428571,"B4_vs_A2":0.5,"B4_vs_A3":0.5,"B5_vs_A1":0.8571428571428571,"B5_vs_A2":0.5,"B5_vs_A3":0.5,"B6_vs_A1":0.8571428571428571,"B6_vs_A2":0.5,"B6_vs_A3":0.5,"B7_vs_A1":0.8571428571428571,"B7_vs_A2":0.5,"B7_vs_A3":0.5,"B8_vs_A1":0.8571428571428571,"B8_vs_A2":0.5,"B8_vs_A3":0.5,"B9_vs_A1":0.8571428571428571,"B9_vs_A2":0.5,"B9_vs_A3":0.5},"repair_runtimes_ms":{"A1":48,"A2":138,"A3":156,"B1":175,"B2":564,"B3":286,"B4":34,"B5":485,"B6":293,"B7":17,"B8":350,"B9":285}}

--- stderr ---
SingleTrialExperiment starting: ontology=/workspaces/ontologyutils-ekaw26/repair-power-index-replication-ekaw26/ontologies/inconsistent/PLIO.owl, seed=2854218, run_id=20260624134028346645
Loaded ontology.
Normalizing ontology with SROIQ normalization...
Normalized ontology with SROIQ normalization.
Ontology is already inconsistent, skipping make-inconsistent step.
Repairing with A1 (random-removal)...
[2026-06-24 17:08:47.852] Checking precondition...
[2026-06-24 17:08:47.861] Starting the repair...
[2026-06-24 17:08:47.867] Found 19 possible bad axioms.
[2026-06-24 17:08:47.868] Selected the bad axiom SubClassOf(Occurrent_Entity Functional_Entity).
[2026-06-24 17:08:47.874] Found 18 possible bad axioms.
[2026-06-24 17:08:47.874] Selected the bad axiom SubClassOf(Occurrent_Entity Independent_Continuant_Entity).
[2026-06-24 17:08:47.878] Found 17 possible bad axioms.
[2026-06-24 17:08:47.878] Selected the bad axiom SubClassOf(owl:Thing Occurrent_Entity).
[2026-06-24 17:08:47.881] Found 16 possible bad axioms.
[2026-06-24 17:08:47.881] Selected the bad axiom SubClassOf(Occurrent_Entity Entity).
[2026-06-24 17:08:47.885] Found 15 possible bad axioms.
[2026-06-24 17:08:47.886] Selected the bad axiom SubClassOf(Entity owl:Thing).
[2026-06-24 17:08:47.888] Found 14 possible bad axioms.
[2026-06-24 17:08:47.889] Selected the bad axiom SubClassOf(Entity Functional_Entity).
[2026-06-24 17:08:47.891] Found 13 possible bad axioms.
[2026-06-24 17:08:47.892] Selected the bad axiom SubClassOf(Continuant_Entity Occurrent_Entity).
[2026-06-24 17:08:47.894] Found 12 possible bad axioms.
[2026-06-24 17:08:47.894] Selected the bad axiom SubClassOf(Processual_Entity Occurrent_Entity).
[2026-06-24 17:08:47.896] Finished repairing the ontology.
Repairing with A2 (not-in-largest-mcs-removal)...
[2026-06-24 17:08:47.897] Checking precondition...
[2026-06-24 17:08:47.901] Starting the repair...
[2026-06-24 17:08:48.034] Found 1 possible bad axioms.
[2026-06-24 17:08:48.034] Selected the bad axiom SubClassOf(Entity owl:Nothing).
[2026-06-24 17:08:48.035] Finished repairing the ontology.
Repairing with A3 (default-weakening)...
[2026-06-24 17:08:48.037] Checking precondition...
[2026-06-24 17:08:48.038] Starting the repair...
[2026-06-24 17:08:48.046] Selected a reference ontology with 25 axioms.
[2026-06-24 17:08:48.182] Selected the bad axiom SubClassOf(Entity owl:Nothing).
[2026-06-24 17:08:48.190] Selected the weaker axiom SubClassOf(Entity Occurrent_Entity).
[2026-06-24 17:08:48.192] Finished repairing the ontology.
Repairing with B1 (bad-in_some_mus-weaker-random)...
[2026-06-24 17:08:48.193] Checking precondition...
[2026-06-24 17:08:48.194] Starting the repair...
[2026-06-24 17:08:48.198] Selected a reference ontology with 25 axioms.
[2026-06-24 17:08:48.284] Selected the bad axiom SubClassOf(Entity owl:Nothing).
[2026-06-24 17:08:48.286] Selected the weaker axiom SubClassOf(Continuant_Entity owl:Nothing).
[2026-06-24 17:08:48.366] Selected the bad axiom SubClassOf
...[truncated]
SUCCESS: attempt=202 seed=2854218 success_count=95/100
progress: ontology=PLIO attempt=202 success=95/100
----- PLIO attempt=203 seed=2868418 at 2026-06-24 17:08:50 -----
--- stdout ---
{"seed":2868418,"run_id":"20260624134028346645","trial_status":"success","error_type":null,"failure_stage":null,"error_message":null,"iic_values":{"B1_vs_A1":0.5,"B1_vs_A2":0.5,"B1_vs_A3":0.5,"B2_vs_A1":0.5,"B2_vs_A2":0.5,"B2_vs_A3":0.5,"B3_vs_A1":0.5,"B3_vs_A2":0.5,"B3_vs_A3":0.5,"B4_vs_A1":0.5,"B4_vs_A2":0.5,"B4_vs_A3":0.5,"B5_vs_A1":0.5,"B5_vs_A2":0.5,"B5_vs_A3":0.5,"B6_vs_A1":0.5,"B6_vs_A2":0.5,"B6_vs_A3":0.5,"B7_vs_A1":0.5,"B7_vs_A2":0.5,"B7_vs_A3":0.5,"B8_vs_A1":0.5,"B8_vs_A2":0.5,"B8_vs_A3":0.5,"B9_vs_A1":0.5,"B9_vs_A2":0.5,"B9_vs_A3":0.5},"repair_runtimes_ms":{"A1":43,"A2":137,"A3":173,"B1":233,"B2":509,"B3":368,"B4":31,"B5":393,"B6":326,"B7":18,"B8":354,"B9":228}}

--- stderr ---
SingleTrialExperiment starting: ontology=/workspaces/ontologyutils-ekaw26/repair-power-index-replication-ekaw26/ontologies/inconsistent/PLIO.owl, seed=2868418, run_id=20260624134028346645
Loaded ontology.
Normalizing ontology with SROIQ normalization...
Normalized ontology with SROIQ normalization.
Ontology is already inconsistent, skipping make-inconsistent step.
Repairing with A1 (random-removal)...
[2026-06-24 17:08:51.085] Checking precondition...
[2026-06-24 17:08:51.094] Starting the repair...
[2026-06-24 17:08:51.101] Found 19 possible bad axioms.
[2026-06-24 17:08:51.102] Selected the bad axiom SubClassOf(Continuant_Entity Occurrent_Entity).
[2026-06-24 17:08:51.107] Found 18 possible bad axioms.
[2026-06-24 17:08:51.107] Selected the bad axiom SubClassOf(Occurrent_Entity Functional_Entity).
[2026-06-24 17:08:51.111] Found 17 possible bad axioms.
[2026-06-24 17:08:51.111] Selected the bad axiom SubClassOf(Occurrent_Entity Independent_Continuant_Entity).
[2026-06-24 17:08:51.115] Found 16 possible bad axioms.
[2026-06-24 17:08:51.115] Selected the bad axiom SubClassOf(Entity owl:Thing).
[2026-06-24 17:08:51.118] Found 15 possible bad axioms.
[2026-06-24 17:08:51.118] Selected the bad axiom SubClassOf(Independent_Continuant_Entity Continuant_Entity).
[2026-06-24 17:08:51.121] Found 14 possible bad axioms.
[2026-06-24 17:08:51.121] Selected the bad axiom SubClassOf(Entity owl:Nothing).
[2026-06-24 17:08:51.124] Finished repairing the ontology.
Repairing with A2 (not-in-largest-mcs-removal)...
[2026-06-24 17:08:51.125] Checking precondition...
[2026-06-24 17:08:51.129] Starting the repair...
[2026-06-24 17:08:51.260] Found 1 possible bad axioms.
[2026-06-24 17:08:51.260] Selected the bad axiom SubClassOf(Entity owl:Nothing).
[2026-06-24 17:08:51.261] Finished repairing the ontology.
Repairing with A3 (default-weakening)...
[2026-06-24 17:08:51.263] Checking precondition...
[2026-06-24 17:08:51.265] Starting the repair...
[2026-06-24 17:08:51.274] Selected a reference ontology with 24 axioms.
[2026-06-24 17:08:51.423] Selected the bad axiom SubClassOf(Entity owl:Nothing).
[2026-06-24 17:08:51.434] Selected the weaker axiom SubClassOf(Entity Continuant_Entity).
[2026-06-24 17:08:51.435] Finished repairing the ontology.
Repairing with B1 (bad-in_some_mus-weaker-random)...
[2026-06-24 17:08:51.436] Checking precondition...
[2026-06-24 17:08:51.437] Starting the repair...
[2026-06-24 17:08:51.443] Selected a reference ontology with 24 axioms.
[2026-06-24 17:08:51.531] Selected the bad axiom SubClassOf(Entity owl:Nothing).
[2026-06-24 17:08:51.533] Selected the weaker axiom SubClassOf(Independent_Continuant_Entity owl:Nothing).
[2026-06-24 17:08:51.614] Selected the bad axiom SubClassOf(Independent_Continuant_Entity owl:Nothing).
[2026-06-24 17:08:51.614] Selected the weaker axiom SubClassOf(Occurrent_Entity owl:Nothing).
[2026-06-24 17:08:51.668] Selected the bad axiom SubClassOf(Occurrent_Entity owl:Nothing).
[2026-06-24 17:08:51.669] Selected th
...[truncated]
SUCCESS: attempt=203 seed=2868418 success_count=96/100
progress: ontology=PLIO attempt=203 success=96/100
----- PLIO attempt=204 seed=2882618 at 2026-06-24 17:08:53 -----
--- stdout ---
{"seed":2882618,"run_id":"20260624134028346645","trial_status":"memory_limit_exceeded","error_type":"failure","failure_stage":"B5","error_message":"Repair failed: ExecutionException: java.lang.IllegalStateException: Could not find a weakening for axiom: ⊤ ⊑ Processual_Entity","iic_values":{},"repair_runtimes_ms":{"A1":48,"A2":123,"A3":182,"B1":115,"B2":494,"B3":374,"B4":39,"B5":226}}

--- stderr ---
SingleTrialExperiment starting: ontology=/workspaces/ontologyutils-ekaw26/repair-power-index-replication-ekaw26/ontologies/inconsistent/PLIO.owl, seed=2882618, run_id=20260624134028346645
Loaded ontology.
Normalizing ontology with SROIQ normalization...
Normalized ontology with SROIQ normalization.
Ontology is already inconsistent, skipping make-inconsistent step.
Repairing with A1 (random-removal)...
[2026-06-24 17:08:54.290] Checking precondition...
[2026-06-24 17:08:54.299] Starting the repair...
[2026-06-24 17:08:54.307] Found 19 possible bad axioms.
[2026-06-24 17:08:54.308] Selected the bad axiom SubClassOf(Occurrent_Entity Functional_Entity).
[2026-06-24 17:08:54.313] Found 18 possible bad axioms.
[2026-06-24 17:08:54.314] Selected the bad axiom SubClassOf(Continuant_Entity Processual_Entity).
[2026-06-24 17:08:54.317] Found 17 possible bad axioms.
[2026-06-24 17:08:54.317] Selected the bad axiom SubClassOf(Entity Independent_Continuant_Entity).
[2026-06-24 17:08:54.320] Found 16 possible bad axioms.
[2026-06-24 17:08:54.321] Selected the bad axiom SubClassOf(Occurrent_Entity Entity).
[2026-06-24 17:08:54.324] Found 15 possible bad axioms.
[2026-06-24 17:08:54.324] Selected the bad axiom SubClassOf(Occurrent_Entity Continuant_Entity).
[2026-06-24 17:08:54.327] Found 14 possible bad axioms.
[2026-06-24 17:08:54.327] Selected the bad axiom SubClassOf(Entity owl:Thing).
[2026-06-24 17:08:54.329] Found 13 possible bad axioms.
[2026-06-24 17:08:54.330] Selected the bad axiom SubClassOf(Entity Functional_Entity).
[2026-06-24 17:08:54.332] Found 12 possible bad axioms.
[2026-06-24 17:08:54.332] Selected the bad axiom SubClassOf(Occurrent_Entity Independent_Continuant_Entity).
[2026-06-24 17:08:54.334] Finished repairing the ontology.
Repairing with A2 (not-in-largest-mcs-removal)...
[2026-06-24 17:08:54.335] Checking precondition...
[2026-06-24 17:08:54.339] Starting the repair...
[2026-06-24 17:08:54.455] Found 1 possible bad axioms.
[2026-06-24 17:08:54.455] Selected the bad axiom SubClassOf(Entity owl:Nothing).
[2026-06-24 17:08:54.458] Finished repairing the ontology.
Repairing with A3 (default-weakening)...
[2026-06-24 17:08:54.459] Checking precondition...
[2026-06-24 17:08:54.462] Starting the repair...
[2026-06-24 17:08:54.482] Selected a reference ontology with 25 axioms.
[2026-06-24 17:08:54.630] Selected the bad axiom SubClassOf(Entity owl:Nothing).
[2026-06-24 17:08:54.639] Selected the weaker axiom SubClassOf(Entity Entity).
[2026-06-24 17:08:54.640] Finished repairing the ontology.
Repairing with B1 (bad-in_some_mus-weaker-random)...
[2026-06-24 17:08:54.641] Checking precondition...
[2026-06-24 17:08:54.642] Starting the repair...
[2026-06-24 17:08:54.646] Selected a reference ontology with 24 axioms.
[2026-06-24 17:08:54.744] Selected the bad axiom SubClassOf(Entity owl:Nothing).
[2026-06-24 17:08:54.754] Selected the weaker axiom SubClassOf(Entity owl:Thing).
[2026-06-24 17:08:54.756] Finished repairing the ontology.
Repairing wi
...[truncated]
FAIL: attempt=204 seed=2882618 status=memory_limit_exceeded stage=B5 message=Repair failed: ExecutionException: java.lang.IllegalStateException: Could not find a weakening for axiom: ⊤ ⊑ Processual_Entity
progress: ontology=PLIO attempt=204 success=96/100
----- PLIO attempt=205 seed=2896818 at 2026-06-24 17:08:55 -----
--- stdout ---
{"seed":2896818,"run_id":"20260624134028346645","trial_status":"success","error_type":null,"failure_stage":null,"error_message":null,"iic_values":{"B1_vs_A1":0.5,"B1_vs_A2":0.5,"B1_vs_A3":0.5,"B2_vs_A1":0.5,"B2_vs_A2":0.5,"B2_vs_A3":0.5,"B3_vs_A1":0.5,"B3_vs_A2":0.5,"B3_vs_A3":0.5,"B4_vs_A1":0.5,"B4_vs_A2":0.5,"B4_vs_A3":0.5,"B5_vs_A1":0.5,"B5_vs_A2":0.5,"B5_vs_A3":0.5,"B6_vs_A1":0.5,"B6_vs_A2":0.5,"B6_vs_A3":0.5,"B7_vs_A1":0.5,"B7_vs_A2":0.5,"B7_vs_A3":0.5,"B8_vs_A1":0.5,"B8_vs_A2":0.5,"B8_vs_A3":0.5,"B9_vs_A1":0.5,"B9_vs_A2":0.5,"B9_vs_A3":0.5},"repair_runtimes_ms":{"A1":49,"A2":114,"A3":407,"B1":71,"B2":518,"B3":333,"B4":39,"B5":443,"B6":307,"B7":17,"B8":304,"B9":284}}

--- stderr ---
SingleTrialExperiment starting: ontology=/workspaces/ontologyutils-ekaw26/repair-power-index-replication-ekaw26/ontologies/inconsistent/PLIO.owl, seed=2896818, run_id=20260624134028346645
Loaded ontology.
Normalizing ontology with SROIQ normalization...
Normalized ontology with SROIQ normalization.
Ontology is already inconsistent, skipping make-inconsistent step.
Repairing with A1 (random-removal)...
[2026-06-24 17:08:56.293] Checking precondition...
[2026-06-24 17:08:56.301] Starting the repair...
[2026-06-24 17:08:56.308] Found 19 possible bad axioms.
[2026-06-24 17:08:56.310] Selected the bad axiom SubClassOf(Entity Continuant_Entity).
[2026-06-24 17:08:56.315] Found 18 possible bad axioms.
[2026-06-24 17:08:56.315] Selected the bad axiom SubClassOf(Processual_Entity Occurrent_Entity).
[2026-06-24 17:08:56.319] Found 17 possible bad axioms.
[2026-06-24 17:08:56.319] Selected the bad axiom SubClassOf(Entity Independent_Continuant_Entity).
[2026-06-24 17:08:56.323] Found 16 possible bad axioms.
[2026-06-24 17:08:56.323] Selected the bad axiom SubClassOf(Occurrent_Entity Continuant_Entity).
[2026-06-24 17:08:56.326] Found 15 possible bad axioms.
[2026-06-24 17:08:56.326] Selected the bad axiom SubClassOf(Continuant_Entity Occurrent_Entity).
[2026-06-24 17:08:56.329] Found 14 possible bad axioms.
[2026-06-24 17:08:56.329] Selected the bad axiom SubClassOf(Functional_Entity Independent_Continuant_Entity).
[2026-06-24 17:08:56.331] Found 13 possible bad axioms.
[2026-06-24 17:08:56.332] Selected the bad axiom SubClassOf(Occurrent_Entity Entity).
[2026-06-24 17:08:56.334] Found 12 possible bad axioms.
[2026-06-24 17:08:56.334] Selected the bad axiom SubClassOf(Entity Functional_Entity).
[2026-06-24 17:08:56.336] Found 11 possible bad axioms.
[2026-06-24 17:08:56.336] Selected the bad axiom SubClassOf(Entity owl:Nothing).
[2026-06-24 17:08:56.338] Finished repairing the ontology.
Repairing with A2 (not-in-largest-mcs-removal)...
[2026-06-24 17:08:56.338] Checking precondition...
[2026-06-24 17:08:56.348] Starting the repair...
[2026-06-24 17:08:56.451] Found 1 possible bad axioms.
[2026-06-24 17:08:56.452] Selected the bad axiom SubClassOf(Entity owl:Nothing).
[2026-06-24 17:08:56.453] Finished repairing the ontology.
Repairing with A3 (default-weakening)...
[2026-06-24 17:08:56.454] Checking precondition...
[2026-06-24 17:08:56.456] Starting the repair...
[2026-06-24 17:08:56.469] Selected a reference ontology with 25 axioms.
[2026-06-24 17:08:56.620] Selected the bad axiom SubClassOf(Entity owl:Nothing).
[2026-06-24 17:08:56.629] Selected the weaker axiom SubClassOf(Functional_Entity owl:Nothing).
[2026-06-24 17:08:56.725] Selected the bad axiom SubClassOf(Functional_Entity owl:Nothing).
[2026-06-24 17:08:56.726] Selected the weaker axiom SubClassOf(Independent_Continuant_Entity owl:Nothing).
[2026-06-24 17:08:56.798] Selected the bad axiom SubClassOf(Independent_Continuant_Entity owl:Nothing).
[2026-06-24 17:08:56.799] Selected the weaker axiom Su
...[truncated]
SUCCESS: attempt=205 seed=2896818 success_count=97/100
progress: ontology=PLIO attempt=205 success=97/100
----- PLIO attempt=206 seed=2911018 at 2026-06-24 17:08:59 -----
--- stdout ---
{"seed":2911018,"run_id":"20260624134028346645","trial_status":"success","error_type":null,"failure_stage":null,"error_message":null,"iic_values":{"B1_vs_A1":0.7777777777777778,"B1_vs_A2":0.5,"B1_vs_A3":0.5,"B2_vs_A1":0.7777777777777778,"B2_vs_A2":0.5,"B2_vs_A3":0.5,"B3_vs_A1":0.7777777777777778,"B3_vs_A2":0.5,"B3_vs_A3":0.5,"B4_vs_A1":0.9166666666666666,"B4_vs_A2":0.5,"B4_vs_A3":0.5,"B5_vs_A1":0.9166666666666666,"B5_vs_A2":0.5,"B5_vs_A3":0.5,"B6_vs_A1":0.9166666666666666,"B6_vs_A2":0.5,"B6_vs_A3":0.5,"B7_vs_A1":0.9166666666666666,"B7_vs_A2":0.5,"B7_vs_A3":0.5,"B8_vs_A1":0.9166666666666666,"B8_vs_A2":0.5,"B8_vs_A3":0.5,"B9_vs_A1":0.9166666666666666,"B9_vs_A2":0.5,"B9_vs_A3":0.5},"repair_runtimes_ms":{"A1":48,"A2":117,"A3":180,"B1":296,"B2":533,"B3":346,"B4":46,"B5":416,"B6":324,"B7":23,"B8":295,"B9":261}}

--- stderr ---
SingleTrialExperiment starting: ontology=/workspaces/ontologyutils-ekaw26/repair-power-index-replication-ekaw26/ontologies/inconsistent/PLIO.owl, seed=2911018, run_id=20260624134028346645
Loaded ontology.
Normalizing ontology with SROIQ normalization...
Normalized ontology with SROIQ normalization.
Ontology is already inconsistent, skipping make-inconsistent step.
Repairing with A1 (random-removal)...
[2026-06-24 17:08:59.567] Checking precondition...
[2026-06-24 17:08:59.576] Starting the repair...
[2026-06-24 17:08:59.582] Found 19 possible bad axioms.
[2026-06-24 17:08:59.583] Selected the bad axiom SubClassOf(Entity Occurrent_Entity).
[2026-06-24 17:08:59.587] Found 18 possible bad axioms.
[2026-06-24 17:08:59.588] Selected the bad axiom SubClassOf(Entity owl:Thing).
[2026-06-24 17:08:59.591] Found 17 possible bad axioms.
[2026-06-24 17:08:59.592] Selected the bad axiom SubClassOf(Continuant_Entity Processual_Entity).
[2026-06-24 17:08:59.595] Found 16 possible bad axioms.
[2026-06-24 17:08:59.595] Selected the bad axiom SubClassOf(Entity Processual_Entity).
[2026-06-24 17:08:59.598] Found 15 possible bad axioms.
[2026-06-24 17:08:59.598] Selected the bad axiom SubClassOf(Occurrent_Entity Entity).
[2026-06-24 17:08:59.600] Found 14 possible bad axioms.
[2026-06-24 17:08:59.601] Selected the bad axiom SubClassOf(owl:Thing Processual_Entity).
[2026-06-24 17:08:59.604] Found 13 possible bad axioms.
[2026-06-24 17:08:59.604] Selected the bad axiom SubClassOf(Occurrent_Entity Continuant_Entity).
[2026-06-24 17:08:59.606] Found 12 possible bad axioms.
[2026-06-24 17:08:59.606] Selected the bad axiom SubClassOf(Occurrent_Entity Functional_Entity).
[2026-06-24 17:08:59.608] Found 11 possible bad axioms.
[2026-06-24 17:08:59.608] Selected the bad axiom SubClassOf(Entity Continuant_Entity).
[2026-06-24 17:08:59.610] Found 10 possible bad axioms.
[2026-06-24 17:08:59.610] Selected the bad axiom SubClassOf(Occurrent_Entity Independent_Continuant_Entity).
[2026-06-24 17:08:59.611] Finished repairing the ontology.
Repairing with A2 (not-in-largest-mcs-removal)...
[2026-06-24 17:08:59.612] Checking precondition...
[2026-06-24 17:08:59.620] Starting the repair...
[2026-06-24 17:08:59.727] Found 1 possible bad axioms.
[2026-06-24 17:08:59.727] Selected the bad axiom SubClassOf(Entity owl:Nothing).
[2026-06-24 17:08:59.729] Finished repairing the ontology.
Repairing with A3 (default-weakening)...
[2026-06-24 17:08:59.730] Checking precondition...
[2026-06-24 17:08:59.738] Starting the repair...
[2026-06-24 17:08:59.749] Selected a reference ontology with 25 axioms.
[2026-06-24 17:08:59.896] Selected the bad axiom SubClassOf(Entity owl:Nothing).
[2026-06-24 17:08:59.907] Selected the weaker axiom SubClassOf(owl:Nothing owl:Nothing).
[2026-06-24 17:08:59.909] Finished repairing the ontology.
Repairing with B1 (bad-in_some_mus-weaker-random)...
[2026-06-24 17:08:59.909] Checking precondition...
[2026-06-24 17:08:59.911] Starting the repair...
[2026-06-24 17:08:59
...[truncated]
SUCCESS: attempt=206 seed=2911018 success_count=98/100
progress: ontology=PLIO attempt=206 success=98/100
----- PLIO attempt=207 seed=2925218 at 2026-06-24 17:09:02 -----
--- stdout ---
{"seed":2925218,"run_id":"20260624134028346645","trial_status":"memory_limit_exceeded","error_type":"failure","failure_stage":"A3","error_message":"Repair failed: ExecutionException: java.lang.NullPointerException: operands cannot be null or empty","iic_values":{},"repair_runtimes_ms":{"A1":30,"A2":150,"A3":178}}

--- stderr ---
SingleTrialExperiment starting: ontology=/workspaces/ontologyutils-ekaw26/repair-power-index-replication-ekaw26/ontologies/inconsistent/PLIO.owl, seed=2925218, run_id=20260624134028346645
Loaded ontology.
Normalizing ontology with SROIQ normalization...
Normalized ontology with SROIQ normalization.
Ontology is already inconsistent, skipping make-inconsistent step.
Repairing with A1 (random-removal)...
[2026-06-24 17:09:02.848] Checking precondition...
[2026-06-24 17:09:02.856] Starting the repair...
[2026-06-24 17:09:02.863] Found 19 possible bad axioms.
[2026-06-24 17:09:02.865] Selected the bad axiom SubClassOf(owl:Thing Occurrent_Entity).
[2026-06-24 17:09:02.869] Found 18 possible bad axioms.
[2026-06-24 17:09:02.870] Selected the bad axiom SubClassOf(owl:Thing Processual_Entity).
[2026-06-24 17:09:02.873] Finished repairing the ontology.
Repairing with A2 (not-in-largest-mcs-removal)...
[2026-06-24 17:09:02.874] Checking precondition...
[2026-06-24 17:09:02.882] Starting the repair...
[2026-06-24 17:09:03.017] Found 1 possible bad axioms.
[2026-06-24 17:09:03.017] Selected the bad axiom SubClassOf(Entity owl:Nothing).
[2026-06-24 17:09:03.018] Finished repairing the ontology.
Repairing with A3 (default-weakening)...
[2026-06-24 17:09:03.025] Checking precondition...
[2026-06-24 17:09:03.028] Starting the repair...
[2026-06-24 17:09:03.037] Selected a reference ontology with 25 axioms.
[2026-06-24 17:09:03.191] Selected the bad axiom SubClassOf(Entity owl:Nothing).
[2026-06-24 17:09:03.202] Selected the weaker axiom SubClassOf(owl:Thing owl:Nothing).
Failure: Repair failed: ExecutionException: java.lang.NullPointerException: operands cannot be null or empty

FAIL: attempt=207 seed=2925218 status=memory_limit_exceeded stage=A3 message=Repair failed: ExecutionException: java.lang.NullPointerException: operands cannot be null or empty
progress: ontology=PLIO attempt=207 success=98/100
----- PLIO attempt=208 seed=2939418 at 2026-06-24 17:09:03 -----
--- stdout ---
{"seed":2939418,"run_id":"20260624134028346645","trial_status":"memory_limit_exceeded","error_type":"failure","failure_stage":"B5","error_message":"Repair failed: ExecutionException: java.lang.IllegalStateException: Could not find a weakening for axiom: ⊤ ⊑ Processual_Entity","iic_values":{},"repair_runtimes_ms":{"A1":47,"A2":134,"A3":167,"B1":99,"B2":539,"B3":378,"B4":22,"B5":135}}

--- stderr ---
SingleTrialExperiment starting: ontology=/workspaces/ontologyutils-ekaw26/repair-power-index-replication-ekaw26/ontologies/inconsistent/PLIO.owl, seed=2939418, run_id=20260624134028346645
Loaded ontology.
Normalizing ontology with SROIQ normalization...
Normalized ontology with SROIQ normalization.
Ontology is already inconsistent, skipping make-inconsistent step.
Repairing with A1 (random-removal)...
[2026-06-24 17:09:03.610] Checking precondition...
[2026-06-24 17:09:03.621] Starting the repair...
[2026-06-24 17:09:03.626] Found 19 possible bad axioms.
[2026-06-24 17:09:03.628] Selected the bad axiom SubClassOf(Entity Independent_Continuant_Entity).
[2026-06-24 17:09:03.632] Found 18 possible bad axioms.
[2026-06-24 17:09:03.633] Selected the bad axiom SubClassOf(Continuant_Entity Processual_Entity).
[2026-06-24 17:09:03.636] Found 17 possible bad axioms.
[2026-06-24 17:09:03.636] Selected the bad axiom SubClassOf(Processual_Entity Occurrent_Entity).
[2026-06-24 17:09:03.639] Found 16 possible bad axioms.
[2026-06-24 17:09:03.639] Selected the bad axiom SubClassOf(Functional_Entity Independent_Continuant_Entity).
[2026-06-24 17:09:03.643] Found 15 possible bad axioms.
[2026-06-24 17:09:03.643] Selected the bad axiom SubClassOf(Occurrent_Entity Continuant_Entity).
[2026-06-24 17:09:03.646] Found 14 possible bad axioms.
[2026-06-24 17:09:03.646] Selected the bad axiom SubClassOf(Occurrent_Entity Entity).
[2026-06-24 17:09:03.648] Found 13 possible bad axioms.
[2026-06-24 17:09:03.648] Selected the bad axiom SubClassOf(Entity Processual_Entity).
[2026-06-24 17:09:03.650] Found 12 possible bad axioms.
[2026-06-24 17:09:03.650] Selected the bad axiom SubClassOf(Entity Occurrent_Entity).
[2026-06-24 17:09:03.652] Found 11 possible bad axioms.
[2026-06-24 17:09:03.652] Selected the bad axiom SubClassOf(Entity owl:Nothing).
[2026-06-24 17:09:03.653] Finished repairing the ontology.
Repairing with A2 (not-in-largest-mcs-removal)...
[2026-06-24 17:09:03.654] Checking precondition...
[2026-06-24 17:09:03.662] Starting the repair...
[2026-06-24 17:09:03.786] Found 1 possible bad axioms.
[2026-06-24 17:09:03.787] Selected the bad axiom SubClassOf(Entity owl:Nothing).
[2026-06-24 17:09:03.788] Finished repairing the ontology.
Repairing with A3 (default-weakening)...
[2026-06-24 17:09:03.789] Checking precondition...
[2026-06-24 17:09:03.793] Starting the repair...
[2026-06-24 17:09:03.801] Selected a reference ontology with 24 axioms.
[2026-06-24 17:09:03.945] Selected the bad axiom SubClassOf(Entity owl:Nothing).
[2026-06-24 17:09:03.954] Selected the weaker axiom SubClassOf(Entity Independent_Continuant_Entity).
[2026-06-24 17:09:03.955] Finished repairing the ontology.
Repairing with B1 (bad-in_some_mus-weaker-random)...
[2026-06-24 17:09:03.956] Checking precondition...
[2026-06-24 17:09:03.958] Starting the repair...
[2026-06-24 17:09:03.962] Selected a reference ontology with 24 axioms.
[2026-06-24 17:09:04.052] Selected the bad axiom SubClassOf(Entity
...[truncated]
FAIL: attempt=208 seed=2939418 status=memory_limit_exceeded stage=B5 message=Repair failed: ExecutionException: java.lang.IllegalStateException: Could not find a weakening for axiom: ⊤ ⊑ Processual_Entity
progress: ontology=PLIO attempt=208 success=98/100
----- PLIO attempt=209 seed=2953618 at 2026-06-24 17:09:05 -----
--- stdout ---
{"seed":2953618,"run_id":"20260624134028346645","trial_status":"time_limit_exceeded","error_type":"timeout","failure_stage":"B4","error_message":"Repair timeout: B4 exceeded 300 seconds","iic_values":{},"repair_runtimes_ms":{"A1":28,"A2":144,"A3":161,"B1":176,"B2":569,"B3":198,"B4":300001}}

--- stderr ---
SingleTrialExperiment starting: ontology=/workspaces/ontologyutils-ekaw26/repair-power-index-replication-ekaw26/ontologies/inconsistent/PLIO.owl, seed=2953618, run_id=20260624134028346645
Loaded ontology.
Normalizing ontology with SROIQ normalization...
Normalized ontology with SROIQ normalization.
Ontology is already inconsistent, skipping make-inconsistent step.
Repairing with A1 (random-removal)...
[2026-06-24 17:09:05.524] Checking precondition...
[2026-06-24 17:09:05.533] Starting the repair...
[2026-06-24 17:09:05.539] Found 19 possible bad axioms.
[2026-06-24 17:09:05.540] Selected the bad axiom SubClassOf(Entity Processual_Entity).
[2026-06-24 17:09:05.544] Found 18 possible bad axioms.
[2026-06-24 17:09:05.545] Selected the bad axiom SubClassOf(Entity owl:Nothing).
[2026-06-24 17:09:05.548] Finished repairing the ontology.
Repairing with A2 (not-in-largest-mcs-removal)...
[2026-06-24 17:09:05.549] Checking precondition...
[2026-06-24 17:09:05.555] Starting the repair...
[2026-06-24 17:09:05.690] Found 1 possible bad axioms.
[2026-06-24 17:09:05.691] Selected the bad axiom SubClassOf(Entity owl:Nothing).
[2026-06-24 17:09:05.693] Finished repairing the ontology.
Repairing with A3 (default-weakening)...
[2026-06-24 17:09:05.694] Checking precondition...
[2026-06-24 17:09:05.698] Starting the repair...
[2026-06-24 17:09:05.709] Selected a reference ontology with 23 axioms.
[2026-06-24 17:09:05.843] Selected the bad axiom SubClassOf(Entity owl:Nothing).
[2026-06-24 17:09:05.852] Selected the weaker axiom SubClassOf(Entity Functional_Entity).
[2026-06-24 17:09:05.854] Finished repairing the ontology.
Repairing with B1 (bad-in_some_mus-weaker-random)...
[2026-06-24 17:09:05.855] Checking precondition...
[2026-06-24 17:09:05.856] Starting the repair...
[2026-06-24 17:09:05.860] Selected a reference ontology with 24 axioms.
[2026-06-24 17:09:05.960] Selected the bad axiom SubClassOf(Entity owl:Nothing).
[2026-06-24 17:09:05.962] Selected the weaker axiom SubClassOf(Continuant_Entity owl:Nothing).
[2026-06-24 17:09:06.029] Selected the bad axiom SubClassOf(Continuant_Entity owl:Nothing).
[2026-06-24 17:09:06.030] Selected the weaker axiom SubClassOf(Continuant_Entity Processual_Entity).
[2026-06-24 17:09:06.030] Finished repairing the ontology.
Repairing with B2 (bad-in_some_mus-weaker-shapley)...
[2026-06-24 17:09:06.032] Checking precondition...
[2026-06-24 17:09:06.033] Starting the repair...
[2026-06-24 17:09:06.035] Selected a reference ontology with 25 axioms.
[2026-06-24 17:09:06.105] Selected the bad axiom SubClassOf(Entity owl:Nothing).
[PowerIndexWeakerAxiomSelector] Scoring 14 candidate weakenings for Entity ⊑ ⊥
[PowerIndexWeakerAxiomSelector] Selected weaker axiom: Entity ⊑ Continuant_Entity
[2026-06-24 17:09:06.598] Selected the weaker axiom SubClassOf(Entity Continuant_Entity).
[2026-06-24 17:09:06.600] Finished repairing the ontology.
Repairing with B3 (bad-in_some_mus-weaker-banzhaf)...
[2026-06-24 17:09:06.601] Checking precondit
...[truncated]
FAIL: attempt=209 seed=2953618 status=time_limit_exceeded stage=B4 message=Repair timeout: B4 exceeded 300 seconds
progress: ontology=PLIO attempt=209 success=98/100
----- PLIO attempt=210 seed=2967818 at 2026-06-24 17:14:06 -----
--- stdout ---
{"seed":2967818,"run_id":"20260624134028346645","trial_status":"success","error_type":null,"failure_stage":null,"error_message":null,"iic_values":{"B1_vs_A1":0.9259259259259259,"B1_vs_A2":0.5,"B1_vs_A3":0.5,"B2_vs_A1":0.9259259259259259,"B2_vs_A2":0.5,"B2_vs_A3":0.5,"B3_vs_A1":0.9259259259259259,"B3_vs_A2":0.5,"B3_vs_A3":0.5,"B4_vs_A1":1.0,"B4_vs_A2":0.5,"B4_vs_A3":0.5,"B5_vs_A1":1.0,"B5_vs_A2":0.5,"B5_vs_A3":0.5,"B6_vs_A1":1.0,"B6_vs_A2":0.5,"B6_vs_A3":0.5,"B7_vs_A1":1.0,"B7_vs_A2":0.5,"B7_vs_A3":0.5,"B8_vs_A1":1.0,"B8_vs_A2":0.5,"B8_vs_A3":0.5,"B9_vs_A1":1.0,"B9_vs_A2":0.5,"B9_vs_A3":0.5},"repair_runtimes_ms":{"A1":59,"A2":115,"A3":177,"B1":103,"B2":508,"B3":370,"B4":39,"B5":449,"B6":331,"B7":19,"B8":352,"B9":256}}

--- stderr ---
SingleTrialExperiment starting: ontology=/workspaces/ontologyutils-ekaw26/repair-power-index-replication-ekaw26/ontologies/inconsistent/PLIO.owl, seed=2967818, run_id=20260624134028346645
Loaded ontology.
Normalizing ontology with SROIQ normalization...
Normalized ontology with SROIQ normalization.
Ontology is already inconsistent, skipping make-inconsistent step.
Repairing with A1 (random-removal)...
[2026-06-24 17:14:07.299] Checking precondition...
[2026-06-24 17:14:07.308] Starting the repair...
[2026-06-24 17:14:07.313] Found 19 possible bad axioms.
[2026-06-24 17:14:07.315] Selected the bad axiom SubClassOf(Occurrent_Entity Functional_Entity).
[2026-06-24 17:14:07.319] Found 18 possible bad axioms.
[2026-06-24 17:14:07.319] Selected the bad axiom SubClassOf(Occurrent_Entity Independent_Continuant_Entity).
[2026-06-24 17:14:07.323] Found 17 possible bad axioms.
[2026-06-24 17:14:07.323] Selected the bad axiom SubClassOf(Entity Independent_Continuant_Entity).
[2026-06-24 17:14:07.326] Found 16 possible bad axioms.
[2026-06-24 17:14:07.327] Selected the bad axiom SubClassOf(Entity Occurrent_Entity).
[2026-06-24 17:14:07.330] Found 15 possible bad axioms.
[2026-06-24 17:14:07.330] Selected the bad axiom SubClassOf(Entity Functional_Entity).
[2026-06-24 17:14:07.332] Found 14 possible bad axioms.
[2026-06-24 17:14:07.332] Selected the bad axiom SubClassOf(Entity owl:Thing).
[2026-06-24 17:14:07.335] Found 13 possible bad axioms.
[2026-06-24 17:14:07.335] Selected the bad axiom SubClassOf(Entity Continuant_Entity).
[2026-06-24 17:14:07.337] Found 12 possible bad axioms.
[2026-06-24 17:14:07.337] Selected the bad axiom SubClassOf(Continuant_Entity Entity).
[2026-06-24 17:14:07.339] Found 11 possible bad axioms.
[2026-06-24 17:14:07.339] Selected the bad axiom SubClassOf(owl:Thing Processual_Entity).
[2026-06-24 17:14:07.341] Found 10 possible bad axioms.
[2026-06-24 17:14:07.341] Selected the bad axiom SubClassOf(Independent_Continuant_Entity Continuant_Entity).
[2026-06-24 17:14:07.342] Found 9 possible bad axioms.
[2026-06-24 17:14:07.342] Selected the bad axiom SubClassOf(Processual_Entity Occurrent_Entity).
[2026-06-24 17:14:07.348] Found 8 possible bad axioms.
[2026-06-24 17:14:07.349] Selected the bad axiom SubClassOf(Continuant_Entity Occurrent_Entity).
[2026-06-24 17:14:07.350] Found 7 possible bad axioms.
[2026-06-24 17:14:07.350] Selected the bad axiom SubClassOf(Continuant_Entity Processual_Entity).
[2026-06-24 17:14:07.352] Found 6 possible bad axioms.
[2026-06-24 17:14:07.352] Selected the bad axiom SubClassOf(owl:Thing Occurrent_Entity).
[2026-06-24 17:14:07.354] Finished repairing the ontology.
Repairing with A2 (not-in-largest-mcs-removal)...
[2026-06-24 17:14:07.354] Checking precondition...
[2026-06-24 17:14:07.358] Starting the repair...
[2026-06-24 17:14:07.464] Found 1 possible bad axioms.
[2026-06-24 17:14:07.464] Selected the bad axiom SubClassOf(Entity owl:Nothing).
[2026-06-24 17:14:07.470] Finished repairing the ontology.
...[truncated]
SUCCESS: attempt=210 seed=2967818 success_count=99/100
progress: ontology=PLIO attempt=210 success=99/100
----- PLIO attempt=211 seed=2982018 at 2026-06-24 17:14:10 -----
--- stdout ---
{"seed":2982018,"run_id":"20260624134028346645","trial_status":"memory_limit_exceeded","error_type":"failure","failure_stage":"B8","error_message":"Repair failed: ExecutionException: java.lang.IllegalStateException: Could not find a weakening for axiom: ⊤ ⊑ Processual_Entity","iic_values":{},"repair_runtimes_ms":{"A1":49,"A2":116,"A3":168,"B1":122,"B2":536,"B3":398,"B4":30,"B5":439,"B6":316,"B7":32,"B8":210}}

--- stderr ---
SingleTrialExperiment starting: ontology=/workspaces/ontologyutils-ekaw26/repair-power-index-replication-ekaw26/ontologies/inconsistent/PLIO.owl, seed=2982018, run_id=20260624134028346645
Loaded ontology.
Normalizing ontology with SROIQ normalization...
Normalized ontology with SROIQ normalization.
Ontology is already inconsistent, skipping make-inconsistent step.
Repairing with A1 (random-removal)...
[2026-06-24 17:14:10.490] Checking precondition...
[2026-06-24 17:14:10.500] Starting the repair...
[2026-06-24 17:14:10.506] Found 19 possible bad axioms.
[2026-06-24 17:14:10.507] Selected the bad axiom SubClassOf(Occurrent_Entity Continuant_Entity).
[2026-06-24 17:14:10.511] Found 18 possible bad axioms.
[2026-06-24 17:14:10.512] Selected the bad axiom SubClassOf(Entity Independent_Continuant_Entity).
[2026-06-24 17:14:10.515] Found 17 possible bad axioms.
[2026-06-24 17:14:10.516] Selected the bad axiom SubClassOf(Entity Continuant_Entity).
[2026-06-24 17:14:10.519] Found 16 possible bad axioms.
[2026-06-24 17:14:10.519] Selected the bad axiom SubClassOf(Functional_Entity Independent_Continuant_Entity).
[2026-06-24 17:14:10.522] Found 15 possible bad axioms.
[2026-06-24 17:14:10.522] Selected the bad axiom SubClassOf(owl:Thing Occurrent_Entity).
[2026-06-24 17:14:10.525] Found 14 possible bad axioms.
[2026-06-24 17:14:10.525] Selected the bad axiom SubClassOf(Occurrent_Entity Functional_Entity).
[2026-06-24 17:14:10.529] Found 13 possible bad axioms.
[2026-06-24 17:14:10.530] Selected the bad axiom SubClassOf(Entity Functional_Entity).
[2026-06-24 17:14:10.532] Found 12 possible bad axioms.
[2026-06-24 17:14:10.532] Selected the bad axiom SubClassOf(Continuant_Entity Processual_Entity).
[2026-06-24 17:14:10.534] Found 11 possible bad axioms.
[2026-06-24 17:14:10.534] Selected the bad axiom SubClassOf(Processual_Entity Occurrent_Entity).
[2026-06-24 17:14:10.535] Finished repairing the ontology.
Repairing with A2 (not-in-largest-mcs-removal)...
[2026-06-24 17:14:10.536] Checking precondition...
[2026-06-24 17:14:10.545] Starting the repair...
[2026-06-24 17:14:10.650] Found 1 possible bad axioms.
[2026-06-24 17:14:10.651] Selected the bad axiom SubClassOf(Entity owl:Nothing).
[2026-06-24 17:14:10.652] Finished repairing the ontology.
Repairing with A3 (default-weakening)...
[2026-06-24 17:14:10.653] Checking precondition...
[2026-06-24 17:14:10.656] Starting the repair...
[2026-06-24 17:14:10.664] Selected a reference ontology with 25 axioms.
[2026-06-24 17:14:10.811] Selected the bad axiom SubClassOf(Entity owl:Nothing).
[2026-06-24 17:14:10.819] Selected the weaker axiom SubClassOf(Entity Occurrent_Entity).
[2026-06-24 17:14:10.820] Finished repairing the ontology.
Repairing with B1 (bad-in_some_mus-weaker-random)...
[2026-06-24 17:14:10.821] Checking precondition...
[2026-06-24 17:14:10.823] Starting the repair...
[2026-06-24 17:14:10.828] Selected a reference ontology with 24 axioms.
[2026-06-24 17:14:10.932] Selected the bad axiom SubClassOf
...[truncated]
FAIL: attempt=211 seed=2982018 status=memory_limit_exceeded stage=B8 message=Repair failed: ExecutionException: java.lang.IllegalStateException: Could not find a weakening for axiom: ⊤ ⊑ Processual_Entity
progress: ontology=PLIO attempt=211 success=99/100
----- PLIO attempt=212 seed=2996218 at 2026-06-24 17:14:12 -----
--- stdout ---
{"seed":2996218,"run_id":"20260624134028346645","trial_status":"success","error_type":null,"failure_stage":null,"error_message":null,"iic_values":{"B1_vs_A1":0.5,"B1_vs_A2":0.5,"B1_vs_A3":0.5,"B2_vs_A1":0.5,"B2_vs_A2":0.5,"B2_vs_A3":0.5,"B3_vs_A1":0.5,"B3_vs_A2":0.5,"B3_vs_A3":0.5,"B4_vs_A1":0.5,"B4_vs_A2":0.5,"B4_vs_A3":0.5,"B5_vs_A1":0.5,"B5_vs_A2":0.5,"B5_vs_A3":0.5,"B6_vs_A1":0.5,"B6_vs_A2":0.5,"B6_vs_A3":0.5,"B7_vs_A1":0.5,"B7_vs_A2":0.5,"B7_vs_A3":0.5,"B8_vs_A1":0.5,"B8_vs_A2":0.5,"B8_vs_A3":0.5,"B9_vs_A1":0.5,"B9_vs_A2":0.5,"B9_vs_A3":0.5},"repair_runtimes_ms":{"A1":26,"A2":133,"A3":172,"B1":102,"B2":540,"B3":396,"B4":34,"B5":492,"B6":308,"B7":22,"B8":336,"B9":255}}

--- stderr ---
SingleTrialExperiment starting: ontology=/workspaces/ontologyutils-ekaw26/repair-power-index-replication-ekaw26/ontologies/inconsistent/PLIO.owl, seed=2996218, run_id=20260624134028346645
Loaded ontology.
Normalizing ontology with SROIQ normalization...
Normalized ontology with SROIQ normalization.
Ontology is already inconsistent, skipping make-inconsistent step.
Repairing with A1 (random-removal)...
[2026-06-24 17:14:13.324] Checking precondition...
[2026-06-24 17:14:13.333] Starting the repair...
[2026-06-24 17:14:13.339] Found 19 possible bad axioms.
[2026-06-24 17:14:13.341] Selected the bad axiom SubClassOf(Entity owl:Nothing).
[2026-06-24 17:14:13.346] Finished repairing the ontology.
Repairing with A2 (not-in-largest-mcs-removal)...
[2026-06-24 17:14:13.347] Checking precondition...
[2026-06-24 17:14:13.354] Starting the repair...
[2026-06-24 17:14:13.478] Found 1 possible bad axioms.
[2026-06-24 17:14:13.478] Selected the bad axiom SubClassOf(Entity owl:Nothing).
[2026-06-24 17:14:13.479] Finished repairing the ontology.
Repairing with A3 (default-weakening)...
[2026-06-24 17:14:13.481] Checking precondition...
[2026-06-24 17:14:13.483] Starting the repair...
[2026-06-24 17:14:13.492] Selected a reference ontology with 25 axioms.
[2026-06-24 17:14:13.642] Selected the bad axiom SubClassOf(Entity owl:Nothing).
[2026-06-24 17:14:13.651] Selected the weaker axiom SubClassOf(owl:Nothing owl:Nothing).
[2026-06-24 17:14:13.652] Finished repairing the ontology.
Repairing with B1 (bad-in_some_mus-weaker-random)...
[2026-06-24 17:14:13.653] Checking precondition...
[2026-06-24 17:14:13.655] Starting the repair...
[2026-06-24 17:14:13.658] Selected a reference ontology with 25 axioms.
[2026-06-24 17:14:13.751] Selected the bad axiom SubClassOf(Entity owl:Nothing).
[2026-06-24 17:14:13.754] Selected the weaker axiom SubClassOf(Entity Occurrent_Entity).
[2026-06-24 17:14:13.755] Finished repairing the ontology.
Repairing with B2 (bad-in_some_mus-weaker-shapley)...
[2026-06-24 17:14:13.757] Checking precondition...
[2026-06-24 17:14:13.759] Starting the repair...
[2026-06-24 17:14:13.761] Selected a reference ontology with 25 axioms.
[2026-06-24 17:14:13.831] Selected the bad axiom SubClassOf(Entity owl:Nothing).
[PowerIndexWeakerAxiomSelector] Scoring 14 candidate weakenings for Entity ⊑ ⊥
[PowerIndexWeakerAxiomSelector] Selected weaker axiom: Entity ⊑ Continuant_Entity
[2026-06-24 17:14:14.293] Selected the weaker axiom SubClassOf(Entity Continuant_Entity).
[2026-06-24 17:14:14.295] Finished repairing the ontology.
Repairing with B3 (bad-in_some_mus-weaker-banzhaf)...
[2026-06-24 17:14:14.296] Checking precondition...
[2026-06-24 17:14:14.298] Starting the repair...
[2026-06-24 17:14:14.300] Selected a reference ontology with 25 axioms.
[2026-06-24 17:14:14.454] Selected the bad axiom SubClassOf(Entity owl:Nothing).
[PowerIndexWeakerAxiomSelector] Scoring 14 candidate weakenings for Entity ⊑ ⊥
[PowerIndexWeakerAxiomSelector] Selected weaker axiom: 
...[truncated]
SUCCESS: attempt=212 seed=2996218 success_count=100/100
progress: ontology=PLIO attempt=212 success=100/100
=== run_trials finished at 2026-06-28 17:53:08 for PLIO - 100 successes, 112 failures, 212 attempts ===
Failed attempts:
  attempt=3 seed=28418 msg=Repair failed: ExecutionException: java.lang.IllegalStateException: Could not find a weakening for axiom: ⊤ ⊑ Processual_Entity
  attempt=5 seed=56818 msg=Repair failed: ExecutionException: java.lang.IllegalStateException: Could not find a weakening for axiom: ⊤ ⊑ Processual_Entity
  attempt=6 seed=71018 msg=Repair failed: ExecutionException: java.lang.NullPointerException: operands cannot be null or empty
  attempt=10 seed=127818 msg=Repair timeout: B7 exceeded 300 seconds
  attempt=12 seed=156218 msg=Repair failed: ExecutionException: java.lang.IllegalStateException: Could not find a weakening for axiom: ⊤ ⊑ Processual_Entity
  attempt=13 seed=170418 msg=Repair failed: ExecutionException: java.lang.IllegalStateException: Could not find a weakening for axiom: ⊤ ⊑ Processual_Entity
  attempt=16 seed=213018 msg=Repair failed: ExecutionException: java.lang.IllegalStateException: Could not find a weakening for axiom: ⊤ ⊑ Processual_Entity
  attempt=17 seed=227218 msg=Repair failed: ExecutionException: java.lang.NullPointerException: operands cannot be null or empty
  attempt=18 seed=241418 msg=Repair failed: ExecutionException: java.lang.IllegalStateException: Could not find a weakening for axiom: ⊤ ⊑ Processual_Entity
  attempt=20 seed=269818 msg=Repair timeout: B4 exceeded 300 seconds
  attempt=21 seed=284018 msg=Repair failed: ExecutionException: java.lang.IllegalStateException: Could not find a weakening for axiom: ⊤ ⊑ Processual_Entity
  attempt=22 seed=298218 msg=Repair failed: ExecutionException: java.lang.IllegalStateException: Could not find a weakening for axiom: ⊤ ⊑ Processual_Entity
  attempt=23 seed=312418 msg=Repair timeout: B4 exceeded 300 seconds
  attempt=26 seed=355018 msg=Repair failed: ExecutionException: java.lang.NullPointerException: operands cannot be null or empty
  attempt=29 seed=397618 msg=Repair timeout: B4 exceeded 300 seconds
  attempt=31 seed=426018 msg=Repair failed: ExecutionException: java.lang.IllegalStateException: Could not find a weakening for axiom: ⊤ ⊑ Processual_Entity
  attempt=35 seed=482818 msg=Repair failed: ExecutionException: java.lang.IllegalStateException: Could not find a weakening for axiom: ⊤ ⊑ Processual_Entity
  attempt=36 seed=497018 msg=Repair timeout: B4 exceeded 300 seconds
  attempt=37 seed=511218 msg=Repair timeout: B4 exceeded 300 seconds
  attempt=40 seed=553818 msg=Repair failed: ExecutionException: java.lang.IllegalStateException: Could not find a weakening for axiom: ⊤ ⊑ Processual_Entity
  attempt=41 seed=568018 msg=Repair failed: ExecutionException: java.lang.NullPointerException: operands cannot be null or empty
  attempt=42 seed=582218 msg=Repair failed: ExecutionException: java.lang.IllegalStateException: Could not find a weakening for axiom: ⊤ ⊑ Processual_Entity
  attempt=45 seed=624818 msg=Repair timeout: B4 exceeded 300 seconds
  attempt=47 seed=653218 msg=Repair failed: ExecutionException: java.lang.IllegalStateException: Could not find a weakening for axiom: ⊤ ⊑ Processual_Entity
  attempt=48 seed=667418 msg=Repair failed: ExecutionException: java.lang.IllegalStateException: Could not find a weakening for axiom: ⊤ ⊑ Processual_Entity
  attempt=51 seed=710018 msg=Repair failed: ExecutionException: java.lang.NullPointerException: operands cannot be null or empty
  attempt=52 seed=724218 msg=Repair failed: ExecutionException: java.lang.IllegalStateException: Could not find a weakening for axiom: ⊤ ⊑ Processual_Entity
  attempt=54 seed=752618 msg=Repair failed: ExecutionException: java.lang.NullPointerException: operands cannot be null or empty
  attempt=56 seed=781018 msg=Repair failed: ExecutionException: java.lang.IllegalStateException: Could not find a weakening for axiom: ⊤ ⊑ Processual_Entity
  attempt=58 seed=809418 msg=Repair failed: ExecutionException: java.lang.NullPointerException: operands cannot be null or empty
  attempt=61 seed=852018 msg=Repair failed: ExecutionException: java.lang.IllegalStateException: Could not find a weakening for axiom: ⊤ ⊑ Processual_Entity
  attempt=64 seed=894618 msg=Repair failed: ExecutionException: java.lang.NullPointerException: operands cannot be null or empty
  attempt=65 seed=908818 msg=Repair failed: ExecutionException: java.lang.NullPointerException: operands cannot be null or empty
  attempt=68 seed=951418 msg=Repair failed: ExecutionException: java.lang.NullPointerException: operands cannot be null or empty
  attempt=69 seed=965618 msg=Repair failed: ExecutionException: java.lang.NullPointerException: operands cannot be null or empty
  attempt=72 seed=1008218 msg=Repair failed: ExecutionException: java.lang.NullPointerException: operands cannot be null or empty
  attempt=77 seed=1079218 msg=Repair failed: ExecutionException: java.lang.NullPointerException: operands cannot be null or empty
  attempt=79 seed=1107618 msg=Repair failed: ExecutionException: java.lang.NullPointerException: operands cannot be null or empty
  attempt=80 seed=1121818 msg=Repair failed: ExecutionException: java.lang.IllegalStateException: Could not find a weakening for axiom: ⊤ ⊑ Processual_Entity
  attempt=81 seed=1136018 msg=Repair failed: ExecutionException: java.lang.IllegalStateException: Could not find a weakening for axiom: ⊤ ⊑ Processual_Entity
  attempt=82 seed=1150218 msg=Repair failed: ExecutionException: java.lang.IllegalStateException: Could not find a weakening for axiom: ⊤ ⊑ Processual_Entity
  attempt=87 seed=1221218 msg=Repair failed: ExecutionException: java.lang.NullPointerException: operands cannot be null or empty
  attempt=93 seed=1306418 msg=Repair failed: ExecutionException: java.lang.NullPointerException: operands cannot be null or empty
  attempt=95 seed=1334818 msg=Repair timeout: B7 exceeded 300 seconds
  attempt=97 seed=1363218 msg=Repair failed: ExecutionException: java.lang.IllegalStateException: Could not find a weakening for axiom: ⊤ ⊑ Processual_Entity
  attempt=98 seed=1377418 msg=Repair failed: ExecutionException: java.lang.NullPointerException: operands cannot be null or empty
  attempt=100 seed=1405818 msg=Repair failed: ExecutionException: java.lang.IllegalStateException: Could not find a weakening for axiom: ⊤ ⊑ Processual_Entity
  attempt=102 seed=1434218 msg=Repair failed: ExecutionException: java.lang.IllegalStateException: Could not find a weakening for axiom: ⊤ ⊑ Processual_Entity
  attempt=107 seed=1505218 msg=Repair failed: ExecutionException: java.lang.NullPointerException: operands cannot be null or empty
  attempt=108 seed=1519418 msg=Repair timeout: B7 exceeded 300 seconds
  attempt=112 seed=1576218 msg=Repair failed: ExecutionException: java.lang.IllegalStateException: Could not find a weakening for axiom: ⊤ ⊑ Processual_Entity
  attempt=114 seed=1604618 msg=Repair failed: ExecutionException: java.lang.NullPointerException: operands cannot be null or empty
  attempt=115 seed=1618818 msg=Repair failed: ExecutionException: java.lang.IllegalStateException: Could not find a weakening for axiom: ⊤ ⊑ Processual_Entity
  attempt=116 seed=1633018 msg=Repair failed: ExecutionException: java.lang.IllegalStateException: Could not find a weakening for axiom: ⊤ ⊑ Processual_Entity
  attempt=117 seed=1647218 msg=Repair failed: ExecutionException: java.lang.IllegalStateException: Could not find a weakening for axiom: ⊤ ⊑ Processual_Entity
  attempt=118 seed=1661418 msg=Repair failed: ExecutionException: java.lang.IllegalStateException: Could not find a weakening for axiom: ⊤ ⊑ Processual_Entity
  attempt=119 seed=1675618 msg=Repair failed: ExecutionException: java.lang.IllegalStateException: Could not find a weakening for axiom: ⊤ ⊑ Processual_Entity
  attempt=121 seed=1704018 msg=Repair failed: ExecutionException: java.lang.IllegalStateException: Could not find a weakening for axiom: ⊤ ⊑ Processual_Entity
  attempt=122 seed=1718218 msg=Repair timeout: B7 exceeded 300 seconds
  attempt=123 seed=1732418 msg=Repair failed: ExecutionException: java.lang.IllegalStateException: Could not find a weakening for axiom: ⊤ ⊑ Processual_Entity
  attempt=124 seed=1746618 msg=Repair failed: ExecutionException: java.lang.IllegalStateException: Could not find a weakening for axiom: ⊤ ⊑ Processual_Entity
  attempt=125 seed=1760818 msg=Repair failed: ExecutionException: java.lang.IllegalStateException: Could not find a weakening for axiom: ⊤ ⊑ Processual_Entity
  attempt=126 seed=1775018 msg=Repair failed: ExecutionException: java.lang.IllegalStateException: Could not find a weakening for axiom: ⊤ ⊑ Processual_Entity
  attempt=128 seed=1803418 msg=Repair timeout: B7 exceeded 300 seconds
  attempt=129 seed=1817618 msg=Repair failed: ExecutionException: java.lang.NullPointerException: operands cannot be null or empty
  attempt=131 seed=1846018 msg=Repair failed: ExecutionException: java.lang.IllegalStateException: Could not find a weakening for axiom: ⊤ ⊑ Processual_Entity
  attempt=132 seed=1860218 msg=Repair failed: ExecutionException: java.lang.IllegalStateException: Could not find a weakening for axiom: ⊤ ⊑ Processual_Entity
  attempt=133 seed=1874418 msg=Repair failed: ExecutionException: java.lang.IllegalStateException: Could not find a weakening for axiom: ⊤ ⊑ Processual_Entity
  attempt=135 seed=1902818 msg=Repair failed: ExecutionException: java.lang.IllegalStateException: Could not find a weakening for axiom: ⊤ ⊑ Processual_Entity
  attempt=136 seed=1917018 msg=Repair failed: ExecutionException: java.lang.NullPointerException: operands cannot be null or empty
  attempt=137 seed=1931218 msg=Repair failed: ExecutionException: java.lang.IllegalStateException: Could not find a weakening for axiom: ⊤ ⊑ Processual_Entity
  attempt=138 seed=1945418 msg=Repair failed: ExecutionException: java.lang.IllegalStateException: Could not find a weakening for axiom: ⊤ ⊑ Processual_Entity
  attempt=139 seed=1959618 msg=Repair failed: ExecutionException: java.lang.IllegalStateException: Could not find a weakening for axiom: ⊤ ⊑ Processual_Entity
  attempt=140 seed=1973818 msg=Repair failed: ExecutionException: java.lang.IllegalStateException: Could not find a weakening for axiom: ⊤ ⊑ Processual_Entity
  attempt=143 seed=2016418 msg=Repair timeout: B7 exceeded 300 seconds
  attempt=144 seed=2030618 msg=Repair failed: ExecutionException: java.lang.IllegalStateException: Could not find a weakening for axiom: ⊤ ⊑ Processual_Entity
  attempt=147 seed=2073218 msg=Repair timeout: B7 exceeded 300 seconds
  attempt=148 seed=2087418 msg=Repair failed: ExecutionException: java.lang.IllegalStateException: Could not find a weakening for axiom: ⊤ ⊑ Processual_Entity
  attempt=150 seed=2115818 msg=Repair failed: ExecutionException: java.lang.NullPointerException: operands cannot be null or empty
  attempt=151 seed=2130018 msg=Repair failed: ExecutionException: java.lang.IllegalStateException: Could not find a weakening for axiom: ⊤ ⊑ Processual_Entity
  attempt=152 seed=2144218 msg=Repair failed: ExecutionException: java.lang.IllegalStateException: Could not find a weakening for axiom: ⊤ ⊑ Processual_Entity
  attempt=157 seed=2215218 msg=Repair failed: ExecutionException: java.lang.IllegalStateException: Could not find a weakening for axiom: ⊤ ⊑ Processual_Entity
  attempt=158 seed=2229418 msg=Repair failed: ExecutionException: java.lang.IllegalStateException: Could not find a weakening for axiom: ⊤ ⊑ Processual_Entity
  attempt=160 seed=2257818 msg=Repair failed: ExecutionException: java.lang.IllegalStateException: Could not find a weakening for axiom: ⊤ ⊑ Processual_Entity
  attempt=161 seed=2272018 msg=Repair failed: ExecutionException: java.lang.IllegalStateException: Could not find a weakening for axiom: ⊤ ⊑ Processual_Entity
  attempt=162 seed=2286218 msg=Repair failed: ExecutionException: java.lang.NullPointerException: operands cannot be null or empty
  attempt=164 seed=2314618 msg=Repair failed: ExecutionException: java.lang.NullPointerException: operands cannot be null or empty
  attempt=165 seed=2328818 msg=Repair failed: ExecutionException: java.lang.IllegalStateException: Could not find a weakening for axiom: ⊤ ⊑ Processual_Entity
  attempt=166 seed=2343018 msg=Repair failed: ExecutionException: java.lang.IllegalStateException: Could not find a weakening for axiom: ⊤ ⊑ Processual_Entity
  attempt=167 seed=2357218 msg=Repair failed: ExecutionException: java.lang.IllegalStateException: Could not find a weakening for axiom: ⊤ ⊑ Processual_Entity
  attempt=168 seed=2371418 msg=Repair failed: ExecutionException: java.lang.IllegalStateException: Could not find a weakening for axiom: ⊤ ⊑ Processual_Entity
  attempt=172 seed=2428218 msg=Repair failed: ExecutionException: java.lang.IllegalStateException: Could not find a weakening for axiom: ⊤ ⊑ Processual_Entity
  attempt=173 seed=2442418 msg=Repair failed: ExecutionException: java.lang.IllegalStateException: Could not find a weakening for axiom: ⊤ ⊑ Processual_Entity
  attempt=177 seed=2499218 msg=Repair failed: ExecutionException: java.lang.IllegalStateException: Could not find a weakening for axiom: ⊤ ⊑ Processual_Entity
  attempt=179 seed=2527618 msg=Repair failed: ExecutionException: java.lang.IllegalStateException: Could not find a weakening for axiom: ⊤ ⊑ Processual_Entity
  attempt=180 seed=2541818 msg=Repair failed: ExecutionException: java.lang.IllegalStateException: Could not find a weakening for axiom: ⊤ ⊑ Processual_Entity
  attempt=181 seed=2556018 msg=Repair failed: ExecutionException: java.lang.NullPointerException: operands cannot be null or empty
  attempt=188 seed=2655418 msg=Repair failed: ExecutionException: java.lang.IllegalStateException: Could not find a weakening for axiom: ⊤ ⊑ Processual_Entity
  attempt=189 seed=2669618 msg=Repair failed: ExecutionException: java.lang.NullPointerException: operands cannot be null or empty
  attempt=190 seed=2683818 msg=Repair failed: ExecutionException: java.lang.IllegalStateException: Could not find a weakening for axiom: ⊤ ⊑ Processual_Entity
  attempt=191 seed=2698018 msg=Repair failed: ExecutionException: java.lang.IllegalStateException: Could not find a weakening for axiom: ⊤ ⊑ Processual_Entity
  attempt=192 seed=2712218 msg=Repair failed: ExecutionException: java.lang.IllegalStateException: Could not find a weakening for axiom: ⊤ ⊑ Processual_Entity
  attempt=194 seed=2740618 msg=Repair failed: ExecutionException: java.lang.IllegalStateException: Could not find a weakening for axiom: ⊤ ⊑ Processual_Entity
  attempt=195 seed=2754818 msg=Repair timeout: B4 exceeded 300 seconds
  attempt=196 seed=2769018 msg=Repair timeout: B7 exceeded 300 seconds
  attempt=198 seed=2797418 msg=Repair failed: ExecutionException: java.lang.NullPointerException: operands cannot be null or empty
  attempt=201 seed=2840018 msg=Repair failed: ExecutionException: java.lang.NullPointerException: operands cannot be null or empty
  attempt=204 seed=2882618 msg=Repair failed: ExecutionException: java.lang.IllegalStateException: Could not find a weakening for axiom: ⊤ ⊑ Processual_Entity
  attempt=207 seed=2925218 msg=Repair failed: ExecutionException: java.lang.NullPointerException: operands cannot be null or empty
  attempt=208 seed=2939418 msg=Repair failed: ExecutionException: java.lang.IllegalStateException: Could not find a weakening for axiom: ⊤ ⊑ Processual_Entity
  attempt=209 seed=2953618 msg=Repair timeout: B4 exceeded 300 seconds
  attempt=211 seed=2982018 msg=Repair failed: ExecutionException: java.lang.IllegalStateException: Could not find a weakening for axiom: ⊤ ⊑ Processual_Entity
Timing summary:
  success: count=100 total_seconds=310.807180 avg_seconds=3.108072
  time_limit_exceeded: count=16 total_seconds=4835.119160 avg_seconds=302.194947
  memory_limit_exceeded: count=0 total_seconds=0.000000 avg_seconds=0.000000
  success_rate=0.4717
  wall_clock_seconds_total_run=360698.251834
