=== run_trials started at 2026-06-24 13:41:30 run_id=20260624134028346645 ===
ontology_path=/workspaces/ontologyutils-ekaw26/repair-power-index-replication-ekaw26/ontologies/inconsistent/HDS.owl
iic_csv=/workspaces/ontologyutils-ekaw26/repair-power-index-replication-ekaw26/data/data-20260624134028346645/iic-HDS.csv
runtime_csv=/workspaces/ontologyutils-ekaw26/repair-power-index-replication-ekaw26/data/data-20260624134028346645/runtime-HDS.csv

=== Starting sequential trials for HDS at 2026-06-25 20:19:08 ===
----- HDS attempt=1 seed=51 at 2026-06-25 20:19:08 -----
--- stdout ---
{"seed":51,"run_id":"20260624134028346645","trial_status":"memory_limit_exceeded","error_type":"failure","failure_stage":"A3","error_message":"Repair failed: ExecutionException: java.lang.NullPointerException: operands cannot be null or empty","iic_values":{},"repair_runtimes_ms":{"A1":150,"A2":880,"A3":435}}

--- stderr ---
SingleTrialExperiment starting: ontology=/workspaces/ontologyutils-ekaw26/repair-power-index-replication-ekaw26/ontologies/inconsistent/HDS.owl, seed=51, run_id=20260624134028346645
Loaded ontology.
Normalizing ontology with SROIQ normalization...
Normalized ontology with SROIQ normalization.
Ontology is already inconsistent, skipping make-inconsistent step.
Repairing with A1 (random-removal)...
[2026-06-25 20:19:09.166] Checking precondition...
[2026-06-25 20:19:09.181] Starting the repair...
[2026-06-25 20:19:09.189] Found 91 possible bad axioms.
[2026-06-25 20:19:09.191] Selected the bad axiom SubClassOf(ObjectAllValuesFrom(involved ObjectUnionOf(Victim ObjectUnionOf(Trafficker ObjectUnionOf(Organisation Perpetrator)))) ObjectAllValuesFrom(isPerpetratorOf Incident)).
[2026-06-25 20:19:09.199] Found 90 possible bad axioms.
[2026-06-25 20:19:09.199] Selected the bad axiom SubClassOf(ObjectSomeValuesFrom(location owl:Thing) ObjectUnionOf(Organisation ObjectUnionOf(Incident ObjectUnionOf(Event ObjectUnionOf(Camp owl:Nothing))))).
[2026-06-25 20:19:09.204] Found 89 possible bad axioms.
[2026-06-25 20:19:09.205] Selected the bad axiom SubClassOf(owl:Thing Location).
[2026-06-25 20:19:09.210] Found 88 possible bad axioms.
[2026-06-25 20:19:09.210] Selected the bad axiom SubClassOf(ObjectSomeValuesFrom(isPerpetratorOf ObjectAllValuesFrom(affected ObjectUnionOf(Organisation Victim))) Perpetrator).
[2026-06-25 20:19:09.220] Found 87 possible bad axioms.
[2026-06-25 20:19:09.220] Selected the bad axiom SubClassOf(ObjectSomeValuesFrom(isPerpetratorOf ObjectAllValuesFrom(affiliation ObjectUnionOf(Organisation Victim))) Perpetrator).
[2026-06-25 20:19:09.224] Found 86 possible bad axioms.
[2026-06-25 20:19:09.224] Selected the bad axiom SubClassOf(ObjectAllValuesFrom(isPerpetratorOf ObjectUnionOf(Event Incident)) ObjectAllValuesFrom(isVictimOf ObjectUnionOf(Event Incident))).
[2026-06-25 20:19:09.228] Found 85 possible bad axioms.
[2026-06-25 20:19:09.228] Selected the bad axiom SubClassOf(owl:Thing ObjectUnionOf(Perpetrator Victim)).
[2026-06-25 20:19:09.233] Found 84 possible bad axioms.
[2026-06-25 20:19:09.233] Selected the bad axiom SubClassOf(ObjectSomeValuesFrom(isVictimOf ObjectAllValuesFrom(location ObjectAllValuesFrom(responseBy Organisation))) Victim).
[2026-06-25 20:19:09.236] Found 83 possible bad axioms.
[2026-06-25 20:19:09.236] Selected the bad axiom SubClassOf(owl:Thing ObjectAllValuesFrom(isVictimOf ObjectUnionOf(Event Incident))).
[2026-06-25 20:19:09.240] Found 82 possible bad axioms.
[2026-06-25 20:19:09.240] Selected the bad axiom SubClassOf(ObjectSomeValuesFrom(affiliation owl:Thing) Victim).
[2026-06-25 20:19:09.243] Found 81 possible bad axioms.
[2026-06-25 20:19:09.243] Selected the bad axiom SubClassOf(Location Victim).
[2026-06-25 20:19:09.252] Found 80 possible bad axioms.
[2026-06-25 20:19:09.252] Selected the bad axiom SubClassOf(owl:Thing ObjectAllValuesFrom(involved ObjectUnionOf(Victim ObjectUnionOf(Trafficker ObjectUnionOf
...[truncated]
FAIL: attempt=1 seed=51 status=memory_limit_exceeded stage=A3 message=Repair failed: ExecutionException: java.lang.NullPointerException: operands cannot be null or empty
progress: ontology=HDS attempt=1 success=0/100
----- HDS attempt=2 seed=14251 at 2026-06-25 20:19:10 -----
--- stdout ---
{"seed":14251,"run_id":"20260624134028346645","trial_status":"time_limit_exceeded","error_type":"timeout","failure_stage":"B4","error_message":"Repair timeout: B4 exceeded 300 seconds","iic_values":{},"repair_runtimes_ms":{"A1":147,"A2":878,"A3":1915,"B1":268,"B2":8061,"B3":8420,"B4":300020}}

--- stderr ---
SingleTrialExperiment starting: ontology=/workspaces/ontologyutils-ekaw26/repair-power-index-replication-ekaw26/ontologies/inconsistent/HDS.owl, seed=14251, run_id=20260624134028346645
Loaded ontology.
Normalizing ontology with SROIQ normalization...
Normalized ontology with SROIQ normalization.
Ontology is already inconsistent, skipping make-inconsistent step.
Repairing with A1 (random-removal)...
[2026-06-25 20:19:11.074] Checking precondition...
[2026-06-25 20:19:11.088] Starting the repair...
[2026-06-25 20:19:11.097] Found 91 possible bad axioms.
[2026-06-25 20:19:11.099] Selected the bad axiom SubClassOf(ObjectSomeValuesFrom(location owl:Thing) ObjectUnionOf(Organisation ObjectUnionOf(Incident ObjectUnionOf(Camp Event)))).
[2026-06-25 20:19:11.106] Found 90 possible bad axioms.
[2026-06-25 20:19:11.107] Selected the bad axiom SubClassOf(ObjectSomeValuesFrom(affiliation ObjectAllValuesFrom(affected ObjectUnionOf(Organisation Victim))) Perpetrator).
[2026-06-25 20:19:11.112] Found 89 possible bad axioms.
[2026-06-25 20:19:11.113] Selected the bad axiom SubClassOf(ObjectSomeValuesFrom(location ObjectAllValuesFrom(isPerpetratorOf ObjectUnionOf(Event Incident))) ObjectUnionOf(owl:Nothing ObjectUnionOf(Incident ObjectUnionOf(Event ObjectUnionOf(Camp Destination))))).
[2026-06-25 20:19:11.119] Found 88 possible bad axioms.
[2026-06-25 20:19:11.119] Selected the bad axiom SubClassOf(ObjectAllValuesFrom(isPerpetratorOf ObjectUnionOf(Event Incident)) ObjectAllValuesFrom(affected ObjectUnionOf(Organisation Victim))).
[2026-06-25 20:19:11.130] Found 87 possible bad axioms.
[2026-06-25 20:19:11.130] Selected the bad axiom SubClassOf(ObjectSomeValuesFrom(isPerpetratorOf ObjectAllValuesFrom(affiliation Organisation)) Perpetrator).
[2026-06-25 20:19:11.134] Found 86 possible bad axioms.
[2026-06-25 20:19:11.134] Selected the bad axiom SubClassOf(ObjectAllValuesFrom(isVictimOf ObjectUnionOf(Event Incident)) ObjectAllValuesFrom(location Location)).
[2026-06-25 20:19:11.138] Found 85 possible bad axioms.
[2026-06-25 20:19:11.139] Selected the bad axiom SubClassOf(owl:Thing ObjectAllValuesFrom(involved ObjectUnionOf(Victim ObjectUnionOf(Trafficker ObjectUnionOf(Perpetrator owl:Nothing))))).
[2026-06-25 20:19:11.142] Found 84 possible bad axioms.
[2026-06-25 20:19:11.142] Selected the bad axiom SubClassOf(ObjectSomeValuesFrom(isPerpetratorOf ObjectAllValuesFrom(affiliation ObjectUnionOf(Organisation Victim))) Perpetrator).
[2026-06-25 20:19:11.146] Found 83 possible bad axioms.
[2026-06-25 20:19:11.146] Selected the bad axiom SubClassOf(ObjectSomeValuesFrom(affiliation ObjectAllValuesFrom(responseBy Organisation)) ObjectUnionOf(Perpetrator Victim)).
[2026-06-25 20:19:11.149] Found 82 possible bad axioms.
[2026-06-25 20:19:11.150] Selected the bad axiom SubClassOf(ObjectSomeValuesFrom(isPerpetratorOf ObjectAllValuesFrom(responseBy Organisation)) Perpetrator).
[2026-06-25 20:19:11.153] Found 81 possible bad axioms.
[2026-06-25 20:19:11.153] Selected the bad axiom
...[truncated]
FAIL: attempt=2 seed=14251 status=time_limit_exceeded stage=B4 message=Repair timeout: B4 exceeded 300 seconds
progress: ontology=HDS attempt=2 success=0/100
----- HDS attempt=3 seed=28451 at 2026-06-25 20:24:30 -----
--- stdout ---
{"seed":28451,"run_id":"20260624134028346645","trial_status":"success","error_type":null,"failure_stage":null,"error_message":null,"iic_values":{"B1_vs_A1":1.0,"B1_vs_A2":1.0,"B1_vs_A3":0.25,"B2_vs_A1":1.0,"B2_vs_A2":1.0,"B2_vs_A3":0.5,"B3_vs_A1":1.0,"B3_vs_A2":1.0,"B3_vs_A3":0.62,"B4_vs_A1":1.0,"B4_vs_A2":1.0,"B4_vs_A3":0.5681818181818182,"B5_vs_A1":1.0,"B5_vs_A2":1.0,"B5_vs_A3":0.62,"B6_vs_A1":1.0,"B6_vs_A2":1.0,"B6_vs_A3":0.5,"B7_vs_A1":1.0,"B7_vs_A2":0.5,"B7_vs_A3":0.0,"B8_vs_A1":1.0,"B8_vs_A2":1.0,"B8_vs_A3":0.5,"B9_vs_A1":1.0,"B9_vs_A2":1.0,"B9_vs_A3":0.62},"repair_runtimes_ms":{"A1":170,"A2":848,"A3":2059,"B1":794,"B2":10614,"B3":5578,"B4":182,"B5":6906,"B6":8520,"B7":143,"B8":10295,"B9":5171}}

--- stderr ---
SingleTrialExperiment starting: ontology=/workspaces/ontologyutils-ekaw26/repair-power-index-replication-ekaw26/ontologies/inconsistent/HDS.owl, seed=28451, run_id=20260624134028346645
Loaded ontology.
Normalizing ontology with SROIQ normalization...
Normalized ontology with SROIQ normalization.
Ontology is already inconsistent, skipping make-inconsistent step.
Repairing with A1 (random-removal)...
[2026-06-25 20:24:31.270] Checking precondition...
[2026-06-25 20:24:31.289] Starting the repair...
[2026-06-25 20:24:31.297] Found 91 possible bad axioms.
[2026-06-25 20:24:31.298] Selected the bad axiom SubClassOf(ObjectSomeValuesFrom(responseBy owl:Thing) ObjectUnionOf(Event Incident)).
[2026-06-25 20:24:31.306] Found 90 possible bad axioms.
[2026-06-25 20:24:31.306] Selected the bad axiom SubClassOf(ObjectAllValuesFrom(isPerpetratorOf ObjectUnionOf(Event Incident)) ObjectAllValuesFrom(isVictimOf ObjectUnionOf(Event Incident))).
[2026-06-25 20:24:31.311] Found 89 possible bad axioms.
[2026-06-25 20:24:31.312] Selected the bad axiom SubClassOf(ObjectSomeValuesFrom(involved owl:Thing) ObjectSomeValuesFrom(affected owl:Thing)).
[2026-06-25 20:24:31.316] Found 88 possible bad axioms.
[2026-06-25 20:24:31.317] Selected the bad axiom SubClassOf(Location Victim).
[2026-06-25 20:24:31.327] Found 87 possible bad axioms.
[2026-06-25 20:24:31.328] Selected the bad axiom SubClassOf(ObjectSomeValuesFrom(isPerpetratorOf ObjectAllValuesFrom(affiliation Organisation)) Perpetrator).
[2026-06-25 20:24:31.333] Found 86 possible bad axioms.
[2026-06-25 20:24:31.333] Selected the bad axiom SubClassOf(ObjectSomeValuesFrom(location owl:Thing) ObjectUnionOf(Organisation ObjectUnionOf(Incident ObjectUnionOf(Event ObjectUnionOf(Camp owl:Nothing))))).
[2026-06-25 20:24:31.338] Found 85 possible bad axioms.
[2026-06-25 20:24:31.338] Selected the bad axiom SubClassOf(ObjectSomeValuesFrom(location ObjectAllValuesFrom(involved ObjectUnionOf(Victim ObjectUnionOf(Trafficker ObjectUnionOf(Organisation Perpetrator))))) ObjectUnionOf(owl:Nothing ObjectUnionOf(Incident ObjectUnionOf(Event ObjectUnionOf(Camp Destination))))).
[2026-06-25 20:24:31.342] Found 84 possible bad axioms.
[2026-06-25 20:24:31.342] Selected the bad axiom SubClassOf(owl:Thing ObjectUnionOf(Organisation ObjectUnionOf(Incident ObjectUnionOf(Event ObjectUnionOf(Camp Destination))))).
[2026-06-25 20:24:31.346] Found 83 possible bad axioms.
[2026-06-25 20:24:31.346] Selected the bad axiom SubClassOf(owl:Thing ObjectAllValuesFrom(location owl:Nothing)).
[2026-06-25 20:24:31.350] Found 82 possible bad axioms.
[2026-06-25 20:24:31.350] Selected the bad axiom SubClassOf(ObjectSomeValuesFrom(location ObjectAllValuesFrom(location Location)) ObjectUnionOf(owl:Nothing ObjectUnionOf(Incident ObjectUnionOf(Event ObjectUnionOf(Camp Destination))))).
[2026-06-25 20:24:31.353] Found 81 possible bad axioms.
[2026-06-25 20:24:31.353] Selected the bad axiom SubClassOf(ObjectSomeValuesFrom(affiliation ObjectAllValuesFrom(affected Obje
...[truncated]
SUCCESS: attempt=3 seed=28451 success_count=1/100
progress: ontology=HDS attempt=3 success=1/100
----- HDS attempt=4 seed=42651 at 2026-06-25 20:25:22 -----
--- stdout ---
{"seed":42651,"run_id":"20260624134028346645","trial_status":"success","error_type":null,"failure_stage":null,"error_message":null,"iic_values":{"B1_vs_A1":0.5,"B1_vs_A2":0.5,"B1_vs_A3":0.5294117647058824,"B2_vs_A1":1.0,"B2_vs_A2":1.0,"B2_vs_A3":0.7894736842105263,"B3_vs_A1":1.0,"B3_vs_A2":1.0,"B3_vs_A3":0.7894736842105263,"B4_vs_A1":1.0,"B4_vs_A2":1.0,"B4_vs_A3":0.7083333333333334,"B5_vs_A1":1.0,"B5_vs_A2":1.0,"B5_vs_A3":0.8541666666666666,"B6_vs_A1":1.0,"B6_vs_A2":1.0,"B6_vs_A3":0.8541666666666666,"B7_vs_A1":1.0,"B7_vs_A2":1.0,"B7_vs_A3":0.8541666666666666,"B8_vs_A1":1.0,"B8_vs_A2":1.0,"B8_vs_A3":0.8541666666666666,"B9_vs_A1":1.0,"B9_vs_A2":1.0,"B9_vs_A3":0.8541666666666666},"repair_runtimes_ms":{"A1":102,"A2":914,"A3":940,"B1":477,"B2":10485,"B3":8608,"B4":306,"B5":7360,"B6":5385,"B7":173,"B8":7034,"B9":5389}}

--- stderr ---
SingleTrialExperiment starting: ontology=/workspaces/ontologyutils-ekaw26/repair-power-index-replication-ekaw26/ontologies/inconsistent/HDS.owl, seed=42651, run_id=20260624134028346645
Loaded ontology.
Normalizing ontology with SROIQ normalization...
Normalized ontology with SROIQ normalization.
Ontology is already inconsistent, skipping make-inconsistent step.
Repairing with A1 (random-removal)...
[2026-06-25 20:25:23.107] Checking precondition...
[2026-06-25 20:25:23.125] Starting the repair...
[2026-06-25 20:25:23.134] Found 91 possible bad axioms.
[2026-06-25 20:25:23.135] Selected the bad axiom SubClassOf(owl:Thing ObjectAllValuesFrom(involved Trafficker)).
[2026-06-25 20:25:23.142] Found 90 possible bad axioms.
[2026-06-25 20:25:23.143] Selected the bad axiom SubClassOf(ObjectSomeValuesFrom(affiliation ObjectAllValuesFrom(responseBy Organisation)) ObjectUnionOf(Perpetrator ObjectSomeValuesFrom(isVictimOf owl:Thing))).
[2026-06-25 20:25:23.149] Found 89 possible bad axioms.
[2026-06-25 20:25:23.149] Selected the bad axiom SubClassOf(ObjectSomeValuesFrom(location ObjectAllValuesFrom(involved ObjectUnionOf(Victim ObjectUnionOf(Trafficker ObjectUnionOf(Organisation Perpetrator))))) ObjectUnionOf(Organisation ObjectUnionOf(Incident ObjectUnionOf(Camp Event)))).
[2026-06-25 20:25:23.159] Found 88 possible bad axioms.
[2026-06-25 20:25:23.160] Selected the bad axiom SubClassOf(ObjectAllValuesFrom(affected ObjectUnionOf(Organisation Victim)) ObjectAllValuesFrom(location Location)).
[2026-06-25 20:25:23.165] Found 87 possible bad axioms.
[2026-06-25 20:25:23.165] Selected the bad axiom SubClassOf(ObjectSomeValuesFrom(responseBy owl:Thing) ObjectUnionOf(Event Incident)).
[2026-06-25 20:25:23.169] Found 86 possible bad axioms.
[2026-06-25 20:25:23.170] Selected the bad axiom SubClassOf(ObjectSomeValuesFrom(affiliation ObjectAllValuesFrom(location Location)) ObjectUnionOf(Perpetrator Victim)).
[2026-06-25 20:25:23.173] Found 85 possible bad axioms.
[2026-06-25 20:25:23.174] Selected the bad axiom SubClassOf(ObjectSomeValuesFrom(affiliation ObjectAllValuesFrom(affected ObjectUnionOf(Organisation Victim))) Perpetrator).
[2026-06-25 20:25:23.178] Found 84 possible bad axioms.
[2026-06-25 20:25:23.178] Selected the bad axiom SubClassOf(ObjectSomeValuesFrom(isVictimOf ObjectAllValuesFrom(location Location)) Victim).
[2026-06-25 20:25:23.182] Found 83 possible bad axioms.
[2026-06-25 20:25:23.182] Selected the bad axiom SubClassOf(ObjectAllValuesFrom(involved ObjectUnionOf(Victim ObjectUnionOf(Trafficker ObjectUnionOf(Organisation Perpetrator)))) ObjectAllValuesFrom(affected ObjectUnionOf(Organisation Victim))).
[2026-06-25 20:25:23.185] Found 82 possible bad axioms.
[2026-06-25 20:25:23.185] Selected the bad axiom SubClassOf(owl:Thing ObjectAllValuesFrom(location owl:Nothing)).
[2026-06-25 20:25:23.189] Found 81 possible bad axioms.
[2026-06-25 20:25:23.189] Selected the bad axiom SubClassOf(owl:Thing ObjectAllValuesFrom(involved ObjectUnionOf(Trafficker Vi
...[truncated]
SUCCESS: attempt=4 seed=42651 success_count=2/100
progress: ontology=HDS attempt=4 success=2/100
----- HDS attempt=5 seed=56851 at 2026-06-25 20:26:10 -----
--- stdout ---
{"seed":56851,"run_id":"20260624134028346645","trial_status":"time_limit_exceeded","error_type":"timeout","failure_stage":"B4","error_message":"Repair timeout: B4 exceeded 300 seconds","iic_values":{},"repair_runtimes_ms":{"A1":243,"A2":811,"A3":993,"B1":865,"B2":7932,"B3":5601,"B4":300185}}

--- stderr ---
SingleTrialExperiment starting: ontology=/workspaces/ontologyutils-ekaw26/repair-power-index-replication-ekaw26/ontologies/inconsistent/HDS.owl, seed=56851, run_id=20260624134028346645
Loaded ontology.
Normalizing ontology with SROIQ normalization...
Normalized ontology with SROIQ normalization.
Ontology is already inconsistent, skipping make-inconsistent step.
Repairing with A1 (random-removal)...
[2026-06-25 20:26:10.817] Checking precondition...
[2026-06-25 20:26:10.832] Starting the repair...
[2026-06-25 20:26:10.840] Found 91 possible bad axioms.
[2026-06-25 20:26:10.842] Selected the bad axiom SubClassOf(ObjectSomeValuesFrom(isVictimOf ObjectAllValuesFrom(affected ObjectUnionOf(Organisation Victim))) Victim).
[2026-06-25 20:26:10.850] Found 90 possible bad axioms.
[2026-06-25 20:26:10.850] Selected the bad axiom SubClassOf(ObjectSomeValuesFrom(isVictimOf ObjectAllValuesFrom(isPerpetratorOf ObjectUnionOf(Event Incident))) Victim).
[2026-06-25 20:26:10.856] Found 89 possible bad axioms.
[2026-06-25 20:26:10.856] Selected the bad axiom SubClassOf(ObjectSomeValuesFrom(isVictimOf ObjectAllValuesFrom(responseBy Organisation)) Victim).
[2026-06-25 20:26:10.862] Found 88 possible bad axioms.
[2026-06-25 20:26:10.862] Selected the bad axiom SubClassOf(owl:Thing ObjectAllValuesFrom(isPerpetratorOf ObjectUnionOf(Event Incident))).
[2026-06-25 20:26:10.871] Found 87 possible bad axioms.
[2026-06-25 20:26:10.871] Selected the bad axiom SubClassOf(owl:Thing ObjectAllValuesFrom(affected ObjectUnionOf(Organisation Victim))).
[2026-06-25 20:26:10.875] Found 86 possible bad axioms.
[2026-06-25 20:26:10.876] Selected the bad axiom SubClassOf(owl:Thing ObjectAllValuesFrom(location Location)).
[2026-06-25 20:26:10.880] Found 85 possible bad axioms.
[2026-06-25 20:26:10.880] Selected the bad axiom SubClassOf(owl:Thing Location).
[2026-06-25 20:26:10.884] Found 84 possible bad axioms.
[2026-06-25 20:26:10.884] Selected the bad axiom SubClassOf(ObjectAllValuesFrom(involved ObjectUnionOf(Victim ObjectUnionOf(Trafficker ObjectUnionOf(Perpetrator ObjectUnionOf(Organisation Perpetrator))))) ObjectAllValuesFrom(affected ObjectUnionOf(Organisation Victim))).
[2026-06-25 20:26:10.888] Found 83 possible bad axioms.
[2026-06-25 20:26:10.888] Selected the bad axiom SubClassOf(ObjectSomeValuesFrom(location ObjectAllValuesFrom(involved ObjectUnionOf(Victim ObjectUnionOf(Trafficker ObjectUnionOf(Organisation Perpetrator))))) ObjectUnionOf(Organisation ObjectUnionOf(Incident ObjectUnionOf(Camp Event)))).
[2026-06-25 20:26:10.891] Found 82 possible bad axioms.
[2026-06-25 20:26:10.892] Selected the bad axiom SubClassOf(ObjectSomeValuesFrom(affiliation owl:Thing) ObjectSomeValuesFrom(isVictimOf owl:Thing)).
[2026-06-25 20:26:10.895] Found 81 possible bad axioms.
[2026-06-25 20:26:10.895] Selected the bad axiom SubClassOf(ObjectSomeValuesFrom(isVictimOf ObjectAllValuesFrom(affected ObjectUnionOf(Victim ObjectUnionOf(Organisation Perpetrator)))) Victim).
[2026-06-25 20:26:10.904] F
...[truncated]
FAIL: attempt=5 seed=56851 status=time_limit_exceeded stage=B4 message=Repair timeout: B4 exceeded 300 seconds
progress: ontology=HDS attempt=5 success=2/100
----- HDS attempt=6 seed=71051 at 2026-06-25 20:31:27 -----
--- stdout ---
{"seed":71051,"run_id":"20260624134028346645","trial_status":"time_limit_exceeded","error_type":"timeout","failure_stage":"B7","error_message":"Repair timeout: B7 exceeded 300 seconds","iic_values":{},"repair_runtimes_ms":{"A1":139,"A2":867,"A3":697,"B1":452,"B2":8097,"B3":5621,"B4":116,"B5":7279,"B6":5235,"B7":300049}}

--- stderr ---
SingleTrialExperiment starting: ontology=/workspaces/ontologyutils-ekaw26/repair-power-index-replication-ekaw26/ontologies/inconsistent/HDS.owl, seed=71051, run_id=20260624134028346645
Loaded ontology.
Normalizing ontology with SROIQ normalization...
Normalized ontology with SROIQ normalization.
Ontology is already inconsistent, skipping make-inconsistent step.
Repairing with A1 (random-removal)...
[2026-06-25 20:31:27.917] Checking precondition...
[2026-06-25 20:31:27.936] Starting the repair...
[2026-06-25 20:31:27.947] Found 91 possible bad axioms.
[2026-06-25 20:31:27.949] Selected the bad axiom SubClassOf(ObjectSomeValuesFrom(isPerpetratorOf ObjectAllValuesFrom(affiliation Organisation)) Perpetrator).
[2026-06-25 20:31:27.956] Found 90 possible bad axioms.
[2026-06-25 20:31:27.956] Selected the bad axiom SubClassOf(ObjectSomeValuesFrom(involved owl:Thing) Event).
[2026-06-25 20:31:27.962] Found 89 possible bad axioms.
[2026-06-25 20:31:27.963] Selected the bad axiom SubClassOf(ObjectSomeValuesFrom(affected ObjectAllValuesFrom(isPerpetratorOf ObjectUnionOf(Event Incident))) ObjectUnionOf(Event Incident)).
[2026-06-25 20:31:27.968] Found 88 possible bad axioms.
[2026-06-25 20:31:27.968] Selected the bad axiom SubClassOf(ObjectSomeValuesFrom(isVictimOf ObjectAllValuesFrom(location ObjectAllValuesFrom(responseBy Organisation))) Victim).
[2026-06-25 20:31:27.978] Found 87 possible bad axioms.
[2026-06-25 20:31:27.979] Selected the bad axiom SubClassOf(ObjectSomeValuesFrom(responseBy ObjectAllValuesFrom(isPerpetratorOf ObjectUnionOf(Event Incident))) Incident).
[2026-06-25 20:31:27.983] Found 86 possible bad axioms.
[2026-06-25 20:31:27.983] Selected the bad axiom SubClassOf(ObjectAllValuesFrom(isVictimOf ObjectUnionOf(Event Incident)) ObjectAllValuesFrom(location Location)).
[2026-06-25 20:31:27.987] Found 85 possible bad axioms.
[2026-06-25 20:31:27.987] Selected the bad axiom SubClassOf(Location Victim).
[2026-06-25 20:31:27.992] Found 84 possible bad axioms.
[2026-06-25 20:31:27.992] Selected the bad axiom SubClassOf(ObjectSomeValuesFrom(affiliation ObjectAllValuesFrom(affected ObjectUnionOf(Organisation Victim))) Perpetrator).
[2026-06-25 20:31:27.995] Found 83 possible bad axioms.
[2026-06-25 20:31:27.996] Selected the bad axiom SubClassOf(ObjectAllValuesFrom(involved ObjectUnionOf(Victim ObjectUnionOf(Trafficker ObjectUnionOf(Organisation Perpetrator)))) ObjectAllValuesFrom(isPerpetratorOf Incident)).
[2026-06-25 20:31:27.999] Found 82 possible bad axioms.
[2026-06-25 20:31:27.999] Selected the bad axiom SubClassOf(ObjectSomeValuesFrom(location ObjectAllValuesFrom(location Location)) ObjectUnionOf(owl:Nothing ObjectUnionOf(Event Incident))).
[2026-06-25 20:31:28.002] Found 81 possible bad axioms.
[2026-06-25 20:31:28.002] Selected the bad axiom SubClassOf(ObjectSomeValuesFrom(location owl:Thing) ObjectUnionOf(owl:Nothing ObjectUnionOf(Incident ObjectUnionOf(Event ObjectUnionOf(Camp Destination))))).
[2026-06-25 20:31:28.011] Found 80 possib
...[truncated]
FAIL: attempt=6 seed=71051 status=time_limit_exceeded stage=B7 message=Repair timeout: B7 exceeded 300 seconds
progress: ontology=HDS attempt=6 success=2/100
----- HDS attempt=7 seed=85251 at 2026-06-25 20:36:56 -----
--- stdout ---
{"seed":85251,"run_id":"20260624134028346645","trial_status":"time_limit_exceeded","error_type":"timeout","failure_stage":"B4","error_message":"Repair timeout: B4 exceeded 300 seconds","iic_values":{},"repair_runtimes_ms":{"A1":189,"A2":854,"A3":40794,"B1":519,"B2":8115,"B3":5635,"B4":300054}}

--- stderr ---
SingleTrialExperiment starting: ontology=/workspaces/ontologyutils-ekaw26/repair-power-index-replication-ekaw26/ontologies/inconsistent/HDS.owl, seed=85251, run_id=20260624134028346645
Loaded ontology.
Normalizing ontology with SROIQ normalization...
Normalized ontology with SROIQ normalization.
Ontology is already inconsistent, skipping make-inconsistent step.
Repairing with A1 (random-removal)...
[2026-06-25 20:36:56.956] Checking precondition...
[2026-06-25 20:36:56.971] Starting the repair...
[2026-06-25 20:36:56.980] Found 91 possible bad axioms.
[2026-06-25 20:36:56.981] Selected the bad axiom SubClassOf(ObjectSomeValuesFrom(responseBy owl:Thing) Incident).
[2026-06-25 20:36:56.988] Found 90 possible bad axioms.
[2026-06-25 20:36:56.989] Selected the bad axiom SubClassOf(owl:Thing ObjectAllValuesFrom(involved ObjectUnionOf(Trafficker Victim))).
[2026-06-25 20:36:56.994] Found 89 possible bad axioms.
[2026-06-25 20:36:56.995] Selected the bad axiom SubClassOf(ObjectSomeValuesFrom(location ObjectAllValuesFrom(isPerpetratorOf ObjectUnionOf(Event Incident))) ObjectUnionOf(Organisation ObjectUnionOf(Incident ObjectUnionOf(Event ObjectUnionOf(Camp owl:Nothing))))).
[2026-06-25 20:36:57.001] Found 88 possible bad axioms.
[2026-06-25 20:36:57.001] Selected the bad axiom SubClassOf(ObjectUnionOf(Victim ObjectUnionOf(Trafficker ObjectUnionOf(Organisation Perpetrator))) ObjectAllValuesFrom(affected ObjectUnionOf(Organisation Victim))).
[2026-06-25 20:36:57.011] Found 87 possible bad axioms.
[2026-06-25 20:36:57.011] Selected the bad axiom SubClassOf(ObjectSomeValuesFrom(location owl:Thing) ObjectUnionOf(Organisation ObjectUnionOf(Incident ObjectUnionOf(Event ObjectUnionOf(Camp Destination))))).
[2026-06-25 20:36:57.015] Found 86 possible bad axioms.
[2026-06-25 20:36:57.015] Selected the bad axiom SubClassOf(ObjectSomeValuesFrom(location ObjectAllValuesFrom(location owl:Thing)) ObjectUnionOf(owl:Nothing ObjectUnionOf(Event Incident))).
[2026-06-25 20:36:57.019] Found 85 possible bad axioms.
[2026-06-25 20:36:57.019] Selected the bad axiom SubClassOf(owl:Thing ObjectAllValuesFrom(involved ObjectUnionOf(Victim ObjectUnionOf(Trafficker ObjectUnionOf(Organisation Perpetrator))))).
[2026-06-25 20:36:57.023] Found 84 possible bad axioms.
[2026-06-25 20:36:57.023] Selected the bad axiom SubClassOf(owl:Thing ObjectAllValuesFrom(location owl:Nothing)).
[2026-06-25 20:36:57.027] Found 83 possible bad axioms.
[2026-06-25 20:36:57.028] Selected the bad axiom SubClassOf(ObjectSomeValuesFrom(involved ObjectAllValuesFrom(isVictimOf ObjectUnionOf(Event Incident))) ObjectUnionOf(Event Incident)).
[2026-06-25 20:36:57.031] Found 82 possible bad axioms.
[2026-06-25 20:36:57.031] Selected the bad axiom SubClassOf(ObjectSomeValuesFrom(isPerpetratorOf ObjectAllValuesFrom(responseBy Organisation)) Perpetrator).
[2026-06-25 20:36:57.035] Found 81 possible bad axioms.
[2026-06-25 20:36:57.035] Selected the bad axiom SubClassOf(owl:Thing ObjectAllValuesFrom(location Location))
...[truncated]
FAIL: attempt=7 seed=85251 status=time_limit_exceeded stage=B4 message=Repair timeout: B4 exceeded 300 seconds
progress: ontology=HDS attempt=7 success=2/100
----- HDS attempt=8 seed=99451 at 2026-06-25 20:42:53 -----
--- stdout ---
{"seed":99451,"run_id":"20260624134028346645","trial_status":"success","error_type":null,"failure_stage":null,"error_message":null,"iic_values":{"B1_vs_A1":1.0,"B1_vs_A2":1.0,"B1_vs_A3":0.8,"B2_vs_A1":1.0,"B2_vs_A2":1.0,"B2_vs_A3":0.7307692307692307,"B3_vs_A1":1.0,"B3_vs_A2":1.0,"B3_vs_A3":0.7307692307692307,"B4_vs_A1":0.5,"B4_vs_A2":0.5,"B4_vs_A3":0.0,"B5_vs_A1":1.0,"B5_vs_A2":1.0,"B5_vs_A3":0.8333333333333334,"B6_vs_A1":1.0,"B6_vs_A2":1.0,"B6_vs_A3":0.8333333333333334,"B7_vs_A1":0.5,"B7_vs_A2":0.5,"B7_vs_A3":0.0,"B8_vs_A1":1.0,"B8_vs_A2":1.0,"B8_vs_A3":0.7307692307692307,"B9_vs_A1":1.0,"B9_vs_A2":1.0,"B9_vs_A3":0.7307692307692307},"repair_runtimes_ms":{"A1":143,"A2":894,"A3":733,"B1":367,"B2":10384,"B3":8594,"B4":212,"B5":7473,"B6":5431,"B7":152,"B8":9722,"B9":8174}}

--- stderr ---
SingleTrialExperiment starting: ontology=/workspaces/ontologyutils-ekaw26/repair-power-index-replication-ekaw26/ontologies/inconsistent/HDS.owl, seed=99451, run_id=20260624134028346645
Loaded ontology.
Normalizing ontology with SROIQ normalization...
Normalized ontology with SROIQ normalization.
Ontology is already inconsistent, skipping make-inconsistent step.
Repairing with A1 (random-removal)...
[2026-06-25 20:42:53.584] Checking precondition...
[2026-06-25 20:42:53.599] Starting the repair...
[2026-06-25 20:42:53.608] Found 91 possible bad axioms.
[2026-06-25 20:42:53.610] Selected the bad axiom SubClassOf(ObjectSomeValuesFrom(affected ObjectAllValuesFrom(isPerpetratorOf ObjectUnionOf(Event Incident))) ObjectUnionOf(Event Incident)).
[2026-06-25 20:42:53.617] Found 90 possible bad axioms.
[2026-06-25 20:42:53.617] Selected the bad axiom SubClassOf(ObjectAllValuesFrom(location Location) ObjectAllValuesFrom(location owl:Nothing)).
[2026-06-25 20:42:53.623] Found 89 possible bad axioms.
[2026-06-25 20:42:53.623] Selected the bad axiom SubClassOf(owl:Thing ObjectAllValuesFrom(involved ObjectUnionOf(Victim ObjectUnionOf(Trafficker ObjectUnionOf(Organisation Perpetrator))))).
[2026-06-25 20:42:53.628] Found 88 possible bad axioms.
[2026-06-25 20:42:53.629] Selected the bad axiom SubClassOf(ObjectAllValuesFrom(involved ObjectUnionOf(Victim ObjectUnionOf(Trafficker ObjectUnionOf(Organisation Perpetrator)))) ObjectAllValuesFrom(isPerpetratorOf Incident)).
[2026-06-25 20:42:53.638] Found 87 possible bad axioms.
[2026-06-25 20:42:53.638] Selected the bad axiom SubClassOf(owl:Thing ObjectUnionOf(Organisation ObjectUnionOf(Incident ObjectUnionOf(Event ObjectUnionOf(Camp Destination))))).
[2026-06-25 20:42:53.643] Found 86 possible bad axioms.
[2026-06-25 20:42:53.643] Selected the bad axiom SubClassOf(ObjectSomeValuesFrom(involved ObjectAllValuesFrom(isVictimOf ObjectUnionOf(Event Incident))) ObjectUnionOf(Event Incident)).
[2026-06-25 20:42:53.647] Found 85 possible bad axioms.
[2026-06-25 20:42:53.647] Selected the bad axiom SubClassOf(owl:Thing ObjectAllValuesFrom(isPerpetratorOf ObjectUnionOf(Event Incident))).
[2026-06-25 20:42:53.651] Found 84 possible bad axioms.
[2026-06-25 20:42:53.651] Selected the bad axiom SubClassOf(ObjectSomeValuesFrom(affiliation ObjectAllValuesFrom(location Location)) Perpetrator).
[2026-06-25 20:42:53.655] Found 83 possible bad axioms.
[2026-06-25 20:42:53.655] Selected the bad axiom SubClassOf(ObjectSomeValuesFrom(isVictimOf ObjectAllValuesFrom(location ObjectAllValuesFrom(responseBy Organisation))) Victim).
[2026-06-25 20:42:53.658] Found 82 possible bad axioms.
[2026-06-25 20:42:53.658] Selected the bad axiom SubClassOf(ObjectSomeValuesFrom(responseBy owl:Thing) ObjectUnionOf(Event Incident)).
[2026-06-25 20:42:53.661] Found 81 possible bad axioms.
[2026-06-25 20:42:53.661] Selected the bad axiom SubClassOf(ObjectSomeValuesFrom(location owl:Thing) ObjectUnionOf(Organisation ObjectUnionOf(Incident ObjectUnionOf(owl:Noth
...[truncated]
SUCCESS: attempt=8 seed=99451 success_count=3/100
progress: ontology=HDS attempt=8 success=3/100
----- HDS attempt=9 seed=113651 at 2026-06-25 20:43:46 -----
--- stdout ---
{"seed":113651,"run_id":"20260624134028346645","trial_status":"time_limit_exceeded","error_type":"timeout","failure_stage":"B7","error_message":"Repair timeout: B7 exceeded 300 seconds","iic_values":{},"repair_runtimes_ms":{"A1":255,"A2":816,"A3":481,"B1":9046,"B2":8184,"B3":8478,"B4":1018,"B5":10124,"B6":8466,"B7":300026}}

--- stderr ---
SingleTrialExperiment starting: ontology=/workspaces/ontologyutils-ekaw26/repair-power-index-replication-ekaw26/ontologies/inconsistent/HDS.owl, seed=113651, run_id=20260624134028346645
Loaded ontology.
Normalizing ontology with SROIQ normalization...
Normalized ontology with SROIQ normalization.
Ontology is already inconsistent, skipping make-inconsistent step.
Repairing with A1 (random-removal)...
[2026-06-25 20:43:46.367] Checking precondition...
[2026-06-25 20:43:46.381] Starting the repair...
[2026-06-25 20:43:46.391] Found 91 possible bad axioms.
[2026-06-25 20:43:46.393] Selected the bad axiom SubClassOf(ObjectSomeValuesFrom(location owl:Thing) ObjectUnionOf(Organisation ObjectUnionOf(Incident ObjectUnionOf(owl:Nothing ObjectUnionOf(Camp owl:Nothing))))).
[2026-06-25 20:43:46.400] Found 90 possible bad axioms.
[2026-06-25 20:43:46.400] Selected the bad axiom SubClassOf(ObjectSomeValuesFrom(location ObjectAllValuesFrom(location Location)) ObjectUnionOf(owl:Nothing ObjectUnionOf(Event Incident))).
[2026-06-25 20:43:46.406] Found 89 possible bad axioms.
[2026-06-25 20:43:46.406] Selected the bad axiom SubClassOf(owl:Thing ObjectUnionOf(Organisation ObjectUnionOf(Incident ObjectUnionOf(owl:Nothing ObjectUnionOf(Camp Destination))))).
[2026-06-25 20:43:46.411] Found 88 possible bad axioms.
[2026-06-25 20:43:46.411] Selected the bad axiom SubClassOf(ObjectAllValuesFrom(isVictimOf ObjectUnionOf(Event Incident)) ObjectAllValuesFrom(isPerpetratorOf ObjectUnionOf(Event Incident))).
[2026-06-25 20:43:46.420] Found 87 possible bad axioms.
[2026-06-25 20:43:46.421] Selected the bad axiom SubClassOf(owl:Thing ObjectUnionOf(Perpetrator Victim)).
[2026-06-25 20:43:46.425] Found 86 possible bad axioms.
[2026-06-25 20:43:46.425] Selected the bad axiom SubClassOf(ObjectSomeValuesFrom(affiliation owl:Thing) ObjectUnionOf(Perpetrator ObjectSomeValuesFrom(isVictimOf owl:Thing))).
[2026-06-25 20:43:46.429] Found 85 possible bad axioms.
[2026-06-25 20:43:46.429] Selected the bad axiom SubClassOf(owl:Thing ObjectAllValuesFrom(involved ObjectUnionOf(Trafficker ObjectSomeValuesFrom(isVictimOf owl:Thing)))).
[2026-06-25 20:43:46.433] Found 84 possible bad axioms.
[2026-06-25 20:43:46.433] Selected the bad axiom SubClassOf(owl:Thing ObjectAllValuesFrom(isVictimOf ObjectSomeValuesFrom(involved owl:Thing))).
[2026-06-25 20:43:46.437] Found 83 possible bad axioms.
[2026-06-25 20:43:46.437] Selected the bad axiom SubClassOf(ObjectAllValuesFrom(location Location) ObjectAllValuesFrom(isPerpetratorOf Incident)).
[2026-06-25 20:43:46.440] Found 82 possible bad axioms.
[2026-06-25 20:43:46.440] Selected the bad axiom SubClassOf(ObjectAllValuesFrom(affiliation Organisation) ObjectAllValuesFrom(involved ObjectUnionOf(Trafficker Victim))).
[2026-06-25 20:43:46.444] Found 81 possible bad axioms.
[2026-06-25 20:43:46.445] Selected the bad axiom SubClassOf(owl:Thing ObjectAllValuesFrom(involved Trafficker)).
[2026-06-25 20:43:46.454] Found 80 possible bad axioms.
[2026-06-25 20:43:4
...[truncated]
FAIL: attempt=9 seed=113651 status=time_limit_exceeded stage=B7 message=Repair timeout: B7 exceeded 300 seconds
progress: ontology=HDS attempt=9 success=3/100
----- HDS attempt=10 seed=127851 at 2026-06-25 20:49:33 -----
--- stdout ---
{"seed":127851,"run_id":"20260624134028346645","trial_status":"time_limit_exceeded","error_type":"timeout","failure_stage":"B4","error_message":"Repair timeout: B4 exceeded 300 seconds","iic_values":{},"repair_runtimes_ms":{"A1":164,"A2":860,"A3":1978,"B1":311,"B2":8023,"B3":5619,"B4":300007}}

--- stderr ---
SingleTrialExperiment starting: ontology=/workspaces/ontologyutils-ekaw26/repair-power-index-replication-ekaw26/ontologies/inconsistent/HDS.owl, seed=127851, run_id=20260624134028346645
Loaded ontology.
Normalizing ontology with SROIQ normalization...
Normalized ontology with SROIQ normalization.
Ontology is already inconsistent, skipping make-inconsistent step.
Repairing with A1 (random-removal)...
[2026-06-25 20:49:33.740] Checking precondition...
[2026-06-25 20:49:33.754] Starting the repair...
[2026-06-25 20:49:33.763] Found 91 possible bad axioms.
[2026-06-25 20:49:33.765] Selected the bad axiom SubClassOf(ObjectSomeValuesFrom(location owl:Thing) ObjectUnionOf(owl:Nothing ObjectUnionOf(Incident ObjectUnionOf(Event ObjectUnionOf(Camp Destination))))).
[2026-06-25 20:49:33.772] Found 90 possible bad axioms.
[2026-06-25 20:49:33.772] Selected the bad axiom SubClassOf(ObjectSomeValuesFrom(location ObjectAllValuesFrom(location Location)) ObjectUnionOf(owl:Nothing ObjectUnionOf(Incident ObjectUnionOf(Destination Event)))).
[2026-06-25 20:49:33.778] Found 89 possible bad axioms.
[2026-06-25 20:49:33.778] Selected the bad axiom SubClassOf(ObjectSomeValuesFrom(isVictimOf ObjectAllValuesFrom(responseBy Organisation)) Victim).
[2026-06-25 20:49:33.784] Found 88 possible bad axioms.
[2026-06-25 20:49:33.784] Selected the bad axiom SubClassOf(ObjectSomeValuesFrom(affiliation owl:Thing) Perpetrator).
[2026-06-25 20:49:33.794] Found 87 possible bad axioms.
[2026-06-25 20:49:33.794] Selected the bad axiom SubClassOf(ObjectSomeValuesFrom(isPerpetratorOf owl:Thing) Perpetrator).
[2026-06-25 20:49:33.798] Found 86 possible bad axioms.
[2026-06-25 20:49:33.798] Selected the bad axiom SubClassOf(ObjectSomeValuesFrom(isVictimOf ObjectAllValuesFrom(isPerpetratorOf ObjectUnionOf(Event Incident))) Victim).
[2026-06-25 20:49:33.802] Found 85 possible bad axioms.
[2026-06-25 20:49:33.802] Selected the bad axiom SubClassOf(owl:Thing ObjectAllValuesFrom(involved ObjectUnionOf(Trafficker Victim))).
[2026-06-25 20:49:33.807] Found 84 possible bad axioms.
[2026-06-25 20:49:33.807] Selected the bad axiom SubClassOf(owl:Thing ObjectAllValuesFrom(location Location)).
[2026-06-25 20:49:33.811] Found 83 possible bad axioms.
[2026-06-25 20:49:33.811] Selected the bad axiom SubClassOf(owl:Thing ObjectAllValuesFrom(responseBy Organisation)).
[2026-06-25 20:49:33.815] Found 82 possible bad axioms.
[2026-06-25 20:49:33.815] Selected the bad axiom SubClassOf(ObjectSomeValuesFrom(affiliation ObjectAllValuesFrom(responseBy Organisation)) ObjectUnionOf(Perpetrator Victim)).
[2026-06-25 20:49:33.818] Found 81 possible bad axioms.
[2026-06-25 20:49:33.819] Selected the bad axiom SubClassOf(ObjectSomeValuesFrom(isPerpetratorOf ObjectAllValuesFrom(affiliation ObjectUnionOf(Organisation Victim))) Perpetrator).
[2026-06-25 20:49:33.827] Found 80 possible bad axioms.
[2026-06-25 20:49:33.828] Selected the bad axiom SubClassOf(ObjectAllValuesFrom(involved ObjectUnionOf(Victim ObjectUnionOf(Traf
...[truncated]
FAIL: attempt=10 seed=127851 status=time_limit_exceeded stage=B4 message=Repair timeout: B4 exceeded 300 seconds
progress: ontology=HDS attempt=10 success=3/100
----- HDS attempt=11 seed=142051 at 2026-06-25 20:54:50 -----
--- stdout ---
{"seed":142051,"run_id":"20260624134028346645","trial_status":"success","error_type":null,"failure_stage":null,"error_message":null,"iic_values":{"B1_vs_A1":1.0,"B1_vs_A2":1.0,"B1_vs_A3":0.16666666666666666,"B2_vs_A1":1.0,"B2_vs_A2":1.0,"B2_vs_A3":0.5,"B3_vs_A1":1.0,"B3_vs_A2":1.0,"B3_vs_A3":0.0,"B4_vs_A1":0.5,"B4_vs_A2":0.5,"B4_vs_A3":0.0,"B5_vs_A1":1.0,"B5_vs_A2":1.0,"B5_vs_A3":0.0,"B6_vs_A1":1.0,"B6_vs_A2":1.0,"B6_vs_A3":0.0,"B7_vs_A1":0.5,"B7_vs_A2":0.5,"B7_vs_A3":0.0,"B8_vs_A1":1.0,"B8_vs_A2":1.0,"B8_vs_A3":0.0,"B9_vs_A1":1.0,"B9_vs_A2":1.0,"B9_vs_A3":0.5},"repair_runtimes_ms":{"A1":123,"A2":889,"A3":430,"B1":649,"B2":8030,"B3":8572,"B4":113,"B5":9639,"B6":8174,"B7":375,"B8":10022,"B9":5570}}

--- stderr ---
SingleTrialExperiment starting: ontology=/workspaces/ontologyutils-ekaw26/repair-power-index-replication-ekaw26/ontologies/inconsistent/HDS.owl, seed=142051, run_id=20260624134028346645
Loaded ontology.
Normalizing ontology with SROIQ normalization...
Normalized ontology with SROIQ normalization.
Ontology is already inconsistent, skipping make-inconsistent step.
Repairing with A1 (random-removal)...
[2026-06-25 20:54:51.183] Checking precondition...
[2026-06-25 20:54:51.199] Starting the repair...
[2026-06-25 20:54:51.209] Found 91 possible bad axioms.
[2026-06-25 20:54:51.211] Selected the bad axiom SubClassOf(ObjectSomeValuesFrom(isPerpetratorOf ObjectAllValuesFrom(affected ObjectUnionOf(Organisation Victim))) Perpetrator).
[2026-06-25 20:54:51.218] Found 90 possible bad axioms.
[2026-06-25 20:54:51.218] Selected the bad axiom SubClassOf(ObjectSomeValuesFrom(affected owl:Thing) ObjectUnionOf(Event Incident)).
[2026-06-25 20:54:51.225] Found 89 possible bad axioms.
[2026-06-25 20:54:51.226] Selected the bad axiom SubClassOf(ObjectUnionOf(Victim ObjectUnionOf(Trafficker ObjectUnionOf(Organisation Perpetrator))) ObjectAllValuesFrom(affected ObjectUnionOf(Organisation Victim))).
[2026-06-25 20:54:51.231] Found 88 possible bad axioms.
[2026-06-25 20:54:51.231] Selected the bad axiom SubClassOf(ObjectSomeValuesFrom(involved owl:Thing) ObjectUnionOf(Event Incident)).
[2026-06-25 20:54:51.241] Found 87 possible bad axioms.
[2026-06-25 20:54:51.241] Selected the bad axiom SubClassOf(owl:Thing ObjectAllValuesFrom(isPerpetratorOf Incident)).
[2026-06-25 20:54:51.245] Found 86 possible bad axioms.
[2026-06-25 20:54:51.245] Selected the bad axiom SubClassOf(owl:Thing ObjectAllValuesFrom(involved ObjectUnionOf(Victim ObjectUnionOf(Organisation Trafficker)))).
[2026-06-25 20:54:51.249] Found 85 possible bad axioms.
[2026-06-25 20:54:51.249] Selected the bad axiom SubClassOf(ObjectSomeValuesFrom(isVictimOf ObjectAllValuesFrom(affected ObjectUnionOf(Organisation Victim))) Victim).
[2026-06-25 20:54:51.253] Found 84 possible bad axioms.
[2026-06-25 20:54:51.254] Selected the bad axiom SubClassOf(owl:Thing ObjectAllValuesFrom(involved ObjectUnionOf(Victim ObjectUnionOf(Trafficker ObjectUnionOf(Organisation Perpetrator))))).
[2026-06-25 20:54:51.257] Found 83 possible bad axioms.
[2026-06-25 20:54:51.258] Selected the bad axiom SubClassOf(ObjectSomeValuesFrom(involved owl:Thing) ObjectSomeValuesFrom(affected owl:Thing)).
[2026-06-25 20:54:51.261] Found 82 possible bad axioms.
[2026-06-25 20:54:51.261] Selected the bad axiom SubClassOf(ObjectSomeValuesFrom(location ObjectAllValuesFrom(location Location)) ObjectUnionOf(owl:Nothing ObjectUnionOf(Incident ObjectUnionOf(Destination Event)))).
[2026-06-25 20:54:51.264] Found 81 possible bad axioms.
[2026-06-25 20:54:51.264] Selected the bad axiom SubClassOf(owl:Thing ObjectAllValuesFrom(location owl:Nothing)).
[2026-06-25 20:54:51.273] Found 80 possible bad axioms.
[2026-06-25 20:54:51.273] Selected the bad axiom SubCla
...[truncated]
SUCCESS: attempt=11 seed=142051 success_count=4/100
progress: ontology=HDS attempt=11 success=4/100
----- HDS attempt=12 seed=156251 at 2026-06-25 20:55:43 -----
--- stdout ---
{"seed":156251,"run_id":"20260624134028346645","trial_status":"time_limit_exceeded","error_type":"timeout","failure_stage":"B4","error_message":"Repair timeout: B4 exceeded 300 seconds","iic_values":{},"repair_runtimes_ms":{"A1":119,"A2":894,"A3":435,"B1":3582,"B2":8003,"B3":8180,"B4":300111}}

--- stderr ---
SingleTrialExperiment starting: ontology=/workspaces/ontologyutils-ekaw26/repair-power-index-replication-ekaw26/ontologies/inconsistent/HDS.owl, seed=156251, run_id=20260624134028346645
Loaded ontology.
Normalizing ontology with SROIQ normalization...
Normalized ontology with SROIQ normalization.
Ontology is already inconsistent, skipping make-inconsistent step.
Repairing with A1 (random-removal)...
[2026-06-25 20:55:44.369] Checking precondition...
[2026-06-25 20:55:44.385] Starting the repair...
[2026-06-25 20:55:44.394] Found 91 possible bad axioms.
[2026-06-25 20:55:44.396] Selected the bad axiom SubClassOf(ObjectUnionOf(Victim ObjectUnionOf(Trafficker ObjectUnionOf(Organisation Perpetrator))) ObjectAllValuesFrom(affected ObjectUnionOf(Organisation Victim))).
[2026-06-25 20:55:44.402] Found 90 possible bad axioms.
[2026-06-25 20:55:44.403] Selected the bad axiom SubClassOf(ObjectAllValuesFrom(location Location) ObjectAllValuesFrom(location owl:Nothing)).
[2026-06-25 20:55:44.408] Found 89 possible bad axioms.
[2026-06-25 20:55:44.408] Selected the bad axiom SubClassOf(ObjectSomeValuesFrom(responseBy ObjectAllValuesFrom(responseBy Organisation)) Incident).
[2026-06-25 20:55:44.414] Found 88 possible bad axioms.
[2026-06-25 20:55:44.414] Selected the bad axiom SubClassOf(ObjectSomeValuesFrom(isVictimOf ObjectAllValuesFrom(responseBy Organisation)) Victim).
[2026-06-25 20:55:44.423] Found 87 possible bad axioms.
[2026-06-25 20:55:44.423] Selected the bad axiom SubClassOf(ObjectSomeValuesFrom(location ObjectAllValuesFrom(involved ObjectUnionOf(Victim ObjectUnionOf(Trafficker ObjectUnionOf(Organisation Perpetrator))))) ObjectUnionOf(owl:Nothing ObjectUnionOf(Incident ObjectUnionOf(Event ObjectUnionOf(Camp Destination))))).
[2026-06-25 20:55:44.428] Found 86 possible bad axioms.
[2026-06-25 20:55:44.428] Selected the bad axiom SubClassOf(Location Victim).
[2026-06-25 20:55:44.432] Found 85 possible bad axioms.
[2026-06-25 20:55:44.432] Selected the bad axiom SubClassOf(owl:Thing ObjectAllValuesFrom(involved ObjectUnionOf(Victim ObjectUnionOf(Trafficker ObjectUnionOf(Perpetrator owl:Nothing))))).
[2026-06-25 20:55:44.436] Found 84 possible bad axioms.
[2026-06-25 20:55:44.436] Selected the bad axiom SubClassOf(owl:Thing ObjectAllValuesFrom(isVictimOf ObjectUnionOf(Event Incident))).
[2026-06-25 20:55:44.439] Found 83 possible bad axioms.
[2026-06-25 20:55:44.440] Selected the bad axiom SubClassOf(ObjectSomeValuesFrom(location owl:Thing) ObjectUnionOf(owl:Nothing ObjectUnionOf(Incident ObjectUnionOf(Event ObjectUnionOf(Camp Destination))))).
[2026-06-25 20:55:44.443] Found 82 possible bad axioms.
[2026-06-25 20:55:44.443] Selected the bad axiom SubClassOf(ObjectAllValuesFrom(isVictimOf ObjectUnionOf(Event Incident)) ObjectAllValuesFrom(location Location)).
[2026-06-25 20:55:44.446] Found 81 possible bad axioms.
[2026-06-25 20:55:44.446] Selected the bad axiom SubClassOf(ObjectSomeValuesFrom(isPerpetratorOf ObjectAllValuesFrom(responseBy Organisation)
...[truncated]
FAIL: attempt=12 seed=156251 status=time_limit_exceeded stage=B4 message=Repair timeout: B4 exceeded 300 seconds
progress: ontology=HDS attempt=12 success=4/100
----- HDS attempt=13 seed=170451 at 2026-06-25 21:01:05 -----
--- stdout ---
{"seed":170451,"run_id":"20260624134028346645","trial_status":"time_limit_exceeded","error_type":"timeout","failure_stage":"B4","error_message":"Repair timeout: B4 exceeded 300 seconds","iic_values":{},"repair_runtimes_ms":{"A1":174,"A2":862,"A3":485,"B1":355,"B2":8113,"B3":5535,"B4":300472}}

--- stderr ---
SingleTrialExperiment starting: ontology=/workspaces/ontologyutils-ekaw26/repair-power-index-replication-ekaw26/ontologies/inconsistent/HDS.owl, seed=170451, run_id=20260624134028346645
Loaded ontology.
Normalizing ontology with SROIQ normalization...
Normalized ontology with SROIQ normalization.
Ontology is already inconsistent, skipping make-inconsistent step.
Repairing with A1 (random-removal)...
[2026-06-25 21:01:06.168] Checking precondition...
[2026-06-25 21:01:06.182] Starting the repair...
[2026-06-25 21:01:06.194] Found 91 possible bad axioms.
[2026-06-25 21:01:06.196] Selected the bad axiom SubClassOf(ObjectSomeValuesFrom(location ObjectAllValuesFrom(isPerpetratorOf ObjectUnionOf(Event Incident))) ObjectUnionOf(Organisation ObjectUnionOf(Incident ObjectUnionOf(Event ObjectUnionOf(Camp owl:Nothing))))).
[2026-06-25 21:01:06.203] Found 90 possible bad axioms.
[2026-06-25 21:01:06.203] Selected the bad axiom SubClassOf(ObjectSomeValuesFrom(location ObjectAllValuesFrom(isPerpetratorOf ObjectUnionOf(Event Incident))) ObjectUnionOf(owl:Nothing ObjectUnionOf(Incident ObjectUnionOf(Event ObjectUnionOf(Camp Destination))))).
[2026-06-25 21:01:06.209] Found 89 possible bad axioms.
[2026-06-25 21:01:06.209] Selected the bad axiom SubClassOf(ObjectSomeValuesFrom(isVictimOf ObjectAllValuesFrom(location ObjectAllValuesFrom(responseBy Organisation))) Victim).
[2026-06-25 21:01:06.215] Found 88 possible bad axioms.
[2026-06-25 21:01:06.215] Selected the bad axiom SubClassOf(ObjectSomeValuesFrom(isVictimOf ObjectAllValuesFrom(affected ObjectUnionOf(Organisation Victim))) Victim).
[2026-06-25 21:01:06.225] Found 87 possible bad axioms.
[2026-06-25 21:01:06.225] Selected the bad axiom SubClassOf(owl:Thing Victim).
[2026-06-25 21:01:06.230] Found 86 possible bad axioms.
[2026-06-25 21:01:06.231] Selected the bad axiom SubClassOf(ObjectSomeValuesFrom(location owl:Thing) ObjectUnionOf(owl:Nothing ObjectUnionOf(Incident ObjectUnionOf(Event ObjectUnionOf(Camp Destination))))).
[2026-06-25 21:01:06.234] Found 85 possible bad axioms.
[2026-06-25 21:01:06.235] Selected the bad axiom SubClassOf(ObjectSomeValuesFrom(affiliation ObjectAllValuesFrom(location Location)) ObjectUnionOf(Perpetrator Victim)).
[2026-06-25 21:01:06.238] Found 84 possible bad axioms.
[2026-06-25 21:01:06.238] Selected the bad axiom SubClassOf(owl:Thing ObjectUnionOf(Organisation ObjectUnionOf(Incident ObjectUnionOf(owl:Nothing ObjectUnionOf(Camp Destination))))).
[2026-06-25 21:01:06.242] Found 83 possible bad axioms.
[2026-06-25 21:01:06.242] Selected the bad axiom SubClassOf(ObjectSomeValuesFrom(affiliation owl:Thing) ObjectSomeValuesFrom(isPerpetratorOf owl:Thing)).
[2026-06-25 21:01:06.245] Found 82 possible bad axioms.
[2026-06-25 21:01:06.246] Selected the bad axiom SubClassOf(ObjectSomeValuesFrom(involved owl:Thing) ObjectSomeValuesFrom(affected owl:Thing)).
[2026-06-25 21:01:06.249] Found 81 possible bad axioms.
[2026-06-25 21:01:06.249] Selected the bad axiom SubClassOf(ObjectSomeVa
...[truncated]
FAIL: attempt=13 seed=170451 status=time_limit_exceeded stage=B4 message=Repair timeout: B4 exceeded 300 seconds
progress: ontology=HDS attempt=13 success=4/100
----- HDS attempt=14 seed=184651 at 2026-06-25 21:06:22 -----
--- stdout ---
{"seed":184651,"run_id":"20260624134028346645","trial_status":"success","error_type":null,"failure_stage":null,"error_message":null,"iic_values":{"B1_vs_A1":1.0,"B1_vs_A2":1.0,"B1_vs_A3":0.5,"B2_vs_A1":1.0,"B2_vs_A2":1.0,"B2_vs_A3":0.8529411764705882,"B3_vs_A1":1.0,"B3_vs_A2":1.0,"B3_vs_A3":0.75,"B4_vs_A1":1.0,"B4_vs_A2":1.0,"B4_vs_A3":0.5,"B5_vs_A1":1.0,"B5_vs_A2":1.0,"B5_vs_A3":0.75,"B6_vs_A1":1.0,"B6_vs_A2":1.0,"B6_vs_A3":0.8529411764705882,"B7_vs_A1":1.0,"B7_vs_A2":1.0,"B7_vs_A3":0.5,"B8_vs_A1":1.0,"B8_vs_A2":1.0,"B8_vs_A3":0.8529411764705882,"B9_vs_A1":1.0,"B9_vs_A2":1.0,"B9_vs_A3":0.8529411764705882},"repair_runtimes_ms":{"A1":194,"A2":835,"A3":3039,"B1":835,"B2":7938,"B3":8600,"B4":114,"B5":9604,"B6":5340,"B7":144,"B8":7531,"B9":5290}}

--- stderr ---
SingleTrialExperiment starting: ontology=/workspaces/ontologyutils-ekaw26/repair-power-index-replication-ekaw26/ontologies/inconsistent/HDS.owl, seed=184651, run_id=20260624134028346645
Loaded ontology.
Normalizing ontology with SROIQ normalization...
Normalized ontology with SROIQ normalization.
Ontology is already inconsistent, skipping make-inconsistent step.
Repairing with A1 (random-removal)...
[2026-06-25 21:06:22.662] Checking precondition...
[2026-06-25 21:06:22.677] Starting the repair...
[2026-06-25 21:06:22.687] Found 91 possible bad axioms.
[2026-06-25 21:06:22.689] Selected the bad axiom SubClassOf(owl:Thing ObjectAllValuesFrom(involved ObjectUnionOf(Victim ObjectUnionOf(Trafficker ObjectUnionOf(Perpetrator owl:Nothing))))).
[2026-06-25 21:06:22.697] Found 90 possible bad axioms.
[2026-06-25 21:06:22.697] Selected the bad axiom SubClassOf(ObjectAllValuesFrom(isPerpetratorOf ObjectUnionOf(Event Incident)) ObjectAllValuesFrom(isVictimOf ObjectUnionOf(Event Incident))).
[2026-06-25 21:06:22.703] Found 89 possible bad axioms.
[2026-06-25 21:06:22.703] Selected the bad axiom SubClassOf(ObjectAllValuesFrom(involved ObjectUnionOf(Victim ObjectUnionOf(Trafficker ObjectUnionOf(Perpetrator ObjectUnionOf(Organisation Perpetrator))))) ObjectAllValuesFrom(affected ObjectUnionOf(Organisation Victim))).
[2026-06-25 21:06:22.712] Found 88 possible bad axioms.
[2026-06-25 21:06:22.712] Selected the bad axiom SubClassOf(owl:Thing ObjectUnionOf(Organisation ObjectUnionOf(Incident ObjectUnionOf(Event ObjectUnionOf(Camp Destination))))).
[2026-06-25 21:06:22.717] Found 87 possible bad axioms.
[2026-06-25 21:06:22.718] Selected the bad axiom SubClassOf(ObjectSomeValuesFrom(location owl:Thing) ObjectUnionOf(owl:Nothing ObjectUnionOf(Incident ObjectUnionOf(Event ObjectUnionOf(Camp Destination))))).
[2026-06-25 21:06:22.722] Found 86 possible bad axioms.
[2026-06-25 21:06:22.722] Selected the bad axiom SubClassOf(owl:Thing ObjectAllValuesFrom(isVictimOf ObjectSomeValuesFrom(involved owl:Thing))).
[2026-06-25 21:06:22.726] Found 85 possible bad axioms.
[2026-06-25 21:06:22.726] Selected the bad axiom SubClassOf(ObjectSomeValuesFrom(location owl:Thing) ObjectUnionOf(Organisation ObjectUnionOf(Incident ObjectUnionOf(Camp Event)))).
[2026-06-25 21:06:22.731] Found 84 possible bad axioms.
[2026-06-25 21:06:22.732] Selected the bad axiom SubClassOf(ObjectAllValuesFrom(isPerpetratorOf ObjectUnionOf(Event Incident)) ObjectAllValuesFrom(involved ObjectUnionOf(Trafficker Victim))).
[2026-06-25 21:06:22.735] Found 83 possible bad axioms.
[2026-06-25 21:06:22.736] Selected the bad axiom SubClassOf(ObjectSomeValuesFrom(isVictimOf ObjectAllValuesFrom(location Location)) Victim).
[2026-06-25 21:06:22.739] Found 82 possible bad axioms.
[2026-06-25 21:06:22.739] Selected the bad axiom SubClassOf(ObjectSomeValuesFrom(affiliation ObjectAllValuesFrom(location Location)) ObjectUnionOf(Perpetrator Victim)).
[2026-06-25 21:06:22.742] Found 81 possible bad axioms.
[2026-06-25 21:06
...[truncated]
SUCCESS: attempt=14 seed=184651 success_count=5/100
progress: ontology=HDS attempt=14 success=5/100
----- HDS attempt=15 seed=198851 at 2026-06-25 21:07:13 -----
--- stdout ---
{"seed":198851,"run_id":"20260624134028346645","trial_status":"time_limit_exceeded","error_type":"timeout","failure_stage":"B7","error_message":"Repair timeout: B7 exceeded 300 seconds","iic_values":{},"repair_runtimes_ms":{"A1":181,"A2":852,"A3":446,"B1":361,"B2":7976,"B3":5589,"B4":117,"B5":10150,"B6":8062,"B7":300046}}

--- stderr ---
SingleTrialExperiment starting: ontology=/workspaces/ontologyutils-ekaw26/repair-power-index-replication-ekaw26/ontologies/inconsistent/HDS.owl, seed=198851, run_id=20260624134028346645
Loaded ontology.
Normalizing ontology with SROIQ normalization...
Normalized ontology with SROIQ normalization.
Ontology is already inconsistent, skipping make-inconsistent step.
Repairing with A1 (random-removal)...
[2026-06-25 21:07:14.062] Checking precondition...
[2026-06-25 21:07:14.077] Starting the repair...
[2026-06-25 21:07:14.087] Found 91 possible bad axioms.
[2026-06-25 21:07:14.088] Selected the bad axiom SubClassOf(ObjectAllValuesFrom(location Location) ObjectAllValuesFrom(location owl:Nothing)).
[2026-06-25 21:07:14.095] Found 90 possible bad axioms.
[2026-06-25 21:07:14.095] Selected the bad axiom SubClassOf(ObjectSomeValuesFrom(affected owl:Thing) ObjectUnionOf(Event Incident)).
[2026-06-25 21:07:14.100] Found 89 possible bad axioms.
[2026-06-25 21:07:14.101] Selected the bad axiom SubClassOf(ObjectSomeValuesFrom(isVictimOf ObjectAllValuesFrom(responseBy Organisation)) Victim).
[2026-06-25 21:07:14.106] Found 88 possible bad axioms.
[2026-06-25 21:07:14.107] Selected the bad axiom SubClassOf(ObjectSomeValuesFrom(responseBy ObjectAllValuesFrom(responseBy Organisation)) Incident).
[2026-06-25 21:07:14.116] Found 87 possible bad axioms.
[2026-06-25 21:07:14.116] Selected the bad axiom SubClassOf(ObjectAllValuesFrom(location Location) ObjectAllValuesFrom(isPerpetratorOf Incident)).
[2026-06-25 21:07:14.120] Found 86 possible bad axioms.
[2026-06-25 21:07:14.121] Selected the bad axiom SubClassOf(owl:Thing ObjectAllValuesFrom(involved ObjectUnionOf(Victim ObjectUnionOf(Organisation Trafficker)))).
[2026-06-25 21:07:14.125] Found 85 possible bad axioms.
[2026-06-25 21:07:14.125] Selected the bad axiom SubClassOf(ObjectAllValuesFrom(affiliation Organisation) ObjectAllValuesFrom(affected ObjectUnionOf(Organisation Victim))).
[2026-06-25 21:07:14.129] Found 84 possible bad axioms.
[2026-06-25 21:07:14.129] Selected the bad axiom SubClassOf(ObjectSomeValuesFrom(isVictimOf ObjectAllValuesFrom(isPerpetratorOf ObjectUnionOf(Event Incident))) Victim).
[2026-06-25 21:07:14.133] Found 83 possible bad axioms.
[2026-06-25 21:07:14.133] Selected the bad axiom SubClassOf(ObjectSomeValuesFrom(isPerpetratorOf ObjectAllValuesFrom(affiliation Organisation)) Perpetrator).
[2026-06-25 21:07:14.136] Found 82 possible bad axioms.
[2026-06-25 21:07:14.136] Selected the bad axiom SubClassOf(ObjectSomeValuesFrom(affiliation ObjectAllValuesFrom(location Location)) Perpetrator).
[2026-06-25 21:07:14.140] Found 81 possible bad axioms.
[2026-06-25 21:07:14.140] Selected the bad axiom SubClassOf(owl:Thing ObjectAllValuesFrom(involved ObjectUnionOf(Victim ObjectUnionOf(Trafficker ObjectUnionOf(Organisation ObjectSomeValuesFrom(isPerpetratorOf owl:Thing)))))).
[2026-06-25 21:07:14.148] Found 80 possible bad axioms.
[2026-06-25 21:07:14.148] Selected the bad axiom SubClassOf(ObjectSome
...[truncated]
FAIL: attempt=15 seed=198851 status=time_limit_exceeded stage=B7 message=Repair timeout: B7 exceeded 300 seconds
progress: ontology=HDS attempt=15 success=5/100
----- HDS attempt=16 seed=213051 at 2026-06-25 21:12:47 -----
--- stdout ---
{"seed":213051,"run_id":"20260624134028346645","trial_status":"success","error_type":null,"failure_stage":null,"error_message":null,"iic_values":{"B1_vs_A1":1.0,"B1_vs_A2":1.0,"B1_vs_A3":0.6190476190476191,"B2_vs_A1":1.0,"B2_vs_A2":1.0,"B2_vs_A3":0.8333333333333334,"B3_vs_A1":1.0,"B3_vs_A2":1.0,"B3_vs_A3":0.8333333333333334,"B4_vs_A1":1.0,"B4_vs_A2":1.0,"B4_vs_A3":0.8333333333333334,"B5_vs_A1":1.0,"B5_vs_A2":1.0,"B5_vs_A3":0.8333333333333334,"B6_vs_A1":1.0,"B6_vs_A2":1.0,"B6_vs_A3":0.8333333333333334,"B7_vs_A1":1.0,"B7_vs_A2":1.0,"B7_vs_A3":0.5,"B8_vs_A1":1.0,"B8_vs_A2":1.0,"B8_vs_A3":0.8333333333333334,"B9_vs_A1":1.0,"B9_vs_A2":1.0,"B9_vs_A3":0.7307692307692307},"repair_runtimes_ms":{"A1":257,"A2":802,"A3":792,"B1":1391,"B2":7996,"B3":5580,"B4":105,"B5":7516,"B6":5447,"B7":144,"B8":7597,"B9":7669}}

--- stderr ---
SingleTrialExperiment starting: ontology=/workspaces/ontologyutils-ekaw26/repair-power-index-replication-ekaw26/ontologies/inconsistent/HDS.owl, seed=213051, run_id=20260624134028346645
Loaded ontology.
Normalizing ontology with SROIQ normalization...
Normalized ontology with SROIQ normalization.
Ontology is already inconsistent, skipping make-inconsistent step.
Repairing with A1 (random-removal)...
[2026-06-25 21:12:48.331] Checking precondition...
[2026-06-25 21:12:48.346] Starting the repair...
[2026-06-25 21:12:48.356] Found 91 possible bad axioms.
[2026-06-25 21:12:48.358] Selected the bad axiom SubClassOf(ObjectAllValuesFrom(isVictimOf ObjectUnionOf(Event Incident)) ObjectAllValuesFrom(isPerpetratorOf ObjectUnionOf(Event Incident))).
[2026-06-25 21:12:48.364] Found 90 possible bad axioms.
[2026-06-25 21:12:48.364] Selected the bad axiom SubClassOf(owl:Thing ObjectAllValuesFrom(involved ObjectUnionOf(Victim ObjectUnionOf(Trafficker ObjectUnionOf(Perpetrator owl:Nothing))))).
[2026-06-25 21:12:48.369] Found 89 possible bad axioms.
[2026-06-25 21:12:48.370] Selected the bad axiom SubClassOf(ObjectSomeValuesFrom(location ObjectAllValuesFrom(isPerpetratorOf ObjectUnionOf(Event Incident))) ObjectUnionOf(Organisation ObjectUnionOf(Incident ObjectUnionOf(Event ObjectUnionOf(Camp owl:Nothing))))).
[2026-06-25 21:12:48.377] Found 88 possible bad axioms.
[2026-06-25 21:12:48.377] Selected the bad axiom SubClassOf(owl:Thing ObjectAllValuesFrom(involved ObjectUnionOf(Trafficker ObjectSomeValuesFrom(isVictimOf owl:Thing)))).
[2026-06-25 21:12:48.386] Found 87 possible bad axioms.
[2026-06-25 21:12:48.387] Selected the bad axiom SubClassOf(ObjectSomeValuesFrom(isPerpetratorOf ObjectAllValuesFrom(affiliation Organisation)) Perpetrator).
[2026-06-25 21:12:48.391] Found 86 possible bad axioms.
[2026-06-25 21:12:48.391] Selected the bad axiom SubClassOf(Location Victim).
[2026-06-25 21:12:48.395] Found 85 possible bad axioms.
[2026-06-25 21:12:48.395] Selected the bad axiom SubClassOf(ObjectSomeValuesFrom(responseBy owl:Thing) Incident).
[2026-06-25 21:12:48.399] Found 84 possible bad axioms.
[2026-06-25 21:12:48.399] Selected the bad axiom SubClassOf(owl:Thing ObjectAllValuesFrom(isPerpetratorOf ObjectUnionOf(Event Incident))).
[2026-06-25 21:12:48.403] Found 83 possible bad axioms.
[2026-06-25 21:12:48.403] Selected the bad axiom SubClassOf(ObjectSomeValuesFrom(affiliation owl:Thing) Perpetrator).
[2026-06-25 21:12:48.406] Found 82 possible bad axioms.
[2026-06-25 21:12:48.406] Selected the bad axiom SubClassOf(ObjectSomeValuesFrom(isVictimOf ObjectAllValuesFrom(location Location)) Victim).
[2026-06-25 21:12:48.409] Found 81 possible bad axioms.
[2026-06-25 21:12:48.410] Selected the bad axiom SubClassOf(owl:Thing ObjectAllValuesFrom(isVictimOf ObjectSomeValuesFrom(involved owl:Thing))).
[2026-06-25 21:12:48.418] Found 80 possible bad axioms.
[2026-06-25 21:12:48.419] Selected the bad axiom SubClassOf(ObjectSomeValuesFrom(affiliation owl:Thing) ObjectSomeVa
...[truncated]
SUCCESS: attempt=16 seed=213051 success_count=6/100
progress: ontology=HDS attempt=16 success=6/100
----- HDS attempt=17 seed=227251 at 2026-06-25 21:13:33 -----
--- stdout ---
{"seed":227251,"run_id":"20260624134028346645","trial_status":"time_limit_exceeded","error_type":"timeout","failure_stage":"B4","error_message":"Repair timeout: B4 exceeded 300 seconds","iic_values":{},"repair_runtimes_ms":{"A1":244,"A2":843,"A3":2280,"B1":586,"B2":8056,"B3":5540,"B4":300284}}

--- stderr ---
SingleTrialExperiment starting: ontology=/workspaces/ontologyutils-ekaw26/repair-power-index-replication-ekaw26/ontologies/inconsistent/HDS.owl, seed=227251, run_id=20260624134028346645
Loaded ontology.
Normalizing ontology with SROIQ normalization...
Normalized ontology with SROIQ normalization.
Ontology is already inconsistent, skipping make-inconsistent step.
Repairing with A1 (random-removal)...
[2026-06-25 21:13:34.153] Checking precondition...
[2026-06-25 21:13:34.168] Starting the repair...
[2026-06-25 21:13:34.177] Found 91 possible bad axioms.
[2026-06-25 21:13:34.179] Selected the bad axiom SubClassOf(ObjectSomeValuesFrom(location owl:Thing) ObjectUnionOf(owl:Nothing ObjectUnionOf(Incident ObjectUnionOf(Event ObjectUnionOf(Destination owl:Nothing))))).
[2026-06-25 21:13:34.185] Found 90 possible bad axioms.
[2026-06-25 21:13:34.185] Selected the bad axiom SubClassOf(ObjectSomeValuesFrom(isVictimOf ObjectAllValuesFrom(isPerpetratorOf ObjectUnionOf(Event Incident))) Victim).
[2026-06-25 21:13:34.191] Found 89 possible bad axioms.
[2026-06-25 21:13:34.191] Selected the bad axiom SubClassOf(Location Victim).
[2026-06-25 21:13:34.196] Found 88 possible bad axioms.
[2026-06-25 21:13:34.196] Selected the bad axiom SubClassOf(ObjectSomeValuesFrom(isPerpetratorOf owl:Thing) Perpetrator).
[2026-06-25 21:13:34.205] Found 87 possible bad axioms.
[2026-06-25 21:13:34.205] Selected the bad axiom SubClassOf(ObjectSomeValuesFrom(location ObjectAllValuesFrom(involved ObjectUnionOf(Victim ObjectUnionOf(Trafficker ObjectUnionOf(Organisation Perpetrator))))) ObjectUnionOf(Organisation ObjectUnionOf(Incident ObjectUnionOf(Camp Event)))).
[2026-06-25 21:13:34.210] Found 86 possible bad axioms.
[2026-06-25 21:13:34.210] Selected the bad axiom SubClassOf(ObjectSomeValuesFrom(affected ObjectAllValuesFrom(isPerpetratorOf ObjectUnionOf(Event Incident))) ObjectUnionOf(Event Incident)).
[2026-06-25 21:13:34.214] Found 85 possible bad axioms.
[2026-06-25 21:13:34.214] Selected the bad axiom SubClassOf(ObjectAllValuesFrom(isVictimOf ObjectUnionOf(Event Incident)) ObjectAllValuesFrom(location Location)).
[2026-06-25 21:13:34.219] Found 84 possible bad axioms.
[2026-06-25 21:13:34.219] Selected the bad axiom SubClassOf(ObjectSomeValuesFrom(location ObjectAllValuesFrom(location Location)) ObjectUnionOf(owl:Nothing ObjectUnionOf(Incident ObjectUnionOf(Event ObjectUnionOf(Camp Destination))))).
[2026-06-25 21:13:34.223] Found 83 possible bad axioms.
[2026-06-25 21:13:34.223] Selected the bad axiom SubClassOf(ObjectUnionOf(Victim ObjectUnionOf(Trafficker ObjectUnionOf(Organisation Perpetrator))) ObjectAllValuesFrom(affected ObjectUnionOf(Organisation Victim))).
[2026-06-25 21:13:34.226] Found 82 possible bad axioms.
[2026-06-25 21:13:34.227] Selected the bad axiom SubClassOf(ObjectSomeValuesFrom(affiliation ObjectAllValuesFrom(location Location)) Perpetrator).
[2026-06-25 21:13:34.230] Found 81 possible bad axioms.
[2026-06-25 21:13:34.230] Selected the bad axiom SubClassO
...[truncated]
FAIL: attempt=17 seed=227251 status=time_limit_exceeded stage=B4 message=Repair timeout: B4 exceeded 300 seconds
progress: ontology=HDS attempt=17 success=6/100
----- HDS attempt=18 seed=241451 at 2026-06-25 21:18:52 -----
--- stdout ---
{"seed":241451,"run_id":"20260624134028346645","trial_status":"time_limit_exceeded","error_type":"timeout","failure_stage":"B4","error_message":"Repair timeout: B4 exceeded 300 seconds","iic_values":{},"repair_runtimes_ms":{"A1":93,"A2":887,"A3":478,"B1":385,"B2":8034,"B3":5587,"B4":300244}}

--- stderr ---
SingleTrialExperiment starting: ontology=/workspaces/ontologyutils-ekaw26/repair-power-index-replication-ekaw26/ontologies/inconsistent/HDS.owl, seed=241451, run_id=20260624134028346645
Loaded ontology.
Normalizing ontology with SROIQ normalization...
Normalized ontology with SROIQ normalization.
Ontology is already inconsistent, skipping make-inconsistent step.
Repairing with A1 (random-removal)...
[2026-06-25 21:18:52.463] Checking precondition...
[2026-06-25 21:18:52.479] Starting the repair...
[2026-06-25 21:18:52.490] Found 91 possible bad axioms.
[2026-06-25 21:18:52.492] Selected the bad axiom SubClassOf(ObjectSomeValuesFrom(location owl:Thing) ObjectUnionOf(Organisation ObjectUnionOf(Incident ObjectUnionOf(owl:Nothing ObjectUnionOf(Camp owl:Nothing))))).
[2026-06-25 21:18:52.499] Found 90 possible bad axioms.
[2026-06-25 21:18:52.499] Selected the bad axiom SubClassOf(ObjectSomeValuesFrom(isPerpetratorOf ObjectAllValuesFrom(affected ObjectUnionOf(Organisation Victim))) Perpetrator).
[2026-06-25 21:18:52.504] Found 89 possible bad axioms.
[2026-06-25 21:18:52.505] Selected the bad axiom SubClassOf(ObjectAllValuesFrom(isVictimOf ObjectUnionOf(Event Incident)) ObjectAllValuesFrom(isPerpetratorOf ObjectUnionOf(Event Incident))).
[2026-06-25 21:18:52.510] Found 88 possible bad axioms.
[2026-06-25 21:18:52.510] Selected the bad axiom SubClassOf(owl:Thing ObjectAllValuesFrom(isVictimOf ObjectSomeValuesFrom(involved owl:Thing))).
[2026-06-25 21:18:52.519] Found 87 possible bad axioms.
[2026-06-25 21:18:52.519] Selected the bad axiom SubClassOf(ObjectAllValuesFrom(location Location) ObjectAllValuesFrom(isPerpetratorOf Incident)).
[2026-06-25 21:18:52.523] Found 86 possible bad axioms.
[2026-06-25 21:18:52.524] Selected the bad axiom SubClassOf(ObjectAllValuesFrom(isPerpetratorOf ObjectUnionOf(Event Incident)) ObjectAllValuesFrom(isVictimOf ObjectUnionOf(Event Incident))).
[2026-06-25 21:18:52.528] Found 85 possible bad axioms.
[2026-06-25 21:18:52.528] Selected the bad axiom SubClassOf(ObjectSomeValuesFrom(involved owl:Thing) ObjectSomeValuesFrom(affected owl:Thing)).
[2026-06-25 21:18:52.532] Found 84 possible bad axioms.
[2026-06-25 21:18:52.532] Selected the bad axiom SubClassOf(ObjectSomeValuesFrom(location ObjectAllValuesFrom(involved ObjectUnionOf(Victim ObjectUnionOf(Trafficker ObjectUnionOf(Organisation Perpetrator))))) ObjectUnionOf(Organisation ObjectUnionOf(Incident ObjectUnionOf(Camp Event)))).
[2026-06-25 21:18:52.536] Found 83 possible bad axioms.
[2026-06-25 21:18:52.536] Selected the bad axiom SubClassOf(ObjectSomeValuesFrom(location owl:Thing) ObjectUnionOf(Organisation ObjectUnionOf(Incident ObjectUnionOf(Event ObjectUnionOf(Camp Destination))))).
[2026-06-25 21:18:52.540] Found 82 possible bad axioms.
[2026-06-25 21:18:52.540] Selected the bad axiom SubClassOf(ObjectAllValuesFrom(involved ObjectUnionOf(Victim ObjectUnionOf(Trafficker ObjectUnionOf(Perpetrator ObjectUnionOf(Organisation Perpetrator))))) ObjectAllValuesFrom(affect
...[truncated]
FAIL: attempt=18 seed=241451 status=time_limit_exceeded stage=B4 message=Repair timeout: B4 exceeded 300 seconds
progress: ontology=HDS attempt=18 success=6/100
----- HDS attempt=19 seed=255651 at 2026-06-25 21:24:08 -----
--- stdout ---
{"seed":255651,"run_id":"20260624134028346645","trial_status":"success","error_type":null,"failure_stage":null,"error_message":null,"iic_values":{"B1_vs_A1":0.5,"B1_vs_A2":0.5,"B1_vs_A3":0.0,"B2_vs_A1":1.0,"B2_vs_A2":1.0,"B2_vs_A3":0.62,"B3_vs_A1":1.0,"B3_vs_A2":1.0,"B3_vs_A3":0.5,"B4_vs_A1":1.0,"B4_vs_A2":1.0,"B4_vs_A3":0.2692307692307692,"B5_vs_A1":1.0,"B5_vs_A2":1.0,"B5_vs_A3":0.5,"B6_vs_A1":1.0,"B6_vs_A2":1.0,"B6_vs_A3":0.62,"B7_vs_A1":1.0,"B7_vs_A2":1.0,"B7_vs_A3":0.6666666666666666,"B8_vs_A1":1.0,"B8_vs_A2":1.0,"B8_vs_A3":0.5,"B9_vs_A1":1.0,"B9_vs_A2":1.0,"B9_vs_A3":0.5},"repair_runtimes_ms":{"A1":155,"A2":853,"A3":2228,"B1":308,"B2":8023,"B3":8458,"B4":216,"B5":10148,"B6":5440,"B7":162,"B8":9782,"B9":8538}}

--- stderr ---
SingleTrialExperiment starting: ontology=/workspaces/ontologyutils-ekaw26/repair-power-index-replication-ekaw26/ontologies/inconsistent/HDS.owl, seed=255651, run_id=20260624134028346645
Loaded ontology.
Normalizing ontology with SROIQ normalization...
Normalized ontology with SROIQ normalization.
Ontology is already inconsistent, skipping make-inconsistent step.
Repairing with A1 (random-removal)...
[2026-06-25 21:24:08.647] Checking precondition...
[2026-06-25 21:24:08.662] Starting the repair...
[2026-06-25 21:24:08.670] Found 91 possible bad axioms.
[2026-06-25 21:24:08.672] Selected the bad axiom SubClassOf(ObjectSomeValuesFrom(responseBy ObjectAllValuesFrom(responseBy Organisation)) Incident).
[2026-06-25 21:24:08.680] Found 90 possible bad axioms.
[2026-06-25 21:24:08.680] Selected the bad axiom SubClassOf(ObjectSomeValuesFrom(affiliation owl:Thing) ObjectUnionOf(Perpetrator Victim)).
[2026-06-25 21:24:08.685] Found 89 possible bad axioms.
[2026-06-25 21:24:08.686] Selected the bad axiom SubClassOf(ObjectAllValuesFrom(location Location) ObjectAllValuesFrom(location owl:Nothing)).
[2026-06-25 21:24:08.690] Found 88 possible bad axioms.
[2026-06-25 21:24:08.690] Selected the bad axiom SubClassOf(ObjectSomeValuesFrom(responseBy owl:Thing) Incident).
[2026-06-25 21:24:08.701] Found 87 possible bad axioms.
[2026-06-25 21:24:08.702] Selected the bad axiom SubClassOf(ObjectSomeValuesFrom(affiliation ObjectAllValuesFrom(location Location)) Perpetrator).
[2026-06-25 21:24:08.706] Found 86 possible bad axioms.
[2026-06-25 21:24:08.706] Selected the bad axiom SubClassOf(ObjectAllValuesFrom(involved ObjectUnionOf(Victim ObjectUnionOf(Trafficker ObjectUnionOf(Trafficker ObjectUnionOf(Organisation Perpetrator))))) ObjectAllValuesFrom(affected ObjectUnionOf(Organisation Victim))).
[2026-06-25 21:24:08.710] Found 85 possible bad axioms.
[2026-06-25 21:24:08.710] Selected the bad axiom SubClassOf(ObjectSomeValuesFrom(location owl:Thing) ObjectUnionOf(Organisation ObjectUnionOf(Incident ObjectUnionOf(Event ObjectUnionOf(Camp owl:Nothing))))).
[2026-06-25 21:24:08.714] Found 84 possible bad axioms.
[2026-06-25 21:24:08.714] Selected the bad axiom SubClassOf(ObjectSomeValuesFrom(affected owl:Thing) ObjectUnionOf(Event Incident)).
[2026-06-25 21:24:08.718] Found 83 possible bad axioms.
[2026-06-25 21:24:08.718] Selected the bad axiom SubClassOf(ObjectSomeValuesFrom(isVictimOf ObjectAllValuesFrom(responseBy Organisation)) Victim).
[2026-06-25 21:24:08.722] Found 82 possible bad axioms.
[2026-06-25 21:24:08.722] Selected the bad axiom SubClassOf(owl:Thing ObjectAllValuesFrom(involved ObjectUnionOf(Victim ObjectUnionOf(Organisation Trafficker)))).
[2026-06-25 21:24:08.725] Found 81 possible bad axioms.
[2026-06-25 21:24:08.725] Selected the bad axiom SubClassOf(ObjectSomeValuesFrom(isVictimOf ObjectAllValuesFrom(isPerpetratorOf ObjectUnionOf(Event Incident))) Victim).
[2026-06-25 21:24:08.733] Found 80 possible bad axioms.
[2026-06-25 21:24:08.734] Selected the ba
...[truncated]
SUCCESS: attempt=19 seed=255651 success_count=7/100
progress: ontology=HDS attempt=19 success=7/100
----- HDS attempt=20 seed=269851 at 2026-06-25 21:25:03 -----
--- stdout ---
{"seed":269851,"run_id":"20260624134028346645","trial_status":"time_limit_exceeded","error_type":"timeout","failure_stage":"B4","error_message":"Repair timeout: B4 exceeded 300 seconds","iic_values":{},"repair_runtimes_ms":{"A1":97,"A2":909,"A3":598,"B1":629,"B2":8041,"B3":8398,"B4":300175}}

--- stderr ---
SingleTrialExperiment starting: ontology=/workspaces/ontologyutils-ekaw26/repair-power-index-replication-ekaw26/ontologies/inconsistent/HDS.owl, seed=269851, run_id=20260624134028346645
Loaded ontology.
Normalizing ontology with SROIQ normalization...
Normalized ontology with SROIQ normalization.
Ontology is already inconsistent, skipping make-inconsistent step.
Repairing with A1 (random-removal)...
[2026-06-25 21:25:03.475] Checking precondition...
[2026-06-25 21:25:03.490] Starting the repair...
[2026-06-25 21:25:03.498] Found 91 possible bad axioms.
[2026-06-25 21:25:03.500] Selected the bad axiom SubClassOf(owl:Thing ObjectAllValuesFrom(isVictimOf ObjectSomeValuesFrom(involved owl:Thing))).
[2026-06-25 21:25:03.507] Found 90 possible bad axioms.
[2026-06-25 21:25:03.508] Selected the bad axiom SubClassOf(owl:Thing ObjectAllValuesFrom(affected ObjectUnionOf(Organisation Victim))).
[2026-06-25 21:25:03.514] Found 89 possible bad axioms.
[2026-06-25 21:25:03.514] Selected the bad axiom SubClassOf(owl:Thing ObjectAllValuesFrom(involved ObjectUnionOf(Victim ObjectUnionOf(Trafficker ObjectUnionOf(Perpetrator owl:Nothing))))).
[2026-06-25 21:25:03.525] Found 88 possible bad axioms.
[2026-06-25 21:25:03.525] Selected the bad axiom SubClassOf(ObjectSomeValuesFrom(affiliation ObjectAllValuesFrom(location Location)) Perpetrator).
[2026-06-25 21:25:03.529] Found 87 possible bad axioms.
[2026-06-25 21:25:03.530] Selected the bad axiom SubClassOf(owl:Thing Victim).
[2026-06-25 21:25:03.534] Found 86 possible bad axioms.
[2026-06-25 21:25:03.535] Selected the bad axiom SubClassOf(owl:Thing ObjectAllValuesFrom(involved ObjectUnionOf(Victim ObjectUnionOf(Perpetrator Trafficker)))).
[2026-06-25 21:25:03.538] Found 85 possible bad axioms.
[2026-06-25 21:25:03.539] Selected the bad axiom SubClassOf(ObjectSomeValuesFrom(affected owl:Thing) ObjectUnionOf(Event Incident)).
[2026-06-25 21:25:03.542] Found 84 possible bad axioms.
[2026-06-25 21:25:03.542] Selected the bad axiom SubClassOf(ObjectSomeValuesFrom(affiliation owl:Thing) ObjectUnionOf(Perpetrator ObjectSomeValuesFrom(isVictimOf ObjectAllValuesFrom(isPerpetratorOf ObjectSomeValuesFrom(affected owl:Thing))))).
[2026-06-25 21:25:03.545] Found 83 possible bad axioms.
[2026-06-25 21:25:03.546] Selected the bad axiom SubClassOf(owl:Thing ObjectUnionOf(Perpetrator Victim)).
[2026-06-25 21:25:03.549] Found 82 possible bad axioms.
[2026-06-25 21:25:03.549] Selected the bad axiom SubClassOf(ObjectUnionOf(Victim ObjectUnionOf(Trafficker ObjectUnionOf(Organisation Perpetrator))) ObjectAllValuesFrom(affected ObjectUnionOf(Organisation Victim))).
[2026-06-25 21:25:03.552] Found 81 possible bad axioms.
[2026-06-25 21:25:03.552] Selected the bad axiom SubClassOf(ObjectSomeValuesFrom(isPerpetratorOf ObjectAllValuesFrom(affected ObjectUnionOf(Organisation Victim))) Perpetrator).
[2026-06-25 21:25:03.561] Found 80 possible bad axioms.
[2026-06-25 21:25:03.562] Selected the bad axiom SubClassOf(ObjectSomeValuesFrom(involved O
...[truncated]
FAIL: attempt=20 seed=269851 status=time_limit_exceeded stage=B4 message=Repair timeout: B4 exceeded 300 seconds
progress: ontology=HDS attempt=20 success=7/100
----- HDS attempt=21 seed=284051 at 2026-06-25 21:30:22 -----
--- stdout ---
{"seed":284051,"run_id":"20260624134028346645","trial_status":"time_limit_exceeded","error_type":"timeout","failure_stage":"B4","error_message":"Repair timeout: B4 exceeded 300 seconds","iic_values":{},"repair_runtimes_ms":{"A1":224,"A2":824,"A3":1949,"B1":300,"B2":8100,"B3":5474,"B4":300004}}

--- stderr ---
SingleTrialExperiment starting: ontology=/workspaces/ontologyutils-ekaw26/repair-power-index-replication-ekaw26/ontologies/inconsistent/HDS.owl, seed=284051, run_id=20260624134028346645
Loaded ontology.
Normalizing ontology with SROIQ normalization...
Normalized ontology with SROIQ normalization.
Ontology is already inconsistent, skipping make-inconsistent step.
Repairing with A1 (random-removal)...
[2026-06-25 21:30:22.798] Checking precondition...
[2026-06-25 21:30:22.818] Starting the repair...
[2026-06-25 21:30:22.828] Found 91 possible bad axioms.
[2026-06-25 21:30:22.829] Selected the bad axiom SubClassOf(ObjectSomeValuesFrom(affiliation owl:Thing) ObjectUnionOf(Perpetrator ObjectSomeValuesFrom(isVictimOf ObjectAllValuesFrom(isPerpetratorOf ObjectUnionOf(Event Incident))))).
[2026-06-25 21:30:22.837] Found 90 possible bad axioms.
[2026-06-25 21:30:22.837] Selected the bad axiom SubClassOf(ObjectAllValuesFrom(location Location) ObjectAllValuesFrom(location owl:Nothing)).
[2026-06-25 21:30:22.842] Found 89 possible bad axioms.
[2026-06-25 21:30:22.843] Selected the bad axiom SubClassOf(ObjectAllValuesFrom(affected ObjectUnionOf(Organisation Victim)) ObjectAllValuesFrom(location Location)).
[2026-06-25 21:30:22.847] Found 88 possible bad axioms.
[2026-06-25 21:30:22.848] Selected the bad axiom SubClassOf(ObjectSomeValuesFrom(location ObjectAllValuesFrom(isPerpetratorOf ObjectUnionOf(Event Incident))) ObjectUnionOf(Organisation ObjectUnionOf(Incident ObjectUnionOf(Event ObjectUnionOf(Camp owl:Nothing))))).
[2026-06-25 21:30:22.858] Found 87 possible bad axioms.
[2026-06-25 21:30:22.858] Selected the bad axiom SubClassOf(ObjectAllValuesFrom(involved ObjectUnionOf(Victim ObjectUnionOf(Trafficker ObjectUnionOf(Organisation Perpetrator)))) ObjectAllValuesFrom(isPerpetratorOf ObjectUnionOf(Event Incident))).
[2026-06-25 21:30:22.863] Found 86 possible bad axioms.
[2026-06-25 21:30:22.863] Selected the bad axiom SubClassOf(owl:Thing ObjectAllValuesFrom(involved ObjectUnionOf(Trafficker ObjectSomeValuesFrom(isVictimOf owl:Thing)))).
[2026-06-25 21:30:22.867] Found 85 possible bad axioms.
[2026-06-25 21:30:22.867] Selected the bad axiom SubClassOf(ObjectAllValuesFrom(isPerpetratorOf ObjectUnionOf(Event Incident)) ObjectAllValuesFrom(affected ObjectUnionOf(Organisation Victim))).
[2026-06-25 21:30:22.871] Found 84 possible bad axioms.
[2026-06-25 21:30:22.871] Selected the bad axiom SubClassOf(ObjectSomeValuesFrom(affiliation owl:Thing) ObjectUnionOf(Perpetrator ObjectSomeValuesFrom(isVictimOf ObjectAllValuesFrom(isPerpetratorOf ObjectSomeValuesFrom(affected owl:Thing))))).
[2026-06-25 21:30:22.875] Found 83 possible bad axioms.
[2026-06-25 21:30:22.875] Selected the bad axiom SubClassOf(owl:Thing ObjectUnionOf(Perpetrator Victim)).
[2026-06-25 21:30:22.879] Found 82 possible bad axioms.
[2026-06-25 21:30:22.879] Selected the bad axiom SubClassOf(owl:Thing ObjectAllValuesFrom(involved ObjectUnionOf(Victim ObjectUnionOf(Trafficker ObjectUnionOf(Organisat
...[truncated]
FAIL: attempt=21 seed=284051 status=time_limit_exceeded stage=B4 message=Repair timeout: B4 exceeded 300 seconds
progress: ontology=HDS attempt=21 success=7/100
----- HDS attempt=22 seed=298251 at 2026-06-25 21:35:39 -----
--- stdout ---
{"seed":298251,"run_id":"20260624134028346645","trial_status":"time_limit_exceeded","error_type":"timeout","failure_stage":"B4","error_message":"Repair timeout: B4 exceeded 300 seconds","iic_values":{},"repair_runtimes_ms":{"A1":111,"A2":918,"A3":2278,"B1":1526,"B2":10331,"B3":5646,"B4":300002}}

--- stderr ---
SingleTrialExperiment starting: ontology=/workspaces/ontologyutils-ekaw26/repair-power-index-replication-ekaw26/ontologies/inconsistent/HDS.owl, seed=298251, run_id=20260624134028346645
Loaded ontology.
Normalizing ontology with SROIQ normalization...
Normalized ontology with SROIQ normalization.
Ontology is already inconsistent, skipping make-inconsistent step.
Repairing with A1 (random-removal)...
[2026-06-25 21:35:40.157] Checking precondition...
[2026-06-25 21:35:40.171] Starting the repair...
[2026-06-25 21:35:40.180] Found 91 possible bad axioms.
[2026-06-25 21:35:40.182] Selected the bad axiom SubClassOf(ObjectSomeValuesFrom(affected ObjectAllValuesFrom(isPerpetratorOf ObjectUnionOf(Event Incident))) ObjectUnionOf(Event Incident)).
[2026-06-25 21:35:40.189] Found 90 possible bad axioms.
[2026-06-25 21:35:40.189] Selected the bad axiom SubClassOf(ObjectSomeValuesFrom(isVictimOf ObjectAllValuesFrom(affected ObjectUnionOf(Organisation Victim))) Victim).
[2026-06-25 21:35:40.194] Found 89 possible bad axioms.
[2026-06-25 21:35:40.195] Selected the bad axiom SubClassOf(ObjectSomeValuesFrom(location ObjectAllValuesFrom(isPerpetratorOf ObjectUnionOf(Event Incident))) ObjectUnionOf(Organisation ObjectUnionOf(Incident ObjectUnionOf(Event ObjectUnionOf(Camp owl:Nothing))))).
[2026-06-25 21:35:40.200] Found 88 possible bad axioms.
[2026-06-25 21:35:40.200] Selected the bad axiom SubClassOf(ObjectSomeValuesFrom(affiliation owl:Thing) ObjectUnionOf(Perpetrator ObjectSomeValuesFrom(isVictimOf owl:Thing))).
[2026-06-25 21:35:40.210] Found 87 possible bad axioms.
[2026-06-25 21:35:40.210] Selected the bad axiom SubClassOf(ObjectSomeValuesFrom(affiliation owl:Thing) ObjectUnionOf(Perpetrator ObjectSomeValuesFrom(isVictimOf ObjectAllValuesFrom(isPerpetratorOf ObjectSomeValuesFrom(affected owl:Thing))))).
[2026-06-25 21:35:40.215] Found 86 possible bad axioms.
[2026-06-25 21:35:40.215] Selected the bad axiom SubClassOf(ObjectSomeValuesFrom(location owl:Thing) ObjectUnionOf(Organisation ObjectUnionOf(Incident ObjectUnionOf(Event ObjectUnionOf(Camp owl:Nothing))))).
[2026-06-25 21:35:40.219] Found 85 possible bad axioms.
[2026-06-25 21:35:40.220] Selected the bad axiom SubClassOf(ObjectSomeValuesFrom(involved owl:Thing) ObjectSomeValuesFrom(affected owl:Thing)).
[2026-06-25 21:35:40.223] Found 84 possible bad axioms.
[2026-06-25 21:35:40.223] Selected the bad axiom SubClassOf(ObjectSomeValuesFrom(isVictimOf owl:Thing) Victim).
[2026-06-25 21:35:40.227] Found 83 possible bad axioms.
[2026-06-25 21:35:40.228] Selected the bad axiom SubClassOf(ObjectAllValuesFrom(affiliation Organisation) ObjectAllValuesFrom(affected ObjectUnionOf(Organisation Victim))).
[2026-06-25 21:35:40.231] Found 82 possible bad axioms.
[2026-06-25 21:35:40.231] Selected the bad axiom SubClassOf(ObjectSomeValuesFrom(location ObjectAllValuesFrom(location owl:Thing)) ObjectUnionOf(owl:Nothing ObjectUnionOf(Event Incident))).
[2026-06-25 21:35:40.234] Found 81 possible bad axioms.
[2026-06-25 
...[truncated]
FAIL: attempt=22 seed=298251 status=time_limit_exceeded stage=B4 message=Repair timeout: B4 exceeded 300 seconds
progress: ontology=HDS attempt=22 success=7/100
----- HDS attempt=23 seed=312451 at 2026-06-25 21:41:01 -----
--- stdout ---
{"seed":312451,"run_id":"20260624134028346645","trial_status":"success","error_type":null,"failure_stage":null,"error_message":null,"iic_values":{"B1_vs_A1":1.0,"B1_vs_A2":1.0,"B1_vs_A3":0.75,"B2_vs_A1":1.0,"B2_vs_A2":1.0,"B2_vs_A3":0.75,"B3_vs_A1":1.0,"B3_vs_A2":1.0,"B3_vs_A3":0.8529411764705882,"B4_vs_A1":0.5,"B4_vs_A2":0.5,"B4_vs_A3":0.0,"B5_vs_A1":1.0,"B5_vs_A2":1.0,"B5_vs_A3":0.75,"B6_vs_A1":1.0,"B6_vs_A2":1.0,"B6_vs_A3":0.8529411764705882,"B7_vs_A1":1.0,"B7_vs_A2":1.0,"B7_vs_A3":0.5,"B8_vs_A1":1.0,"B8_vs_A2":1.0,"B8_vs_A3":0.75,"B9_vs_A1":1.0,"B9_vs_A2":1.0,"B9_vs_A3":0.8529411764705882},"repair_runtimes_ms":{"A1":175,"A2":852,"A3":1927,"B1":296,"B2":10993,"B3":5572,"B4":179,"B5":10315,"B6":5442,"B7":184,"B8":9752,"B9":5525}}

--- stderr ---
SingleTrialExperiment starting: ontology=/workspaces/ontologyutils-ekaw26/repair-power-index-replication-ekaw26/ontologies/inconsistent/HDS.owl, seed=312451, run_id=20260624134028346645
Loaded ontology.
Normalizing ontology with SROIQ normalization...
Normalized ontology with SROIQ normalization.
Ontology is already inconsistent, skipping make-inconsistent step.
Repairing with A1 (random-removal)...
[2026-06-25 21:41:01.464] Checking precondition...
[2026-06-25 21:41:01.479] Starting the repair...
[2026-06-25 21:41:01.488] Found 91 possible bad axioms.
[2026-06-25 21:41:01.490] Selected the bad axiom SubClassOf(ObjectSomeValuesFrom(isVictimOf ObjectAllValuesFrom(affected ObjectUnionOf(Organisation Victim))) Victim).
[2026-06-25 21:41:01.498] Found 90 possible bad axioms.
[2026-06-25 21:41:01.498] Selected the bad axiom SubClassOf(owl:Thing ObjectAllValuesFrom(responseBy Organisation)).
[2026-06-25 21:41:01.503] Found 89 possible bad axioms.
[2026-06-25 21:41:01.503] Selected the bad axiom SubClassOf(ObjectSomeValuesFrom(responseBy ObjectAllValuesFrom(isPerpetratorOf ObjectUnionOf(Event Incident))) Incident).
[2026-06-25 21:41:01.513] Found 88 possible bad axioms.
[2026-06-25 21:41:01.513] Selected the bad axiom SubClassOf(ObjectSomeValuesFrom(affiliation ObjectAllValuesFrom(location Location)) ObjectUnionOf(Perpetrator Victim)).
[2026-06-25 21:41:01.518] Found 87 possible bad axioms.
[2026-06-25 21:41:01.518] Selected the bad axiom SubClassOf(ObjectSomeValuesFrom(affiliation owl:Thing) ObjectUnionOf(Perpetrator ObjectSomeValuesFrom(isVictimOf ObjectAllValuesFrom(isPerpetratorOf ObjectSomeValuesFrom(affected owl:Thing))))).
[2026-06-25 21:41:01.523] Found 86 possible bad axioms.
[2026-06-25 21:41:01.523] Selected the bad axiom SubClassOf(ObjectSomeValuesFrom(affected ObjectAllValuesFrom(isPerpetratorOf ObjectUnionOf(Event Incident))) ObjectUnionOf(Event Incident)).
[2026-06-25 21:41:01.528] Found 85 possible bad axioms.
[2026-06-25 21:41:01.528] Selected the bad axiom SubClassOf(ObjectSomeValuesFrom(location ObjectAllValuesFrom(isPerpetratorOf ObjectUnionOf(Event Incident))) ObjectUnionOf(owl:Nothing ObjectUnionOf(Incident ObjectUnionOf(Event ObjectUnionOf(Camp Destination))))).
[2026-06-25 21:41:01.532] Found 84 possible bad axioms.
[2026-06-25 21:41:01.532] Selected the bad axiom SubClassOf(ObjectSomeValuesFrom(affiliation owl:Thing) ObjectUnionOf(Perpetrator ObjectSomeValuesFrom(isVictimOf ObjectAllValuesFrom(isPerpetratorOf ObjectUnionOf(Event Incident))))).
[2026-06-25 21:41:01.536] Found 83 possible bad axioms.
[2026-06-25 21:41:01.536] Selected the bad axiom SubClassOf(owl:Thing ObjectAllValuesFrom(involved ObjectUnionOf(Trafficker Victim))).
[2026-06-25 21:41:01.540] Found 82 possible bad axioms.
[2026-06-25 21:41:01.540] Selected the bad axiom SubClassOf(ObjectSomeValuesFrom(involved owl:Thing) Event).
[2026-06-25 21:41:01.543] Found 81 possible bad axioms.
[2026-06-25 21:41:01.543] Selected the bad axiom SubClassOf(ObjectAllValuesFrom(in
...[truncated]
SUCCESS: attempt=23 seed=312451 success_count=8/100
progress: ontology=HDS attempt=23 success=8/100
----- HDS attempt=24 seed=326651 at 2026-06-25 21:41:52 -----
--- stdout ---
{"seed":326651,"run_id":"20260624134028346645","trial_status":"time_limit_exceeded","error_type":"timeout","failure_stage":"B4","error_message":"Repair timeout: B4 exceeded 300 seconds","iic_values":{},"repair_runtimes_ms":{"A1":201,"A2":836,"A3":819,"B1":1551,"B2":8131,"B3":5537,"B4":300022}}

--- stderr ---
SingleTrialExperiment starting: ontology=/workspaces/ontologyutils-ekaw26/repair-power-index-replication-ekaw26/ontologies/inconsistent/HDS.owl, seed=326651, run_id=20260624134028346645
Loaded ontology.
Normalizing ontology with SROIQ normalization...
Normalized ontology with SROIQ normalization.
Ontology is already inconsistent, skipping make-inconsistent step.
Repairing with A1 (random-removal)...
[2026-06-25 21:41:53.223] Checking precondition...
[2026-06-25 21:41:53.238] Starting the repair...
[2026-06-25 21:41:53.248] Found 91 possible bad axioms.
[2026-06-25 21:41:53.249] Selected the bad axiom SubClassOf(ObjectSomeValuesFrom(isVictimOf ObjectAllValuesFrom(isPerpetratorOf ObjectUnionOf(Event Incident))) Victim).
[2026-06-25 21:41:53.257] Found 90 possible bad axioms.
[2026-06-25 21:41:53.257] Selected the bad axiom SubClassOf(ObjectSomeValuesFrom(location ObjectAllValuesFrom(location Location)) ObjectUnionOf(owl:Nothing ObjectUnionOf(Incident ObjectUnionOf(Destination Event)))).
[2026-06-25 21:41:53.263] Found 89 possible bad axioms.
[2026-06-25 21:41:53.263] Selected the bad axiom SubClassOf(ObjectAllValuesFrom(affiliation Organisation) ObjectAllValuesFrom(involved ObjectUnionOf(Trafficker Victim))).
[2026-06-25 21:41:53.269] Found 88 possible bad axioms.
[2026-06-25 21:41:53.269] Selected the bad axiom SubClassOf(owl:Thing ObjectAllValuesFrom(isPerpetratorOf Incident)).
[2026-06-25 21:41:53.279] Found 87 possible bad axioms.
[2026-06-25 21:41:53.279] Selected the bad axiom SubClassOf(ObjectSomeValuesFrom(affected ObjectAllValuesFrom(isPerpetratorOf ObjectUnionOf(Event Incident))) ObjectUnionOf(Event Incident)).
[2026-06-25 21:41:53.284] Found 86 possible bad axioms.
[2026-06-25 21:41:53.284] Selected the bad axiom SubClassOf(ObjectSomeValuesFrom(responseBy owl:Thing) Incident).
[2026-06-25 21:41:53.288] Found 85 possible bad axioms.
[2026-06-25 21:41:53.288] Selected the bad axiom SubClassOf(ObjectAllValuesFrom(involved ObjectUnionOf(Victim ObjectUnionOf(Trafficker ObjectUnionOf(Organisation Perpetrator)))) ObjectAllValuesFrom(affected ObjectUnionOf(Organisation Victim))).
[2026-06-25 21:41:53.292] Found 84 possible bad axioms.
[2026-06-25 21:41:53.293] Selected the bad axiom SubClassOf(owl:Thing ObjectAllValuesFrom(affected ObjectUnionOf(Organisation Victim))).
[2026-06-25 21:41:53.298] Found 83 possible bad axioms.
[2026-06-25 21:41:53.299] Selected the bad axiom SubClassOf(ObjectSomeValuesFrom(affiliation owl:Thing) ObjectSomeValuesFrom(isPerpetratorOf owl:Thing)).
[2026-06-25 21:41:53.302] Found 82 possible bad axioms.
[2026-06-25 21:41:53.302] Selected the bad axiom SubClassOf(Location Victim).
[2026-06-25 21:41:53.306] Found 81 possible bad axioms.
[2026-06-25 21:41:53.306] Selected the bad axiom SubClassOf(ObjectSomeValuesFrom(location ObjectAllValuesFrom(location Location)) ObjectUnionOf(owl:Nothing ObjectUnionOf(Incident ObjectUnionOf(Event ObjectUnionOf(Camp Destination))))).
[2026-06-25 21:41:53.314] Found 80 possible bad axiom
...[truncated]
FAIL: attempt=24 seed=326651 status=time_limit_exceeded stage=B4 message=Repair timeout: B4 exceeded 300 seconds
progress: ontology=HDS attempt=24 success=8/100
----- HDS attempt=25 seed=340851 at 2026-06-25 21:47:10 -----
--- stdout ---
{"seed":340851,"run_id":"20260624134028346645","trial_status":"time_limit_exceeded","error_type":"timeout","failure_stage":"B4","error_message":"Repair timeout: B4 exceeded 300 seconds","iic_values":{},"repair_runtimes_ms":{"A1":147,"A2":887,"A3":1861,"B1":307,"B2":7941,"B3":5664,"B4":300316}}

--- stderr ---
SingleTrialExperiment starting: ontology=/workspaces/ontologyutils-ekaw26/repair-power-index-replication-ekaw26/ontologies/inconsistent/HDS.owl, seed=340851, run_id=20260624134028346645
Loaded ontology.
Normalizing ontology with SROIQ normalization...
Normalized ontology with SROIQ normalization.
Ontology is already inconsistent, skipping make-inconsistent step.
Repairing with A1 (random-removal)...
[2026-06-25 21:47:10.807] Checking precondition...
[2026-06-25 21:47:10.822] Starting the repair...
[2026-06-25 21:47:10.831] Found 91 possible bad axioms.
[2026-06-25 21:47:10.833] Selected the bad axiom SubClassOf(owl:Thing ObjectAllValuesFrom(involved ObjectUnionOf(Victim ObjectUnionOf(Trafficker ObjectUnionOf(Perpetrator owl:Nothing))))).
[2026-06-25 21:47:10.840] Found 90 possible bad axioms.
[2026-06-25 21:47:10.840] Selected the bad axiom SubClassOf(ObjectSomeValuesFrom(involved ObjectAllValuesFrom(isVictimOf ObjectUnionOf(Event Incident))) ObjectUnionOf(Event Incident)).
[2026-06-25 21:47:10.845] Found 89 possible bad axioms.
[2026-06-25 21:47:10.846] Selected the bad axiom SubClassOf(ObjectSomeValuesFrom(location owl:Thing) ObjectUnionOf(owl:Nothing ObjectUnionOf(Incident ObjectUnionOf(Event ObjectUnionOf(Destination owl:Nothing))))).
[2026-06-25 21:47:10.850] Found 88 possible bad axioms.
[2026-06-25 21:47:10.851] Selected the bad axiom SubClassOf(ObjectSomeValuesFrom(isVictimOf owl:Thing) Victim).
[2026-06-25 21:47:10.860] Found 87 possible bad axioms.
[2026-06-25 21:47:10.860] Selected the bad axiom SubClassOf(ObjectSomeValuesFrom(involved owl:Thing) ObjectSomeValuesFrom(affected owl:Thing)).
[2026-06-25 21:47:10.864] Found 86 possible bad axioms.
[2026-06-25 21:47:10.864] Selected the bad axiom SubClassOf(ObjectSomeValuesFrom(location ObjectAllValuesFrom(isPerpetratorOf ObjectUnionOf(Event Incident))) ObjectUnionOf(owl:Nothing ObjectUnionOf(Incident ObjectUnionOf(Event ObjectUnionOf(Camp Destination))))).
[2026-06-25 21:47:10.868] Found 85 possible bad axioms.
[2026-06-25 21:47:10.868] Selected the bad axiom SubClassOf(ObjectSomeValuesFrom(location ObjectAllValuesFrom(location Location)) ObjectUnionOf(owl:Nothing ObjectUnionOf(Event Incident))).
[2026-06-25 21:47:10.872] Found 84 possible bad axioms.
[2026-06-25 21:47:10.873] Selected the bad axiom SubClassOf(ObjectSomeValuesFrom(affiliation ObjectAllValuesFrom(affected ObjectUnionOf(Organisation Victim))) Perpetrator).
[2026-06-25 21:47:10.878] Found 83 possible bad axioms.
[2026-06-25 21:47:10.878] Selected the bad axiom SubClassOf(ObjectSomeValuesFrom(affected owl:Thing) ObjectUnionOf(Event Incident)).
[2026-06-25 21:47:10.881] Found 82 possible bad axioms.
[2026-06-25 21:47:10.881] Selected the bad axiom SubClassOf(owl:Thing Location).
[2026-06-25 21:47:10.884] Found 81 possible bad axioms.
[2026-06-25 21:47:10.885] Selected the bad axiom SubClassOf(ObjectAllValuesFrom(involved ObjectUnionOf(Victim ObjectUnionOf(Trafficker ObjectUnionOf(Organisation Perpetrator)))) ObjectAllValuesFrom
...[truncated]
FAIL: attempt=25 seed=340851 status=time_limit_exceeded stage=B4 message=Repair timeout: B4 exceeded 300 seconds
progress: ontology=HDS attempt=25 success=8/100
----- HDS attempt=26 seed=355051 at 2026-06-25 21:52:28 -----
--- stdout ---
{"seed":355051,"run_id":"20260624134028346645","trial_status":"time_limit_exceeded","error_type":"timeout","failure_stage":"B7","error_message":"Repair timeout: B7 exceeded 300 seconds","iic_values":{},"repair_runtimes_ms":{"A1":70,"A2":909,"A3":2971,"B1":2217,"B2":7844,"B3":5565,"B4":109,"B5":7377,"B6":8469,"B7":300014}}

--- stderr ---
SingleTrialExperiment starting: ontology=/workspaces/ontologyutils-ekaw26/repair-power-index-replication-ekaw26/ontologies/inconsistent/HDS.owl, seed=355051, run_id=20260624134028346645
Loaded ontology.
Normalizing ontology with SROIQ normalization...
Normalized ontology with SROIQ normalization.
Ontology is already inconsistent, skipping make-inconsistent step.
Repairing with A1 (random-removal)...
[2026-06-25 21:52:28.410] Checking precondition...
[2026-06-25 21:52:28.424] Starting the repair...
[2026-06-25 21:52:28.432] Found 91 possible bad axioms.
[2026-06-25 21:52:28.434] Selected the bad axiom SubClassOf(ObjectAllValuesFrom(location Location) ObjectAllValuesFrom(isPerpetratorOf Incident)).
[2026-06-25 21:52:28.441] Found 90 possible bad axioms.
[2026-06-25 21:52:28.442] Selected the bad axiom SubClassOf(ObjectSomeValuesFrom(isVictimOf ObjectAllValuesFrom(isPerpetratorOf ObjectUnionOf(Event Incident))) Victim).
[2026-06-25 21:52:28.447] Found 89 possible bad axioms.
[2026-06-25 21:52:28.448] Selected the bad axiom SubClassOf(ObjectSomeValuesFrom(location owl:Thing) ObjectUnionOf(Organisation ObjectUnionOf(Incident ObjectUnionOf(Camp Event)))).
[2026-06-25 21:52:28.453] Found 88 possible bad axioms.
[2026-06-25 21:52:28.453] Selected the bad axiom SubClassOf(owl:Thing ObjectUnionOf(Perpetrator Victim)).
[2026-06-25 21:52:28.462] Found 87 possible bad axioms.
[2026-06-25 21:52:28.463] Selected the bad axiom SubClassOf(ObjectAllValuesFrom(affected ObjectUnionOf(Organisation Victim)) ObjectAllValuesFrom(location Location)).
[2026-06-25 21:52:28.467] Found 86 possible bad axioms.
[2026-06-25 21:52:28.467] Selected the bad axiom SubClassOf(owl:Thing ObjectAllValuesFrom(isVictimOf ObjectUnionOf(Event Incident))).
[2026-06-25 21:52:28.472] Found 85 possible bad axioms.
[2026-06-25 21:52:28.472] Selected the bad axiom SubClassOf(owl:Thing ObjectSomeValuesFrom(location owl:Thing)).
[2026-06-25 21:52:28.476] Finished repairing the ontology.
Repairing with A2 (not-in-largest-mcs-removal)...
[2026-06-25 21:52:28.477] Checking precondition...
[2026-06-25 21:52:28.483] Starting the repair...
[2026-06-25 21:52:29.383] Found 1 possible bad axioms.
[2026-06-25 21:52:29.384] Selected the bad axiom SubClassOf(owl:Thing ObjectSomeValuesFrom(location owl:Thing)).
[2026-06-25 21:52:29.386] Finished repairing the ontology.
Repairing with A3 (default-weakening)...
[2026-06-25 21:52:29.387] Checking precondition...
[2026-06-25 21:52:29.390] Starting the repair...
[2026-06-25 21:52:29.404] Selected a reference ontology with 106 axioms.
[2026-06-25 21:52:29.699] Selected the bad axiom SubClassOf(owl:Thing ObjectSomeValuesFrom(location owl:Thing)).
[2026-06-25 21:52:29.844] Selected the weaker axiom SubClassOf(owl:Thing ObjectSomeValuesFrom(location ObjectUnionOf(Organisation ObjectUnionOf(Incident ObjectUnionOf(Event ObjectUnionOf(Camp Destination)))))).
[2026-06-25 21:52:30.258] Selected the bad axiom SubClassOf(owl:Thing ObjectSomeValuesFrom(location ObjectUnionOf(O
...[truncated]
FAIL: attempt=26 seed=355051 status=time_limit_exceeded stage=B7 message=Repair timeout: B7 exceeded 300 seconds
progress: ontology=HDS attempt=26 success=8/100
----- HDS attempt=27 seed=369251 at 2026-06-25 21:58:04 -----
--- stdout ---
{"seed":369251,"run_id":"20260624134028346645","trial_status":"memory_limit_exceeded","error_type":"failure","failure_stage":"B4","error_message":"Repair failed: ExecutionException: java.lang.NullPointerException: operands cannot be null or empty","iic_values":{},"repair_runtimes_ms":{"A1":138,"A2":868,"A3":439,"B1":2768,"B2":7866,"B3":5557,"B4":2385}}

--- stderr ---
SingleTrialExperiment starting: ontology=/workspaces/ontologyutils-ekaw26/repair-power-index-replication-ekaw26/ontologies/inconsistent/HDS.owl, seed=369251, run_id=20260624134028346645
Loaded ontology.
Normalizing ontology with SROIQ normalization...
Normalized ontology with SROIQ normalization.
Ontology is already inconsistent, skipping make-inconsistent step.
Repairing with A1 (random-removal)...
[2026-06-25 21:58:04.455] Checking precondition...
[2026-06-25 21:58:04.470] Starting the repair...
[2026-06-25 21:58:04.481] Found 91 possible bad axioms.
[2026-06-25 21:58:04.483] Selected the bad axiom SubClassOf(ObjectSomeValuesFrom(involved owl:Thing) ObjectUnionOf(Event Incident)).
[2026-06-25 21:58:04.490] Found 90 possible bad axioms.
[2026-06-25 21:58:04.491] Selected the bad axiom SubClassOf(ObjectSomeValuesFrom(affiliation owl:Thing) ObjectUnionOf(Perpetrator ObjectSomeValuesFrom(isVictimOf ObjectAllValuesFrom(isPerpetratorOf ObjectSomeValuesFrom(affected owl:Thing))))).
[2026-06-25 21:58:04.496] Found 89 possible bad axioms.
[2026-06-25 21:58:04.496] Selected the bad axiom SubClassOf(ObjectSomeValuesFrom(affiliation ObjectAllValuesFrom(affected ObjectUnionOf(Organisation Victim))) Perpetrator).
[2026-06-25 21:58:04.500] Found 88 possible bad axioms.
[2026-06-25 21:58:04.501] Selected the bad axiom SubClassOf(ObjectSomeValuesFrom(affiliation owl:Thing) ObjectSomeValuesFrom(isPerpetratorOf owl:Thing)).
[2026-06-25 21:58:04.510] Found 87 possible bad axioms.
[2026-06-25 21:58:04.511] Selected the bad axiom SubClassOf(ObjectSomeValuesFrom(responseBy ObjectAllValuesFrom(location Location)) ObjectUnionOf(Event Incident)).
[2026-06-25 21:58:04.515] Found 86 possible bad axioms.
[2026-06-25 21:58:04.515] Selected the bad axiom SubClassOf(ObjectSomeValuesFrom(affiliation owl:Thing) ObjectUnionOf(Perpetrator ObjectSomeValuesFrom(isVictimOf owl:Thing))).
[2026-06-25 21:58:04.519] Found 85 possible bad axioms.
[2026-06-25 21:58:04.519] Selected the bad axiom SubClassOf(ObjectSomeValuesFrom(isVictimOf ObjectAllValuesFrom(location Location)) Victim).
[2026-06-25 21:58:04.524] Found 84 possible bad axioms.
[2026-06-25 21:58:04.524] Selected the bad axiom SubClassOf(ObjectAllValuesFrom(affiliation Organisation) ObjectAllValuesFrom(involved ObjectUnionOf(Trafficker Victim))).
[2026-06-25 21:58:04.527] Found 83 possible bad axioms.
[2026-06-25 21:58:04.528] Selected the bad axiom SubClassOf(ObjectAllValuesFrom(isPerpetratorOf ObjectUnionOf(Event Incident)) ObjectAllValuesFrom(involved ObjectUnionOf(Trafficker Victim))).
[2026-06-25 21:58:04.530] Found 82 possible bad axioms.
[2026-06-25 21:58:04.531] Selected the bad axiom SubClassOf(ObjectSomeValuesFrom(affiliation owl:Thing) ObjectSomeValuesFrom(isVictimOf owl:Thing)).
[2026-06-25 21:58:04.533] Found 81 possible bad axioms.
[2026-06-25 21:58:04.533] Selected the bad axiom SubClassOf(owl:Thing ObjectAllValuesFrom(affiliation Organisation)).
[2026-06-25 21:58:04.542] Found 80 possible bad axioms.
[2026-06-2
...[truncated]
FAIL: attempt=27 seed=369251 status=memory_limit_exceeded stage=B4 message=Repair failed: ExecutionException: java.lang.NullPointerException: operands cannot be null or empty
progress: ontology=HDS attempt=27 success=8/100
----- HDS attempt=28 seed=383451 at 2026-06-25 21:58:24 -----
--- stdout ---
{"seed":383451,"run_id":"20260624134028346645","trial_status":"time_limit_exceeded","error_type":"timeout","failure_stage":"B7","error_message":"Repair timeout: B7 exceeded 300 seconds","iic_values":{},"repair_runtimes_ms":{"A1":233,"A2":811,"A3":458,"B1":20950,"B2":8060,"B3":5450,"B4":119,"B5":10236,"B6":5502,"B7":300040}}

--- stderr ---
SingleTrialExperiment starting: ontology=/workspaces/ontologyutils-ekaw26/repair-power-index-replication-ekaw26/ontologies/inconsistent/HDS.owl, seed=383451, run_id=20260624134028346645
Loaded ontology.
Normalizing ontology with SROIQ normalization...
Normalized ontology with SROIQ normalization.
Ontology is already inconsistent, skipping make-inconsistent step.
Repairing with A1 (random-removal)...
[2026-06-25 21:58:24.947] Checking precondition...
[2026-06-25 21:58:24.962] Starting the repair...
[2026-06-25 21:58:24.971] Found 91 possible bad axioms.
[2026-06-25 21:58:24.973] Selected the bad axiom SubClassOf(ObjectAllValuesFrom(affected ObjectUnionOf(Organisation Victim)) ObjectAllValuesFrom(location Location)).
[2026-06-25 21:58:24.980] Found 90 possible bad axioms.
[2026-06-25 21:58:24.981] Selected the bad axiom SubClassOf(ObjectAllValuesFrom(isPerpetratorOf ObjectUnionOf(Event Incident)) ObjectAllValuesFrom(isVictimOf ObjectUnionOf(Event Incident))).
[2026-06-25 21:58:24.986] Found 89 possible bad axioms.
[2026-06-25 21:58:24.987] Selected the bad axiom SubClassOf(ObjectSomeValuesFrom(location ObjectAllValuesFrom(isPerpetratorOf ObjectUnionOf(Event Incident))) ObjectUnionOf(Organisation ObjectUnionOf(Incident ObjectUnionOf(Event ObjectUnionOf(Camp owl:Nothing))))).
[2026-06-25 21:58:24.993] Found 88 possible bad axioms.
[2026-06-25 21:58:24.993] Selected the bad axiom SubClassOf(ObjectSomeValuesFrom(isPerpetratorOf ObjectAllValuesFrom(affiliation ObjectUnionOf(Organisation Victim))) Perpetrator).
[2026-06-25 21:58:25.002] Found 87 possible bad axioms.
[2026-06-25 21:58:25.002] Selected the bad axiom SubClassOf(ObjectSomeValuesFrom(location owl:Thing) ObjectUnionOf(Organisation ObjectUnionOf(Incident ObjectUnionOf(Camp Event)))).
[2026-06-25 21:58:25.007] Found 86 possible bad axioms.
[2026-06-25 21:58:25.007] Selected the bad axiom SubClassOf(ObjectSomeValuesFrom(affiliation owl:Thing) ObjectUnionOf(Perpetrator ObjectSomeValuesFrom(isVictimOf owl:Thing))).
[2026-06-25 21:58:25.010] Found 85 possible bad axioms.
[2026-06-25 21:58:25.011] Selected the bad axiom SubClassOf(ObjectAllValuesFrom(involved ObjectUnionOf(Victim ObjectUnionOf(Trafficker ObjectUnionOf(Perpetrator ObjectUnionOf(Organisation Perpetrator))))) ObjectAllValuesFrom(affected ObjectUnionOf(Organisation Victim))).
[2026-06-25 21:58:25.014] Found 84 possible bad axioms.
[2026-06-25 21:58:25.015] Selected the bad axiom SubClassOf(ObjectAllValuesFrom(involved ObjectUnionOf(Victim ObjectUnionOf(Trafficker ObjectUnionOf(Organisation Perpetrator)))) ObjectAllValuesFrom(isPerpetratorOf Incident)).
[2026-06-25 21:58:25.018] Found 83 possible bad axioms.
[2026-06-25 21:58:25.018] Selected the bad axiom SubClassOf(Location Victim).
[2026-06-25 21:58:25.022] Found 82 possible bad axioms.
[2026-06-25 21:58:25.022] Selected the bad axiom SubClassOf(ObjectAllValuesFrom(isPerpetratorOf ObjectUnionOf(Event Incident)) ObjectAllValuesFrom(involved ObjectUnionOf(Trafficker Victim))).
[2026-06-2
...[truncated]
FAIL: attempt=28 seed=383451 status=time_limit_exceeded stage=B7 message=Repair timeout: B7 exceeded 300 seconds
progress: ontology=HDS attempt=28 success=8/100
----- HDS attempt=29 seed=397651 at 2026-06-25 22:04:16 -----
--- stdout ---
{"seed":397651,"run_id":"20260624134028346645","trial_status":"success","error_type":null,"failure_stage":null,"error_message":null,"iic_values":{"B1_vs_A1":1.0,"B1_vs_A2":1.0,"B1_vs_A3":0.5,"B2_vs_A1":1.0,"B2_vs_A2":1.0,"B2_vs_A3":0.75,"B3_vs_A1":1.0,"B3_vs_A2":1.0,"B3_vs_A3":0.75,"B4_vs_A1":1.0,"B4_vs_A2":1.0,"B4_vs_A3":0.5,"B5_vs_A1":1.0,"B5_vs_A2":1.0,"B5_vs_A3":0.8529411764705882,"B6_vs_A1":1.0,"B6_vs_A2":1.0,"B6_vs_A3":0.75,"B7_vs_A1":1.0,"B7_vs_A2":1.0,"B7_vs_A3":0.75,"B8_vs_A1":1.0,"B8_vs_A2":1.0,"B8_vs_A3":0.8529411764705882,"B9_vs_A1":1.0,"B9_vs_A2":1.0,"B9_vs_A3":0.75},"repair_runtimes_ms":{"A1":110,"A2":910,"A3":680,"B1":1728,"B2":10743,"B3":8846,"B4":113,"B5":6959,"B6":8201,"B7":195,"B8":7668,"B9":8144}}

--- stderr ---
SingleTrialExperiment starting: ontology=/workspaces/ontologyutils-ekaw26/repair-power-index-replication-ekaw26/ontologies/inconsistent/HDS.owl, seed=397651, run_id=20260624134028346645
Loaded ontology.
Normalizing ontology with SROIQ normalization...
Normalized ontology with SROIQ normalization.
Ontology is already inconsistent, skipping make-inconsistent step.
Repairing with A1 (random-removal)...
[2026-06-25 22:04:17.271] Checking precondition...
[2026-06-25 22:04:17.287] Starting the repair...
[2026-06-25 22:04:17.295] Found 91 possible bad axioms.
[2026-06-25 22:04:17.297] Selected the bad axiom SubClassOf(ObjectSomeValuesFrom(location ObjectAllValuesFrom(isPerpetratorOf ObjectUnionOf(Event Incident))) ObjectUnionOf(owl:Nothing ObjectUnionOf(Incident ObjectUnionOf(Event ObjectUnionOf(Camp Destination))))).
[2026-06-25 22:04:17.304] Found 90 possible bad axioms.
[2026-06-25 22:04:17.304] Selected the bad axiom SubClassOf(ObjectSomeValuesFrom(involved ObjectAllValuesFrom(isVictimOf ObjectUnionOf(Event Incident))) ObjectUnionOf(Event Incident)).
[2026-06-25 22:04:17.309] Found 89 possible bad axioms.
[2026-06-25 22:04:17.309] Selected the bad axiom SubClassOf(owl:Thing ObjectAllValuesFrom(involved ObjectUnionOf(Trafficker ObjectSomeValuesFrom(isVictimOf owl:Thing)))).
[2026-06-25 22:04:17.314] Found 88 possible bad axioms.
[2026-06-25 22:04:17.314] Selected the bad axiom SubClassOf(owl:Thing ObjectAllValuesFrom(isVictimOf ObjectUnionOf(Event Incident))).
[2026-06-25 22:04:17.325] Found 87 possible bad axioms.
[2026-06-25 22:04:17.326] Selected the bad axiom SubClassOf(ObjectSomeValuesFrom(isPerpetratorOf ObjectAllValuesFrom(responseBy Organisation)) Perpetrator).
[2026-06-25 22:04:17.331] Found 86 possible bad axioms.
[2026-06-25 22:04:17.332] Selected the bad axiom SubClassOf(ObjectAllValuesFrom(affiliation Organisation) ObjectAllValuesFrom(involved ObjectUnionOf(Trafficker Victim))).
[2026-06-25 22:04:17.336] Found 85 possible bad axioms.
[2026-06-25 22:04:17.337] Selected the bad axiom SubClassOf(owl:Thing ObjectAllValuesFrom(affected ObjectUnionOf(Organisation Victim))).
[2026-06-25 22:04:17.340] Found 84 possible bad axioms.
[2026-06-25 22:04:17.340] Selected the bad axiom SubClassOf(ObjectSomeValuesFrom(isPerpetratorOf ObjectAllValuesFrom(affected ObjectUnionOf(Organisation Victim))) Perpetrator).
[2026-06-25 22:04:17.344] Found 83 possible bad axioms.
[2026-06-25 22:04:17.344] Selected the bad axiom SubClassOf(owl:Thing ObjectAllValuesFrom(isVictimOf ObjectSomeValuesFrom(involved owl:Thing))).
[2026-06-25 22:04:17.347] Found 82 possible bad axioms.
[2026-06-25 22:04:17.347] Selected the bad axiom SubClassOf(ObjectAllValuesFrom(involved ObjectUnionOf(Victim ObjectUnionOf(Trafficker ObjectUnionOf(Organisation Perpetrator)))) ObjectAllValuesFrom(isPerpetratorOf ObjectUnionOf(Event Incident))).
[2026-06-25 22:04:17.350] Found 81 possible bad axioms.
[2026-06-25 22:04:17.350] Selected the bad axiom SubClassOf(owl:Thing ObjectAllValuesFrom(inv
...[truncated]
SUCCESS: attempt=29 seed=397651 success_count=9/100
progress: ontology=HDS attempt=29 success=9/100
----- HDS attempt=30 seed=411851 at 2026-06-25 22:05:12 -----
--- stdout ---
{"seed":411851,"run_id":"20260624134028346645","trial_status":"success","error_type":null,"failure_stage":null,"error_message":null,"iic_values":{"B1_vs_A1":1.0,"B1_vs_A2":1.0,"B1_vs_A3":0.1875,"B2_vs_A1":1.0,"B2_vs_A2":1.0,"B2_vs_A3":0.3333333333333333,"B3_vs_A1":1.0,"B3_vs_A2":1.0,"B3_vs_A3":0.3333333333333333,"B4_vs_A1":1.0,"B4_vs_A2":1.0,"B4_vs_A3":0.21875,"B5_vs_A1":1.0,"B5_vs_A2":1.0,"B5_vs_A3":1.0,"B6_vs_A1":1.0,"B6_vs_A2":1.0,"B6_vs_A3":1.0,"B7_vs_A1":1.0,"B7_vs_A2":1.0,"B7_vs_A3":0.2,"B8_vs_A1":1.0,"B8_vs_A2":1.0,"B8_vs_A3":1.0,"B9_vs_A1":1.0,"B9_vs_A2":1.0,"B9_vs_A3":0.3333333333333333},"repair_runtimes_ms":{"A1":199,"A2":845,"A3":3839,"B1":2010,"B2":10554,"B3":8278,"B4":112,"B5":7283,"B6":5396,"B7":142,"B8":7561,"B9":7931}}

--- stderr ---
SingleTrialExperiment starting: ontology=/workspaces/ontologyutils-ekaw26/repair-power-index-replication-ekaw26/ontologies/inconsistent/HDS.owl, seed=411851, run_id=20260624134028346645
Loaded ontology.
Normalizing ontology with SROIQ normalization...
Normalized ontology with SROIQ normalization.
Ontology is already inconsistent, skipping make-inconsistent step.
Repairing with A1 (random-removal)...
[2026-06-25 22:05:12.532] Checking precondition...
[2026-06-25 22:05:12.546] Starting the repair...
[2026-06-25 22:05:12.555] Found 91 possible bad axioms.
[2026-06-25 22:05:12.557] Selected the bad axiom SubClassOf(ObjectSomeValuesFrom(affiliation owl:Thing) ObjectUnionOf(Perpetrator ObjectSomeValuesFrom(isVictimOf ObjectAllValuesFrom(isPerpetratorOf ObjectUnionOf(Event Incident))))).
[2026-06-25 22:05:12.564] Found 90 possible bad axioms.
[2026-06-25 22:05:12.565] Selected the bad axiom SubClassOf(ObjectSomeValuesFrom(location ObjectAllValuesFrom(involved ObjectUnionOf(Victim ObjectUnionOf(Trafficker ObjectUnionOf(Organisation Perpetrator))))) ObjectUnionOf(owl:Nothing ObjectUnionOf(Incident ObjectUnionOf(Event ObjectUnionOf(Camp Destination))))).
[2026-06-25 22:05:12.570] Found 89 possible bad axioms.
[2026-06-25 22:05:12.570] Selected the bad axiom SubClassOf(owl:Thing ObjectAllValuesFrom(isVictimOf ObjectUnionOf(Event Incident))).
[2026-06-25 22:05:12.575] Found 88 possible bad axioms.
[2026-06-25 22:05:12.576] Selected the bad axiom SubClassOf(owl:Thing ObjectAllValuesFrom(location Location)).
[2026-06-25 22:05:12.585] Found 87 possible bad axioms.
[2026-06-25 22:05:12.586] Selected the bad axiom SubClassOf(ObjectSomeValuesFrom(involved owl:Thing) ObjectUnionOf(Event Incident)).
[2026-06-25 22:05:12.591] Found 86 possible bad axioms.
[2026-06-25 22:05:12.591] Selected the bad axiom SubClassOf(owl:Thing ObjectAllValuesFrom(involved ObjectUnionOf(Victim ObjectUnionOf(Organisation Trafficker)))).
[2026-06-25 22:05:12.595] Found 85 possible bad axioms.
[2026-06-25 22:05:12.595] Selected the bad axiom SubClassOf(ObjectAllValuesFrom(involved ObjectUnionOf(Victim ObjectUnionOf(Trafficker ObjectUnionOf(Organisation Perpetrator)))) ObjectAllValuesFrom(isPerpetratorOf ObjectUnionOf(Event Incident))).
[2026-06-25 22:05:12.599] Found 84 possible bad axioms.
[2026-06-25 22:05:12.599] Selected the bad axiom SubClassOf(ObjectSomeValuesFrom(isPerpetratorOf ObjectAllValuesFrom(affiliation ObjectUnionOf(Organisation Victim))) Perpetrator).
[2026-06-25 22:05:12.602] Found 83 possible bad axioms.
[2026-06-25 22:05:12.602] Selected the bad axiom SubClassOf(ObjectSomeValuesFrom(isVictimOf ObjectAllValuesFrom(location ObjectAllValuesFrom(responseBy Organisation))) Victim).
[2026-06-25 22:05:12.605] Found 82 possible bad axioms.
[2026-06-25 22:05:12.606] Selected the bad axiom SubClassOf(owl:Thing ObjectAllValuesFrom(involved ObjectUnionOf(Trafficker ObjectSomeValuesFrom(isVictimOf owl:Thing)))).
[2026-06-25 22:05:12.609] Found 81 possible bad axioms.
[2026-06-25 22:05
...[truncated]
SUCCESS: attempt=30 seed=411851 success_count=10/100
progress: ontology=HDS attempt=30 success=10/100
----- HDS attempt=31 seed=426051 at 2026-06-25 22:06:06 -----
--- stdout ---
{"seed":426051,"run_id":"20260624134028346645","trial_status":"success","error_type":null,"failure_stage":null,"error_message":null,"iic_values":{"B1_vs_A1":1.0,"B1_vs_A2":1.0,"B1_vs_A3":0.2692307692307692,"B2_vs_A1":1.0,"B2_vs_A2":1.0,"B2_vs_A3":0.62,"B3_vs_A1":1.0,"B3_vs_A2":1.0,"B3_vs_A3":0.5,"B4_vs_A1":1.0,"B4_vs_A2":1.0,"B4_vs_A3":0.5,"B5_vs_A1":1.0,"B5_vs_A2":1.0,"B5_vs_A3":0.62,"B6_vs_A1":1.0,"B6_vs_A2":1.0,"B6_vs_A3":0.5,"B7_vs_A1":1.0,"B7_vs_A2":0.5,"B7_vs_A3":0.0,"B8_vs_A1":1.0,"B8_vs_A2":1.0,"B8_vs_A3":0.5,"B9_vs_A1":1.0,"B9_vs_A2":1.0,"B9_vs_A3":0.5},"repair_runtimes_ms":{"A1":129,"A2":893,"A3":1563,"B1":1574,"B2":7977,"B3":8469,"B4":105,"B5":7516,"B6":8250,"B7":196,"B8":9827,"B9":8240}}

--- stderr ---
SingleTrialExperiment starting: ontology=/workspaces/ontologyutils-ekaw26/repair-power-index-replication-ekaw26/ontologies/inconsistent/HDS.owl, seed=426051, run_id=20260624134028346645
Loaded ontology.
Normalizing ontology with SROIQ normalization...
Normalized ontology with SROIQ normalization.
Ontology is already inconsistent, skipping make-inconsistent step.
Repairing with A1 (random-removal)...
[2026-06-25 22:06:07.212] Checking precondition...
[2026-06-25 22:06:07.227] Starting the repair...
[2026-06-25 22:06:07.235] Found 91 possible bad axioms.
[2026-06-25 22:06:07.237] Selected the bad axiom SubClassOf(ObjectSomeValuesFrom(location ObjectAllValuesFrom(location Location)) ObjectUnionOf(owl:Nothing ObjectUnionOf(Incident ObjectUnionOf(Event ObjectUnionOf(Camp Destination))))).
[2026-06-25 22:06:07.246] Found 90 possible bad axioms.
[2026-06-25 22:06:07.246] Selected the bad axiom SubClassOf(ObjectSomeValuesFrom(isPerpetratorOf ObjectAllValuesFrom(affiliation ObjectUnionOf(Organisation Victim))) Perpetrator).
[2026-06-25 22:06:07.252] Found 89 possible bad axioms.
[2026-06-25 22:06:07.253] Selected the bad axiom SubClassOf(ObjectAllValuesFrom(involved ObjectUnionOf(Victim ObjectUnionOf(Trafficker ObjectUnionOf(Perpetrator ObjectUnionOf(Organisation Perpetrator))))) ObjectAllValuesFrom(affected ObjectUnionOf(Organisation Victim))).
[2026-06-25 22:06:07.259] Found 88 possible bad axioms.
[2026-06-25 22:06:07.260] Selected the bad axiom SubClassOf(owl:Thing ObjectAllValuesFrom(isVictimOf ObjectUnionOf(Event Incident))).
[2026-06-25 22:06:07.269] Found 87 possible bad axioms.
[2026-06-25 22:06:07.269] Selected the bad axiom SubClassOf(ObjectAllValuesFrom(affiliation Organisation) ObjectAllValuesFrom(involved ObjectUnionOf(Trafficker Victim))).
[2026-06-25 22:06:07.273] Found 86 possible bad axioms.
[2026-06-25 22:06:07.274] Selected the bad axiom SubClassOf(owl:Thing ObjectAllValuesFrom(involved ObjectUnionOf(Victim ObjectUnionOf(Trafficker ObjectUnionOf(Organisation Perpetrator))))).
[2026-06-25 22:06:07.279] Found 85 possible bad axioms.
[2026-06-25 22:06:07.279] Selected the bad axiom SubClassOf(ObjectSomeValuesFrom(location owl:Thing) ObjectUnionOf(Organisation ObjectUnionOf(Incident ObjectUnionOf(owl:Nothing ObjectUnionOf(Camp owl:Nothing))))).
[2026-06-25 22:06:07.282] Found 84 possible bad axioms.
[2026-06-25 22:06:07.283] Selected the bad axiom SubClassOf(ObjectAllValuesFrom(affiliation Organisation) ObjectAllValuesFrom(affected ObjectUnionOf(Organisation Victim))).
[2026-06-25 22:06:07.286] Found 83 possible bad axioms.
[2026-06-25 22:06:07.286] Selected the bad axiom SubClassOf(ObjectAllValuesFrom(involved ObjectUnionOf(Victim ObjectUnionOf(Trafficker ObjectUnionOf(Organisation Perpetrator)))) ObjectAllValuesFrom(isPerpetratorOf ObjectUnionOf(Event Incident))).
[2026-06-25 22:06:07.289] Found 82 possible bad axioms.
[2026-06-25 22:06:07.290] Selected the bad axiom SubClassOf(ObjectSomeValuesFrom(isVictimOf ObjectAllValuesFrom(isPerpet
...[truncated]
SUCCESS: attempt=31 seed=426051 success_count=11/100
progress: ontology=HDS attempt=31 success=11/100
----- HDS attempt=32 seed=440251 at 2026-06-25 22:07:02 -----
--- stdout ---
{"seed":440251,"run_id":"20260624134028346645","trial_status":"success","error_type":null,"failure_stage":null,"error_message":null,"iic_values":{"B1_vs_A1":1.0,"B1_vs_A2":1.0,"B1_vs_A3":0.42857142857142855,"B2_vs_A1":1.0,"B2_vs_A2":1.0,"B2_vs_A3":0.8333333333333334,"B3_vs_A1":1.0,"B3_vs_A2":1.0,"B3_vs_A3":0.8333333333333334,"B4_vs_A1":0.5,"B4_vs_A2":0.5,"B4_vs_A3":0.0,"B5_vs_A1":1.0,"B5_vs_A2":1.0,"B5_vs_A3":0.8333333333333334,"B6_vs_A1":1.0,"B6_vs_A2":1.0,"B6_vs_A3":0.7307692307692307,"B7_vs_A1":0.5,"B7_vs_A2":0.5,"B7_vs_A3":0.0,"B8_vs_A1":1.0,"B8_vs_A2":1.0,"B8_vs_A3":0.8333333333333334,"B9_vs_A1":1.0,"B9_vs_A2":1.0,"B9_vs_A3":0.8333333333333334},"repair_runtimes_ms":{"A1":103,"A2":907,"A3":3888,"B1":543,"B2":8035,"B3":5576,"B4":120,"B5":7462,"B6":8070,"B7":41587,"B8":7255,"B9":5411}}

--- stderr ---
SingleTrialExperiment starting: ontology=/workspaces/ontologyutils-ekaw26/repair-power-index-replication-ekaw26/ontologies/inconsistent/HDS.owl, seed=440251, run_id=20260624134028346645
Loaded ontology.
Normalizing ontology with SROIQ normalization...
Normalized ontology with SROIQ normalization.
Ontology is already inconsistent, skipping make-inconsistent step.
Repairing with A1 (random-removal)...
[2026-06-25 22:07:02.469] Checking precondition...
[2026-06-25 22:07:02.491] Starting the repair...
[2026-06-25 22:07:02.500] Found 91 possible bad axioms.
[2026-06-25 22:07:02.502] Selected the bad axiom SubClassOf(owl:Thing ObjectUnionOf(Organisation ObjectUnionOf(Incident ObjectUnionOf(Event ObjectUnionOf(Camp Destination))))).
[2026-06-25 22:07:02.508] Found 90 possible bad axioms.
[2026-06-25 22:07:02.509] Selected the bad axiom SubClassOf(ObjectSomeValuesFrom(isPerpetratorOf ObjectAllValuesFrom(affected ObjectUnionOf(Organisation Victim))) Perpetrator).
[2026-06-25 22:07:02.514] Found 89 possible bad axioms.
[2026-06-25 22:07:02.515] Selected the bad axiom SubClassOf(ObjectAllValuesFrom(isVictimOf ObjectUnionOf(Event Incident)) ObjectAllValuesFrom(affected ObjectUnionOf(Organisation Victim))).
[2026-06-25 22:07:02.520] Found 88 possible bad axioms.
[2026-06-25 22:07:02.520] Selected the bad axiom SubClassOf(ObjectSomeValuesFrom(isPerpetratorOf ObjectAllValuesFrom(affiliation ObjectUnionOf(Organisation Victim))) Perpetrator).
[2026-06-25 22:07:02.529] Found 87 possible bad axioms.
[2026-06-25 22:07:02.530] Selected the bad axiom SubClassOf(owl:Thing ObjectAllValuesFrom(location owl:Nothing)).
[2026-06-25 22:07:02.535] Found 86 possible bad axioms.
[2026-06-25 22:07:02.535] Selected the bad axiom SubClassOf(owl:Thing ObjectAllValuesFrom(isPerpetratorOf ObjectUnionOf(Event Incident))).
[2026-06-25 22:07:02.539] Found 85 possible bad axioms.
[2026-06-25 22:07:02.540] Selected the bad axiom SubClassOf(ObjectAllValuesFrom(involved ObjectUnionOf(Victim ObjectUnionOf(Trafficker ObjectUnionOf(Perpetrator ObjectUnionOf(Organisation Perpetrator))))) ObjectAllValuesFrom(affected ObjectUnionOf(Organisation Victim))).
[2026-06-25 22:07:02.544] Found 84 possible bad axioms.
[2026-06-25 22:07:02.544] Selected the bad axiom SubClassOf(ObjectSomeValuesFrom(responseBy ObjectAllValuesFrom(isPerpetratorOf ObjectUnionOf(Event Incident))) Incident).
[2026-06-25 22:07:02.548] Found 83 possible bad axioms.
[2026-06-25 22:07:02.548] Selected the bad axiom SubClassOf(ObjectSomeValuesFrom(location ObjectAllValuesFrom(involved ObjectUnionOf(Victim ObjectUnionOf(Trafficker ObjectUnionOf(Organisation Perpetrator))))) ObjectUnionOf(owl:Nothing ObjectUnionOf(Incident ObjectUnionOf(Event ObjectUnionOf(Camp Destination))))).
[2026-06-25 22:07:02.552] Found 82 possible bad axioms.
[2026-06-25 22:07:02.552] Selected the bad axiom SubClassOf(ObjectSomeValuesFrom(isVictimOf ObjectAllValuesFrom(location Location)) Victim).
[2026-06-25 22:07:02.555] Found 81 possible bad axioms.
[2026-
...[truncated]
SUCCESS: attempt=32 seed=440251 success_count=12/100
progress: ontology=HDS attempt=32 success=12/100
----- HDS attempt=33 seed=454451 at 2026-06-25 22:08:31 -----
--- stdout ---
{"seed":454451,"run_id":"20260624134028346645","trial_status":"success","error_type":null,"failure_stage":null,"error_message":null,"iic_values":{"B1_vs_A1":1.0,"B1_vs_A2":0.5,"B1_vs_A3":0.0,"B2_vs_A1":1.0,"B2_vs_A2":1.0,"B2_vs_A3":0.75,"B3_vs_A1":1.0,"B3_vs_A2":1.0,"B3_vs_A3":0.75,"B4_vs_A1":1.0,"B4_vs_A2":1.0,"B4_vs_A3":0.8529411764705882,"B5_vs_A1":1.0,"B5_vs_A2":1.0,"B5_vs_A3":0.8529411764705882,"B6_vs_A1":1.0,"B6_vs_A2":1.0,"B6_vs_A3":0.8529411764705882,"B7_vs_A1":1.0,"B7_vs_A2":1.0,"B7_vs_A3":0.5,"B8_vs_A1":1.0,"B8_vs_A2":1.0,"B8_vs_A3":0.8529411764705882,"B9_vs_A1":1.0,"B9_vs_A2":1.0,"B9_vs_A3":0.75},"repair_runtimes_ms":{"A1":140,"A2":887,"A3":778,"B1":341,"B2":10485,"B3":8639,"B4":110,"B5":7515,"B6":5514,"B7":142,"B8":7126,"B9":8515}}

--- stderr ---
SingleTrialExperiment starting: ontology=/workspaces/ontologyutils-ekaw26/repair-power-index-replication-ekaw26/ontologies/inconsistent/HDS.owl, seed=454451, run_id=20260624134028346645
Loaded ontology.
Normalizing ontology with SROIQ normalization...
Normalized ontology with SROIQ normalization.
Ontology is already inconsistent, skipping make-inconsistent step.
Repairing with A1 (random-removal)...
[2026-06-25 22:08:31.957] Checking precondition...
[2026-06-25 22:08:31.973] Starting the repair...
[2026-06-25 22:08:31.981] Found 91 possible bad axioms.
[2026-06-25 22:08:31.983] Selected the bad axiom SubClassOf(owl:Thing Location).
[2026-06-25 22:08:31.989] Found 90 possible bad axioms.
[2026-06-25 22:08:31.990] Selected the bad axiom SubClassOf(ObjectSomeValuesFrom(affiliation ObjectAllValuesFrom(location Location)) Perpetrator).
[2026-06-25 22:08:31.995] Found 89 possible bad axioms.
[2026-06-25 22:08:31.995] Selected the bad axiom SubClassOf(ObjectSomeValuesFrom(affiliation ObjectAllValuesFrom(responseBy Organisation)) ObjectUnionOf(Perpetrator Victim)).
[2026-06-25 22:08:32.005] Found 88 possible bad axioms.
[2026-06-25 22:08:32.006] Selected the bad axiom SubClassOf(ObjectAllValuesFrom(isVictimOf ObjectUnionOf(Event Incident)) ObjectAllValuesFrom(affected ObjectUnionOf(Organisation Victim))).
[2026-06-25 22:08:32.010] Found 87 possible bad axioms.
[2026-06-25 22:08:32.010] Selected the bad axiom SubClassOf(owl:Thing ObjectAllValuesFrom(location owl:Nothing)).
[2026-06-25 22:08:32.015] Found 86 possible bad axioms.
[2026-06-25 22:08:32.015] Selected the bad axiom SubClassOf(ObjectAllValuesFrom(isPerpetratorOf ObjectUnionOf(Event Incident)) ObjectAllValuesFrom(involved ObjectUnionOf(Trafficker Victim))).
[2026-06-25 22:08:32.019] Found 85 possible bad axioms.
[2026-06-25 22:08:32.019] Selected the bad axiom SubClassOf(ObjectSomeValuesFrom(involved owl:Thing) ObjectUnionOf(Event Incident)).
[2026-06-25 22:08:32.023] Found 84 possible bad axioms.
[2026-06-25 22:08:32.024] Selected the bad axiom SubClassOf(ObjectSomeValuesFrom(location ObjectAllValuesFrom(isPerpetratorOf ObjectUnionOf(Event Incident))) ObjectUnionOf(Organisation ObjectUnionOf(Incident ObjectUnionOf(Event ObjectUnionOf(Camp owl:Nothing))))).
[2026-06-25 22:08:32.027] Found 83 possible bad axioms.
[2026-06-25 22:08:32.027] Selected the bad axiom SubClassOf(ObjectSomeValuesFrom(location owl:Thing) ObjectUnionOf(owl:Nothing ObjectUnionOf(Incident ObjectUnionOf(Event ObjectUnionOf(Camp Destination))))).
[2026-06-25 22:08:32.031] Found 82 possible bad axioms.
[2026-06-25 22:08:32.032] Selected the bad axiom SubClassOf(owl:Thing ObjectAllValuesFrom(isVictimOf ObjectUnionOf(Event Incident))).
[2026-06-25 22:08:32.036] Found 81 possible bad axioms.
[2026-06-25 22:08:32.036] Selected the bad axiom SubClassOf(ObjectSomeValuesFrom(isPerpetratorOf ObjectAllValuesFrom(affiliation Organisation)) Perpetrator).
[2026-06-25 22:08:32.045] Found 80 possible bad axioms.
[2026-06-25 22:08:32.045] Sele
...[truncated]
SUCCESS: attempt=33 seed=454451 success_count=13/100
progress: ontology=HDS attempt=33 success=13/100
----- HDS attempt=34 seed=468651 at 2026-06-25 22:09:22 -----
--- stdout ---
{"seed":468651,"run_id":"20260624134028346645","trial_status":"time_limit_exceeded","error_type":"timeout","failure_stage":"B4","error_message":"Repair timeout: B4 exceeded 300 seconds","iic_values":{},"repair_runtimes_ms":{"A1":260,"A2":799,"A3":498,"B1":357,"B2":10672,"B3":8604,"B4":300054}}

--- stderr ---
SingleTrialExperiment starting: ontology=/workspaces/ontologyutils-ekaw26/repair-power-index-replication-ekaw26/ontologies/inconsistent/HDS.owl, seed=468651, run_id=20260624134028346645
Loaded ontology.
Normalizing ontology with SROIQ normalization...
Normalized ontology with SROIQ normalization.
Ontology is already inconsistent, skipping make-inconsistent step.
Repairing with A1 (random-removal)...
[2026-06-25 22:09:22.720] Checking precondition...
[2026-06-25 22:09:22.736] Starting the repair...
[2026-06-25 22:09:22.745] Found 91 possible bad axioms.
[2026-06-25 22:09:22.747] Selected the bad axiom SubClassOf(owl:Thing ObjectAllValuesFrom(isPerpetratorOf Incident)).
[2026-06-25 22:09:22.754] Found 90 possible bad axioms.
[2026-06-25 22:09:22.755] Selected the bad axiom SubClassOf(owl:Thing ObjectAllValuesFrom(involved ObjectUnionOf(Victim ObjectUnionOf(Trafficker ObjectUnionOf(Organisation ObjectSomeValuesFrom(isPerpetratorOf owl:Thing)))))).
[2026-06-25 22:09:22.760] Found 89 possible bad axioms.
[2026-06-25 22:09:22.761] Selected the bad axiom SubClassOf(ObjectSomeValuesFrom(affiliation ObjectAllValuesFrom(affected ObjectUnionOf(Organisation Victim))) Perpetrator).
[2026-06-25 22:09:22.770] Found 88 possible bad axioms.
[2026-06-25 22:09:22.771] Selected the bad axiom SubClassOf(owl:Thing ObjectAllValuesFrom(responseBy Organisation)).
[2026-06-25 22:09:22.775] Found 87 possible bad axioms.
[2026-06-25 22:09:22.776] Selected the bad axiom SubClassOf(ObjectSomeValuesFrom(location owl:Thing) ObjectUnionOf(owl:Nothing ObjectUnionOf(Incident ObjectUnionOf(Event ObjectUnionOf(Camp Destination))))).
[2026-06-25 22:09:22.780] Found 86 possible bad axioms.
[2026-06-25 22:09:22.780] Selected the bad axiom SubClassOf(ObjectSomeValuesFrom(isVictimOf ObjectAllValuesFrom(affected ObjectUnionOf(Organisation Victim))) Victim).
[2026-06-25 22:09:22.784] Found 85 possible bad axioms.
[2026-06-25 22:09:22.785] Selected the bad axiom SubClassOf(ObjectSomeValuesFrom(affiliation owl:Thing) ObjectUnionOf(Perpetrator ObjectSomeValuesFrom(isVictimOf owl:Thing))).
[2026-06-25 22:09:22.788] Found 84 possible bad axioms.
[2026-06-25 22:09:22.788] Selected the bad axiom SubClassOf(ObjectAllValuesFrom(location Location) ObjectAllValuesFrom(isPerpetratorOf Incident)).
[2026-06-25 22:09:22.792] Found 83 possible bad axioms.
[2026-06-25 22:09:22.793] Selected the bad axiom SubClassOf(ObjectSomeValuesFrom(responseBy ObjectAllValuesFrom(location Location)) ObjectUnionOf(Event Incident)).
[2026-06-25 22:09:22.796] Found 82 possible bad axioms.
[2026-06-25 22:09:22.796] Selected the bad axiom SubClassOf(ObjectAllValuesFrom(isVictimOf ObjectUnionOf(Event Incident)) ObjectAllValuesFrom(location Location)).
[2026-06-25 22:09:22.799] Found 81 possible bad axioms.
[2026-06-25 22:09:22.799] Selected the bad axiom SubClassOf(ObjectSomeValuesFrom(affiliation owl:Thing) Perpetrator).
[2026-06-25 22:09:22.807] Found 80 possible bad axioms.
[2026-06-25 22:09:22.807] Selected the bad axiom 
...[truncated]
FAIL: attempt=34 seed=468651 status=time_limit_exceeded stage=B4 message=Repair timeout: B4 exceeded 300 seconds
progress: ontology=HDS attempt=34 success=13/100
----- HDS attempt=35 seed=482851 at 2026-06-25 22:14:44 -----
--- stdout ---
{"seed":482851,"run_id":"20260624134028346645","trial_status":"success","error_type":null,"failure_stage":null,"error_message":null,"iic_values":{"B1_vs_A1":1.0,"B1_vs_A2":1.0,"B1_vs_A3":0.16666666666666666,"B2_vs_A1":1.0,"B2_vs_A2":1.0,"B2_vs_A3":0.5,"B3_vs_A1":1.0,"B3_vs_A2":1.0,"B3_vs_A3":0.5,"B4_vs_A1":1.0,"B4_vs_A2":1.0,"B4_vs_A3":0.14705882352941177,"B5_vs_A1":1.0,"B5_vs_A2":1.0,"B5_vs_A3":0.5,"B6_vs_A1":1.0,"B6_vs_A2":1.0,"B6_vs_A3":0.5,"B7_vs_A1":1.0,"B7_vs_A2":1.0,"B7_vs_A3":0.16666666666666666,"B8_vs_A1":1.0,"B8_vs_A2":1.0,"B8_vs_A3":0.0,"B9_vs_A1":1.0,"B9_vs_A2":1.0,"B9_vs_A3":0.5},"repair_runtimes_ms":{"A1":174,"A2":847,"A3":4820,"B1":4633,"B2":7893,"B3":5570,"B4":477,"B5":7541,"B6":5504,"B7":144,"B8":10492,"B9":5149}}

--- stderr ---
SingleTrialExperiment starting: ontology=/workspaces/ontologyutils-ekaw26/repair-power-index-replication-ekaw26/ontologies/inconsistent/HDS.owl, seed=482851, run_id=20260624134028346645
Loaded ontology.
Normalizing ontology with SROIQ normalization...
Normalized ontology with SROIQ normalization.
Ontology is already inconsistent, skipping make-inconsistent step.
Repairing with A1 (random-removal)...
[2026-06-25 22:14:44.442] Checking precondition...
[2026-06-25 22:14:44.457] Starting the repair...
[2026-06-25 22:14:44.466] Found 91 possible bad axioms.
[2026-06-25 22:14:44.468] Selected the bad axiom SubClassOf(ObjectSomeValuesFrom(responseBy ObjectAllValuesFrom(responseBy Organisation)) Incident).
[2026-06-25 22:14:44.475] Found 90 possible bad axioms.
[2026-06-25 22:14:44.475] Selected the bad axiom SubClassOf(ObjectAllValuesFrom(involved ObjectUnionOf(Victim ObjectUnionOf(Trafficker ObjectUnionOf(Organisation Perpetrator)))) ObjectAllValuesFrom(affected ObjectUnionOf(Organisation Victim))).
[2026-06-25 22:14:44.481] Found 89 possible bad axioms.
[2026-06-25 22:14:44.482] Selected the bad axiom SubClassOf(ObjectSomeValuesFrom(location owl:Thing) ObjectUnionOf(Organisation ObjectUnionOf(Incident ObjectUnionOf(owl:Nothing ObjectUnionOf(Camp owl:Nothing))))).
[2026-06-25 22:14:44.486] Found 88 possible bad axioms.
[2026-06-25 22:14:44.487] Selected the bad axiom SubClassOf(ObjectSomeValuesFrom(location owl:Thing) ObjectUnionOf(Organisation ObjectUnionOf(Incident ObjectUnionOf(Camp Event)))).
[2026-06-25 22:14:44.496] Found 87 possible bad axioms.
[2026-06-25 22:14:44.496] Selected the bad axiom SubClassOf(ObjectSomeValuesFrom(location owl:Thing) ObjectUnionOf(Organisation ObjectUnionOf(Incident ObjectUnionOf(Event ObjectUnionOf(Camp owl:Nothing))))).
[2026-06-25 22:14:44.501] Found 86 possible bad axioms.
[2026-06-25 22:14:44.501] Selected the bad axiom SubClassOf(owl:Thing ObjectAllValuesFrom(involved ObjectUnionOf(Trafficker ObjectSomeValuesFrom(isVictimOf owl:Thing)))).
[2026-06-25 22:14:44.505] Found 85 possible bad axioms.
[2026-06-25 22:14:44.505] Selected the bad axiom SubClassOf(Location Victim).
[2026-06-25 22:14:44.509] Found 84 possible bad axioms.
[2026-06-25 22:14:44.509] Selected the bad axiom SubClassOf(owl:Thing ObjectAllValuesFrom(involved Trafficker)).
[2026-06-25 22:14:44.513] Found 83 possible bad axioms.
[2026-06-25 22:14:44.513] Selected the bad axiom SubClassOf(ObjectSomeValuesFrom(isPerpetratorOf ObjectAllValuesFrom(affiliation Organisation)) Perpetrator).
[2026-06-25 22:14:44.516] Found 82 possible bad axioms.
[2026-06-25 22:14:44.516] Selected the bad axiom SubClassOf(ObjectAllValuesFrom(affiliation Organisation) ObjectAllValuesFrom(affected ObjectUnionOf(Organisation Victim))).
[2026-06-25 22:14:44.520] Found 81 possible bad axioms.
[2026-06-25 22:14:44.520] Selected the bad axiom SubClassOf(ObjectSomeValuesFrom(affiliation owl:Thing) ObjectUnionOf(Perpetrator Victim)).
[2026-06-25 22:14:44.529] Found 80 possible bad axi
...[truncated]
SUCCESS: attempt=35 seed=482851 success_count=14/100
progress: ontology=HDS attempt=35 success=14/100
----- HDS attempt=36 seed=497051 at 2026-06-25 22:15:38 -----
--- stdout ---
{"seed":497051,"run_id":"20260624134028346645","trial_status":"success","error_type":null,"failure_stage":null,"error_message":null,"iic_values":{"B1_vs_A1":0.5,"B1_vs_A2":0.5,"B1_vs_A3":0.0,"B2_vs_A1":1.0,"B2_vs_A2":1.0,"B2_vs_A3":0.75,"B3_vs_A1":1.0,"B3_vs_A2":1.0,"B3_vs_A3":0.8529411764705882,"B4_vs_A1":1.0,"B4_vs_A2":1.0,"B4_vs_A3":0.5,"B5_vs_A1":1.0,"B5_vs_A2":1.0,"B5_vs_A3":0.75,"B6_vs_A1":1.0,"B6_vs_A2":1.0,"B6_vs_A3":0.8529411764705882,"B7_vs_A1":1.0,"B7_vs_A2":1.0,"B7_vs_A3":0.8529411764705882,"B8_vs_A1":1.0,"B8_vs_A2":1.0,"B8_vs_A3":0.8529411764705882,"B9_vs_A1":1.0,"B9_vs_A2":1.0,"B9_vs_A3":0.8529411764705882},"repair_runtimes_ms":{"A1":134,"A2":889,"A3":495,"B1":1094,"B2":10763,"B3":5737,"B4":105,"B5":10252,"B6":5466,"B7":143,"B8":7478,"B9":5183}}

--- stderr ---
SingleTrialExperiment starting: ontology=/workspaces/ontologyutils-ekaw26/repair-power-index-replication-ekaw26/ontologies/inconsistent/HDS.owl, seed=497051, run_id=20260624134028346645
Loaded ontology.
Normalizing ontology with SROIQ normalization...
Normalized ontology with SROIQ normalization.
Ontology is already inconsistent, skipping make-inconsistent step.
Repairing with A1 (random-removal)...
[2026-06-25 22:15:38.439] Checking precondition...
[2026-06-25 22:15:38.454] Starting the repair...
[2026-06-25 22:15:38.462] Found 91 possible bad axioms.
[2026-06-25 22:15:38.464] Selected the bad axiom SubClassOf(ObjectSomeValuesFrom(responseBy ObjectAllValuesFrom(isPerpetratorOf ObjectUnionOf(Event Incident))) Incident).
[2026-06-25 22:15:38.471] Found 90 possible bad axioms.
[2026-06-25 22:15:38.471] Selected the bad axiom SubClassOf(ObjectSomeValuesFrom(isPerpetratorOf ObjectAllValuesFrom(affected ObjectUnionOf(Organisation Victim))) Perpetrator).
[2026-06-25 22:15:38.476] Found 89 possible bad axioms.
[2026-06-25 22:15:38.477] Selected the bad axiom SubClassOf(ObjectSomeValuesFrom(location owl:Thing) ObjectUnionOf(Organisation ObjectUnionOf(Incident ObjectUnionOf(Event ObjectUnionOf(Camp Destination))))).
[2026-06-25 22:15:38.482] Found 88 possible bad axioms.
[2026-06-25 22:15:38.482] Selected the bad axiom SubClassOf(ObjectSomeValuesFrom(affiliation owl:Thing) ObjectUnionOf(Perpetrator ObjectSomeValuesFrom(isVictimOf owl:Thing))).
[2026-06-25 22:15:38.491] Found 87 possible bad axioms.
[2026-06-25 22:15:38.492] Selected the bad axiom SubClassOf(ObjectAllValuesFrom(isVictimOf ObjectUnionOf(Event Incident)) ObjectAllValuesFrom(affected ObjectUnionOf(Organisation Victim))).
[2026-06-25 22:15:38.496] Found 86 possible bad axioms.
[2026-06-25 22:15:38.496] Selected the bad axiom SubClassOf(owl:Thing ObjectAllValuesFrom(isPerpetratorOf ObjectUnionOf(Event Incident))).
[2026-06-25 22:15:38.500] Found 85 possible bad axioms.
[2026-06-25 22:15:38.500] Selected the bad axiom SubClassOf(owl:Thing ObjectUnionOf(Perpetrator Victim)).
[2026-06-25 22:15:38.505] Found 84 possible bad axioms.
[2026-06-25 22:15:38.505] Selected the bad axiom SubClassOf(ObjectSomeValuesFrom(isVictimOf ObjectAllValuesFrom(location Location)) Victim).
[2026-06-25 22:15:38.509] Found 83 possible bad axioms.
[2026-06-25 22:15:38.509] Selected the bad axiom SubClassOf(owl:Thing ObjectAllValuesFrom(isVictimOf ObjectUnionOf(Event Incident))).
[2026-06-25 22:15:38.513] Found 82 possible bad axioms.
[2026-06-25 22:15:38.513] Selected the bad axiom SubClassOf(ObjectAllValuesFrom(isPerpetratorOf ObjectUnionOf(Event Incident)) ObjectAllValuesFrom(involved ObjectUnionOf(Trafficker Victim))).
[2026-06-25 22:15:38.516] Found 81 possible bad axioms.
[2026-06-25 22:15:38.517] Selected the bad axiom SubClassOf(ObjectAllValuesFrom(isPerpetratorOf ObjectUnionOf(Event Incident)) ObjectAllValuesFrom(isVictimOf ObjectUnionOf(Event Incident))).
[2026-06-25 22:15:38.525] Found 80 possible bad axioms.
[
...[truncated]
SUCCESS: attempt=36 seed=497051 success_count=15/100
progress: ontology=HDS attempt=36 success=15/100
----- HDS attempt=37 seed=511251 at 2026-06-25 22:16:26 -----
--- stdout ---
{"seed":511251,"run_id":"20260624134028346645","trial_status":"time_limit_exceeded","error_type":"timeout","failure_stage":"B7","error_message":"Repair timeout: B7 exceeded 300 seconds","iic_values":{},"repair_runtimes_ms":{"A1":240,"A2":818,"A3":1534,"B1":351,"B2":10593,"B3":5634,"B4":169,"B5":7427,"B6":5379,"B7":300351}}

--- stderr ---
SingleTrialExperiment starting: ontology=/workspaces/ontologyutils-ekaw26/repair-power-index-replication-ekaw26/ontologies/inconsistent/HDS.owl, seed=511251, run_id=20260624134028346645
Loaded ontology.
Normalizing ontology with SROIQ normalization...
Normalized ontology with SROIQ normalization.
Ontology is already inconsistent, skipping make-inconsistent step.
Repairing with A1 (random-removal)...
[2026-06-25 22:16:26.690] Checking precondition...
[2026-06-25 22:16:26.706] Starting the repair...
[2026-06-25 22:16:26.716] Found 91 possible bad axioms.
[2026-06-25 22:16:26.717] Selected the bad axiom SubClassOf(ObjectSomeValuesFrom(involved ObjectAllValuesFrom(isVictimOf ObjectUnionOf(Event Incident))) ObjectUnionOf(Event Incident)).
[2026-06-25 22:16:26.724] Found 90 possible bad axioms.
[2026-06-25 22:16:26.724] Selected the bad axiom SubClassOf(ObjectSomeValuesFrom(affiliation ObjectAllValuesFrom(location Location)) ObjectUnionOf(Perpetrator Victim)).
[2026-06-25 22:16:26.729] Found 89 possible bad axioms.
[2026-06-25 22:16:26.730] Selected the bad axiom SubClassOf(ObjectSomeValuesFrom(responseBy ObjectAllValuesFrom(location Location)) ObjectUnionOf(Event Incident)).
[2026-06-25 22:16:26.735] Found 88 possible bad axioms.
[2026-06-25 22:16:26.735] Selected the bad axiom SubClassOf(ObjectSomeValuesFrom(location ObjectAllValuesFrom(isPerpetratorOf ObjectUnionOf(Event Incident))) ObjectUnionOf(Organisation ObjectUnionOf(Incident ObjectUnionOf(Event ObjectUnionOf(Camp owl:Nothing))))).
[2026-06-25 22:16:26.744] Found 87 possible bad axioms.
[2026-06-25 22:16:26.744] Selected the bad axiom SubClassOf(ObjectSomeValuesFrom(responseBy ObjectAllValuesFrom(responseBy Organisation)) Incident).
[2026-06-25 22:16:26.749] Found 86 possible bad axioms.
[2026-06-25 22:16:26.749] Selected the bad axiom SubClassOf(ObjectAllValuesFrom(isPerpetratorOf ObjectUnionOf(Event Incident)) ObjectAllValuesFrom(involved ObjectUnionOf(Trafficker Victim))).
[2026-06-25 22:16:26.753] Found 85 possible bad axioms.
[2026-06-25 22:16:26.753] Selected the bad axiom SubClassOf(ObjectSomeValuesFrom(responseBy owl:Thing) ObjectUnionOf(Event Incident)).
[2026-06-25 22:16:26.757] Found 84 possible bad axioms.
[2026-06-25 22:16:26.757] Selected the bad axiom SubClassOf(owl:Thing Location).
[2026-06-25 22:16:26.761] Found 83 possible bad axioms.
[2026-06-25 22:16:26.761] Selected the bad axiom SubClassOf(ObjectSomeValuesFrom(affiliation owl:Thing) Perpetrator).
[2026-06-25 22:16:26.764] Found 82 possible bad axioms.
[2026-06-25 22:16:26.765] Selected the bad axiom SubClassOf(ObjectSomeValuesFrom(responseBy owl:Thing) Incident).
[2026-06-25 22:16:26.768] Found 81 possible bad axioms.
[2026-06-25 22:16:26.768] Selected the bad axiom SubClassOf(owl:Thing ObjectAllValuesFrom(location owl:Nothing)).
[2026-06-25 22:16:26.777] Found 80 possible bad axioms.
[2026-06-25 22:16:26.777] Selected the bad axiom SubClassOf(ObjectAllValuesFrom(isPerpetratorOf ObjectUnionOf(Event Incident)) ObjectAllVal
...[truncated]
FAIL: attempt=37 seed=511251 status=time_limit_exceeded stage=B7 message=Repair timeout: B7 exceeded 300 seconds
progress: ontology=HDS attempt=37 success=15/100
----- HDS attempt=38 seed=525451 at 2026-06-25 22:21:59 -----
--- stdout ---
{"seed":525451,"run_id":"20260624134028346645","trial_status":"time_limit_exceeded","error_type":"timeout","failure_stage":"B7","error_message":"Repair timeout: B7 exceeded 300 seconds","iic_values":{},"repair_runtimes_ms":{"A1":151,"A2":856,"A3":464,"B1":3289,"B2":8005,"B3":8442,"B4":136,"B5":10197,"B6":8463,"B7":300206}}

--- stderr ---
SingleTrialExperiment starting: ontology=/workspaces/ontologyutils-ekaw26/repair-power-index-replication-ekaw26/ontologies/inconsistent/HDS.owl, seed=525451, run_id=20260624134028346645
Loaded ontology.
Normalizing ontology with SROIQ normalization...
Normalized ontology with SROIQ normalization.
Ontology is already inconsistent, skipping make-inconsistent step.
Repairing with A1 (random-removal)...
[2026-06-25 22:21:59.677] Checking precondition...
[2026-06-25 22:21:59.691] Starting the repair...
[2026-06-25 22:21:59.700] Found 91 possible bad axioms.
[2026-06-25 22:21:59.701] Selected the bad axiom SubClassOf(owl:Thing ObjectAllValuesFrom(isVictimOf ObjectSomeValuesFrom(involved owl:Thing))).
[2026-06-25 22:21:59.708] Found 90 possible bad axioms.
[2026-06-25 22:21:59.709] Selected the bad axiom SubClassOf(ObjectSomeValuesFrom(affiliation ObjectAllValuesFrom(location Location)) ObjectUnionOf(Perpetrator Victim)).
[2026-06-25 22:21:59.714] Found 89 possible bad axioms.
[2026-06-25 22:21:59.714] Selected the bad axiom SubClassOf(ObjectSomeValuesFrom(isVictimOf ObjectAllValuesFrom(responseBy Organisation)) Victim).
[2026-06-25 22:21:59.724] Found 88 possible bad axioms.
[2026-06-25 22:21:59.724] Selected the bad axiom SubClassOf(ObjectSomeValuesFrom(isPerpetratorOf ObjectAllValuesFrom(affiliation Organisation)) Perpetrator).
[2026-06-25 22:21:59.729] Found 87 possible bad axioms.
[2026-06-25 22:21:59.730] Selected the bad axiom SubClassOf(ObjectSomeValuesFrom(responseBy ObjectAllValuesFrom(isPerpetratorOf ObjectUnionOf(Event Incident))) Incident).
[2026-06-25 22:21:59.734] Found 86 possible bad axioms.
[2026-06-25 22:21:59.734] Selected the bad axiom SubClassOf(ObjectSomeValuesFrom(location owl:Thing) ObjectUnionOf(Organisation ObjectUnionOf(Incident ObjectUnionOf(Event ObjectUnionOf(Camp owl:Nothing))))).
[2026-06-25 22:21:59.738] Found 85 possible bad axioms.
[2026-06-25 22:21:59.738] Selected the bad axiom SubClassOf(owl:Thing ObjectAllValuesFrom(affiliation Organisation)).
[2026-06-25 22:21:59.743] Found 84 possible bad axioms.
[2026-06-25 22:21:59.743] Selected the bad axiom SubClassOf(owl:Thing ObjectAllValuesFrom(isVictimOf ObjectUnionOf(Event Incident))).
[2026-06-25 22:21:59.746] Found 83 possible bad axioms.
[2026-06-25 22:21:59.747] Selected the bad axiom SubClassOf(ObjectSomeValuesFrom(affiliation ObjectAllValuesFrom(responseBy Organisation)) ObjectUnionOf(Perpetrator Victim)).
[2026-06-25 22:21:59.750] Found 82 possible bad axioms.
[2026-06-25 22:21:59.750] Selected the bad axiom SubClassOf(ObjectUnionOf(Victim ObjectUnionOf(Trafficker ObjectUnionOf(Organisation Perpetrator))) ObjectAllValuesFrom(affected ObjectUnionOf(Organisation Victim))).
[2026-06-25 22:21:59.754] Found 81 possible bad axioms.
[2026-06-25 22:21:59.754] Selected the bad axiom SubClassOf(owl:Thing ObjectAllValuesFrom(involved ObjectUnionOf(Victim ObjectUnionOf(Organisation Trafficker)))).
[2026-06-25 22:21:59.762] Found 80 possible bad axioms.
[2026-06-25 22:21:59.7
...[truncated]
FAIL: attempt=38 seed=525451 status=time_limit_exceeded stage=B7 message=Repair timeout: B7 exceeded 300 seconds
progress: ontology=HDS attempt=38 success=15/100
----- HDS attempt=39 seed=539651 at 2026-06-25 22:27:39 -----
--- stdout ---
{"seed":539651,"run_id":"20260624134028346645","trial_status":"time_limit_exceeded","error_type":"timeout","failure_stage":"B4","error_message":"Repair timeout: B4 exceeded 300 seconds","iic_values":{},"repair_runtimes_ms":{"A1":184,"A2":858,"A3":1004,"B1":3293,"B2":8120,"B3":5479,"B4":300048}}

--- stderr ---
SingleTrialExperiment starting: ontology=/workspaces/ontologyutils-ekaw26/repair-power-index-replication-ekaw26/ontologies/inconsistent/HDS.owl, seed=539651, run_id=20260624134028346645
Loaded ontology.
Normalizing ontology with SROIQ normalization...
Normalized ontology with SROIQ normalization.
Ontology is already inconsistent, skipping make-inconsistent step.
Repairing with A1 (random-removal)...
[2026-06-25 22:27:40.364] Checking precondition...
[2026-06-25 22:27:40.381] Starting the repair...
[2026-06-25 22:27:40.390] Found 91 possible bad axioms.
[2026-06-25 22:27:40.392] Selected the bad axiom SubClassOf(owl:Thing ObjectAllValuesFrom(location Location)).
[2026-06-25 22:27:40.399] Found 90 possible bad axioms.
[2026-06-25 22:27:40.399] Selected the bad axiom SubClassOf(ObjectSomeValuesFrom(affiliation owl:Thing) ObjectUnionOf(Perpetrator Victim)).
[2026-06-25 22:27:40.405] Found 89 possible bad axioms.
[2026-06-25 22:27:40.405] Selected the bad axiom SubClassOf(ObjectAllValuesFrom(involved ObjectUnionOf(Victim ObjectUnionOf(Trafficker ObjectUnionOf(Organisation Perpetrator)))) ObjectAllValuesFrom(affected ObjectUnionOf(Organisation Victim))).
[2026-06-25 22:27:40.410] Found 88 possible bad axioms.
[2026-06-25 22:27:40.410] Selected the bad axiom SubClassOf(ObjectSomeValuesFrom(involved owl:Thing) ObjectUnionOf(Event Incident)).
[2026-06-25 22:27:40.420] Found 87 possible bad axioms.
[2026-06-25 22:27:40.420] Selected the bad axiom SubClassOf(ObjectSomeValuesFrom(affiliation ObjectAllValuesFrom(responseBy Organisation)) ObjectUnionOf(Perpetrator ObjectSomeValuesFrom(isVictimOf owl:Thing))).
[2026-06-25 22:27:40.424] Found 86 possible bad axioms.
[2026-06-25 22:27:40.424] Selected the bad axiom SubClassOf(Location Victim).
[2026-06-25 22:27:40.428] Found 85 possible bad axioms.
[2026-06-25 22:27:40.428] Selected the bad axiom SubClassOf(ObjectSomeValuesFrom(location ObjectAllValuesFrom(location Location)) ObjectUnionOf(owl:Nothing ObjectUnionOf(Incident ObjectUnionOf(Destination Event)))).
[2026-06-25 22:27:40.434] Found 84 possible bad axioms.
[2026-06-25 22:27:40.434] Selected the bad axiom SubClassOf(owl:Thing ObjectAllValuesFrom(isPerpetratorOf ObjectUnionOf(Event Incident))).
[2026-06-25 22:27:40.437] Found 83 possible bad axioms.
[2026-06-25 22:27:40.437] Selected the bad axiom SubClassOf(ObjectSomeValuesFrom(affiliation owl:Thing) ObjectUnionOf(Perpetrator ObjectSomeValuesFrom(isVictimOf ObjectAllValuesFrom(isPerpetratorOf ObjectSomeValuesFrom(affected owl:Thing))))).
[2026-06-25 22:27:40.441] Found 82 possible bad axioms.
[2026-06-25 22:27:40.441] Selected the bad axiom SubClassOf(ObjectSomeValuesFrom(location ObjectAllValuesFrom(involved ObjectUnionOf(Victim ObjectUnionOf(Trafficker ObjectUnionOf(Organisation Perpetrator))))) ObjectUnionOf(Organisation ObjectUnionOf(Incident ObjectUnionOf(Camp Event)))).
[2026-06-25 22:27:40.444] Found 81 possible bad axioms.
[2026-06-25 22:27:40.444] Selected the bad axiom SubClassOf(ObjectSomeValue
...[truncated]
FAIL: attempt=39 seed=539651 status=time_limit_exceeded stage=B4 message=Repair timeout: B4 exceeded 300 seconds
progress: ontology=HDS attempt=39 success=15/100
----- HDS attempt=40 seed=553851 at 2026-06-25 22:32:59 -----
--- stdout ---
{"seed":553851,"run_id":"20260624134028346645","trial_status":"success","error_type":null,"failure_stage":null,"error_message":null,"iic_values":{"B1_vs_A1":1.0,"B1_vs_A2":1.0,"B1_vs_A3":0.5,"B2_vs_A1":1.0,"B2_vs_A2":1.0,"B2_vs_A3":0.8333333333333334,"B3_vs_A1":1.0,"B3_vs_A2":1.0,"B3_vs_A3":0.8333333333333334,"B4_vs_A1":1.0,"B4_vs_A2":0.5,"B4_vs_A3":0.0,"B5_vs_A1":1.0,"B5_vs_A2":1.0,"B5_vs_A3":0.8333333333333334,"B6_vs_A1":1.0,"B6_vs_A2":1.0,"B6_vs_A3":0.8333333333333334,"B7_vs_A1":1.0,"B7_vs_A2":1.0,"B7_vs_A3":0.8333333333333334,"B8_vs_A1":1.0,"B8_vs_A2":1.0,"B8_vs_A3":0.8333333333333334,"B9_vs_A1":1.0,"B9_vs_A2":1.0,"B9_vs_A3":0.75},"repair_runtimes_ms":{"A1":273,"A2":788,"A3":431,"B1":385,"B2":7930,"B3":5628,"B4":109,"B5":7391,"B6":5388,"B7":165,"B8":6953,"B9":8443}}

--- stderr ---
SingleTrialExperiment starting: ontology=/workspaces/ontologyutils-ekaw26/repair-power-index-replication-ekaw26/ontologies/inconsistent/HDS.owl, seed=553851, run_id=20260624134028346645
Loaded ontology.
Normalizing ontology with SROIQ normalization...
Normalized ontology with SROIQ normalization.
Ontology is already inconsistent, skipping make-inconsistent step.
Repairing with A1 (random-removal)...
[2026-06-25 22:32:59.832] Checking precondition...
[2026-06-25 22:32:59.846] Starting the repair...
[2026-06-25 22:32:59.856] Found 91 possible bad axioms.
[2026-06-25 22:32:59.858] Selected the bad axiom SubClassOf(ObjectSomeValuesFrom(responseBy ObjectAllValuesFrom(location Location)) ObjectUnionOf(Event Incident)).
[2026-06-25 22:32:59.868] Found 90 possible bad axioms.
[2026-06-25 22:32:59.869] Selected the bad axiom SubClassOf(ObjectSomeValuesFrom(isVictimOf ObjectAllValuesFrom(isPerpetratorOf ObjectUnionOf(Event Incident))) Victim).
[2026-06-25 22:32:59.875] Found 89 possible bad axioms.
[2026-06-25 22:32:59.875] Selected the bad axiom SubClassOf(owl:Thing ObjectAllValuesFrom(location owl:Nothing)).
[2026-06-25 22:32:59.885] Found 88 possible bad axioms.
[2026-06-25 22:32:59.885] Selected the bad axiom SubClassOf(ObjectSomeValuesFrom(responseBy ObjectAllValuesFrom(responseBy Organisation)) Incident).
[2026-06-25 22:32:59.890] Found 87 possible bad axioms.
[2026-06-25 22:32:59.890] Selected the bad axiom SubClassOf(ObjectSomeValuesFrom(responseBy owl:Thing) Incident).
[2026-06-25 22:32:59.895] Found 86 possible bad axioms.
[2026-06-25 22:32:59.895] Selected the bad axiom SubClassOf(ObjectAllValuesFrom(involved ObjectUnionOf(Victim ObjectUnionOf(Trafficker ObjectUnionOf(Perpetrator ObjectUnionOf(Organisation Perpetrator))))) ObjectAllValuesFrom(affected ObjectUnionOf(Organisation Victim))).
[2026-06-25 22:32:59.899] Found 85 possible bad axioms.
[2026-06-25 22:32:59.899] Selected the bad axiom SubClassOf(ObjectUnionOf(Victim ObjectUnionOf(Trafficker ObjectUnionOf(Organisation Perpetrator))) ObjectAllValuesFrom(affected ObjectUnionOf(Organisation Victim))).
[2026-06-25 22:32:59.904] Found 84 possible bad axioms.
[2026-06-25 22:32:59.904] Selected the bad axiom SubClassOf(ObjectSomeValuesFrom(location ObjectAllValuesFrom(location Location)) ObjectUnionOf(owl:Nothing ObjectUnionOf(Event Incident))).
[2026-06-25 22:32:59.908] Found 83 possible bad axioms.
[2026-06-25 22:32:59.908] Selected the bad axiom SubClassOf(owl:Thing ObjectAllValuesFrom(isVictimOf ObjectSomeValuesFrom(involved owl:Thing))).
[2026-06-25 22:32:59.911] Found 82 possible bad axioms.
[2026-06-25 22:32:59.912] Selected the bad axiom SubClassOf(ObjectSomeValuesFrom(affiliation owl:Thing) ObjectUnionOf(Perpetrator Victim)).
[2026-06-25 22:32:59.915] Found 81 possible bad axioms.
[2026-06-25 22:32:59.915] Selected the bad axiom SubClassOf(ObjectSomeValuesFrom(involved owl:Thing) Event).
[2026-06-25 22:32:59.924] Found 80 possible bad axioms.
[2026-06-25 22:32:59.924] Selected the bad ax
...[truncated]
SUCCESS: attempt=40 seed=553851 success_count=16/100
progress: ontology=HDS attempt=40 success=16/100
----- HDS attempt=41 seed=568051 at 2026-06-25 22:33:43 -----
--- stdout ---
{"seed":568051,"run_id":"20260624134028346645","trial_status":"time_limit_exceeded","error_type":"timeout","failure_stage":"B4","error_message":"Repair timeout: B4 exceeded 300 seconds","iic_values":{},"repair_runtimes_ms":{"A1":249,"A2":804,"A3":486,"B1":1005,"B2":10795,"B3":5439,"B4":300153}}

--- stderr ---
SingleTrialExperiment starting: ontology=/workspaces/ontologyutils-ekaw26/repair-power-index-replication-ekaw26/ontologies/inconsistent/HDS.owl, seed=568051, run_id=20260624134028346645
Loaded ontology.
Normalizing ontology with SROIQ normalization...
Normalized ontology with SROIQ normalization.
Ontology is already inconsistent, skipping make-inconsistent step.
Repairing with A1 (random-removal)...
[2026-06-25 22:33:44.232] Checking precondition...
[2026-06-25 22:33:44.248] Starting the repair...
[2026-06-25 22:33:44.257] Found 91 possible bad axioms.
[2026-06-25 22:33:44.259] Selected the bad axiom SubClassOf(ObjectAllValuesFrom(isPerpetratorOf ObjectUnionOf(Event Incident)) ObjectAllValuesFrom(affected ObjectUnionOf(Organisation Victim))).
[2026-06-25 22:33:44.267] Found 90 possible bad axioms.
[2026-06-25 22:33:44.267] Selected the bad axiom SubClassOf(ObjectSomeValuesFrom(affiliation owl:Thing) ObjectUnionOf(Perpetrator ObjectSomeValuesFrom(isVictimOf ObjectAllValuesFrom(isPerpetratorOf ObjectSomeValuesFrom(affected owl:Thing))))).
[2026-06-25 22:33:44.272] Found 89 possible bad axioms.
[2026-06-25 22:33:44.273] Selected the bad axiom SubClassOf(ObjectSomeValuesFrom(location ObjectAllValuesFrom(location owl:Thing)) ObjectUnionOf(owl:Nothing ObjectUnionOf(Event Incident))).
[2026-06-25 22:33:44.278] Found 88 possible bad axioms.
[2026-06-25 22:33:44.278] Selected the bad axiom SubClassOf(ObjectSomeValuesFrom(involved ObjectAllValuesFrom(isVictimOf ObjectUnionOf(Event Incident))) ObjectUnionOf(Event Incident)).
[2026-06-25 22:33:44.287] Found 87 possible bad axioms.
[2026-06-25 22:33:44.287] Selected the bad axiom SubClassOf(ObjectSomeValuesFrom(affected owl:Thing) ObjectUnionOf(Event Incident)).
[2026-06-25 22:33:44.292] Found 86 possible bad axioms.
[2026-06-25 22:33:44.292] Selected the bad axiom SubClassOf(owl:Thing ObjectAllValuesFrom(isPerpetratorOf ObjectUnionOf(Event Incident))).
[2026-06-25 22:33:44.296] Found 85 possible bad axioms.
[2026-06-25 22:33:44.296] Selected the bad axiom SubClassOf(owl:Thing ObjectAllValuesFrom(affiliation Organisation)).
[2026-06-25 22:33:44.300] Found 84 possible bad axioms.
[2026-06-25 22:33:44.300] Selected the bad axiom SubClassOf(owl:Thing ObjectAllValuesFrom(responseBy Organisation)).
[2026-06-25 22:33:44.303] Found 83 possible bad axioms.
[2026-06-25 22:33:44.304] Selected the bad axiom SubClassOf(ObjectAllValuesFrom(isPerpetratorOf ObjectUnionOf(Event Incident)) ObjectAllValuesFrom(involved ObjectUnionOf(Trafficker Victim))).
[2026-06-25 22:33:44.307] Found 82 possible bad axioms.
[2026-06-25 22:33:44.308] Selected the bad axiom SubClassOf(ObjectSomeValuesFrom(location ObjectAllValuesFrom(location Location)) ObjectUnionOf(owl:Nothing ObjectUnionOf(Incident ObjectUnionOf(Destination Event)))).
[2026-06-25 22:33:44.311] Found 81 possible bad axioms.
[2026-06-25 22:33:44.311] Selected the bad axiom SubClassOf(ObjectAllValuesFrom(affected ObjectUnionOf(Organisation Victim)) ObjectAllValuesFrom(location
...[truncated]
FAIL: attempt=41 seed=568051 status=time_limit_exceeded stage=B4 message=Repair timeout: B4 exceeded 300 seconds
progress: ontology=HDS attempt=41 success=16/100
----- HDS attempt=42 seed=582251 at 2026-06-25 22:39:03 -----
--- stdout ---
{"seed":582251,"run_id":"20260624134028346645","trial_status":"time_limit_exceeded","error_type":"timeout","failure_stage":"B4","error_message":"Repair timeout: B4 exceeded 300 seconds","iic_values":{},"repair_runtimes_ms":{"A1":169,"A2":878,"A3":973,"B1":3990,"B2":10484,"B3":5525,"B4":300099}}

--- stderr ---
SingleTrialExperiment starting: ontology=/workspaces/ontologyutils-ekaw26/repair-power-index-replication-ekaw26/ontologies/inconsistent/HDS.owl, seed=582251, run_id=20260624134028346645
Loaded ontology.
Normalizing ontology with SROIQ normalization...
Normalized ontology with SROIQ normalization.
Ontology is already inconsistent, skipping make-inconsistent step.
Repairing with A1 (random-removal)...
[2026-06-25 22:39:03.637] Checking precondition...
[2026-06-25 22:39:03.652] Starting the repair...
[2026-06-25 22:39:03.662] Found 91 possible bad axioms.
[2026-06-25 22:39:03.664] Selected the bad axiom SubClassOf(ObjectSomeValuesFrom(affiliation ObjectAllValuesFrom(location Location)) Perpetrator).
[2026-06-25 22:39:03.670] Found 90 possible bad axioms.
[2026-06-25 22:39:03.671] Selected the bad axiom SubClassOf(owl:Thing ObjectAllValuesFrom(involved Trafficker)).
[2026-06-25 22:39:03.676] Found 89 possible bad axioms.
[2026-06-25 22:39:03.677] Selected the bad axiom SubClassOf(ObjectSomeValuesFrom(responseBy owl:Thing) ObjectUnionOf(Event Incident)).
[2026-06-25 22:39:03.682] Found 88 possible bad axioms.
[2026-06-25 22:39:03.682] Selected the bad axiom SubClassOf(ObjectSomeValuesFrom(location ObjectAllValuesFrom(location owl:Thing)) ObjectUnionOf(owl:Nothing ObjectUnionOf(Event Incident))).
[2026-06-25 22:39:03.691] Found 87 possible bad axioms.
[2026-06-25 22:39:03.691] Selected the bad axiom SubClassOf(ObjectAllValuesFrom(isPerpetratorOf ObjectUnionOf(Event Incident)) ObjectAllValuesFrom(involved ObjectUnionOf(Trafficker Victim))).
[2026-06-25 22:39:03.696] Found 86 possible bad axioms.
[2026-06-25 22:39:03.696] Selected the bad axiom SubClassOf(ObjectSomeValuesFrom(isVictimOf ObjectAllValuesFrom(affected ObjectUnionOf(Victim ObjectUnionOf(Organisation Perpetrator)))) Victim).
[2026-06-25 22:39:03.700] Found 85 possible bad axioms.
[2026-06-25 22:39:03.700] Selected the bad axiom SubClassOf(ObjectSomeValuesFrom(location owl:Thing) ObjectUnionOf(Organisation ObjectUnionOf(Incident ObjectUnionOf(owl:Nothing ObjectUnionOf(Camp owl:Nothing))))).
[2026-06-25 22:39:03.705] Found 84 possible bad axioms.
[2026-06-25 22:39:03.705] Selected the bad axiom SubClassOf(owl:Thing ObjectUnionOf(Organisation ObjectUnionOf(Incident ObjectUnionOf(Event ObjectUnionOf(Camp Destination))))).
[2026-06-25 22:39:03.708] Found 83 possible bad axioms.
[2026-06-25 22:39:03.709] Selected the bad axiom SubClassOf(ObjectAllValuesFrom(location Location) ObjectAllValuesFrom(location owl:Nothing)).
[2026-06-25 22:39:03.712] Found 82 possible bad axioms.
[2026-06-25 22:39:03.712] Selected the bad axiom SubClassOf(ObjectSomeValuesFrom(isPerpetratorOf ObjectAllValuesFrom(affiliation Organisation)) Perpetrator).
[2026-06-25 22:39:03.715] Found 81 possible bad axioms.
[2026-06-25 22:39:03.716] Selected the bad axiom SubClassOf(owl:Thing ObjectAllValuesFrom(involved ObjectUnionOf(Victim ObjectUnionOf(Organisation Trafficker)))).
[2026-06-25 22:39:03.723] Found 80 possible bad axioms.
...[truncated]
FAIL: attempt=42 seed=582251 status=time_limit_exceeded stage=B4 message=Repair timeout: B4 exceeded 300 seconds
progress: ontology=HDS attempt=42 success=16/100
----- HDS attempt=43 seed=596451 at 2026-06-25 22:44:25 -----
--- stdout ---
{"seed":596451,"run_id":"20260624134028346645","trial_status":"success","error_type":null,"failure_stage":null,"error_message":null,"iic_values":{"B1_vs_A1":1.0,"B1_vs_A2":1.0,"B1_vs_A3":0.5,"B2_vs_A1":1.0,"B2_vs_A2":1.0,"B2_vs_A3":0.8333333333333334,"B3_vs_A1":1.0,"B3_vs_A2":1.0,"B3_vs_A3":0.8333333333333334,"B4_vs_A1":1.0,"B4_vs_A2":0.5,"B4_vs_A3":0.0,"B5_vs_A1":1.0,"B5_vs_A2":1.0,"B5_vs_A3":0.8333333333333334,"B6_vs_A1":1.0,"B6_vs_A2":1.0,"B6_vs_A3":0.8333333333333334,"B7_vs_A1":1.0,"B7_vs_A2":1.0,"B7_vs_A3":0.5,"B8_vs_A1":1.0,"B8_vs_A2":1.0,"B8_vs_A3":0.8333333333333334,"B9_vs_A1":1.0,"B9_vs_A2":1.0,"B9_vs_A3":0.8333333333333334},"repair_runtimes_ms":{"A1":223,"A2":835,"A3":435,"B1":373,"B2":8076,"B3":5647,"B4":353,"B5":7458,"B6":5178,"B7":145,"B8":7197,"B9":5477}}

--- stderr ---
SingleTrialExperiment starting: ontology=/workspaces/ontologyutils-ekaw26/repair-power-index-replication-ekaw26/ontologies/inconsistent/HDS.owl, seed=596451, run_id=20260624134028346645
Loaded ontology.
Normalizing ontology with SROIQ normalization...
Normalized ontology with SROIQ normalization.
Ontology is already inconsistent, skipping make-inconsistent step.
Repairing with A1 (random-removal)...
[2026-06-25 22:44:26.207] Checking precondition...
[2026-06-25 22:44:26.222] Starting the repair...
[2026-06-25 22:44:26.231] Found 91 possible bad axioms.
[2026-06-25 22:44:26.233] Selected the bad axiom SubClassOf(owl:Thing ObjectUnionOf(Perpetrator Victim)).
[2026-06-25 22:44:26.240] Found 90 possible bad axioms.
[2026-06-25 22:44:26.241] Selected the bad axiom SubClassOf(ObjectSomeValuesFrom(affiliation owl:Thing) ObjectUnionOf(Perpetrator ObjectSomeValuesFrom(isVictimOf ObjectAllValuesFrom(isPerpetratorOf ObjectUnionOf(Event Incident))))).
[2026-06-25 22:44:26.247] Found 89 possible bad axioms.
[2026-06-25 22:44:26.247] Selected the bad axiom SubClassOf(ObjectSomeValuesFrom(isPerpetratorOf owl:Thing) Perpetrator).
[2026-06-25 22:44:26.258] Found 88 possible bad axioms.
[2026-06-25 22:44:26.259] Selected the bad axiom SubClassOf(ObjectSomeValuesFrom(involved owl:Thing) ObjectSomeValuesFrom(affected owl:Thing)).
[2026-06-25 22:44:26.264] Found 87 possible bad axioms.
[2026-06-25 22:44:26.264] Selected the bad axiom SubClassOf(owl:Thing ObjectAllValuesFrom(isVictimOf ObjectSomeValuesFrom(involved owl:Thing))).
[2026-06-25 22:44:26.269] Found 86 possible bad axioms.
[2026-06-25 22:44:26.270] Selected the bad axiom SubClassOf(ObjectSomeValuesFrom(location ObjectAllValuesFrom(location Location)) ObjectUnionOf(owl:Nothing ObjectUnionOf(Incident ObjectUnionOf(Destination Event)))).
[2026-06-25 22:44:26.274] Found 85 possible bad axioms.
[2026-06-25 22:44:26.274] Selected the bad axiom SubClassOf(ObjectSomeValuesFrom(affiliation owl:Thing) ObjectSomeValuesFrom(isPerpetratorOf owl:Thing)).
[2026-06-25 22:44:26.278] Found 84 possible bad axioms.
[2026-06-25 22:44:26.278] Selected the bad axiom SubClassOf(ObjectSomeValuesFrom(location owl:Thing) ObjectUnionOf(Organisation ObjectUnionOf(Incident ObjectUnionOf(Event ObjectUnionOf(Camp owl:Nothing))))).
[2026-06-25 22:44:26.282] Found 83 possible bad axioms.
[2026-06-25 22:44:26.282] Selected the bad axiom SubClassOf(owl:Thing ObjectAllValuesFrom(location owl:Nothing)).
[2026-06-25 22:44:26.285] Found 82 possible bad axioms.
[2026-06-25 22:44:26.285] Selected the bad axiom SubClassOf(ObjectSomeValuesFrom(location ObjectAllValuesFrom(isPerpetratorOf ObjectUnionOf(Event Incident))) ObjectUnionOf(owl:Nothing ObjectUnionOf(Incident ObjectUnionOf(Event ObjectUnionOf(Camp Destination))))).
[2026-06-25 22:44:26.289] Found 81 possible bad axioms.
[2026-06-25 22:44:26.289] Selected the bad axiom SubClassOf(ObjectUnionOf(Victim ObjectUnionOf(Trafficker ObjectUnionOf(Organisation Perpetrator))) ObjectAllValuesFrom(affecte
...[truncated]
SUCCESS: attempt=43 seed=596451 success_count=17/100
progress: ontology=HDS attempt=43 success=17/100
----- HDS attempt=44 seed=610651 at 2026-06-25 22:45:07 -----
--- stdout ---
{"seed":610651,"run_id":"20260624134028346645","trial_status":"success","error_type":null,"failure_stage":null,"error_message":null,"iic_values":{"B1_vs_A1":1.0,"B1_vs_A2":0.5,"B1_vs_A3":0.5,"B2_vs_A1":1.0,"B2_vs_A2":1.0,"B2_vs_A3":1.0,"B3_vs_A1":1.0,"B3_vs_A2":1.0,"B3_vs_A3":1.0,"B4_vs_A1":1.0,"B4_vs_A2":1.0,"B4_vs_A3":1.0,"B5_vs_A1":1.0,"B5_vs_A2":1.0,"B5_vs_A3":1.0,"B6_vs_A1":1.0,"B6_vs_A2":1.0,"B6_vs_A3":1.0,"B7_vs_A1":1.0,"B7_vs_A2":1.0,"B7_vs_A3":1.0,"B8_vs_A1":1.0,"B8_vs_A2":1.0,"B8_vs_A3":1.0,"B9_vs_A1":1.0,"B9_vs_A2":1.0,"B9_vs_A3":1.0},"repair_runtimes_ms":{"A1":174,"A2":856,"A3":746,"B1":618,"B2":8044,"B3":5519,"B4":115,"B5":7313,"B6":8484,"B7":143,"B8":7527,"B9":5058}}

--- stderr ---
SingleTrialExperiment starting: ontology=/workspaces/ontologyutils-ekaw26/repair-power-index-replication-ekaw26/ontologies/inconsistent/HDS.owl, seed=610651, run_id=20260624134028346645
Loaded ontology.
Normalizing ontology with SROIQ normalization...
Normalized ontology with SROIQ normalization.
Ontology is already inconsistent, skipping make-inconsistent step.
Repairing with A1 (random-removal)...
[2026-06-25 22:45:08.136] Checking precondition...
[2026-06-25 22:45:08.151] Starting the repair...
[2026-06-25 22:45:08.160] Found 91 possible bad axioms.
[2026-06-25 22:45:08.162] Selected the bad axiom SubClassOf(ObjectSomeValuesFrom(affiliation owl:Thing) ObjectUnionOf(Perpetrator ObjectSomeValuesFrom(isVictimOf owl:Thing))).
[2026-06-25 22:45:08.168] Found 90 possible bad axioms.
[2026-06-25 22:45:08.168] Selected the bad axiom SubClassOf(ObjectSomeValuesFrom(location ObjectAllValuesFrom(involved ObjectUnionOf(Victim ObjectUnionOf(Trafficker ObjectUnionOf(Organisation Perpetrator))))) ObjectUnionOf(owl:Nothing ObjectUnionOf(Incident ObjectUnionOf(Event ObjectUnionOf(Camp Destination))))).
[2026-06-25 22:45:08.174] Found 89 possible bad axioms.
[2026-06-25 22:45:08.175] Selected the bad axiom SubClassOf(ObjectSomeValuesFrom(isVictimOf ObjectAllValuesFrom(isPerpetratorOf ObjectUnionOf(Event Incident))) Victim).
[2026-06-25 22:45:08.180] Found 88 possible bad axioms.
[2026-06-25 22:45:08.180] Selected the bad axiom SubClassOf(ObjectSomeValuesFrom(affiliation owl:Thing) Victim).
[2026-06-25 22:45:08.190] Found 87 possible bad axioms.
[2026-06-25 22:45:08.190] Selected the bad axiom SubClassOf(owl:Thing Victim).
[2026-06-25 22:45:08.194] Found 86 possible bad axioms.
[2026-06-25 22:45:08.194] Selected the bad axiom SubClassOf(ObjectSomeValuesFrom(location owl:Thing) ObjectUnionOf(Organisation ObjectUnionOf(Incident ObjectUnionOf(Event ObjectUnionOf(Camp owl:Nothing))))).
[2026-06-25 22:45:08.198] Found 85 possible bad axioms.
[2026-06-25 22:45:08.199] Selected the bad axiom SubClassOf(ObjectSomeValuesFrom(location ObjectAllValuesFrom(location owl:Thing)) ObjectUnionOf(owl:Nothing ObjectUnionOf(Event Incident))).
[2026-06-25 22:45:08.203] Found 84 possible bad axioms.
[2026-06-25 22:45:08.203] Selected the bad axiom SubClassOf(ObjectSomeValuesFrom(isVictimOf ObjectAllValuesFrom(location ObjectAllValuesFrom(responseBy Organisation))) Victim).
[2026-06-25 22:45:08.206] Found 83 possible bad axioms.
[2026-06-25 22:45:08.207] Selected the bad axiom SubClassOf(ObjectSomeValuesFrom(affiliation ObjectAllValuesFrom(location Location)) ObjectUnionOf(Perpetrator Victim)).
[2026-06-25 22:45:08.210] Found 82 possible bad axioms.
[2026-06-25 22:45:08.210] Selected the bad axiom SubClassOf(owl:Thing ObjectUnionOf(Organisation ObjectUnionOf(Incident ObjectUnionOf(owl:Nothing ObjectUnionOf(Camp Destination))))).
[2026-06-25 22:45:08.213] Found 81 possible bad axioms.
[2026-06-25 22:45:08.213] Selected the bad axiom SubClassOf(ObjectSomeValuesFrom(isPerpetratorOf Objec
...[truncated]
SUCCESS: attempt=44 seed=610651 success_count=18/100
progress: ontology=HDS attempt=44 success=18/100
----- HDS attempt=45 seed=624851 at 2026-06-25 22:45:52 -----
--- stdout ---
{"seed":624851,"run_id":"20260624134028346645","trial_status":"time_limit_exceeded","error_type":"timeout","failure_stage":"B4","error_message":"Repair timeout: B4 exceeded 300 seconds","iic_values":{},"repair_runtimes_ms":{"A1":117,"A2":906,"A3":1687,"B1":294,"B2":7895,"B3":8610,"B4":300268}}

--- stderr ---
SingleTrialExperiment starting: ontology=/workspaces/ontologyutils-ekaw26/repair-power-index-replication-ekaw26/ontologies/inconsistent/HDS.owl, seed=624851, run_id=20260624134028346645
Loaded ontology.
Normalizing ontology with SROIQ normalization...
Normalized ontology with SROIQ normalization.
Ontology is already inconsistent, skipping make-inconsistent step.
Repairing with A1 (random-removal)...
[2026-06-25 22:45:53.257] Checking precondition...
[2026-06-25 22:45:53.274] Starting the repair...
[2026-06-25 22:45:53.283] Found 91 possible bad axioms.
[2026-06-25 22:45:53.286] Selected the bad axiom SubClassOf(ObjectAllValuesFrom(location Location) ObjectAllValuesFrom(isPerpetratorOf Incident)).
[2026-06-25 22:45:53.294] Found 90 possible bad axioms.
[2026-06-25 22:45:53.294] Selected the bad axiom SubClassOf(owl:Thing Location).
[2026-06-25 22:45:53.300] Found 89 possible bad axioms.
[2026-06-25 22:45:53.300] Selected the bad axiom SubClassOf(ObjectSomeValuesFrom(isVictimOf ObjectAllValuesFrom(affected ObjectUnionOf(Organisation Victim))) Victim).
[2026-06-25 22:45:53.306] Found 88 possible bad axioms.
[2026-06-25 22:45:53.307] Selected the bad axiom SubClassOf(ObjectAllValuesFrom(affiliation Organisation) ObjectAllValuesFrom(affected ObjectUnionOf(Organisation Victim))).
[2026-06-25 22:45:53.316] Found 87 possible bad axioms.
[2026-06-25 22:45:53.316] Selected the bad axiom SubClassOf(ObjectSomeValuesFrom(location ObjectAllValuesFrom(involved ObjectUnionOf(Victim ObjectUnionOf(Trafficker ObjectUnionOf(Organisation Perpetrator))))) ObjectUnionOf(Organisation ObjectUnionOf(Incident ObjectUnionOf(Camp Event)))).
[2026-06-25 22:45:53.320] Found 86 possible bad axioms.
[2026-06-25 22:45:53.321] Selected the bad axiom SubClassOf(ObjectSomeValuesFrom(involved owl:Thing) ObjectSomeValuesFrom(affected owl:Thing)).
[2026-06-25 22:45:53.325] Found 85 possible bad axioms.
[2026-06-25 22:45:53.325] Selected the bad axiom SubClassOf(ObjectSomeValuesFrom(location owl:Thing) ObjectUnionOf(owl:Nothing ObjectUnionOf(Incident ObjectUnionOf(Event ObjectUnionOf(Destination owl:Nothing))))).
[2026-06-25 22:45:53.329] Found 84 possible bad axioms.
[2026-06-25 22:45:53.329] Selected the bad axiom SubClassOf(owl:Thing ObjectAllValuesFrom(isPerpetratorOf Incident)).
[2026-06-25 22:45:53.332] Found 83 possible bad axioms.
[2026-06-25 22:45:53.333] Selected the bad axiom SubClassOf(ObjectSomeValuesFrom(affiliation owl:Thing) ObjectUnionOf(Perpetrator ObjectSomeValuesFrom(isVictimOf owl:Thing))).
[2026-06-25 22:45:53.336] Found 82 possible bad axioms.
[2026-06-25 22:45:53.337] Selected the bad axiom SubClassOf(ObjectSomeValuesFrom(affiliation ObjectAllValuesFrom(location Location)) Perpetrator).
[2026-06-25 22:45:53.340] Found 81 possible bad axioms.
[2026-06-25 22:45:53.340] Selected the bad axiom SubClassOf(owl:Thing ObjectAllValuesFrom(involved ObjectUnionOf(Victim ObjectUnionOf(Perpetrator Trafficker)))).
[2026-06-25 22:45:53.348] Found 80 possible bad axioms.
[2026-0
...[truncated]
FAIL: attempt=45 seed=624851 status=time_limit_exceeded stage=B4 message=Repair timeout: B4 exceeded 300 seconds
progress: ontology=HDS attempt=45 success=18/100
----- HDS attempt=46 seed=639051 at 2026-06-25 22:51:13 -----
--- stdout ---
{"seed":639051,"run_id":"20260624134028346645","trial_status":"time_limit_exceeded","error_type":"timeout","failure_stage":"B4","error_message":"Repair timeout: B4 exceeded 300 seconds","iic_values":{},"repair_runtimes_ms":{"A1":91,"A2":906,"A3":430,"B1":3752,"B2":8083,"B3":5541,"B4":300001}}

--- stderr ---
SingleTrialExperiment starting: ontology=/workspaces/ontologyutils-ekaw26/repair-power-index-replication-ekaw26/ontologies/inconsistent/HDS.owl, seed=639051, run_id=20260624134028346645
Loaded ontology.
Normalizing ontology with SROIQ normalization...
Normalized ontology with SROIQ normalization.
Ontology is already inconsistent, skipping make-inconsistent step.
Repairing with A1 (random-removal)...
[2026-06-25 22:51:13.513] Checking precondition...
[2026-06-25 22:51:13.528] Starting the repair...
[2026-06-25 22:51:13.537] Found 91 possible bad axioms.
[2026-06-25 22:51:13.539] Selected the bad axiom SubClassOf(owl:Thing ObjectAllValuesFrom(involved ObjectUnionOf(Trafficker Victim))).
[2026-06-25 22:51:13.546] Found 90 possible bad axioms.
[2026-06-25 22:51:13.547] Selected the bad axiom SubClassOf(ObjectAllValuesFrom(involved ObjectUnionOf(Victim ObjectUnionOf(Trafficker ObjectUnionOf(Organisation Perpetrator)))) ObjectAllValuesFrom(affected ObjectUnionOf(Organisation Victim))).
[2026-06-25 22:51:13.552] Found 89 possible bad axioms.
[2026-06-25 22:51:13.553] Selected the bad axiom SubClassOf(ObjectSomeValuesFrom(isPerpetratorOf ObjectAllValuesFrom(affiliation Organisation)) Perpetrator).
[2026-06-25 22:51:13.558] Found 88 possible bad axioms.
[2026-06-25 22:51:13.558] Selected the bad axiom SubClassOf(ObjectSomeValuesFrom(responseBy ObjectAllValuesFrom(responseBy Organisation)) Incident).
[2026-06-25 22:51:13.568] Found 87 possible bad axioms.
[2026-06-25 22:51:13.568] Selected the bad axiom SubClassOf(ObjectSomeValuesFrom(location owl:Thing) ObjectUnionOf(owl:Nothing ObjectUnionOf(Incident ObjectUnionOf(Event ObjectUnionOf(Camp Destination))))).
[2026-06-25 22:51:13.572] Found 86 possible bad axioms.
[2026-06-25 22:51:13.573] Selected the bad axiom SubClassOf(ObjectAllValuesFrom(location Location) ObjectAllValuesFrom(location owl:Nothing)).
[2026-06-25 22:51:13.577] Found 85 possible bad axioms.
[2026-06-25 22:51:13.577] Selected the bad axiom SubClassOf(ObjectAllValuesFrom(involved ObjectUnionOf(Victim ObjectUnionOf(Trafficker ObjectUnionOf(Perpetrator ObjectUnionOf(Organisation Perpetrator))))) ObjectAllValuesFrom(affected ObjectUnionOf(Organisation Victim))).
[2026-06-25 22:51:13.581] Found 84 possible bad axioms.
[2026-06-25 22:51:13.581] Selected the bad axiom SubClassOf(owl:Thing ObjectAllValuesFrom(affected ObjectUnionOf(Organisation Victim))).
[2026-06-25 22:51:13.584] Found 83 possible bad axioms.
[2026-06-25 22:51:13.585] Selected the bad axiom SubClassOf(ObjectSomeValuesFrom(affiliation owl:Thing) ObjectSomeValuesFrom(isVictimOf owl:Thing)).
[2026-06-25 22:51:13.588] Found 82 possible bad axioms.
[2026-06-25 22:51:13.588] Selected the bad axiom SubClassOf(ObjectAllValuesFrom(isVictimOf ObjectUnionOf(Event Incident)) ObjectAllValuesFrom(affected ObjectUnionOf(Organisation Victim))).
[2026-06-25 22:51:13.592] Found 81 possible bad axioms.
[2026-06-25 22:51:13.592] Selected the bad axiom SubClassOf(owl:Thing ObjectAllValuesFrom(locatio
...[truncated]
FAIL: attempt=46 seed=639051 status=time_limit_exceeded stage=B4 message=Repair timeout: B4 exceeded 300 seconds
progress: ontology=HDS attempt=46 success=18/100
----- HDS attempt=47 seed=653251 at 2026-06-25 22:56:32 -----
--- stdout ---
{"seed":653251,"run_id":"20260624134028346645","trial_status":"success","error_type":null,"failure_stage":null,"error_message":null,"iic_values":{"B1_vs_A1":1.0,"B1_vs_A2":1.0,"B1_vs_A3":0.15789473684210525,"B2_vs_A1":1.0,"B2_vs_A2":1.0,"B2_vs_A3":0.5,"B3_vs_A1":1.0,"B3_vs_A2":1.0,"B3_vs_A3":0.2692307692307692,"B4_vs_A1":1.0,"B4_vs_A2":1.0,"B4_vs_A3":0.5,"B5_vs_A1":1.0,"B5_vs_A2":1.0,"B5_vs_A3":0.2692307692307692,"B6_vs_A1":1.0,"B6_vs_A2":1.0,"B6_vs_A3":0.5,"B7_vs_A1":1.0,"B7_vs_A2":1.0,"B7_vs_A3":0.5,"B8_vs_A1":1.0,"B8_vs_A2":1.0,"B8_vs_A3":0.5,"B9_vs_A1":1.0,"B9_vs_A2":1.0,"B9_vs_A3":0.5},"repair_runtimes_ms":{"A1":75,"A2":942,"A3":445,"B1":1436,"B2":7929,"B3":8363,"B4":142,"B5":10085,"B6":5389,"B7":145,"B8":6966,"B9":5446}}

--- stderr ---
SingleTrialExperiment starting: ontology=/workspaces/ontologyutils-ekaw26/repair-power-index-replication-ekaw26/ontologies/inconsistent/HDS.owl, seed=653251, run_id=20260624134028346645
Loaded ontology.
Normalizing ontology with SROIQ normalization...
Normalized ontology with SROIQ normalization.
Ontology is already inconsistent, skipping make-inconsistent step.
Repairing with A1 (random-removal)...
[2026-06-25 22:56:32.800] Checking precondition...
[2026-06-25 22:56:32.816] Starting the repair...
[2026-06-25 22:56:32.825] Found 91 possible bad axioms.
[2026-06-25 22:56:32.827] Selected the bad axiom SubClassOf(owl:Thing ObjectAllValuesFrom(involved ObjectUnionOf(Victim ObjectUnionOf(Trafficker ObjectUnionOf(Organisation Perpetrator))))).
[2026-06-25 22:56:32.833] Found 90 possible bad axioms.
[2026-06-25 22:56:32.834] Selected the bad axiom SubClassOf(owl:Thing ObjectUnionOf(Organisation ObjectUnionOf(Incident ObjectUnionOf(Event ObjectUnionOf(Camp Destination))))).
[2026-06-25 22:56:32.839] Found 89 possible bad axioms.
[2026-06-25 22:56:32.839] Selected the bad axiom SubClassOf(ObjectSomeValuesFrom(affiliation owl:Thing) ObjectSomeValuesFrom(isPerpetratorOf owl:Thing)).
[2026-06-25 22:56:32.844] Found 88 possible bad axioms.
[2026-06-25 22:56:32.844] Selected the bad axiom SubClassOf(ObjectAllValuesFrom(isPerpetratorOf ObjectUnionOf(Event Incident)) ObjectAllValuesFrom(involved ObjectUnionOf(Trafficker Victim))).
[2026-06-25 22:56:32.855] Found 87 possible bad axioms.
[2026-06-25 22:56:32.855] Selected the bad axiom SubClassOf(ObjectAllValuesFrom(isVictimOf ObjectUnionOf(Event Incident)) ObjectAllValuesFrom(isPerpetratorOf ObjectUnionOf(Event Incident))).
[2026-06-25 22:56:32.859] Found 86 possible bad axioms.
[2026-06-25 22:56:32.859] Selected the bad axiom SubClassOf(owl:Thing ObjectAllValuesFrom(involved ObjectUnionOf(Trafficker ObjectSomeValuesFrom(isVictimOf owl:Thing)))).
[2026-06-25 22:56:32.864] Found 85 possible bad axioms.
[2026-06-25 22:56:32.864] Selected the bad axiom SubClassOf(ObjectSomeValuesFrom(isPerpetratorOf ObjectAllValuesFrom(affiliation Organisation)) Perpetrator).
[2026-06-25 22:56:32.867] Found 84 possible bad axioms.
[2026-06-25 22:56:32.867] Selected the bad axiom SubClassOf(owl:Thing ObjectSomeValuesFrom(location owl:Thing)).
[2026-06-25 22:56:32.871] Finished repairing the ontology.
Repairing with A2 (not-in-largest-mcs-removal)...
[2026-06-25 22:56:32.872] Checking precondition...
[2026-06-25 22:56:32.878] Starting the repair...
[2026-06-25 22:56:33.811] Found 1 possible bad axioms.
[2026-06-25 22:56:33.811] Selected the bad axiom SubClassOf(owl:Thing ObjectSomeValuesFrom(location owl:Thing)).
[2026-06-25 22:56:33.814] Finished repairing the ontology.
Repairing with A3 (default-weakening)...
[2026-06-25 22:56:33.815] Checking precondition...
[2026-06-25 22:56:33.818] Starting the repair...
[2026-06-25 22:56:33.829] Selected a reference ontology with 106 axioms.
[2026-06-25 22:56:34.119] Selected the bad axiom SubC
...[truncated]
SUCCESS: attempt=47 seed=653251 success_count=19/100
progress: ontology=HDS attempt=47 success=19/100
----- HDS attempt=48 seed=667451 at 2026-06-25 22:57:20 -----
--- stdout ---
{"seed":667451,"run_id":"20260624134028346645","trial_status":"time_limit_exceeded","error_type":"timeout","failure_stage":"B4","error_message":"Repair timeout: B4 exceeded 300 seconds","iic_values":{},"repair_runtimes_ms":{"A1":169,"A2":861,"A3":856,"B1":2872,"B2":7961,"B3":8407,"B4":300008}}

--- stderr ---
SingleTrialExperiment starting: ontology=/workspaces/ontologyutils-ekaw26/repair-power-index-replication-ekaw26/ontologies/inconsistent/HDS.owl, seed=667451, run_id=20260624134028346645
Loaded ontology.
Normalizing ontology with SROIQ normalization...
Normalized ontology with SROIQ normalization.
Ontology is already inconsistent, skipping make-inconsistent step.
Repairing with A1 (random-removal)...
[2026-06-25 22:57:20.671] Checking precondition...
[2026-06-25 22:57:20.686] Starting the repair...
[2026-06-25 22:57:20.695] Found 91 possible bad axioms.
[2026-06-25 22:57:20.697] Selected the bad axiom SubClassOf(ObjectAllValuesFrom(affected ObjectUnionOf(Organisation Victim)) ObjectAllValuesFrom(location Location)).
[2026-06-25 22:57:20.703] Found 90 possible bad axioms.
[2026-06-25 22:57:20.704] Selected the bad axiom SubClassOf(owl:Thing ObjectAllValuesFrom(involved ObjectUnionOf(Victim ObjectUnionOf(Trafficker ObjectUnionOf(Organisation ObjectSomeValuesFrom(isPerpetratorOf owl:Thing)))))).
[2026-06-25 22:57:20.709] Found 89 possible bad axioms.
[2026-06-25 22:57:20.710] Selected the bad axiom SubClassOf(ObjectSomeValuesFrom(location ObjectAllValuesFrom(location Location)) ObjectUnionOf(owl:Nothing ObjectUnionOf(Incident ObjectUnionOf(Destination Event)))).
[2026-06-25 22:57:20.715] Found 88 possible bad axioms.
[2026-06-25 22:57:20.715] Selected the bad axiom SubClassOf(ObjectSomeValuesFrom(responseBy ObjectAllValuesFrom(location Location)) ObjectUnionOf(Event Incident)).
[2026-06-25 22:57:20.725] Found 87 possible bad axioms.
[2026-06-25 22:57:20.725] Selected the bad axiom SubClassOf(ObjectSomeValuesFrom(location owl:Thing) ObjectUnionOf(Organisation ObjectUnionOf(Incident ObjectUnionOf(Camp Event)))).
[2026-06-25 22:57:20.730] Found 86 possible bad axioms.
[2026-06-25 22:57:20.730] Selected the bad axiom SubClassOf(ObjectSomeValuesFrom(involved ObjectAllValuesFrom(isVictimOf ObjectUnionOf(Event Incident))) ObjectUnionOf(Event Incident)).
[2026-06-25 22:57:20.734] Found 85 possible bad axioms.
[2026-06-25 22:57:20.734] Selected the bad axiom SubClassOf(ObjectSomeValuesFrom(location owl:Thing) ObjectUnionOf(owl:Nothing ObjectUnionOf(Incident ObjectUnionOf(Event ObjectUnionOf(Camp Destination))))).
[2026-06-25 22:57:20.737] Found 84 possible bad axioms.
[2026-06-25 22:57:20.738] Selected the bad axiom SubClassOf(ObjectAllValuesFrom(involved ObjectUnionOf(Victim ObjectUnionOf(Trafficker ObjectUnionOf(Organisation Perpetrator)))) ObjectAllValuesFrom(isPerpetratorOf Incident)).
[2026-06-25 22:57:20.741] Found 83 possible bad axioms.
[2026-06-25 22:57:20.741] Selected the bad axiom SubClassOf(owl:Thing ObjectAllValuesFrom(location Location)).
[2026-06-25 22:57:20.745] Found 82 possible bad axioms.
[2026-06-25 22:57:20.745] Selected the bad axiom SubClassOf(ObjectAllValuesFrom(location Location) ObjectAllValuesFrom(isPerpetratorOf Incident)).
[2026-06-25 22:57:20.748] Found 81 possible bad axioms.
[2026-06-25 22:57:20.748] Selected the bad axiom Sub
...[truncated]
FAIL: attempt=48 seed=667451 status=time_limit_exceeded stage=B4 message=Repair timeout: B4 exceeded 300 seconds
progress: ontology=HDS attempt=48 success=19/100
----- HDS attempt=49 seed=681651 at 2026-06-25 23:02:41 -----
--- stdout ---
{"seed":681651,"run_id":"20260624134028346645","trial_status":"time_limit_exceeded","error_type":"timeout","failure_stage":"B4","error_message":"Repair timeout: B4 exceeded 300 seconds","iic_values":{},"repair_runtimes_ms":{"A1":119,"A2":907,"A3":435,"B1":1159,"B2":8048,"B3":8718,"B4":300456}}

--- stderr ---
SingleTrialExperiment starting: ontology=/workspaces/ontologyutils-ekaw26/repair-power-index-replication-ekaw26/ontologies/inconsistent/HDS.owl, seed=681651, run_id=20260624134028346645
Loaded ontology.
Normalizing ontology with SROIQ normalization...
Normalized ontology with SROIQ normalization.
Ontology is already inconsistent, skipping make-inconsistent step.
Repairing with A1 (random-removal)...
[2026-06-25 23:02:42.316] Checking precondition...
[2026-06-25 23:02:42.331] Starting the repair...
[2026-06-25 23:02:42.340] Found 91 possible bad axioms.
[2026-06-25 23:02:42.342] Selected the bad axiom SubClassOf(owl:Thing ObjectAllValuesFrom(involved ObjectUnionOf(Victim ObjectUnionOf(Trafficker ObjectUnionOf(Organisation ObjectSomeValuesFrom(isPerpetratorOf owl:Thing)))))).
[2026-06-25 23:02:42.349] Found 90 possible bad axioms.
[2026-06-25 23:02:42.350] Selected the bad axiom SubClassOf(owl:Thing ObjectUnionOf(Organisation ObjectUnionOf(Incident ObjectUnionOf(owl:Nothing ObjectUnionOf(Camp Destination))))).
[2026-06-25 23:02:42.355] Found 89 possible bad axioms.
[2026-06-25 23:02:42.355] Selected the bad axiom SubClassOf(ObjectAllValuesFrom(isVictimOf ObjectUnionOf(Event Incident)) ObjectAllValuesFrom(location Location)).
[2026-06-25 23:02:42.365] Found 88 possible bad axioms.
[2026-06-25 23:02:42.365] Selected the bad axiom SubClassOf(ObjectAllValuesFrom(isPerpetratorOf ObjectUnionOf(Event Incident)) ObjectAllValuesFrom(affected ObjectUnionOf(Organisation Victim))).
[2026-06-25 23:02:42.370] Found 87 possible bad axioms.
[2026-06-25 23:02:42.370] Selected the bad axiom SubClassOf(ObjectSomeValuesFrom(location owl:Thing) ObjectUnionOf(Organisation ObjectUnionOf(Incident ObjectUnionOf(Camp Event)))).
[2026-06-25 23:02:42.374] Found 86 possible bad axioms.
[2026-06-25 23:02:42.375] Selected the bad axiom SubClassOf(ObjectAllValuesFrom(affected ObjectUnionOf(Organisation Victim)) ObjectAllValuesFrom(location Location)).
[2026-06-25 23:02:42.379] Found 85 possible bad axioms.
[2026-06-25 23:02:42.379] Selected the bad axiom SubClassOf(owl:Thing ObjectUnionOf(Perpetrator Victim)).
[2026-06-25 23:02:42.383] Found 84 possible bad axioms.
[2026-06-25 23:02:42.383] Selected the bad axiom SubClassOf(Location Victim).
[2026-06-25 23:02:42.387] Found 83 possible bad axioms.
[2026-06-25 23:02:42.387] Selected the bad axiom SubClassOf(ObjectSomeValuesFrom(affected ObjectAllValuesFrom(isPerpetratorOf ObjectUnionOf(Event Incident))) ObjectUnionOf(Event Incident)).
[2026-06-25 23:02:42.390] Found 82 possible bad axioms.
[2026-06-25 23:02:42.391] Selected the bad axiom SubClassOf(ObjectSomeValuesFrom(location ObjectAllValuesFrom(location Location)) ObjectUnionOf(owl:Nothing ObjectUnionOf(Incident ObjectUnionOf(Destination Event)))).
[2026-06-25 23:02:42.394] Found 81 possible bad axioms.
[2026-06-25 23:02:42.394] Selected the bad axiom SubClassOf(ObjectSomeValuesFrom(location owl:Thing) ObjectUnionOf(Organisation ObjectUnionOf(Incident ObjectUnionOf(Event ObjectU
...[truncated]
FAIL: attempt=49 seed=681651 status=time_limit_exceeded stage=B4 message=Repair timeout: B4 exceeded 300 seconds
progress: ontology=HDS attempt=49 success=19/100
----- HDS attempt=50 seed=695851 at 2026-06-25 23:08:02 -----
--- stdout ---
{"seed":695851,"run_id":"20260624134028346645","trial_status":"time_limit_exceeded","error_type":"timeout","failure_stage":"B4","error_message":"Repair timeout: B4 exceeded 300 seconds","iic_values":{},"repair_runtimes_ms":{"A1":243,"A2":821,"A3":9386,"B1":1442,"B2":8036,"B3":5546,"B4":300043}}

--- stderr ---
SingleTrialExperiment starting: ontology=/workspaces/ontologyutils-ekaw26/repair-power-index-replication-ekaw26/ontologies/inconsistent/HDS.owl, seed=695851, run_id=20260624134028346645
Loaded ontology.
Normalizing ontology with SROIQ normalization...
Normalized ontology with SROIQ normalization.
Ontology is already inconsistent, skipping make-inconsistent step.
Repairing with A1 (random-removal)...
[2026-06-25 23:08:02.640] Checking precondition...
[2026-06-25 23:08:02.656] Starting the repair...
[2026-06-25 23:08:02.665] Found 91 possible bad axioms.
[2026-06-25 23:08:02.666] Selected the bad axiom SubClassOf(ObjectSomeValuesFrom(affected owl:Thing) ObjectUnionOf(Event Incident)).
[2026-06-25 23:08:02.672] Found 90 possible bad axioms.
[2026-06-25 23:08:02.673] Selected the bad axiom SubClassOf(ObjectSomeValuesFrom(location ObjectAllValuesFrom(location Location)) ObjectUnionOf(owl:Nothing ObjectUnionOf(Incident ObjectUnionOf(Event ObjectUnionOf(Camp Destination))))).
[2026-06-25 23:08:02.678] Found 89 possible bad axioms.
[2026-06-25 23:08:02.679] Selected the bad axiom SubClassOf(ObjectAllValuesFrom(affiliation Organisation) ObjectAllValuesFrom(affected ObjectUnionOf(Organisation Victim))).
[2026-06-25 23:08:02.684] Found 88 possible bad axioms.
[2026-06-25 23:08:02.684] Selected the bad axiom SubClassOf(ObjectSomeValuesFrom(location owl:Thing) ObjectUnionOf(Organisation ObjectUnionOf(Incident ObjectUnionOf(Event ObjectUnionOf(Camp owl:Nothing))))).
[2026-06-25 23:08:02.694] Found 87 possible bad axioms.
[2026-06-25 23:08:02.694] Selected the bad axiom SubClassOf(ObjectSomeValuesFrom(location owl:Thing) ObjectUnionOf(owl:Nothing ObjectUnionOf(Incident ObjectUnionOf(Event ObjectUnionOf(Camp Destination))))).
[2026-06-25 23:08:02.699] Found 86 possible bad axioms.
[2026-06-25 23:08:02.699] Selected the bad axiom SubClassOf(owl:Thing ObjectAllValuesFrom(isPerpetratorOf ObjectUnionOf(Event Incident))).
[2026-06-25 23:08:02.702] Found 85 possible bad axioms.
[2026-06-25 23:08:02.703] Selected the bad axiom SubClassOf(ObjectSomeValuesFrom(affiliation ObjectAllValuesFrom(location Location)) ObjectUnionOf(Perpetrator Victim)).
[2026-06-25 23:08:02.707] Found 84 possible bad axioms.
[2026-06-25 23:08:02.707] Selected the bad axiom SubClassOf(ObjectSomeValuesFrom(location owl:Thing) ObjectUnionOf(owl:Nothing ObjectUnionOf(Incident ObjectUnionOf(Event ObjectUnionOf(Destination owl:Nothing))))).
[2026-06-25 23:08:02.711] Found 83 possible bad axioms.
[2026-06-25 23:08:02.711] Selected the bad axiom SubClassOf(owl:Thing ObjectAllValuesFrom(involved Trafficker)).
[2026-06-25 23:08:02.714] Found 82 possible bad axioms.
[2026-06-25 23:08:02.714] Selected the bad axiom SubClassOf(ObjectSomeValuesFrom(affiliation owl:Thing) ObjectUnionOf(Perpetrator ObjectSomeValuesFrom(isVictimOf owl:Thing))).
[2026-06-25 23:08:02.718] Found 81 possible bad axioms.
[2026-06-25 23:08:02.718] Selected the bad axiom SubClassOf(ObjectSomeValuesFrom(location ObjectAllValuesFrom(isP
...[truncated]
FAIL: attempt=50 seed=695851 status=time_limit_exceeded stage=B4 message=Repair timeout: B4 exceeded 300 seconds
progress: ontology=HDS attempt=50 success=19/100
----- HDS attempt=51 seed=710051 at 2026-06-25 23:13:28 -----
--- stdout ---
{"seed":710051,"run_id":"20260624134028346645","trial_status":"success","error_type":null,"failure_stage":null,"error_message":null,"iic_values":{"B1_vs_A1":1.0,"B1_vs_A2":1.0,"B1_vs_A3":0.2692307692307692,"B2_vs_A1":1.0,"B2_vs_A2":1.0,"B2_vs_A3":1.0,"B3_vs_A1":1.0,"B3_vs_A2":1.0,"B3_vs_A3":1.0,"B4_vs_A1":1.0,"B4_vs_A2":1.0,"B4_vs_A3":0.5,"B5_vs_A1":1.0,"B5_vs_A2":1.0,"B5_vs_A3":1.0,"B6_vs_A1":1.0,"B6_vs_A2":1.0,"B6_vs_A3":1.0,"B7_vs_A1":1.0,"B7_vs_A2":0.5,"B7_vs_A3":0.0,"B8_vs_A1":1.0,"B8_vs_A2":1.0,"B8_vs_A3":1.0,"B9_vs_A1":1.0,"B9_vs_A2":1.0,"B9_vs_A3":1.0},"repair_runtimes_ms":{"A1":218,"A2":836,"A3":427,"B1":385,"B2":8087,"B3":5446,"B4":110,"B5":7368,"B6":5421,"B7":186,"B8":7225,"B9":5110}}

--- stderr ---
SingleTrialExperiment starting: ontology=/workspaces/ontologyutils-ekaw26/repair-power-index-replication-ekaw26/ontologies/inconsistent/HDS.owl, seed=710051, run_id=20260624134028346645
Loaded ontology.
Normalizing ontology with SROIQ normalization...
Normalized ontology with SROIQ normalization.
Ontology is already inconsistent, skipping make-inconsistent step.
Repairing with A1 (random-removal)...
[2026-06-25 23:13:28.634] Checking precondition...
[2026-06-25 23:13:28.650] Starting the repair...
[2026-06-25 23:13:28.659] Found 91 possible bad axioms.
[2026-06-25 23:13:28.661] Selected the bad axiom SubClassOf(ObjectSomeValuesFrom(responseBy ObjectAllValuesFrom(location Location)) ObjectUnionOf(Event Incident)).
[2026-06-25 23:13:28.668] Found 90 possible bad axioms.
[2026-06-25 23:13:28.668] Selected the bad axiom SubClassOf(owl:Thing ObjectUnionOf(Organisation ObjectUnionOf(Incident ObjectUnionOf(Event ObjectUnionOf(Camp Destination))))).
[2026-06-25 23:13:28.673] Found 89 possible bad axioms.
[2026-06-25 23:13:28.674] Selected the bad axiom SubClassOf(ObjectSomeValuesFrom(isPerpetratorOf ObjectAllValuesFrom(affiliation ObjectUnionOf(Organisation Victim))) Perpetrator).
[2026-06-25 23:13:28.679] Found 88 possible bad axioms.
[2026-06-25 23:13:28.679] Selected the bad axiom SubClassOf(ObjectSomeValuesFrom(location owl:Thing) ObjectUnionOf(owl:Nothing ObjectUnionOf(Incident ObjectUnionOf(Event ObjectUnionOf(Destination owl:Nothing))))).
[2026-06-25 23:13:28.689] Found 87 possible bad axioms.
[2026-06-25 23:13:28.689] Selected the bad axiom SubClassOf(ObjectSomeValuesFrom(affiliation owl:Thing) ObjectUnionOf(Perpetrator ObjectSomeValuesFrom(isVictimOf ObjectAllValuesFrom(isPerpetratorOf ObjectSomeValuesFrom(affected owl:Thing))))).
[2026-06-25 23:13:28.693] Found 86 possible bad axioms.
[2026-06-25 23:13:28.694] Selected the bad axiom SubClassOf(ObjectSomeValuesFrom(affiliation owl:Thing) ObjectUnionOf(Perpetrator ObjectSomeValuesFrom(isVictimOf ObjectAllValuesFrom(isPerpetratorOf ObjectUnionOf(Event Incident))))).
[2026-06-25 23:13:28.697] Found 85 possible bad axioms.
[2026-06-25 23:13:28.697] Selected the bad axiom SubClassOf(owl:Thing ObjectAllValuesFrom(involved ObjectUnionOf(Trafficker Victim))).
[2026-06-25 23:13:28.701] Found 84 possible bad axioms.
[2026-06-25 23:13:28.701] Selected the bad axiom SubClassOf(ObjectAllValuesFrom(involved ObjectUnionOf(Victim ObjectUnionOf(Trafficker ObjectUnionOf(Trafficker ObjectUnionOf(Organisation Perpetrator))))) ObjectAllValuesFrom(affected ObjectUnionOf(Organisation Victim))).
[2026-06-25 23:13:28.704] Found 83 possible bad axioms.
[2026-06-25 23:13:28.704] Selected the bad axiom SubClassOf(ObjectSomeValuesFrom(isVictimOf ObjectAllValuesFrom(location ObjectAllValuesFrom(responseBy Organisation))) Victim).
[2026-06-25 23:13:28.707] Found 82 possible bad axioms.
[2026-06-25 23:13:28.708] Selected the bad axiom SubClassOf(ObjectSomeValuesFrom(isVictimOf ObjectAllValuesFrom(affected ObjectUnionOf(Victim 
...[truncated]
SUCCESS: attempt=51 seed=710051 success_count=20/100
progress: ontology=HDS attempt=51 success=20/100
----- HDS attempt=52 seed=724251 at 2026-06-25 23:14:09 -----
--- stdout ---
{"seed":724251,"run_id":"20260624134028346645","trial_status":"time_limit_exceeded","error_type":"timeout","failure_stage":"B7","error_message":"Repair timeout: B7 exceeded 300 seconds","iic_values":{},"repair_runtimes_ms":{"A1":257,"A2":789,"A3":536,"B1":4238,"B2":8028,"B3":5273,"B4":154,"B5":7466,"B6":8188,"B7":300010}}

--- stderr ---
SingleTrialExperiment starting: ontology=/workspaces/ontologyutils-ekaw26/repair-power-index-replication-ekaw26/ontologies/inconsistent/HDS.owl, seed=724251, run_id=20260624134028346645
Loaded ontology.
Normalizing ontology with SROIQ normalization...
Normalized ontology with SROIQ normalization.
Ontology is already inconsistent, skipping make-inconsistent step.
Repairing with A1 (random-removal)...
[2026-06-25 23:14:10.014] Checking precondition...
[2026-06-25 23:14:10.030] Starting the repair...
[2026-06-25 23:14:10.039] Found 91 possible bad axioms.
[2026-06-25 23:14:10.041] Selected the bad axiom SubClassOf(ObjectSomeValuesFrom(location owl:Thing) ObjectUnionOf(owl:Nothing ObjectUnionOf(Incident ObjectUnionOf(Event ObjectUnionOf(Camp Destination))))).
[2026-06-25 23:14:10.048] Found 90 possible bad axioms.
[2026-06-25 23:14:10.048] Selected the bad axiom SubClassOf(owl:Thing ObjectAllValuesFrom(involved ObjectUnionOf(Victim ObjectUnionOf(Trafficker ObjectUnionOf(Organisation ObjectSomeValuesFrom(isPerpetratorOf owl:Thing)))))).
[2026-06-25 23:14:10.054] Found 89 possible bad axioms.
[2026-06-25 23:14:10.054] Selected the bad axiom SubClassOf(ObjectSomeValuesFrom(affiliation ObjectAllValuesFrom(responseBy Organisation)) ObjectUnionOf(Perpetrator Victim)).
[2026-06-25 23:14:10.064] Found 88 possible bad axioms.
[2026-06-25 23:14:10.064] Selected the bad axiom SubClassOf(ObjectSomeValuesFrom(isPerpetratorOf ObjectAllValuesFrom(affiliation Organisation)) Perpetrator).
[2026-06-25 23:14:10.069] Found 87 possible bad axioms.
[2026-06-25 23:14:10.069] Selected the bad axiom SubClassOf(ObjectSomeValuesFrom(involved owl:Thing) ObjectSomeValuesFrom(affected owl:Thing)).
[2026-06-25 23:14:10.074] Found 86 possible bad axioms.
[2026-06-25 23:14:10.074] Selected the bad axiom SubClassOf(ObjectSomeValuesFrom(affiliation ObjectAllValuesFrom(responseBy Organisation)) ObjectUnionOf(Perpetrator ObjectSomeValuesFrom(isVictimOf owl:Thing))).
[2026-06-25 23:14:10.078] Found 85 possible bad axioms.
[2026-06-25 23:14:10.078] Selected the bad axiom SubClassOf(ObjectSomeValuesFrom(affiliation ObjectAllValuesFrom(affected ObjectUnionOf(Organisation Victim))) Perpetrator).
[2026-06-25 23:14:10.081] Found 84 possible bad axioms.
[2026-06-25 23:14:10.081] Selected the bad axiom SubClassOf(ObjectSomeValuesFrom(responseBy ObjectAllValuesFrom(location Location)) ObjectUnionOf(Event Incident)).
[2026-06-25 23:14:10.084] Found 83 possible bad axioms.
[2026-06-25 23:14:10.085] Selected the bad axiom SubClassOf(ObjectSomeValuesFrom(isVictimOf ObjectAllValuesFrom(affected ObjectUnionOf(Victim ObjectUnionOf(Organisation Perpetrator)))) Victim).
[2026-06-25 23:14:10.089] Found 82 possible bad axioms.
[2026-06-25 23:14:10.089] Selected the bad axiom SubClassOf(owl:Thing ObjectUnionOf(Perpetrator Victim)).
[2026-06-25 23:14:10.092] Found 81 possible bad axioms.
[2026-06-25 23:14:10.093] Selected the bad axiom SubClassOf(ObjectSomeValuesFrom(affiliation owl:Thing) ObjectUnionOf(Perpe
...[truncated]
FAIL: attempt=52 seed=724251 status=time_limit_exceeded stage=B7 message=Repair timeout: B7 exceeded 300 seconds
progress: ontology=HDS attempt=52 success=20/100
----- HDS attempt=53 seed=738451 at 2026-06-25 23:19:45 -----
--- stdout ---
{"seed":738451,"run_id":"20260624134028346645","trial_status":"time_limit_exceeded","error_type":"timeout","failure_stage":"B7","error_message":"Repair timeout: B7 exceeded 300 seconds","iic_values":{},"repair_runtimes_ms":{"A1":173,"A2":852,"A3":881,"B1":934,"B2":10588,"B3":8611,"B4":115,"B5":7455,"B6":5400,"B7":300127}}

--- stderr ---
SingleTrialExperiment starting: ontology=/workspaces/ontologyutils-ekaw26/repair-power-index-replication-ekaw26/ontologies/inconsistent/HDS.owl, seed=738451, run_id=20260624134028346645
Loaded ontology.
Normalizing ontology with SROIQ normalization...
Normalized ontology with SROIQ normalization.
Ontology is already inconsistent, skipping make-inconsistent step.
Repairing with A1 (random-removal)...
[2026-06-25 23:19:45.441] Checking precondition...
[2026-06-25 23:19:45.457] Starting the repair...
[2026-06-25 23:19:45.466] Found 91 possible bad axioms.
[2026-06-25 23:19:45.468] Selected the bad axiom SubClassOf(owl:Thing ObjectAllValuesFrom(isVictimOf ObjectUnionOf(Event Incident))).
[2026-06-25 23:19:45.475] Found 90 possible bad axioms.
[2026-06-25 23:19:45.475] Selected the bad axiom SubClassOf(owl:Thing ObjectUnionOf(Organisation ObjectUnionOf(Incident ObjectUnionOf(owl:Nothing ObjectUnionOf(Camp Destination))))).
[2026-06-25 23:19:45.481] Found 89 possible bad axioms.
[2026-06-25 23:19:45.481] Selected the bad axiom SubClassOf(ObjectAllValuesFrom(location Location) ObjectAllValuesFrom(location owl:Nothing)).
[2026-06-25 23:19:45.486] Found 88 possible bad axioms.
[2026-06-25 23:19:45.486] Selected the bad axiom SubClassOf(ObjectSomeValuesFrom(responseBy owl:Thing) Incident).
[2026-06-25 23:19:45.495] Found 87 possible bad axioms.
[2026-06-25 23:19:45.496] Selected the bad axiom SubClassOf(ObjectSomeValuesFrom(responseBy ObjectAllValuesFrom(responseBy Organisation)) Incident).
[2026-06-25 23:19:45.500] Found 86 possible bad axioms.
[2026-06-25 23:19:45.500] Selected the bad axiom SubClassOf(ObjectSomeValuesFrom(location ObjectAllValuesFrom(location Location)) ObjectUnionOf(owl:Nothing ObjectUnionOf(Incident ObjectUnionOf(Event ObjectUnionOf(Camp Destination))))).
[2026-06-25 23:19:45.504] Found 85 possible bad axioms.
[2026-06-25 23:19:45.504] Selected the bad axiom SubClassOf(owl:Thing ObjectAllValuesFrom(isPerpetratorOf Incident)).
[2026-06-25 23:19:45.507] Found 84 possible bad axioms.
[2026-06-25 23:19:45.508] Selected the bad axiom SubClassOf(ObjectAllValuesFrom(involved ObjectUnionOf(Victim ObjectUnionOf(Trafficker ObjectUnionOf(Organisation Perpetrator)))) ObjectAllValuesFrom(isPerpetratorOf ObjectUnionOf(Event Incident))).
[2026-06-25 23:19:45.511] Found 83 possible bad axioms.
[2026-06-25 23:19:45.511] Selected the bad axiom SubClassOf(ObjectSomeValuesFrom(isPerpetratorOf ObjectAllValuesFrom(responseBy Organisation)) Perpetrator).
[2026-06-25 23:19:45.514] Found 82 possible bad axioms.
[2026-06-25 23:19:45.514] Selected the bad axiom SubClassOf(ObjectAllValuesFrom(affiliation Organisation) ObjectAllValuesFrom(involved ObjectUnionOf(Trafficker Victim))).
[2026-06-25 23:19:45.517] Found 81 possible bad axioms.
[2026-06-25 23:19:45.518] Selected the bad axiom SubClassOf(ObjectSomeValuesFrom(isVictimOf ObjectAllValuesFrom(responseBy Organisation)) Victim).
[2026-06-25 23:19:45.526] Found 80 possible bad axioms.
[2026-06-25 23:19:45.526] 
...[truncated]
FAIL: attempt=53 seed=738451 status=time_limit_exceeded stage=B7 message=Repair timeout: B7 exceeded 300 seconds
progress: ontology=HDS attempt=53 success=20/100
----- HDS attempt=54 seed=752651 at 2026-06-25 23:25:20 -----
--- stdout ---
{"seed":752651,"run_id":"20260624134028346645","trial_status":"success","error_type":null,"failure_stage":null,"error_message":null,"iic_values":{"B1_vs_A1":1.0,"B1_vs_A2":1.0,"B1_vs_A3":0.8333333333333334,"B2_vs_A1":1.0,"B2_vs_A2":1.0,"B2_vs_A3":0.7307692307692307,"B3_vs_A1":1.0,"B3_vs_A2":1.0,"B3_vs_A3":0.8333333333333334,"B4_vs_A1":1.0,"B4_vs_A2":1.0,"B4_vs_A3":0.5,"B5_vs_A1":1.0,"B5_vs_A2":1.0,"B5_vs_A3":0.8333333333333334,"B6_vs_A1":1.0,"B6_vs_A2":1.0,"B6_vs_A3":0.7307692307692307,"B7_vs_A1":1.0,"B7_vs_A2":1.0,"B7_vs_A3":0.5,"B8_vs_A1":1.0,"B8_vs_A2":1.0,"B8_vs_A3":0.7307692307692307,"B9_vs_A1":1.0,"B9_vs_A2":1.0,"B9_vs_A3":0.8333333333333334},"repair_runtimes_ms":{"A1":82,"A2":927,"A3":527,"B1":668,"B2":10709,"B3":5763,"B4":137,"B5":7474,"B6":8379,"B7":143,"B8":9867,"B9":5445}}

--- stderr ---
SingleTrialExperiment starting: ontology=/workspaces/ontologyutils-ekaw26/repair-power-index-replication-ekaw26/ontologies/inconsistent/HDS.owl, seed=752651, run_id=20260624134028346645
Loaded ontology.
Normalizing ontology with SROIQ normalization...
Normalized ontology with SROIQ normalization.
Ontology is already inconsistent, skipping make-inconsistent step.
Repairing with A1 (random-removal)...
[2026-06-25 23:25:21.071] Checking precondition...
[2026-06-25 23:25:21.087] Starting the repair...
[2026-06-25 23:25:21.096] Found 91 possible bad axioms.
[2026-06-25 23:25:21.098] Selected the bad axiom SubClassOf(owl:Thing ObjectAllValuesFrom(involved ObjectUnionOf(Victim ObjectUnionOf(Trafficker ObjectUnionOf(Organisation ObjectSomeValuesFrom(isPerpetratorOf owl:Thing)))))).
[2026-06-25 23:25:21.105] Found 90 possible bad axioms.
[2026-06-25 23:25:21.105] Selected the bad axiom SubClassOf(ObjectSomeValuesFrom(isPerpetratorOf owl:Thing) Perpetrator).
[2026-06-25 23:25:21.111] Found 89 possible bad axioms.
[2026-06-25 23:25:21.111] Selected the bad axiom SubClassOf(ObjectSomeValuesFrom(location ObjectAllValuesFrom(location Location)) ObjectUnionOf(owl:Nothing ObjectUnionOf(Event Incident))).
[2026-06-25 23:25:21.120] Found 88 possible bad axioms.
[2026-06-25 23:25:21.121] Selected the bad axiom SubClassOf(ObjectSomeValuesFrom(location ObjectAllValuesFrom(involved ObjectUnionOf(Victim ObjectUnionOf(Trafficker ObjectUnionOf(Organisation Perpetrator))))) ObjectUnionOf(owl:Nothing ObjectUnionOf(Incident ObjectUnionOf(Event ObjectUnionOf(Camp Destination))))).
[2026-06-25 23:25:21.126] Found 87 possible bad axioms.
[2026-06-25 23:25:21.126] Selected the bad axiom SubClassOf(owl:Thing ObjectAllValuesFrom(involved ObjectUnionOf(Victim ObjectUnionOf(Trafficker ObjectUnionOf(Perpetrator owl:Nothing))))).
[2026-06-25 23:25:21.130] Found 86 possible bad axioms.
[2026-06-25 23:25:21.131] Selected the bad axiom SubClassOf(owl:Thing ObjectAllValuesFrom(isPerpetratorOf ObjectUnionOf(Event Incident))).
[2026-06-25 23:25:21.134] Found 85 possible bad axioms.
[2026-06-25 23:25:21.135] Selected the bad axiom SubClassOf(ObjectAllValuesFrom(location Location) ObjectAllValuesFrom(location owl:Nothing)).
[2026-06-25 23:25:21.138] Found 84 possible bad axioms.
[2026-06-25 23:25:21.139] Selected the bad axiom SubClassOf(ObjectSomeValuesFrom(isVictimOf ObjectAllValuesFrom(affected ObjectUnionOf(Victim ObjectUnionOf(Organisation Perpetrator)))) Victim).
[2026-06-25 23:25:21.142] Found 83 possible bad axioms.
[2026-06-25 23:25:21.142] Selected the bad axiom SubClassOf(ObjectAllValuesFrom(affiliation Organisation) ObjectAllValuesFrom(involved ObjectUnionOf(Trafficker Victim))).
[2026-06-25 23:25:21.145] Found 82 possible bad axioms.
[2026-06-25 23:25:21.145] Selected the bad axiom SubClassOf(owl:Thing ObjectSomeValuesFrom(location owl:Thing)).
[2026-06-25 23:25:21.149] Finished repairing the ontology.
Repairing with A2 (not-in-largest-mcs-removal)...
[2026-06-25 23:25:21.150] C
...[truncated]
SUCCESS: attempt=54 seed=752651 success_count=21/100
progress: ontology=HDS attempt=54 success=21/100
----- HDS attempt=55 seed=766851 at 2026-06-25 23:26:11 -----
--- stdout ---
{"seed":766851,"run_id":"20260624134028346645","trial_status":"success","error_type":null,"failure_stage":null,"error_message":null,"iic_values":{"B1_vs_A1":1.0,"B1_vs_A2":1.0,"B1_vs_A3":0.16666666666666666,"B2_vs_A1":1.0,"B2_vs_A2":1.0,"B2_vs_A3":0.5,"B3_vs_A1":1.0,"B3_vs_A2":1.0,"B3_vs_A3":0.2692307692307692,"B4_vs_A1":1.0,"B4_vs_A2":1.0,"B4_vs_A3":0.16666666666666666,"B5_vs_A1":1.0,"B5_vs_A2":1.0,"B5_vs_A3":0.5,"B6_vs_A1":1.0,"B6_vs_A2":1.0,"B6_vs_A3":0.2692307692307692,"B7_vs_A1":1.0,"B7_vs_A2":1.0,"B7_vs_A3":0.3333333333333333,"B8_vs_A1":1.0,"B8_vs_A2":1.0,"B8_vs_A3":0.5,"B9_vs_A1":1.0,"B9_vs_A2":1.0,"B9_vs_A3":0.2692307692307692},"repair_runtimes_ms":{"A1":197,"A2":838,"A3":1152,"B1":868,"B2":7966,"B3":8540,"B4":167,"B5":7499,"B6":8462,"B7":171,"B8":7082,"B9":8488}}

--- stderr ---
SingleTrialExperiment starting: ontology=/workspaces/ontologyutils-ekaw26/repair-power-index-replication-ekaw26/ontologies/inconsistent/HDS.owl, seed=766851, run_id=20260624134028346645
Loaded ontology.
Normalizing ontology with SROIQ normalization...
Normalized ontology with SROIQ normalization.
Ontology is already inconsistent, skipping make-inconsistent step.
Repairing with A1 (random-removal)...
[2026-06-25 23:26:11.716] Checking precondition...
[2026-06-25 23:26:11.730] Starting the repair...
[2026-06-25 23:26:11.740] Found 91 possible bad axioms.
[2026-06-25 23:26:11.742] Selected the bad axiom SubClassOf(ObjectSomeValuesFrom(affiliation owl:Thing) ObjectUnionOf(Perpetrator ObjectSomeValuesFrom(isVictimOf owl:Thing))).
[2026-06-25 23:26:11.748] Found 90 possible bad axioms.
[2026-06-25 23:26:11.749] Selected the bad axiom SubClassOf(owl:Thing ObjectUnionOf(Organisation ObjectUnionOf(Incident ObjectUnionOf(owl:Nothing ObjectUnionOf(Camp Destination))))).
[2026-06-25 23:26:11.755] Found 89 possible bad axioms.
[2026-06-25 23:26:11.755] Selected the bad axiom SubClassOf(ObjectSomeValuesFrom(location owl:Thing) ObjectUnionOf(owl:Nothing ObjectUnionOf(Incident ObjectUnionOf(Event ObjectUnionOf(Camp Destination))))).
[2026-06-25 23:26:11.765] Found 88 possible bad axioms.
[2026-06-25 23:26:11.766] Selected the bad axiom SubClassOf(ObjectSomeValuesFrom(location owl:Thing) ObjectUnionOf(Organisation ObjectUnionOf(Incident ObjectUnionOf(Event ObjectUnionOf(Camp owl:Nothing))))).
[2026-06-25 23:26:11.770] Found 87 possible bad axioms.
[2026-06-25 23:26:11.770] Selected the bad axiom SubClassOf(ObjectAllValuesFrom(affiliation Organisation) ObjectAllValuesFrom(affected ObjectUnionOf(Organisation Victim))).
[2026-06-25 23:26:11.774] Found 86 possible bad axioms.
[2026-06-25 23:26:11.774] Selected the bad axiom SubClassOf(ObjectSomeValuesFrom(isVictimOf ObjectAllValuesFrom(affected ObjectUnionOf(Organisation Victim))) Victim).
[2026-06-25 23:26:11.779] Found 85 possible bad axioms.
[2026-06-25 23:26:11.779] Selected the bad axiom SubClassOf(owl:Thing ObjectAllValuesFrom(location owl:Nothing)).
[2026-06-25 23:26:11.783] Found 84 possible bad axioms.
[2026-06-25 23:26:11.783] Selected the bad axiom SubClassOf(owl:Thing ObjectAllValuesFrom(involved ObjectUnionOf(Trafficker ObjectSomeValuesFrom(isVictimOf owl:Thing)))).
[2026-06-25 23:26:11.787] Found 83 possible bad axioms.
[2026-06-25 23:26:11.787] Selected the bad axiom SubClassOf(ObjectSomeValuesFrom(affiliation owl:Thing) ObjectUnionOf(Perpetrator Victim)).
[2026-06-25 23:26:11.789] Found 82 possible bad axioms.
[2026-06-25 23:26:11.790] Selected the bad axiom SubClassOf(ObjectSomeValuesFrom(location ObjectAllValuesFrom(location Location)) ObjectUnionOf(owl:Nothing ObjectUnionOf(Incident ObjectUnionOf(Event ObjectUnionOf(Camp Destination))))).
[2026-06-25 23:26:11.793] Found 81 possible bad axioms.
[2026-06-25 23:26:11.794] Selected the bad axiom SubClassOf(owl:Thing ObjectUnionOf(Organisation ObjectUni
...[truncated]
SUCCESS: attempt=55 seed=766851 success_count=22/100
progress: ontology=HDS attempt=55 success=22/100
----- HDS attempt=56 seed=781051 at 2026-06-25 23:27:03 -----
--- stdout ---
{"seed":781051,"run_id":"20260624134028346645","trial_status":"memory_limit_exceeded","error_type":"failure","failure_stage":"B7","error_message":"Repair failed: ExecutionException: java.lang.NullPointerException: operands cannot be null or empty","iic_values":{},"repair_runtimes_ms":{"A1":237,"A2":832,"A3":781,"B1":9301,"B2":10837,"B3":8126,"B4":128,"B5":10505,"B6":8466,"B7":95700}}

--- stderr ---
SingleTrialExperiment starting: ontology=/workspaces/ontologyutils-ekaw26/repair-power-index-replication-ekaw26/ontologies/inconsistent/HDS.owl, seed=781051, run_id=20260624134028346645
Loaded ontology.
Normalizing ontology with SROIQ normalization...
Normalized ontology with SROIQ normalization.
Ontology is already inconsistent, skipping make-inconsistent step.
Repairing with A1 (random-removal)...
[2026-06-25 23:27:03.664] Checking precondition...
[2026-06-25 23:27:03.680] Starting the repair...
[2026-06-25 23:27:03.689] Found 91 possible bad axioms.
[2026-06-25 23:27:03.691] Selected the bad axiom SubClassOf(ObjectSomeValuesFrom(affiliation owl:Thing) ObjectUnionOf(Perpetrator ObjectSomeValuesFrom(isVictimOf ObjectAllValuesFrom(isPerpetratorOf ObjectUnionOf(Event Incident))))).
[2026-06-25 23:27:03.698] Found 90 possible bad axioms.
[2026-06-25 23:27:03.698] Selected the bad axiom SubClassOf(owl:Thing ObjectUnionOf(Organisation ObjectUnionOf(Incident ObjectUnionOf(Event ObjectUnionOf(Camp Destination))))).
[2026-06-25 23:27:03.704] Found 89 possible bad axioms.
[2026-06-25 23:27:03.705] Selected the bad axiom SubClassOf(owl:Thing ObjectAllValuesFrom(responseBy Organisation)).
[2026-06-25 23:27:03.710] Found 88 possible bad axioms.
[2026-06-25 23:27:03.710] Selected the bad axiom SubClassOf(ObjectSomeValuesFrom(involved owl:Thing) ObjectUnionOf(Event Incident)).
[2026-06-25 23:27:03.720] Found 87 possible bad axioms.
[2026-06-25 23:27:03.720] Selected the bad axiom SubClassOf(ObjectSomeValuesFrom(responseBy ObjectAllValuesFrom(isPerpetratorOf ObjectUnionOf(Event Incident))) Incident).
[2026-06-25 23:27:03.725] Found 86 possible bad axioms.
[2026-06-25 23:27:03.725] Selected the bad axiom SubClassOf(ObjectSomeValuesFrom(affiliation ObjectAllValuesFrom(responseBy Organisation)) ObjectUnionOf(Perpetrator ObjectSomeValuesFrom(isVictimOf owl:Thing))).
[2026-06-25 23:27:03.729] Found 85 possible bad axioms.
[2026-06-25 23:27:03.729] Selected the bad axiom SubClassOf(ObjectSomeValuesFrom(affiliation owl:Thing) ObjectUnionOf(Perpetrator Victim)).
[2026-06-25 23:27:03.732] Found 84 possible bad axioms.
[2026-06-25 23:27:03.732] Selected the bad axiom SubClassOf(ObjectSomeValuesFrom(isPerpetratorOf owl:Thing) Perpetrator).
[2026-06-25 23:27:03.736] Found 83 possible bad axioms.
[2026-06-25 23:27:03.736] Selected the bad axiom SubClassOf(ObjectAllValuesFrom(involved ObjectUnionOf(Victim ObjectUnionOf(Trafficker ObjectUnionOf(Perpetrator ObjectUnionOf(Organisation Perpetrator))))) ObjectAllValuesFrom(affected ObjectUnionOf(Organisation Victim))).
[2026-06-25 23:27:03.740] Found 82 possible bad axioms.
[2026-06-25 23:27:03.740] Selected the bad axiom SubClassOf(ObjectSomeValuesFrom(location ObjectAllValuesFrom(involved ObjectUnionOf(Victim ObjectUnionOf(Trafficker ObjectUnionOf(Organisation Perpetrator))))) ObjectUnionOf(owl:Nothing ObjectUnionOf(Incident ObjectUnionOf(Event ObjectUnionOf(Camp Destination))))).
[2026-06-25 23:27:03.743] Found 81 possible ba
...[truncated]
FAIL: attempt=56 seed=781051 status=memory_limit_exceeded stage=B7 message=Repair failed: ExecutionException: java.lang.NullPointerException: operands cannot be null or empty
progress: ontology=HDS attempt=56 success=22/100
----- HDS attempt=57 seed=795251 at 2026-06-25 23:29:28 -----
--- stdout ---
{"seed":795251,"run_id":"20260624134028346645","trial_status":"success","error_type":null,"failure_stage":null,"error_message":null,"iic_values":{"B1_vs_A1":0.5,"B1_vs_A2":0.5,"B1_vs_A3":0.0,"B2_vs_A1":1.0,"B2_vs_A2":1.0,"B2_vs_A3":0.8333333333333334,"B3_vs_A1":1.0,"B3_vs_A2":1.0,"B3_vs_A3":0.8333333333333334,"B4_vs_A1":1.0,"B4_vs_A2":1.0,"B4_vs_A3":0.75,"B5_vs_A1":1.0,"B5_vs_A2":1.0,"B5_vs_A3":0.8333333333333334,"B6_vs_A1":1.0,"B6_vs_A2":1.0,"B6_vs_A3":0.7307692307692307,"B7_vs_A1":1.0,"B7_vs_A2":1.0,"B7_vs_A3":0.8333333333333334,"B8_vs_A1":1.0,"B8_vs_A2":1.0,"B8_vs_A3":0.8333333333333334,"B9_vs_A1":1.0,"B9_vs_A2":1.0,"B9_vs_A3":0.7307692307692307},"repair_runtimes_ms":{"A1":208,"A2":843,"A3":774,"B1":348,"B2":8108,"B3":5622,"B4":107,"B5":7285,"B6":8040,"B7":141,"B8":7594,"B9":8685}}

--- stderr ---
SingleTrialExperiment starting: ontology=/workspaces/ontologyutils-ekaw26/repair-power-index-replication-ekaw26/ontologies/inconsistent/HDS.owl, seed=795251, run_id=20260624134028346645
Loaded ontology.
Normalizing ontology with SROIQ normalization...
Normalized ontology with SROIQ normalization.
Ontology is already inconsistent, skipping make-inconsistent step.
Repairing with A1 (random-removal)...
[2026-06-25 23:29:29.149] Checking precondition...
[2026-06-25 23:29:29.163] Starting the repair...
[2026-06-25 23:29:29.171] Found 91 possible bad axioms.
[2026-06-25 23:29:29.173] Selected the bad axiom SubClassOf(ObjectSomeValuesFrom(affiliation owl:Thing) Victim).
[2026-06-25 23:29:29.180] Found 90 possible bad axioms.
[2026-06-25 23:29:29.180] Selected the bad axiom SubClassOf(ObjectSomeValuesFrom(isVictimOf owl:Thing) Victim).
[2026-06-25 23:29:29.186] Found 89 possible bad axioms.
[2026-06-25 23:29:29.186] Selected the bad axiom SubClassOf(ObjectSomeValuesFrom(location ObjectAllValuesFrom(location Location)) ObjectUnionOf(owl:Nothing ObjectUnionOf(Incident ObjectUnionOf(Event ObjectUnionOf(Camp Destination))))).
[2026-06-25 23:29:29.191] Found 88 possible bad axioms.
[2026-06-25 23:29:29.191] Selected the bad axiom SubClassOf(owl:Thing ObjectUnionOf(Perpetrator Victim)).
[2026-06-25 23:29:29.200] Found 87 possible bad axioms.
[2026-06-25 23:29:29.200] Selected the bad axiom SubClassOf(owl:Thing ObjectUnionOf(Organisation ObjectUnionOf(Incident ObjectUnionOf(owl:Nothing ObjectUnionOf(Camp Destination))))).
[2026-06-25 23:29:29.205] Found 86 possible bad axioms.
[2026-06-25 23:29:29.205] Selected the bad axiom SubClassOf(ObjectSomeValuesFrom(involved owl:Thing) ObjectSomeValuesFrom(affected owl:Thing)).
[2026-06-25 23:29:29.209] Found 85 possible bad axioms.
[2026-06-25 23:29:29.209] Selected the bad axiom SubClassOf(ObjectSomeValuesFrom(affiliation ObjectAllValuesFrom(location Location)) ObjectUnionOf(Perpetrator Victim)).
[2026-06-25 23:29:29.213] Found 84 possible bad axioms.
[2026-06-25 23:29:29.213] Selected the bad axiom SubClassOf(ObjectSomeValuesFrom(location owl:Thing) ObjectUnionOf(Organisation ObjectUnionOf(Incident ObjectUnionOf(owl:Nothing ObjectUnionOf(Camp owl:Nothing))))).
[2026-06-25 23:29:29.217] Found 83 possible bad axioms.
[2026-06-25 23:29:29.217] Selected the bad axiom SubClassOf(owl:Thing ObjectAllValuesFrom(affected ObjectUnionOf(Organisation Victim))).
[2026-06-25 23:29:29.221] Found 82 possible bad axioms.
[2026-06-25 23:29:29.221] Selected the bad axiom SubClassOf(ObjectSomeValuesFrom(isPerpetratorOf owl:Thing) Perpetrator).
[2026-06-25 23:29:29.225] Found 81 possible bad axioms.
[2026-06-25 23:29:29.225] Selected the bad axiom SubClassOf(ObjectSomeValuesFrom(location ObjectAllValuesFrom(location Location)) ObjectUnionOf(owl:Nothing ObjectUnionOf(Incident ObjectUnionOf(Destination Event)))).
[2026-06-25 23:29:29.234] Found 80 possible bad axioms.
[2026-06-25 23:29:29.234] Selected the bad axiom SubClassOf(ObjectSomeVal
...[truncated]
SUCCESS: attempt=57 seed=795251 success_count=23/100
progress: ontology=HDS attempt=57 success=23/100
----- HDS attempt=58 seed=809451 at 2026-06-25 23:30:18 -----
--- stdout ---
{"seed":809451,"run_id":"20260624134028346645","trial_status":"memory_limit_exceeded","error_type":"failure","failure_stage":"B4","error_message":"Repair failed: ExecutionException: java.lang.NullPointerException: operands cannot be null or empty","iic_values":{},"repair_runtimes_ms":{"A1":219,"A2":826,"A3":481,"B1":958,"B2":8040,"B3":5578,"B4":141}}

--- stderr ---
SingleTrialExperiment starting: ontology=/workspaces/ontologyutils-ekaw26/repair-power-index-replication-ekaw26/ontologies/inconsistent/HDS.owl, seed=809451, run_id=20260624134028346645
Loaded ontology.
Normalizing ontology with SROIQ normalization...
Normalized ontology with SROIQ normalization.
Ontology is already inconsistent, skipping make-inconsistent step.
Repairing with A1 (random-removal)...
[2026-06-25 23:30:18.402] Checking precondition...
[2026-06-25 23:30:18.417] Starting the repair...
[2026-06-25 23:30:18.426] Found 91 possible bad axioms.
[2026-06-25 23:30:18.428] Selected the bad axiom SubClassOf(ObjectSomeValuesFrom(responseBy ObjectAllValuesFrom(isPerpetratorOf ObjectUnionOf(Event Incident))) Incident).
[2026-06-25 23:30:18.435] Found 90 possible bad axioms.
[2026-06-25 23:30:18.435] Selected the bad axiom SubClassOf(ObjectSomeValuesFrom(isVictimOf ObjectAllValuesFrom(affected ObjectUnionOf(Victim ObjectUnionOf(Organisation Perpetrator)))) Victim).
[2026-06-25 23:30:18.441] Found 89 possible bad axioms.
[2026-06-25 23:30:18.441] Selected the bad axiom SubClassOf(ObjectSomeValuesFrom(isVictimOf ObjectAllValuesFrom(location ObjectAllValuesFrom(responseBy Organisation))) Victim).
[2026-06-25 23:30:18.446] Found 88 possible bad axioms.
[2026-06-25 23:30:18.447] Selected the bad axiom SubClassOf(ObjectAllValuesFrom(isVictimOf ObjectUnionOf(Event Incident)) ObjectAllValuesFrom(isPerpetratorOf ObjectUnionOf(Event Incident))).
[2026-06-25 23:30:18.456] Found 87 possible bad axioms.
[2026-06-25 23:30:18.456] Selected the bad axiom SubClassOf(ObjectAllValuesFrom(isPerpetratorOf ObjectUnionOf(Event Incident)) ObjectAllValuesFrom(affected ObjectUnionOf(Organisation Victim))).
[2026-06-25 23:30:18.461] Found 86 possible bad axioms.
[2026-06-25 23:30:18.461] Selected the bad axiom SubClassOf(owl:Thing Location).
[2026-06-25 23:30:18.465] Found 85 possible bad axioms.
[2026-06-25 23:30:18.466] Selected the bad axiom SubClassOf(owl:Thing ObjectUnionOf(Organisation ObjectUnionOf(Incident ObjectUnionOf(Event ObjectUnionOf(Camp Destination))))).
[2026-06-25 23:30:18.469] Found 84 possible bad axioms.
[2026-06-25 23:30:18.469] Selected the bad axiom SubClassOf(ObjectSomeValuesFrom(involved owl:Thing) ObjectUnionOf(Event Incident)).
[2026-06-25 23:30:18.473] Found 83 possible bad axioms.
[2026-06-25 23:30:18.473] Selected the bad axiom SubClassOf(owl:Thing ObjectAllValuesFrom(isPerpetratorOf ObjectUnionOf(Event Incident))).
[2026-06-25 23:30:18.477] Found 82 possible bad axioms.
[2026-06-25 23:30:18.477] Selected the bad axiom SubClassOf(ObjectAllValuesFrom(involved ObjectUnionOf(Victim ObjectUnionOf(Trafficker ObjectUnionOf(Trafficker ObjectUnionOf(Organisation Perpetrator))))) ObjectAllValuesFrom(affected ObjectUnionOf(Organisation Victim))).
[2026-06-25 23:30:18.480] Found 81 possible bad axioms.
[2026-06-25 23:30:18.480] Selected the bad axiom SubClassOf(ObjectSomeValuesFrom(isPerpetratorOf ObjectAllValuesFrom(affiliation ObjectUnionOf(Organisati
...[truncated]
FAIL: attempt=58 seed=809451 status=memory_limit_exceeded stage=B4 message=Repair failed: ExecutionException: java.lang.NullPointerException: operands cannot be null or empty
progress: ontology=HDS attempt=58 success=23/100
----- HDS attempt=59 seed=823651 at 2026-06-25 23:30:34 -----
--- stdout ---
{"seed":823651,"run_id":"20260624134028346645","trial_status":"time_limit_exceeded","error_type":"timeout","failure_stage":"B4","error_message":"Repair timeout: B4 exceeded 300 seconds","iic_values":{},"repair_runtimes_ms":{"A1":230,"A2":819,"A3":434,"B1":6848,"B2":10630,"B3":8611,"B4":301349}}

--- stderr ---
SingleTrialExperiment starting: ontology=/workspaces/ontologyutils-ekaw26/repair-power-index-replication-ekaw26/ontologies/inconsistent/HDS.owl, seed=823651, run_id=20260624134028346645
Loaded ontology.
Normalizing ontology with SROIQ normalization...
Normalized ontology with SROIQ normalization.
Ontology is already inconsistent, skipping make-inconsistent step.
Repairing with A1 (random-removal)...
[2026-06-25 23:30:35.104] Checking precondition...
[2026-06-25 23:30:35.120] Starting the repair...
[2026-06-25 23:30:35.129] Found 91 possible bad axioms.
[2026-06-25 23:30:35.131] Selected the bad axiom SubClassOf(ObjectSomeValuesFrom(affected owl:Thing) ObjectUnionOf(Event Incident)).
[2026-06-25 23:30:35.138] Found 90 possible bad axioms.
[2026-06-25 23:30:35.138] Selected the bad axiom SubClassOf(ObjectSomeValuesFrom(isVictimOf owl:Thing) Victim).
[2026-06-25 23:30:35.144] Found 89 possible bad axioms.
[2026-06-25 23:30:35.144] Selected the bad axiom SubClassOf(ObjectSomeValuesFrom(affiliation ObjectAllValuesFrom(location Location)) ObjectUnionOf(Perpetrator Victim)).
[2026-06-25 23:30:35.149] Found 88 possible bad axioms.
[2026-06-25 23:30:35.150] Selected the bad axiom SubClassOf(ObjectSomeValuesFrom(isVictimOf ObjectAllValuesFrom(location Location)) Victim).
[2026-06-25 23:30:35.160] Found 87 possible bad axioms.
[2026-06-25 23:30:35.160] Selected the bad axiom SubClassOf(ObjectAllValuesFrom(isVictimOf ObjectUnionOf(Event Incident)) ObjectAllValuesFrom(location Location)).
[2026-06-25 23:30:35.164] Found 86 possible bad axioms.
[2026-06-25 23:30:35.164] Selected the bad axiom SubClassOf(ObjectAllValuesFrom(affiliation Organisation) ObjectAllValuesFrom(involved ObjectUnionOf(Trafficker Victim))).
[2026-06-25 23:30:35.168] Found 85 possible bad axioms.
[2026-06-25 23:30:35.168] Selected the bad axiom SubClassOf(ObjectSomeValuesFrom(affiliation ObjectAllValuesFrom(affected ObjectUnionOf(Organisation Victim))) Perpetrator).
[2026-06-25 23:30:35.172] Found 84 possible bad axioms.
[2026-06-25 23:30:35.172] Selected the bad axiom SubClassOf(owl:Thing ObjectAllValuesFrom(involved ObjectUnionOf(Victim ObjectUnionOf(Trafficker ObjectUnionOf(Organisation Perpetrator))))).
[2026-06-25 23:30:35.175] Found 83 possible bad axioms.
[2026-06-25 23:30:35.176] Selected the bad axiom SubClassOf(ObjectSomeValuesFrom(isVictimOf ObjectAllValuesFrom(isPerpetratorOf ObjectUnionOf(Event Incident))) Victim).
[2026-06-25 23:30:35.179] Found 82 possible bad axioms.
[2026-06-25 23:30:35.179] Selected the bad axiom SubClassOf(ObjectSomeValuesFrom(location owl:Thing) ObjectUnionOf(owl:Nothing ObjectUnionOf(Incident ObjectUnionOf(Event ObjectUnionOf(Camp Destination))))).
[2026-06-25 23:30:35.184] Found 81 possible bad axioms.
[2026-06-25 23:30:35.184] Selected the bad axiom SubClassOf(owl:Thing ObjectAllValuesFrom(location Location)).
[2026-06-25 23:30:35.192] Found 80 possible bad axioms.
[2026-06-25 23:30:35.193] Selected the bad axiom SubClassOf(ObjectSomeValuesFrom(invol
...[truncated]
FAIL: attempt=59 seed=823651 status=time_limit_exceeded stage=B4 message=Repair timeout: B4 exceeded 300 seconds
progress: ontology=HDS attempt=59 success=23/100
----- HDS attempt=60 seed=837851 at 2026-06-25 23:36:04 -----
--- stdout ---
{"seed":837851,"run_id":"20260624134028346645","trial_status":"success","error_type":null,"failure_stage":null,"error_message":null,"iic_values":{"B1_vs_A1":0.8,"B1_vs_A2":1.0,"B1_vs_A3":0.7307692307692307,"B2_vs_A1":0.8837209302325582,"B2_vs_A2":1.0,"B2_vs_A3":0.8529411764705882,"B3_vs_A1":0.8837209302325582,"B3_vs_A2":1.0,"B3_vs_A3":0.8529411764705882,"B4_vs_A1":0.6666666666666666,"B4_vs_A2":1.0,"B4_vs_A3":0.5,"B5_vs_A1":0.8837209302325582,"B5_vs_A2":1.0,"B5_vs_A3":0.8529411764705882,"B6_vs_A1":0.8837209302325582,"B6_vs_A2":1.0,"B6_vs_A3":0.8529411764705882,"B7_vs_A1":0.5,"B7_vs_A2":0.5,"B7_vs_A3":0.0,"B8_vs_A1":0.8181818181818182,"B8_vs_A2":1.0,"B8_vs_A3":0.75,"B9_vs_A1":0.8837209302325582,"B9_vs_A2":1.0,"B9_vs_A3":0.8529411764705882},"repair_runtimes_ms":{"A1":262,"A2":827,"A3":2664,"B1":527,"B2":7973,"B3":5520,"B4":109,"B5":7421,"B6":5463,"B7":174,"B8":9649,"B9":5410}}

--- stderr ---
SingleTrialExperiment starting: ontology=/workspaces/ontologyutils-ekaw26/repair-power-index-replication-ekaw26/ontologies/inconsistent/HDS.owl, seed=837851, run_id=20260624134028346645
Loaded ontology.
Normalizing ontology with SROIQ normalization...
Normalized ontology with SROIQ normalization.
Ontology is already inconsistent, skipping make-inconsistent step.
Repairing with A1 (random-removal)...
[2026-06-25 23:36:04.496] Checking precondition...
[2026-06-25 23:36:04.511] Starting the repair...
[2026-06-25 23:36:04.519] Found 91 possible bad axioms.
[2026-06-25 23:36:04.521] Selected the bad axiom SubClassOf(ObjectSomeValuesFrom(isPerpetratorOf owl:Thing) Perpetrator).
[2026-06-25 23:36:04.529] Found 90 possible bad axioms.
[2026-06-25 23:36:04.529] Selected the bad axiom SubClassOf(ObjectSomeValuesFrom(affiliation ObjectAllValuesFrom(location Location)) ObjectUnionOf(Perpetrator Victim)).
[2026-06-25 23:36:04.535] Found 89 possible bad axioms.
[2026-06-25 23:36:04.535] Selected the bad axiom SubClassOf(ObjectAllValuesFrom(affiliation Organisation) ObjectAllValuesFrom(affected ObjectUnionOf(Organisation Victim))).
[2026-06-25 23:36:04.541] Found 88 possible bad axioms.
[2026-06-25 23:36:04.541] Selected the bad axiom SubClassOf(Location Victim).
[2026-06-25 23:36:04.550] Found 87 possible bad axioms.
[2026-06-25 23:36:04.550] Selected the bad axiom SubClassOf(owl:Thing ObjectAllValuesFrom(affected ObjectUnionOf(Organisation Victim))).
[2026-06-25 23:36:04.555] Found 86 possible bad axioms.
[2026-06-25 23:36:04.555] Selected the bad axiom SubClassOf(owl:Thing ObjectAllValuesFrom(isPerpetratorOf ObjectUnionOf(Event Incident))).
[2026-06-25 23:36:04.559] Found 85 possible bad axioms.
[2026-06-25 23:36:04.559] Selected the bad axiom SubClassOf(owl:Thing ObjectAllValuesFrom(isPerpetratorOf Incident)).
[2026-06-25 23:36:04.563] Found 84 possible bad axioms.
[2026-06-25 23:36:04.563] Selected the bad axiom SubClassOf(ObjectSomeValuesFrom(affiliation owl:Thing) ObjectUnionOf(Perpetrator ObjectSomeValuesFrom(isVictimOf ObjectAllValuesFrom(isPerpetratorOf ObjectSomeValuesFrom(affected owl:Thing))))).
[2026-06-25 23:36:04.567] Found 83 possible bad axioms.
[2026-06-25 23:36:04.567] Selected the bad axiom SubClassOf(ObjectAllValuesFrom(involved ObjectUnionOf(Victim ObjectUnionOf(Trafficker ObjectUnionOf(Organisation Perpetrator)))) ObjectAllValuesFrom(isPerpetratorOf Incident)).
[2026-06-25 23:36:04.570] Found 82 possible bad axioms.
[2026-06-25 23:36:04.571] Selected the bad axiom SubClassOf(ObjectSomeValuesFrom(isVictimOf ObjectAllValuesFrom(affected ObjectUnionOf(Victim ObjectUnionOf(Organisation Perpetrator)))) Victim).
[2026-06-25 23:36:04.574] Found 81 possible bad axioms.
[2026-06-25 23:36:04.574] Selected the bad axiom SubClassOf(ObjectSomeValuesFrom(isVictimOf owl:Thing) Victim).
[2026-06-25 23:36:04.583] Found 80 possible bad axioms.
[2026-06-25 23:36:04.583] Selected the bad axiom SubClassOf(ObjectAllValuesFrom(isPerpetratorOf ObjectUnionOf(Eve
...[truncated]
SUCCESS: attempt=60 seed=837851 success_count=24/100
progress: ontology=HDS attempt=60 success=24/100
----- HDS attempt=61 seed=852051 at 2026-06-25 23:36:50 -----
--- stdout ---
{"seed":852051,"run_id":"20260624134028346645","trial_status":"time_limit_exceeded","error_type":"timeout","failure_stage":"B4","error_message":"Repair timeout: B4 exceeded 300 seconds","iic_values":{},"repair_runtimes_ms":{"A1":150,"A2":884,"A3":1885,"B1":326,"B2":10289,"B3":9055,"B4":300012}}

--- stderr ---
SingleTrialExperiment starting: ontology=/workspaces/ontologyutils-ekaw26/repair-power-index-replication-ekaw26/ontologies/inconsistent/HDS.owl, seed=852051, run_id=20260624134028346645
Loaded ontology.
Normalizing ontology with SROIQ normalization...
Normalized ontology with SROIQ normalization.
Ontology is already inconsistent, skipping make-inconsistent step.
Repairing with A1 (random-removal)...
[2026-06-25 23:36:51.197] Checking precondition...
[2026-06-25 23:36:51.212] Starting the repair...
[2026-06-25 23:36:51.221] Found 91 possible bad axioms.
[2026-06-25 23:36:51.223] Selected the bad axiom SubClassOf(ObjectSomeValuesFrom(location ObjectAllValuesFrom(location Location)) ObjectUnionOf(owl:Nothing ObjectUnionOf(Event Incident))).
[2026-06-25 23:36:51.229] Found 90 possible bad axioms.
[2026-06-25 23:36:51.229] Selected the bad axiom SubClassOf(ObjectAllValuesFrom(location Location) ObjectAllValuesFrom(isPerpetratorOf Incident)).
[2026-06-25 23:36:51.236] Found 89 possible bad axioms.
[2026-06-25 23:36:51.236] Selected the bad axiom SubClassOf(ObjectSomeValuesFrom(isVictimOf ObjectAllValuesFrom(isPerpetratorOf ObjectUnionOf(Event Incident))) Victim).
[2026-06-25 23:36:51.241] Found 88 possible bad axioms.
[2026-06-25 23:36:51.241] Selected the bad axiom SubClassOf(owl:Thing ObjectAllValuesFrom(responseBy Organisation)).
[2026-06-25 23:36:51.251] Found 87 possible bad axioms.
[2026-06-25 23:36:51.251] Selected the bad axiom SubClassOf(ObjectSomeValuesFrom(isPerpetratorOf ObjectAllValuesFrom(responseBy Organisation)) Perpetrator).
[2026-06-25 23:36:51.255] Found 86 possible bad axioms.
[2026-06-25 23:36:51.255] Selected the bad axiom SubClassOf(ObjectSomeValuesFrom(isVictimOf ObjectAllValuesFrom(location Location)) Victim).
[2026-06-25 23:36:51.260] Found 85 possible bad axioms.
[2026-06-25 23:36:51.260] Selected the bad axiom SubClassOf(ObjectSomeValuesFrom(affiliation ObjectAllValuesFrom(responseBy Organisation)) ObjectUnionOf(Perpetrator Victim)).
[2026-06-25 23:36:51.264] Found 84 possible bad axioms.
[2026-06-25 23:36:51.264] Selected the bad axiom SubClassOf(owl:Thing ObjectAllValuesFrom(involved ObjectUnionOf(Victim ObjectUnionOf(Organisation Trafficker)))).
[2026-06-25 23:36:51.268] Found 83 possible bad axioms.
[2026-06-25 23:36:51.268] Selected the bad axiom SubClassOf(owl:Thing ObjectAllValuesFrom(isPerpetratorOf ObjectUnionOf(Event Incident))).
[2026-06-25 23:36:51.272] Found 82 possible bad axioms.
[2026-06-25 23:36:51.272] Selected the bad axiom SubClassOf(ObjectUnionOf(Victim ObjectUnionOf(Trafficker ObjectUnionOf(Organisation Perpetrator))) ObjectAllValuesFrom(affected ObjectUnionOf(Organisation Victim))).
[2026-06-25 23:36:51.275] Found 81 possible bad axioms.
[2026-06-25 23:36:51.275] Selected the bad axiom SubClassOf(owl:Thing ObjectAllValuesFrom(affiliation Organisation)).
[2026-06-25 23:36:51.283] Found 80 possible bad axioms.
[2026-06-25 23:36:51.283] Selected the bad axiom SubClassOf(ObjectSomeValuesFrom(affiliation ow
...[truncated]
FAIL: attempt=61 seed=852051 status=time_limit_exceeded stage=B4 message=Repair timeout: B4 exceeded 300 seconds
progress: ontology=HDS attempt=61 success=24/100
----- HDS attempt=62 seed=866251 at 2026-06-25 23:42:13 -----
--- stdout ---
{"seed":866251,"run_id":"20260624134028346645","trial_status":"time_limit_exceeded","error_type":"timeout","failure_stage":"B4","error_message":"Repair timeout: B4 exceeded 300 seconds","iic_values":{},"repair_runtimes_ms":{"A1":237,"A2":826,"A3":719,"B1":1510,"B2":11168,"B3":5355,"B4":300109}}

--- stderr ---
SingleTrialExperiment starting: ontology=/workspaces/ontologyutils-ekaw26/repair-power-index-replication-ekaw26/ontologies/inconsistent/HDS.owl, seed=866251, run_id=20260624134028346645
Loaded ontology.
Normalizing ontology with SROIQ normalization...
Normalized ontology with SROIQ normalization.
Ontology is already inconsistent, skipping make-inconsistent step.
Repairing with A1 (random-removal)...
[2026-06-25 23:42:14.264] Checking precondition...
[2026-06-25 23:42:14.278] Starting the repair...
[2026-06-25 23:42:14.288] Found 91 possible bad axioms.
[2026-06-25 23:42:14.290] Selected the bad axiom SubClassOf(ObjectSomeValuesFrom(location owl:Thing) ObjectUnionOf(Organisation ObjectUnionOf(Incident ObjectUnionOf(Camp Event)))).
[2026-06-25 23:42:14.298] Found 90 possible bad axioms.
[2026-06-25 23:42:14.298] Selected the bad axiom SubClassOf(ObjectAllValuesFrom(involved ObjectUnionOf(Victim ObjectUnionOf(Trafficker ObjectUnionOf(Organisation Perpetrator)))) ObjectAllValuesFrom(isPerpetratorOf Incident)).
[2026-06-25 23:42:14.303] Found 89 possible bad axioms.
[2026-06-25 23:42:14.303] Selected the bad axiom SubClassOf(Location Victim).
[2026-06-25 23:42:14.308] Found 88 possible bad axioms.
[2026-06-25 23:42:14.308] Selected the bad axiom SubClassOf(owl:Thing ObjectAllValuesFrom(isVictimOf ObjectUnionOf(Event Incident))).
[2026-06-25 23:42:14.317] Found 87 possible bad axioms.
[2026-06-25 23:42:14.317] Selected the bad axiom SubClassOf(ObjectSomeValuesFrom(isVictimOf ObjectAllValuesFrom(responseBy Organisation)) Victim).
[2026-06-25 23:42:14.322] Found 86 possible bad axioms.
[2026-06-25 23:42:14.323] Selected the bad axiom SubClassOf(owl:Thing ObjectAllValuesFrom(involved ObjectUnionOf(Victim ObjectUnionOf(Trafficker ObjectUnionOf(Organisation Perpetrator))))).
[2026-06-25 23:42:14.326] Found 85 possible bad axioms.
[2026-06-25 23:42:14.327] Selected the bad axiom SubClassOf(ObjectSomeValuesFrom(responseBy ObjectAllValuesFrom(isPerpetratorOf ObjectUnionOf(Event Incident))) Incident).
[2026-06-25 23:42:14.330] Found 84 possible bad axioms.
[2026-06-25 23:42:14.331] Selected the bad axiom SubClassOf(ObjectAllValuesFrom(isVictimOf ObjectUnionOf(Event Incident)) ObjectAllValuesFrom(affected ObjectUnionOf(Organisation Victim))).
[2026-06-25 23:42:14.334] Found 83 possible bad axioms.
[2026-06-25 23:42:14.335] Selected the bad axiom SubClassOf(ObjectSomeValuesFrom(location ObjectAllValuesFrom(location Location)) ObjectUnionOf(owl:Nothing ObjectUnionOf(Incident ObjectUnionOf(Event ObjectUnionOf(Camp Destination))))).
[2026-06-25 23:42:14.338] Found 82 possible bad axioms.
[2026-06-25 23:42:14.338] Selected the bad axiom SubClassOf(ObjectSomeValuesFrom(location owl:Thing) ObjectUnionOf(owl:Nothing ObjectUnionOf(Incident ObjectUnionOf(Event ObjectUnionOf(Camp Destination))))).
[2026-06-25 23:42:14.341] Found 81 possible bad axioms.
[2026-06-25 23:42:14.341] Selected the bad axiom SubClassOf(ObjectAllValuesFrom(isPerpetratorOf ObjectUnionOf(Event Incide
...[truncated]
FAIL: attempt=62 seed=866251 status=time_limit_exceeded stage=B4 message=Repair timeout: B4 exceeded 300 seconds
progress: ontology=HDS attempt=62 success=24/100
----- HDS attempt=63 seed=880451 at 2026-06-25 23:47:34 -----
--- stdout ---
{"seed":880451,"run_id":"20260624134028346645","trial_status":"time_limit_exceeded","error_type":"timeout","failure_stage":"B4","error_message":"Repair timeout: B4 exceeded 300 seconds","iic_values":{},"repair_runtimes_ms":{"A1":219,"A2":836,"A3":776,"B1":319,"B2":8070,"B3":8175,"B4":300053}}

--- stderr ---
SingleTrialExperiment starting: ontology=/workspaces/ontologyutils-ekaw26/repair-power-index-replication-ekaw26/ontologies/inconsistent/HDS.owl, seed=880451, run_id=20260624134028346645
Loaded ontology.
Normalizing ontology with SROIQ normalization...
Normalized ontology with SROIQ normalization.
Ontology is already inconsistent, skipping make-inconsistent step.
Repairing with A1 (random-removal)...
[2026-06-25 23:47:34.667] Checking precondition...
[2026-06-25 23:47:34.686] Starting the repair...
[2026-06-25 23:47:34.695] Found 91 possible bad axioms.
[2026-06-25 23:47:34.696] Selected the bad axiom SubClassOf(ObjectSomeValuesFrom(location owl:Thing) ObjectUnionOf(Organisation ObjectUnionOf(Incident ObjectUnionOf(Event ObjectUnionOf(Camp owl:Nothing))))).
[2026-06-25 23:47:34.702] Found 90 possible bad axioms.
[2026-06-25 23:47:34.703] Selected the bad axiom SubClassOf(ObjectSomeValuesFrom(affiliation owl:Thing) ObjectUnionOf(Perpetrator ObjectSomeValuesFrom(isVictimOf owl:Thing))).
[2026-06-25 23:47:34.708] Found 89 possible bad axioms.
[2026-06-25 23:47:34.708] Selected the bad axiom SubClassOf(ObjectSomeValuesFrom(isVictimOf ObjectAllValuesFrom(affected ObjectUnionOf(Organisation Victim))) Victim).
[2026-06-25 23:47:34.713] Found 88 possible bad axioms.
[2026-06-25 23:47:34.713] Selected the bad axiom SubClassOf(ObjectSomeValuesFrom(involved owl:Thing) ObjectSomeValuesFrom(affected owl:Thing)).
[2026-06-25 23:47:34.722] Found 87 possible bad axioms.
[2026-06-25 23:47:34.722] Selected the bad axiom SubClassOf(owl:Thing ObjectAllValuesFrom(isVictimOf ObjectUnionOf(Event Incident))).
[2026-06-25 23:47:34.727] Found 86 possible bad axioms.
[2026-06-25 23:47:34.727] Selected the bad axiom SubClassOf(Location Victim).
[2026-06-25 23:47:34.731] Found 85 possible bad axioms.
[2026-06-25 23:47:34.731] Selected the bad axiom SubClassOf(ObjectSomeValuesFrom(responseBy owl:Thing) Incident).
[2026-06-25 23:47:34.735] Found 84 possible bad axioms.
[2026-06-25 23:47:34.735] Selected the bad axiom SubClassOf(ObjectSomeValuesFrom(affiliation ObjectAllValuesFrom(affected ObjectUnionOf(Organisation Victim))) Perpetrator).
[2026-06-25 23:47:34.739] Found 83 possible bad axioms.
[2026-06-25 23:47:34.740] Selected the bad axiom SubClassOf(ObjectAllValuesFrom(involved ObjectUnionOf(Victim ObjectUnionOf(Trafficker ObjectUnionOf(Organisation Perpetrator)))) ObjectAllValuesFrom(isPerpetratorOf ObjectUnionOf(Event Incident))).
[2026-06-25 23:47:34.743] Found 82 possible bad axioms.
[2026-06-25 23:47:34.743] Selected the bad axiom SubClassOf(owl:Thing Victim).
[2026-06-25 23:47:34.748] Found 81 possible bad axioms.
[2026-06-25 23:47:34.748] Selected the bad axiom SubClassOf(ObjectSomeValuesFrom(location ObjectAllValuesFrom(location Location)) ObjectUnionOf(owl:Nothing ObjectUnionOf(Event Incident))).
[2026-06-25 23:47:34.755] Found 80 possible bad axioms.
[2026-06-25 23:47:34.755] Selected the bad axiom SubClassOf(ObjectSomeValuesFrom(location ObjectAllValuesFrom(isPerp
...[truncated]
FAIL: attempt=63 seed=880451 status=time_limit_exceeded stage=B4 message=Repair timeout: B4 exceeded 300 seconds
progress: ontology=HDS attempt=63 success=24/100
----- HDS attempt=64 seed=894651 at 2026-06-25 23:52:53 -----
--- stdout ---
{"seed":894651,"run_id":"20260624134028346645","trial_status":"success","error_type":null,"failure_stage":null,"error_message":null,"iic_values":{"B1_vs_A1":0.5,"B1_vs_A2":0.5,"B1_vs_A3":0.0,"B2_vs_A1":1.0,"B2_vs_A2":1.0,"B2_vs_A3":0.5,"B3_vs_A1":1.0,"B3_vs_A2":1.0,"B3_vs_A3":0.62,"B4_vs_A1":0.9354838709677419,"B4_vs_A2":0.9354838709677419,"B4_vs_A3":0.9024390243902439,"B5_vs_A1":1.0,"B5_vs_A2":1.0,"B5_vs_A3":0.5,"B6_vs_A1":1.0,"B6_vs_A2":1.0,"B6_vs_A3":0.62,"B7_vs_A1":0.5,"B7_vs_A2":0.5,"B7_vs_A3":0.0,"B8_vs_A1":1.0,"B8_vs_A2":1.0,"B8_vs_A3":0.62,"B9_vs_A1":1.0,"B9_vs_A2":1.0,"B9_vs_A3":0.62},"repair_runtimes_ms":{"A1":99,"A2":907,"A3":2747,"B1":1265,"B2":10463,"B3":5682,"B4":659,"B5":10141,"B6":5499,"B7":234,"B8":7045,"B9":5460}}

--- stderr ---
SingleTrialExperiment starting: ontology=/workspaces/ontologyutils-ekaw26/repair-power-index-replication-ekaw26/ontologies/inconsistent/HDS.owl, seed=894651, run_id=20260624134028346645
Loaded ontology.
Normalizing ontology with SROIQ normalization...
Normalized ontology with SROIQ normalization.
Ontology is already inconsistent, skipping make-inconsistent step.
Repairing with A1 (random-removal)...
[2026-06-25 23:52:53.598] Checking precondition...
[2026-06-25 23:52:53.614] Starting the repair...
[2026-06-25 23:52:53.623] Found 91 possible bad axioms.
[2026-06-25 23:52:53.625] Selected the bad axiom SubClassOf(ObjectSomeValuesFrom(isPerpetratorOf ObjectAllValuesFrom(affiliation Organisation)) Perpetrator).
[2026-06-25 23:52:53.631] Found 90 possible bad axioms.
[2026-06-25 23:52:53.632] Selected the bad axiom SubClassOf(ObjectAllValuesFrom(isPerpetratorOf ObjectUnionOf(Event Incident)) ObjectAllValuesFrom(affected ObjectUnionOf(Organisation Victim))).
[2026-06-25 23:52:53.638] Found 89 possible bad axioms.
[2026-06-25 23:52:53.638] Selected the bad axiom SubClassOf(ObjectSomeValuesFrom(affiliation owl:Thing) ObjectSomeValuesFrom(isPerpetratorOf owl:Thing)).
[2026-06-25 23:52:53.643] Found 88 possible bad axioms.
[2026-06-25 23:52:53.643] Selected the bad axiom SubClassOf(ObjectSomeValuesFrom(responseBy ObjectAllValuesFrom(responseBy Organisation)) Incident).
[2026-06-25 23:52:53.652] Found 87 possible bad axioms.
[2026-06-25 23:52:53.653] Selected the bad axiom SubClassOf(ObjectUnionOf(Victim ObjectUnionOf(Trafficker ObjectUnionOf(Organisation Perpetrator))) ObjectAllValuesFrom(affected ObjectUnionOf(Organisation Victim))).
[2026-06-25 23:52:53.657] Found 86 possible bad axioms.
[2026-06-25 23:52:53.657] Selected the bad axiom SubClassOf(ObjectSomeValuesFrom(responseBy ObjectAllValuesFrom(location Location)) ObjectUnionOf(Event Incident)).
[2026-06-25 23:52:53.661] Found 85 possible bad axioms.
[2026-06-25 23:52:53.661] Selected the bad axiom SubClassOf(owl:Thing ObjectAllValuesFrom(involved ObjectUnionOf(Victim ObjectUnionOf(Trafficker ObjectUnionOf(Perpetrator owl:Nothing))))).
[2026-06-25 23:52:53.665] Found 84 possible bad axioms.
[2026-06-25 23:52:53.665] Selected the bad axiom SubClassOf(owl:Thing ObjectAllValuesFrom(location Location)).
[2026-06-25 23:52:53.669] Found 83 possible bad axioms.
[2026-06-25 23:52:53.669] Selected the bad axiom SubClassOf(owl:Thing ObjectAllValuesFrom(involved ObjectUnionOf(Victim ObjectUnionOf(Organisation Trafficker)))).
[2026-06-25 23:52:53.673] Found 82 possible bad axioms.
[2026-06-25 23:52:53.673] Selected the bad axiom SubClassOf(ObjectSomeValuesFrom(location ObjectAllValuesFrom(location owl:Thing)) ObjectUnionOf(owl:Nothing ObjectUnionOf(Event Incident))).
[2026-06-25 23:52:53.679] Found 81 possible bad axioms.
[2026-06-25 23:52:53.680] Selected the bad axiom SubClassOf(ObjectAllValuesFrom(involved ObjectUnionOf(Victim ObjectUnionOf(Trafficker ObjectUnionOf(Perpetrator ObjectUnionOf(Organisation Perpet
...[truncated]
SUCCESS: attempt=64 seed=894651 success_count=25/100
progress: ontology=HDS attempt=64 success=25/100
----- HDS attempt=65 seed=908851 at 2026-06-25 23:53:43 -----
--- stdout ---
{"seed":908851,"run_id":"20260624134028346645","trial_status":"success","error_type":null,"failure_stage":null,"error_message":null,"iic_values":{"B1_vs_A1":1.0,"B1_vs_A2":1.0,"B1_vs_A3":0.21739130434782608,"B2_vs_A1":1.0,"B2_vs_A2":1.0,"B2_vs_A3":0.47058823529411764,"B3_vs_A1":1.0,"B3_vs_A2":1.0,"B3_vs_A3":0.47058823529411764,"B4_vs_A1":1.0,"B4_vs_A2":1.0,"B4_vs_A3":0.21739130434782608,"B5_vs_A1":1.0,"B5_vs_A2":1.0,"B5_vs_A3":0.3157894736842105,"B6_vs_A1":1.0,"B6_vs_A2":1.0,"B6_vs_A3":0.3157894736842105,"B7_vs_A1":1.0,"B7_vs_A2":1.0,"B7_vs_A3":0.20454545454545456,"B8_vs_A1":1.0,"B8_vs_A2":1.0,"B8_vs_A3":0.47058823529411764,"B9_vs_A1":1.0,"B9_vs_A2":1.0,"B9_vs_A3":0.47058823529411764},"repair_runtimes_ms":{"A1":65,"A2":935,"A3":2470,"B1":19114,"B2":8115,"B3":5639,"B4":107,"B5":9974,"B6":8194,"B7":142,"B8":7462,"B9":5565}}

--- stderr ---
SingleTrialExperiment starting: ontology=/workspaces/ontologyutils-ekaw26/repair-power-index-replication-ekaw26/ontologies/inconsistent/HDS.owl, seed=908851, run_id=20260624134028346645
Loaded ontology.
Normalizing ontology with SROIQ normalization...
Normalized ontology with SROIQ normalization.
Ontology is already inconsistent, skipping make-inconsistent step.
Repairing with A1 (random-removal)...
[2026-06-25 23:53:44.309] Checking precondition...
[2026-06-25 23:53:44.324] Starting the repair...
[2026-06-25 23:53:44.334] Found 91 possible bad axioms.
[2026-06-25 23:53:44.335] Selected the bad axiom SubClassOf(ObjectSomeValuesFrom(isPerpetratorOf ObjectAllValuesFrom(affected ObjectUnionOf(Organisation Victim))) Perpetrator).
[2026-06-25 23:53:44.342] Found 90 possible bad axioms.
[2026-06-25 23:53:44.342] Selected the bad axiom SubClassOf(ObjectAllValuesFrom(isVictimOf ObjectUnionOf(Event Incident)) ObjectAllValuesFrom(location Location)).
[2026-06-25 23:53:44.347] Found 89 possible bad axioms.
[2026-06-25 23:53:44.347] Selected the bad axiom SubClassOf(ObjectAllValuesFrom(location Location) ObjectAllValuesFrom(location owl:Nothing)).
[2026-06-25 23:53:44.353] Found 88 possible bad axioms.
[2026-06-25 23:53:44.354] Selected the bad axiom SubClassOf(ObjectSomeValuesFrom(location owl:Thing) ObjectUnionOf(Organisation ObjectUnionOf(Incident ObjectUnionOf(Event ObjectUnionOf(Camp Destination))))).
[2026-06-25 23:53:44.363] Found 87 possible bad axioms.
[2026-06-25 23:53:44.363] Selected the bad axiom SubClassOf(owl:Thing ObjectAllValuesFrom(location owl:Nothing)).
[2026-06-25 23:53:44.370] Finished repairing the ontology.
Repairing with A2 (not-in-largest-mcs-removal)...
[2026-06-25 23:53:44.371] Checking precondition...
[2026-06-25 23:53:44.378] Starting the repair...
[2026-06-25 23:53:45.303] Found 1 possible bad axioms.
[2026-06-25 23:53:45.303] Selected the bad axiom SubClassOf(owl:Thing ObjectSomeValuesFrom(location owl:Thing)).
[2026-06-25 23:53:45.306] Finished repairing the ontology.
Repairing with A3 (default-weakening)...
[2026-06-25 23:53:45.308] Checking precondition...
[2026-06-25 23:53:45.310] Starting the repair...
[2026-06-25 23:53:45.324] Selected a reference ontology with 106 axioms.
[2026-06-25 23:53:45.615] Selected the bad axiom SubClassOf(owl:Thing ObjectSomeValuesFrom(location owl:Thing)).
[2026-06-25 23:53:45.757] Selected the weaker axiom SubClassOf(ObjectUnionOf(Victim ObjectUnionOf(Organisation Perpetrator)) ObjectSomeValuesFrom(location owl:Thing)).
[2026-06-25 23:53:46.050] Selected the bad axiom SubClassOf(ObjectUnionOf(Victim ObjectUnionOf(Organisation Perpetrator)) ObjectSomeValuesFrom(location owl:Thing)).
[2026-06-25 23:53:46.065] Selected the weaker axiom SubClassOf(ObjectAllValuesFrom(involved ObjectUnionOf(Victim ObjectUnionOf(Trafficker ObjectUnionOf(Organisation ObjectSomeValuesFrom(isPerpetratorOf owl:Thing))))) ObjectSomeValuesFrom(location owl:Thing)).
[2026-06-25 23:53:46.395] Selected the bad axiom SubClas
...[truncated]
SUCCESS: attempt=65 seed=908851 success_count=26/100
progress: ontology=HDS attempt=65 success=26/100
----- HDS attempt=66 seed=923051 at 2026-06-25 23:54:52 -----
--- stdout ---
{"seed":923051,"run_id":"20260624134028346645","trial_status":"success","error_type":null,"failure_stage":null,"error_message":null,"iic_values":{"B1_vs_A1":1.0,"B1_vs_A2":1.0,"B1_vs_A3":0.13636363636363635,"B2_vs_A1":1.0,"B2_vs_A2":1.0,"B2_vs_A3":0.39285714285714285,"B3_vs_A1":1.0,"B3_vs_A2":1.0,"B3_vs_A3":0.39285714285714285,"B4_vs_A1":0.5,"B4_vs_A2":0.5,"B4_vs_A3":0.0,"B5_vs_A1":1.0,"B5_vs_A2":1.0,"B5_vs_A3":0.21875,"B6_vs_A1":1.0,"B6_vs_A2":1.0,"B6_vs_A3":0.39285714285714285,"B7_vs_A1":0.5,"B7_vs_A2":0.5,"B7_vs_A3":0.0,"B8_vs_A1":1.0,"B8_vs_A2":1.0,"B8_vs_A3":0.39285714285714285,"B9_vs_A1":1.0,"B9_vs_A2":1.0,"B9_vs_A3":0.21875},"repair_runtimes_ms":{"A1":49,"A2":931,"A3":2463,"B1":306,"B2":8120,"B3":5559,"B4":112,"B5":10022,"B6":5134,"B7":146,"B8":7547,"B9":8653}}

--- stderr ---
SingleTrialExperiment starting: ontology=/workspaces/ontologyutils-ekaw26/repair-power-index-replication-ekaw26/ontologies/inconsistent/HDS.owl, seed=923051, run_id=20260624134028346645
Loaded ontology.
Normalizing ontology with SROIQ normalization...
Normalized ontology with SROIQ normalization.
Ontology is already inconsistent, skipping make-inconsistent step.
Repairing with A1 (random-removal)...
[2026-06-25 23:54:52.619] Checking precondition...
[2026-06-25 23:54:52.633] Starting the repair...
[2026-06-25 23:54:52.643] Found 91 possible bad axioms.
[2026-06-25 23:54:52.644] Selected the bad axiom SubClassOf(ObjectSomeValuesFrom(involved owl:Thing) ObjectSomeValuesFrom(affected owl:Thing)).
[2026-06-25 23:54:52.651] Found 90 possible bad axioms.
[2026-06-25 23:54:52.652] Selected the bad axiom SubClassOf(ObjectAllValuesFrom(involved ObjectUnionOf(Victim ObjectUnionOf(Trafficker ObjectUnionOf(Organisation Perpetrator)))) ObjectAllValuesFrom(isPerpetratorOf Incident)).
[2026-06-25 23:54:52.658] Found 89 possible bad axioms.
[2026-06-25 23:54:52.658] Selected the bad axiom SubClassOf(owl:Thing ObjectSomeValuesFrom(location owl:Thing)).
[2026-06-25 23:54:52.664] Finished repairing the ontology.
Repairing with A2 (not-in-largest-mcs-removal)...
[2026-06-25 23:54:52.665] Checking precondition...
[2026-06-25 23:54:52.680] Starting the repair...
[2026-06-25 23:54:53.593] Found 1 possible bad axioms.
[2026-06-25 23:54:53.593] Selected the bad axiom SubClassOf(owl:Thing ObjectSomeValuesFrom(location owl:Thing)).
[2026-06-25 23:54:53.595] Finished repairing the ontology.
Repairing with A3 (default-weakening)...
[2026-06-25 23:54:53.597] Checking precondition...
[2026-06-25 23:54:53.600] Starting the repair...
[2026-06-25 23:54:53.616] Selected a reference ontology with 106 axioms.
[2026-06-25 23:54:53.931] Selected the bad axiom SubClassOf(owl:Thing ObjectSomeValuesFrom(location owl:Thing)).
[2026-06-25 23:54:54.067] Selected the weaker axiom SubClassOf(owl:Thing ObjectSomeValuesFrom(location ObjectAllValuesFrom(involved Trafficker))).
[2026-06-25 23:54:54.327] Selected the bad axiom SubClassOf(owl:Thing ObjectSomeValuesFrom(location ObjectAllValuesFrom(involved Trafficker))).
[2026-06-25 23:54:54.341] Selected the weaker axiom SubClassOf(owl:Thing ObjectSomeValuesFrom(location ObjectAllValuesFrom(isPerpetratorOf ObjectUnionOf(Event Incident)))).
[2026-06-25 23:54:54.570] Selected the bad axiom SubClassOf(owl:Thing ObjectSomeValuesFrom(location ObjectAllValuesFrom(isPerpetratorOf ObjectUnionOf(Event Incident)))).
[2026-06-25 23:54:54.583] Selected the weaker axiom SubClassOf(owl:Thing ObjectSomeValuesFrom(location ObjectAllValuesFrom(affiliation Organisation))).
[2026-06-25 23:54:54.836] Selected the bad axiom SubClassOf(owl:Thing ObjectSomeValuesFrom(location ObjectAllValuesFrom(affiliation Organisation))).
[2026-06-25 23:54:54.841] Selected the weaker axiom SubClassOf(ObjectUnionOf(Victim ObjectUnionOf(Organisation Trafficker)) ObjectSomeValuesFrom(loc
...[truncated]
SUCCESS: attempt=66 seed=923051 success_count=27/100
progress: ontology=HDS attempt=66 success=27/100
----- HDS attempt=67 seed=937251 at 2026-06-25 23:55:41 -----
--- stdout ---
{"seed":937251,"run_id":"20260624134028346645","trial_status":"success","error_type":null,"failure_stage":null,"error_message":null,"iic_values":{"B1_vs_A1":1.0,"B1_vs_A2":1.0,"B1_vs_A3":0.7307692307692307,"B2_vs_A1":1.0,"B2_vs_A2":1.0,"B2_vs_A3":0.8529411764705882,"B3_vs_A1":1.0,"B3_vs_A2":1.0,"B3_vs_A3":0.8529411764705882,"B4_vs_A1":1.0,"B4_vs_A2":1.0,"B4_vs_A3":0.7307692307692307,"B5_vs_A1":1.0,"B5_vs_A2":1.0,"B5_vs_A3":0.8529411764705882,"B6_vs_A1":1.0,"B6_vs_A2":1.0,"B6_vs_A3":0.8529411764705882,"B7_vs_A1":1.0,"B7_vs_A2":0.5,"B7_vs_A3":0.0,"B8_vs_A1":1.0,"B8_vs_A2":1.0,"B8_vs_A3":0.75,"B9_vs_A1":1.0,"B9_vs_A2":1.0,"B9_vs_A3":0.8529411764705882},"repair_runtimes_ms":{"A1":224,"A2":798,"A3":1266,"B1":328,"B2":7990,"B3":5564,"B4":113,"B5":7503,"B6":5422,"B7":171,"B8":9925,"B9":5387}}

--- stderr ---
SingleTrialExperiment starting: ontology=/workspaces/ontologyutils-ekaw26/repair-power-index-replication-ekaw26/ontologies/inconsistent/HDS.owl, seed=937251, run_id=20260624134028346645
Loaded ontology.
Normalizing ontology with SROIQ normalization...
Normalized ontology with SROIQ normalization.
Ontology is already inconsistent, skipping make-inconsistent step.
Repairing with A1 (random-removal)...
[2026-06-25 23:55:42.169] Checking precondition...
[2026-06-25 23:55:42.186] Starting the repair...
[2026-06-25 23:55:42.195] Found 91 possible bad axioms.
[2026-06-25 23:55:42.197] Selected the bad axiom SubClassOf(ObjectSomeValuesFrom(responseBy owl:Thing) Incident).
[2026-06-25 23:55:42.203] Found 90 possible bad axioms.
[2026-06-25 23:55:42.203] Selected the bad axiom SubClassOf(ObjectAllValuesFrom(involved ObjectUnionOf(Victim ObjectUnionOf(Trafficker ObjectUnionOf(Organisation Perpetrator)))) ObjectAllValuesFrom(isPerpetratorOf ObjectUnionOf(Event Incident))).
[2026-06-25 23:55:42.209] Found 89 possible bad axioms.
[2026-06-25 23:55:42.209] Selected the bad axiom SubClassOf(owl:Thing ObjectAllValuesFrom(affiliation Organisation)).
[2026-06-25 23:55:42.214] Found 88 possible bad axioms.
[2026-06-25 23:55:42.214] Selected the bad axiom SubClassOf(owl:Thing ObjectAllValuesFrom(involved ObjectUnionOf(Victim ObjectUnionOf(Trafficker ObjectUnionOf(Perpetrator owl:Nothing))))).
[2026-06-25 23:55:42.224] Found 87 possible bad axioms.
[2026-06-25 23:55:42.224] Selected the bad axiom SubClassOf(ObjectAllValuesFrom(involved ObjectUnionOf(Victim ObjectUnionOf(Trafficker ObjectUnionOf(Organisation Perpetrator)))) ObjectAllValuesFrom(affected ObjectUnionOf(Organisation Victim))).
[2026-06-25 23:55:42.228] Found 86 possible bad axioms.
[2026-06-25 23:55:42.228] Selected the bad axiom SubClassOf(ObjectSomeValuesFrom(affiliation owl:Thing) ObjectUnionOf(Perpetrator ObjectSomeValuesFrom(isVictimOf owl:Thing))).
[2026-06-25 23:55:42.233] Found 85 possible bad axioms.
[2026-06-25 23:55:42.233] Selected the bad axiom SubClassOf(ObjectSomeValuesFrom(responseBy ObjectAllValuesFrom(isPerpetratorOf ObjectUnionOf(Event Incident))) Incident).
[2026-06-25 23:55:42.238] Found 84 possible bad axioms.
[2026-06-25 23:55:42.238] Selected the bad axiom SubClassOf(owl:Thing ObjectAllValuesFrom(location Location)).
[2026-06-25 23:55:42.241] Found 83 possible bad axioms.
[2026-06-25 23:55:42.242] Selected the bad axiom SubClassOf(ObjectSomeValuesFrom(involved owl:Thing) Event).
[2026-06-25 23:55:42.246] Found 82 possible bad axioms.
[2026-06-25 23:55:42.246] Selected the bad axiom SubClassOf(ObjectSomeValuesFrom(involved owl:Thing) ObjectUnionOf(Event Incident)).
[2026-06-25 23:55:42.249] Found 81 possible bad axioms.
[2026-06-25 23:55:42.249] Selected the bad axiom SubClassOf(ObjectAllValuesFrom(isVictimOf ObjectUnionOf(Event Incident)) ObjectAllValuesFrom(affected ObjectUnionOf(Organisation Victim))).
[2026-06-25 23:55:42.257] Found 80 possible bad axioms.
[2026-06-25 23:55:42.25
...[truncated]
SUCCESS: attempt=67 seed=937251 success_count=28/100
progress: ontology=HDS attempt=67 success=28/100
----- HDS attempt=68 seed=951451 at 2026-06-25 23:56:27 -----
--- stdout ---
{"seed":951451,"run_id":"20260624134028346645","trial_status":"time_limit_exceeded","error_type":"timeout","failure_stage":"B4","error_message":"Repair timeout: B4 exceeded 300 seconds","iic_values":{},"repair_runtimes_ms":{"A1":242,"A2":818,"A3":1480,"B1":1649,"B2":10510,"B3":5733,"B4":300375}}

--- stderr ---
SingleTrialExperiment starting: ontology=/workspaces/ontologyutils-ekaw26/repair-power-index-replication-ekaw26/ontologies/inconsistent/HDS.owl, seed=951451, run_id=20260624134028346645
Loaded ontology.
Normalizing ontology with SROIQ normalization...
Normalized ontology with SROIQ normalization.
Ontology is already inconsistent, skipping make-inconsistent step.
Repairing with A1 (random-removal)...
[2026-06-25 23:56:27.365] Checking precondition...
[2026-06-25 23:56:27.382] Starting the repair...
[2026-06-25 23:56:27.393] Found 91 possible bad axioms.
[2026-06-25 23:56:27.394] Selected the bad axiom SubClassOf(ObjectSomeValuesFrom(affiliation owl:Thing) ObjectUnionOf(Perpetrator ObjectSomeValuesFrom(isVictimOf ObjectAllValuesFrom(isPerpetratorOf ObjectSomeValuesFrom(affected owl:Thing))))).
[2026-06-25 23:56:27.402] Found 90 possible bad axioms.
[2026-06-25 23:56:27.402] Selected the bad axiom SubClassOf(owl:Thing ObjectUnionOf(Perpetrator Victim)).
[2026-06-25 23:56:27.408] Found 89 possible bad axioms.
[2026-06-25 23:56:27.409] Selected the bad axiom SubClassOf(ObjectSomeValuesFrom(location ObjectAllValuesFrom(location Location)) ObjectUnionOf(owl:Nothing ObjectUnionOf(Event Incident))).
[2026-06-25 23:56:27.415] Found 88 possible bad axioms.
[2026-06-25 23:56:27.416] Selected the bad axiom SubClassOf(owl:Thing ObjectAllValuesFrom(involved ObjectUnionOf(Victim ObjectUnionOf(Trafficker ObjectUnionOf(Perpetrator owl:Nothing))))).
[2026-06-25 23:56:27.425] Found 87 possible bad axioms.
[2026-06-25 23:56:27.425] Selected the bad axiom SubClassOf(ObjectAllValuesFrom(isVictimOf ObjectUnionOf(Event Incident)) ObjectAllValuesFrom(affected ObjectUnionOf(Organisation Victim))).
[2026-06-25 23:56:27.430] Found 86 possible bad axioms.
[2026-06-25 23:56:27.431] Selected the bad axiom SubClassOf(ObjectSomeValuesFrom(isPerpetratorOf ObjectAllValuesFrom(affected ObjectUnionOf(Organisation Victim))) Perpetrator).
[2026-06-25 23:56:27.434] Found 85 possible bad axioms.
[2026-06-25 23:56:27.435] Selected the bad axiom SubClassOf(owl:Thing Victim).
[2026-06-25 23:56:27.438] Found 84 possible bad axioms.
[2026-06-25 23:56:27.438] Selected the bad axiom SubClassOf(ObjectSomeValuesFrom(involved owl:Thing) ObjectUnionOf(Event Incident)).
[2026-06-25 23:56:27.442] Found 83 possible bad axioms.
[2026-06-25 23:56:27.442] Selected the bad axiom SubClassOf(ObjectSomeValuesFrom(responseBy ObjectAllValuesFrom(isPerpetratorOf ObjectUnionOf(Event Incident))) Incident).
[2026-06-25 23:56:27.446] Found 82 possible bad axioms.
[2026-06-25 23:56:27.446] Selected the bad axiom SubClassOf(ObjectSomeValuesFrom(isVictimOf ObjectAllValuesFrom(location Location)) Victim).
[2026-06-25 23:56:27.450] Found 81 possible bad axioms.
[2026-06-25 23:56:27.450] Selected the bad axiom SubClassOf(ObjectSomeValuesFrom(location owl:Thing) ObjectUnionOf(owl:Nothing ObjectUnionOf(Incident ObjectUnionOf(Event ObjectUnionOf(Camp Destination))))).
[2026-06-25 23:56:27.459] Found 80 possible bad axioms.

...[truncated]
FAIL: attempt=68 seed=951451 status=time_limit_exceeded stage=B4 message=Repair timeout: B4 exceeded 300 seconds
progress: ontology=HDS attempt=68 success=28/100
----- HDS attempt=69 seed=965651 at 2026-06-26 00:01:48 -----
--- stdout ---
{"seed":965651,"run_id":"20260624134028346645","trial_status":"success","error_type":null,"failure_stage":null,"error_message":null,"iic_values":{"B1_vs_A1":1.0,"B1_vs_A2":1.0,"B1_vs_A3":1.0,"B2_vs_A1":1.0,"B2_vs_A2":1.0,"B2_vs_A3":1.0,"B3_vs_A1":1.0,"B3_vs_A2":1.0,"B3_vs_A3":0.75,"B4_vs_A1":1.0,"B4_vs_A2":1.0,"B4_vs_A3":0.5,"B5_vs_A1":1.0,"B5_vs_A2":1.0,"B5_vs_A3":0.75,"B6_vs_A1":1.0,"B6_vs_A2":1.0,"B6_vs_A3":1.0,"B7_vs_A1":0.8636363636363636,"B7_vs_A2":0.7446808510638298,"B7_vs_A3":0.6842105263157895,"B8_vs_A1":1.0,"B8_vs_A2":1.0,"B8_vs_A3":1.0,"B9_vs_A1":1.0,"B9_vs_A2":1.0,"B9_vs_A3":0.75},"repair_runtimes_ms":{"A1":158,"A2":871,"A3":420,"B1":747,"B2":8182,"B3":8658,"B4":118,"B5":10144,"B6":5432,"B7":769,"B8":7392,"B9":8251}}

--- stderr ---
SingleTrialExperiment starting: ontology=/workspaces/ontologyutils-ekaw26/repair-power-index-replication-ekaw26/ontologies/inconsistent/HDS.owl, seed=965651, run_id=20260624134028346645
Loaded ontology.
Normalizing ontology with SROIQ normalization...
Normalized ontology with SROIQ normalization.
Ontology is already inconsistent, skipping make-inconsistent step.
Repairing with A1 (random-removal)...
[2026-06-26 00:01:48.655] Checking precondition...
[2026-06-26 00:01:48.670] Starting the repair...
[2026-06-26 00:01:48.680] Found 91 possible bad axioms.
[2026-06-26 00:01:48.682] Selected the bad axiom SubClassOf(ObjectSomeValuesFrom(location ObjectAllValuesFrom(location Location)) ObjectUnionOf(owl:Nothing ObjectUnionOf(Incident ObjectUnionOf(Destination Event)))).
[2026-06-26 00:01:48.689] Found 90 possible bad axioms.
[2026-06-26 00:01:48.690] Selected the bad axiom SubClassOf(ObjectAllValuesFrom(isVictimOf ObjectUnionOf(Event Incident)) ObjectAllValuesFrom(location Location)).
[2026-06-26 00:01:48.695] Found 89 possible bad axioms.
[2026-06-26 00:01:48.695] Selected the bad axiom SubClassOf(ObjectSomeValuesFrom(affected owl:Thing) ObjectUnionOf(Event Incident)).
[2026-06-26 00:01:48.701] Found 88 possible bad axioms.
[2026-06-26 00:01:48.701] Selected the bad axiom SubClassOf(ObjectSomeValuesFrom(affiliation owl:Thing) ObjectSomeValuesFrom(isVictimOf owl:Thing)).
[2026-06-26 00:01:48.710] Found 87 possible bad axioms.
[2026-06-26 00:01:48.711] Selected the bad axiom SubClassOf(ObjectSomeValuesFrom(involved owl:Thing) ObjectSomeValuesFrom(affected owl:Thing)).
[2026-06-26 00:01:48.715] Found 86 possible bad axioms.
[2026-06-26 00:01:48.716] Selected the bad axiom SubClassOf(ObjectSomeValuesFrom(isVictimOf owl:Thing) Victim).
[2026-06-26 00:01:48.719] Found 85 possible bad axioms.
[2026-06-26 00:01:48.719] Selected the bad axiom SubClassOf(ObjectSomeValuesFrom(isPerpetratorOf ObjectAllValuesFrom(affiliation Organisation)) Perpetrator).
[2026-06-26 00:01:48.723] Found 84 possible bad axioms.
[2026-06-26 00:01:48.723] Selected the bad axiom SubClassOf(ObjectSomeValuesFrom(isVictimOf ObjectAllValuesFrom(isPerpetratorOf ObjectUnionOf(Event Incident))) Victim).
[2026-06-26 00:01:48.728] Found 83 possible bad axioms.
[2026-06-26 00:01:48.728] Selected the bad axiom SubClassOf(ObjectSomeValuesFrom(affiliation ObjectAllValuesFrom(affected ObjectUnionOf(Organisation Victim))) Perpetrator).
[2026-06-26 00:01:48.732] Found 82 possible bad axioms.
[2026-06-26 00:01:48.732] Selected the bad axiom SubClassOf(ObjectSomeValuesFrom(isVictimOf ObjectAllValuesFrom(affected ObjectUnionOf(Victim ObjectUnionOf(Organisation Perpetrator)))) Victim).
[2026-06-26 00:01:48.735] Found 81 possible bad axioms.
[2026-06-26 00:01:48.735] Selected the bad axiom SubClassOf(ObjectSomeValuesFrom(involved owl:Thing) Event).
[2026-06-26 00:01:48.743] Found 80 possible bad axioms.
[2026-06-26 00:01:48.743] Selected the bad axiom SubClassOf(owl:Thing ObjectAllValuesFrom(isPerpetratorOf
...[truncated]
SUCCESS: attempt=69 seed=965651 success_count=29/100
progress: ontology=HDS attempt=69 success=29/100
----- HDS attempt=70 seed=979851 at 2026-06-26 00:02:39 -----
--- stdout ---
{"seed":979851,"run_id":"20260624134028346645","trial_status":"time_limit_exceeded","error_type":"timeout","failure_stage":"B7","error_message":"Repair timeout: B7 exceeded 300 seconds","iic_values":{},"repair_runtimes_ms":{"A1":201,"A2":850,"A3":2012,"B1":1271,"B2":7948,"B3":8453,"B4":117,"B5":7066,"B6":8343,"B7":300020}}

--- stderr ---
SingleTrialExperiment starting: ontology=/workspaces/ontologyutils-ekaw26/repair-power-index-replication-ekaw26/ontologies/inconsistent/HDS.owl, seed=979851, run_id=20260624134028346645
Loaded ontology.
Normalizing ontology with SROIQ normalization...
Normalized ontology with SROIQ normalization.
Ontology is already inconsistent, skipping make-inconsistent step.
Repairing with A1 (random-removal)...
[2026-06-26 00:02:40.314] Checking precondition...
[2026-06-26 00:02:40.333] Starting the repair...
[2026-06-26 00:02:40.341] Found 91 possible bad axioms.
[2026-06-26 00:02:40.343] Selected the bad axiom SubClassOf(ObjectSomeValuesFrom(affiliation owl:Thing) ObjectUnionOf(Perpetrator ObjectSomeValuesFrom(isVictimOf ObjectAllValuesFrom(isPerpetratorOf ObjectUnionOf(Event Incident))))).
[2026-06-26 00:02:40.350] Found 90 possible bad axioms.
[2026-06-26 00:02:40.350] Selected the bad axiom SubClassOf(ObjectSomeValuesFrom(location owl:Thing) ObjectUnionOf(Organisation ObjectUnionOf(Incident ObjectUnionOf(owl:Nothing ObjectUnionOf(Camp owl:Nothing))))).
[2026-06-26 00:02:40.356] Found 89 possible bad axioms.
[2026-06-26 00:02:40.356] Selected the bad axiom SubClassOf(ObjectAllValuesFrom(affiliation Organisation) ObjectAllValuesFrom(involved ObjectUnionOf(Trafficker Victim))).
[2026-06-26 00:02:40.360] Found 88 possible bad axioms.
[2026-06-26 00:02:40.361] Selected the bad axiom SubClassOf(ObjectSomeValuesFrom(location ObjectAllValuesFrom(isPerpetratorOf ObjectUnionOf(Event Incident))) ObjectUnionOf(Organisation ObjectUnionOf(Incident ObjectUnionOf(Event ObjectUnionOf(Camp owl:Nothing))))).
[2026-06-26 00:02:40.370] Found 87 possible bad axioms.
[2026-06-26 00:02:40.370] Selected the bad axiom SubClassOf(owl:Thing ObjectAllValuesFrom(involved ObjectUnionOf(Victim ObjectUnionOf(Trafficker ObjectUnionOf(Organisation ObjectSomeValuesFrom(isPerpetratorOf owl:Thing)))))).
[2026-06-26 00:02:40.375] Found 86 possible bad axioms.
[2026-06-26 00:02:40.375] Selected the bad axiom SubClassOf(owl:Thing ObjectUnionOf(Organisation ObjectUnionOf(Incident ObjectUnionOf(owl:Nothing ObjectUnionOf(Camp Destination))))).
[2026-06-26 00:02:40.379] Found 85 possible bad axioms.
[2026-06-26 00:02:40.379] Selected the bad axiom SubClassOf(ObjectAllValuesFrom(affected ObjectUnionOf(Organisation Victim)) ObjectAllValuesFrom(location Location)).
[2026-06-26 00:02:40.383] Found 84 possible bad axioms.
[2026-06-26 00:02:40.383] Selected the bad axiom SubClassOf(ObjectSomeValuesFrom(location owl:Thing) ObjectUnionOf(Organisation ObjectUnionOf(Incident ObjectUnionOf(Event ObjectUnionOf(Camp owl:Nothing))))).
[2026-06-26 00:02:40.386] Found 83 possible bad axioms.
[2026-06-26 00:02:40.386] Selected the bad axiom SubClassOf(owl:Thing ObjectAllValuesFrom(location Location)).
[2026-06-26 00:02:40.390] Found 82 possible bad axioms.
[2026-06-26 00:02:40.390] Selected the bad axiom SubClassOf(ObjectSomeValuesFrom(location ObjectAllValuesFrom(involved ObjectUnionOf(Victim ObjectUnionOf(Traffi
...[truncated]
FAIL: attempt=70 seed=979851 status=time_limit_exceeded stage=B7 message=Repair timeout: B7 exceeded 300 seconds
progress: ontology=HDS attempt=70 success=29/100
----- HDS attempt=71 seed=994051 at 2026-06-26 00:08:16 -----
--- stdout ---
{"seed":994051,"run_id":"20260624134028346645","trial_status":"success","error_type":null,"failure_stage":null,"error_message":null,"iic_values":{"B1_vs_A1":1.0,"B1_vs_A2":1.0,"B1_vs_A3":1.0,"B2_vs_A1":1.0,"B2_vs_A2":1.0,"B2_vs_A3":1.0,"B3_vs_A1":1.0,"B3_vs_A2":1.0,"B3_vs_A3":1.0,"B4_vs_A1":1.0,"B4_vs_A2":1.0,"B4_vs_A3":1.0,"B5_vs_A1":1.0,"B5_vs_A2":1.0,"B5_vs_A3":1.0,"B6_vs_A1":1.0,"B6_vs_A2":1.0,"B6_vs_A3":1.0,"B7_vs_A1":1.0,"B7_vs_A2":1.0,"B7_vs_A3":1.0,"B8_vs_A1":1.0,"B8_vs_A2":1.0,"B8_vs_A3":1.0,"B9_vs_A1":1.0,"B9_vs_A2":1.0,"B9_vs_A3":1.0},"repair_runtimes_ms":{"A1":240,"A2":810,"A3":2395,"B1":310,"B2":7932,"B3":5611,"B4":112,"B5":7422,"B6":7822,"B7":142,"B8":7150,"B9":5454}}

--- stderr ---
SingleTrialExperiment starting: ontology=/workspaces/ontologyutils-ekaw26/repair-power-index-replication-ekaw26/ontologies/inconsistent/HDS.owl, seed=994051, run_id=20260624134028346645
Loaded ontology.
Normalizing ontology with SROIQ normalization...
Normalized ontology with SROIQ normalization.
Ontology is already inconsistent, skipping make-inconsistent step.
Repairing with A1 (random-removal)...
[2026-06-26 00:08:17.071] Checking precondition...
[2026-06-26 00:08:17.088] Starting the repair...
[2026-06-26 00:08:17.098] Found 91 possible bad axioms.
[2026-06-26 00:08:17.100] Selected the bad axiom SubClassOf(ObjectSomeValuesFrom(location ObjectAllValuesFrom(involved ObjectUnionOf(Victim ObjectUnionOf(Trafficker ObjectUnionOf(Organisation Perpetrator))))) ObjectUnionOf(Organisation ObjectUnionOf(Incident ObjectUnionOf(Camp Event)))).
[2026-06-26 00:08:17.106] Found 90 possible bad axioms.
[2026-06-26 00:08:17.107] Selected the bad axiom SubClassOf(owl:Thing ObjectAllValuesFrom(involved ObjectUnionOf(Victim ObjectUnionOf(Trafficker ObjectUnionOf(Perpetrator owl:Nothing))))).
[2026-06-26 00:08:17.113] Found 89 possible bad axioms.
[2026-06-26 00:08:17.113] Selected the bad axiom SubClassOf(ObjectSomeValuesFrom(isPerpetratorOf ObjectAllValuesFrom(affiliation ObjectUnionOf(Organisation Victim))) Perpetrator).
[2026-06-26 00:08:17.120] Found 88 possible bad axioms.
[2026-06-26 00:08:17.120] Selected the bad axiom SubClassOf(owl:Thing ObjectUnionOf(Organisation ObjectUnionOf(Incident ObjectUnionOf(Event ObjectUnionOf(Camp Destination))))).
[2026-06-26 00:08:17.129] Found 87 possible bad axioms.
[2026-06-26 00:08:17.130] Selected the bad axiom SubClassOf(ObjectAllValuesFrom(isVictimOf ObjectUnionOf(Event Incident)) ObjectAllValuesFrom(isPerpetratorOf ObjectUnionOf(Event Incident))).
[2026-06-26 00:08:17.134] Found 86 possible bad axioms.
[2026-06-26 00:08:17.134] Selected the bad axiom SubClassOf(ObjectAllValuesFrom(involved ObjectUnionOf(Victim ObjectUnionOf(Trafficker ObjectUnionOf(Perpetrator ObjectUnionOf(Organisation Perpetrator))))) ObjectAllValuesFrom(affected ObjectUnionOf(Organisation Victim))).
[2026-06-26 00:08:17.138] Found 85 possible bad axioms.
[2026-06-26 00:08:17.138] Selected the bad axiom SubClassOf(ObjectSomeValuesFrom(affiliation owl:Thing) ObjectUnionOf(Perpetrator ObjectSomeValuesFrom(isVictimOf owl:Thing))).
[2026-06-26 00:08:17.142] Found 84 possible bad axioms.
[2026-06-26 00:08:17.142] Selected the bad axiom SubClassOf(owl:Thing ObjectAllValuesFrom(isPerpetratorOf Incident)).
[2026-06-26 00:08:17.145] Found 83 possible bad axioms.
[2026-06-26 00:08:17.146] Selected the bad axiom SubClassOf(owl:Thing ObjectUnionOf(Organisation ObjectUnionOf(Incident ObjectUnionOf(owl:Nothing ObjectUnionOf(Camp Destination))))).
[2026-06-26 00:08:17.149] Found 82 possible bad axioms.
[2026-06-26 00:08:17.150] Selected the bad axiom SubClassOf(ObjectSomeValuesFrom(involved ObjectAllValuesFrom(isVictimOf ObjectUnionOf(Event Incident))) ObjectUni
...[truncated]
SUCCESS: attempt=71 seed=994051 success_count=30/100
progress: ontology=HDS attempt=71 success=30/100
----- HDS attempt=72 seed=1008251 at 2026-06-26 00:09:02 -----
--- stdout ---
{"seed":1008251,"run_id":"20260624134028346645","trial_status":"success","error_type":null,"failure_stage":null,"error_message":null,"iic_values":{"B1_vs_A1":1.0,"B1_vs_A2":1.0,"B1_vs_A3":0.5,"B2_vs_A1":1.0,"B2_vs_A2":1.0,"B2_vs_A3":0.8529411764705882,"B3_vs_A1":1.0,"B3_vs_A2":1.0,"B3_vs_A3":0.8529411764705882,"B4_vs_A1":1.0,"B4_vs_A2":1.0,"B4_vs_A3":0.5,"B5_vs_A1":1.0,"B5_vs_A2":1.0,"B5_vs_A3":0.8529411764705882,"B6_vs_A1":1.0,"B6_vs_A2":1.0,"B6_vs_A3":0.8529411764705882,"B7_vs_A1":0.5,"B7_vs_A2":0.5,"B7_vs_A3":0.0,"B8_vs_A1":1.0,"B8_vs_A2":1.0,"B8_vs_A3":0.75,"B9_vs_A1":1.0,"B9_vs_A2":1.0,"B9_vs_A3":0.75},"repair_runtimes_ms":{"A1":78,"A2":921,"A3":775,"B1":324,"B2":8035,"B3":5604,"B4":160,"B5":7164,"B6":5127,"B7":145,"B8":10303,"B9":8174}}

--- stderr ---
SingleTrialExperiment starting: ontology=/workspaces/ontologyutils-ekaw26/repair-power-index-replication-ekaw26/ontologies/inconsistent/HDS.owl, seed=1008251, run_id=20260624134028346645
Loaded ontology.
Normalizing ontology with SROIQ normalization...
Normalized ontology with SROIQ normalization.
Ontology is already inconsistent, skipping make-inconsistent step.
Repairing with A1 (random-removal)...
[2026-06-26 00:09:02.988] Checking precondition...
[2026-06-26 00:09:03.004] Starting the repair...
[2026-06-26 00:09:03.013] Found 91 possible bad axioms.
[2026-06-26 00:09:03.015] Selected the bad axiom SubClassOf(ObjectUnionOf(Victim ObjectUnionOf(Trafficker ObjectUnionOf(Organisation Perpetrator))) ObjectAllValuesFrom(affected ObjectUnionOf(Organisation Victim))).
[2026-06-26 00:09:03.021] Found 90 possible bad axioms.
[2026-06-26 00:09:03.021] Selected the bad axiom SubClassOf(ObjectSomeValuesFrom(affiliation owl:Thing) ObjectUnionOf(Perpetrator ObjectSomeValuesFrom(isVictimOf owl:Thing))).
[2026-06-26 00:09:03.027] Found 89 possible bad axioms.
[2026-06-26 00:09:03.027] Selected the bad axiom SubClassOf(owl:Thing ObjectAllValuesFrom(involved ObjectUnionOf(Victim ObjectUnionOf(Perpetrator Trafficker)))).
[2026-06-26 00:09:03.033] Found 88 possible bad axioms.
[2026-06-26 00:09:03.033] Selected the bad axiom SubClassOf(ObjectSomeValuesFrom(location ObjectAllValuesFrom(involved ObjectUnionOf(Victim ObjectUnionOf(Trafficker ObjectUnionOf(Organisation Perpetrator))))) ObjectUnionOf(Organisation ObjectUnionOf(Incident ObjectUnionOf(Camp Event)))).
[2026-06-26 00:09:03.042] Found 87 possible bad axioms.
[2026-06-26 00:09:03.043] Selected the bad axiom SubClassOf(ObjectSomeValuesFrom(location owl:Thing) ObjectUnionOf(Organisation ObjectUnionOf(Incident ObjectUnionOf(Event ObjectUnionOf(Camp Destination))))).
[2026-06-26 00:09:03.047] Found 86 possible bad axioms.
[2026-06-26 00:09:03.047] Selected the bad axiom SubClassOf(owl:Thing ObjectUnionOf(Perpetrator Victim)).
[2026-06-26 00:09:03.051] Found 85 possible bad axioms.
[2026-06-26 00:09:03.051] Selected the bad axiom SubClassOf(ObjectSomeValuesFrom(responseBy ObjectAllValuesFrom(isPerpetratorOf ObjectUnionOf(Event Incident))) Incident).
[2026-06-26 00:09:03.055] Found 84 possible bad axioms.
[2026-06-26 00:09:03.056] Selected the bad axiom SubClassOf(ObjectSomeValuesFrom(location owl:Thing) ObjectUnionOf(owl:Nothing ObjectUnionOf(Incident ObjectUnionOf(Event ObjectUnionOf(Destination owl:Nothing))))).
[2026-06-26 00:09:03.059] Found 83 possible bad axioms.
[2026-06-26 00:09:03.059] Selected the bad axiom SubClassOf(owl:Thing ObjectSomeValuesFrom(location owl:Thing)).
[2026-06-26 00:09:03.063] Finished repairing the ontology.
Repairing with A2 (not-in-largest-mcs-removal)...
[2026-06-26 00:09:03.064] Checking precondition...
[2026-06-26 00:09:03.074] Starting the repair...
[2026-06-26 00:09:03.982] Found 1 possible bad axioms.
[2026-06-26 00:09:03.982] Selected the bad axiom SubClassOf(owl:Thing Obje
...[truncated]
SUCCESS: attempt=72 seed=1008251 success_count=31/100
progress: ontology=HDS attempt=72 success=31/100
----- HDS attempt=73 seed=1022451 at 2026-06-26 00:09:51 -----
--- stdout ---
{"seed":1022451,"run_id":"20260624134028346645","trial_status":"success","error_type":null,"failure_stage":null,"error_message":null,"iic_values":{"B1_vs_A1":1.0,"B1_vs_A2":1.0,"B1_vs_A3":0.16666666666666666,"B2_vs_A1":1.0,"B2_vs_A2":1.0,"B2_vs_A3":0.5,"B3_vs_A1":1.0,"B3_vs_A2":1.0,"B3_vs_A3":0.5,"B4_vs_A1":1.0,"B4_vs_A2":0.5,"B4_vs_A3":0.0,"B5_vs_A1":1.0,"B5_vs_A2":1.0,"B5_vs_A3":0.5,"B6_vs_A1":1.0,"B6_vs_A2":1.0,"B6_vs_A3":0.5,"B7_vs_A1":1.0,"B7_vs_A2":0.5,"B7_vs_A3":0.0,"B8_vs_A1":1.0,"B8_vs_A2":1.0,"B8_vs_A3":0.2692307692307692,"B9_vs_A1":1.0,"B9_vs_A2":1.0,"B9_vs_A3":0.5},"repair_runtimes_ms":{"A1":242,"A2":803,"A3":467,"B1":750,"B2":8012,"B3":5533,"B4":110,"B5":7488,"B6":5362,"B7":188,"B8":10268,"B9":5270}}

--- stderr ---
SingleTrialExperiment starting: ontology=/workspaces/ontologyutils-ekaw26/repair-power-index-replication-ekaw26/ontologies/inconsistent/HDS.owl, seed=1022451, run_id=20260624134028346645
Loaded ontology.
Normalizing ontology with SROIQ normalization...
Normalized ontology with SROIQ normalization.
Ontology is already inconsistent, skipping make-inconsistent step.
Repairing with A1 (random-removal)...
[2026-06-26 00:09:51.408] Checking precondition...
[2026-06-26 00:09:51.423] Starting the repair...
[2026-06-26 00:09:51.433] Found 91 possible bad axioms.
[2026-06-26 00:09:51.435] Selected the bad axiom SubClassOf(ObjectAllValuesFrom(involved ObjectUnionOf(Victim ObjectUnionOf(Trafficker ObjectUnionOf(Organisation Perpetrator)))) ObjectAllValuesFrom(affected ObjectUnionOf(Organisation Victim))).
[2026-06-26 00:09:51.443] Found 90 possible bad axioms.
[2026-06-26 00:09:51.443] Selected the bad axiom SubClassOf(ObjectAllValuesFrom(location Location) ObjectAllValuesFrom(isPerpetratorOf Incident)).
[2026-06-26 00:09:51.448] Found 89 possible bad axioms.
[2026-06-26 00:09:51.449] Selected the bad axiom SubClassOf(owl:Thing ObjectAllValuesFrom(affiliation Organisation)).
[2026-06-26 00:09:51.458] Found 88 possible bad axioms.
[2026-06-26 00:09:51.458] Selected the bad axiom SubClassOf(Location Victim).
[2026-06-26 00:09:51.463] Found 87 possible bad axioms.
[2026-06-26 00:09:51.463] Selected the bad axiom SubClassOf(ObjectSomeValuesFrom(location owl:Thing) ObjectUnionOf(owl:Nothing ObjectUnionOf(Incident ObjectUnionOf(Event ObjectUnionOf(Destination owl:Nothing))))).
[2026-06-26 00:09:51.468] Found 86 possible bad axioms.
[2026-06-26 00:09:51.468] Selected the bad axiom SubClassOf(ObjectAllValuesFrom(isPerpetratorOf ObjectUnionOf(Event Incident)) ObjectAllValuesFrom(isVictimOf ObjectUnionOf(Event Incident))).
[2026-06-26 00:09:51.472] Found 85 possible bad axioms.
[2026-06-26 00:09:51.472] Selected the bad axiom SubClassOf(ObjectSomeValuesFrom(involved owl:Thing) ObjectSomeValuesFrom(affected owl:Thing)).
[2026-06-26 00:09:51.477] Found 84 possible bad axioms.
[2026-06-26 00:09:51.477] Selected the bad axiom SubClassOf(ObjectSomeValuesFrom(affiliation owl:Thing) ObjectSomeValuesFrom(isVictimOf owl:Thing)).
[2026-06-26 00:09:51.480] Found 83 possible bad axioms.
[2026-06-26 00:09:51.480] Selected the bad axiom SubClassOf(ObjectAllValuesFrom(affiliation Organisation) ObjectAllValuesFrom(involved ObjectUnionOf(Trafficker Victim))).
[2026-06-26 00:09:51.484] Found 82 possible bad axioms.
[2026-06-26 00:09:51.484] Selected the bad axiom SubClassOf(ObjectSomeValuesFrom(location ObjectAllValuesFrom(location Location)) ObjectUnionOf(owl:Nothing ObjectUnionOf(Incident ObjectUnionOf(Event ObjectUnionOf(Camp Destination))))).
[2026-06-26 00:09:51.487] Found 81 possible bad axioms.
[2026-06-26 00:09:51.487] Selected the bad axiom SubClassOf(owl:Thing ObjectAllValuesFrom(isVictimOf ObjectUnionOf(Event Incident))).
[2026-06-26 00:09:51.495] Found 80 possible bad axiom
...[truncated]
SUCCESS: attempt=73 seed=1022451 success_count=32/100
progress: ontology=HDS attempt=73 success=32/100
----- HDS attempt=74 seed=1036651 at 2026-06-26 00:10:36 -----
--- stdout ---
{"seed":1036651,"run_id":"20260624134028346645","trial_status":"time_limit_exceeded","error_type":"timeout","failure_stage":"B4","error_message":"Repair timeout: B4 exceeded 300 seconds","iic_values":{},"repair_runtimes_ms":{"A1":210,"A2":836,"A3":1015,"B1":357,"B2":10667,"B3":5675,"B4":300267}}

--- stderr ---
SingleTrialExperiment starting: ontology=/workspaces/ontologyutils-ekaw26/repair-power-index-replication-ekaw26/ontologies/inconsistent/HDS.owl, seed=1036651, run_id=20260624134028346645
Loaded ontology.
Normalizing ontology with SROIQ normalization...
Normalized ontology with SROIQ normalization.
Ontology is already inconsistent, skipping make-inconsistent step.
Repairing with A1 (random-removal)...
[2026-06-26 00:10:36.419] Checking precondition...
[2026-06-26 00:10:36.435] Starting the repair...
[2026-06-26 00:10:36.445] Found 91 possible bad axioms.
[2026-06-26 00:10:36.446] Selected the bad axiom SubClassOf(owl:Thing ObjectAllValuesFrom(involved ObjectUnionOf(Victim ObjectUnionOf(Trafficker ObjectUnionOf(Perpetrator owl:Nothing))))).
[2026-06-26 00:10:36.453] Found 90 possible bad axioms.
[2026-06-26 00:10:36.453] Selected the bad axiom SubClassOf(ObjectSomeValuesFrom(affiliation owl:Thing) ObjectUnionOf(Perpetrator ObjectSomeValuesFrom(isVictimOf owl:Thing))).
[2026-06-26 00:10:36.458] Found 89 possible bad axioms.
[2026-06-26 00:10:36.458] Selected the bad axiom SubClassOf(ObjectSomeValuesFrom(involved ObjectAllValuesFrom(isVictimOf ObjectUnionOf(Event Incident))) ObjectUnionOf(Event Incident)).
[2026-06-26 00:10:36.464] Found 88 possible bad axioms.
[2026-06-26 00:10:36.464] Selected the bad axiom SubClassOf(owl:Thing ObjectAllValuesFrom(responseBy Organisation)).
[2026-06-26 00:10:36.473] Found 87 possible bad axioms.
[2026-06-26 00:10:36.474] Selected the bad axiom SubClassOf(ObjectSomeValuesFrom(location ObjectAllValuesFrom(location owl:Thing)) ObjectUnionOf(owl:Nothing ObjectUnionOf(Event Incident))).
[2026-06-26 00:10:36.478] Found 86 possible bad axioms.
[2026-06-26 00:10:36.478] Selected the bad axiom SubClassOf(ObjectAllValuesFrom(affiliation Organisation) ObjectAllValuesFrom(involved ObjectUnionOf(Trafficker Victim))).
[2026-06-26 00:10:36.482] Found 85 possible bad axioms.
[2026-06-26 00:10:36.482] Selected the bad axiom SubClassOf(ObjectSomeValuesFrom(isPerpetratorOf ObjectAllValuesFrom(affected ObjectUnionOf(Organisation Victim))) Perpetrator).
[2026-06-26 00:10:36.486] Found 84 possible bad axioms.
[2026-06-26 00:10:36.486] Selected the bad axiom SubClassOf(ObjectAllValuesFrom(affiliation Organisation) ObjectAllValuesFrom(affected ObjectUnionOf(Organisation Victim))).
[2026-06-26 00:10:36.490] Found 83 possible bad axioms.
[2026-06-26 00:10:36.490] Selected the bad axiom SubClassOf(ObjectSomeValuesFrom(affiliation owl:Thing) Victim).
[2026-06-26 00:10:36.494] Found 82 possible bad axioms.
[2026-06-26 00:10:36.494] Selected the bad axiom SubClassOf(ObjectAllValuesFrom(involved ObjectUnionOf(Victim ObjectUnionOf(Trafficker ObjectUnionOf(Organisation Perpetrator)))) ObjectAllValuesFrom(isPerpetratorOf Incident)).
[2026-06-26 00:10:36.497] Found 81 possible bad axioms.
[2026-06-26 00:10:36.497] Selected the bad axiom SubClassOf(ObjectSomeValuesFrom(involved owl:Thing) ObjectSomeValuesFrom(affected owl:Thing)).
[2026-06-26 00:10:3
...[truncated]
FAIL: attempt=74 seed=1036651 status=time_limit_exceeded stage=B4 message=Repair timeout: B4 exceeded 300 seconds
progress: ontology=HDS attempt=74 success=32/100
----- HDS attempt=75 seed=1050851 at 2026-06-26 00:15:55 -----
--- stdout ---
{"seed":1050851,"run_id":"20260624134028346645","trial_status":"time_limit_exceeded","error_type":"timeout","failure_stage":"B4","error_message":"Repair timeout: B4 exceeded 300 seconds","iic_values":{},"repair_runtimes_ms":{"A1":210,"A2":838,"A3":3318,"B1":1527,"B2":10589,"B3":5595,"B4":300056}}

--- stderr ---
SingleTrialExperiment starting: ontology=/workspaces/ontologyutils-ekaw26/repair-power-index-replication-ekaw26/ontologies/inconsistent/HDS.owl, seed=1050851, run_id=20260624134028346645
Loaded ontology.
Normalizing ontology with SROIQ normalization...
Normalized ontology with SROIQ normalization.
Ontology is already inconsistent, skipping make-inconsistent step.
Repairing with A1 (random-removal)...
[2026-06-26 00:15:55.906] Checking precondition...
[2026-06-26 00:15:55.921] Starting the repair...
[2026-06-26 00:15:55.931] Found 91 possible bad axioms.
[2026-06-26 00:15:55.933] Selected the bad axiom SubClassOf(ObjectSomeValuesFrom(responseBy owl:Thing) ObjectUnionOf(Event Incident)).
[2026-06-26 00:15:55.940] Found 90 possible bad axioms.
[2026-06-26 00:15:55.940] Selected the bad axiom SubClassOf(owl:Thing ObjectAllValuesFrom(isPerpetratorOf ObjectUnionOf(Event Incident))).
[2026-06-26 00:15:55.945] Found 89 possible bad axioms.
[2026-06-26 00:15:55.946] Selected the bad axiom SubClassOf(ObjectAllValuesFrom(isVictimOf ObjectUnionOf(Event Incident)) ObjectAllValuesFrom(isPerpetratorOf ObjectUnionOf(Event Incident))).
[2026-06-26 00:15:55.951] Found 88 possible bad axioms.
[2026-06-26 00:15:55.951] Selected the bad axiom SubClassOf(ObjectSomeValuesFrom(location ObjectAllValuesFrom(involved ObjectUnionOf(Victim ObjectUnionOf(Trafficker ObjectUnionOf(Organisation Perpetrator))))) ObjectUnionOf(Organisation ObjectUnionOf(Incident ObjectUnionOf(Camp Event)))).
[2026-06-26 00:15:55.961] Found 87 possible bad axioms.
[2026-06-26 00:15:55.961] Selected the bad axiom SubClassOf(ObjectSomeValuesFrom(isVictimOf ObjectAllValuesFrom(location ObjectAllValuesFrom(responseBy Organisation))) Victim).
[2026-06-26 00:15:55.966] Found 86 possible bad axioms.
[2026-06-26 00:15:55.966] Selected the bad axiom SubClassOf(ObjectSomeValuesFrom(isVictimOf ObjectAllValuesFrom(responseBy Organisation)) Victim).
[2026-06-26 00:15:55.970] Found 85 possible bad axioms.
[2026-06-26 00:15:55.970] Selected the bad axiom SubClassOf(owl:Thing ObjectAllValuesFrom(involved ObjectUnionOf(Victim ObjectUnionOf(Trafficker ObjectUnionOf(Organisation ObjectSomeValuesFrom(isPerpetratorOf owl:Thing)))))).
[2026-06-26 00:15:55.973] Found 84 possible bad axioms.
[2026-06-26 00:15:55.974] Selected the bad axiom SubClassOf(ObjectSomeValuesFrom(affiliation ObjectAllValuesFrom(responseBy Organisation)) ObjectUnionOf(Perpetrator ObjectSomeValuesFrom(isVictimOf owl:Thing))).
[2026-06-26 00:15:55.977] Found 83 possible bad axioms.
[2026-06-26 00:15:55.977] Selected the bad axiom SubClassOf(owl:Thing ObjectUnionOf(Perpetrator Victim)).
[2026-06-26 00:15:55.981] Found 82 possible bad axioms.
[2026-06-26 00:15:55.981] Selected the bad axiom SubClassOf(ObjectSomeValuesFrom(affiliation owl:Thing) Victim).
[2026-06-26 00:15:55.984] Found 81 possible bad axioms.
[2026-06-26 00:15:55.985] Selected the bad axiom SubClassOf(ObjectSomeValuesFrom(affiliation owl:Thing) ObjectUnionOf(Perpetrator ObjectSomeValues
...[truncated]
FAIL: attempt=75 seed=1050851 status=time_limit_exceeded stage=B4 message=Repair timeout: B4 exceeded 300 seconds
progress: ontology=HDS attempt=75 success=32/100
----- HDS attempt=76 seed=1065051 at 2026-06-26 00:21:18 -----
--- stdout ---
{"seed":1065051,"run_id":"20260624134028346645","trial_status":"time_limit_exceeded","error_type":"timeout","failure_stage":"B7","error_message":"Repair timeout: B7 exceeded 300 seconds","iic_values":{},"repair_runtimes_ms":{"A1":177,"A2":851,"A3":1089,"B1":360,"B2":10662,"B3":5544,"B4":111,"B5":7122,"B6":5304,"B7":300003}}

--- stderr ---
SingleTrialExperiment starting: ontology=/workspaces/ontologyutils-ekaw26/repair-power-index-replication-ekaw26/ontologies/inconsistent/HDS.owl, seed=1065051, run_id=20260624134028346645
Loaded ontology.
Normalizing ontology with SROIQ normalization...
Normalized ontology with SROIQ normalization.
Ontology is already inconsistent, skipping make-inconsistent step.
Repairing with A1 (random-removal)...
[2026-06-26 00:21:18.532] Checking precondition...
[2026-06-26 00:21:18.547] Starting the repair...
[2026-06-26 00:21:18.555] Found 91 possible bad axioms.
[2026-06-26 00:21:18.557] Selected the bad axiom SubClassOf(ObjectSomeValuesFrom(isPerpetratorOf ObjectAllValuesFrom(affiliation Organisation)) Perpetrator).
[2026-06-26 00:21:18.564] Found 90 possible bad axioms.
[2026-06-26 00:21:18.564] Selected the bad axiom SubClassOf(ObjectSomeValuesFrom(affiliation owl:Thing) Perpetrator).
[2026-06-26 00:21:18.570] Found 89 possible bad axioms.
[2026-06-26 00:21:18.570] Selected the bad axiom SubClassOf(ObjectSomeValuesFrom(location owl:Thing) ObjectUnionOf(Organisation ObjectUnionOf(Incident ObjectUnionOf(Event ObjectUnionOf(Camp Destination))))).
[2026-06-26 00:21:18.580] Found 88 possible bad axioms.
[2026-06-26 00:21:18.580] Selected the bad axiom SubClassOf(ObjectSomeValuesFrom(isVictimOf ObjectAllValuesFrom(responseBy Organisation)) Victim).
[2026-06-26 00:21:18.586] Found 87 possible bad axioms.
[2026-06-26 00:21:18.586] Selected the bad axiom SubClassOf(ObjectSomeValuesFrom(involved owl:Thing) ObjectSomeValuesFrom(affected owl:Thing)).
[2026-06-26 00:21:18.590] Found 86 possible bad axioms.
[2026-06-26 00:21:18.591] Selected the bad axiom SubClassOf(ObjectSomeValuesFrom(involved ObjectAllValuesFrom(isVictimOf ObjectUnionOf(Event Incident))) ObjectUnionOf(Event Incident)).
[2026-06-26 00:21:18.595] Found 85 possible bad axioms.
[2026-06-26 00:21:18.596] Selected the bad axiom SubClassOf(ObjectAllValuesFrom(involved ObjectUnionOf(Victim ObjectUnionOf(Trafficker ObjectUnionOf(Perpetrator ObjectUnionOf(Organisation Perpetrator))))) ObjectAllValuesFrom(affected ObjectUnionOf(Organisation Victim))).
[2026-06-26 00:21:18.599] Found 84 possible bad axioms.
[2026-06-26 00:21:18.600] Selected the bad axiom SubClassOf(ObjectSomeValuesFrom(location ObjectAllValuesFrom(location Location)) ObjectUnionOf(owl:Nothing ObjectUnionOf(Incident ObjectUnionOf(Destination Event)))).
[2026-06-26 00:21:18.603] Found 83 possible bad axioms.
[2026-06-26 00:21:18.603] Selected the bad axiom SubClassOf(owl:Thing ObjectAllValuesFrom(involved ObjectUnionOf(Victim ObjectUnionOf(Trafficker ObjectUnionOf(Organisation Perpetrator))))).
[2026-06-26 00:21:18.607] Found 82 possible bad axioms.
[2026-06-26 00:21:18.607] Selected the bad axiom SubClassOf(ObjectUnionOf(Victim ObjectUnionOf(Trafficker ObjectUnionOf(Organisation Perpetrator))) ObjectAllValuesFrom(affected ObjectUnionOf(Organisation Victim))).
[2026-06-26 00:21:18.611] Found 81 possible bad axioms.
[2026-06-26 00:21:18.611] S
...[truncated]
FAIL: attempt=76 seed=1065051 status=time_limit_exceeded stage=B7 message=Repair timeout: B7 exceeded 300 seconds
progress: ontology=HDS attempt=76 success=32/100
----- HDS attempt=77 seed=1079251 at 2026-06-26 00:26:49 -----
--- stdout ---
{"seed":1079251,"run_id":"20260624134028346645","trial_status":"time_limit_exceeded","error_type":"timeout","failure_stage":"B4","error_message":"Repair timeout: B4 exceeded 300 seconds","iic_values":{},"repair_runtimes_ms":{"A1":187,"A2":842,"A3":1062,"B1":344,"B2":10446,"B3":8537,"B4":300000}}

--- stderr ---
SingleTrialExperiment starting: ontology=/workspaces/ontologyutils-ekaw26/repair-power-index-replication-ekaw26/ontologies/inconsistent/HDS.owl, seed=1079251, run_id=20260624134028346645
Loaded ontology.
Normalizing ontology with SROIQ normalization...
Normalized ontology with SROIQ normalization.
Ontology is already inconsistent, skipping make-inconsistent step.
Repairing with A1 (random-removal)...
[2026-06-26 00:26:50.238] Checking precondition...
[2026-06-26 00:26:50.252] Starting the repair...
[2026-06-26 00:26:50.260] Found 91 possible bad axioms.
[2026-06-26 00:26:50.262] Selected the bad axiom SubClassOf(ObjectSomeValuesFrom(location ObjectAllValuesFrom(involved ObjectUnionOf(Victim ObjectUnionOf(Trafficker ObjectUnionOf(Organisation Perpetrator))))) ObjectUnionOf(owl:Nothing ObjectUnionOf(Incident ObjectUnionOf(Event ObjectUnionOf(Camp Destination))))).
[2026-06-26 00:26:50.270] Found 90 possible bad axioms.
[2026-06-26 00:26:50.270] Selected the bad axiom SubClassOf(owl:Thing ObjectAllValuesFrom(involved ObjectUnionOf(Trafficker Victim))).
[2026-06-26 00:26:50.276] Found 89 possible bad axioms.
[2026-06-26 00:26:50.276] Selected the bad axiom SubClassOf(ObjectAllValuesFrom(location Location) ObjectAllValuesFrom(location owl:Nothing)).
[2026-06-26 00:26:50.282] Found 88 possible bad axioms.
[2026-06-26 00:26:50.282] Selected the bad axiom SubClassOf(ObjectAllValuesFrom(isPerpetratorOf ObjectUnionOf(Event Incident)) ObjectAllValuesFrom(affected ObjectUnionOf(Organisation Victim))).
[2026-06-26 00:26:50.292] Found 87 possible bad axioms.
[2026-06-26 00:26:50.292] Selected the bad axiom SubClassOf(ObjectAllValuesFrom(involved ObjectUnionOf(Victim ObjectUnionOf(Trafficker ObjectUnionOf(Perpetrator ObjectUnionOf(Organisation Perpetrator))))) ObjectAllValuesFrom(affected ObjectUnionOf(Organisation Victim))).
[2026-06-26 00:26:50.296] Found 86 possible bad axioms.
[2026-06-26 00:26:50.297] Selected the bad axiom SubClassOf(ObjectSomeValuesFrom(affiliation ObjectAllValuesFrom(location Location)) ObjectUnionOf(Perpetrator Victim)).
[2026-06-26 00:26:50.300] Found 85 possible bad axioms.
[2026-06-26 00:26:50.300] Selected the bad axiom SubClassOf(ObjectSomeValuesFrom(isPerpetratorOf ObjectAllValuesFrom(affiliation Organisation)) Perpetrator).
[2026-06-26 00:26:50.304] Found 84 possible bad axioms.
[2026-06-26 00:26:50.305] Selected the bad axiom SubClassOf(owl:Thing ObjectUnionOf(Perpetrator Victim)).
[2026-06-26 00:26:50.308] Found 83 possible bad axioms.
[2026-06-26 00:26:50.308] Selected the bad axiom SubClassOf(ObjectSomeValuesFrom(responseBy ObjectAllValuesFrom(responseBy Organisation)) Incident).
[2026-06-26 00:26:50.312] Found 82 possible bad axioms.
[2026-06-26 00:26:50.312] Selected the bad axiom SubClassOf(ObjectSomeValuesFrom(affiliation owl:Thing) Victim).
[2026-06-26 00:26:50.315] Found 81 possible bad axioms.
[2026-06-26 00:26:50.315] Selected the bad axiom SubClassOf(ObjectAllValuesFrom(involved ObjectUnionOf(Victim ObjectUnionOf(Tr
...[truncated]
FAIL: attempt=77 seed=1079251 status=time_limit_exceeded stage=B4 message=Repair timeout: B4 exceeded 300 seconds
progress: ontology=HDS attempt=77 success=32/100
----- HDS attempt=78 seed=1093451 at 2026-06-26 00:32:11 -----
--- stdout ---
{"seed":1093451,"run_id":"20260624134028346645","trial_status":"time_limit_exceeded","error_type":"timeout","failure_stage":"B4","error_message":"Repair timeout: B4 exceeded 300 seconds","iic_values":{},"repair_runtimes_ms":{"A1":141,"A2":875,"A3":2759,"B1":659,"B2":8017,"B3":5588,"B4":300685}}

--- stderr ---
SingleTrialExperiment starting: ontology=/workspaces/ontologyutils-ekaw26/repair-power-index-replication-ekaw26/ontologies/inconsistent/HDS.owl, seed=1093451, run_id=20260624134028346645
Loaded ontology.
Normalizing ontology with SROIQ normalization...
Normalized ontology with SROIQ normalization.
Ontology is already inconsistent, skipping make-inconsistent step.
Repairing with A1 (random-removal)...
[2026-06-26 00:32:12.143] Checking precondition...
[2026-06-26 00:32:12.161] Starting the repair...
[2026-06-26 00:32:12.171] Found 91 possible bad axioms.
[2026-06-26 00:32:12.173] Selected the bad axiom SubClassOf(ObjectAllValuesFrom(affiliation Organisation) ObjectAllValuesFrom(affected ObjectUnionOf(Organisation Victim))).
[2026-06-26 00:32:12.180] Found 90 possible bad axioms.
[2026-06-26 00:32:12.181] Selected the bad axiom SubClassOf(owl:Thing ObjectAllValuesFrom(affiliation Organisation)).
[2026-06-26 00:32:12.186] Found 89 possible bad axioms.
[2026-06-26 00:32:12.187] Selected the bad axiom SubClassOf(ObjectSomeValuesFrom(isPerpetratorOf ObjectAllValuesFrom(affiliation ObjectUnionOf(Organisation Victim))) Perpetrator).
[2026-06-26 00:32:12.192] Found 88 possible bad axioms.
[2026-06-26 00:32:12.192] Selected the bad axiom SubClassOf(ObjectSomeValuesFrom(isPerpetratorOf ObjectAllValuesFrom(affected ObjectUnionOf(Organisation Victim))) Perpetrator).
[2026-06-26 00:32:12.201] Found 87 possible bad axioms.
[2026-06-26 00:32:12.201] Selected the bad axiom SubClassOf(owl:Thing ObjectAllValuesFrom(involved ObjectUnionOf(Victim ObjectUnionOf(Perpetrator Trafficker)))).
[2026-06-26 00:32:12.205] Found 86 possible bad axioms.
[2026-06-26 00:32:12.206] Selected the bad axiom SubClassOf(owl:Thing ObjectUnionOf(Organisation ObjectUnionOf(Incident ObjectUnionOf(owl:Nothing ObjectUnionOf(Camp Destination))))).
[2026-06-26 00:32:12.210] Found 85 possible bad axioms.
[2026-06-26 00:32:12.210] Selected the bad axiom SubClassOf(ObjectSomeValuesFrom(isVictimOf ObjectAllValuesFrom(affected ObjectUnionOf(Organisation Victim))) Victim).
[2026-06-26 00:32:12.214] Found 84 possible bad axioms.
[2026-06-26 00:32:12.214] Selected the bad axiom SubClassOf(ObjectSomeValuesFrom(affiliation owl:Thing) Victim).
[2026-06-26 00:32:12.218] Found 83 possible bad axioms.
[2026-06-26 00:32:12.218] Selected the bad axiom SubClassOf(owl:Thing ObjectAllValuesFrom(involved ObjectUnionOf(Victim ObjectUnionOf(Trafficker ObjectUnionOf(Organisation ObjectSomeValuesFrom(isPerpetratorOf owl:Thing)))))).
[2026-06-26 00:32:12.221] Found 82 possible bad axioms.
[2026-06-26 00:32:12.222] Selected the bad axiom SubClassOf(ObjectSomeValuesFrom(location ObjectAllValuesFrom(location Location)) ObjectUnionOf(owl:Nothing ObjectUnionOf(Incident ObjectUnionOf(Destination Event)))).
[2026-06-26 00:32:12.225] Found 81 possible bad axioms.
[2026-06-26 00:32:12.225] Selected the bad axiom SubClassOf(ObjectSomeValuesFrom(location ObjectAllValuesFrom(isPerpetratorOf ObjectUnionOf(Event Incident))) ObjectU
...[truncated]
FAIL: attempt=78 seed=1093451 status=time_limit_exceeded stage=B4 message=Repair timeout: B4 exceeded 300 seconds
progress: ontology=HDS attempt=78 success=32/100
----- HDS attempt=79 seed=1107651 at 2026-06-26 00:37:30 -----
--- stdout ---
{"seed":1107651,"run_id":"20260624134028346645","trial_status":"time_limit_exceeded","error_type":"timeout","failure_stage":"B4","error_message":"Repair timeout: B4 exceeded 300 seconds","iic_values":{},"repair_runtimes_ms":{"A1":82,"A2":927,"A3":765,"B1":612,"B2":8103,"B3":8294,"B4":300254}}

--- stderr ---
SingleTrialExperiment starting: ontology=/workspaces/ontologyutils-ekaw26/repair-power-index-replication-ekaw26/ontologies/inconsistent/HDS.owl, seed=1107651, run_id=20260624134028346645
Loaded ontology.
Normalizing ontology with SROIQ normalization...
Normalized ontology with SROIQ normalization.
Ontology is already inconsistent, skipping make-inconsistent step.
Repairing with A1 (random-removal)...
[2026-06-26 00:37:31.341] Checking precondition...
[2026-06-26 00:37:31.357] Starting the repair...
[2026-06-26 00:37:31.366] Found 91 possible bad axioms.
[2026-06-26 00:37:31.368] Selected the bad axiom SubClassOf(ObjectSomeValuesFrom(location owl:Thing) ObjectUnionOf(owl:Nothing ObjectUnionOf(Incident ObjectUnionOf(Event ObjectUnionOf(Destination owl:Nothing))))).
[2026-06-26 00:37:31.374] Found 90 possible bad axioms.
[2026-06-26 00:37:31.375] Selected the bad axiom SubClassOf(owl:Thing ObjectAllValuesFrom(involved ObjectUnionOf(Victim ObjectUnionOf(Trafficker ObjectUnionOf(Organisation Perpetrator))))).
[2026-06-26 00:37:31.380] Found 89 possible bad axioms.
[2026-06-26 00:37:31.380] Selected the bad axiom SubClassOf(ObjectSomeValuesFrom(affiliation owl:Thing) ObjectUnionOf(Perpetrator Victim)).
[2026-06-26 00:37:31.385] Found 88 possible bad axioms.
[2026-06-26 00:37:31.385] Selected the bad axiom SubClassOf(ObjectAllValuesFrom(isVictimOf ObjectUnionOf(Event Incident)) ObjectAllValuesFrom(location Location)).
[2026-06-26 00:37:31.395] Found 87 possible bad axioms.
[2026-06-26 00:37:31.395] Selected the bad axiom SubClassOf(ObjectSomeValuesFrom(affiliation ObjectAllValuesFrom(location Location)) ObjectUnionOf(Perpetrator Victim)).
[2026-06-26 00:37:31.401] Found 86 possible bad axioms.
[2026-06-26 00:37:31.401] Selected the bad axiom SubClassOf(ObjectSomeValuesFrom(responseBy ObjectAllValuesFrom(isPerpetratorOf ObjectUnionOf(Event Incident))) Incident).
[2026-06-26 00:37:31.405] Found 85 possible bad axioms.
[2026-06-26 00:37:31.405] Selected the bad axiom SubClassOf(ObjectAllValuesFrom(location Location) ObjectAllValuesFrom(isPerpetratorOf Incident)).
[2026-06-26 00:37:31.409] Found 84 possible bad axioms.
[2026-06-26 00:37:31.409] Selected the bad axiom SubClassOf(ObjectSomeValuesFrom(isVictimOf owl:Thing) Victim).
[2026-06-26 00:37:31.412] Found 83 possible bad axioms.
[2026-06-26 00:37:31.413] Selected the bad axiom SubClassOf(ObjectSomeValuesFrom(location ObjectAllValuesFrom(location Location)) ObjectUnionOf(owl:Nothing ObjectUnionOf(Incident ObjectUnionOf(Event ObjectUnionOf(Camp Destination))))).
[2026-06-26 00:37:31.416] Found 82 possible bad axioms.
[2026-06-26 00:37:31.416] Selected the bad axiom SubClassOf(owl:Thing ObjectSomeValuesFrom(location owl:Thing)).
[2026-06-26 00:37:31.419] Finished repairing the ontology.
Repairing with A2 (not-in-largest-mcs-removal)...
[2026-06-26 00:37:31.420] Checking precondition...
[2026-06-26 00:37:31.433] Starting the repair...
[2026-06-26 00:37:32.345] Found 1 possible bad axioms.
[2026-06-26 00:37
...[truncated]
FAIL: attempt=79 seed=1107651 status=time_limit_exceeded stage=B4 message=Repair timeout: B4 exceeded 300 seconds
progress: ontology=HDS attempt=79 success=32/100
----- HDS attempt=80 seed=1121851 at 2026-06-26 00:42:50 -----
--- stdout ---
{"seed":1121851,"run_id":"20260624134028346645","trial_status":"success","error_type":null,"failure_stage":null,"error_message":null,"iic_values":{"B1_vs_A1":1.0,"B1_vs_A2":1.0,"B1_vs_A3":1.0,"B2_vs_A1":1.0,"B2_vs_A2":1.0,"B2_vs_A3":1.0,"B3_vs_A1":1.0,"B3_vs_A2":1.0,"B3_vs_A3":1.0,"B4_vs_A1":0.5,"B4_vs_A2":0.5,"B4_vs_A3":0.5,"B5_vs_A1":1.0,"B5_vs_A2":1.0,"B5_vs_A3":1.0,"B6_vs_A1":1.0,"B6_vs_A2":1.0,"B6_vs_A3":1.0,"B7_vs_A1":1.0,"B7_vs_A2":1.0,"B7_vs_A3":1.0,"B8_vs_A1":1.0,"B8_vs_A2":1.0,"B8_vs_A3":1.0,"B9_vs_A1":1.0,"B9_vs_A2":1.0,"B9_vs_A3":1.0},"repair_runtimes_ms":{"A1":120,"A2":887,"A3":491,"B1":414,"B2":8034,"B3":10022,"B4":123,"B5":7405,"B6":5144,"B7":218,"B8":7164,"B9":5595}}

--- stderr ---
SingleTrialExperiment starting: ontology=/workspaces/ontologyutils-ekaw26/repair-power-index-replication-ekaw26/ontologies/inconsistent/HDS.owl, seed=1121851, run_id=20260624134028346645
Loaded ontology.
Normalizing ontology with SROIQ normalization...
Normalized ontology with SROIQ normalization.
Ontology is already inconsistent, skipping make-inconsistent step.
Repairing with A1 (random-removal)...
[2026-06-26 00:42:50.834] Checking precondition...
[2026-06-26 00:42:50.850] Starting the repair...
[2026-06-26 00:42:50.860] Found 91 possible bad axioms.
[2026-06-26 00:42:50.861] Selected the bad axiom SubClassOf(owl:Thing ObjectAllValuesFrom(responseBy Organisation)).
[2026-06-26 00:42:50.869] Found 90 possible bad axioms.
[2026-06-26 00:42:50.870] Selected the bad axiom SubClassOf(ObjectSomeValuesFrom(isVictimOf ObjectAllValuesFrom(affected ObjectUnionOf(Organisation Victim))) Victim).
[2026-06-26 00:42:50.875] Found 89 possible bad axioms.
[2026-06-26 00:42:50.875] Selected the bad axiom SubClassOf(ObjectSomeValuesFrom(responseBy ObjectAllValuesFrom(isPerpetratorOf ObjectUnionOf(Event Incident))) Incident).
[2026-06-26 00:42:50.880] Found 88 possible bad axioms.
[2026-06-26 00:42:50.880] Selected the bad axiom SubClassOf(ObjectUnionOf(Victim ObjectUnionOf(Trafficker ObjectUnionOf(Organisation Perpetrator))) ObjectAllValuesFrom(affected ObjectUnionOf(Organisation Victim))).
[2026-06-26 00:42:50.890] Found 87 possible bad axioms.
[2026-06-26 00:42:50.890] Selected the bad axiom SubClassOf(ObjectSomeValuesFrom(involved owl:Thing) ObjectSomeValuesFrom(affected owl:Thing)).
[2026-06-26 00:42:50.894] Found 86 possible bad axioms.
[2026-06-26 00:42:50.895] Selected the bad axiom SubClassOf(owl:Thing ObjectAllValuesFrom(involved ObjectUnionOf(Victim ObjectUnionOf(Trafficker ObjectUnionOf(Perpetrator owl:Nothing))))).
[2026-06-26 00:42:50.898] Found 85 possible bad axioms.
[2026-06-26 00:42:50.898] Selected the bad axiom SubClassOf(ObjectSomeValuesFrom(affiliation ObjectAllValuesFrom(location Location)) ObjectUnionOf(Perpetrator Victim)).
[2026-06-26 00:42:50.902] Found 84 possible bad axioms.
[2026-06-26 00:42:50.902] Selected the bad axiom SubClassOf(owl:Thing ObjectAllValuesFrom(involved ObjectUnionOf(Trafficker ObjectSomeValuesFrom(isVictimOf owl:Thing)))).
[2026-06-26 00:42:50.906] Found 83 possible bad axioms.
[2026-06-26 00:42:50.906] Selected the bad axiom SubClassOf(owl:Thing ObjectUnionOf(Organisation ObjectUnionOf(Incident ObjectUnionOf(Event ObjectUnionOf(Camp Destination))))).
[2026-06-26 00:42:50.910] Found 82 possible bad axioms.
[2026-06-26 00:42:50.910] Selected the bad axiom SubClassOf(owl:Thing Victim).
[2026-06-26 00:42:50.914] Found 81 possible bad axioms.
[2026-06-26 00:42:50.914] Selected the bad axiom SubClassOf(ObjectSomeValuesFrom(isPerpetratorOf owl:Thing) Perpetrator).
[2026-06-26 00:42:50.922] Found 80 possible bad axioms.
[2026-06-26 00:42:50.923] Selected the bad axiom SubClassOf(owl:Thing ObjectAllValuesFrom(isVictimOf Ob
...[truncated]
SUCCESS: attempt=80 seed=1121851 success_count=33/100
progress: ontology=HDS attempt=80 success=33/100
----- HDS attempt=81 seed=1136051 at 2026-06-26 00:43:36 -----
--- stdout ---
{"seed":1136051,"run_id":"20260624134028346645","trial_status":"success","error_type":null,"failure_stage":null,"error_message":null,"iic_values":{"B1_vs_A1":1.0,"B1_vs_A2":1.0,"B1_vs_A3":1.0,"B2_vs_A1":1.0,"B2_vs_A2":1.0,"B2_vs_A3":1.0,"B3_vs_A1":1.0,"B3_vs_A2":1.0,"B3_vs_A3":1.0,"B4_vs_A1":0.5,"B4_vs_A2":0.5,"B4_vs_A3":0.5,"B5_vs_A1":1.0,"B5_vs_A2":1.0,"B5_vs_A3":1.0,"B6_vs_A1":1.0,"B6_vs_A2":1.0,"B6_vs_A3":1.0,"B7_vs_A1":0.5,"B7_vs_A2":0.5,"B7_vs_A3":0.5,"B8_vs_A1":1.0,"B8_vs_A2":1.0,"B8_vs_A3":1.0,"B9_vs_A1":1.0,"B9_vs_A2":1.0,"B9_vs_A3":1.0},"repair_runtimes_ms":{"A1":260,"A2":823,"A3":3387,"B1":637,"B2":10371,"B3":5541,"B4":182,"B5":7441,"B6":5462,"B7":138,"B8":7274,"B9":8827}}

--- stderr ---
SingleTrialExperiment starting: ontology=/workspaces/ontologyutils-ekaw26/repair-power-index-replication-ekaw26/ontologies/inconsistent/HDS.owl, seed=1136051, run_id=20260624134028346645
Loaded ontology.
Normalizing ontology with SROIQ normalization...
Normalized ontology with SROIQ normalization.
Ontology is already inconsistent, skipping make-inconsistent step.
Repairing with A1 (random-removal)...
[2026-06-26 00:43:37.019] Checking precondition...
[2026-06-26 00:43:37.034] Starting the repair...
[2026-06-26 00:43:37.043] Found 91 possible bad axioms.
[2026-06-26 00:43:37.044] Selected the bad axiom SubClassOf(ObjectAllValuesFrom(isVictimOf ObjectUnionOf(Event Incident)) ObjectAllValuesFrom(isPerpetratorOf ObjectUnionOf(Event Incident))).
[2026-06-26 00:43:37.052] Found 90 possible bad axioms.
[2026-06-26 00:43:37.052] Selected the bad axiom SubClassOf(ObjectSomeValuesFrom(involved owl:Thing) ObjectUnionOf(Event Incident)).
[2026-06-26 00:43:37.058] Found 89 possible bad axioms.
[2026-06-26 00:43:37.058] Selected the bad axiom SubClassOf(owl:Thing ObjectUnionOf(Perpetrator Victim)).
[2026-06-26 00:43:37.064] Found 88 possible bad axioms.
[2026-06-26 00:43:37.064] Selected the bad axiom SubClassOf(ObjectSomeValuesFrom(location ObjectAllValuesFrom(location Location)) ObjectUnionOf(owl:Nothing ObjectUnionOf(Incident ObjectUnionOf(Event ObjectUnionOf(Camp Destination))))).
[2026-06-26 00:43:37.074] Found 87 possible bad axioms.
[2026-06-26 00:43:37.074] Selected the bad axiom SubClassOf(ObjectSomeValuesFrom(affiliation owl:Thing) ObjectSomeValuesFrom(isVictimOf owl:Thing)).
[2026-06-26 00:43:37.079] Found 86 possible bad axioms.
[2026-06-26 00:43:37.079] Selected the bad axiom SubClassOf(ObjectSomeValuesFrom(location owl:Thing) ObjectUnionOf(Organisation ObjectUnionOf(Incident ObjectUnionOf(Event ObjectUnionOf(Camp Destination))))).
[2026-06-26 00:43:37.082] Found 85 possible bad axioms.
[2026-06-26 00:43:37.083] Selected the bad axiom SubClassOf(ObjectSomeValuesFrom(isPerpetratorOf ObjectAllValuesFrom(affected ObjectUnionOf(Organisation Victim))) Perpetrator).
[2026-06-26 00:43:37.088] Found 84 possible bad axioms.
[2026-06-26 00:43:37.088] Selected the bad axiom SubClassOf(ObjectSomeValuesFrom(isVictimOf ObjectAllValuesFrom(location Location)) Victim).
[2026-06-26 00:43:37.092] Found 83 possible bad axioms.
[2026-06-26 00:43:37.092] Selected the bad axiom SubClassOf(owl:Thing ObjectUnionOf(Organisation ObjectUnionOf(Incident ObjectUnionOf(Event ObjectUnionOf(Camp Destination))))).
[2026-06-26 00:43:37.095] Found 82 possible bad axioms.
[2026-06-26 00:43:37.096] Selected the bad axiom SubClassOf(owl:Thing ObjectAllValuesFrom(involved ObjectUnionOf(Victim ObjectUnionOf(Trafficker ObjectUnionOf(Organisation ObjectSomeValuesFrom(isPerpetratorOf owl:Thing)))))).
[2026-06-26 00:43:37.099] Found 81 possible bad axioms.
[2026-06-26 00:43:37.099] Selected the bad axiom SubClassOf(ObjectSomeValuesFrom(responseBy owl:Thing) Incident).
[2026-06-26 00:43:37.1
...[truncated]
SUCCESS: attempt=81 seed=1136051 success_count=34/100
progress: ontology=HDS attempt=81 success=34/100
----- HDS attempt=82 seed=1150251 at 2026-06-26 00:44:27 -----
--- stdout ---
{"seed":1150251,"run_id":"20260624134028346645","trial_status":"success","error_type":null,"failure_stage":null,"error_message":null,"iic_values":{"B1_vs_A1":0.5,"B1_vs_A2":0.5,"B1_vs_A3":0.5,"B2_vs_A1":1.0,"B2_vs_A2":1.0,"B2_vs_A3":1.0,"B3_vs_A1":1.0,"B3_vs_A2":1.0,"B3_vs_A3":1.0,"B4_vs_A1":0.5,"B4_vs_A2":0.5,"B4_vs_A3":0.5,"B5_vs_A1":1.0,"B5_vs_A2":1.0,"B5_vs_A3":1.0,"B6_vs_A1":1.0,"B6_vs_A2":1.0,"B6_vs_A3":1.0,"B7_vs_A1":0.5,"B7_vs_A2":0.5,"B7_vs_A3":0.5,"B8_vs_A1":1.0,"B8_vs_A2":1.0,"B8_vs_A3":1.0,"B9_vs_A1":1.0,"B9_vs_A2":1.0,"B9_vs_A3":1.0},"repair_runtimes_ms":{"A1":142,"A2":880,"A3":448,"B1":361,"B2":10578,"B3":5664,"B4":194,"B5":7402,"B6":8387,"B7":143,"B8":7637,"B9":8601}}

--- stderr ---
SingleTrialExperiment starting: ontology=/workspaces/ontologyutils-ekaw26/repair-power-index-replication-ekaw26/ontologies/inconsistent/HDS.owl, seed=1150251, run_id=20260624134028346645
Loaded ontology.
Normalizing ontology with SROIQ normalization...
Normalized ontology with SROIQ normalization.
Ontology is already inconsistent, skipping make-inconsistent step.
Repairing with A1 (random-removal)...
[2026-06-26 00:44:27.874] Checking precondition...
[2026-06-26 00:44:27.890] Starting the repair...
[2026-06-26 00:44:27.899] Found 91 possible bad axioms.
[2026-06-26 00:44:27.901] Selected the bad axiom SubClassOf(ObjectAllValuesFrom(affiliation Organisation) ObjectAllValuesFrom(involved ObjectUnionOf(Trafficker Victim))).
[2026-06-26 00:44:27.908] Found 90 possible bad axioms.
[2026-06-26 00:44:27.908] Selected the bad axiom SubClassOf(owl:Thing ObjectAllValuesFrom(affiliation Organisation)).
[2026-06-26 00:44:27.913] Found 89 possible bad axioms.
[2026-06-26 00:44:27.914] Selected the bad axiom SubClassOf(ObjectSomeValuesFrom(responseBy ObjectAllValuesFrom(responseBy Organisation)) Incident).
[2026-06-26 00:44:27.919] Found 88 possible bad axioms.
[2026-06-26 00:44:27.919] Selected the bad axiom SubClassOf(owl:Thing ObjectAllValuesFrom(isVictimOf ObjectSomeValuesFrom(involved owl:Thing))).
[2026-06-26 00:44:27.929] Found 87 possible bad axioms.
[2026-06-26 00:44:27.930] Selected the bad axiom SubClassOf(ObjectAllValuesFrom(isVictimOf ObjectUnionOf(Event Incident)) ObjectAllValuesFrom(location Location)).
[2026-06-26 00:44:27.934] Found 86 possible bad axioms.
[2026-06-26 00:44:27.935] Selected the bad axiom SubClassOf(ObjectSomeValuesFrom(isVictimOf ObjectAllValuesFrom(location Location)) Victim).
[2026-06-26 00:44:27.940] Found 85 possible bad axioms.
[2026-06-26 00:44:27.940] Selected the bad axiom SubClassOf(ObjectAllValuesFrom(isVictimOf ObjectUnionOf(Event Incident)) ObjectAllValuesFrom(isPerpetratorOf ObjectUnionOf(Event Incident))).
[2026-06-26 00:44:27.945] Found 84 possible bad axioms.
[2026-06-26 00:44:27.945] Selected the bad axiom SubClassOf(ObjectAllValuesFrom(affected ObjectUnionOf(Organisation Victim)) ObjectAllValuesFrom(location Location)).
[2026-06-26 00:44:27.950] Found 83 possible bad axioms.
[2026-06-26 00:44:27.950] Selected the bad axiom SubClassOf(ObjectSomeValuesFrom(location ObjectAllValuesFrom(isPerpetratorOf ObjectUnionOf(Event Incident))) ObjectUnionOf(Organisation ObjectUnionOf(Incident ObjectUnionOf(Event ObjectUnionOf(Camp owl:Nothing))))).
[2026-06-26 00:44:27.953] Found 82 possible bad axioms.
[2026-06-26 00:44:27.953] Selected the bad axiom SubClassOf(ObjectSomeValuesFrom(involved owl:Thing) ObjectUnionOf(Event Incident)).
[2026-06-26 00:44:27.956] Found 81 possible bad axioms.
[2026-06-26 00:44:27.957] Selected the bad axiom SubClassOf(ObjectSomeValuesFrom(affiliation owl:Thing) Victim).
[2026-06-26 00:44:27.965] Found 80 possible bad axioms.
[2026-06-26 00:44:27.965] Selected the bad axiom SubClassOf(ObjectSom
...[truncated]
SUCCESS: attempt=82 seed=1150251 success_count=35/100
progress: ontology=HDS attempt=82 success=35/100
----- HDS attempt=83 seed=1164451 at 2026-06-26 00:45:18 -----
--- stdout ---
{"seed":1164451,"run_id":"20260624134028346645","trial_status":"time_limit_exceeded","error_type":"timeout","failure_stage":"B4","error_message":"Repair timeout: B4 exceeded 300 seconds","iic_values":{},"repair_runtimes_ms":{"A1":95,"A2":909,"A3":1962,"B1":320,"B2":8182,"B3":5610,"B4":300007}}

--- stderr ---
SingleTrialExperiment starting: ontology=/workspaces/ontologyutils-ekaw26/repair-power-index-replication-ekaw26/ontologies/inconsistent/HDS.owl, seed=1164451, run_id=20260624134028346645
Loaded ontology.
Normalizing ontology with SROIQ normalization...
Normalized ontology with SROIQ normalization.
Ontology is already inconsistent, skipping make-inconsistent step.
Repairing with A1 (random-removal)...
[2026-06-26 00:45:18.848] Checking precondition...
[2026-06-26 00:45:18.864] Starting the repair...
[2026-06-26 00:45:18.873] Found 91 possible bad axioms.
[2026-06-26 00:45:18.875] Selected the bad axiom SubClassOf(owl:Thing ObjectAllValuesFrom(isPerpetratorOf ObjectUnionOf(Event Incident))).
[2026-06-26 00:45:18.881] Found 90 possible bad axioms.
[2026-06-26 00:45:18.882] Selected the bad axiom SubClassOf(owl:Thing ObjectAllValuesFrom(involved Trafficker)).
[2026-06-26 00:45:18.887] Found 89 possible bad axioms.
[2026-06-26 00:45:18.887] Selected the bad axiom SubClassOf(Location Victim).
[2026-06-26 00:45:18.892] Found 88 possible bad axioms.
[2026-06-26 00:45:18.892] Selected the bad axiom SubClassOf(ObjectSomeValuesFrom(responseBy owl:Thing) Incident).
[2026-06-26 00:45:18.901] Found 87 possible bad axioms.
[2026-06-26 00:45:18.902] Selected the bad axiom SubClassOf(ObjectAllValuesFrom(isVictimOf ObjectUnionOf(Event Incident)) ObjectAllValuesFrom(location Location)).
[2026-06-26 00:45:18.906] Found 86 possible bad axioms.
[2026-06-26 00:45:18.906] Selected the bad axiom SubClassOf(ObjectSomeValuesFrom(affiliation owl:Thing) ObjectUnionOf(Perpetrator ObjectSomeValuesFrom(isVictimOf ObjectAllValuesFrom(isPerpetratorOf ObjectSomeValuesFrom(affected owl:Thing))))).
[2026-06-26 00:45:18.910] Found 85 possible bad axioms.
[2026-06-26 00:45:18.910] Selected the bad axiom SubClassOf(ObjectSomeValuesFrom(location ObjectAllValuesFrom(involved ObjectUnionOf(Victim ObjectUnionOf(Trafficker ObjectUnionOf(Organisation Perpetrator))))) ObjectUnionOf(Organisation ObjectUnionOf(Incident ObjectUnionOf(Camp Event)))).
[2026-06-26 00:45:18.913] Found 84 possible bad axioms.
[2026-06-26 00:45:18.914] Selected the bad axiom SubClassOf(ObjectSomeValuesFrom(affiliation owl:Thing) Victim).
[2026-06-26 00:45:18.917] Found 83 possible bad axioms.
[2026-06-26 00:45:18.917] Selected the bad axiom SubClassOf(ObjectSomeValuesFrom(affiliation ObjectAllValuesFrom(location Location)) Perpetrator).
[2026-06-26 00:45:18.920] Found 82 possible bad axioms.
[2026-06-26 00:45:18.920] Selected the bad axiom SubClassOf(ObjectSomeValuesFrom(affiliation ObjectAllValuesFrom(affected ObjectUnionOf(Organisation Victim))) Perpetrator).
[2026-06-26 00:45:18.924] Found 81 possible bad axioms.
[2026-06-26 00:45:18.924] Selected the bad axiom SubClassOf(ObjectAllValuesFrom(involved ObjectUnionOf(Victim ObjectUnionOf(Trafficker ObjectUnionOf(Perpetrator ObjectUnionOf(Organisation Perpetrator))))) ObjectAllValuesFrom(affected ObjectUnionOf(Organisation Victim))).
[2026-06-26 00:45:18.932] Found 80 
...[truncated]
FAIL: attempt=83 seed=1164451 status=time_limit_exceeded stage=B4 message=Repair timeout: B4 exceeded 300 seconds
progress: ontology=HDS attempt=83 success=35/100
----- HDS attempt=84 seed=1178651 at 2026-06-26 00:50:36 -----
--- stdout ---
{"seed":1178651,"run_id":"20260624134028346645","trial_status":"time_limit_exceeded","error_type":"timeout","failure_stage":"B7","error_message":"Repair timeout: B7 exceeded 300 seconds","iic_values":{},"repair_runtimes_ms":{"A1":170,"A2":863,"A3":447,"B1":414,"B2":8044,"B3":5570,"B4":134,"B5":10094,"B6":5433,"B7":300167}}

--- stderr ---
SingleTrialExperiment starting: ontology=/workspaces/ontologyutils-ekaw26/repair-power-index-replication-ekaw26/ontologies/inconsistent/HDS.owl, seed=1178651, run_id=20260624134028346645
Loaded ontology.
Normalizing ontology with SROIQ normalization...
Normalized ontology with SROIQ normalization.
Ontology is already inconsistent, skipping make-inconsistent step.
Repairing with A1 (random-removal)...
[2026-06-26 00:50:36.408] Checking precondition...
[2026-06-26 00:50:36.423] Starting the repair...
[2026-06-26 00:50:36.431] Found 91 possible bad axioms.
[2026-06-26 00:50:36.433] Selected the bad axiom SubClassOf(ObjectSomeValuesFrom(location ObjectAllValuesFrom(location Location)) ObjectUnionOf(owl:Nothing ObjectUnionOf(Incident ObjectUnionOf(Event ObjectUnionOf(Camp Destination))))).
[2026-06-26 00:50:36.439] Found 90 possible bad axioms.
[2026-06-26 00:50:36.440] Selected the bad axiom SubClassOf(ObjectSomeValuesFrom(affiliation ObjectAllValuesFrom(location Location)) ObjectUnionOf(Perpetrator Victim)).
[2026-06-26 00:50:36.445] Found 89 possible bad axioms.
[2026-06-26 00:50:36.446] Selected the bad axiom SubClassOf(ObjectSomeValuesFrom(isVictimOf ObjectAllValuesFrom(isPerpetratorOf ObjectUnionOf(Event Incident))) Victim).
[2026-06-26 00:50:36.450] Found 88 possible bad axioms.
[2026-06-26 00:50:36.451] Selected the bad axiom SubClassOf(ObjectSomeValuesFrom(location ObjectAllValuesFrom(location owl:Thing)) ObjectUnionOf(owl:Nothing ObjectUnionOf(Event Incident))).
[2026-06-26 00:50:36.460] Found 87 possible bad axioms.
[2026-06-26 00:50:36.460] Selected the bad axiom SubClassOf(owl:Thing ObjectAllValuesFrom(affected ObjectUnionOf(Organisation Victim))).
[2026-06-26 00:50:36.465] Found 86 possible bad axioms.
[2026-06-26 00:50:36.465] Selected the bad axiom SubClassOf(ObjectSomeValuesFrom(location owl:Thing) ObjectUnionOf(Organisation ObjectUnionOf(Incident ObjectUnionOf(Camp Event)))).
[2026-06-26 00:50:36.469] Found 85 possible bad axioms.
[2026-06-26 00:50:36.469] Selected the bad axiom SubClassOf(ObjectSomeValuesFrom(location owl:Thing) ObjectUnionOf(Organisation ObjectUnionOf(Incident ObjectUnionOf(Event ObjectUnionOf(Camp Destination))))).
[2026-06-26 00:50:36.473] Found 84 possible bad axioms.
[2026-06-26 00:50:36.473] Selected the bad axiom SubClassOf(owl:Thing Location).
[2026-06-26 00:50:36.477] Found 83 possible bad axioms.
[2026-06-26 00:50:36.477] Selected the bad axiom SubClassOf(owl:Thing ObjectAllValuesFrom(involved ObjectUnionOf(Victim ObjectUnionOf(Perpetrator Trafficker)))).
[2026-06-26 00:50:36.482] Found 82 possible bad axioms.
[2026-06-26 00:50:36.482] Selected the bad axiom SubClassOf(ObjectAllValuesFrom(isVictimOf ObjectUnionOf(Event Incident)) ObjectAllValuesFrom(affected ObjectUnionOf(Organisation Victim))).
[2026-06-26 00:50:36.485] Found 81 possible bad axioms.
[2026-06-26 00:50:36.486] Selected the bad axiom SubClassOf(owl:Thing ObjectAllValuesFrom(involved ObjectUnionOf(Victim ObjectUnionOf(Trafficker ObjectUnionOf
...[truncated]
FAIL: attempt=84 seed=1178651 status=time_limit_exceeded stage=B7 message=Repair timeout: B7 exceeded 300 seconds
progress: ontology=HDS attempt=84 success=35/100
----- HDS attempt=85 seed=1192851 at 2026-06-26 00:56:07 -----
--- stdout ---
{"seed":1192851,"run_id":"20260624134028346645","trial_status":"memory_limit_exceeded","error_type":"failure","failure_stage":"B1","error_message":"Repair failed: ExecutionException: java.lang.NullPointerException: operands cannot be null or empty","iic_values":{},"repair_runtimes_ms":{"A1":214,"A2":823,"A3":454,"B1":382}}

--- stderr ---
SingleTrialExperiment starting: ontology=/workspaces/ontologyutils-ekaw26/repair-power-index-replication-ekaw26/ontologies/inconsistent/HDS.owl, seed=1192851, run_id=20260624134028346645
Loaded ontology.
Normalizing ontology with SROIQ normalization...
Normalized ontology with SROIQ normalization.
Ontology is already inconsistent, skipping make-inconsistent step.
Repairing with A1 (random-removal)...
[2026-06-26 00:56:08.234] Checking precondition...
[2026-06-26 00:56:08.250] Starting the repair...
[2026-06-26 00:56:08.259] Found 91 possible bad axioms.
[2026-06-26 00:56:08.260] Selected the bad axiom SubClassOf(ObjectAllValuesFrom(involved ObjectUnionOf(Victim ObjectUnionOf(Trafficker ObjectUnionOf(Organisation Perpetrator)))) ObjectAllValuesFrom(affected ObjectUnionOf(Organisation Victim))).
[2026-06-26 00:56:08.267] Found 90 possible bad axioms.
[2026-06-26 00:56:08.268] Selected the bad axiom SubClassOf(ObjectSomeValuesFrom(isVictimOf ObjectAllValuesFrom(responseBy Organisation)) Victim).
[2026-06-26 00:56:08.273] Found 89 possible bad axioms.
[2026-06-26 00:56:08.273] Selected the bad axiom SubClassOf(owl:Thing ObjectAllValuesFrom(affected ObjectUnionOf(Organisation Victim))).
[2026-06-26 00:56:08.284] Found 88 possible bad axioms.
[2026-06-26 00:56:08.284] Selected the bad axiom SubClassOf(ObjectSomeValuesFrom(isPerpetratorOf ObjectAllValuesFrom(responseBy Organisation)) Perpetrator).
[2026-06-26 00:56:08.289] Found 87 possible bad axioms.
[2026-06-26 00:56:08.290] Selected the bad axiom SubClassOf(ObjectSomeValuesFrom(isVictimOf ObjectAllValuesFrom(affected ObjectUnionOf(Organisation Victim))) Victim).
[2026-06-26 00:56:08.294] Found 86 possible bad axioms.
[2026-06-26 00:56:08.294] Selected the bad axiom SubClassOf(ObjectSomeValuesFrom(responseBy ObjectAllValuesFrom(isPerpetratorOf ObjectUnionOf(Event Incident))) Incident).
[2026-06-26 00:56:08.298] Found 85 possible bad axioms.
[2026-06-26 00:56:08.298] Selected the bad axiom SubClassOf(owl:Thing Location).
[2026-06-26 00:56:08.302] Found 84 possible bad axioms.
[2026-06-26 00:56:08.302] Selected the bad axiom SubClassOf(ObjectSomeValuesFrom(affiliation ObjectAllValuesFrom(responseBy Organisation)) ObjectUnionOf(Perpetrator Victim)).
[2026-06-26 00:56:08.305] Found 83 possible bad axioms.
[2026-06-26 00:56:08.305] Selected the bad axiom SubClassOf(ObjectSomeValuesFrom(location ObjectAllValuesFrom(isPerpetratorOf ObjectUnionOf(Event Incident))) ObjectUnionOf(Organisation ObjectUnionOf(Incident ObjectUnionOf(Event ObjectUnionOf(Camp owl:Nothing))))).
[2026-06-26 00:56:08.309] Found 82 possible bad axioms.
[2026-06-26 00:56:08.309] Selected the bad axiom SubClassOf(ObjectAllValuesFrom(location Location) ObjectAllValuesFrom(location owl:Nothing)).
[2026-06-26 00:56:08.312] Found 81 possible bad axioms.
[2026-06-26 00:56:08.312] Selected the bad axiom SubClassOf(ObjectSomeValuesFrom(affected owl:Thing) ObjectUnionOf(Event Incident)).
[2026-06-26 00:56:08.321] Found 80 possible bad axioms.
[20
...[truncated]
FAIL: attempt=85 seed=1192851 status=memory_limit_exceeded stage=B1 message=Repair failed: ExecutionException: java.lang.NullPointerException: operands cannot be null or empty
progress: ontology=HDS attempt=85 success=35/100
----- HDS attempt=86 seed=1207051 at 2026-06-26 00:56:10 -----
--- stdout ---
{"seed":1207051,"run_id":"20260624134028346645","trial_status":"time_limit_exceeded","error_type":"timeout","failure_stage":"B4","error_message":"Repair timeout: B4 exceeded 300 seconds","iic_values":{},"repair_runtimes_ms":{"A1":199,"A2":829,"A3":505,"B1":3861,"B2":10597,"B3":8643,"B4":300200}}

--- stderr ---
SingleTrialExperiment starting: ontology=/workspaces/ontologyutils-ekaw26/repair-power-index-replication-ekaw26/ontologies/inconsistent/HDS.owl, seed=1207051, run_id=20260624134028346645
Loaded ontology.
Normalizing ontology with SROIQ normalization...
Normalized ontology with SROIQ normalization.
Ontology is already inconsistent, skipping make-inconsistent step.
Repairing with A1 (random-removal)...
[2026-06-26 00:56:10.540] Checking precondition...
[2026-06-26 00:56:10.555] Starting the repair...
[2026-06-26 00:56:10.565] Found 91 possible bad axioms.
[2026-06-26 00:56:10.566] Selected the bad axiom SubClassOf(owl:Thing ObjectAllValuesFrom(isPerpetratorOf Incident)).
[2026-06-26 00:56:10.573] Found 90 possible bad axioms.
[2026-06-26 00:56:10.574] Selected the bad axiom SubClassOf(ObjectSomeValuesFrom(affiliation owl:Thing) ObjectUnionOf(Perpetrator Victim)).
[2026-06-26 00:56:10.580] Found 89 possible bad axioms.
[2026-06-26 00:56:10.581] Selected the bad axiom SubClassOf(ObjectSomeValuesFrom(affiliation ObjectAllValuesFrom(location Location)) ObjectUnionOf(Perpetrator Victim)).
[2026-06-26 00:56:10.587] Found 88 possible bad axioms.
[2026-06-26 00:56:10.587] Selected the bad axiom SubClassOf(ObjectAllValuesFrom(isVictimOf ObjectUnionOf(Event Incident)) ObjectAllValuesFrom(affected ObjectUnionOf(Organisation Victim))).
[2026-06-26 00:56:10.597] Found 87 possible bad axioms.
[2026-06-26 00:56:10.597] Selected the bad axiom SubClassOf(ObjectSomeValuesFrom(affiliation ObjectAllValuesFrom(responseBy Organisation)) ObjectUnionOf(Perpetrator ObjectSomeValuesFrom(isVictimOf owl:Thing))).
[2026-06-26 00:56:10.602] Found 86 possible bad axioms.
[2026-06-26 00:56:10.602] Selected the bad axiom SubClassOf(ObjectSomeValuesFrom(isVictimOf ObjectAllValuesFrom(location Location)) Victim).
[2026-06-26 00:56:10.606] Found 85 possible bad axioms.
[2026-06-26 00:56:10.606] Selected the bad axiom SubClassOf(ObjectSomeValuesFrom(location owl:Thing) ObjectUnionOf(Organisation ObjectUnionOf(Incident ObjectUnionOf(Event ObjectUnionOf(Camp owl:Nothing))))).
[2026-06-26 00:56:10.610] Found 84 possible bad axioms.
[2026-06-26 00:56:10.610] Selected the bad axiom SubClassOf(ObjectSomeValuesFrom(affiliation owl:Thing) ObjectUnionOf(Perpetrator ObjectSomeValuesFrom(isVictimOf ObjectAllValuesFrom(isPerpetratorOf ObjectSomeValuesFrom(affected owl:Thing))))).
[2026-06-26 00:56:10.614] Found 83 possible bad axioms.
[2026-06-26 00:56:10.614] Selected the bad axiom SubClassOf(ObjectSomeValuesFrom(isVictimOf ObjectAllValuesFrom(responseBy Organisation)) Victim).
[2026-06-26 00:56:10.617] Found 82 possible bad axioms.
[2026-06-26 00:56:10.617] Selected the bad axiom SubClassOf(ObjectSomeValuesFrom(responseBy ObjectAllValuesFrom(responseBy Organisation)) Incident).
[2026-06-26 00:56:10.620] Found 81 possible bad axioms.
[2026-06-26 00:56:10.621] Selected the bad axiom SubClassOf(owl:Thing ObjectAllValuesFrom(involved Trafficker)).
[2026-06-26 00:56:10.629] Found 80 possible bad axi
...[truncated]
FAIL: attempt=86 seed=1207051 status=time_limit_exceeded stage=B4 message=Repair timeout: B4 exceeded 300 seconds
progress: ontology=HDS attempt=86 success=35/100
----- HDS attempt=87 seed=1221251 at 2026-06-26 01:01:35 -----
--- stdout ---
{"seed":1221251,"run_id":"20260624134028346645","trial_status":"time_limit_exceeded","error_type":"timeout","failure_stage":"B4","error_message":"Repair timeout: B4 exceeded 300 seconds","iic_values":{},"repair_runtimes_ms":{"A1":221,"A2":844,"A3":3575,"B1":807,"B2":8028,"B3":8273,"B4":300118}}

--- stderr ---
SingleTrialExperiment starting: ontology=/workspaces/ontologyutils-ekaw26/repair-power-index-replication-ekaw26/ontologies/inconsistent/HDS.owl, seed=1221251, run_id=20260624134028346645
Loaded ontology.
Normalizing ontology with SROIQ normalization...
Normalized ontology with SROIQ normalization.
Ontology is already inconsistent, skipping make-inconsistent step.
Repairing with A1 (random-removal)...
[2026-06-26 01:01:35.829] Checking precondition...
[2026-06-26 01:01:35.845] Starting the repair...
[2026-06-26 01:01:35.853] Found 91 possible bad axioms.
[2026-06-26 01:01:35.855] Selected the bad axiom SubClassOf(ObjectSomeValuesFrom(isVictimOf ObjectAllValuesFrom(location ObjectAllValuesFrom(responseBy Organisation))) Victim).
[2026-06-26 01:01:35.862] Found 90 possible bad axioms.
[2026-06-26 01:01:35.862] Selected the bad axiom SubClassOf(owl:Thing ObjectAllValuesFrom(involved Trafficker)).
[2026-06-26 01:01:35.867] Found 89 possible bad axioms.
[2026-06-26 01:01:35.867] Selected the bad axiom SubClassOf(ObjectAllValuesFrom(involved ObjectUnionOf(Victim ObjectUnionOf(Trafficker ObjectUnionOf(Organisation Perpetrator)))) ObjectAllValuesFrom(isPerpetratorOf Incident)).
[2026-06-26 01:01:35.872] Found 88 possible bad axioms.
[2026-06-26 01:01:35.872] Selected the bad axiom SubClassOf(ObjectAllValuesFrom(isPerpetratorOf ObjectUnionOf(Event Incident)) ObjectAllValuesFrom(involved ObjectUnionOf(Trafficker Victim))).
[2026-06-26 01:01:35.881] Found 87 possible bad axioms.
[2026-06-26 01:01:35.881] Selected the bad axiom SubClassOf(ObjectAllValuesFrom(involved ObjectUnionOf(Victim ObjectUnionOf(Trafficker ObjectUnionOf(Organisation Perpetrator)))) ObjectAllValuesFrom(affected ObjectUnionOf(Organisation Victim))).
[2026-06-26 01:01:35.886] Found 86 possible bad axioms.
[2026-06-26 01:01:35.887] Selected the bad axiom SubClassOf(owl:Thing ObjectUnionOf(Organisation ObjectUnionOf(Incident ObjectUnionOf(owl:Nothing ObjectUnionOf(Camp Destination))))).
[2026-06-26 01:01:35.891] Found 85 possible bad axioms.
[2026-06-26 01:01:35.891] Selected the bad axiom SubClassOf(owl:Thing ObjectAllValuesFrom(isVictimOf ObjectUnionOf(Event Incident))).
[2026-06-26 01:01:35.894] Found 84 possible bad axioms.
[2026-06-26 01:01:35.894] Selected the bad axiom SubClassOf(ObjectSomeValuesFrom(location ObjectAllValuesFrom(isPerpetratorOf ObjectUnionOf(Event Incident))) ObjectUnionOf(Organisation ObjectUnionOf(Incident ObjectUnionOf(Event ObjectUnionOf(Camp owl:Nothing))))).
[2026-06-26 01:01:35.898] Found 83 possible bad axioms.
[2026-06-26 01:01:35.898] Selected the bad axiom SubClassOf(ObjectSomeValuesFrom(isVictimOf owl:Thing) Victim).
[2026-06-26 01:01:35.902] Found 82 possible bad axioms.
[2026-06-26 01:01:35.902] Selected the bad axiom SubClassOf(ObjectSomeValuesFrom(involved owl:Thing) ObjectUnionOf(Event Incident)).
[2026-06-26 01:01:35.905] Found 81 possible bad axioms.
[2026-06-26 01:01:35.905] Selected the bad axiom SubClassOf(ObjectSomeValuesFrom(isVictimOf ObjectAl
...[truncated]
FAIL: attempt=87 seed=1221251 status=time_limit_exceeded stage=B4 message=Repair timeout: B4 exceeded 300 seconds
progress: ontology=HDS attempt=87 success=35/100
----- HDS attempt=88 seed=1235451 at 2026-06-26 01:06:57 -----
--- stdout ---
{"seed":1235451,"run_id":"20260624134028346645","trial_status":"success","error_type":null,"failure_stage":null,"error_message":null,"iic_values":{"B1_vs_A1":1.0,"B1_vs_A2":0.5,"B1_vs_A3":0.5,"B2_vs_A1":1.0,"B2_vs_A2":1.0,"B2_vs_A3":1.0,"B3_vs_A1":1.0,"B3_vs_A2":1.0,"B3_vs_A3":1.0,"B4_vs_A1":1.0,"B4_vs_A2":1.0,"B4_vs_A3":1.0,"B5_vs_A1":1.0,"B5_vs_A2":1.0,"B5_vs_A3":1.0,"B6_vs_A1":1.0,"B6_vs_A2":1.0,"B6_vs_A3":1.0,"B7_vs_A1":1.0,"B7_vs_A2":1.0,"B7_vs_A3":1.0,"B8_vs_A1":1.0,"B8_vs_A2":1.0,"B8_vs_A3":1.0,"B9_vs_A1":1.0,"B9_vs_A2":1.0,"B9_vs_A3":1.0},"repair_runtimes_ms":{"A1":202,"A2":840,"A3":463,"B1":387,"B2":10575,"B3":5706,"B4":152,"B5":7439,"B6":5473,"B7":139,"B8":7590,"B9":4854}}

--- stderr ---
SingleTrialExperiment starting: ontology=/workspaces/ontologyutils-ekaw26/repair-power-index-replication-ekaw26/ontologies/inconsistent/HDS.owl, seed=1235451, run_id=20260624134028346645
Loaded ontology.
Normalizing ontology with SROIQ normalization...
Normalized ontology with SROIQ normalization.
Ontology is already inconsistent, skipping make-inconsistent step.
Repairing with A1 (random-removal)...
[2026-06-26 01:06:58.188] Checking precondition...
[2026-06-26 01:06:58.203] Starting the repair...
[2026-06-26 01:06:58.213] Found 91 possible bad axioms.
[2026-06-26 01:06:58.214] Selected the bad axiom SubClassOf(owl:Thing ObjectAllValuesFrom(involved ObjectUnionOf(Trafficker ObjectSomeValuesFrom(isVictimOf owl:Thing)))).
[2026-06-26 01:06:58.221] Found 90 possible bad axioms.
[2026-06-26 01:06:58.221] Selected the bad axiom SubClassOf(ObjectSomeValuesFrom(affiliation owl:Thing) Victim).
[2026-06-26 01:06:58.227] Found 89 possible bad axioms.
[2026-06-26 01:06:58.227] Selected the bad axiom SubClassOf(ObjectSomeValuesFrom(responseBy ObjectAllValuesFrom(responseBy Organisation)) Incident).
[2026-06-26 01:06:58.233] Found 88 possible bad axioms.
[2026-06-26 01:06:58.233] Selected the bad axiom SubClassOf(ObjectSomeValuesFrom(responseBy ObjectAllValuesFrom(location Location)) ObjectUnionOf(Event Incident)).
[2026-06-26 01:06:58.242] Found 87 possible bad axioms.
[2026-06-26 01:06:58.243] Selected the bad axiom SubClassOf(ObjectAllValuesFrom(involved ObjectUnionOf(Victim ObjectUnionOf(Trafficker ObjectUnionOf(Trafficker ObjectUnionOf(Organisation Perpetrator))))) ObjectAllValuesFrom(affected ObjectUnionOf(Organisation Victim))).
[2026-06-26 01:06:58.247] Found 86 possible bad axioms.
[2026-06-26 01:06:58.247] Selected the bad axiom SubClassOf(ObjectSomeValuesFrom(responseBy owl:Thing) Incident).
[2026-06-26 01:06:58.251] Found 85 possible bad axioms.
[2026-06-26 01:06:58.251] Selected the bad axiom SubClassOf(owl:Thing ObjectUnionOf(Organisation ObjectUnionOf(Incident ObjectUnionOf(owl:Nothing ObjectUnionOf(Camp Destination))))).
[2026-06-26 01:06:58.255] Found 84 possible bad axioms.
[2026-06-26 01:06:58.255] Selected the bad axiom SubClassOf(ObjectAllValuesFrom(isPerpetratorOf ObjectUnionOf(Event Incident)) ObjectAllValuesFrom(involved ObjectUnionOf(Trafficker Victim))).
[2026-06-26 01:06:58.259] Found 83 possible bad axioms.
[2026-06-26 01:06:58.260] Selected the bad axiom SubClassOf(ObjectSomeValuesFrom(location ObjectAllValuesFrom(involved ObjectUnionOf(Victim ObjectUnionOf(Trafficker ObjectUnionOf(Organisation Perpetrator))))) ObjectUnionOf(Organisation ObjectUnionOf(Incident ObjectUnionOf(Camp Event)))).
[2026-06-26 01:06:58.263] Found 82 possible bad axioms.
[2026-06-26 01:06:58.263] Selected the bad axiom SubClassOf(ObjectAllValuesFrom(affected ObjectUnionOf(Organisation Victim)) ObjectAllValuesFrom(location Location)).
[2026-06-26 01:06:58.266] Found 81 possible bad axioms.
[2026-06-26 01:06:58.267] Selected the bad axiom SubClassOf(ObjectSo
...[truncated]
SUCCESS: attempt=88 seed=1235451 success_count=36/100
progress: ontology=HDS attempt=88 success=36/100
----- HDS attempt=89 seed=1249651 at 2026-06-26 01:07:42 -----
--- stdout ---
{"seed":1249651,"run_id":"20260624134028346645","trial_status":"time_limit_exceeded","error_type":"timeout","failure_stage":"B4","error_message":"Repair timeout: B4 exceeded 300 seconds","iic_values":{},"repair_runtimes_ms":{"A1":78,"A2":932,"A3":3022,"B1":290,"B2":7959,"B3":5453,"B4":300151}}

--- stderr ---
SingleTrialExperiment starting: ontology=/workspaces/ontologyutils-ekaw26/repair-power-index-replication-ekaw26/ontologies/inconsistent/HDS.owl, seed=1249651, run_id=20260624134028346645
Loaded ontology.
Normalizing ontology with SROIQ normalization...
Normalized ontology with SROIQ normalization.
Ontology is already inconsistent, skipping make-inconsistent step.
Repairing with A1 (random-removal)...
[2026-06-26 01:07:42.511] Checking precondition...
[2026-06-26 01:07:42.527] Starting the repair...
[2026-06-26 01:07:42.536] Found 91 possible bad axioms.
[2026-06-26 01:07:42.538] Selected the bad axiom SubClassOf(ObjectSomeValuesFrom(isPerpetratorOf ObjectAllValuesFrom(affiliation ObjectUnionOf(Organisation Victim))) Perpetrator).
[2026-06-26 01:07:42.545] Found 90 possible bad axioms.
[2026-06-26 01:07:42.546] Selected the bad axiom SubClassOf(ObjectSomeValuesFrom(location ObjectAllValuesFrom(involved ObjectUnionOf(Victim ObjectUnionOf(Trafficker ObjectUnionOf(Organisation Perpetrator))))) ObjectUnionOf(Organisation ObjectUnionOf(Incident ObjectUnionOf(Camp Event)))).
[2026-06-26 01:07:42.551] Found 89 possible bad axioms.
[2026-06-26 01:07:42.551] Selected the bad axiom SubClassOf(ObjectAllValuesFrom(involved ObjectUnionOf(Victim ObjectUnionOf(Trafficker ObjectUnionOf(Organisation Perpetrator)))) ObjectAllValuesFrom(isPerpetratorOf ObjectUnionOf(Event Incident))).
[2026-06-26 01:07:42.556] Found 88 possible bad axioms.
[2026-06-26 01:07:42.556] Selected the bad axiom SubClassOf(ObjectAllValuesFrom(affiliation Organisation) ObjectAllValuesFrom(involved ObjectUnionOf(Trafficker Victim))).
[2026-06-26 01:07:42.566] Found 87 possible bad axioms.
[2026-06-26 01:07:42.566] Selected the bad axiom SubClassOf(ObjectSomeValuesFrom(affiliation ObjectAllValuesFrom(responseBy Organisation)) ObjectUnionOf(Perpetrator ObjectSomeValuesFrom(isVictimOf owl:Thing))).
[2026-06-26 01:07:42.570] Found 86 possible bad axioms.
[2026-06-26 01:07:42.570] Selected the bad axiom SubClassOf(ObjectAllValuesFrom(isPerpetratorOf ObjectUnionOf(Event Incident)) ObjectAllValuesFrom(isVictimOf ObjectUnionOf(Event Incident))).
[2026-06-26 01:07:42.574] Found 85 possible bad axioms.
[2026-06-26 01:07:42.574] Selected the bad axiom SubClassOf(ObjectAllValuesFrom(isPerpetratorOf ObjectUnionOf(Event Incident)) ObjectAllValuesFrom(affected ObjectUnionOf(Organisation Victim))).
[2026-06-26 01:07:42.578] Found 84 possible bad axioms.
[2026-06-26 01:07:42.578] Selected the bad axiom SubClassOf(ObjectSomeValuesFrom(involved owl:Thing) ObjectUnionOf(Event Incident)).
[2026-06-26 01:07:42.582] Found 83 possible bad axioms.
[2026-06-26 01:07:42.582] Selected the bad axiom SubClassOf(owl:Thing ObjectSomeValuesFrom(location owl:Thing)).
[2026-06-26 01:07:42.585] Finished repairing the ontology.
Repairing with A2 (not-in-largest-mcs-removal)...
[2026-06-26 01:07:42.586] Checking precondition...
[2026-06-26 01:07:42.597] Starting the repair...
[2026-06-26 01:07:43.516] Found 1 possible bad axioms.
...[truncated]
FAIL: attempt=89 seed=1249651 status=time_limit_exceeded stage=B4 message=Repair timeout: B4 exceeded 300 seconds
progress: ontology=HDS attempt=89 success=36/100
----- HDS attempt=90 seed=1263851 at 2026-06-26 01:13:00 -----
--- stdout ---
{"seed":1263851,"run_id":"20260624134028346645","trial_status":"time_limit_exceeded","error_type":"timeout","failure_stage":"B7","error_message":"Repair timeout: B7 exceeded 300 seconds","iic_values":{},"repair_runtimes_ms":{"A1":169,"A2":862,"A3":439,"B1":592,"B2":8029,"B3":5551,"B4":119,"B5":7423,"B6":5494,"B7":300006}}

--- stderr ---
SingleTrialExperiment starting: ontology=/workspaces/ontologyutils-ekaw26/repair-power-index-replication-ekaw26/ontologies/inconsistent/HDS.owl, seed=1263851, run_id=20260624134028346645
Loaded ontology.
Normalizing ontology with SROIQ normalization...
Normalized ontology with SROIQ normalization.
Ontology is already inconsistent, skipping make-inconsistent step.
Repairing with A1 (random-removal)...
[2026-06-26 01:13:00.876] Checking precondition...
[2026-06-26 01:13:00.891] Starting the repair...
[2026-06-26 01:13:00.903] Found 91 possible bad axioms.
[2026-06-26 01:13:00.905] Selected the bad axiom SubClassOf(ObjectAllValuesFrom(isPerpetratorOf ObjectUnionOf(Event Incident)) ObjectAllValuesFrom(affected ObjectUnionOf(Organisation Victim))).
[2026-06-26 01:13:00.912] Found 90 possible bad axioms.
[2026-06-26 01:13:00.912] Selected the bad axiom SubClassOf(ObjectSomeValuesFrom(location owl:Thing) ObjectUnionOf(owl:Nothing ObjectUnionOf(Incident ObjectUnionOf(Event ObjectUnionOf(Destination owl:Nothing))))).
[2026-06-26 01:13:00.917] Found 89 possible bad axioms.
[2026-06-26 01:13:00.918] Selected the bad axiom SubClassOf(ObjectUnionOf(Victim ObjectUnionOf(Trafficker ObjectUnionOf(Organisation Perpetrator))) ObjectAllValuesFrom(affected ObjectUnionOf(Organisation Victim))).
[2026-06-26 01:13:00.923] Found 88 possible bad axioms.
[2026-06-26 01:13:00.924] Selected the bad axiom SubClassOf(ObjectSomeValuesFrom(location ObjectAllValuesFrom(involved ObjectUnionOf(Victim ObjectUnionOf(Trafficker ObjectUnionOf(Organisation Perpetrator))))) ObjectUnionOf(owl:Nothing ObjectUnionOf(Incident ObjectUnionOf(Event ObjectUnionOf(Camp Destination))))).
[2026-06-26 01:13:00.934] Found 87 possible bad axioms.
[2026-06-26 01:13:00.934] Selected the bad axiom SubClassOf(owl:Thing ObjectAllValuesFrom(isPerpetratorOf Incident)).
[2026-06-26 01:13:00.938] Found 86 possible bad axioms.
[2026-06-26 01:13:00.939] Selected the bad axiom SubClassOf(ObjectAllValuesFrom(affiliation Organisation) ObjectAllValuesFrom(involved ObjectUnionOf(Trafficker Victim))).
[2026-06-26 01:13:00.943] Found 85 possible bad axioms.
[2026-06-26 01:13:00.943] Selected the bad axiom SubClassOf(ObjectSomeValuesFrom(isVictimOf ObjectAllValuesFrom(location Location)) Victim).
[2026-06-26 01:13:00.946] Found 84 possible bad axioms.
[2026-06-26 01:13:00.947] Selected the bad axiom SubClassOf(ObjectSomeValuesFrom(responseBy owl:Thing) Incident).
[2026-06-26 01:13:00.950] Found 83 possible bad axioms.
[2026-06-26 01:13:00.951] Selected the bad axiom SubClassOf(ObjectSomeValuesFrom(isVictimOf ObjectAllValuesFrom(isPerpetratorOf ObjectUnionOf(Event Incident))) Victim).
[2026-06-26 01:13:00.955] Found 82 possible bad axioms.
[2026-06-26 01:13:00.955] Selected the bad axiom SubClassOf(ObjectSomeValuesFrom(isVictimOf ObjectAllValuesFrom(affected ObjectUnionOf(Victim ObjectUnionOf(Organisation Perpetrator)))) Victim).
[2026-06-26 01:13:00.958] Found 81 possible bad axioms.
[2026-06-26 01:13:00.958] Selected 
...[truncated]
FAIL: attempt=90 seed=1263851 status=time_limit_exceeded stage=B7 message=Repair timeout: B7 exceeded 300 seconds
progress: ontology=HDS attempt=90 success=36/100
----- HDS attempt=91 seed=1278051 at 2026-06-26 01:18:29 -----
--- stdout ---
{"seed":1278051,"run_id":"20260624134028346645","trial_status":"time_limit_exceeded","error_type":"timeout","failure_stage":"B4","error_message":"Repair timeout: B4 exceeded 300 seconds","iic_values":{},"repair_runtimes_ms":{"A1":91,"A2":907,"A3":1110,"B1":3574,"B2":8081,"B3":5503,"B4":300058}}

--- stderr ---
SingleTrialExperiment starting: ontology=/workspaces/ontologyutils-ekaw26/repair-power-index-replication-ekaw26/ontologies/inconsistent/HDS.owl, seed=1278051, run_id=20260624134028346645
Loaded ontology.
Normalizing ontology with SROIQ normalization...
Normalized ontology with SROIQ normalization.
Ontology is already inconsistent, skipping make-inconsistent step.
Repairing with A1 (random-removal)...
[2026-06-26 01:18:30.044] Checking precondition...
[2026-06-26 01:18:30.059] Starting the repair...
[2026-06-26 01:18:30.069] Found 91 possible bad axioms.
[2026-06-26 01:18:30.071] Selected the bad axiom SubClassOf(ObjectSomeValuesFrom(affected ObjectAllValuesFrom(isPerpetratorOf ObjectUnionOf(Event Incident))) ObjectUnionOf(Event Incident)).
[2026-06-26 01:18:30.077] Found 90 possible bad axioms.
[2026-06-26 01:18:30.078] Selected the bad axiom SubClassOf(ObjectSomeValuesFrom(isVictimOf ObjectAllValuesFrom(location Location)) Victim).
[2026-06-26 01:18:30.083] Found 89 possible bad axioms.
[2026-06-26 01:18:30.084] Selected the bad axiom SubClassOf(ObjectSomeValuesFrom(involved owl:Thing) ObjectUnionOf(Event Incident)).
[2026-06-26 01:18:30.089] Found 88 possible bad axioms.
[2026-06-26 01:18:30.089] Selected the bad axiom SubClassOf(ObjectSomeValuesFrom(involved owl:Thing) Event).
[2026-06-26 01:18:30.099] Found 87 possible bad axioms.
[2026-06-26 01:18:30.099] Selected the bad axiom SubClassOf(owl:Thing ObjectAllValuesFrom(involved ObjectUnionOf(Trafficker Victim))).
[2026-06-26 01:18:30.104] Found 86 possible bad axioms.
[2026-06-26 01:18:30.104] Selected the bad axiom SubClassOf(ObjectSomeValuesFrom(affiliation ObjectAllValuesFrom(responseBy Organisation)) ObjectUnionOf(Perpetrator Victim)).
[2026-06-26 01:18:30.108] Found 85 possible bad axioms.
[2026-06-26 01:18:30.109] Selected the bad axiom SubClassOf(ObjectSomeValuesFrom(affiliation owl:Thing) Perpetrator).
[2026-06-26 01:18:30.112] Found 84 possible bad axioms.
[2026-06-26 01:18:30.113] Selected the bad axiom SubClassOf(owl:Thing ObjectAllValuesFrom(affected ObjectUnionOf(Organisation Victim))).
[2026-06-26 01:18:30.116] Found 83 possible bad axioms.
[2026-06-26 01:18:30.116] Selected the bad axiom SubClassOf(owl:Thing ObjectAllValuesFrom(location Location)).
[2026-06-26 01:18:30.120] Found 82 possible bad axioms.
[2026-06-26 01:18:30.120] Selected the bad axiom SubClassOf(ObjectSomeValuesFrom(location owl:Thing) ObjectUnionOf(Organisation ObjectUnionOf(Incident ObjectUnionOf(owl:Nothing ObjectUnionOf(Camp owl:Nothing))))).
[2026-06-26 01:18:30.123] Found 81 possible bad axioms.
[2026-06-26 01:18:30.123] Selected the bad axiom SubClassOf(owl:Thing ObjectSomeValuesFrom(location owl:Thing)).
[2026-06-26 01:18:30.131] Finished repairing the ontology.
Repairing with A2 (not-in-largest-mcs-removal)...
[2026-06-26 01:18:30.132] Checking precondition...
[2026-06-26 01:18:30.139] Starting the repair...
[2026-06-26 01:18:31.037] Found 1 possible bad axioms.
[2026-06-26 01:18:31.037] Selected the b
...[truncated]
FAIL: attempt=91 seed=1278051 status=time_limit_exceeded stage=B4 message=Repair timeout: B4 exceeded 300 seconds
progress: ontology=HDS attempt=91 success=36/100
----- HDS attempt=92 seed=1292251 at 2026-06-26 01:23:49 -----
--- stdout ---
{"seed":1292251,"run_id":"20260624134028346645","trial_status":"success","error_type":null,"failure_stage":null,"error_message":null,"iic_values":{"B1_vs_A1":1.0,"B1_vs_A2":1.0,"B1_vs_A3":0.5714285714285714,"B2_vs_A1":1.0,"B2_vs_A2":1.0,"B2_vs_A3":0.8421052631578947,"B3_vs_A1":1.0,"B3_vs_A2":1.0,"B3_vs_A3":0.8421052631578947,"B4_vs_A1":1.0,"B4_vs_A2":0.5,"B4_vs_A3":0.0,"B5_vs_A1":1.0,"B5_vs_A2":1.0,"B5_vs_A3":0.8421052631578947,"B6_vs_A1":1.0,"B6_vs_A2":1.0,"B6_vs_A3":0.8421052631578947,"B7_vs_A1":1.0,"B7_vs_A2":0.5,"B7_vs_A3":0.0,"B8_vs_A1":1.0,"B8_vs_A2":1.0,"B8_vs_A3":0.75,"B9_vs_A1":1.0,"B9_vs_A2":1.0,"B9_vs_A3":0.75},"repair_runtimes_ms":{"A1":242,"A2":824,"A3":2090,"B1":814,"B2":7989,"B3":5590,"B4":116,"B5":7292,"B6":5087,"B7":148,"B8":10374,"B9":8306}}

--- stderr ---
SingleTrialExperiment starting: ontology=/workspaces/ontologyutils-ekaw26/repair-power-index-replication-ekaw26/ontologies/inconsistent/HDS.owl, seed=1292251, run_id=20260624134028346645
Loaded ontology.
Normalizing ontology with SROIQ normalization...
Normalized ontology with SROIQ normalization.
Ontology is already inconsistent, skipping make-inconsistent step.
Repairing with A1 (random-removal)...
[2026-06-26 01:23:49.844] Checking precondition...
[2026-06-26 01:23:49.859] Starting the repair...
[2026-06-26 01:23:49.868] Found 91 possible bad axioms.
[2026-06-26 01:23:49.869] Selected the bad axiom SubClassOf(owl:Thing ObjectAllValuesFrom(location Location)).
[2026-06-26 01:23:49.876] Found 90 possible bad axioms.
[2026-06-26 01:23:49.877] Selected the bad axiom SubClassOf(ObjectSomeValuesFrom(location owl:Thing) ObjectUnionOf(owl:Nothing ObjectUnionOf(Incident ObjectUnionOf(Event ObjectUnionOf(Camp Destination))))).
[2026-06-26 01:23:49.884] Found 89 possible bad axioms.
[2026-06-26 01:23:49.884] Selected the bad axiom SubClassOf(ObjectSomeValuesFrom(affiliation owl:Thing) ObjectUnionOf(Perpetrator Victim)).
[2026-06-26 01:23:49.890] Found 88 possible bad axioms.
[2026-06-26 01:23:49.890] Selected the bad axiom SubClassOf(ObjectSomeValuesFrom(isPerpetratorOf ObjectAllValuesFrom(affected ObjectUnionOf(Organisation Victim))) Perpetrator).
[2026-06-26 01:23:49.901] Found 87 possible bad axioms.
[2026-06-26 01:23:49.901] Selected the bad axiom SubClassOf(ObjectSomeValuesFrom(involved ObjectAllValuesFrom(isVictimOf ObjectUnionOf(Event Incident))) ObjectUnionOf(Event Incident)).
[2026-06-26 01:23:49.906] Found 86 possible bad axioms.
[2026-06-26 01:23:49.906] Selected the bad axiom SubClassOf(ObjectSomeValuesFrom(affiliation ObjectAllValuesFrom(location Location)) ObjectUnionOf(Perpetrator Victim)).
[2026-06-26 01:23:49.910] Found 85 possible bad axioms.
[2026-06-26 01:23:49.910] Selected the bad axiom SubClassOf(ObjectSomeValuesFrom(involved owl:Thing) ObjectSomeValuesFrom(affected owl:Thing)).
[2026-06-26 01:23:49.914] Found 84 possible bad axioms.
[2026-06-26 01:23:49.914] Selected the bad axiom SubClassOf(ObjectSomeValuesFrom(isVictimOf ObjectAllValuesFrom(affected ObjectUnionOf(Organisation Victim))) Victim).
[2026-06-26 01:23:49.918] Found 83 possible bad axioms.
[2026-06-26 01:23:49.918] Selected the bad axiom SubClassOf(ObjectSomeValuesFrom(isPerpetratorOf ObjectAllValuesFrom(affiliation Organisation)) Perpetrator).
[2026-06-26 01:23:49.922] Found 82 possible bad axioms.
[2026-06-26 01:23:49.922] Selected the bad axiom SubClassOf(Location Victim).
[2026-06-26 01:23:49.926] Found 81 possible bad axioms.
[2026-06-26 01:23:49.926] Selected the bad axiom SubClassOf(ObjectSomeValuesFrom(isVictimOf ObjectAllValuesFrom(responseBy Organisation)) Victim).
[2026-06-26 01:23:49.934] Found 80 possible bad axioms.
[2026-06-26 01:23:49.935] Selected the bad axiom SubClassOf(ObjectAllValuesFrom(involved ObjectUnionOf(Victim ObjectUnionOf(Trafficker Object
...[truncated]
SUCCESS: attempt=92 seed=1292251 success_count=37/100
progress: ontology=HDS attempt=92 success=37/100
----- HDS attempt=93 seed=1306451 at 2026-06-26 01:24:38 -----
--- stdout ---
{"seed":1306451,"run_id":"20260624134028346645","trial_status":"success","error_type":null,"failure_stage":null,"error_message":null,"iic_values":{"B1_vs_A1":1.0,"B1_vs_A2":1.0,"B1_vs_A3":0.5,"B2_vs_A1":1.0,"B2_vs_A2":1.0,"B2_vs_A3":0.8333333333333334,"B3_vs_A1":1.0,"B3_vs_A2":1.0,"B3_vs_A3":0.7307692307692307,"B4_vs_A1":1.0,"B4_vs_A2":1.0,"B4_vs_A3":0.5,"B5_vs_A1":1.0,"B5_vs_A2":1.0,"B5_vs_A3":0.7307692307692307,"B6_vs_A1":1.0,"B6_vs_A2":1.0,"B6_vs_A3":0.8333333333333334,"B7_vs_A1":1.0,"B7_vs_A2":1.0,"B7_vs_A3":0.8333333333333334,"B8_vs_A1":1.0,"B8_vs_A2":1.0,"B8_vs_A3":0.7307692307692307,"B9_vs_A1":1.0,"B9_vs_A2":1.0,"B9_vs_A3":0.8333333333333334},"repair_runtimes_ms":{"A1":224,"A2":813,"A3":678,"B1":5567,"B2":8007,"B3":8554,"B4":269,"B5":10193,"B6":5092,"B7":143,"B8":9851,"B9":5474}}

--- stderr ---
SingleTrialExperiment starting: ontology=/workspaces/ontologyutils-ekaw26/repair-power-index-replication-ekaw26/ontologies/inconsistent/HDS.owl, seed=1306451, run_id=20260624134028346645
Loaded ontology.
Normalizing ontology with SROIQ normalization...
Normalized ontology with SROIQ normalization.
Ontology is already inconsistent, skipping make-inconsistent step.
Repairing with A1 (random-removal)...
[2026-06-26 01:24:39.240] Checking precondition...
[2026-06-26 01:24:39.256] Starting the repair...
[2026-06-26 01:24:39.264] Found 91 possible bad axioms.
[2026-06-26 01:24:39.266] Selected the bad axiom SubClassOf(owl:Thing ObjectAllValuesFrom(isVictimOf ObjectUnionOf(Event Incident))).
[2026-06-26 01:24:39.272] Found 90 possible bad axioms.
[2026-06-26 01:24:39.273] Selected the bad axiom SubClassOf(ObjectSomeValuesFrom(affiliation ObjectAllValuesFrom(location Location)) ObjectUnionOf(Perpetrator Victim)).
[2026-06-26 01:24:39.278] Found 89 possible bad axioms.
[2026-06-26 01:24:39.278] Selected the bad axiom SubClassOf(ObjectAllValuesFrom(affiliation Organisation) ObjectAllValuesFrom(involved ObjectUnionOf(Trafficker Victim))).
[2026-06-26 01:24:39.284] Found 88 possible bad axioms.
[2026-06-26 01:24:39.284] Selected the bad axiom SubClassOf(ObjectSomeValuesFrom(location owl:Thing) ObjectUnionOf(Organisation ObjectUnionOf(Incident ObjectUnionOf(owl:Nothing ObjectUnionOf(Camp owl:Nothing))))).
[2026-06-26 01:24:39.293] Found 87 possible bad axioms.
[2026-06-26 01:24:39.293] Selected the bad axiom SubClassOf(owl:Thing ObjectUnionOf(Perpetrator Victim)).
[2026-06-26 01:24:39.297] Found 86 possible bad axioms.
[2026-06-26 01:24:39.298] Selected the bad axiom SubClassOf(owl:Thing ObjectAllValuesFrom(responseBy Organisation)).
[2026-06-26 01:24:39.301] Found 85 possible bad axioms.
[2026-06-26 01:24:39.302] Selected the bad axiom SubClassOf(owl:Thing ObjectAllValuesFrom(location Location)).
[2026-06-26 01:24:39.306] Found 84 possible bad axioms.
[2026-06-26 01:24:39.306] Selected the bad axiom SubClassOf(ObjectSomeValuesFrom(responseBy ObjectAllValuesFrom(responseBy Organisation)) Incident).
[2026-06-26 01:24:39.310] Found 83 possible bad axioms.
[2026-06-26 01:24:39.310] Selected the bad axiom SubClassOf(owl:Thing ObjectAllValuesFrom(isPerpetratorOf Incident)).
[2026-06-26 01:24:39.313] Found 82 possible bad axioms.
[2026-06-26 01:24:39.313] Selected the bad axiom SubClassOf(ObjectAllValuesFrom(isVictimOf ObjectUnionOf(Event Incident)) ObjectAllValuesFrom(isPerpetratorOf ObjectUnionOf(Event Incident))).
[2026-06-26 01:24:39.316] Found 81 possible bad axioms.
[2026-06-26 01:24:39.316] Selected the bad axiom SubClassOf(ObjectSomeValuesFrom(affiliation owl:Thing) Perpetrator).
[2026-06-26 01:24:39.324] Found 80 possible bad axioms.
[2026-06-26 01:24:39.324] Selected the bad axiom SubClassOf(ObjectSomeValuesFrom(isVictimOf ObjectAllValuesFrom(responseBy Organisation)) Victim).
[2026-06-26 01:24:39.328] Found 79 possible bad axioms.
[2026-06-26 01:24:39.32
...[truncated]
SUCCESS: attempt=93 seed=1306451 success_count=38/100
progress: ontology=HDS attempt=93 success=38/100
----- HDS attempt=94 seed=1320651 at 2026-06-26 01:25:34 -----
--- stdout ---
{"seed":1320651,"run_id":"20260624134028346645","trial_status":"time_limit_exceeded","error_type":"timeout","failure_stage":"B7","error_message":"Repair timeout: B7 exceeded 300 seconds","iic_values":{},"repair_runtimes_ms":{"A1":136,"A2":883,"A3":7572,"B1":287,"B2":8075,"B3":5384,"B4":115,"B5":7447,"B6":5289,"B7":300027}}

--- stderr ---
SingleTrialExperiment starting: ontology=/workspaces/ontologyutils-ekaw26/repair-power-index-replication-ekaw26/ontologies/inconsistent/HDS.owl, seed=1320651, run_id=20260624134028346645
Loaded ontology.
Normalizing ontology with SROIQ normalization...
Normalized ontology with SROIQ normalization.
Ontology is already inconsistent, skipping make-inconsistent step.
Repairing with A1 (random-removal)...
[2026-06-26 01:25:34.622] Checking precondition...
[2026-06-26 01:25:34.638] Starting the repair...
[2026-06-26 01:25:34.647] Found 91 possible bad axioms.
[2026-06-26 01:25:34.649] Selected the bad axiom SubClassOf(ObjectSomeValuesFrom(location ObjectAllValuesFrom(location Location)) ObjectUnionOf(owl:Nothing ObjectUnionOf(Incident ObjectUnionOf(Event ObjectUnionOf(Camp Destination))))).
[2026-06-26 01:25:34.656] Found 90 possible bad axioms.
[2026-06-26 01:25:34.656] Selected the bad axiom SubClassOf(owl:Thing ObjectUnionOf(Organisation ObjectUnionOf(Incident ObjectUnionOf(Event ObjectUnionOf(Camp Destination))))).
[2026-06-26 01:25:34.661] Found 89 possible bad axioms.
[2026-06-26 01:25:34.662] Selected the bad axiom SubClassOf(owl:Thing ObjectAllValuesFrom(affiliation Organisation)).
[2026-06-26 01:25:34.667] Found 88 possible bad axioms.
[2026-06-26 01:25:34.667] Selected the bad axiom SubClassOf(owl:Thing ObjectAllValuesFrom(isPerpetratorOf ObjectUnionOf(Event Incident))).
[2026-06-26 01:25:34.679] Found 87 possible bad axioms.
[2026-06-26 01:25:34.679] Selected the bad axiom SubClassOf(ObjectSomeValuesFrom(affiliation owl:Thing) ObjectUnionOf(Perpetrator ObjectSomeValuesFrom(isVictimOf ObjectAllValuesFrom(isPerpetratorOf ObjectSomeValuesFrom(affected owl:Thing))))).
[2026-06-26 01:25:34.683] Found 86 possible bad axioms.
[2026-06-26 01:25:34.684] Selected the bad axiom SubClassOf(ObjectSomeValuesFrom(affected ObjectAllValuesFrom(isPerpetratorOf ObjectUnionOf(Event Incident))) ObjectUnionOf(Event Incident)).
[2026-06-26 01:25:34.689] Found 85 possible bad axioms.
[2026-06-26 01:25:34.689] Selected the bad axiom SubClassOf(owl:Thing ObjectAllValuesFrom(involved ObjectUnionOf(Victim ObjectUnionOf(Trafficker ObjectUnionOf(Perpetrator owl:Nothing))))).
[2026-06-26 01:25:34.694] Found 84 possible bad axioms.
[2026-06-26 01:25:34.694] Selected the bad axiom SubClassOf(ObjectAllValuesFrom(affiliation Organisation) ObjectAllValuesFrom(affected ObjectUnionOf(Organisation Victim))).
[2026-06-26 01:25:34.698] Found 83 possible bad axioms.
[2026-06-26 01:25:34.698] Selected the bad axiom SubClassOf(ObjectSomeValuesFrom(location ObjectAllValuesFrom(isPerpetratorOf ObjectUnionOf(Event Incident))) ObjectUnionOf(owl:Nothing ObjectUnionOf(Incident ObjectUnionOf(Event ObjectUnionOf(Camp Destination))))).
[2026-06-26 01:25:34.702] Found 82 possible bad axioms.
[2026-06-26 01:25:34.703] Selected the bad axiom SubClassOf(owl:Thing ObjectAllValuesFrom(involved Trafficker)).
[2026-06-26 01:25:34.706] Found 81 possible bad axioms.
[2026-06-26 01:25:34.706] Selected th
...[truncated]
FAIL: attempt=94 seed=1320651 status=time_limit_exceeded stage=B7 message=Repair timeout: B7 exceeded 300 seconds
progress: ontology=HDS attempt=94 success=38/100
----- HDS attempt=95 seed=1334851 at 2026-06-26 01:31:09 -----
--- stdout ---
{"seed":1334851,"run_id":"20260624134028346645","trial_status":"time_limit_exceeded","error_type":"timeout","failure_stage":"B4","error_message":"Repair timeout: B4 exceeded 300 seconds","iic_values":{},"repair_runtimes_ms":{"A1":211,"A2":822,"A3":806,"B1":1178,"B2":10512,"B3":8465,"B4":300234}}

--- stderr ---
SingleTrialExperiment starting: ontology=/workspaces/ontologyutils-ekaw26/repair-power-index-replication-ekaw26/ontologies/inconsistent/HDS.owl, seed=1334851, run_id=20260624134028346645
Loaded ontology.
Normalizing ontology with SROIQ normalization...
Normalized ontology with SROIQ normalization.
Ontology is already inconsistent, skipping make-inconsistent step.
Repairing with A1 (random-removal)...
[2026-06-26 01:31:10.310] Checking precondition...
[2026-06-26 01:31:10.325] Starting the repair...
[2026-06-26 01:31:10.333] Found 91 possible bad axioms.
[2026-06-26 01:31:10.335] Selected the bad axiom SubClassOf(owl:Thing ObjectAllValuesFrom(involved ObjectUnionOf(Trafficker ObjectSomeValuesFrom(isVictimOf owl:Thing)))).
[2026-06-26 01:31:10.342] Found 90 possible bad axioms.
[2026-06-26 01:31:10.342] Selected the bad axiom SubClassOf(ObjectSomeValuesFrom(isVictimOf ObjectAllValuesFrom(location ObjectAllValuesFrom(responseBy Organisation))) Victim).
[2026-06-26 01:31:10.348] Found 89 possible bad axioms.
[2026-06-26 01:31:10.348] Selected the bad axiom SubClassOf(owl:Thing ObjectAllValuesFrom(involved ObjectUnionOf(Victim ObjectUnionOf(Trafficker ObjectUnionOf(Organisation ObjectSomeValuesFrom(isPerpetratorOf owl:Thing)))))).
[2026-06-26 01:31:10.353] Found 88 possible bad axioms.
[2026-06-26 01:31:10.353] Selected the bad axiom SubClassOf(owl:Thing ObjectAllValuesFrom(involved Trafficker)).
[2026-06-26 01:31:10.362] Found 87 possible bad axioms.
[2026-06-26 01:31:10.362] Selected the bad axiom SubClassOf(ObjectSomeValuesFrom(isPerpetratorOf owl:Thing) Perpetrator).
[2026-06-26 01:31:10.366] Found 86 possible bad axioms.
[2026-06-26 01:31:10.367] Selected the bad axiom SubClassOf(ObjectSomeValuesFrom(affected owl:Thing) ObjectUnionOf(Event Incident)).
[2026-06-26 01:31:10.371] Found 85 possible bad axioms.
[2026-06-26 01:31:10.371] Selected the bad axiom SubClassOf(ObjectSomeValuesFrom(affiliation owl:Thing) ObjectSomeValuesFrom(isVictimOf owl:Thing)).
[2026-06-26 01:31:10.374] Found 84 possible bad axioms.
[2026-06-26 01:31:10.375] Selected the bad axiom SubClassOf(ObjectSomeValuesFrom(location owl:Thing) ObjectUnionOf(owl:Nothing ObjectUnionOf(Incident ObjectUnionOf(Event ObjectUnionOf(Destination owl:Nothing))))).
[2026-06-26 01:31:10.378] Found 83 possible bad axioms.
[2026-06-26 01:31:10.379] Selected the bad axiom SubClassOf(ObjectSomeValuesFrom(location owl:Thing) ObjectUnionOf(Organisation ObjectUnionOf(Incident ObjectUnionOf(Event ObjectUnionOf(Camp Destination))))).
[2026-06-26 01:31:10.382] Found 82 possible bad axioms.
[2026-06-26 01:31:10.383] Selected the bad axiom SubClassOf(ObjectSomeValuesFrom(affiliation ObjectAllValuesFrom(location Location)) ObjectUnionOf(Perpetrator Victim)).
[2026-06-26 01:31:10.386] Found 81 possible bad axioms.
[2026-06-26 01:31:10.386] Selected the bad axiom SubClassOf(ObjectAllValuesFrom(involved ObjectUnionOf(Victim ObjectUnionOf(Trafficker ObjectUnionOf(Organisation Perpetrator)))) ObjectAllValuesFrom(
...[truncated]
FAIL: attempt=95 seed=1334851 status=time_limit_exceeded stage=B4 message=Repair timeout: B4 exceeded 300 seconds
progress: ontology=HDS attempt=95 success=38/100
----- HDS attempt=96 seed=1349051 at 2026-06-26 01:36:32 -----
--- stdout ---
{"seed":1349051,"run_id":"20260624134028346645","trial_status":"success","error_type":null,"failure_stage":null,"error_message":null,"iic_values":{"B1_vs_A1":0.5,"B1_vs_A2":0.5,"B1_vs_A3":0.5,"B2_vs_A1":1.0,"B2_vs_A2":1.0,"B2_vs_A3":1.0,"B3_vs_A1":1.0,"B3_vs_A2":1.0,"B3_vs_A3":1.0,"B4_vs_A1":0.7446808510638298,"B4_vs_A2":0.7446808510638298,"B4_vs_A3":0.7446808510638298,"B5_vs_A1":1.0,"B5_vs_A2":1.0,"B5_vs_A3":1.0,"B6_vs_A1":1.0,"B6_vs_A2":1.0,"B6_vs_A3":1.0,"B7_vs_A1":0.5897435897435898,"B7_vs_A2":0.5897435897435898,"B7_vs_A3":0.5897435897435898,"B8_vs_A1":1.0,"B8_vs_A2":1.0,"B8_vs_A3":1.0,"B9_vs_A1":1.0,"B9_vs_A2":1.0,"B9_vs_A3":1.0},"repair_runtimes_ms":{"A1":151,"A2":877,"A3":508,"B1":397,"B2":10546,"B3":8443,"B4":872,"B5":10096,"B6":8020,"B7":815,"B8":10207,"B9":5498}}

--- stderr ---
SingleTrialExperiment starting: ontology=/workspaces/ontologyutils-ekaw26/repair-power-index-replication-ekaw26/ontologies/inconsistent/HDS.owl, seed=1349051, run_id=20260624134028346645
Loaded ontology.
Normalizing ontology with SROIQ normalization...
Normalized ontology with SROIQ normalization.
Ontology is already inconsistent, skipping make-inconsistent step.
Repairing with A1 (random-removal)...
[2026-06-26 01:36:33.021] Checking precondition...
[2026-06-26 01:36:33.039] Starting the repair...
[2026-06-26 01:36:33.047] Found 91 possible bad axioms.
[2026-06-26 01:36:33.049] Selected the bad axiom SubClassOf(owl:Thing ObjectAllValuesFrom(isVictimOf ObjectUnionOf(Event Incident))).
[2026-06-26 01:36:33.056] Found 90 possible bad axioms.
[2026-06-26 01:36:33.056] Selected the bad axiom SubClassOf(owl:Thing ObjectAllValuesFrom(location Location)).
[2026-06-26 01:36:33.062] Found 89 possible bad axioms.
[2026-06-26 01:36:33.062] Selected the bad axiom SubClassOf(owl:Thing ObjectUnionOf(Organisation ObjectUnionOf(Incident ObjectUnionOf(owl:Nothing ObjectUnionOf(Camp Destination))))).
[2026-06-26 01:36:33.072] Found 88 possible bad axioms.
[2026-06-26 01:36:33.072] Selected the bad axiom SubClassOf(owl:Thing ObjectAllValuesFrom(involved ObjectUnionOf(Victim ObjectUnionOf(Trafficker ObjectUnionOf(Organisation ObjectSomeValuesFrom(isPerpetratorOf owl:Thing)))))).
[2026-06-26 01:36:33.077] Found 87 possible bad axioms.
[2026-06-26 01:36:33.077] Selected the bad axiom SubClassOf(ObjectSomeValuesFrom(responseBy owl:Thing) ObjectUnionOf(Event Incident)).
[2026-06-26 01:36:33.082] Found 86 possible bad axioms.
[2026-06-26 01:36:33.082] Selected the bad axiom SubClassOf(ObjectSomeValuesFrom(location ObjectAllValuesFrom(isPerpetratorOf ObjectUnionOf(Event Incident))) ObjectUnionOf(Organisation ObjectUnionOf(Incident ObjectUnionOf(Event ObjectUnionOf(Camp owl:Nothing))))).
[2026-06-26 01:36:33.086] Found 85 possible bad axioms.
[2026-06-26 01:36:33.086] Selected the bad axiom SubClassOf(ObjectSomeValuesFrom(isPerpetratorOf ObjectAllValuesFrom(affiliation ObjectUnionOf(Organisation Victim))) Perpetrator).
[2026-06-26 01:36:33.090] Found 84 possible bad axioms.
[2026-06-26 01:36:33.090] Selected the bad axiom SubClassOf(ObjectAllValuesFrom(isPerpetratorOf ObjectUnionOf(Event Incident)) ObjectAllValuesFrom(isVictimOf ObjectUnionOf(Event Incident))).
[2026-06-26 01:36:33.094] Found 83 possible bad axioms.
[2026-06-26 01:36:33.094] Selected the bad axiom SubClassOf(owl:Thing ObjectAllValuesFrom(involved ObjectUnionOf(Victim ObjectUnionOf(Perpetrator Trafficker)))).
[2026-06-26 01:36:33.097] Found 82 possible bad axioms.
[2026-06-26 01:36:33.097] Selected the bad axiom SubClassOf(ObjectAllValuesFrom(location Location) ObjectAllValuesFrom(isPerpetratorOf Incident)).
[2026-06-26 01:36:33.100] Found 81 possible bad axioms.
[2026-06-26 01:36:33.100] Selected the bad axiom SubClassOf(ObjectSomeValuesFrom(affected ObjectAllValuesFrom(isPerpetratorOf ObjectUnionOf(Event 
...[truncated]
SUCCESS: attempt=96 seed=1349051 success_count=39/100
progress: ontology=HDS attempt=96 success=39/100
----- HDS attempt=97 seed=1363251 at 2026-06-26 01:37:29 -----
--- stdout ---
{"seed":1363251,"run_id":"20260624134028346645","trial_status":"success","error_type":null,"failure_stage":null,"error_message":null,"iic_values":{"B1_vs_A1":1.0,"B1_vs_A2":1.0,"B1_vs_A3":0.0,"B2_vs_A1":1.0,"B2_vs_A2":1.0,"B2_vs_A3":0.2692307692307692,"B3_vs_A1":1.0,"B3_vs_A2":1.0,"B3_vs_A3":0.5,"B4_vs_A1":1.0,"B4_vs_A2":1.0,"B4_vs_A3":0.0,"B5_vs_A1":1.0,"B5_vs_A2":1.0,"B5_vs_A3":0.2692307692307692,"B6_vs_A1":1.0,"B6_vs_A2":1.0,"B6_vs_A3":0.5,"B7_vs_A1":1.0,"B7_vs_A2":1.0,"B7_vs_A3":0.15789473684210525,"B8_vs_A1":1.0,"B8_vs_A2":1.0,"B8_vs_A3":0.5,"B9_vs_A1":1.0,"B9_vs_A2":1.0,"B9_vs_A3":0.2692307692307692},"repair_runtimes_ms":{"A1":184,"A2":871,"A3":448,"B1":6734,"B2":10564,"B3":5735,"B4":110,"B5":10075,"B6":5509,"B7":148,"B8":7132,"B9":8566}}

--- stderr ---
SingleTrialExperiment starting: ontology=/workspaces/ontologyutils-ekaw26/repair-power-index-replication-ekaw26/ontologies/inconsistent/HDS.owl, seed=1363251, run_id=20260624134028346645
Loaded ontology.
Normalizing ontology with SROIQ normalization...
Normalized ontology with SROIQ normalization.
Ontology is already inconsistent, skipping make-inconsistent step.
Repairing with A1 (random-removal)...
[2026-06-26 01:37:29.992] Checking precondition...
[2026-06-26 01:37:30.008] Starting the repair...
[2026-06-26 01:37:30.017] Found 91 possible bad axioms.
[2026-06-26 01:37:30.019] Selected the bad axiom SubClassOf(ObjectAllValuesFrom(affiliation Organisation) ObjectAllValuesFrom(affected ObjectUnionOf(Organisation Victim))).
[2026-06-26 01:37:30.026] Found 90 possible bad axioms.
[2026-06-26 01:37:30.026] Selected the bad axiom SubClassOf(ObjectAllValuesFrom(location Location) ObjectAllValuesFrom(isPerpetratorOf Incident)).
[2026-06-26 01:37:30.031] Found 89 possible bad axioms.
[2026-06-26 01:37:30.032] Selected the bad axiom SubClassOf(ObjectSomeValuesFrom(location ObjectAllValuesFrom(location Location)) ObjectUnionOf(owl:Nothing ObjectUnionOf(Incident ObjectUnionOf(Event ObjectUnionOf(Camp Destination))))).
[2026-06-26 01:37:30.037] Found 88 possible bad axioms.
[2026-06-26 01:37:30.037] Selected the bad axiom SubClassOf(ObjectAllValuesFrom(isVictimOf ObjectUnionOf(Event Incident)) ObjectAllValuesFrom(affected ObjectUnionOf(Organisation Victim))).
[2026-06-26 01:37:30.046] Found 87 possible bad axioms.
[2026-06-26 01:37:30.047] Selected the bad axiom SubClassOf(ObjectSomeValuesFrom(involved owl:Thing) Event).
[2026-06-26 01:37:30.051] Found 86 possible bad axioms.
[2026-06-26 01:37:30.052] Selected the bad axiom SubClassOf(owl:Thing ObjectAllValuesFrom(affiliation Organisation)).
[2026-06-26 01:37:30.055] Found 85 possible bad axioms.
[2026-06-26 01:37:30.055] Selected the bad axiom SubClassOf(owl:Thing ObjectAllValuesFrom(responseBy Organisation)).
[2026-06-26 01:37:30.060] Found 84 possible bad axioms.
[2026-06-26 01:37:30.060] Selected the bad axiom SubClassOf(ObjectSomeValuesFrom(isVictimOf ObjectAllValuesFrom(affected ObjectUnionOf(Victim ObjectUnionOf(Organisation Perpetrator)))) Victim).
[2026-06-26 01:37:30.064] Found 83 possible bad axioms.
[2026-06-26 01:37:30.064] Selected the bad axiom SubClassOf(ObjectSomeValuesFrom(location ObjectAllValuesFrom(isPerpetratorOf ObjectUnionOf(Event Incident))) ObjectUnionOf(owl:Nothing ObjectUnionOf(Incident ObjectUnionOf(Event ObjectUnionOf(Camp Destination))))).
[2026-06-26 01:37:30.068] Found 82 possible bad axioms.
[2026-06-26 01:37:30.068] Selected the bad axiom SubClassOf(owl:Thing ObjectAllValuesFrom(affected ObjectUnionOf(Organisation Victim))).
[2026-06-26 01:37:30.071] Found 81 possible bad axioms.
[2026-06-26 01:37:30.071] Selected the bad axiom SubClassOf(owl:Thing ObjectAllValuesFrom(involved ObjectUnionOf(Victim ObjectUnionOf(Trafficker ObjectUnionOf(Organisation Perpetrator))))).
[2026-
...[truncated]
SUCCESS: attempt=97 seed=1363251 success_count=40/100
progress: ontology=HDS attempt=97 success=40/100
----- HDS attempt=98 seed=1377451 at 2026-06-26 01:38:26 -----
--- stdout ---
{"seed":1377451,"run_id":"20260624134028346645","trial_status":"memory_limit_exceeded","error_type":"failure","failure_stage":"B4","error_message":"Repair failed: ExecutionException: java.lang.NullPointerException: operands cannot be null or empty","iic_values":{},"repair_runtimes_ms":{"A1":168,"A2":865,"A3":1049,"B1":1494,"B2":10566,"B3":8598,"B4":184034}}

--- stderr ---
SingleTrialExperiment starting: ontology=/workspaces/ontologyutils-ekaw26/repair-power-index-replication-ekaw26/ontologies/inconsistent/HDS.owl, seed=1377451, run_id=20260624134028346645
Loaded ontology.
Normalizing ontology with SROIQ normalization...
Normalized ontology with SROIQ normalization.
Ontology is already inconsistent, skipping make-inconsistent step.
Repairing with A1 (random-removal)...
[2026-06-26 01:38:26.582] Checking precondition...
[2026-06-26 01:38:26.598] Starting the repair...
[2026-06-26 01:38:26.607] Found 91 possible bad axioms.
[2026-06-26 01:38:26.609] Selected the bad axiom SubClassOf(owl:Thing ObjectAllValuesFrom(responseBy Organisation)).
[2026-06-26 01:38:26.615] Found 90 possible bad axioms.
[2026-06-26 01:38:26.616] Selected the bad axiom SubClassOf(owl:Thing ObjectUnionOf(Organisation ObjectUnionOf(Incident ObjectUnionOf(Event ObjectUnionOf(Camp Destination))))).
[2026-06-26 01:38:26.621] Found 89 possible bad axioms.
[2026-06-26 01:38:26.622] Selected the bad axiom SubClassOf(ObjectSomeValuesFrom(isPerpetratorOf ObjectAllValuesFrom(affiliation ObjectUnionOf(Organisation Victim))) Perpetrator).
[2026-06-26 01:38:26.627] Found 88 possible bad axioms.
[2026-06-26 01:38:26.627] Selected the bad axiom SubClassOf(ObjectSomeValuesFrom(affiliation owl:Thing) ObjectSomeValuesFrom(isPerpetratorOf owl:Thing)).
[2026-06-26 01:38:26.637] Found 87 possible bad axioms.
[2026-06-26 01:38:26.637] Selected the bad axiom SubClassOf(ObjectAllValuesFrom(isVictimOf ObjectUnionOf(Event Incident)) ObjectAllValuesFrom(location Location)).
[2026-06-26 01:38:26.642] Found 86 possible bad axioms.
[2026-06-26 01:38:26.642] Selected the bad axiom SubClassOf(ObjectSomeValuesFrom(isVictimOf ObjectAllValuesFrom(affected ObjectUnionOf(Victim ObjectUnionOf(Organisation Perpetrator)))) Victim).
[2026-06-26 01:38:26.646] Found 85 possible bad axioms.
[2026-06-26 01:38:26.646] Selected the bad axiom SubClassOf(ObjectSomeValuesFrom(location owl:Thing) ObjectUnionOf(Organisation ObjectUnionOf(Incident ObjectUnionOf(Camp Event)))).
[2026-06-26 01:38:26.649] Found 84 possible bad axioms.
[2026-06-26 01:38:26.649] Selected the bad axiom SubClassOf(owl:Thing Location).
[2026-06-26 01:38:26.653] Found 83 possible bad axioms.
[2026-06-26 01:38:26.653] Selected the bad axiom SubClassOf(ObjectSomeValuesFrom(responseBy owl:Thing) ObjectUnionOf(Event Incident)).
[2026-06-26 01:38:26.656] Found 82 possible bad axioms.
[2026-06-26 01:38:26.656] Selected the bad axiom SubClassOf(ObjectSomeValuesFrom(location owl:Thing) ObjectUnionOf(owl:Nothing ObjectUnionOf(Incident ObjectUnionOf(Event ObjectUnionOf(Destination owl:Nothing))))).
[2026-06-26 01:38:26.659] Found 81 possible bad axioms.
[2026-06-26 01:38:26.660] Selected the bad axiom SubClassOf(ObjectSomeValuesFrom(isPerpetratorOf ObjectAllValuesFrom(responseBy Organisation)) Perpetrator).
[2026-06-26 01:38:26.668] Found 80 possible bad axioms.
[2026-06-26 01:38:26.668] Selected the bad axiom SubClassOf(ObjectSomeV
...[truncated]
FAIL: attempt=98 seed=1377451 status=memory_limit_exceeded stage=B4 message=Repair failed: ExecutionException: java.lang.NullPointerException: operands cannot be null or empty
progress: ontology=HDS attempt=98 success=40/100
----- HDS attempt=99 seed=1391651 at 2026-06-26 01:41:53 -----
--- stdout ---
{"seed":1391651,"run_id":"20260624134028346645","trial_status":"success","error_type":null,"failure_stage":null,"error_message":null,"iic_values":{"B1_vs_A1":1.0,"B1_vs_A2":1.0,"B1_vs_A3":0.5,"B2_vs_A1":1.0,"B2_vs_A2":1.0,"B2_vs_A3":0.8333333333333334,"B3_vs_A1":1.0,"B3_vs_A2":1.0,"B3_vs_A3":0.7307692307692307,"B4_vs_A1":1.0,"B4_vs_A2":1.0,"B4_vs_A3":0.7307692307692307,"B5_vs_A1":1.0,"B5_vs_A2":1.0,"B5_vs_A3":0.8333333333333334,"B6_vs_A1":1.0,"B6_vs_A2":1.0,"B6_vs_A3":0.8333333333333334,"B7_vs_A1":1.0,"B7_vs_A2":0.5,"B7_vs_A3":0.0,"B8_vs_A1":1.0,"B8_vs_A2":1.0,"B8_vs_A3":0.7307692307692307,"B9_vs_A1":1.0,"B9_vs_A2":1.0,"B9_vs_A3":0.7307692307692307},"repair_runtimes_ms":{"A1":212,"A2":858,"A3":845,"B1":315,"B2":8091,"B3":8544,"B4":145,"B5":6817,"B6":5079,"B7":147,"B8":10256,"B9":8476}}

--- stderr ---
SingleTrialExperiment starting: ontology=/workspaces/ontologyutils-ekaw26/repair-power-index-replication-ekaw26/ontologies/inconsistent/HDS.owl, seed=1391651, run_id=20260624134028346645
Loaded ontology.
Normalizing ontology with SROIQ normalization...
Normalized ontology with SROIQ normalization.
Ontology is already inconsistent, skipping make-inconsistent step.
Repairing with A1 (random-removal)...
[2026-06-26 01:41:53.830] Checking precondition...
[2026-06-26 01:41:53.851] Starting the repair...
[2026-06-26 01:41:53.861] Found 91 possible bad axioms.
[2026-06-26 01:41:53.863] Selected the bad axiom SubClassOf(ObjectSomeValuesFrom(affiliation ObjectAllValuesFrom(responseBy Organisation)) ObjectUnionOf(Perpetrator ObjectSomeValuesFrom(isVictimOf owl:Thing))).
[2026-06-26 01:41:53.870] Found 90 possible bad axioms.
[2026-06-26 01:41:53.870] Selected the bad axiom SubClassOf(owl:Thing ObjectAllValuesFrom(isVictimOf ObjectSomeValuesFrom(involved owl:Thing))).
[2026-06-26 01:41:53.876] Found 89 possible bad axioms.
[2026-06-26 01:41:53.876] Selected the bad axiom SubClassOf(owl:Thing ObjectUnionOf(Organisation ObjectUnionOf(Incident ObjectUnionOf(owl:Nothing ObjectUnionOf(Camp Destination))))).
[2026-06-26 01:41:53.886] Found 88 possible bad axioms.
[2026-06-26 01:41:53.886] Selected the bad axiom SubClassOf(owl:Thing ObjectAllValuesFrom(location owl:Nothing)).
[2026-06-26 01:41:53.891] Found 87 possible bad axioms.
[2026-06-26 01:41:53.891] Selected the bad axiom SubClassOf(ObjectAllValuesFrom(isPerpetratorOf ObjectUnionOf(Event Incident)) ObjectAllValuesFrom(affected ObjectUnionOf(Organisation Victim))).
[2026-06-26 01:41:53.896] Found 86 possible bad axioms.
[2026-06-26 01:41:53.897] Selected the bad axiom SubClassOf(ObjectSomeValuesFrom(location owl:Thing) ObjectUnionOf(Organisation ObjectUnionOf(Incident ObjectUnionOf(Event ObjectUnionOf(Camp Destination))))).
[2026-06-26 01:41:53.901] Found 85 possible bad axioms.
[2026-06-26 01:41:53.901] Selected the bad axiom SubClassOf(owl:Thing ObjectUnionOf(Organisation ObjectUnionOf(Incident ObjectUnionOf(Event ObjectUnionOf(Camp Destination))))).
[2026-06-26 01:41:53.905] Found 84 possible bad axioms.
[2026-06-26 01:41:53.905] Selected the bad axiom SubClassOf(ObjectSomeValuesFrom(location ObjectAllValuesFrom(location Location)) ObjectUnionOf(owl:Nothing ObjectUnionOf(Incident ObjectUnionOf(Destination Event)))).
[2026-06-26 01:41:53.908] Found 83 possible bad axioms.
[2026-06-26 01:41:53.908] Selected the bad axiom SubClassOf(ObjectSomeValuesFrom(isVictimOf ObjectAllValuesFrom(isPerpetratorOf ObjectUnionOf(Event Incident))) Victim).
[2026-06-26 01:41:53.911] Found 82 possible bad axioms.
[2026-06-26 01:41:53.911] Selected the bad axiom SubClassOf(ObjectSomeValuesFrom(location ObjectAllValuesFrom(involved ObjectUnionOf(Victim ObjectUnionOf(Trafficker ObjectUnionOf(Organisation Perpetrator))))) ObjectUnionOf(Organisation ObjectUnionOf(Incident ObjectUnionOf(Camp Event)))).
[2026-06-26 01:41:53.915] Foun
...[truncated]
SUCCESS: attempt=99 seed=1391651 success_count=41/100
progress: ontology=HDS attempt=99 success=41/100
----- HDS attempt=100 seed=1405851 at 2026-06-26 01:42:43 -----
--- stdout ---
{"seed":1405851,"run_id":"20260624134028346645","trial_status":"time_limit_exceeded","error_type":"timeout","failure_stage":"B7","error_message":"Repair timeout: B7 exceeded 300 seconds","iic_values":{},"repair_runtimes_ms":{"A1":143,"A2":882,"A3":1236,"B1":1750,"B2":10859,"B3":8601,"B4":122,"B5":7540,"B6":8500,"B7":300236}}

--- stderr ---
SingleTrialExperiment starting: ontology=/workspaces/ontologyutils-ekaw26/repair-power-index-replication-ekaw26/ontologies/inconsistent/HDS.owl, seed=1405851, run_id=20260624134028346645
Loaded ontology.
Normalizing ontology with SROIQ normalization...
Normalized ontology with SROIQ normalization.
Ontology is already inconsistent, skipping make-inconsistent step.
Repairing with A1 (random-removal)...
[2026-06-26 01:42:44.132] Checking precondition...
[2026-06-26 01:42:44.149] Starting the repair...
[2026-06-26 01:42:44.158] Found 91 possible bad axioms.
[2026-06-26 01:42:44.160] Selected the bad axiom SubClassOf(owl:Thing ObjectAllValuesFrom(involved Trafficker)).
[2026-06-26 01:42:44.166] Found 90 possible bad axioms.
[2026-06-26 01:42:44.167] Selected the bad axiom SubClassOf(ObjectSomeValuesFrom(affiliation ObjectAllValuesFrom(location Location)) Perpetrator).
[2026-06-26 01:42:44.172] Found 89 possible bad axioms.
[2026-06-26 01:42:44.173] Selected the bad axiom SubClassOf(ObjectSomeValuesFrom(isPerpetratorOf owl:Thing) Perpetrator).
[2026-06-26 01:42:44.178] Found 88 possible bad axioms.
[2026-06-26 01:42:44.178] Selected the bad axiom SubClassOf(ObjectAllValuesFrom(location Location) ObjectAllValuesFrom(location owl:Nothing)).
[2026-06-26 01:42:44.187] Found 87 possible bad axioms.
[2026-06-26 01:42:44.188] Selected the bad axiom SubClassOf(ObjectAllValuesFrom(involved ObjectUnionOf(Victim ObjectUnionOf(Trafficker ObjectUnionOf(Organisation Perpetrator)))) ObjectAllValuesFrom(isPerpetratorOf ObjectUnionOf(Event Incident))).
[2026-06-26 01:42:44.192] Found 86 possible bad axioms.
[2026-06-26 01:42:44.192] Selected the bad axiom SubClassOf(ObjectSomeValuesFrom(location ObjectAllValuesFrom(isPerpetratorOf ObjectUnionOf(Event Incident))) ObjectUnionOf(Organisation ObjectUnionOf(Incident ObjectUnionOf(Event ObjectUnionOf(Camp owl:Nothing))))).
[2026-06-26 01:42:44.196] Found 85 possible bad axioms.
[2026-06-26 01:42:44.196] Selected the bad axiom SubClassOf(ObjectSomeValuesFrom(involved owl:Thing) ObjectUnionOf(Event Incident)).
[2026-06-26 01:42:44.201] Found 84 possible bad axioms.
[2026-06-26 01:42:44.201] Selected the bad axiom SubClassOf(ObjectSomeValuesFrom(location owl:Thing) ObjectUnionOf(owl:Nothing ObjectUnionOf(Incident ObjectUnionOf(Event ObjectUnionOf(Camp Destination))))).
[2026-06-26 01:42:44.204] Found 83 possible bad axioms.
[2026-06-26 01:42:44.204] Selected the bad axiom SubClassOf(ObjectAllValuesFrom(affiliation Organisation) ObjectAllValuesFrom(involved ObjectUnionOf(Trafficker Victim))).
[2026-06-26 01:42:44.208] Found 82 possible bad axioms.
[2026-06-26 01:42:44.208] Selected the bad axiom SubClassOf(owl:Thing ObjectAllValuesFrom(isPerpetratorOf ObjectUnionOf(Event Incident))).
[2026-06-26 01:42:44.211] Found 81 possible bad axioms.
[2026-06-26 01:42:44.212] Selected the bad axiom SubClassOf(ObjectSomeValuesFrom(affiliation ObjectAllValuesFrom(responseBy Organisation)) ObjectUnionOf(Perpetrator ObjectSomeValuesFrom(isVicti
...[truncated]
FAIL: attempt=100 seed=1405851 status=time_limit_exceeded stage=B7 message=Repair timeout: B7 exceeded 300 seconds
progress: ontology=HDS attempt=100 success=41/100
----- HDS attempt=101 seed=1420051 at 2026-06-26 01:48:24 -----
--- stdout ---
{"seed":1420051,"run_id":"20260624134028346645","trial_status":"time_limit_exceeded","error_type":"timeout","failure_stage":"B7","error_message":"Repair timeout: B7 exceeded 300 seconds","iic_values":{},"repair_runtimes_ms":{"A1":38,"A2":936,"A3":10042,"B1":2297,"B2":8073,"B3":8465,"B4":195,"B5":10172,"B6":5339,"B7":300015}}

--- stderr ---
SingleTrialExperiment starting: ontology=/workspaces/ontologyutils-ekaw26/repair-power-index-replication-ekaw26/ontologies/inconsistent/HDS.owl, seed=1420051, run_id=20260624134028346645
Loaded ontology.
Normalizing ontology with SROIQ normalization...
Normalized ontology with SROIQ normalization.
Ontology is already inconsistent, skipping make-inconsistent step.
Repairing with A1 (random-removal)...
[2026-06-26 01:48:24.504] Checking precondition...
[2026-06-26 01:48:24.521] Starting the repair...
[2026-06-26 01:48:24.530] Found 91 possible bad axioms.
[2026-06-26 01:48:24.531] Selected the bad axiom SubClassOf(owl:Thing ObjectSomeValuesFrom(location owl:Thing)).
[2026-06-26 01:48:24.538] Finished repairing the ontology.
Repairing with A2 (not-in-largest-mcs-removal)...
[2026-06-26 01:48:24.539] Checking precondition...
[2026-06-26 01:48:24.547] Starting the repair...
[2026-06-26 01:48:25.471] Found 1 possible bad axioms.
[2026-06-26 01:48:25.472] Selected the bad axiom SubClassOf(owl:Thing ObjectSomeValuesFrom(location owl:Thing)).
[2026-06-26 01:48:25.474] Finished repairing the ontology.
Repairing with A3 (default-weakening)...
[2026-06-26 01:48:25.476] Checking precondition...
[2026-06-26 01:48:25.479] Starting the repair...
[2026-06-26 01:48:25.494] Selected a reference ontology with 106 axioms.
[2026-06-26 01:48:25.810] Selected the bad axiom SubClassOf(owl:Thing ObjectSomeValuesFrom(location owl:Thing)).
[2026-06-26 01:48:25.951] Selected the weaker axiom SubClassOf(ObjectAllValuesFrom(responseBy Organisation) ObjectSomeValuesFrom(location owl:Thing)).
[2026-06-26 01:48:26.229] Selected the bad axiom SubClassOf(owl:Thing ObjectAllValuesFrom(responseBy Organisation)).
[2026-06-26 01:48:26.236] Selected the weaker axiom SubClassOf(ObjectAllValuesFrom(involved ObjectUnionOf(Victim ObjectUnionOf(Trafficker ObjectUnionOf(Trafficker ObjectUnionOf(Organisation Perpetrator))))) ObjectAllValuesFrom(responseBy Organisation)).
[2026-06-26 01:48:26.530] Selected the bad axiom SubClassOf(ObjectAllValuesFrom(involved ObjectUnionOf(Victim ObjectUnionOf(Trafficker ObjectUnionOf(Trafficker ObjectUnionOf(Organisation Perpetrator))))) ObjectAllValuesFrom(responseBy Organisation)).
[2026-06-26 01:48:26.544] Selected the weaker axiom SubClassOf(ObjectUnionOf(Incident ObjectUnionOf(Event ObjectUnionOf(Camp Destination))) ObjectAllValuesFrom(responseBy Organisation)).
[2026-06-26 01:48:35.510] Selected the bad axiom SubClassOf(ObjectUnionOf(Incident ObjectUnionOf(Event ObjectUnionOf(Camp Destination))) ObjectAllValuesFrom(responseBy Organisation)).
[2026-06-26 01:48:35.516] Selected the weaker axiom SubClassOf(ObjectUnionOf(Incident ObjectUnionOf(Event ObjectUnionOf(Camp Destination))) ObjectUnionOf(Victim ObjectUnionOf(Trafficker ObjectUnionOf(Organisation Perpetrator)))).
[2026-06-26 01:48:35.517] Finished repairing the ontology.
Repairing with B1 (bad-in_some_mus-weaker-random)...
[2026-06-26 01:48:35.518] Checking precondition...
[2026-06-26 01:48:35.520] S
...[truncated]
FAIL: attempt=101 seed=1420051 status=time_limit_exceeded stage=B7 message=Repair timeout: B7 exceeded 300 seconds
progress: ontology=HDS attempt=101 success=41/100
----- HDS attempt=102 seed=1434251 at 2026-06-26 01:54:10 -----
--- stdout ---
{"seed":1434251,"run_id":"20260624134028346645","trial_status":"time_limit_exceeded","error_type":"timeout","failure_stage":"B4","error_message":"Repair timeout: B4 exceeded 300 seconds","iic_values":{},"repair_runtimes_ms":{"A1":211,"A2":827,"A3":7043,"B1":835,"B2":8081,"B3":8277,"B4":300012}}

--- stderr ---
SingleTrialExperiment starting: ontology=/workspaces/ontologyutils-ekaw26/repair-power-index-replication-ekaw26/ontologies/inconsistent/HDS.owl, seed=1434251, run_id=20260624134028346645
Loaded ontology.
Normalizing ontology with SROIQ normalization...
Normalized ontology with SROIQ normalization.
Ontology is already inconsistent, skipping make-inconsistent step.
Repairing with A1 (random-removal)...
[2026-06-26 01:54:10.557] Checking precondition...
[2026-06-26 01:54:10.573] Starting the repair...
[2026-06-26 01:54:10.582] Found 91 possible bad axioms.
[2026-06-26 01:54:10.584] Selected the bad axiom SubClassOf(ObjectSomeValuesFrom(location ObjectAllValuesFrom(location Location)) ObjectUnionOf(owl:Nothing ObjectUnionOf(Incident ObjectUnionOf(Event ObjectUnionOf(Camp Destination))))).
[2026-06-26 01:54:10.591] Found 90 possible bad axioms.
[2026-06-26 01:54:10.591] Selected the bad axiom SubClassOf(ObjectSomeValuesFrom(affiliation owl:Thing) ObjectUnionOf(Perpetrator ObjectSomeValuesFrom(isVictimOf owl:Thing))).
[2026-06-26 01:54:10.596] Found 89 possible bad axioms.
[2026-06-26 01:54:10.597] Selected the bad axiom SubClassOf(ObjectSomeValuesFrom(location ObjectAllValuesFrom(involved ObjectUnionOf(Victim ObjectUnionOf(Trafficker ObjectUnionOf(Organisation Perpetrator))))) ObjectUnionOf(owl:Nothing ObjectUnionOf(Incident ObjectUnionOf(Event ObjectUnionOf(Camp Destination))))).
[2026-06-26 01:54:10.602] Found 88 possible bad axioms.
[2026-06-26 01:54:10.602] Selected the bad axiom SubClassOf(owl:Thing ObjectAllValuesFrom(involved ObjectUnionOf(Victim ObjectUnionOf(Organisation Trafficker)))).
[2026-06-26 01:54:10.613] Found 87 possible bad axioms.
[2026-06-26 01:54:10.614] Selected the bad axiom SubClassOf(ObjectSomeValuesFrom(affiliation owl:Thing) ObjectUnionOf(Perpetrator ObjectSomeValuesFrom(isVictimOf ObjectAllValuesFrom(isPerpetratorOf ObjectSomeValuesFrom(affected owl:Thing))))).
[2026-06-26 01:54:10.618] Found 86 possible bad axioms.
[2026-06-26 01:54:10.618] Selected the bad axiom SubClassOf(owl:Thing ObjectAllValuesFrom(involved ObjectUnionOf(Victim ObjectUnionOf(Perpetrator Trafficker)))).
[2026-06-26 01:54:10.622] Found 85 possible bad axioms.
[2026-06-26 01:54:10.622] Selected the bad axiom SubClassOf(ObjectSomeValuesFrom(isVictimOf owl:Thing) Victim).
[2026-06-26 01:54:10.626] Found 84 possible bad axioms.
[2026-06-26 01:54:10.626] Selected the bad axiom SubClassOf(ObjectSomeValuesFrom(involved ObjectAllValuesFrom(isVictimOf ObjectUnionOf(Event Incident))) ObjectUnionOf(Event Incident)).
[2026-06-26 01:54:10.630] Found 83 possible bad axioms.
[2026-06-26 01:54:10.630] Selected the bad axiom SubClassOf(ObjectSomeValuesFrom(responseBy owl:Thing) Incident).
[2026-06-26 01:54:10.633] Found 82 possible bad axioms.
[2026-06-26 01:54:10.633] Selected the bad axiom SubClassOf(ObjectAllValuesFrom(isVictimOf ObjectUnionOf(Event Incident)) ObjectAllValuesFrom(affected ObjectUnionOf(Organisation Victim))).
[2026-06-26 01:54:10.636] Found 81 possi
...[truncated]
FAIL: attempt=102 seed=1434251 status=time_limit_exceeded stage=B4 message=Repair timeout: B4 exceeded 300 seconds
progress: ontology=HDS attempt=102 success=41/100
----- HDS attempt=103 seed=1448451 at 2026-06-26 01:59:35 -----
--- stdout ---
{"seed":1448451,"run_id":"20260624134028346645","trial_status":"success","error_type":null,"failure_stage":null,"error_message":null,"iic_values":{"B1_vs_A1":1.0,"B1_vs_A2":1.0,"B1_vs_A3":0.5625,"B2_vs_A1":1.0,"B2_vs_A2":1.0,"B2_vs_A3":0.8421052631578947,"B3_vs_A1":1.0,"B3_vs_A2":1.0,"B3_vs_A3":0.8421052631578947,"B4_vs_A1":1.0,"B4_vs_A2":1.0,"B4_vs_A3":0.5714285714285714,"B5_vs_A1":1.0,"B5_vs_A2":1.0,"B5_vs_A3":0.75,"B6_vs_A1":1.0,"B6_vs_A2":1.0,"B6_vs_A3":0.75,"B7_vs_A1":1.0,"B7_vs_A2":1.0,"B7_vs_A3":0.6666666666666666,"B8_vs_A1":1.0,"B8_vs_A2":1.0,"B8_vs_A3":0.75,"B9_vs_A1":1.0,"B9_vs_A2":1.0,"B9_vs_A3":0.8421052631578947},"repair_runtimes_ms":{"A1":227,"A2":815,"A3":514,"B1":655,"B2":8074,"B3":5376,"B4":121,"B5":10088,"B6":20401,"B7":141,"B8":9692,"B9":5469}}

--- stderr ---
SingleTrialExperiment starting: ontology=/workspaces/ontologyutils-ekaw26/repair-power-index-replication-ekaw26/ontologies/inconsistent/HDS.owl, seed=1448451, run_id=20260624134028346645
Loaded ontology.
Normalizing ontology with SROIQ normalization...
Normalized ontology with SROIQ normalization.
Ontology is already inconsistent, skipping make-inconsistent step.
Repairing with A1 (random-removal)...
[2026-06-26 01:59:36.325] Checking precondition...
[2026-06-26 01:59:36.340] Starting the repair...
[2026-06-26 01:59:36.348] Found 91 possible bad axioms.
[2026-06-26 01:59:36.350] Selected the bad axiom SubClassOf(owl:Thing ObjectAllValuesFrom(isVictimOf ObjectSomeValuesFrom(involved owl:Thing))).
[2026-06-26 01:59:36.358] Found 90 possible bad axioms.
[2026-06-26 01:59:36.358] Selected the bad axiom SubClassOf(ObjectAllValuesFrom(affiliation Organisation) ObjectAllValuesFrom(affected ObjectUnionOf(Organisation Victim))).
[2026-06-26 01:59:36.364] Found 89 possible bad axioms.
[2026-06-26 01:59:36.364] Selected the bad axiom SubClassOf(owl:Thing ObjectAllValuesFrom(involved Trafficker)).
[2026-06-26 01:59:36.374] Found 88 possible bad axioms.
[2026-06-26 01:59:36.375] Selected the bad axiom SubClassOf(owl:Thing ObjectAllValuesFrom(involved ObjectUnionOf(Victim ObjectUnionOf(Trafficker ObjectUnionOf(Organisation Perpetrator))))).
[2026-06-26 01:59:36.379] Found 87 possible bad axioms.
[2026-06-26 01:59:36.380] Selected the bad axiom SubClassOf(owl:Thing ObjectAllValuesFrom(involved ObjectUnionOf(Victim ObjectUnionOf(Perpetrator Trafficker)))).
[2026-06-26 01:59:36.384] Found 86 possible bad axioms.
[2026-06-26 01:59:36.384] Selected the bad axiom SubClassOf(owl:Thing ObjectUnionOf(Organisation ObjectUnionOf(Incident ObjectUnionOf(owl:Nothing ObjectUnionOf(Camp Destination))))).
[2026-06-26 01:59:36.388] Found 85 possible bad axioms.
[2026-06-26 01:59:36.388] Selected the bad axiom SubClassOf(ObjectSomeValuesFrom(affiliation owl:Thing) Perpetrator).
[2026-06-26 01:59:36.392] Found 84 possible bad axioms.
[2026-06-26 01:59:36.392] Selected the bad axiom SubClassOf(ObjectSomeValuesFrom(affiliation owl:Thing) ObjectSomeValuesFrom(isPerpetratorOf owl:Thing)).
[2026-06-26 01:59:36.396] Found 83 possible bad axioms.
[2026-06-26 01:59:36.396] Selected the bad axiom SubClassOf(ObjectSomeValuesFrom(isPerpetratorOf owl:Thing) Perpetrator).
[2026-06-26 01:59:36.400] Found 82 possible bad axioms.
[2026-06-26 01:59:36.400] Selected the bad axiom SubClassOf(ObjectSomeValuesFrom(location owl:Thing) ObjectUnionOf(owl:Nothing ObjectUnionOf(Incident ObjectUnionOf(Event ObjectUnionOf(Camp Destination))))).
[2026-06-26 01:59:36.403] Found 81 possible bad axioms.
[2026-06-26 01:59:36.403] Selected the bad axiom SubClassOf(ObjectAllValuesFrom(involved ObjectUnionOf(Victim ObjectUnionOf(Trafficker ObjectUnionOf(Trafficker ObjectUnionOf(Organisation Perpetrator))))) ObjectAllValuesFrom(affected ObjectUnionOf(Organisation Victim))).
[2026-06-26 01:59:36.412] Found 80 possibl
...[truncated]
SUCCESS: attempt=103 seed=1448451 success_count=42/100
progress: ontology=HDS attempt=103 success=42/100
----- HDS attempt=104 seed=1462651 at 2026-06-26 02:00:38 -----
--- stdout ---
{"seed":1462651,"run_id":"20260624134028346645","trial_status":"time_limit_exceeded","error_type":"timeout","failure_stage":"B7","error_message":"Repair timeout: B7 exceeded 300 seconds","iic_values":{},"repair_runtimes_ms":{"A1":264,"A2":786,"A3":1199,"B1":315,"B2":8040,"B3":8533,"B4":801,"B5":10230,"B6":5531,"B7":300015}}

--- stderr ---
SingleTrialExperiment starting: ontology=/workspaces/ontologyutils-ekaw26/repair-power-index-replication-ekaw26/ontologies/inconsistent/HDS.owl, seed=1462651, run_id=20260624134028346645
Loaded ontology.
Normalizing ontology with SROIQ normalization...
Normalized ontology with SROIQ normalization.
Ontology is already inconsistent, skipping make-inconsistent step.
Repairing with A1 (random-removal)...
[2026-06-26 02:00:38.436] Checking precondition...
[2026-06-26 02:00:38.451] Starting the repair...
[2026-06-26 02:00:38.461] Found 91 possible bad axioms.
[2026-06-26 02:00:38.463] Selected the bad axiom SubClassOf(owl:Thing ObjectUnionOf(Organisation ObjectUnionOf(Incident ObjectUnionOf(Event ObjectUnionOf(Camp Destination))))).
[2026-06-26 02:00:38.470] Found 90 possible bad axioms.
[2026-06-26 02:00:38.470] Selected the bad axiom SubClassOf(ObjectSomeValuesFrom(isPerpetratorOf ObjectAllValuesFrom(affiliation ObjectUnionOf(Organisation Victim))) Perpetrator).
[2026-06-26 02:00:38.475] Found 89 possible bad axioms.
[2026-06-26 02:00:38.476] Selected the bad axiom SubClassOf(ObjectSomeValuesFrom(location owl:Thing) ObjectUnionOf(owl:Nothing ObjectUnionOf(Incident ObjectUnionOf(Event ObjectUnionOf(Destination owl:Nothing))))).
[2026-06-26 02:00:38.481] Found 88 possible bad axioms.
[2026-06-26 02:00:38.481] Selected the bad axiom SubClassOf(owl:Thing ObjectUnionOf(Perpetrator Victim)).
[2026-06-26 02:00:38.492] Found 87 possible bad axioms.
[2026-06-26 02:00:38.492] Selected the bad axiom SubClassOf(ObjectSomeValuesFrom(involved owl:Thing) ObjectSomeValuesFrom(affected owl:Thing)).
[2026-06-26 02:00:38.497] Found 86 possible bad axioms.
[2026-06-26 02:00:38.497] Selected the bad axiom SubClassOf(ObjectSomeValuesFrom(responseBy owl:Thing) Incident).
[2026-06-26 02:00:38.501] Found 85 possible bad axioms.
[2026-06-26 02:00:38.502] Selected the bad axiom SubClassOf(owl:Thing ObjectAllValuesFrom(responseBy Organisation)).
[2026-06-26 02:00:38.505] Found 84 possible bad axioms.
[2026-06-26 02:00:38.505] Selected the bad axiom SubClassOf(owl:Thing ObjectAllValuesFrom(involved ObjectUnionOf(Victim ObjectUnionOf(Organisation Trafficker)))).
[2026-06-26 02:00:38.509] Found 83 possible bad axioms.
[2026-06-26 02:00:38.509] Selected the bad axiom SubClassOf(ObjectAllValuesFrom(affiliation Organisation) ObjectAllValuesFrom(involved ObjectUnionOf(Trafficker Victim))).
[2026-06-26 02:00:38.512] Found 82 possible bad axioms.
[2026-06-26 02:00:38.512] Selected the bad axiom SubClassOf(ObjectAllValuesFrom(involved ObjectUnionOf(Victim ObjectUnionOf(Trafficker ObjectUnionOf(Trafficker ObjectUnionOf(Organisation Perpetrator))))) ObjectAllValuesFrom(affected ObjectUnionOf(Organisation Victim))).
[2026-06-26 02:00:38.516] Found 81 possible bad axioms.
[2026-06-26 02:00:38.516] Selected the bad axiom SubClassOf(ObjectAllValuesFrom(isPerpetratorOf ObjectUnionOf(Event Incident)) ObjectAllValuesFrom(involved ObjectUnionOf(Trafficker Victim))).
[2026-06-26 02:00:38.525] Found
...[truncated]
FAIL: attempt=104 seed=1462651 status=time_limit_exceeded stage=B7 message=Repair timeout: B7 exceeded 300 seconds
progress: ontology=HDS attempt=104 success=42/100
----- HDS attempt=105 seed=1476851 at 2026-06-26 02:06:14 -----
--- stdout ---
{"seed":1476851,"run_id":"20260624134028346645","trial_status":"time_limit_exceeded","error_type":"timeout","failure_stage":"B7","error_message":"Repair timeout: B7 exceeded 300 seconds","iic_values":{},"repair_runtimes_ms":{"A1":250,"A2":823,"A3":1211,"B1":363,"B2":8030,"B3":5739,"B4":197,"B5":7490,"B6":8291,"B7":300051}}

--- stderr ---
SingleTrialExperiment starting: ontology=/workspaces/ontologyutils-ekaw26/repair-power-index-replication-ekaw26/ontologies/inconsistent/HDS.owl, seed=1476851, run_id=20260624134028346645
Loaded ontology.
Normalizing ontology with SROIQ normalization...
Normalized ontology with SROIQ normalization.
Ontology is already inconsistent, skipping make-inconsistent step.
Repairing with A1 (random-removal)...
[2026-06-26 02:06:14.651] Checking precondition...
[2026-06-26 02:06:14.667] Starting the repair...
[2026-06-26 02:06:14.676] Found 91 possible bad axioms.
[2026-06-26 02:06:14.678] Selected the bad axiom SubClassOf(ObjectSomeValuesFrom(isVictimOf ObjectAllValuesFrom(affected ObjectUnionOf(Victim ObjectUnionOf(Organisation Perpetrator)))) Victim).
[2026-06-26 02:06:14.685] Found 90 possible bad axioms.
[2026-06-26 02:06:14.685] Selected the bad axiom SubClassOf(ObjectSomeValuesFrom(isVictimOf ObjectAllValuesFrom(location Location)) Victim).
[2026-06-26 02:06:14.690] Found 89 possible bad axioms.
[2026-06-26 02:06:14.690] Selected the bad axiom SubClassOf(ObjectSomeValuesFrom(location owl:Thing) ObjectUnionOf(owl:Nothing ObjectUnionOf(Incident ObjectUnionOf(Event ObjectUnionOf(Camp Destination))))).
[2026-06-26 02:06:14.698] Found 88 possible bad axioms.
[2026-06-26 02:06:14.698] Selected the bad axiom SubClassOf(ObjectSomeValuesFrom(affiliation owl:Thing) ObjectSomeValuesFrom(isPerpetratorOf owl:Thing)).
[2026-06-26 02:06:14.708] Found 87 possible bad axioms.
[2026-06-26 02:06:14.708] Selected the bad axiom SubClassOf(ObjectAllValuesFrom(involved ObjectUnionOf(Victim ObjectUnionOf(Trafficker ObjectUnionOf(Trafficker ObjectUnionOf(Organisation Perpetrator))))) ObjectAllValuesFrom(affected ObjectUnionOf(Organisation Victim))).
[2026-06-26 02:06:14.713] Found 86 possible bad axioms.
[2026-06-26 02:06:14.713] Selected the bad axiom SubClassOf(ObjectSomeValuesFrom(responseBy ObjectAllValuesFrom(isPerpetratorOf ObjectUnionOf(Event Incident))) Incident).
[2026-06-26 02:06:14.717] Found 85 possible bad axioms.
[2026-06-26 02:06:14.717] Selected the bad axiom SubClassOf(ObjectSomeValuesFrom(isVictimOf ObjectAllValuesFrom(location ObjectAllValuesFrom(responseBy Organisation))) Victim).
[2026-06-26 02:06:14.721] Found 84 possible bad axioms.
[2026-06-26 02:06:14.722] Selected the bad axiom SubClassOf(ObjectSomeValuesFrom(affiliation owl:Thing) ObjectUnionOf(Perpetrator ObjectSomeValuesFrom(isVictimOf ObjectAllValuesFrom(isPerpetratorOf ObjectSomeValuesFrom(affected owl:Thing))))).
[2026-06-26 02:06:14.725] Found 83 possible bad axioms.
[2026-06-26 02:06:14.726] Selected the bad axiom SubClassOf(owl:Thing ObjectAllValuesFrom(responseBy Organisation)).
[2026-06-26 02:06:14.728] Found 82 possible bad axioms.
[2026-06-26 02:06:14.729] Selected the bad axiom SubClassOf(ObjectSomeValuesFrom(isVictimOf ObjectAllValuesFrom(responseBy Organisation)) Victim).
[2026-06-26 02:06:14.732] Found 81 possible bad axioms.
[2026-06-26 02:06:14.732] Selected the bad axiom SubClass
...[truncated]
FAIL: attempt=105 seed=1476851 status=time_limit_exceeded stage=B7 message=Repair timeout: B7 exceeded 300 seconds
progress: ontology=HDS attempt=105 success=42/100
----- HDS attempt=106 seed=1491051 at 2026-06-26 02:11:47 -----
--- stdout ---
{"seed":1491051,"run_id":"20260624134028346645","trial_status":"success","error_type":null,"failure_stage":null,"error_message":null,"iic_values":{"B1_vs_A1":1.0,"B1_vs_A2":1.0,"B1_vs_A3":0.5,"B2_vs_A1":1.0,"B2_vs_A2":1.0,"B2_vs_A3":0.75,"B3_vs_A1":1.0,"B3_vs_A2":1.0,"B3_vs_A3":1.0,"B4_vs_A1":0.9701492537313433,"B4_vs_A2":0.9701492537313433,"B4_vs_A3":0.95,"B5_vs_A1":1.0,"B5_vs_A2":1.0,"B5_vs_A3":0.75,"B6_vs_A1":1.0,"B6_vs_A2":1.0,"B6_vs_A3":1.0,"B7_vs_A1":0.5,"B7_vs_A2":0.5,"B7_vs_A3":0.0,"B8_vs_A1":1.0,"B8_vs_A2":1.0,"B8_vs_A3":1.0,"B9_vs_A1":1.0,"B9_vs_A2":1.0,"B9_vs_A3":0.75},"repair_runtimes_ms":{"A1":176,"A2":833,"A3":942,"B1":1101,"B2":10420,"B3":5641,"B4":859,"B5":10251,"B6":5456,"B7":183,"B8":7059,"B9":8482}}

--- stderr ---
SingleTrialExperiment starting: ontology=/workspaces/ontologyutils-ekaw26/repair-power-index-replication-ekaw26/ontologies/inconsistent/HDS.owl, seed=1491051, run_id=20260624134028346645
Loaded ontology.
Normalizing ontology with SROIQ normalization...
Normalized ontology with SROIQ normalization.
Ontology is already inconsistent, skipping make-inconsistent step.
Repairing with A1 (random-removal)...
[2026-06-26 02:11:47.587] Checking precondition...
[2026-06-26 02:11:47.602] Starting the repair...
[2026-06-26 02:11:47.612] Found 91 possible bad axioms.
[2026-06-26 02:11:47.614] Selected the bad axiom SubClassOf(ObjectAllValuesFrom(involved ObjectUnionOf(Victim ObjectUnionOf(Trafficker ObjectUnionOf(Trafficker ObjectUnionOf(Organisation Perpetrator))))) ObjectAllValuesFrom(affected ObjectUnionOf(Organisation Victim))).
[2026-06-26 02:11:47.623] Found 90 possible bad axioms.
[2026-06-26 02:11:47.623] Selected the bad axiom SubClassOf(ObjectSomeValuesFrom(affected owl:Thing) ObjectUnionOf(Event Incident)).
[2026-06-26 02:11:47.629] Found 89 possible bad axioms.
[2026-06-26 02:11:47.630] Selected the bad axiom SubClassOf(ObjectSomeValuesFrom(location ObjectAllValuesFrom(location Location)) ObjectUnionOf(owl:Nothing ObjectUnionOf(Incident ObjectUnionOf(Destination Event)))).
[2026-06-26 02:11:47.636] Found 88 possible bad axioms.
[2026-06-26 02:11:47.636] Selected the bad axiom SubClassOf(owl:Thing ObjectUnionOf(Perpetrator Victim)).
[2026-06-26 02:11:47.646] Found 87 possible bad axioms.
[2026-06-26 02:11:47.646] Selected the bad axiom SubClassOf(ObjectSomeValuesFrom(affiliation owl:Thing) Perpetrator).
[2026-06-26 02:11:47.651] Found 86 possible bad axioms.
[2026-06-26 02:11:47.652] Selected the bad axiom SubClassOf(Location Victim).
[2026-06-26 02:11:47.656] Found 85 possible bad axioms.
[2026-06-26 02:11:47.656] Selected the bad axiom SubClassOf(ObjectUnionOf(Victim ObjectUnionOf(Trafficker ObjectUnionOf(Organisation Perpetrator))) ObjectAllValuesFrom(affected ObjectUnionOf(Organisation Victim))).
[2026-06-26 02:11:47.660] Found 84 possible bad axioms.
[2026-06-26 02:11:47.660] Selected the bad axiom SubClassOf(owl:Thing ObjectAllValuesFrom(responseBy Organisation)).
[2026-06-26 02:11:47.664] Found 83 possible bad axioms.
[2026-06-26 02:11:47.664] Selected the bad axiom SubClassOf(ObjectSomeValuesFrom(affiliation ObjectAllValuesFrom(responseBy Organisation)) ObjectUnionOf(Perpetrator Victim)).
[2026-06-26 02:11:47.667] Found 82 possible bad axioms.
[2026-06-26 02:11:47.667] Selected the bad axiom SubClassOf(ObjectSomeValuesFrom(affiliation owl:Thing) ObjectUnionOf(Perpetrator ObjectSomeValuesFrom(isVictimOf owl:Thing))).
[2026-06-26 02:11:47.670] Found 81 possible bad axioms.
[2026-06-26 02:11:47.671] Selected the bad axiom SubClassOf(ObjectAllValuesFrom(involved ObjectUnionOf(Victim ObjectUnionOf(Trafficker ObjectUnionOf(Organisation Perpetrator)))) ObjectAllValuesFrom(isPerpetratorOf Incident)).
[2026-06-26 02:11:47.679] Found 80 possible bad a
...[truncated]
SUCCESS: attempt=106 seed=1491051 success_count=43/100
progress: ontology=HDS attempt=106 success=43/100
----- HDS attempt=107 seed=1505251 at 2026-06-26 02:12:39 -----
--- stdout ---
{"seed":1505251,"run_id":"20260624134028346645","trial_status":"success","error_type":null,"failure_stage":null,"error_message":null,"iic_values":{"B1_vs_A1":1.0,"B1_vs_A2":1.0,"B1_vs_A3":0.5,"B2_vs_A1":1.0,"B2_vs_A2":1.0,"B2_vs_A3":0.8333333333333334,"B3_vs_A1":1.0,"B3_vs_A2":1.0,"B3_vs_A3":0.8333333333333334,"B4_vs_A1":0.32,"B4_vs_A2":0.32,"B4_vs_A3":0.21875,"B5_vs_A1":1.0,"B5_vs_A2":1.0,"B5_vs_A3":0.8333333333333334,"B6_vs_A1":1.0,"B6_vs_A2":1.0,"B6_vs_A3":0.7307692307692307,"B7_vs_A1":1.0,"B7_vs_A2":1.0,"B7_vs_A3":0.5,"B8_vs_A1":1.0,"B8_vs_A2":1.0,"B8_vs_A3":0.7307692307692307,"B9_vs_A1":1.0,"B9_vs_A2":1.0,"B9_vs_A3":0.8333333333333334},"repair_runtimes_ms":{"A1":115,"A2":894,"A3":2675,"B1":336,"B2":8023,"B3":5697,"B4":954,"B5":7222,"B6":8247,"B7":265,"B8":10318,"B9":5220}}

--- stderr ---
SingleTrialExperiment starting: ontology=/workspaces/ontologyutils-ekaw26/repair-power-index-replication-ekaw26/ontologies/inconsistent/HDS.owl, seed=1505251, run_id=20260624134028346645
Loaded ontology.
Normalizing ontology with SROIQ normalization...
Normalized ontology with SROIQ normalization.
Ontology is already inconsistent, skipping make-inconsistent step.
Repairing with A1 (random-removal)...
[2026-06-26 02:12:39.510] Checking precondition...
[2026-06-26 02:12:39.524] Starting the repair...
[2026-06-26 02:12:39.533] Found 91 possible bad axioms.
[2026-06-26 02:12:39.535] Selected the bad axiom SubClassOf(ObjectSomeValuesFrom(responseBy owl:Thing) Incident).
[2026-06-26 02:12:39.542] Found 90 possible bad axioms.
[2026-06-26 02:12:39.542] Selected the bad axiom SubClassOf(owl:Thing ObjectUnionOf(Organisation ObjectUnionOf(Incident ObjectUnionOf(owl:Nothing ObjectUnionOf(Camp Destination))))).
[2026-06-26 02:12:39.547] Found 89 possible bad axioms.
[2026-06-26 02:12:39.548] Selected the bad axiom SubClassOf(ObjectAllValuesFrom(affected ObjectUnionOf(Organisation Victim)) ObjectAllValuesFrom(location Location)).
[2026-06-26 02:12:39.552] Found 88 possible bad axioms.
[2026-06-26 02:12:39.553] Selected the bad axiom SubClassOf(ObjectSomeValuesFrom(involved owl:Thing) ObjectSomeValuesFrom(affected owl:Thing)).
[2026-06-26 02:12:39.562] Found 87 possible bad axioms.
[2026-06-26 02:12:39.563] Selected the bad axiom SubClassOf(ObjectAllValuesFrom(involved ObjectUnionOf(Victim ObjectUnionOf(Trafficker ObjectUnionOf(Organisation Perpetrator)))) ObjectAllValuesFrom(affected ObjectUnionOf(Organisation Victim))).
[2026-06-26 02:12:39.567] Found 86 possible bad axioms.
[2026-06-26 02:12:39.567] Selected the bad axiom SubClassOf(owl:Thing ObjectAllValuesFrom(involved ObjectUnionOf(Trafficker ObjectSomeValuesFrom(isVictimOf owl:Thing)))).
[2026-06-26 02:12:39.571] Found 85 possible bad axioms.
[2026-06-26 02:12:39.571] Selected the bad axiom SubClassOf(ObjectSomeValuesFrom(location ObjectAllValuesFrom(location Location)) ObjectUnionOf(owl:Nothing ObjectUnionOf(Incident ObjectUnionOf(Event ObjectUnionOf(Camp Destination))))).
[2026-06-26 02:12:39.574] Found 84 possible bad axioms.
[2026-06-26 02:12:39.574] Selected the bad axiom SubClassOf(owl:Thing ObjectAllValuesFrom(location owl:Nothing)).
[2026-06-26 02:12:39.579] Found 83 possible bad axioms.
[2026-06-26 02:12:39.579] Selected the bad axiom SubClassOf(ObjectSomeValuesFrom(affiliation owl:Thing) ObjectUnionOf(Perpetrator ObjectSomeValuesFrom(isVictimOf ObjectAllValuesFrom(isPerpetratorOf ObjectSomeValuesFrom(affected owl:Thing))))).
[2026-06-26 02:12:39.583] Found 82 possible bad axioms.
[2026-06-26 02:12:39.583] Selected the bad axiom SubClassOf(owl:Thing ObjectAllValuesFrom(isVictimOf ObjectSomeValuesFrom(involved owl:Thing))).
[2026-06-26 02:12:39.586] Found 81 possible bad axioms.
[2026-06-26 02:12:39.586] Selected the bad axiom SubClassOf(ObjectSomeValuesFrom(isPerpetratorOf ObjectAllValuesFrom(r
...[truncated]
SUCCESS: attempt=107 seed=1505251 success_count=44/100
progress: ontology=HDS attempt=107 success=44/100
----- HDS attempt=108 seed=1519451 at 2026-06-26 02:13:30 -----
--- stdout ---
{"seed":1519451,"run_id":"20260624134028346645","trial_status":"time_limit_exceeded","error_type":"timeout","failure_stage":"B7","error_message":"Repair timeout: B7 exceeded 300 seconds","iic_values":{},"repair_runtimes_ms":{"A1":191,"A2":840,"A3":467,"B1":633,"B2":10706,"B3":5657,"B4":127,"B5":9909,"B6":8100,"B7":300039}}

--- stderr ---
SingleTrialExperiment starting: ontology=/workspaces/ontologyutils-ekaw26/repair-power-index-replication-ekaw26/ontologies/inconsistent/HDS.owl, seed=1519451, run_id=20260624134028346645
Loaded ontology.
Normalizing ontology with SROIQ normalization...
Normalized ontology with SROIQ normalization.
Ontology is already inconsistent, skipping make-inconsistent step.
Repairing with A1 (random-removal)...
[2026-06-26 02:13:31.116] Checking precondition...
[2026-06-26 02:13:31.130] Starting the repair...
[2026-06-26 02:13:31.139] Found 91 possible bad axioms.
[2026-06-26 02:13:31.141] Selected the bad axiom SubClassOf(ObjectSomeValuesFrom(affiliation owl:Thing) ObjectSomeValuesFrom(isPerpetratorOf owl:Thing)).
[2026-06-26 02:13:31.147] Found 90 possible bad axioms.
[2026-06-26 02:13:31.147] Selected the bad axiom SubClassOf(ObjectSomeValuesFrom(responseBy ObjectAllValuesFrom(responseBy Organisation)) Incident).
[2026-06-26 02:13:31.153] Found 89 possible bad axioms.
[2026-06-26 02:13:31.153] Selected the bad axiom SubClassOf(ObjectSomeValuesFrom(affiliation owl:Thing) Victim).
[2026-06-26 02:13:31.159] Found 88 possible bad axioms.
[2026-06-26 02:13:31.159] Selected the bad axiom SubClassOf(owl:Thing ObjectAllValuesFrom(isPerpetratorOf ObjectUnionOf(Event Incident))).
[2026-06-26 02:13:31.169] Found 87 possible bad axioms.
[2026-06-26 02:13:31.169] Selected the bad axiom SubClassOf(owl:Thing ObjectUnionOf(Organisation ObjectUnionOf(Incident ObjectUnionOf(owl:Nothing ObjectUnionOf(Camp Destination))))).
[2026-06-26 02:13:31.174] Found 86 possible bad axioms.
[2026-06-26 02:13:31.174] Selected the bad axiom SubClassOf(ObjectSomeValuesFrom(affiliation ObjectAllValuesFrom(location Location)) ObjectUnionOf(Perpetrator Victim)).
[2026-06-26 02:13:31.178] Found 85 possible bad axioms.
[2026-06-26 02:13:31.178] Selected the bad axiom SubClassOf(ObjectSomeValuesFrom(isVictimOf owl:Thing) Victim).
[2026-06-26 02:13:31.182] Found 84 possible bad axioms.
[2026-06-26 02:13:31.182] Selected the bad axiom SubClassOf(ObjectAllValuesFrom(isPerpetratorOf ObjectUnionOf(Event Incident)) ObjectAllValuesFrom(involved ObjectUnionOf(Trafficker Victim))).
[2026-06-26 02:13:31.185] Found 83 possible bad axioms.
[2026-06-26 02:13:31.185] Selected the bad axiom SubClassOf(ObjectSomeValuesFrom(affiliation owl:Thing) ObjectUnionOf(Perpetrator ObjectSomeValuesFrom(isVictimOf owl:Thing))).
[2026-06-26 02:13:31.189] Found 82 possible bad axioms.
[2026-06-26 02:13:31.189] Selected the bad axiom SubClassOf(ObjectAllValuesFrom(affiliation Organisation) ObjectAllValuesFrom(involved ObjectUnionOf(Trafficker Victim))).
[2026-06-26 02:13:31.192] Found 81 possible bad axioms.
[2026-06-26 02:13:31.193] Selected the bad axiom SubClassOf(ObjectSomeValuesFrom(isVictimOf ObjectAllValuesFrom(affected ObjectUnionOf(Organisation Victim))) Victim).
[2026-06-26 02:13:31.201] Found 80 possible bad axioms.
[2026-06-26 02:13:31.201] Selected the bad axiom SubClassOf(ObjectAllValuesFrom(isVictimOf ObjectUn
...[truncated]
FAIL: attempt=108 seed=1519451 status=time_limit_exceeded stage=B7 message=Repair timeout: B7 exceeded 300 seconds
progress: ontology=HDS attempt=108 success=44/100
----- HDS attempt=109 seed=1533651 at 2026-06-26 02:19:07 -----
--- stdout ---
{"seed":1533651,"run_id":"20260624134028346645","trial_status":"time_limit_exceeded","error_type":"timeout","failure_stage":"B7","error_message":"Repair timeout: B7 exceeded 300 seconds","iic_values":{},"repair_runtimes_ms":{"A1":153,"A2":873,"A3":1168,"B1":680,"B2":8064,"B3":5478,"B4":982,"B5":10102,"B6":8524,"B7":300027}}

--- stderr ---
SingleTrialExperiment starting: ontology=/workspaces/ontologyutils-ekaw26/repair-power-index-replication-ekaw26/ontologies/inconsistent/HDS.owl, seed=1533651, run_id=20260624134028346645
Loaded ontology.
Normalizing ontology with SROIQ normalization...
Normalized ontology with SROIQ normalization.
Ontology is already inconsistent, skipping make-inconsistent step.
Repairing with A1 (random-removal)...
[2026-06-26 02:19:08.280] Checking precondition...
[2026-06-26 02:19:08.295] Starting the repair...
[2026-06-26 02:19:08.303] Found 91 possible bad axioms.
[2026-06-26 02:19:08.305] Selected the bad axiom SubClassOf(ObjectSomeValuesFrom(affiliation owl:Thing) Perpetrator).
[2026-06-26 02:19:08.312] Found 90 possible bad axioms.
[2026-06-26 02:19:08.312] Selected the bad axiom SubClassOf(ObjectSomeValuesFrom(affiliation ObjectAllValuesFrom(affected ObjectUnionOf(Organisation Victim))) Perpetrator).
[2026-06-26 02:19:08.318] Found 89 possible bad axioms.
[2026-06-26 02:19:08.318] Selected the bad axiom SubClassOf(owl:Thing ObjectAllValuesFrom(location owl:Nothing)).
[2026-06-26 02:19:08.323] Found 88 possible bad axioms.
[2026-06-26 02:19:08.324] Selected the bad axiom SubClassOf(ObjectAllValuesFrom(involved ObjectUnionOf(Victim ObjectUnionOf(Trafficker ObjectUnionOf(Organisation Perpetrator)))) ObjectAllValuesFrom(isPerpetratorOf Incident)).
[2026-06-26 02:19:08.333] Found 87 possible bad axioms.
[2026-06-26 02:19:08.334] Selected the bad axiom SubClassOf(ObjectAllValuesFrom(involved ObjectUnionOf(Victim ObjectUnionOf(Trafficker ObjectUnionOf(Trafficker ObjectUnionOf(Organisation Perpetrator))))) ObjectAllValuesFrom(affected ObjectUnionOf(Organisation Victim))).
[2026-06-26 02:19:08.338] Found 86 possible bad axioms.
[2026-06-26 02:19:08.339] Selected the bad axiom SubClassOf(ObjectSomeValuesFrom(isPerpetratorOf ObjectAllValuesFrom(affected ObjectUnionOf(Organisation Victim))) Perpetrator).
[2026-06-26 02:19:08.342] Found 85 possible bad axioms.
[2026-06-26 02:19:08.342] Selected the bad axiom SubClassOf(ObjectAllValuesFrom(involved ObjectUnionOf(Victim ObjectUnionOf(Trafficker ObjectUnionOf(Organisation Perpetrator)))) ObjectAllValuesFrom(affected ObjectUnionOf(Organisation Victim))).
[2026-06-26 02:19:08.346] Found 84 possible bad axioms.
[2026-06-26 02:19:08.346] Selected the bad axiom SubClassOf(ObjectSomeValuesFrom(responseBy ObjectAllValuesFrom(location Location)) ObjectUnionOf(Event Incident)).
[2026-06-26 02:19:08.350] Found 83 possible bad axioms.
[2026-06-26 02:19:08.351] Selected the bad axiom SubClassOf(owl:Thing Location).
[2026-06-26 02:19:08.354] Found 82 possible bad axioms.
[2026-06-26 02:19:08.354] Selected the bad axiom SubClassOf(owl:Thing Victim).
[2026-06-26 02:19:08.357] Found 81 possible bad axioms.
[2026-06-26 02:19:08.357] Selected the bad axiom SubClassOf(owl:Thing ObjectAllValuesFrom(involved ObjectUnionOf(Victim ObjectUnionOf(Trafficker ObjectUnionOf(Organisation ObjectSomeValuesFrom(isPerpetratorOf owl:Thing)))))).
[2026-
...[truncated]
FAIL: attempt=109 seed=1533651 status=time_limit_exceeded stage=B7 message=Repair timeout: B7 exceeded 300 seconds
progress: ontology=HDS attempt=109 success=44/100
----- HDS attempt=110 seed=1547851 at 2026-06-26 02:24:44 -----
--- stdout ---
{"seed":1547851,"run_id":"20260624134028346645","trial_status":"success","error_type":null,"failure_stage":null,"error_message":null,"iic_values":{"B1_vs_A1":1.0,"B1_vs_A2":1.0,"B1_vs_A3":1.0,"B2_vs_A1":1.0,"B2_vs_A2":1.0,"B2_vs_A3":1.0,"B3_vs_A1":1.0,"B3_vs_A2":1.0,"B3_vs_A3":1.0,"B4_vs_A1":1.0,"B4_vs_A2":1.0,"B4_vs_A3":1.0,"B5_vs_A1":1.0,"B5_vs_A2":1.0,"B5_vs_A3":1.0,"B6_vs_A1":1.0,"B6_vs_A2":1.0,"B6_vs_A3":1.0,"B7_vs_A1":1.0,"B7_vs_A2":0.5,"B7_vs_A3":0.5,"B8_vs_A1":1.0,"B8_vs_A2":1.0,"B8_vs_A3":1.0,"B9_vs_A1":1.0,"B9_vs_A2":1.0,"B9_vs_A3":1.0},"repair_runtimes_ms":{"A1":246,"A2":805,"A3":457,"B1":373,"B2":8053,"B3":8465,"B4":121,"B5":9787,"B6":5012,"B7":231,"B8":7495,"B9":8435}}

--- stderr ---
SingleTrialExperiment starting: ontology=/workspaces/ontologyutils-ekaw26/repair-power-index-replication-ekaw26/ontologies/inconsistent/HDS.owl, seed=1547851, run_id=20260624134028346645
Loaded ontology.
Normalizing ontology with SROIQ normalization...
Normalized ontology with SROIQ normalization.
Ontology is already inconsistent, skipping make-inconsistent step.
Repairing with A1 (random-removal)...
[2026-06-26 02:24:44.807] Checking precondition...
[2026-06-26 02:24:44.822] Starting the repair...
[2026-06-26 02:24:44.830] Found 91 possible bad axioms.
[2026-06-26 02:24:44.832] Selected the bad axiom SubClassOf(ObjectSomeValuesFrom(isVictimOf ObjectAllValuesFrom(location ObjectAllValuesFrom(responseBy Organisation))) Victim).
[2026-06-26 02:24:44.839] Found 90 possible bad axioms.
[2026-06-26 02:24:44.839] Selected the bad axiom SubClassOf(ObjectAllValuesFrom(isPerpetratorOf ObjectUnionOf(Event Incident)) ObjectAllValuesFrom(affected ObjectUnionOf(Organisation Victim))).
[2026-06-26 02:24:44.845] Found 89 possible bad axioms.
[2026-06-26 02:24:44.845] Selected the bad axiom SubClassOf(owl:Thing Victim).
[2026-06-26 02:24:44.850] Found 88 possible bad axioms.
[2026-06-26 02:24:44.851] Selected the bad axiom SubClassOf(ObjectAllValuesFrom(isPerpetratorOf ObjectUnionOf(Event Incident)) ObjectAllValuesFrom(isVictimOf ObjectUnionOf(Event Incident))).
[2026-06-26 02:24:44.860] Found 87 possible bad axioms.
[2026-06-26 02:24:44.860] Selected the bad axiom SubClassOf(ObjectSomeValuesFrom(affiliation owl:Thing) Victim).
[2026-06-26 02:24:44.865] Found 86 possible bad axioms.
[2026-06-26 02:24:44.865] Selected the bad axiom SubClassOf(ObjectSomeValuesFrom(affiliation ObjectAllValuesFrom(location Location)) ObjectUnionOf(Perpetrator Victim)).
[2026-06-26 02:24:44.869] Found 85 possible bad axioms.
[2026-06-26 02:24:44.869] Selected the bad axiom SubClassOf(ObjectSomeValuesFrom(location ObjectAllValuesFrom(isPerpetratorOf ObjectUnionOf(Event Incident))) ObjectUnionOf(owl:Nothing ObjectUnionOf(Incident ObjectUnionOf(Event ObjectUnionOf(Camp Destination))))).
[2026-06-26 02:24:44.873] Found 84 possible bad axioms.
[2026-06-26 02:24:44.873] Selected the bad axiom SubClassOf(ObjectSomeValuesFrom(responseBy owl:Thing) ObjectUnionOf(Event Incident)).
[2026-06-26 02:24:44.877] Found 83 possible bad axioms.
[2026-06-26 02:24:44.877] Selected the bad axiom SubClassOf(ObjectSomeValuesFrom(isVictimOf ObjectAllValuesFrom(responseBy Organisation)) Victim).
[2026-06-26 02:24:44.880] Found 82 possible bad axioms.
[2026-06-26 02:24:44.881] Selected the bad axiom SubClassOf(ObjectSomeValuesFrom(affiliation owl:Thing) ObjectUnionOf(Perpetrator ObjectSomeValuesFrom(isVictimOf owl:Thing))).
[2026-06-26 02:24:44.884] Found 81 possible bad axioms.
[2026-06-26 02:24:44.884] Selected the bad axiom SubClassOf(ObjectAllValuesFrom(affiliation Organisation) ObjectAllValuesFrom(involved ObjectUnionOf(Trafficker Victim))).
[2026-06-26 02:24:44.892] Found 80 possible bad axioms.
[2026-06
...[truncated]
SUCCESS: attempt=110 seed=1547851 success_count=45/100
progress: ontology=HDS attempt=110 success=45/100
----- HDS attempt=111 seed=1562051 at 2026-06-26 02:25:34 -----
--- stdout ---
{"seed":1562051,"run_id":"20260624134028346645","trial_status":"time_limit_exceeded","error_type":"timeout","failure_stage":"B4","error_message":"Repair timeout: B4 exceeded 300 seconds","iic_values":{},"repair_runtimes_ms":{"A1":146,"A2":879,"A3":436,"B1":2732,"B2":10594,"B3":5540,"B4":300116}}

--- stderr ---
SingleTrialExperiment starting: ontology=/workspaces/ontologyutils-ekaw26/repair-power-index-replication-ekaw26/ontologies/inconsistent/HDS.owl, seed=1562051, run_id=20260624134028346645
Loaded ontology.
Normalizing ontology with SROIQ normalization...
Normalized ontology with SROIQ normalization.
Ontology is already inconsistent, skipping make-inconsistent step.
Repairing with A1 (random-removal)...
[2026-06-26 02:25:34.802] Checking precondition...
[2026-06-26 02:25:34.817] Starting the repair...
[2026-06-26 02:25:34.825] Found 91 possible bad axioms.
[2026-06-26 02:25:34.827] Selected the bad axiom SubClassOf(owl:Thing ObjectUnionOf(Perpetrator Victim)).
[2026-06-26 02:25:34.834] Found 90 possible bad axioms.
[2026-06-26 02:25:34.835] Selected the bad axiom SubClassOf(ObjectSomeValuesFrom(involved owl:Thing) Event).
[2026-06-26 02:25:34.841] Found 89 possible bad axioms.
[2026-06-26 02:25:34.841] Selected the bad axiom SubClassOf(ObjectAllValuesFrom(involved ObjectUnionOf(Victim ObjectUnionOf(Trafficker ObjectUnionOf(Organisation Perpetrator)))) ObjectAllValuesFrom(isPerpetratorOf Incident)).
[2026-06-26 02:25:34.847] Found 88 possible bad axioms.
[2026-06-26 02:25:34.847] Selected the bad axiom SubClassOf(ObjectSomeValuesFrom(affiliation owl:Thing) Perpetrator).
[2026-06-26 02:25:34.857] Found 87 possible bad axioms.
[2026-06-26 02:25:34.857] Selected the bad axiom SubClassOf(ObjectSomeValuesFrom(isVictimOf ObjectAllValuesFrom(isPerpetratorOf ObjectUnionOf(Event Incident))) Victim).
[2026-06-26 02:25:34.861] Found 86 possible bad axioms.
[2026-06-26 02:25:34.862] Selected the bad axiom SubClassOf(ObjectSomeValuesFrom(involved owl:Thing) ObjectSomeValuesFrom(affected owl:Thing)).
[2026-06-26 02:25:34.865] Found 85 possible bad axioms.
[2026-06-26 02:25:34.866] Selected the bad axiom SubClassOf(ObjectSomeValuesFrom(location ObjectAllValuesFrom(location Location)) ObjectUnionOf(owl:Nothing ObjectUnionOf(Incident ObjectUnionOf(Destination Event)))).
[2026-06-26 02:25:34.869] Found 84 possible bad axioms.
[2026-06-26 02:25:34.869] Selected the bad axiom SubClassOf(ObjectSomeValuesFrom(affiliation ObjectAllValuesFrom(affected ObjectUnionOf(Organisation Victim))) Perpetrator).
[2026-06-26 02:25:34.873] Found 83 possible bad axioms.
[2026-06-26 02:25:34.873] Selected the bad axiom SubClassOf(ObjectAllValuesFrom(affiliation Organisation) ObjectAllValuesFrom(involved ObjectUnionOf(Trafficker Victim))).
[2026-06-26 02:25:34.877] Found 82 possible bad axioms.
[2026-06-26 02:25:34.877] Selected the bad axiom SubClassOf(ObjectSomeValuesFrom(responseBy owl:Thing) Incident).
[2026-06-26 02:25:34.881] Found 81 possible bad axioms.
[2026-06-26 02:25:34.881] Selected the bad axiom SubClassOf(ObjectSomeValuesFrom(location ObjectAllValuesFrom(involved ObjectUnionOf(Victim ObjectUnionOf(Trafficker ObjectUnionOf(Organisation Perpetrator))))) ObjectUnionOf(Organisation ObjectUnionOf(Incident ObjectUnionOf(Camp Event)))).
[2026-06-26 02:25:34.890] Found 80 possible b
...[truncated]
FAIL: attempt=111 seed=1562051 status=time_limit_exceeded stage=B4 message=Repair timeout: B4 exceeded 300 seconds
progress: ontology=HDS attempt=111 success=45/100
----- HDS attempt=112 seed=1576251 at 2026-06-26 02:30:55 -----
--- stdout ---
{"seed":1576251,"run_id":"20260624134028346645","trial_status":"success","error_type":null,"failure_stage":null,"error_message":null,"iic_values":{"B1_vs_A1":1.0,"B1_vs_A2":1.0,"B1_vs_A3":0.2692307692307692,"B2_vs_A1":1.0,"B2_vs_A2":1.0,"B2_vs_A3":0.5,"B3_vs_A1":1.0,"B3_vs_A2":1.0,"B3_vs_A3":0.62,"B4_vs_A1":1.0,"B4_vs_A2":0.5,"B4_vs_A3":0.0,"B5_vs_A1":1.0,"B5_vs_A2":1.0,"B5_vs_A3":0.62,"B6_vs_A1":1.0,"B6_vs_A2":1.0,"B6_vs_A3":0.62,"B7_vs_A1":1.0,"B7_vs_A2":1.0,"B7_vs_A3":0.6666666666666666,"B8_vs_A1":1.0,"B8_vs_A2":1.0,"B8_vs_A3":0.62,"B9_vs_A1":1.0,"B9_vs_A2":1.0,"B9_vs_A3":0.5},"repair_runtimes_ms":{"A1":264,"A2":802,"A3":4647,"B1":542,"B2":10513,"B3":5636,"B4":506,"B5":7482,"B6":5428,"B7":159,"B8":7617,"B9":8305}}

--- stderr ---
SingleTrialExperiment starting: ontology=/workspaces/ontologyutils-ekaw26/repair-power-index-replication-ekaw26/ontologies/inconsistent/HDS.owl, seed=1576251, run_id=20260624134028346645
Loaded ontology.
Normalizing ontology with SROIQ normalization...
Normalized ontology with SROIQ normalization.
Ontology is already inconsistent, skipping make-inconsistent step.
Repairing with A1 (random-removal)...
[2026-06-26 02:30:55.722] Checking precondition...
[2026-06-26 02:30:55.740] Starting the repair...
[2026-06-26 02:30:55.751] Found 91 possible bad axioms.
[2026-06-26 02:30:55.753] Selected the bad axiom SubClassOf(ObjectSomeValuesFrom(affiliation owl:Thing) Perpetrator).
[2026-06-26 02:30:55.759] Found 90 possible bad axioms.
[2026-06-26 02:30:55.759] Selected the bad axiom SubClassOf(owl:Thing ObjectUnionOf(Organisation ObjectUnionOf(Incident ObjectUnionOf(Event ObjectUnionOf(Camp Destination))))).
[2026-06-26 02:30:55.765] Found 89 possible bad axioms.
[2026-06-26 02:30:55.765] Selected the bad axiom SubClassOf(ObjectSomeValuesFrom(location ObjectAllValuesFrom(location Location)) ObjectUnionOf(owl:Nothing ObjectUnionOf(Event Incident))).
[2026-06-26 02:30:55.771] Found 88 possible bad axioms.
[2026-06-26 02:30:55.771] Selected the bad axiom SubClassOf(ObjectSomeValuesFrom(isPerpetratorOf ObjectAllValuesFrom(affected ObjectUnionOf(Organisation Victim))) Perpetrator).
[2026-06-26 02:30:55.781] Found 87 possible bad axioms.
[2026-06-26 02:30:55.781] Selected the bad axiom SubClassOf(ObjectSomeValuesFrom(affiliation owl:Thing) ObjectSomeValuesFrom(isVictimOf owl:Thing)).
[2026-06-26 02:30:55.785] Found 86 possible bad axioms.
[2026-06-26 02:30:55.786] Selected the bad axiom SubClassOf(owl:Thing ObjectAllValuesFrom(involved ObjectUnionOf(Victim ObjectUnionOf(Perpetrator Trafficker)))).
[2026-06-26 02:30:55.790] Found 85 possible bad axioms.
[2026-06-26 02:30:55.790] Selected the bad axiom SubClassOf(ObjectSomeValuesFrom(isVictimOf owl:Thing) Victim).
[2026-06-26 02:30:55.794] Found 84 possible bad axioms.
[2026-06-26 02:30:55.794] Selected the bad axiom SubClassOf(ObjectSomeValuesFrom(location ObjectAllValuesFrom(isPerpetratorOf ObjectUnionOf(Event Incident))) ObjectUnionOf(Organisation ObjectUnionOf(Incident ObjectUnionOf(Event ObjectUnionOf(Camp owl:Nothing))))).
[2026-06-26 02:30:55.798] Found 83 possible bad axioms.
[2026-06-26 02:30:55.798] Selected the bad axiom SubClassOf(ObjectAllValuesFrom(involved ObjectUnionOf(Victim ObjectUnionOf(Trafficker ObjectUnionOf(Organisation Perpetrator)))) ObjectAllValuesFrom(isPerpetratorOf Incident)).
[2026-06-26 02:30:55.802] Found 82 possible bad axioms.
[2026-06-26 02:30:55.802] Selected the bad axiom SubClassOf(ObjectAllValuesFrom(affiliation Organisation) ObjectAllValuesFrom(affected ObjectUnionOf(Organisation Victim))).
[2026-06-26 02:30:55.805] Found 81 possible bad axioms.
[2026-06-26 02:30:55.805] Selected the bad axiom SubClassOf(ObjectSomeValuesFrom(isVictimOf ObjectAllValuesFrom(location ObjectAllVa
...[truncated]
SUCCESS: attempt=112 seed=1576251 success_count=46/100
progress: ontology=HDS attempt=112 success=46/100
----- HDS attempt=113 seed=1590451 at 2026-06-26 02:31:47 -----
--- stdout ---
{"seed":1590451,"run_id":"20260624134028346645","trial_status":"time_limit_exceeded","error_type":"timeout","failure_stage":"B4","error_message":"Repair timeout: B4 exceeded 300 seconds","iic_values":{},"repair_runtimes_ms":{"A1":213,"A2":850,"A3":997,"B1":322,"B2":8044,"B3":8567,"B4":300843}}

--- stderr ---
SingleTrialExperiment starting: ontology=/workspaces/ontologyutils-ekaw26/repair-power-index-replication-ekaw26/ontologies/inconsistent/HDS.owl, seed=1590451, run_id=20260624134028346645
Loaded ontology.
Normalizing ontology with SROIQ normalization...
Normalized ontology with SROIQ normalization.
Ontology is already inconsistent, skipping make-inconsistent step.
Repairing with A1 (random-removal)...
[2026-06-26 02:31:48.165] Checking precondition...
[2026-06-26 02:31:48.180] Starting the repair...
[2026-06-26 02:31:48.191] Found 91 possible bad axioms.
[2026-06-26 02:31:48.193] Selected the bad axiom SubClassOf(ObjectAllValuesFrom(isPerpetratorOf ObjectUnionOf(Event Incident)) ObjectAllValuesFrom(affected ObjectUnionOf(Organisation Victim))).
[2026-06-26 02:31:48.199] Found 90 possible bad axioms.
[2026-06-26 02:31:48.200] Selected the bad axiom SubClassOf(ObjectAllValuesFrom(involved ObjectUnionOf(Victim ObjectUnionOf(Trafficker ObjectUnionOf(Trafficker ObjectUnionOf(Organisation Perpetrator))))) ObjectAllValuesFrom(affected ObjectUnionOf(Organisation Victim))).
[2026-06-26 02:31:48.206] Found 89 possible bad axioms.
[2026-06-26 02:31:48.206] Selected the bad axiom SubClassOf(ObjectAllValuesFrom(location Location) ObjectAllValuesFrom(isPerpetratorOf Incident)).
[2026-06-26 02:31:48.211] Found 88 possible bad axioms.
[2026-06-26 02:31:48.211] Selected the bad axiom SubClassOf(ObjectAllValuesFrom(isVictimOf ObjectUnionOf(Event Incident)) ObjectAllValuesFrom(isPerpetratorOf ObjectUnionOf(Event Incident))).
[2026-06-26 02:31:48.222] Found 87 possible bad axioms.
[2026-06-26 02:31:48.222] Selected the bad axiom SubClassOf(ObjectAllValuesFrom(involved ObjectUnionOf(Victim ObjectUnionOf(Trafficker ObjectUnionOf(Organisation Perpetrator)))) ObjectAllValuesFrom(isPerpetratorOf Incident)).
[2026-06-26 02:31:48.226] Found 86 possible bad axioms.
[2026-06-26 02:31:48.227] Selected the bad axiom SubClassOf(ObjectSomeValuesFrom(isPerpetratorOf ObjectAllValuesFrom(affected ObjectUnionOf(Organisation Victim))) Perpetrator).
[2026-06-26 02:31:48.230] Found 85 possible bad axioms.
[2026-06-26 02:31:48.231] Selected the bad axiom SubClassOf(ObjectSomeValuesFrom(involved owl:Thing) ObjectUnionOf(Event Incident)).
[2026-06-26 02:31:48.235] Found 84 possible bad axioms.
[2026-06-26 02:31:48.235] Selected the bad axiom SubClassOf(ObjectSomeValuesFrom(location ObjectAllValuesFrom(location Location)) ObjectUnionOf(owl:Nothing ObjectUnionOf(Incident ObjectUnionOf(Event ObjectUnionOf(Camp Destination))))).
[2026-06-26 02:31:48.238] Found 83 possible bad axioms.
[2026-06-26 02:31:48.239] Selected the bad axiom SubClassOf(ObjectSomeValuesFrom(affected owl:Thing) ObjectUnionOf(Event Incident)).
[2026-06-26 02:31:48.242] Found 82 possible bad axioms.
[2026-06-26 02:31:48.242] Selected the bad axiom SubClassOf(ObjectSomeValuesFrom(affiliation owl:Thing) Perpetrator).
[2026-06-26 02:31:48.246] Found 81 possible bad axioms.
[2026-06-26 02:31:48.246] Selected the bad axiom SubCl
...[truncated]
FAIL: attempt=113 seed=1590451 status=time_limit_exceeded stage=B4 message=Repair timeout: B4 exceeded 300 seconds
progress: ontology=HDS attempt=113 success=46/100
----- HDS attempt=114 seed=1604651 at 2026-06-26 02:37:08 -----
--- stdout ---
{"seed":1604651,"run_id":"20260624134028346645","trial_status":"success","error_type":null,"failure_stage":null,"error_message":null,"iic_values":{"B1_vs_A1":1.0,"B1_vs_A2":1.0,"B1_vs_A3":1.0,"B2_vs_A1":1.0,"B2_vs_A2":1.0,"B2_vs_A3":1.0,"B3_vs_A1":1.0,"B3_vs_A2":1.0,"B3_vs_A3":1.0,"B4_vs_A1":1.0,"B4_vs_A2":1.0,"B4_vs_A3":1.0,"B5_vs_A1":1.0,"B5_vs_A2":1.0,"B5_vs_A3":1.0,"B6_vs_A1":1.0,"B6_vs_A2":1.0,"B6_vs_A3":1.0,"B7_vs_A1":1.0,"B7_vs_A2":1.0,"B7_vs_A3":1.0,"B8_vs_A1":1.0,"B8_vs_A2":1.0,"B8_vs_A3":1.0,"B9_vs_A1":1.0,"B9_vs_A2":1.0,"B9_vs_A3":1.0},"repair_runtimes_ms":{"A1":168,"A2":858,"A3":577,"B1":342,"B2":7948,"B3":5565,"B4":118,"B5":7502,"B6":5450,"B7":138,"B8":7169,"B9":5138}}

--- stderr ---
SingleTrialExperiment starting: ontology=/workspaces/ontologyutils-ekaw26/repair-power-index-replication-ekaw26/ontologies/inconsistent/HDS.owl, seed=1604651, run_id=20260624134028346645
Loaded ontology.
Normalizing ontology with SROIQ normalization...
Normalized ontology with SROIQ normalization.
Ontology is already inconsistent, skipping make-inconsistent step.
Repairing with A1 (random-removal)...
[2026-06-26 02:37:08.476] Checking precondition...
[2026-06-26 02:37:08.493] Starting the repair...
[2026-06-26 02:37:08.502] Found 91 possible bad axioms.
[2026-06-26 02:37:08.504] Selected the bad axiom SubClassOf(ObjectSomeValuesFrom(location ObjectAllValuesFrom(involved ObjectUnionOf(Victim ObjectUnionOf(Trafficker ObjectUnionOf(Organisation Perpetrator))))) ObjectUnionOf(owl:Nothing ObjectUnionOf(Incident ObjectUnionOf(Event ObjectUnionOf(Camp Destination))))).
[2026-06-26 02:37:08.510] Found 90 possible bad axioms.
[2026-06-26 02:37:08.511] Selected the bad axiom SubClassOf(owl:Thing ObjectAllValuesFrom(isPerpetratorOf Incident)).
[2026-06-26 02:37:08.517] Found 89 possible bad axioms.
[2026-06-26 02:37:08.517] Selected the bad axiom SubClassOf(ObjectSomeValuesFrom(location ObjectAllValuesFrom(location owl:Thing)) ObjectUnionOf(owl:Nothing ObjectUnionOf(Event Incident))).
[2026-06-26 02:37:08.527] Found 88 possible bad axioms.
[2026-06-26 02:37:08.527] Selected the bad axiom SubClassOf(ObjectAllValuesFrom(involved ObjectUnionOf(Victim ObjectUnionOf(Trafficker ObjectUnionOf(Organisation Perpetrator)))) ObjectAllValuesFrom(isPerpetratorOf ObjectUnionOf(Event Incident))).
[2026-06-26 02:37:08.531] Found 87 possible bad axioms.
[2026-06-26 02:37:08.532] Selected the bad axiom SubClassOf(ObjectAllValuesFrom(isPerpetratorOf ObjectUnionOf(Event Incident)) ObjectAllValuesFrom(affected ObjectUnionOf(Organisation Victim))).
[2026-06-26 02:37:08.536] Found 86 possible bad axioms.
[2026-06-26 02:37:08.536] Selected the bad axiom SubClassOf(ObjectSomeValuesFrom(location ObjectAllValuesFrom(isPerpetratorOf ObjectUnionOf(Event Incident))) ObjectUnionOf(Organisation ObjectUnionOf(Incident ObjectUnionOf(Event ObjectUnionOf(Camp owl:Nothing))))).
[2026-06-26 02:37:08.540] Found 85 possible bad axioms.
[2026-06-26 02:37:08.540] Selected the bad axiom SubClassOf(ObjectSomeValuesFrom(affiliation owl:Thing) Perpetrator).
[2026-06-26 02:37:08.545] Found 84 possible bad axioms.
[2026-06-26 02:37:08.545] Selected the bad axiom SubClassOf(ObjectSomeValuesFrom(isPerpetratorOf ObjectAllValuesFrom(affected ObjectUnionOf(Organisation Victim))) Perpetrator).
[2026-06-26 02:37:08.549] Found 83 possible bad axioms.
[2026-06-26 02:37:08.549] Selected the bad axiom SubClassOf(ObjectSomeValuesFrom(isPerpetratorOf owl:Thing) Perpetrator).
[2026-06-26 02:37:08.552] Found 82 possible bad axioms.
[2026-06-26 02:37:08.552] Selected the bad axiom SubClassOf(ObjectSomeValuesFrom(location owl:Thing) ObjectUnionOf(Organisation ObjectUnionOf(Incident ObjectUnionOf(owl:Nothing ObjectUnionOf
...[truncated]
SUCCESS: attempt=114 seed=1604651 success_count=47/100
progress: ontology=HDS attempt=114 success=47/100
----- HDS attempt=115 seed=1618851 at 2026-06-26 02:37:49 -----
--- stdout ---
{"seed":1618851,"run_id":"20260624134028346645","trial_status":"time_limit_exceeded","error_type":"timeout","failure_stage":"B4","error_message":"Repair timeout: B4 exceeded 300 seconds","iic_values":{},"repair_runtimes_ms":{"A1":180,"A2":852,"A3":3268,"B1":522,"B2":10922,"B3":8615,"B4":300183}}

--- stderr ---
SingleTrialExperiment starting: ontology=/workspaces/ontologyutils-ekaw26/repair-power-index-replication-ekaw26/ontologies/inconsistent/HDS.owl, seed=1618851, run_id=20260624134028346645
Loaded ontology.
Normalizing ontology with SROIQ normalization...
Normalized ontology with SROIQ normalization.
Ontology is already inconsistent, skipping make-inconsistent step.
Repairing with A1 (random-removal)...
[2026-06-26 02:37:50.188] Checking precondition...
[2026-06-26 02:37:50.204] Starting the repair...
[2026-06-26 02:37:50.213] Found 91 possible bad axioms.
[2026-06-26 02:37:50.215] Selected the bad axiom SubClassOf(ObjectAllValuesFrom(involved ObjectUnionOf(Victim ObjectUnionOf(Trafficker ObjectUnionOf(Organisation Perpetrator)))) ObjectAllValuesFrom(isPerpetratorOf Incident)).
[2026-06-26 02:37:50.222] Found 90 possible bad axioms.
[2026-06-26 02:37:50.222] Selected the bad axiom SubClassOf(ObjectSomeValuesFrom(affected owl:Thing) ObjectUnionOf(Event Incident)).
[2026-06-26 02:37:50.228] Found 89 possible bad axioms.
[2026-06-26 02:37:50.228] Selected the bad axiom SubClassOf(owl:Thing ObjectAllValuesFrom(isVictimOf ObjectUnionOf(Event Incident))).
[2026-06-26 02:37:50.233] Found 88 possible bad axioms.
[2026-06-26 02:37:50.234] Selected the bad axiom SubClassOf(ObjectSomeValuesFrom(location owl:Thing) ObjectUnionOf(owl:Nothing ObjectUnionOf(Incident ObjectUnionOf(Event ObjectUnionOf(Destination owl:Nothing))))).
[2026-06-26 02:37:50.243] Found 87 possible bad axioms.
[2026-06-26 02:37:50.243] Selected the bad axiom SubClassOf(owl:Thing ObjectUnionOf(Perpetrator Victim)).
[2026-06-26 02:37:50.248] Found 86 possible bad axioms.
[2026-06-26 02:37:50.248] Selected the bad axiom SubClassOf(ObjectSomeValuesFrom(responseBy ObjectAllValuesFrom(responseBy Organisation)) Incident).
[2026-06-26 02:37:50.252] Found 85 possible bad axioms.
[2026-06-26 02:37:50.252] Selected the bad axiom SubClassOf(ObjectSomeValuesFrom(isVictimOf ObjectAllValuesFrom(affected ObjectUnionOf(Victim ObjectUnionOf(Organisation Perpetrator)))) Victim).
[2026-06-26 02:37:50.256] Found 84 possible bad axioms.
[2026-06-26 02:37:50.256] Selected the bad axiom SubClassOf(ObjectSomeValuesFrom(isPerpetratorOf ObjectAllValuesFrom(affected ObjectUnionOf(Organisation Victim))) Perpetrator).
[2026-06-26 02:37:50.260] Found 83 possible bad axioms.
[2026-06-26 02:37:50.260] Selected the bad axiom SubClassOf(ObjectAllValuesFrom(isPerpetratorOf ObjectUnionOf(Event Incident)) ObjectAllValuesFrom(involved ObjectUnionOf(Trafficker Victim))).
[2026-06-26 02:37:50.263] Found 82 possible bad axioms.
[2026-06-26 02:37:50.264] Selected the bad axiom SubClassOf(ObjectSomeValuesFrom(affiliation ObjectAllValuesFrom(location Location)) Perpetrator).
[2026-06-26 02:37:50.267] Found 81 possible bad axioms.
[2026-06-26 02:37:50.267] Selected the bad axiom SubClassOf(ObjectAllValuesFrom(involved ObjectUnionOf(Victim ObjectUnionOf(Trafficker ObjectUnionOf(Perpetrator ObjectUnionOf(Organisation Perpetrator))))) Obj
...[truncated]
FAIL: attempt=115 seed=1618851 status=time_limit_exceeded stage=B4 message=Repair timeout: B4 exceeded 300 seconds
progress: ontology=HDS attempt=115 success=47/100
----- HDS attempt=116 seed=1633051 at 2026-06-26 02:43:14 -----
--- stdout ---
{"seed":1633051,"run_id":"20260624134028346645","trial_status":"time_limit_exceeded","error_type":"timeout","failure_stage":"B7","error_message":"Repair timeout: B7 exceeded 300 seconds","iic_values":{},"repair_runtimes_ms":{"A1":50,"A2":942,"A3":1271,"B1":1145,"B2":7997,"B3":5538,"B4":131,"B5":7318,"B6":8353,"B7":300001}}

--- stderr ---
SingleTrialExperiment starting: ontology=/workspaces/ontologyutils-ekaw26/repair-power-index-replication-ekaw26/ontologies/inconsistent/HDS.owl, seed=1633051, run_id=20260624134028346645
Loaded ontology.
Normalizing ontology with SROIQ normalization...
Normalized ontology with SROIQ normalization.
Ontology is already inconsistent, skipping make-inconsistent step.
Repairing with A1 (random-removal)...
[2026-06-26 02:43:15.170] Checking precondition...
[2026-06-26 02:43:15.185] Starting the repair...
[2026-06-26 02:43:15.194] Found 91 possible bad axioms.
[2026-06-26 02:43:15.196] Selected the bad axiom SubClassOf(ObjectSomeValuesFrom(affiliation ObjectAllValuesFrom(location Location)) ObjectUnionOf(Perpetrator Victim)).
[2026-06-26 02:43:15.204] Found 90 possible bad axioms.
[2026-06-26 02:43:15.204] Selected the bad axiom SubClassOf(ObjectSomeValuesFrom(affiliation owl:Thing) ObjectUnionOf(Perpetrator ObjectSomeValuesFrom(isVictimOf owl:Thing))).
[2026-06-26 02:43:15.209] Found 89 possible bad axioms.
[2026-06-26 02:43:15.210] Selected the bad axiom SubClassOf(owl:Thing ObjectSomeValuesFrom(location owl:Thing)).
[2026-06-26 02:43:15.216] Finished repairing the ontology.
Repairing with A2 (not-in-largest-mcs-removal)...
[2026-06-26 02:43:15.216] Checking precondition...
[2026-06-26 02:43:15.229] Starting the repair...
[2026-06-26 02:43:16.156] Found 1 possible bad axioms.
[2026-06-26 02:43:16.156] Selected the bad axiom SubClassOf(owl:Thing ObjectSomeValuesFrom(location owl:Thing)).
[2026-06-26 02:43:16.159] Finished repairing the ontology.
Repairing with A3 (default-weakening)...
[2026-06-26 02:43:16.160] Checking precondition...
[2026-06-26 02:43:16.163] Starting the repair...
[2026-06-26 02:43:16.182] Selected a reference ontology with 105 axioms.
[2026-06-26 02:43:16.439] Selected the bad axiom SubClassOf(owl:Thing ObjectSomeValuesFrom(location owl:Thing)).
[2026-06-26 02:43:16.569] Selected the weaker axiom SubClassOf(ObjectAllValuesFrom(location Location) ObjectSomeValuesFrom(location owl:Thing)).
[2026-06-26 02:43:16.842] Selected the bad axiom SubClassOf(ObjectAllValuesFrom(location Location) ObjectSomeValuesFrom(location owl:Thing)).
[2026-06-26 02:43:16.846] Selected the weaker axiom SubClassOf(ObjectAllValuesFrom(location Location) ObjectSomeValuesFrom(location ObjectUnionOf(Victim ObjectUnionOf(Perpetrator Trafficker)))).
[2026-06-26 02:43:17.081] Selected the bad axiom SubClassOf(ObjectAllValuesFrom(location Location) ObjectSomeValuesFrom(location ObjectUnionOf(Victim ObjectUnionOf(Perpetrator Trafficker)))).
[2026-06-26 02:43:17.120] Selected the weaker axiom SubClassOf(ObjectAllValuesFrom(location ObjectAllValuesFrom(involved ObjectUnionOf(Victim ObjectUnionOf(Trafficker ObjectUnionOf(Organisation Perpetrator))))) ObjectSomeValuesFrom(location ObjectUnionOf(Victim ObjectUnionOf(Perpetrator Trafficker)))).
[2026-06-26 02:43:17.412] Selected the bad axiom SubClassOf(ObjectAllValuesFrom(location ObjectAllValuesFrom(involved ObjectUnion
...[truncated]
FAIL: attempt=116 seed=1633051 status=time_limit_exceeded stage=B7 message=Repair timeout: B7 exceeded 300 seconds
progress: ontology=HDS attempt=116 success=47/100
----- HDS attempt=117 seed=1647251 at 2026-06-26 02:48:48 -----
--- stdout ---
{"seed":1647251,"run_id":"20260624134028346645","trial_status":"time_limit_exceeded","error_type":"timeout","failure_stage":"B7","error_message":"Repair timeout: B7 exceeded 300 seconds","iic_values":{},"repair_runtimes_ms":{"A1":75,"A2":936,"A3":1510,"B1":572,"B2":8221,"B3":5376,"B4":280,"B5":7458,"B6":8557,"B7":300043}}

--- stderr ---
SingleTrialExperiment starting: ontology=/workspaces/ontologyutils-ekaw26/repair-power-index-replication-ekaw26/ontologies/inconsistent/HDS.owl, seed=1647251, run_id=20260624134028346645
Loaded ontology.
Normalizing ontology with SROIQ normalization...
Normalized ontology with SROIQ normalization.
Ontology is already inconsistent, skipping make-inconsistent step.
Repairing with A1 (random-removal)...
[2026-06-26 02:48:48.417] Checking precondition...
[2026-06-26 02:48:48.434] Starting the repair...
[2026-06-26 02:48:48.443] Found 91 possible bad axioms.
[2026-06-26 02:48:48.445] Selected the bad axiom SubClassOf(ObjectSomeValuesFrom(affiliation ObjectAllValuesFrom(location Location)) Perpetrator).
[2026-06-26 02:48:48.452] Found 90 possible bad axioms.
[2026-06-26 02:48:48.452] Selected the bad axiom SubClassOf(ObjectSomeValuesFrom(location ObjectAllValuesFrom(location Location)) ObjectUnionOf(owl:Nothing ObjectUnionOf(Incident ObjectUnionOf(Destination Event)))).
[2026-06-26 02:48:48.458] Found 89 possible bad axioms.
[2026-06-26 02:48:48.458] Selected the bad axiom SubClassOf(ObjectAllValuesFrom(affected ObjectUnionOf(Organisation Victim)) ObjectAllValuesFrom(location Location)).
[2026-06-26 02:48:48.468] Found 88 possible bad axioms.
[2026-06-26 02:48:48.468] Selected the bad axiom SubClassOf(ObjectSomeValuesFrom(isVictimOf ObjectAllValuesFrom(affected ObjectUnionOf(Victim ObjectUnionOf(Organisation Perpetrator)))) Victim).
[2026-06-26 02:48:48.473] Found 87 possible bad axioms.
[2026-06-26 02:48:48.473] Selected the bad axiom SubClassOf(ObjectAllValuesFrom(isVictimOf ObjectUnionOf(Event Incident)) ObjectAllValuesFrom(affected ObjectUnionOf(Organisation Victim))).
[2026-06-26 02:48:48.478] Found 86 possible bad axioms.
[2026-06-26 02:48:48.478] Selected the bad axiom SubClassOf(ObjectAllValuesFrom(isPerpetratorOf ObjectUnionOf(Event Incident)) ObjectAllValuesFrom(involved ObjectUnionOf(Trafficker Victim))).
[2026-06-26 02:48:48.482] Found 85 possible bad axioms.
[2026-06-26 02:48:48.482] Selected the bad axiom SubClassOf(ObjectSomeValuesFrom(affiliation ObjectAllValuesFrom(responseBy Organisation)) ObjectUnionOf(Perpetrator Victim)).
[2026-06-26 02:48:48.485] Found 84 possible bad axioms.
[2026-06-26 02:48:48.485] Selected the bad axiom SubClassOf(owl:Thing ObjectSomeValuesFrom(location owl:Thing)).
[2026-06-26 02:48:48.489] Finished repairing the ontology.
Repairing with A2 (not-in-largest-mcs-removal)...
[2026-06-26 02:48:48.489] Checking precondition...
[2026-06-26 02:48:48.495] Starting the repair...
[2026-06-26 02:48:49.422] Found 1 possible bad axioms.
[2026-06-26 02:48:49.423] Selected the bad axiom SubClassOf(owl:Thing ObjectSomeValuesFrom(location owl:Thing)).
[2026-06-26 02:48:49.425] Finished repairing the ontology.
Repairing with A3 (default-weakening)...
[2026-06-26 02:48:49.427] Checking precondition...
[2026-06-26 02:48:49.429] Starting the repair...
[2026-06-26 02:48:49.446] Selected a reference ontology with 105 axioms.
[2026-
...[truncated]
FAIL: attempt=117 seed=1647251 status=time_limit_exceeded stage=B7 message=Repair timeout: B7 exceeded 300 seconds
progress: ontology=HDS attempt=117 success=47/100
----- HDS attempt=118 seed=1661451 at 2026-06-26 02:54:21 -----
--- stdout ---
{"seed":1661451,"run_id":"20260624134028346645","trial_status":"success","error_type":null,"failure_stage":null,"error_message":null,"iic_values":{"B1_vs_A1":1.0,"B1_vs_A2":1.0,"B1_vs_A3":0.0,"B2_vs_A1":1.0,"B2_vs_A2":1.0,"B2_vs_A3":0.62,"B3_vs_A1":1.0,"B3_vs_A2":1.0,"B3_vs_A3":0.5,"B4_vs_A1":0.5,"B4_vs_A2":0.5,"B4_vs_A3":0.0,"B5_vs_A1":1.0,"B5_vs_A2":1.0,"B5_vs_A3":0.62,"B6_vs_A1":1.0,"B6_vs_A2":1.0,"B6_vs_A3":0.62,"B7_vs_A1":1.0,"B7_vs_A2":1.0,"B7_vs_A3":0.25,"B8_vs_A1":1.0,"B8_vs_A2":1.0,"B8_vs_A3":0.5,"B9_vs_A1":1.0,"B9_vs_A2":1.0,"B9_vs_A3":0.62},"repair_runtimes_ms":{"A1":177,"A2":850,"A3":771,"B1":6003,"B2":7963,"B3":8654,"B4":113,"B5":6872,"B6":5458,"B7":151,"B8":10462,"B9":4893}}

--- stderr ---
SingleTrialExperiment starting: ontology=/workspaces/ontologyutils-ekaw26/repair-power-index-replication-ekaw26/ontologies/inconsistent/HDS.owl, seed=1661451, run_id=20260624134028346645
Loaded ontology.
Normalizing ontology with SROIQ normalization...
Normalized ontology with SROIQ normalization.
Ontology is already inconsistent, skipping make-inconsistent step.
Repairing with A1 (random-removal)...
[2026-06-26 02:54:21.941] Checking precondition...
[2026-06-26 02:54:21.955] Starting the repair...
[2026-06-26 02:54:21.966] Found 91 possible bad axioms.
[2026-06-26 02:54:21.967] Selected the bad axiom SubClassOf(ObjectSomeValuesFrom(location owl:Thing) ObjectUnionOf(Organisation ObjectUnionOf(Incident ObjectUnionOf(owl:Nothing ObjectUnionOf(Camp owl:Nothing))))).
[2026-06-26 02:54:21.974] Found 90 possible bad axioms.
[2026-06-26 02:54:21.974] Selected the bad axiom SubClassOf(ObjectSomeValuesFrom(isVictimOf ObjectAllValuesFrom(isPerpetratorOf ObjectUnionOf(Event Incident))) Victim).
[2026-06-26 02:54:21.980] Found 89 possible bad axioms.
[2026-06-26 02:54:21.981] Selected the bad axiom SubClassOf(ObjectSomeValuesFrom(location ObjectAllValuesFrom(isPerpetratorOf ObjectUnionOf(Event Incident))) ObjectUnionOf(Organisation ObjectUnionOf(Incident ObjectUnionOf(Event ObjectUnionOf(Camp owl:Nothing))))).
[2026-06-26 02:54:21.990] Found 88 possible bad axioms.
[2026-06-26 02:54:21.991] Selected the bad axiom SubClassOf(ObjectSomeValuesFrom(location ObjectAllValuesFrom(involved ObjectUnionOf(Victim ObjectUnionOf(Trafficker ObjectUnionOf(Organisation Perpetrator))))) ObjectUnionOf(owl:Nothing ObjectUnionOf(Incident ObjectUnionOf(Event ObjectUnionOf(Camp Destination))))).
[2026-06-26 02:54:21.995] Found 87 possible bad axioms.
[2026-06-26 02:54:21.996] Selected the bad axiom SubClassOf(ObjectAllValuesFrom(involved ObjectUnionOf(Victim ObjectUnionOf(Trafficker ObjectUnionOf(Organisation Perpetrator)))) ObjectAllValuesFrom(affected ObjectUnionOf(Organisation Victim))).
[2026-06-26 02:54:22.000] Found 86 possible bad axioms.
[2026-06-26 02:54:22.000] Selected the bad axiom SubClassOf(ObjectSomeValuesFrom(affiliation ObjectAllValuesFrom(responseBy Organisation)) ObjectUnionOf(Perpetrator ObjectSomeValuesFrom(isVictimOf owl:Thing))).
[2026-06-26 02:54:22.004] Found 85 possible bad axioms.
[2026-06-26 02:54:22.004] Selected the bad axiom SubClassOf(owl:Thing ObjectAllValuesFrom(location owl:Nothing)).
[2026-06-26 02:54:22.009] Found 84 possible bad axioms.
[2026-06-26 02:54:22.009] Selected the bad axiom SubClassOf(ObjectAllValuesFrom(isPerpetratorOf ObjectUnionOf(Event Incident)) ObjectAllValuesFrom(involved ObjectUnionOf(Trafficker Victim))).
[2026-06-26 02:54:22.012] Found 83 possible bad axioms.
[2026-06-26 02:54:22.013] Selected the bad axiom SubClassOf(ObjectSomeValuesFrom(location ObjectAllValuesFrom(isPerpetratorOf ObjectUnionOf(Event Incident))) ObjectUnionOf(owl:Nothing ObjectUnionOf(Incident ObjectUnionOf(Event ObjectUnionOf(Camp Destination))))).
[20
...[truncated]
SUCCESS: attempt=118 seed=1661451 success_count=48/100
progress: ontology=HDS attempt=118 success=48/100
----- HDS attempt=119 seed=1675651 at 2026-06-26 02:55:14 -----
--- stdout ---
{"seed":1675651,"run_id":"20260624134028346645","trial_status":"time_limit_exceeded","error_type":"timeout","failure_stage":"B4","error_message":"Repair timeout: B4 exceeded 300 seconds","iic_values":{},"repair_runtimes_ms":{"A1":95,"A2":906,"A3":1148,"B1":363,"B2":10641,"B3":8511,"B4":300177}}

--- stderr ---
SingleTrialExperiment starting: ontology=/workspaces/ontologyutils-ekaw26/repair-power-index-replication-ekaw26/ontologies/inconsistent/HDS.owl, seed=1675651, run_id=20260624134028346645
Loaded ontology.
Normalizing ontology with SROIQ normalization...
Normalized ontology with SROIQ normalization.
Ontology is already inconsistent, skipping make-inconsistent step.
Repairing with A1 (random-removal)...
[2026-06-26 02:55:14.838] Checking precondition...
[2026-06-26 02:55:14.854] Starting the repair...
[2026-06-26 02:55:14.863] Found 91 possible bad axioms.
[2026-06-26 02:55:14.865] Selected the bad axiom SubClassOf(ObjectSomeValuesFrom(responseBy owl:Thing) Incident).
[2026-06-26 02:55:14.871] Found 90 possible bad axioms.
[2026-06-26 02:55:14.871] Selected the bad axiom SubClassOf(ObjectSomeValuesFrom(affected owl:Thing) ObjectUnionOf(Event Incident)).
[2026-06-26 02:55:14.878] Found 89 possible bad axioms.
[2026-06-26 02:55:14.879] Selected the bad axiom SubClassOf(ObjectSomeValuesFrom(responseBy ObjectAllValuesFrom(isPerpetratorOf ObjectUnionOf(Event Incident))) Incident).
[2026-06-26 02:55:14.884] Found 88 possible bad axioms.
[2026-06-26 02:55:14.884] Selected the bad axiom SubClassOf(ObjectSomeValuesFrom(location owl:Thing) ObjectUnionOf(Organisation ObjectUnionOf(Incident ObjectUnionOf(Event ObjectUnionOf(Camp owl:Nothing))))).
[2026-06-26 02:55:14.893] Found 87 possible bad axioms.
[2026-06-26 02:55:14.894] Selected the bad axiom SubClassOf(ObjectSomeValuesFrom(isPerpetratorOf ObjectAllValuesFrom(affiliation ObjectUnionOf(Organisation Victim))) Perpetrator).
[2026-06-26 02:55:14.898] Found 86 possible bad axioms.
[2026-06-26 02:55:14.898] Selected the bad axiom SubClassOf(ObjectSomeValuesFrom(isVictimOf ObjectAllValuesFrom(affected ObjectUnionOf(Organisation Victim))) Victim).
[2026-06-26 02:55:14.902] Found 85 possible bad axioms.
[2026-06-26 02:55:14.902] Selected the bad axiom SubClassOf(owl:Thing ObjectAllValuesFrom(involved ObjectUnionOf(Victim ObjectUnionOf(Perpetrator Trafficker)))).
[2026-06-26 02:55:14.906] Found 84 possible bad axioms.
[2026-06-26 02:55:14.906] Selected the bad axiom SubClassOf(ObjectSomeValuesFrom(location ObjectAllValuesFrom(location Location)) ObjectUnionOf(owl:Nothing ObjectUnionOf(Incident ObjectUnionOf(Event ObjectUnionOf(Camp Destination))))).
[2026-06-26 02:55:14.910] Found 83 possible bad axioms.
[2026-06-26 02:55:14.910] Selected the bad axiom SubClassOf(ObjectAllValuesFrom(location Location) ObjectAllValuesFrom(isPerpetratorOf Incident)).
[2026-06-26 02:55:14.913] Found 82 possible bad axioms.
[2026-06-26 02:55:14.914] Selected the bad axiom SubClassOf(ObjectSomeValuesFrom(involved ObjectAllValuesFrom(isVictimOf ObjectUnionOf(Event Incident))) ObjectUnionOf(Event Incident)).
[2026-06-26 02:55:14.917] Found 81 possible bad axioms.
[2026-06-26 02:55:14.917] Selected the bad axiom SubClassOf(ObjectSomeValuesFrom(affiliation owl:Thing) ObjectUnionOf(Perpetrator Victim)).
[2026-06-26 02:55:14.925] Found 80 po
...[truncated]
FAIL: attempt=119 seed=1675651 status=time_limit_exceeded stage=B4 message=Repair timeout: B4 exceeded 300 seconds
progress: ontology=HDS attempt=119 success=48/100
----- HDS attempt=120 seed=1689851 at 2026-06-26 03:00:36 -----
--- stdout ---
{"seed":1689851,"run_id":"20260624134028346645","trial_status":"time_limit_exceeded","error_type":"timeout","failure_stage":"B4","error_message":"Repair timeout: B4 exceeded 300 seconds","iic_values":{},"repair_runtimes_ms":{"A1":221,"A2":822,"A3":453,"B1":1393,"B2":8197,"B3":5380,"B4":300427}}

--- stderr ---
SingleTrialExperiment starting: ontology=/workspaces/ontologyutils-ekaw26/repair-power-index-replication-ekaw26/ontologies/inconsistent/HDS.owl, seed=1689851, run_id=20260624134028346645
Loaded ontology.
Normalizing ontology with SROIQ normalization...
Normalized ontology with SROIQ normalization.
Ontology is already inconsistent, skipping make-inconsistent step.
Repairing with A1 (random-removal)...
[2026-06-26 03:00:37.140] Checking precondition...
[2026-06-26 03:00:37.155] Starting the repair...
[2026-06-26 03:00:37.164] Found 91 possible bad axioms.
[2026-06-26 03:00:37.166] Selected the bad axiom SubClassOf(owl:Thing ObjectAllValuesFrom(involved ObjectUnionOf(Trafficker ObjectSomeValuesFrom(isVictimOf owl:Thing)))).
[2026-06-26 03:00:37.173] Found 90 possible bad axioms.
[2026-06-26 03:00:37.173] Selected the bad axiom SubClassOf(owl:Thing ObjectAllValuesFrom(isVictimOf ObjectSomeValuesFrom(involved owl:Thing))).
[2026-06-26 03:00:37.179] Found 89 possible bad axioms.
[2026-06-26 03:00:37.180] Selected the bad axiom SubClassOf(owl:Thing Victim).
[2026-06-26 03:00:37.185] Found 88 possible bad axioms.
[2026-06-26 03:00:37.185] Selected the bad axiom SubClassOf(ObjectAllValuesFrom(affiliation Organisation) ObjectAllValuesFrom(involved ObjectUnionOf(Trafficker Victim))).
[2026-06-26 03:00:37.194] Found 87 possible bad axioms.
[2026-06-26 03:00:37.194] Selected the bad axiom SubClassOf(ObjectSomeValuesFrom(involved ObjectAllValuesFrom(isVictimOf ObjectUnionOf(Event Incident))) ObjectUnionOf(Event Incident)).
[2026-06-26 03:00:37.198] Found 86 possible bad axioms.
[2026-06-26 03:00:37.199] Selected the bad axiom SubClassOf(ObjectSomeValuesFrom(isVictimOf ObjectAllValuesFrom(location ObjectAllValuesFrom(responseBy Organisation))) Victim).
[2026-06-26 03:00:37.202] Found 85 possible bad axioms.
[2026-06-26 03:00:37.202] Selected the bad axiom SubClassOf(ObjectAllValuesFrom(involved ObjectUnionOf(Victim ObjectUnionOf(Trafficker ObjectUnionOf(Organisation Perpetrator)))) ObjectAllValuesFrom(isPerpetratorOf Incident)).
[2026-06-26 03:00:37.206] Found 84 possible bad axioms.
[2026-06-26 03:00:37.207] Selected the bad axiom SubClassOf(ObjectSomeValuesFrom(isPerpetratorOf ObjectAllValuesFrom(responseBy Organisation)) Perpetrator).
[2026-06-26 03:00:37.210] Found 83 possible bad axioms.
[2026-06-26 03:00:37.210] Selected the bad axiom SubClassOf(ObjectSomeValuesFrom(responseBy owl:Thing) Incident).
[2026-06-26 03:00:37.213] Found 82 possible bad axioms.
[2026-06-26 03:00:37.214] Selected the bad axiom SubClassOf(Location Victim).
[2026-06-26 03:00:37.217] Found 81 possible bad axioms.
[2026-06-26 03:00:37.217] Selected the bad axiom SubClassOf(ObjectSomeValuesFrom(responseBy ObjectAllValuesFrom(isPerpetratorOf ObjectUnionOf(Event Incident))) Incident).
[2026-06-26 03:00:37.225] Found 80 possible bad axioms.
[2026-06-26 03:00:37.226] Selected the bad axiom SubClassOf(owl:Thing ObjectAllValuesFrom(involved ObjectUnionOf(Victim ObjectUnionOf(Organisation Tra
...[truncated]
FAIL: attempt=120 seed=1689851 status=time_limit_exceeded stage=B4 message=Repair timeout: B4 exceeded 300 seconds
progress: ontology=HDS attempt=120 success=48/100
----- HDS attempt=121 seed=1704051 at 2026-06-26 03:05:54 -----
--- stdout ---
{"seed":1704051,"run_id":"20260624134028346645","trial_status":"time_limit_exceeded","error_type":"timeout","failure_stage":"B4","error_message":"Repair timeout: B4 exceeded 300 seconds","iic_values":{},"repair_runtimes_ms":{"A1":97,"A2":938,"A3":443,"B1":2103,"B2":8051,"B3":5571,"B4":300031}}

--- stderr ---
SingleTrialExperiment starting: ontology=/workspaces/ontologyutils-ekaw26/repair-power-index-replication-ekaw26/ontologies/inconsistent/HDS.owl, seed=1704051, run_id=20260624134028346645
Loaded ontology.
Normalizing ontology with SROIQ normalization...
Normalized ontology with SROIQ normalization.
Ontology is already inconsistent, skipping make-inconsistent step.
Repairing with A1 (random-removal)...
[2026-06-26 03:05:54.561] Checking precondition...
[2026-06-26 03:05:54.575] Starting the repair...
[2026-06-26 03:05:54.586] Found 91 possible bad axioms.
[2026-06-26 03:05:54.588] Selected the bad axiom SubClassOf(ObjectSomeValuesFrom(location owl:Thing) ObjectUnionOf(owl:Nothing ObjectUnionOf(Incident ObjectUnionOf(Event ObjectUnionOf(Destination owl:Nothing))))).
[2026-06-26 03:05:54.595] Found 90 possible bad axioms.
[2026-06-26 03:05:54.596] Selected the bad axiom SubClassOf(ObjectAllValuesFrom(affected ObjectUnionOf(Organisation Victim)) ObjectAllValuesFrom(location Location)).
[2026-06-26 03:05:54.601] Found 89 possible bad axioms.
[2026-06-26 03:05:54.601] Selected the bad axiom SubClassOf(ObjectSomeValuesFrom(isPerpetratorOf ObjectAllValuesFrom(responseBy Organisation)) Perpetrator).
[2026-06-26 03:05:54.606] Found 88 possible bad axioms.
[2026-06-26 03:05:54.607] Selected the bad axiom SubClassOf(ObjectSomeValuesFrom(affiliation owl:Thing) ObjectUnionOf(Perpetrator ObjectSomeValuesFrom(isVictimOf ObjectAllValuesFrom(isPerpetratorOf ObjectSomeValuesFrom(affected owl:Thing))))).
[2026-06-26 03:05:54.616] Found 87 possible bad axioms.
[2026-06-26 03:05:54.616] Selected the bad axiom SubClassOf(owl:Thing ObjectAllValuesFrom(isPerpetratorOf ObjectUnionOf(Event Incident))).
[2026-06-26 03:05:54.621] Found 86 possible bad axioms.
[2026-06-26 03:05:54.621] Selected the bad axiom SubClassOf(owl:Thing ObjectUnionOf(Perpetrator Victim)).
[2026-06-26 03:05:54.625] Found 85 possible bad axioms.
[2026-06-26 03:05:54.625] Selected the bad axiom SubClassOf(ObjectSomeValuesFrom(involved owl:Thing) ObjectSomeValuesFrom(affected owl:Thing)).
[2026-06-26 03:05:54.629] Found 84 possible bad axioms.
[2026-06-26 03:05:54.629] Selected the bad axiom SubClassOf(ObjectSomeValuesFrom(involved owl:Thing) Event).
[2026-06-26 03:05:54.632] Found 83 possible bad axioms.
[2026-06-26 03:05:54.633] Selected the bad axiom SubClassOf(ObjectSomeValuesFrom(isPerpetratorOf ObjectAllValuesFrom(affiliation Organisation)) Perpetrator).
[2026-06-26 03:05:54.636] Found 82 possible bad axioms.
[2026-06-26 03:05:54.636] Selected the bad axiom SubClassOf(owl:Thing ObjectAllValuesFrom(location owl:Nothing)).
[2026-06-26 03:05:54.640] Found 81 possible bad axioms.
[2026-06-26 03:05:54.640] Selected the bad axiom SubClassOf(owl:Thing ObjectAllValuesFrom(isPerpetratorOf Incident)).
[2026-06-26 03:05:54.649] Found 80 possible bad axioms.
[2026-06-26 03:05:54.649] Selected the bad axiom SubClassOf(ObjectAllValuesFrom(location Location) ObjectAllValuesFrom(location owl:Nothing)).
[2026-06-26 
...[truncated]
FAIL: attempt=121 seed=1704051 status=time_limit_exceeded stage=B4 message=Repair timeout: B4 exceeded 300 seconds
progress: ontology=HDS attempt=121 success=48/100
----- HDS attempt=122 seed=1718251 at 2026-06-26 03:11:11 -----
--- stdout ---
{"seed":1718251,"run_id":"20260624134028346645","trial_status":"time_limit_exceeded","error_type":"timeout","failure_stage":"B7","error_message":"Repair timeout: B7 exceeded 300 seconds","iic_values":{},"repair_runtimes_ms":{"A1":140,"A2":878,"A3":513,"B1":387,"B2":8137,"B3":5570,"B4":155,"B5":7168,"B6":8346,"B7":300008}}

--- stderr ---
SingleTrialExperiment starting: ontology=/workspaces/ontologyutils-ekaw26/repair-power-index-replication-ekaw26/ontologies/inconsistent/HDS.owl, seed=1718251, run_id=20260624134028346645
Loaded ontology.
Normalizing ontology with SROIQ normalization...
Normalized ontology with SROIQ normalization.
Ontology is already inconsistent, skipping make-inconsistent step.
Repairing with A1 (random-removal)...
[2026-06-26 03:11:12.283] Checking precondition...
[2026-06-26 03:11:12.297] Starting the repair...
[2026-06-26 03:11:12.306] Found 91 possible bad axioms.
[2026-06-26 03:11:12.308] Selected the bad axiom SubClassOf(ObjectSomeValuesFrom(isPerpetratorOf owl:Thing) Perpetrator).
[2026-06-26 03:11:12.315] Found 90 possible bad axioms.
[2026-06-26 03:11:12.315] Selected the bad axiom SubClassOf(ObjectSomeValuesFrom(location owl:Thing) ObjectUnionOf(Organisation ObjectUnionOf(Incident ObjectUnionOf(Event ObjectUnionOf(Camp owl:Nothing))))).
[2026-06-26 03:11:12.321] Found 89 possible bad axioms.
[2026-06-26 03:11:12.322] Selected the bad axiom SubClassOf(ObjectAllValuesFrom(location Location) ObjectAllValuesFrom(isPerpetratorOf Incident)).
[2026-06-26 03:11:12.327] Found 88 possible bad axioms.
[2026-06-26 03:11:12.327] Selected the bad axiom SubClassOf(ObjectSomeValuesFrom(involved owl:Thing) Event).
[2026-06-26 03:11:12.338] Found 87 possible bad axioms.
[2026-06-26 03:11:12.338] Selected the bad axiom SubClassOf(ObjectAllValuesFrom(affected ObjectUnionOf(Organisation Victim)) ObjectAllValuesFrom(location Location)).
[2026-06-26 03:11:12.342] Found 86 possible bad axioms.
[2026-06-26 03:11:12.343] Selected the bad axiom SubClassOf(ObjectAllValuesFrom(involved ObjectUnionOf(Victim ObjectUnionOf(Trafficker ObjectUnionOf(Perpetrator ObjectUnionOf(Organisation Perpetrator))))) ObjectAllValuesFrom(affected ObjectUnionOf(Organisation Victim))).
[2026-06-26 03:11:12.347] Found 85 possible bad axioms.
[2026-06-26 03:11:12.347] Selected the bad axiom SubClassOf(ObjectAllValuesFrom(isPerpetratorOf ObjectUnionOf(Event Incident)) ObjectAllValuesFrom(involved ObjectUnionOf(Trafficker Victim))).
[2026-06-26 03:11:12.351] Found 84 possible bad axioms.
[2026-06-26 03:11:12.352] Selected the bad axiom SubClassOf(ObjectAllValuesFrom(affiliation Organisation) ObjectAllValuesFrom(involved ObjectUnionOf(Trafficker Victim))).
[2026-06-26 03:11:12.355] Found 83 possible bad axioms.
[2026-06-26 03:11:12.355] Selected the bad axiom SubClassOf(ObjectSomeValuesFrom(isVictimOf ObjectAllValuesFrom(responseBy Organisation)) Victim).
[2026-06-26 03:11:12.358] Found 82 possible bad axioms.
[2026-06-26 03:11:12.359] Selected the bad axiom SubClassOf(ObjectSomeValuesFrom(location owl:Thing) ObjectUnionOf(owl:Nothing ObjectUnionOf(Incident ObjectUnionOf(Event ObjectUnionOf(Camp Destination))))).
[2026-06-26 03:11:12.362] Found 81 possible bad axioms.
[2026-06-26 03:11:12.362] Selected the bad axiom SubClassOf(ObjectSomeValuesFrom(isVictimOf ObjectAllValuesFrom(location Location)) Victim)
...[truncated]
FAIL: attempt=122 seed=1718251 status=time_limit_exceeded stage=B7 message=Repair timeout: B7 exceeded 300 seconds
progress: ontology=HDS attempt=122 success=48/100
----- HDS attempt=123 seed=1732451 at 2026-06-26 03:16:43 -----
--- stdout ---
{"seed":1732451,"run_id":"20260624134028346645","trial_status":"time_limit_exceeded","error_type":"timeout","failure_stage":"B7","error_message":"Repair timeout: B7 exceeded 300 seconds","iic_values":{},"repair_runtimes_ms":{"A1":281,"A2":784,"A3":8425,"B1":280,"B2":10289,"B3":5707,"B4":1055,"B5":7341,"B6":5217,"B7":300367}}

--- stderr ---
SingleTrialExperiment starting: ontology=/workspaces/ontologyutils-ekaw26/repair-power-index-replication-ekaw26/ontologies/inconsistent/HDS.owl, seed=1732451, run_id=20260624134028346645
Loaded ontology.
Normalizing ontology with SROIQ normalization...
Normalized ontology with SROIQ normalization.
Ontology is already inconsistent, skipping make-inconsistent step.
Repairing with A1 (random-removal)...
[2026-06-26 03:16:44.079] Checking precondition...
[2026-06-26 03:16:44.095] Starting the repair...
[2026-06-26 03:16:44.105] Found 91 possible bad axioms.
[2026-06-26 03:16:44.107] Selected the bad axiom SubClassOf(owl:Thing ObjectAllValuesFrom(involved ObjectUnionOf(Victim ObjectUnionOf(Trafficker ObjectUnionOf(Organisation ObjectSomeValuesFrom(isPerpetratorOf owl:Thing)))))).
[2026-06-26 03:16:44.114] Found 90 possible bad axioms.
[2026-06-26 03:16:44.114] Selected the bad axiom SubClassOf(owl:Thing ObjectAllValuesFrom(isPerpetratorOf Incident)).
[2026-06-26 03:16:44.119] Found 89 possible bad axioms.
[2026-06-26 03:16:44.120] Selected the bad axiom SubClassOf(ObjectSomeValuesFrom(location owl:Thing) ObjectUnionOf(owl:Nothing ObjectUnionOf(Incident ObjectUnionOf(Event ObjectUnionOf(Camp Destination))))).
[2026-06-26 03:16:44.125] Found 88 possible bad axioms.
[2026-06-26 03:16:44.125] Selected the bad axiom SubClassOf(ObjectSomeValuesFrom(affiliation owl:Thing) ObjectUnionOf(Perpetrator Victim)).
[2026-06-26 03:16:44.134] Found 87 possible bad axioms.
[2026-06-26 03:16:44.135] Selected the bad axiom SubClassOf(ObjectSomeValuesFrom(isPerpetratorOf owl:Thing) Perpetrator).
[2026-06-26 03:16:44.139] Found 86 possible bad axioms.
[2026-06-26 03:16:44.139] Selected the bad axiom SubClassOf(ObjectSomeValuesFrom(affected owl:Thing) ObjectUnionOf(Event Incident)).
[2026-06-26 03:16:44.143] Found 85 possible bad axioms.
[2026-06-26 03:16:44.144] Selected the bad axiom SubClassOf(owl:Thing ObjectUnionOf(Perpetrator Victim)).
[2026-06-26 03:16:44.147] Found 84 possible bad axioms.
[2026-06-26 03:16:44.147] Selected the bad axiom SubClassOf(ObjectSomeValuesFrom(location ObjectAllValuesFrom(location Location)) ObjectUnionOf(owl:Nothing ObjectUnionOf(Event Incident))).
[2026-06-26 03:16:44.151] Found 83 possible bad axioms.
[2026-06-26 03:16:44.151] Selected the bad axiom SubClassOf(ObjectSomeValuesFrom(isVictimOf owl:Thing) Victim).
[2026-06-26 03:16:44.154] Found 82 possible bad axioms.
[2026-06-26 03:16:44.155] Selected the bad axiom SubClassOf(ObjectSomeValuesFrom(affiliation ObjectAllValuesFrom(affected ObjectUnionOf(Organisation Victim))) Perpetrator).
[2026-06-26 03:16:44.158] Found 81 possible bad axioms.
[2026-06-26 03:16:44.158] Selected the bad axiom SubClassOf(owl:Thing Location).
[2026-06-26 03:16:44.166] Found 80 possible bad axioms.
[2026-06-26 03:16:44.167] Selected the bad axiom SubClassOf(ObjectSomeValuesFrom(affiliation ObjectAllValuesFrom(location Location)) Perpetrator).
[2026-06-26 03:16:44.170] Found 79 possible bad axioms.
[2026-06-26 03
...[truncated]
FAIL: attempt=123 seed=1732451 status=time_limit_exceeded stage=B7 message=Repair timeout: B7 exceeded 300 seconds
progress: ontology=HDS attempt=123 success=48/100
----- HDS attempt=124 seed=1746651 at 2026-06-26 03:22:23 -----
--- stdout ---
{"seed":1746651,"run_id":"20260624134028346645","trial_status":"time_limit_exceeded","error_type":"timeout","failure_stage":"B7","error_message":"Repair timeout: B7 exceeded 300 seconds","iic_values":{},"repair_runtimes_ms":{"A1":203,"A2":830,"A3":900,"B1":341,"B2":8024,"B3":5540,"B4":117,"B5":7338,"B6":5236,"B7":300013}}

--- stderr ---
SingleTrialExperiment starting: ontology=/workspaces/ontologyutils-ekaw26/repair-power-index-replication-ekaw26/ontologies/inconsistent/HDS.owl, seed=1746651, run_id=20260624134028346645
Loaded ontology.
Normalizing ontology with SROIQ normalization...
Normalized ontology with SROIQ normalization.
Ontology is already inconsistent, skipping make-inconsistent step.
Repairing with A1 (random-removal)...
[2026-06-26 03:22:24.340] Checking precondition...
[2026-06-26 03:22:24.355] Starting the repair...
[2026-06-26 03:22:24.364] Found 91 possible bad axioms.
[2026-06-26 03:22:24.366] Selected the bad axiom SubClassOf(owl:Thing ObjectAllValuesFrom(affiliation Organisation)).
[2026-06-26 03:22:24.373] Found 90 possible bad axioms.
[2026-06-26 03:22:24.373] Selected the bad axiom SubClassOf(owl:Thing ObjectAllValuesFrom(location owl:Nothing)).
[2026-06-26 03:22:24.379] Found 89 possible bad axioms.
[2026-06-26 03:22:24.379] Selected the bad axiom SubClassOf(ObjectAllValuesFrom(affected ObjectUnionOf(Organisation Victim)) ObjectAllValuesFrom(location Location)).
[2026-06-26 03:22:24.385] Found 88 possible bad axioms.
[2026-06-26 03:22:24.385] Selected the bad axiom SubClassOf(ObjectSomeValuesFrom(involved owl:Thing) ObjectSomeValuesFrom(affected owl:Thing)).
[2026-06-26 03:22:24.394] Found 87 possible bad axioms.
[2026-06-26 03:22:24.394] Selected the bad axiom SubClassOf(ObjectSomeValuesFrom(affected owl:Thing) ObjectUnionOf(Event Incident)).
[2026-06-26 03:22:24.398] Found 86 possible bad axioms.
[2026-06-26 03:22:24.399] Selected the bad axiom SubClassOf(ObjectSomeValuesFrom(affiliation ObjectAllValuesFrom(affected ObjectUnionOf(Organisation Victim))) Perpetrator).
[2026-06-26 03:22:24.402] Found 85 possible bad axioms.
[2026-06-26 03:22:24.403] Selected the bad axiom SubClassOf(ObjectAllValuesFrom(involved ObjectUnionOf(Victim ObjectUnionOf(Trafficker ObjectUnionOf(Organisation Perpetrator)))) ObjectAllValuesFrom(isPerpetratorOf Incident)).
[2026-06-26 03:22:24.407] Found 84 possible bad axioms.
[2026-06-26 03:22:24.407] Selected the bad axiom SubClassOf(ObjectSomeValuesFrom(location ObjectAllValuesFrom(isPerpetratorOf ObjectUnionOf(Event Incident))) ObjectUnionOf(Organisation ObjectUnionOf(Incident ObjectUnionOf(Event ObjectUnionOf(Camp owl:Nothing))))).
[2026-06-26 03:22:24.411] Found 83 possible bad axioms.
[2026-06-26 03:22:24.411] Selected the bad axiom SubClassOf(ObjectSomeValuesFrom(location owl:Thing) ObjectUnionOf(Organisation ObjectUnionOf(Incident ObjectUnionOf(Event ObjectUnionOf(Camp Destination))))).
[2026-06-26 03:22:24.415] Found 82 possible bad axioms.
[2026-06-26 03:22:24.415] Selected the bad axiom SubClassOf(owl:Thing ObjectAllValuesFrom(isVictimOf ObjectUnionOf(Event Incident))).
[2026-06-26 03:22:24.418] Found 81 possible bad axioms.
[2026-06-26 03:22:24.419] Selected the bad axiom SubClassOf(owl:Thing ObjectUnionOf(Organisation ObjectUnionOf(Incident ObjectUnionOf(Event ObjectUnionOf(Camp Destination))))).
[2026-06-26 03:22:24.4
...[truncated]
FAIL: attempt=124 seed=1746651 status=time_limit_exceeded stage=B7 message=Repair timeout: B7 exceeded 300 seconds
progress: ontology=HDS attempt=124 success=48/100
----- HDS attempt=125 seed=1760851 at 2026-06-26 03:27:52 -----
--- stdout ---
{"seed":1760851,"run_id":"20260624134028346645","trial_status":"time_limit_exceeded","error_type":"timeout","failure_stage":"B7","error_message":"Repair timeout: B7 exceeded 300 seconds","iic_values":{},"repair_runtimes_ms":{"A1":75,"A2":923,"A3":446,"B1":371,"B2":8050,"B3":8442,"B4":232,"B5":9930,"B6":8442,"B7":300088}}

--- stderr ---
SingleTrialExperiment starting: ontology=/workspaces/ontologyutils-ekaw26/repair-power-index-replication-ekaw26/ontologies/inconsistent/HDS.owl, seed=1760851, run_id=20260624134028346645
Loaded ontology.
Normalizing ontology with SROIQ normalization...
Normalized ontology with SROIQ normalization.
Ontology is already inconsistent, skipping make-inconsistent step.
Repairing with A1 (random-removal)...
[2026-06-26 03:27:53.359] Checking precondition...
[2026-06-26 03:27:53.374] Starting the repair...
[2026-06-26 03:27:53.383] Found 91 possible bad axioms.
[2026-06-26 03:27:53.384] Selected the bad axiom SubClassOf(owl:Thing ObjectAllValuesFrom(isPerpetratorOf ObjectUnionOf(Event Incident))).
[2026-06-26 03:27:53.391] Found 90 possible bad axioms.
[2026-06-26 03:27:53.392] Selected the bad axiom SubClassOf(ObjectSomeValuesFrom(location owl:Thing) ObjectUnionOf(Organisation ObjectUnionOf(Incident ObjectUnionOf(Event ObjectUnionOf(Camp Destination))))).
[2026-06-26 03:27:53.397] Found 89 possible bad axioms.
[2026-06-26 03:27:53.398] Selected the bad axiom SubClassOf(ObjectSomeValuesFrom(isVictimOf ObjectAllValuesFrom(isPerpetratorOf ObjectUnionOf(Event Incident))) Victim).
[2026-06-26 03:27:53.403] Found 88 possible bad axioms.
[2026-06-26 03:27:53.403] Selected the bad axiom SubClassOf(ObjectAllValuesFrom(isPerpetratorOf ObjectUnionOf(Event Incident)) ObjectAllValuesFrom(isVictimOf ObjectUnionOf(Event Incident))).
[2026-06-26 03:27:53.413] Found 87 possible bad axioms.
[2026-06-26 03:27:53.413] Selected the bad axiom SubClassOf(ObjectAllValuesFrom(involved ObjectUnionOf(Victim ObjectUnionOf(Trafficker ObjectUnionOf(Trafficker ObjectUnionOf(Organisation Perpetrator))))) ObjectAllValuesFrom(affected ObjectUnionOf(Organisation Victim))).
[2026-06-26 03:27:53.417] Found 86 possible bad axioms.
[2026-06-26 03:27:53.418] Selected the bad axiom SubClassOf(owl:Thing ObjectAllValuesFrom(involved ObjectUnionOf(Victim ObjectUnionOf(Trafficker ObjectUnionOf(Organisation ObjectSomeValuesFrom(isPerpetratorOf owl:Thing)))))).
[2026-06-26 03:27:53.422] Found 85 possible bad axioms.
[2026-06-26 03:27:53.422] Selected the bad axiom SubClassOf(ObjectUnionOf(Victim ObjectUnionOf(Trafficker ObjectUnionOf(Organisation Perpetrator))) ObjectAllValuesFrom(affected ObjectUnionOf(Organisation Victim))).
[2026-06-26 03:27:53.426] Found 84 possible bad axioms.
[2026-06-26 03:27:53.426] Selected the bad axiom SubClassOf(owl:Thing ObjectSomeValuesFrom(location owl:Thing)).
[2026-06-26 03:27:53.430] Finished repairing the ontology.
Repairing with A2 (not-in-largest-mcs-removal)...
[2026-06-26 03:27:53.431] Checking precondition...
[2026-06-26 03:27:53.437] Starting the repair...
[2026-06-26 03:27:54.351] Found 1 possible bad axioms.
[2026-06-26 03:27:54.351] Selected the bad axiom SubClassOf(owl:Thing ObjectSomeValuesFrom(location owl:Thing)).
[2026-06-26 03:27:54.354] Finished repairing the ontology.
Repairing with A3 (default-weakening)...
[2026-06-26 03:27:54.356] Checking prec
...[truncated]
FAIL: attempt=125 seed=1760851 status=time_limit_exceeded stage=B7 message=Repair timeout: B7 exceeded 300 seconds
progress: ontology=HDS attempt=125 success=48/100
----- HDS attempt=126 seed=1775051 at 2026-06-26 03:33:30 -----
--- stdout ---
{"seed":1775051,"run_id":"20260624134028346645","trial_status":"time_limit_exceeded","error_type":"timeout","failure_stage":"B4","error_message":"Repair timeout: B4 exceeded 300 seconds","iic_values":{},"repair_runtimes_ms":{"A1":165,"A2":851,"A3":465,"B1":1808,"B2":8184,"B3":8905,"B4":300012}}

--- stderr ---
SingleTrialExperiment starting: ontology=/workspaces/ontologyutils-ekaw26/repair-power-index-replication-ekaw26/ontologies/inconsistent/HDS.owl, seed=1775051, run_id=20260624134028346645
Loaded ontology.
Normalizing ontology with SROIQ normalization...
Normalized ontology with SROIQ normalization.
Ontology is already inconsistent, skipping make-inconsistent step.
Repairing with A1 (random-removal)...
[2026-06-26 03:33:30.851] Checking precondition...
[2026-06-26 03:33:30.865] Starting the repair...
[2026-06-26 03:33:30.874] Found 91 possible bad axioms.
[2026-06-26 03:33:30.876] Selected the bad axiom SubClassOf(ObjectSomeValuesFrom(affiliation ObjectAllValuesFrom(location Location)) Perpetrator).
[2026-06-26 03:33:30.882] Found 90 possible bad axioms.
[2026-06-26 03:33:30.883] Selected the bad axiom SubClassOf(ObjectAllValuesFrom(isPerpetratorOf ObjectUnionOf(Event Incident)) ObjectAllValuesFrom(involved ObjectUnionOf(Trafficker Victim))).
[2026-06-26 03:33:30.888] Found 89 possible bad axioms.
[2026-06-26 03:33:30.889] Selected the bad axiom SubClassOf(ObjectSomeValuesFrom(isVictimOf ObjectAllValuesFrom(location Location)) Victim).
[2026-06-26 03:33:30.894] Found 88 possible bad axioms.
[2026-06-26 03:33:30.894] Selected the bad axiom SubClassOf(ObjectSomeValuesFrom(responseBy ObjectAllValuesFrom(responseBy Organisation)) Incident).
[2026-06-26 03:33:30.904] Found 87 possible bad axioms.
[2026-06-26 03:33:30.904] Selected the bad axiom SubClassOf(ObjectAllValuesFrom(isVictimOf ObjectUnionOf(Event Incident)) ObjectAllValuesFrom(isPerpetratorOf ObjectUnionOf(Event Incident))).
[2026-06-26 03:33:30.908] Found 86 possible bad axioms.
[2026-06-26 03:33:30.908] Selected the bad axiom SubClassOf(ObjectSomeValuesFrom(location ObjectAllValuesFrom(location Location)) ObjectUnionOf(owl:Nothing ObjectUnionOf(Event Incident))).
[2026-06-26 03:33:30.912] Found 85 possible bad axioms.
[2026-06-26 03:33:30.912] Selected the bad axiom SubClassOf(ObjectSomeValuesFrom(isVictimOf ObjectAllValuesFrom(affected ObjectUnionOf(Victim ObjectUnionOf(Organisation Perpetrator)))) Victim).
[2026-06-26 03:33:30.916] Found 84 possible bad axioms.
[2026-06-26 03:33:30.916] Selected the bad axiom SubClassOf(ObjectSomeValuesFrom(location owl:Thing) ObjectUnionOf(Organisation ObjectUnionOf(Incident ObjectUnionOf(owl:Nothing ObjectUnionOf(Camp owl:Nothing))))).
[2026-06-26 03:33:30.920] Found 83 possible bad axioms.
[2026-06-26 03:33:30.920] Selected the bad axiom SubClassOf(ObjectSomeValuesFrom(isPerpetratorOf ObjectAllValuesFrom(affected ObjectUnionOf(Organisation Victim))) Perpetrator).
[2026-06-26 03:33:30.923] Found 82 possible bad axioms.
[2026-06-26 03:33:30.923] Selected the bad axiom SubClassOf(ObjectSomeValuesFrom(involved ObjectAllValuesFrom(isVictimOf ObjectUnionOf(Event Incident))) ObjectUnionOf(Event Incident)).
[2026-06-26 03:33:30.926] Found 81 possible bad axioms.
[2026-06-26 03:33:30.926] Selected the bad axiom SubClassOf(ObjectSomeValuesFrom(affected owl:Thing) 
...[truncated]
FAIL: attempt=126 seed=1775051 status=time_limit_exceeded stage=B4 message=Repair timeout: B4 exceeded 300 seconds
progress: ontology=HDS attempt=126 success=48/100
----- HDS attempt=127 seed=1789251 at 2026-06-26 03:38:51 -----
--- stdout ---
{"seed":1789251,"run_id":"20260624134028346645","trial_status":"time_limit_exceeded","error_type":"timeout","failure_stage":"B7","error_message":"Repair timeout: B7 exceeded 300 seconds","iic_values":{},"repair_runtimes_ms":{"A1":147,"A2":865,"A3":3653,"B1":329,"B2":7907,"B3":5464,"B4":110,"B5":7480,"B6":5364,"B7":300024}}

--- stderr ---
SingleTrialExperiment starting: ontology=/workspaces/ontologyutils-ekaw26/repair-power-index-replication-ekaw26/ontologies/inconsistent/HDS.owl, seed=1789251, run_id=20260624134028346645
Loaded ontology.
Normalizing ontology with SROIQ normalization...
Normalized ontology with SROIQ normalization.
Ontology is already inconsistent, skipping make-inconsistent step.
Repairing with A1 (random-removal)...
[2026-06-26 03:38:51.722] Checking precondition...
[2026-06-26 03:38:51.738] Starting the repair...
[2026-06-26 03:38:51.746] Found 91 possible bad axioms.
[2026-06-26 03:38:51.748] Selected the bad axiom SubClassOf(ObjectSomeValuesFrom(isVictimOf ObjectAllValuesFrom(isPerpetratorOf ObjectUnionOf(Event Incident))) Victim).
[2026-06-26 03:38:51.755] Found 90 possible bad axioms.
[2026-06-26 03:38:51.755] Selected the bad axiom SubClassOf(ObjectAllValuesFrom(isVictimOf ObjectUnionOf(Event Incident)) ObjectAllValuesFrom(location Location)).
[2026-06-26 03:38:51.760] Found 89 possible bad axioms.
[2026-06-26 03:38:51.760] Selected the bad axiom SubClassOf(owl:Thing ObjectAllValuesFrom(involved Trafficker)).
[2026-06-26 03:38:51.765] Found 88 possible bad axioms.
[2026-06-26 03:38:51.765] Selected the bad axiom SubClassOf(ObjectSomeValuesFrom(involved ObjectAllValuesFrom(isVictimOf ObjectUnionOf(Event Incident))) ObjectUnionOf(Event Incident)).
[2026-06-26 03:38:51.775] Found 87 possible bad axioms.
[2026-06-26 03:38:51.775] Selected the bad axiom SubClassOf(ObjectSomeValuesFrom(location owl:Thing) ObjectUnionOf(owl:Nothing ObjectUnionOf(Incident ObjectUnionOf(Event ObjectUnionOf(Camp Destination))))).
[2026-06-26 03:38:51.779] Found 86 possible bad axioms.
[2026-06-26 03:38:51.780] Selected the bad axiom SubClassOf(ObjectSomeValuesFrom(isVictimOf ObjectAllValuesFrom(location Location)) Victim).
[2026-06-26 03:38:51.784] Found 85 possible bad axioms.
[2026-06-26 03:38:51.784] Selected the bad axiom SubClassOf(ObjectAllValuesFrom(location Location) ObjectAllValuesFrom(isPerpetratorOf Incident)).
[2026-06-26 03:38:51.789] Found 84 possible bad axioms.
[2026-06-26 03:38:51.789] Selected the bad axiom SubClassOf(ObjectAllValuesFrom(affiliation Organisation) ObjectAllValuesFrom(involved ObjectUnionOf(Trafficker Victim))).
[2026-06-26 03:38:51.792] Found 83 possible bad axioms.
[2026-06-26 03:38:51.792] Selected the bad axiom SubClassOf(ObjectSomeValuesFrom(isVictimOf ObjectAllValuesFrom(affected ObjectUnionOf(Victim ObjectUnionOf(Organisation Perpetrator)))) Victim).
[2026-06-26 03:38:51.796] Found 82 possible bad axioms.
[2026-06-26 03:38:51.796] Selected the bad axiom SubClassOf(ObjectSomeValuesFrom(involved owl:Thing) ObjectUnionOf(Event Incident)).
[2026-06-26 03:38:51.799] Found 81 possible bad axioms.
[2026-06-26 03:38:51.799] Selected the bad axiom SubClassOf(owl:Thing ObjectAllValuesFrom(isVictimOf ObjectSomeValuesFrom(involved owl:Thing))).
[2026-06-26 03:38:51.808] Found 80 possible bad axioms.
[2026-06-26 03:38:51.808] Selected the bad axiom SubClas
...[truncated]
FAIL: attempt=127 seed=1789251 status=time_limit_exceeded stage=B7 message=Repair timeout: B7 exceeded 300 seconds
progress: ontology=HDS attempt=127 success=48/100
----- HDS attempt=128 seed=1803451 at 2026-06-26 03:44:23 -----
--- stdout ---
{"seed":1803451,"run_id":"20260624134028346645","trial_status":"memory_limit_exceeded","error_type":"failure","failure_stage":"B4","error_message":"Repair failed: ExecutionException: java.lang.NullPointerException: operands cannot be null or empty","iic_values":{},"repair_runtimes_ms":{"A1":112,"A2":879,"A3":563,"B1":921,"B2":7981,"B3":5515,"B4":97888}}

--- stderr ---
SingleTrialExperiment starting: ontology=/workspaces/ontologyutils-ekaw26/repair-power-index-replication-ekaw26/ontologies/inconsistent/HDS.owl, seed=1803451, run_id=20260624134028346645
Loaded ontology.
Normalizing ontology with SROIQ normalization...
Normalized ontology with SROIQ normalization.
Ontology is already inconsistent, skipping make-inconsistent step.
Repairing with A1 (random-removal)...
[2026-06-26 03:44:23.585] Checking precondition...
[2026-06-26 03:44:23.601] Starting the repair...
[2026-06-26 03:44:23.609] Found 91 possible bad axioms.
[2026-06-26 03:44:23.611] Selected the bad axiom SubClassOf(ObjectSomeValuesFrom(affiliation owl:Thing) ObjectUnionOf(Perpetrator ObjectSomeValuesFrom(isVictimOf ObjectAllValuesFrom(isPerpetratorOf ObjectUnionOf(Event Incident))))).
[2026-06-26 03:44:23.618] Found 90 possible bad axioms.
[2026-06-26 03:44:23.619] Selected the bad axiom SubClassOf(owl:Thing ObjectAllValuesFrom(location owl:Nothing)).
[2026-06-26 03:44:23.624] Found 89 possible bad axioms.
[2026-06-26 03:44:23.624] Selected the bad axiom SubClassOf(ObjectAllValuesFrom(isVictimOf ObjectUnionOf(Event Incident)) ObjectAllValuesFrom(location Location)).
[2026-06-26 03:44:23.630] Found 88 possible bad axioms.
[2026-06-26 03:44:23.630] Selected the bad axiom SubClassOf(ObjectSomeValuesFrom(responseBy ObjectAllValuesFrom(location Location)) ObjectUnionOf(Event Incident)).
[2026-06-26 03:44:23.640] Found 87 possible bad axioms.
[2026-06-26 03:44:23.640] Selected the bad axiom SubClassOf(ObjectSomeValuesFrom(location ObjectAllValuesFrom(involved ObjectUnionOf(Victim ObjectUnionOf(Trafficker ObjectUnionOf(Organisation Perpetrator))))) ObjectUnionOf(Organisation ObjectUnionOf(Incident ObjectUnionOf(Camp Event)))).
[2026-06-26 03:44:23.645] Found 86 possible bad axioms.
[2026-06-26 03:44:23.645] Selected the bad axiom SubClassOf(owl:Thing ObjectAllValuesFrom(affiliation Organisation)).
[2026-06-26 03:44:23.650] Found 85 possible bad axioms.
[2026-06-26 03:44:23.650] Selected the bad axiom SubClassOf(ObjectSomeValuesFrom(responseBy ObjectAllValuesFrom(isPerpetratorOf ObjectUnionOf(Event Incident))) Incident).
[2026-06-26 03:44:23.653] Found 84 possible bad axioms.
[2026-06-26 03:44:23.654] Selected the bad axiom SubClassOf(ObjectSomeValuesFrom(location owl:Thing) ObjectUnionOf(Organisation ObjectUnionOf(Incident ObjectUnionOf(Event ObjectUnionOf(Camp Destination))))).
[2026-06-26 03:44:23.657] Found 83 possible bad axioms.
[2026-06-26 03:44:23.657] Selected the bad axiom SubClassOf(ObjectSomeValuesFrom(location owl:Thing) ObjectUnionOf(Organisation ObjectUnionOf(Incident ObjectUnionOf(owl:Nothing ObjectUnionOf(Camp owl:Nothing))))).
[2026-06-26 03:44:23.661] Found 82 possible bad axioms.
[2026-06-26 03:44:23.661] Selected the bad axiom SubClassOf(ObjectSomeValuesFrom(isVictimOf ObjectAllValuesFrom(location Location)) Victim).
[2026-06-26 03:44:23.664] Found 81 possible bad axioms.
[2026-06-26 03:44:23.664] Selected the bad axiom SubClassOf(Objec
...[truncated]
FAIL: attempt=128 seed=1803451 status=memory_limit_exceeded stage=B4 message=Repair failed: ExecutionException: java.lang.NullPointerException: operands cannot be null or empty
progress: ontology=HDS attempt=128 success=48/100
=== ABORTED HDS after 10 consecutive failures at 2026-06-26 03:46:17 - switching to next ontology ===
=== run_trials finished at 2026-06-28 17:53:08 for HDS - 48 successes, 80 failures, 128 attempts ===
Failed attempts:
  attempt=1 seed=51 msg=Repair failed: ExecutionException: java.lang.NullPointerException: operands cannot be null or empty
  attempt=2 seed=14251 msg=Repair timeout: B4 exceeded 300 seconds
  attempt=5 seed=56851 msg=Repair timeout: B4 exceeded 300 seconds
  attempt=6 seed=71051 msg=Repair timeout: B7 exceeded 300 seconds
  attempt=7 seed=85251 msg=Repair timeout: B4 exceeded 300 seconds
  attempt=9 seed=113651 msg=Repair timeout: B7 exceeded 300 seconds
  attempt=10 seed=127851 msg=Repair timeout: B4 exceeded 300 seconds
  attempt=12 seed=156251 msg=Repair timeout: B4 exceeded 300 seconds
  attempt=13 seed=170451 msg=Repair timeout: B4 exceeded 300 seconds
  attempt=15 seed=198851 msg=Repair timeout: B7 exceeded 300 seconds
  attempt=17 seed=227251 msg=Repair timeout: B4 exceeded 300 seconds
  attempt=18 seed=241451 msg=Repair timeout: B4 exceeded 300 seconds
  attempt=20 seed=269851 msg=Repair timeout: B4 exceeded 300 seconds
  attempt=21 seed=284051 msg=Repair timeout: B4 exceeded 300 seconds
  attempt=22 seed=298251 msg=Repair timeout: B4 exceeded 300 seconds
  attempt=24 seed=326651 msg=Repair timeout: B4 exceeded 300 seconds
  attempt=25 seed=340851 msg=Repair timeout: B4 exceeded 300 seconds
  attempt=26 seed=355051 msg=Repair timeout: B7 exceeded 300 seconds
  attempt=27 seed=369251 msg=Repair failed: ExecutionException: java.lang.NullPointerException: operands cannot be null or empty
  attempt=28 seed=383451 msg=Repair timeout: B7 exceeded 300 seconds
  attempt=34 seed=468651 msg=Repair timeout: B4 exceeded 300 seconds
  attempt=37 seed=511251 msg=Repair timeout: B7 exceeded 300 seconds
  attempt=38 seed=525451 msg=Repair timeout: B7 exceeded 300 seconds
  attempt=39 seed=539651 msg=Repair timeout: B4 exceeded 300 seconds
  attempt=41 seed=568051 msg=Repair timeout: B4 exceeded 300 seconds
  attempt=42 seed=582251 msg=Repair timeout: B4 exceeded 300 seconds
  attempt=45 seed=624851 msg=Repair timeout: B4 exceeded 300 seconds
  attempt=46 seed=639051 msg=Repair timeout: B4 exceeded 300 seconds
  attempt=48 seed=667451 msg=Repair timeout: B4 exceeded 300 seconds
  attempt=49 seed=681651 msg=Repair timeout: B4 exceeded 300 seconds
  attempt=50 seed=695851 msg=Repair timeout: B4 exceeded 300 seconds
  attempt=52 seed=724251 msg=Repair timeout: B7 exceeded 300 seconds
  attempt=53 seed=738451 msg=Repair timeout: B7 exceeded 300 seconds
  attempt=56 seed=781051 msg=Repair failed: ExecutionException: java.lang.NullPointerException: operands cannot be null or empty
  attempt=58 seed=809451 msg=Repair failed: ExecutionException: java.lang.NullPointerException: operands cannot be null or empty
  attempt=59 seed=823651 msg=Repair timeout: B4 exceeded 300 seconds
  attempt=61 seed=852051 msg=Repair timeout: B4 exceeded 300 seconds
  attempt=62 seed=866251 msg=Repair timeout: B4 exceeded 300 seconds
  attempt=63 seed=880451 msg=Repair timeout: B4 exceeded 300 seconds
  attempt=68 seed=951451 msg=Repair timeout: B4 exceeded 300 seconds
  attempt=70 seed=979851 msg=Repair timeout: B7 exceeded 300 seconds
  attempt=74 seed=1036651 msg=Repair timeout: B4 exceeded 300 seconds
  attempt=75 seed=1050851 msg=Repair timeout: B4 exceeded 300 seconds
  attempt=76 seed=1065051 msg=Repair timeout: B7 exceeded 300 seconds
  attempt=77 seed=1079251 msg=Repair timeout: B4 exceeded 300 seconds
  attempt=78 seed=1093451 msg=Repair timeout: B4 exceeded 300 seconds
  attempt=79 seed=1107651 msg=Repair timeout: B4 exceeded 300 seconds
  attempt=83 seed=1164451 msg=Repair timeout: B4 exceeded 300 seconds
  attempt=84 seed=1178651 msg=Repair timeout: B7 exceeded 300 seconds
  attempt=85 seed=1192851 msg=Repair failed: ExecutionException: java.lang.NullPointerException: operands cannot be null or empty
  attempt=86 seed=1207051 msg=Repair timeout: B4 exceeded 300 seconds
  attempt=87 seed=1221251 msg=Repair timeout: B4 exceeded 300 seconds
  attempt=89 seed=1249651 msg=Repair timeout: B4 exceeded 300 seconds
  attempt=90 seed=1263851 msg=Repair timeout: B7 exceeded 300 seconds
  attempt=91 seed=1278051 msg=Repair timeout: B4 exceeded 300 seconds
  attempt=94 seed=1320651 msg=Repair timeout: B7 exceeded 300 seconds
  attempt=95 seed=1334851 msg=Repair timeout: B4 exceeded 300 seconds
  attempt=98 seed=1377451 msg=Repair failed: ExecutionException: java.lang.NullPointerException: operands cannot be null or empty
  attempt=100 seed=1405851 msg=Repair timeout: B7 exceeded 300 seconds
  attempt=101 seed=1420051 msg=Repair timeout: B7 exceeded 300 seconds
  attempt=102 seed=1434251 msg=Repair timeout: B4 exceeded 300 seconds
  attempt=104 seed=1462651 msg=Repair timeout: B7 exceeded 300 seconds
  attempt=105 seed=1476851 msg=Repair timeout: B7 exceeded 300 seconds
  attempt=108 seed=1519451 msg=Repair timeout: B7 exceeded 300 seconds
  attempt=109 seed=1533651 msg=Repair timeout: B7 exceeded 300 seconds
  attempt=111 seed=1562051 msg=Repair timeout: B4 exceeded 300 seconds
  attempt=113 seed=1590451 msg=Repair timeout: B4 exceeded 300 seconds
  attempt=115 seed=1618851 msg=Repair timeout: B4 exceeded 300 seconds
  attempt=116 seed=1633051 msg=Repair timeout: B7 exceeded 300 seconds
  attempt=117 seed=1647251 msg=Repair timeout: B7 exceeded 300 seconds
  attempt=119 seed=1675651 msg=Repair timeout: B4 exceeded 300 seconds
  attempt=120 seed=1689851 msg=Repair timeout: B4 exceeded 300 seconds
  attempt=121 seed=1704051 msg=Repair timeout: B4 exceeded 300 seconds
  attempt=122 seed=1718251 msg=Repair timeout: B7 exceeded 300 seconds
  attempt=123 seed=1732451 msg=Repair timeout: B7 exceeded 300 seconds
  attempt=124 seed=1746651 msg=Repair timeout: B7 exceeded 300 seconds
  attempt=125 seed=1760851 msg=Repair timeout: B7 exceeded 300 seconds
  attempt=126 seed=1775051 msg=Repair timeout: B4 exceeded 300 seconds
  attempt=127 seed=1789251 msg=Repair timeout: B7 exceeded 300 seconds
  attempt=128 seed=1803451 msg=Repair failed: ExecutionException: java.lang.NullPointerException: operands cannot be null or empty
Timing summary:
  success: count=48 total_seconds=2462.057945 avg_seconds=51.292874
  time_limit_exceeded: count=73 total_seconds=23851.556195 avg_seconds=326.733647
  memory_limit_exceeded: count=0 total_seconds=0.000000 avg_seconds=0.000000
  success_rate=0.3750
  wall_clock_seconds_total_run=360698.251834
