=== run_trials started at 2026-06-24 13:41:30 run_id=20260624134028346645 ===
ontology_path=/workspaces/ontologyutils-ekaw26/repair-power-index-replication-ekaw26/ontologies/inconsistent/PTRANS.owl
iic_csv=/workspaces/ontologyutils-ekaw26/repair-power-index-replication-ekaw26/data/data-20260624134028346645/iic-PTRANS.csv
runtime_csv=/workspaces/ontologyutils-ekaw26/repair-power-index-replication-ekaw26/data/data-20260624134028346645/runtime-PTRANS.csv

=== Starting sequential trials for PTRANS at 2026-06-26 09:32:20 ===
----- PTRANS attempt=1 seed=68 at 2026-06-26 09:32:20 -----
--- stdout ---
{"seed":68,"run_id":"20260624134028346645","trial_status":"success","error_type":null,"failure_stage":null,"error_message":null,"iic_values":{"B1_vs_A1":1.0,"B1_vs_A2":0.5,"B1_vs_A3":0.9696969696969697,"B2_vs_A1":1.0,"B2_vs_A2":0.5,"B2_vs_A3":0.9696969696969697,"B3_vs_A1":1.0,"B3_vs_A2":0.5,"B3_vs_A3":0.9696969696969697,"B4_vs_A1":1.0,"B4_vs_A2":0.5,"B4_vs_A3":0.9696969696969697,"B5_vs_A1":1.0,"B5_vs_A2":0.5,"B5_vs_A3":0.9696969696969697,"B6_vs_A1":1.0,"B6_vs_A2":0.5,"B6_vs_A3":0.9696969696969697,"B7_vs_A1":1.0,"B7_vs_A2":0.5,"B7_vs_A3":0.9696969696969697,"B8_vs_A1":1.0,"B8_vs_A2":0.5,"B8_vs_A3":0.9696969696969697,"B9_vs_A1":1.0,"B9_vs_A2":0.5,"B9_vs_A3":0.9696969696969697},"repair_runtimes_ms":{"A1":128,"A2":1150,"A3":413,"B1":159,"B2":2382,"B3":1175,"B4":42,"B5":340,"B6":627,"B7":103,"B8":467,"B9":963}}

--- stderr ---
SingleTrialExperiment starting: ontology=/workspaces/ontologyutils-ekaw26/repair-power-index-replication-ekaw26/ontologies/inconsistent/PTRANS.owl, seed=68, run_id=20260624134028346645
Loaded ontology.
Normalizing ontology with SROIQ normalization...
Normalized ontology with SROIQ normalization.
Ontology is already inconsistent, skipping make-inconsistent step.
Repairing with A1 (random-removal)...
[2026-06-26 09:32:20.655] Checking precondition...
[2026-06-26 09:32:20.669] Starting the repair...
[2026-06-26 09:32:20.675] Found 127 possible bad axioms.
[2026-06-26 09:32:20.676] Selected the bad axiom SubClassOf(http://purl.obolibrary.org/obo/TRANS_0000011 http://purl.obolibrary.org/obo/TRANS_0000010).
[2026-06-26 09:32:20.681] Found 126 possible bad axioms.
[2026-06-26 09:32:20.682] Selected the bad axiom SubClassOf(http://purl.obolibrary.org/obo/TRANS_0000015 http://purl.obolibrary.org/obo/TRANS_0000011).
[2026-06-26 09:32:20.685] Found 125 possible bad axioms.
[2026-06-26 09:32:20.685] Selected the bad axiom SubClassOf(http://purl.obolibrary.org/obo/TRANS_0000027 owl:Nothing).
[2026-06-26 09:32:20.689] Found 124 possible bad axioms.
[2026-06-26 09:32:20.689] Selected the bad axiom SubClassOf(http://purl.obolibrary.org/obo/TRANS_0000002 http://purl.obolibrary.org/obo/TRANS_0000001).
[2026-06-26 09:32:20.692] Found 123 possible bad axioms.
[2026-06-26 09:32:20.692] Selected the bad axiom SubClassOf(http://purl.obolibrary.org/obo/TRANS_0000021 owl:Nothing).
[2026-06-26 09:32:20.694] Found 122 possible bad axioms.
[2026-06-26 09:32:20.695] Selected the bad axiom SubClassOf(http://purl.obolibrary.org/obo/TRANS_0000031 http://purl.obolibrary.org/obo/TRANS_0000025).
[2026-06-26 09:32:20.697] Found 121 possible bad axioms.
[2026-06-26 09:32:20.697] Selected the bad axiom SubClassOf(http://purl.obolibrary.org/obo/TRANS_0000022 http://purl.obolibrary.org/obo/TRANS_0000021).
[2026-06-26 09:32:20.700] Found 120 possible bad axioms.
[2026-06-26 09:32:20.700] Selected the bad axiom SubClassOf(http://purl.obolibrary.org/obo/TRANS_0000013 http://purl.obolibrary.org/obo/TRANS_0000027).
[2026-06-26 09:32:20.706] Found 119 possible bad axioms.
[2026-06-26 09:32:20.707] Selected the bad axiom SubClassOf(http://purl.obolibrary.org/obo/TRANS_0000027 http://purl.obolibrary.org/obo/TRANS_0000021).
[2026-06-26 09:32:20.710] Found 118 possible bad axioms.
[2026-06-26 09:32:20.710] Selected the bad axiom SubClassOf(http://purl.obolibrary.org/obo/TRANS_0000015 http://purl.obolibrary.org/obo/TRANS_0000003).
[2026-06-26 09:32:20.712] Found 117 possible bad axioms.
[2026-06-26 09:32:20.712] Selected the bad axiom SubClassOf(http://purl.obolibrary.org/obo/TRANS_0000028 http://purl.obolibrary.org/obo/TRANS_0000029).
[2026-06-26 09:32:20.720] Found 116 possible bad axioms.
[2026-06-26 09:32:20.720] Selected the bad axiom SubClassOf(http://purl.obolibrary.org/obo/TRANS_0000025 http://purl.obolibrary.org/obo/TRANS_0000026).
[2026-06-26 09:32:20.722] Found 115 possible bad axioms.
...[truncated]
SUCCESS: attempt=1 seed=68 success_count=1/100
progress: ontology=PTRANS attempt=1 success=1/100
----- PTRANS attempt=2 seed=14268 at 2026-06-26 09:32:28 -----
--- stdout ---
{"seed":14268,"run_id":"20260624134028346645","trial_status":"success","error_type":null,"failure_stage":null,"error_message":null,"iic_values":{"B1_vs_A1":0.9976958525345622,"B1_vs_A2":0.5,"B1_vs_A3":0.5,"B2_vs_A1":0.9976958525345622,"B2_vs_A2":0.5,"B2_vs_A3":0.5,"B3_vs_A1":0.9976958525345622,"B3_vs_A2":0.5,"B3_vs_A3":0.5,"B4_vs_A1":0.9976958525345622,"B4_vs_A2":0.5,"B4_vs_A3":0.5,"B5_vs_A1":0.9976958525345622,"B5_vs_A2":0.5,"B5_vs_A3":0.5,"B6_vs_A1":0.9976958525345622,"B6_vs_A2":0.5,"B6_vs_A3":0.5,"B7_vs_A1":0.9976958525345622,"B7_vs_A2":0.5,"B7_vs_A3":0.5,"B8_vs_A1":0.9976958525345622,"B8_vs_A2":0.5,"B8_vs_A3":0.5,"B9_vs_A1":0.9976958525345622,"B9_vs_A2":0.5,"B9_vs_A3":0.5},"repair_runtimes_ms":{"A1":198,"A2":1074,"A3":404,"B1":392,"B2":840,"B3":347,"B4":76,"B5":1751,"B6":1043,"B7":69,"B8":1143,"B9":292}}

--- stderr ---
SingleTrialExperiment starting: ontology=/workspaces/ontologyutils-ekaw26/repair-power-index-replication-ekaw26/ontologies/inconsistent/PTRANS.owl, seed=14268, run_id=20260624134028346645
Loaded ontology.
Normalizing ontology with SROIQ normalization...
Normalized ontology with SROIQ normalization.
Ontology is already inconsistent, skipping make-inconsistent step.
Repairing with A1 (random-removal)...
[2026-06-26 09:32:29.103] Checking precondition...
[2026-06-26 09:32:29.123] Starting the repair...
[2026-06-26 09:32:29.130] Found 127 possible bad axioms.
[2026-06-26 09:32:29.131] Selected the bad axiom SubClassOf(http://purl.obolibrary.org/obo/TRANS_0000005 http://purl.obolibrary.org/obo/TRANS_0000025).
[2026-06-26 09:32:29.136] Found 126 possible bad axioms.
[2026-06-26 09:32:29.136] Selected the bad axiom SubClassOf(http://purl.obolibrary.org/obo/TRANS_0000005 http://purl.obolibrary.org/obo/TRANS_0000012).
[2026-06-26 09:32:29.140] Found 125 possible bad axioms.
[2026-06-26 09:32:29.140] Selected the bad axiom SubClassOf(http://purl.obolibrary.org/obo/TRANS_0000008 owl:Nothing).
[2026-06-26 09:32:29.143] Found 124 possible bad axioms.
[2026-06-26 09:32:29.144] Selected the bad axiom SubClassOf(http://purl.obolibrary.org/obo/TRANS_0000025 http://purl.obolibrary.org/obo/TRANS_0000015).
[2026-06-26 09:32:29.146] Found 123 possible bad axioms.
[2026-06-26 09:32:29.147] Selected the bad axiom SubClassOf(http://purl.obolibrary.org/obo/TRANS_0000019 http://purl.obolibrary.org/obo/TRANS_0000005).
[2026-06-26 09:32:29.149] Found 122 possible bad axioms.
[2026-06-26 09:32:29.149] Selected the bad axiom SubClassOf(http://purl.obolibrary.org/obo/TRANS_0000005 http://purl.obolibrary.org/obo/TRANS_0000002).
[2026-06-26 09:32:29.152] Found 121 possible bad axioms.
[2026-06-26 09:32:29.152] Selected the bad axiom SubClassOf(http://purl.obolibrary.org/obo/TRANS_0000015 http://purl.obolibrary.org/obo/TRANS_0000012).
[2026-06-26 09:32:29.155] Found 120 possible bad axioms.
[2026-06-26 09:32:29.155] Selected the bad axiom SubClassOf(http://purl.obolibrary.org/obo/TRANS_0000028 http://purl.obolibrary.org/obo/TRANS_0000012).
[2026-06-26 09:32:29.161] Found 119 possible bad axioms.
[2026-06-26 09:32:29.161] Selected the bad axiom SubClassOf(http://purl.obolibrary.org/obo/TRANS_0000007 http://purl.obolibrary.org/obo/TRANS_0000008).
[2026-06-26 09:32:29.164] Found 118 possible bad axioms.
[2026-06-26 09:32:29.164] Selected the bad axiom SubClassOf(http://purl.obolibrary.org/obo/TRANS_0000021 owl:Nothing).
[2026-06-26 09:32:29.167] Found 117 possible bad axioms.
[2026-06-26 09:32:29.167] Selected the bad axiom SubClassOf(http://purl.obolibrary.org/obo/TRANS_0000034 http://purl.obolibrary.org/obo/TRANS_0000033).
[2026-06-26 09:32:29.174] Found 116 possible bad axioms.
[2026-06-26 09:32:29.174] Selected the bad axiom SubClassOf(http://purl.obolibrary.org/obo/TRANS_0000030 http://purl.obolibrary.org/obo/TRANS_0000015).
[2026-06-26 09:32:29.176] Found 115 possible bad axio
...[truncated]
SUCCESS: attempt=2 seed=14268 success_count=2/100
progress: ontology=PTRANS attempt=2 success=2/100
----- PTRANS attempt=3 seed=28468 at 2026-06-26 09:32:36 -----
--- stdout ---
{"seed":28468,"run_id":"20260624134028346645","trial_status":"success","error_type":null,"failure_stage":null,"error_message":null,"iic_values":{"B1_vs_A1":0.5,"B1_vs_A2":0.5,"B1_vs_A3":0.5,"B2_vs_A1":0.5,"B2_vs_A2":0.5,"B2_vs_A3":0.5,"B3_vs_A1":0.5,"B3_vs_A2":0.5,"B3_vs_A3":0.5,"B4_vs_A1":0.5,"B4_vs_A2":0.5,"B4_vs_A3":0.5,"B5_vs_A1":0.5,"B5_vs_A2":0.5,"B5_vs_A3":0.5,"B6_vs_A1":0.5,"B6_vs_A2":0.5,"B6_vs_A3":0.5,"B7_vs_A1":0.5,"B7_vs_A2":0.5,"B7_vs_A3":0.5,"B8_vs_A1":0.5,"B8_vs_A2":0.5,"B8_vs_A3":0.5,"B9_vs_A1":0.5,"B9_vs_A2":0.5,"B9_vs_A3":0.5},"repair_runtimes_ms":{"A1":91,"A2":1151,"A3":536,"B1":179,"B2":1027,"B3":420,"B4":57,"B5":1011,"B6":1042,"B7":90,"B8":1723,"B9":713}}

--- stderr ---
SingleTrialExperiment starting: ontology=/workspaces/ontologyutils-ekaw26/repair-power-index-replication-ekaw26/ontologies/inconsistent/PTRANS.owl, seed=28468, run_id=20260624134028346645
Loaded ontology.
Normalizing ontology with SROIQ normalization...
Normalized ontology with SROIQ normalization.
Ontology is already inconsistent, skipping make-inconsistent step.
Repairing with A1 (random-removal)...
[2026-06-26 09:32:37.275] Checking precondition...
[2026-06-26 09:32:37.290] Starting the repair...
[2026-06-26 09:32:37.296] Found 127 possible bad axioms.
[2026-06-26 09:32:37.298] Selected the bad axiom SubClassOf(http://purl.obolibrary.org/obo/TRANS_0000005 http://purl.obolibrary.org/obo/TRANS_0000022).
[2026-06-26 09:32:37.302] Found 126 possible bad axioms.
[2026-06-26 09:32:37.303] Selected the bad axiom SubClassOf(http://purl.obolibrary.org/obo/TRANS_0000000 http://purl.obolibrary.org/obo/TRANS_0000001).
[2026-06-26 09:32:37.306] Found 125 possible bad axioms.
[2026-06-26 09:32:37.306] Selected the bad axiom SubClassOf(http://purl.obolibrary.org/obo/TRANS_0000030 http://purl.obolibrary.org/obo/TRANS_0000010).
[2026-06-26 09:32:37.310] Found 124 possible bad axioms.
[2026-06-26 09:32:37.310] Selected the bad axiom SubClassOf(http://purl.obolibrary.org/obo/TRANS_0000005 http://purl.obolibrary.org/obo/TRANS_0000014).
[2026-06-26 09:32:37.312] Found 123 possible bad axioms.
[2026-06-26 09:32:37.312] Selected the bad axiom SubClassOf(http://purl.obolibrary.org/obo/TRANS_0000034 http://purl.obolibrary.org/obo/TRANS_0000029).
[2026-06-26 09:32:37.315] Found 122 possible bad axioms.
[2026-06-26 09:32:37.315] Selected the bad axiom SubClassOf(http://purl.obolibrary.org/obo/TRANS_0000008 http://purl.obolibrary.org/obo/TRANS_0000007).
[2026-06-26 09:32:37.318] Found 121 possible bad axioms.
[2026-06-26 09:32:37.318] Selected the bad axiom SubClassOf(http://purl.obolibrary.org/obo/TRANS_0000015 http://purl.obolibrary.org/obo/TRANS_0000014).
[2026-06-26 09:32:37.321] Found 120 possible bad axioms.
[2026-06-26 09:32:37.321] Selected the bad axiom SubClassOf(http://purl.obolibrary.org/obo/TRANS_0000034 http://purl.obolibrary.org/obo/TRANS_0000030).
[2026-06-26 09:32:37.327] Found 119 possible bad axioms.
[2026-06-26 09:32:37.328] Selected the bad axiom SubClassOf(http://purl.obolibrary.org/obo/TRANS_0000029 http://purl.obolibrary.org/obo/TRANS_0000012).
[2026-06-26 09:32:37.331] Found 118 possible bad axioms.
[2026-06-26 09:32:37.331] Selected the bad axiom SubClassOf(http://purl.obolibrary.org/obo/TRANS_0000028 http://purl.obolibrary.org/obo/TRANS_0000009).
[2026-06-26 09:32:37.333] Found 117 possible bad axioms.
[2026-06-26 09:32:37.333] Selected the bad axiom SubClassOf(http://purl.obolibrary.org/obo/TRANS_0000034 http://purl.obolibrary.org/obo/TRANS_0000032).
[2026-06-26 09:32:37.340] Found 116 possible bad axioms.
[2026-06-26 09:32:37.340] Selected the bad axiom SubClassOf(http://purl.obolibrary.org/obo/TRANS_0000005 http://purl.obolibrary.org/obo/TRA
...[truncated]
SUCCESS: attempt=3 seed=28468 success_count=3/100
progress: ontology=PTRANS attempt=3 success=3/100
----- PTRANS attempt=4 seed=42668 at 2026-06-26 09:32:45 -----
--- stdout ---
{"seed":42668,"run_id":"20260624134028346645","trial_status":"success","error_type":null,"failure_stage":null,"error_message":null,"iic_values":{"B1_vs_A1":1.0,"B1_vs_A2":0.5,"B1_vs_A3":0.5,"B2_vs_A1":1.0,"B2_vs_A2":0.5,"B2_vs_A3":0.5,"B3_vs_A1":1.0,"B3_vs_A2":0.5,"B3_vs_A3":0.5,"B4_vs_A1":1.0,"B4_vs_A2":0.5,"B4_vs_A3":0.5,"B5_vs_A1":1.0,"B5_vs_A2":0.5,"B5_vs_A3":0.5,"B6_vs_A1":1.0,"B6_vs_A2":0.5,"B6_vs_A3":0.5,"B7_vs_A1":1.0,"B7_vs_A2":0.5,"B7_vs_A3":0.5,"B8_vs_A1":1.0,"B8_vs_A2":0.5,"B8_vs_A3":0.5,"B9_vs_A1":1.0,"B9_vs_A2":0.5,"B9_vs_A3":0.5},"repair_runtimes_ms":{"A1":117,"A2":1137,"A3":203,"B1":171,"B2":791,"B3":615,"B4":65,"B5":1824,"B6":1167,"B7":70,"B8":1896,"B9":1124}}

--- stderr ---
SingleTrialExperiment starting: ontology=/workspaces/ontologyutils-ekaw26/repair-power-index-replication-ekaw26/ontologies/inconsistent/PTRANS.owl, seed=42668, run_id=20260624134028346645
Loaded ontology.
Normalizing ontology with SROIQ normalization...
Normalized ontology with SROIQ normalization.
Ontology is already inconsistent, skipping make-inconsistent step.
Repairing with A1 (random-removal)...
[2026-06-26 09:32:45.798] Checking precondition...
[2026-06-26 09:32:45.814] Starting the repair...
[2026-06-26 09:32:45.820] Found 127 possible bad axioms.
[2026-06-26 09:32:45.822] Selected the bad axiom SubClassOf(http://purl.obolibrary.org/obo/TRANS_0000031 http://purl.obolibrary.org/obo/TRANS_0000026).
[2026-06-26 09:32:45.826] Found 126 possible bad axioms.
[2026-06-26 09:32:45.826] Selected the bad axiom SubClassOf(http://purl.obolibrary.org/obo/TRANS_0000007 http://purl.obolibrary.org/obo/TRANS_0000006).
[2026-06-26 09:32:45.829] Found 125 possible bad axioms.
[2026-06-26 09:32:45.830] Selected the bad axiom SubClassOf(http://purl.obolibrary.org/obo/TRANS_0000015 http://purl.obolibrary.org/obo/TRANS_0000012).
[2026-06-26 09:32:45.833] Found 124 possible bad axioms.
[2026-06-26 09:32:45.833] Selected the bad axiom SubClassOf(http://purl.obolibrary.org/obo/TRANS_0000013 http://purl.obolibrary.org/obo/TRANS_0000027).
[2026-06-26 09:32:45.836] Found 123 possible bad axioms.
[2026-06-26 09:32:45.836] Selected the bad axiom SubClassOf(http://purl.obolibrary.org/obo/TRANS_0000029 http://purl.obolibrary.org/obo/TRANS_0000013).
[2026-06-26 09:32:45.838] Found 122 possible bad axioms.
[2026-06-26 09:32:45.839] Selected the bad axiom SubClassOf(http://purl.obolibrary.org/obo/TRANS_0000000 http://purl.obolibrary.org/obo/TRANS_0000001).
[2026-06-26 09:32:45.841] Found 121 possible bad axioms.
[2026-06-26 09:32:45.841] Selected the bad axiom SubClassOf(http://purl.obolibrary.org/obo/TRANS_0000018 http://purl.obolibrary.org/obo/TRANS_0000006).
[2026-06-26 09:32:45.843] Found 120 possible bad axioms.
[2026-06-26 09:32:45.844] Selected the bad axiom SubClassOf(http://purl.obolibrary.org/obo/TRANS_0000030 http://purl.obolibrary.org/obo/TRANS_0000015).
[2026-06-26 09:32:45.846] Found 119 possible bad axioms.
[2026-06-26 09:32:45.846] Selected the bad axiom SubClassOf(http://purl.obolibrary.org/obo/TRANS_0000015 http://purl.obolibrary.org/obo/TRANS_0000013).
[2026-06-26 09:32:45.854] Found 118 possible bad axioms.
[2026-06-26 09:32:45.854] Selected the bad axiom SubClassOf(http://purl.obolibrary.org/obo/TRANS_0000002 http://purl.obolibrary.org/obo/TRANS_0000000).
[2026-06-26 09:32:45.857] Found 117 possible bad axioms.
[2026-06-26 09:32:45.857] Selected the bad axiom SubClassOf(http://purl.obolibrary.org/obo/TRANS_0000020 http://purl.obolibrary.org/obo/TRANS_0000027).
[2026-06-26 09:32:45.864] Found 116 possible bad axioms.
[2026-06-26 09:32:45.864] Selected the bad axiom SubClassOf(http://purl.obolibrary.org/obo/TRANS_0000015 http://purl.obolibrary.org/obo/TRA
...[truncated]
SUCCESS: attempt=4 seed=42668 success_count=4/100
progress: ontology=PTRANS attempt=4 success=4/100
----- PTRANS attempt=5 seed=56868 at 2026-06-26 09:32:55 -----
--- stdout ---
{"seed":56868,"run_id":"20260624134028346645","trial_status":"success","error_type":null,"failure_stage":null,"error_message":null,"iic_values":{"B1_vs_A1":1.0,"B1_vs_A2":0.5,"B1_vs_A3":0.5,"B2_vs_A1":1.0,"B2_vs_A2":0.5,"B2_vs_A3":0.5,"B3_vs_A1":1.0,"B3_vs_A2":0.5,"B3_vs_A3":0.5,"B4_vs_A1":1.0,"B4_vs_A2":0.5,"B4_vs_A3":0.5,"B5_vs_A1":1.0,"B5_vs_A2":0.5,"B5_vs_A3":0.5,"B6_vs_A1":1.0,"B6_vs_A2":0.5,"B6_vs_A3":0.5,"B7_vs_A1":1.0,"B7_vs_A2":0.5,"B7_vs_A3":0.5,"B8_vs_A1":1.0,"B8_vs_A2":0.5,"B8_vs_A3":0.5,"B9_vs_A1":1.0,"B9_vs_A2":0.5,"B9_vs_A3":0.5},"repair_runtimes_ms":{"A1":108,"A2":1156,"A3":206,"B1":907,"B2":2224,"B3":434,"B4":40,"B5":954,"B6":1142,"B7":65,"B8":381,"B9":1138}}

--- stderr ---
SingleTrialExperiment starting: ontology=/workspaces/ontologyutils-ekaw26/repair-power-index-replication-ekaw26/ontologies/inconsistent/PTRANS.owl, seed=56868, run_id=20260624134028346645
Loaded ontology.
Normalizing ontology with SROIQ normalization...
Normalized ontology with SROIQ normalization.
Ontology is already inconsistent, skipping make-inconsistent step.
Repairing with A1 (random-removal)...
[2026-06-26 09:32:55.459] Checking precondition...
[2026-06-26 09:32:55.474] Starting the repair...
[2026-06-26 09:32:55.480] Found 127 possible bad axioms.
[2026-06-26 09:32:55.482] Selected the bad axiom SubClassOf(http://purl.obolibrary.org/obo/TRANS_0000025 http://purl.obolibrary.org/obo/TRANS_0000005).
[2026-06-26 09:32:55.486] Found 126 possible bad axioms.
[2026-06-26 09:32:55.487] Selected the bad axiom SubClassOf(http://purl.obolibrary.org/obo/TRANS_0000034 http://purl.obolibrary.org/obo/TRANS_0000031).
[2026-06-26 09:32:55.490] Found 125 possible bad axioms.
[2026-06-26 09:32:55.490] Selected the bad axiom SubClassOf(http://purl.obolibrary.org/obo/TRANS_0000030 http://purl.obolibrary.org/obo/TRANS_0000010).
[2026-06-26 09:32:55.493] Found 124 possible bad axioms.
[2026-06-26 09:32:55.493] Selected the bad axiom SubClassOf(http://purl.obolibrary.org/obo/TRANS_0000015 http://purl.obolibrary.org/obo/TRANS_0000029).
[2026-06-26 09:32:55.496] Found 123 possible bad axioms.
[2026-06-26 09:32:55.496] Selected the bad axiom SubClassOf(http://purl.obolibrary.org/obo/TRANS_0000012 http://purl.obolibrary.org/obo/TRANS_0000027).
[2026-06-26 09:32:55.499] Found 122 possible bad axioms.
[2026-06-26 09:32:55.499] Selected the bad axiom SubClassOf(http://purl.obolibrary.org/obo/TRANS_0000021 http://purl.obolibrary.org/obo/TRANS_0000020).
[2026-06-26 09:32:55.501] Found 121 possible bad axioms.
[2026-06-26 09:32:55.501] Selected the bad axiom SubClassOf(http://purl.obolibrary.org/obo/TRANS_0000027 http://purl.obolibrary.org/obo/TRANS_0000019).
[2026-06-26 09:32:55.504] Found 120 possible bad axioms.
[2026-06-26 09:32:55.504] Selected the bad axiom SubClassOf(http://purl.obolibrary.org/obo/TRANS_0000034 http://purl.obolibrary.org/obo/TRANS_0000033).
[2026-06-26 09:32:55.511] Found 119 possible bad axioms.
[2026-06-26 09:32:55.511] Selected the bad axiom SubClassOf(http://purl.obolibrary.org/obo/TRANS_0000019 http://purl.obolibrary.org/obo/TRANS_0000015).
[2026-06-26 09:32:55.514] Found 118 possible bad axioms.
[2026-06-26 09:32:55.514] Selected the bad axiom SubClassOf(http://purl.obolibrary.org/obo/TRANS_0000008 owl:Nothing).
[2026-06-26 09:32:55.516] Found 117 possible bad axioms.
[2026-06-26 09:32:55.517] Selected the bad axiom SubClassOf(http://purl.obolibrary.org/obo/TRANS_0000003 http://purl.obolibrary.org/obo/TRANS_0000025).
[2026-06-26 09:32:55.524] Found 116 possible bad axioms.
[2026-06-26 09:32:55.524] Selected the bad axiom SubClassOf(http://purl.obolibrary.org/obo/TRANS_0000028 http://purl.obolibrary.org/obo/TRANS_0000011).
[2026-06-26 09:32:55
...[truncated]
SUCCESS: attempt=5 seed=56868 success_count=5/100
progress: ontology=PTRANS attempt=5 success=5/100
----- PTRANS attempt=6 seed=71068 at 2026-06-26 09:33:04 -----
--- stdout ---
{"seed":71068,"run_id":"20260624134028346645","trial_status":"success","error_type":null,"failure_stage":null,"error_message":null,"iic_values":{"B1_vs_A1":0.9964285714285714,"B1_vs_A2":0.5,"B1_vs_A3":0.5,"B2_vs_A1":0.9964285714285714,"B2_vs_A2":0.5,"B2_vs_A3":0.5,"B3_vs_A1":0.9964285714285714,"B3_vs_A2":0.5,"B3_vs_A3":0.5,"B4_vs_A1":0.9964285714285714,"B4_vs_A2":0.5,"B4_vs_A3":0.5,"B5_vs_A1":0.9964285714285714,"B5_vs_A2":0.5,"B5_vs_A3":0.5,"B6_vs_A1":0.9964285714285714,"B6_vs_A2":0.5,"B6_vs_A3":0.5,"B7_vs_A1":0.9964285714285714,"B7_vs_A2":0.5,"B7_vs_A3":0.5,"B8_vs_A1":0.9964285714285714,"B8_vs_A2":0.5,"B8_vs_A3":0.5,"B9_vs_A1":0.9964285714285714,"B9_vs_A2":0.5,"B9_vs_A3":0.5},"repair_runtimes_ms":{"A1":175,"A2":1066,"A3":754,"B1":203,"B2":2264,"B3":1066,"B4":35,"B5":1000,"B6":1029,"B7":115,"B8":1754,"B9":692}}

--- stderr ---
SingleTrialExperiment starting: ontology=/workspaces/ontologyutils-ekaw26/repair-power-index-replication-ekaw26/ontologies/inconsistent/PTRANS.owl, seed=71068, run_id=20260624134028346645
Loaded ontology.
Normalizing ontology with SROIQ normalization...
Normalized ontology with SROIQ normalization.
Ontology is already inconsistent, skipping make-inconsistent step.
Repairing with A1 (random-removal)...
[2026-06-26 09:33:04.733] Checking precondition...
[2026-06-26 09:33:04.749] Starting the repair...
[2026-06-26 09:33:04.755] Found 127 possible bad axioms.
[2026-06-26 09:33:04.756] Selected the bad axiom SubClassOf(http://purl.obolibrary.org/obo/TRANS_0000025 http://purl.obolibrary.org/obo/TRANS_0000024).
[2026-06-26 09:33:04.761] Found 126 possible bad axioms.
[2026-06-26 09:33:04.761] Selected the bad axiom SubClassOf(http://purl.obolibrary.org/obo/TRANS_0000034 http://purl.obolibrary.org/obo/TRANS_0000030).
[2026-06-26 09:33:04.765] Found 125 possible bad axioms.
[2026-06-26 09:33:04.765] Selected the bad axiom SubClassOf(http://purl.obolibrary.org/obo/TRANS_0000001 http://purl.obolibrary.org/obo/TRANS_0000000).
[2026-06-26 09:33:04.768] Found 124 possible bad axioms.
[2026-06-26 09:33:04.768] Selected the bad axiom SubClassOf(http://purl.obolibrary.org/obo/TRANS_0000027 http://purl.obolibrary.org/obo/TRANS_0000021).
[2026-06-26 09:33:04.771] Found 123 possible bad axioms.
[2026-06-26 09:33:04.771] Selected the bad axiom SubClassOf(http://purl.obolibrary.org/obo/TRANS_0000026 http://purl.obolibrary.org/obo/TRANS_0000010).
[2026-06-26 09:33:04.774] Found 122 possible bad axioms.
[2026-06-26 09:33:04.774] Selected the bad axiom SubClassOf(http://purl.obolibrary.org/obo/TRANS_0000028 http://purl.obolibrary.org/obo/TRANS_0000013).
[2026-06-26 09:33:04.777] Found 121 possible bad axioms.
[2026-06-26 09:33:04.777] Selected the bad axiom SubClassOf(http://purl.obolibrary.org/obo/TRANS_0000003 http://purl.obolibrary.org/obo/TRANS_0000025).
[2026-06-26 09:33:04.779] Found 120 possible bad axioms.
[2026-06-26 09:33:04.779] Selected the bad axiom SubClassOf(http://purl.obolibrary.org/obo/TRANS_0000019 http://purl.obolibrary.org/obo/TRANS_0000005).
[2026-06-26 09:33:04.787] Found 119 possible bad axioms.
[2026-06-26 09:33:04.787] Selected the bad axiom SubClassOf(http://purl.obolibrary.org/obo/TRANS_0000013 http://purl.obolibrary.org/obo/TRANS_0000027).
[2026-06-26 09:33:04.790] Found 118 possible bad axioms.
[2026-06-26 09:33:04.790] Selected the bad axiom SubClassOf(http://purl.obolibrary.org/obo/TRANS_0000034 http://purl.obolibrary.org/obo/TRANS_0000029).
[2026-06-26 09:33:04.792] Found 117 possible bad axioms.
[2026-06-26 09:33:04.793] Selected the bad axiom SubClassOf(http://purl.obolibrary.org/obo/TRANS_0000007 http://purl.obolibrary.org/obo/TRANS_0000008).
[2026-06-26 09:33:04.799] Found 116 possible bad axioms.
[2026-06-26 09:33:04.800] Selected the bad axiom SubClassOf(http://purl.obolibrary.org/obo/TRANS_0000034 http://purl.obolibrary.org/obo/TRA
...[truncated]
SUCCESS: attempt=6 seed=71068 success_count=6/100
progress: ontology=PTRANS attempt=6 success=6/100
----- PTRANS attempt=7 seed=85268 at 2026-06-26 09:33:15 -----
--- stdout ---
{"seed":85268,"run_id":"20260624134028346645","trial_status":"success","error_type":null,"failure_stage":null,"error_message":null,"iic_values":{"B1_vs_A1":1.0,"B1_vs_A2":0.5,"B1_vs_A3":0.984375,"B2_vs_A1":1.0,"B2_vs_A2":0.5,"B2_vs_A3":0.984375,"B3_vs_A1":1.0,"B3_vs_A2":0.5,"B3_vs_A3":0.984375,"B4_vs_A1":1.0,"B4_vs_A2":0.5,"B4_vs_A3":0.984375,"B5_vs_A1":1.0,"B5_vs_A2":0.5,"B5_vs_A3":0.984375,"B6_vs_A1":1.0,"B6_vs_A2":0.5,"B6_vs_A3":0.984375,"B7_vs_A1":1.0,"B7_vs_A2":0.5,"B7_vs_A3":0.984375,"B8_vs_A1":1.0,"B8_vs_A2":0.5,"B8_vs_A3":0.984375,"B9_vs_A1":1.0,"B9_vs_A2":0.5,"B9_vs_A3":0.984375},"repair_runtimes_ms":{"A1":151,"A2":1127,"A3":620,"B1":157,"B2":880,"B3":1353,"B4":100,"B5":1777,"B6":244,"B7":82,"B8":459,"B9":1240}}

--- stderr ---
SingleTrialExperiment starting: ontology=/workspaces/ontologyutils-ekaw26/repair-power-index-replication-ekaw26/ontologies/inconsistent/PTRANS.owl, seed=85268, run_id=20260624134028346645
Loaded ontology.
Normalizing ontology with SROIQ normalization...
Normalized ontology with SROIQ normalization.
Ontology is already inconsistent, skipping make-inconsistent step.
Repairing with A1 (random-removal)...
[2026-06-26 09:33:16.160] Checking precondition...
[2026-06-26 09:33:16.176] Starting the repair...
[2026-06-26 09:33:16.183] Found 127 possible bad axioms.
[2026-06-26 09:33:16.184] Selected the bad axiom SubClassOf(http://purl.obolibrary.org/obo/TRANS_0000007 http://purl.obolibrary.org/obo/TRANS_0000008).
[2026-06-26 09:33:16.189] Found 126 possible bad axioms.
[2026-06-26 09:33:16.189] Selected the bad axiom SubClassOf(http://purl.obolibrary.org/obo/TRANS_0000013 http://purl.obolibrary.org/obo/TRANS_0000010).
[2026-06-26 09:33:16.193] Found 125 possible bad axioms.
[2026-06-26 09:33:16.194] Selected the bad axiom SubClassOf(http://purl.obolibrary.org/obo/TRANS_0000025 http://purl.obolibrary.org/obo/TRANS_0000014).
[2026-06-26 09:33:16.197] Found 124 possible bad axioms.
[2026-06-26 09:33:16.197] Selected the bad axiom SubClassOf(http://purl.obolibrary.org/obo/TRANS_0000034 http://purl.obolibrary.org/obo/TRANS_0000015).
[2026-06-26 09:33:16.200] Found 123 possible bad axioms.
[2026-06-26 09:33:16.200] Selected the bad axiom SubClassOf(http://purl.obolibrary.org/obo/TRANS_0000003 http://purl.obolibrary.org/obo/TRANS_0000025).
[2026-06-26 09:33:16.203] Found 122 possible bad axioms.
[2026-06-26 09:33:16.203] Selected the bad axiom SubClassOf(http://purl.obolibrary.org/obo/TRANS_0000005 http://purl.obolibrary.org/obo/TRANS_0000002).
[2026-06-26 09:33:16.206] Found 121 possible bad axioms.
[2026-06-26 09:33:16.206] Selected the bad axiom SubClassOf(http://purl.obolibrary.org/obo/TRANS_0000013 http://purl.obolibrary.org/obo/TRANS_0000027).
[2026-06-26 09:33:16.209] Found 120 possible bad axioms.
[2026-06-26 09:33:16.209] Selected the bad axiom SubClassOf(http://purl.obolibrary.org/obo/TRANS_0000002 http://purl.obolibrary.org/obo/TRANS_0000019).
[2026-06-26 09:33:16.215] Found 119 possible bad axioms.
[2026-06-26 09:33:16.215] Selected the bad axiom SubClassOf(http://purl.obolibrary.org/obo/TRANS_0000015 http://purl.obolibrary.org/obo/TRANS_0000009).
[2026-06-26 09:33:16.218] Found 118 possible bad axioms.
[2026-06-26 09:33:16.218] Selected the bad axiom SubClassOf(http://purl.obolibrary.org/obo/TRANS_0000015 http://purl.obolibrary.org/obo/TRANS_0000029).
[2026-06-26 09:33:16.221] Found 117 possible bad axioms.
[2026-06-26 09:33:16.221] Selected the bad axiom SubClassOf(http://purl.obolibrary.org/obo/TRANS_0000021 http://purl.obolibrary.org/obo/TRANS_0000023).
[2026-06-26 09:33:16.229] Found 116 possible bad axioms.
[2026-06-26 09:33:16.229] Selected the bad axiom SubClassOf(http://purl.obolibrary.org/obo/TRANS_0000034 http://purl.obolibrary.org/obo/TRA
...[truncated]
SUCCESS: attempt=7 seed=85268 success_count=7/100
progress: ontology=PTRANS attempt=7 success=7/100
----- PTRANS attempt=8 seed=99468 at 2026-06-26 09:33:24 -----
--- stdout ---
{"seed":99468,"run_id":"20260624134028346645","trial_status":"success","error_type":null,"failure_stage":null,"error_message":null,"iic_values":{"B1_vs_A1":1.0,"B1_vs_A2":0.5,"B1_vs_A3":0.5,"B2_vs_A1":1.0,"B2_vs_A2":0.5,"B2_vs_A3":0.5,"B3_vs_A1":1.0,"B3_vs_A2":0.5,"B3_vs_A3":0.5,"B4_vs_A1":1.0,"B4_vs_A2":0.5,"B4_vs_A3":0.5,"B5_vs_A1":1.0,"B5_vs_A2":0.5,"B5_vs_A3":0.5,"B6_vs_A1":1.0,"B6_vs_A2":0.5,"B6_vs_A3":0.5,"B7_vs_A1":1.0,"B7_vs_A2":0.5,"B7_vs_A3":0.5,"B8_vs_A1":1.0,"B8_vs_A2":0.5,"B8_vs_A3":0.5,"B9_vs_A1":1.0,"B9_vs_A2":0.5,"B9_vs_A3":0.5},"repair_runtimes_ms":{"A1":117,"A2":1133,"A3":195,"B1":510,"B2":1458,"B3":1247,"B4":44,"B5":1644,"B6":1167,"B7":111,"B8":383,"B9":1212}}

--- stderr ---
SingleTrialExperiment starting: ontology=/workspaces/ontologyutils-ekaw26/repair-power-index-replication-ekaw26/ontologies/inconsistent/PTRANS.owl, seed=99468, run_id=20260624134028346645
Loaded ontology.
Normalizing ontology with SROIQ normalization...
Normalized ontology with SROIQ normalization.
Ontology is already inconsistent, skipping make-inconsistent step.
Repairing with A1 (random-removal)...
[2026-06-26 09:33:25.303] Checking precondition...
[2026-06-26 09:33:25.318] Starting the repair...
[2026-06-26 09:33:25.324] Found 127 possible bad axioms.
[2026-06-26 09:33:25.326] Selected the bad axiom SubClassOf(http://purl.obolibrary.org/obo/TRANS_0000027 http://purl.obolibrary.org/obo/TRANS_0000021).
[2026-06-26 09:33:25.330] Found 126 possible bad axioms.
[2026-06-26 09:33:25.330] Selected the bad axiom SubClassOf(http://purl.obolibrary.org/obo/TRANS_0000015 http://purl.obolibrary.org/obo/TRANS_0000003).
[2026-06-26 09:33:25.334] Found 125 possible bad axioms.
[2026-06-26 09:33:25.334] Selected the bad axiom SubClassOf(http://purl.obolibrary.org/obo/TRANS_0000028 http://purl.obolibrary.org/obo/TRANS_0000015).
[2026-06-26 09:33:25.338] Found 124 possible bad axioms.
[2026-06-26 09:33:25.338] Selected the bad axiom SubClassOf(http://purl.obolibrary.org/obo/TRANS_0000024 http://purl.obolibrary.org/obo/TRANS_0000027).
[2026-06-26 09:33:25.341] Found 123 possible bad axioms.
[2026-06-26 09:33:25.341] Selected the bad axiom SubClassOf(http://purl.obolibrary.org/obo/TRANS_0000005 http://purl.obolibrary.org/obo/TRANS_0000025).
[2026-06-26 09:33:25.344] Found 122 possible bad axioms.
[2026-06-26 09:33:25.344] Selected the bad axiom SubClassOf(http://purl.obolibrary.org/obo/TRANS_0000027 http://purl.obolibrary.org/obo/TRANS_0000023).
[2026-06-26 09:33:25.346] Found 121 possible bad axioms.
[2026-06-26 09:33:25.346] Selected the bad axiom SubClassOf(http://purl.obolibrary.org/obo/TRANS_0000034 http://purl.obolibrary.org/obo/TRANS_0000033).
[2026-06-26 09:33:25.349] Found 120 possible bad axioms.
[2026-06-26 09:33:25.350] Selected the bad axiom SubClassOf(http://purl.obolibrary.org/obo/TRANS_0000012 http://purl.obolibrary.org/obo/TRANS_0000027).
[2026-06-26 09:33:25.356] Found 119 possible bad axioms.
[2026-06-26 09:33:25.356] Selected the bad axiom SubClassOf(http://purl.obolibrary.org/obo/TRANS_0000020 http://purl.obolibrary.org/obo/TRANS_0000027).
[2026-06-26 09:33:25.359] Found 118 possible bad axioms.
[2026-06-26 09:33:25.359] Selected the bad axiom SubClassOf(http://purl.obolibrary.org/obo/TRANS_0000008 http://purl.obolibrary.org/obo/TRANS_0000007).
[2026-06-26 09:33:25.361] Found 117 possible bad axioms.
[2026-06-26 09:33:25.361] Selected the bad axiom SubClassOf(http://purl.obolibrary.org/obo/TRANS_0000011 http://purl.obolibrary.org/obo/TRANS_0000010).
[2026-06-26 09:33:25.369] Found 116 possible bad axioms.
[2026-06-26 09:33:25.369] Selected the bad axiom SubClassOf(http://purl.obolibrary.org/obo/TRANS_0000031 http://purl.obolibrary.org/obo/TRA
...[truncated]
SUCCESS: attempt=8 seed=99468 success_count=8/100
progress: ontology=PTRANS attempt=8 success=8/100
----- PTRANS attempt=9 seed=113668 at 2026-06-26 09:33:34 -----
--- stdout ---
{"seed":113668,"run_id":"20260624134028346645","trial_status":"success","error_type":null,"failure_stage":null,"error_message":null,"iic_values":{"B1_vs_A1":0.9891304347826086,"B1_vs_A2":0.5,"B1_vs_A3":0.5,"B2_vs_A1":0.9891304347826086,"B2_vs_A2":0.5,"B2_vs_A3":0.5,"B3_vs_A1":0.9891304347826086,"B3_vs_A2":0.5,"B3_vs_A3":0.5,"B4_vs_A1":0.9891304347826086,"B4_vs_A2":0.5,"B4_vs_A3":0.5,"B5_vs_A1":0.9891304347826086,"B5_vs_A2":0.5,"B5_vs_A3":0.5,"B6_vs_A1":0.9891304347826086,"B6_vs_A2":0.5,"B6_vs_A3":0.5,"B7_vs_A1":0.9891304347826086,"B7_vs_A2":0.5,"B7_vs_A3":0.5,"B8_vs_A1":0.9891304347826086,"B8_vs_A2":0.5,"B8_vs_A3":0.5,"B9_vs_A1":0.9891304347826086,"B9_vs_A2":0.5,"B9_vs_A3":0.5},"repair_runtimes_ms":{"A1":158,"A2":1127,"A3":382,"B1":180,"B2":2050,"B3":762,"B4":50,"B5":1840,"B6":1154,"B7":79,"B8":371,"B9":1163}}

--- stderr ---
SingleTrialExperiment starting: ontology=/workspaces/ontologyutils-ekaw26/repair-power-index-replication-ekaw26/ontologies/inconsistent/PTRANS.owl, seed=113668, run_id=20260624134028346645
Loaded ontology.
Normalizing ontology with SROIQ normalization...
Normalized ontology with SROIQ normalization.
Ontology is already inconsistent, skipping make-inconsistent step.
Repairing with A1 (random-removal)...
[2026-06-26 09:33:35.238] Checking precondition...
[2026-06-26 09:33:35.251] Starting the repair...
[2026-06-26 09:33:35.258] Found 127 possible bad axioms.
[2026-06-26 09:33:35.260] Selected the bad axiom SubClassOf(http://purl.obolibrary.org/obo/TRANS_0000025 http://purl.obolibrary.org/obo/TRANS_0000009).
[2026-06-26 09:33:35.264] Found 126 possible bad axioms.
[2026-06-26 09:33:35.264] Selected the bad axiom SubClassOf(http://purl.obolibrary.org/obo/TRANS_0000015 http://purl.obolibrary.org/obo/TRANS_0000003).
[2026-06-26 09:33:35.267] Found 125 possible bad axioms.
[2026-06-26 09:33:35.268] Selected the bad axiom SubClassOf(http://purl.obolibrary.org/obo/TRANS_0000019 http://purl.obolibrary.org/obo/TRANS_0000015).
[2026-06-26 09:33:35.271] Found 124 possible bad axioms.
[2026-06-26 09:33:35.272] Selected the bad axiom SubClassOf(http://purl.obolibrary.org/obo/TRANS_0000027 owl:Nothing).
[2026-06-26 09:33:35.274] Found 123 possible bad axioms.
[2026-06-26 09:33:35.275] Selected the bad axiom SubClassOf(http://purl.obolibrary.org/obo/TRANS_0000014 http://purl.obolibrary.org/obo/TRANS_0000025).
[2026-06-26 09:33:35.277] Found 122 possible bad axioms.
[2026-06-26 09:33:35.277] Selected the bad axiom SubClassOf(http://purl.obolibrary.org/obo/TRANS_0000026 http://purl.obolibrary.org/obo/TRANS_0000010).
[2026-06-26 09:33:35.280] Found 121 possible bad axioms.
[2026-06-26 09:33:35.280] Selected the bad axiom SubClassOf(http://purl.obolibrary.org/obo/TRANS_0000034 http://purl.obolibrary.org/obo/TRANS_0000009).
[2026-06-26 09:33:35.282] Found 120 possible bad axioms.
[2026-06-26 09:33:35.283] Selected the bad axiom SubClassOf(http://purl.obolibrary.org/obo/TRANS_0000019 http://purl.obolibrary.org/obo/TRANS_0000029).
[2026-06-26 09:33:35.289] Found 119 possible bad axioms.
[2026-06-26 09:33:35.289] Selected the bad axiom SubClassOf(http://purl.obolibrary.org/obo/TRANS_0000028 http://purl.obolibrary.org/obo/TRANS_0000013).
[2026-06-26 09:33:35.291] Found 118 possible bad axioms.
[2026-06-26 09:33:35.291] Selected the bad axiom SubClassOf(http://purl.obolibrary.org/obo/TRANS_0000007 http://purl.obolibrary.org/obo/TRANS_0000001).
[2026-06-26 09:33:35.294] Found 117 possible bad axioms.
[2026-06-26 09:33:35.294] Selected the bad axiom SubClassOf(http://purl.obolibrary.org/obo/TRANS_0000033 http://purl.obolibrary.org/obo/TRANS_0000010).
[2026-06-26 09:33:35.301] Found 116 possible bad axioms.
[2026-06-26 09:33:35.301] Selected the bad axiom SubClassOf(http://purl.obolibrary.org/obo/TRANS_0000025 http://purl.obolibrary.org/obo/TRANS_0000026).
[2026-06-26 09:33:3
...[truncated]
SUCCESS: attempt=9 seed=113668 success_count=9/100
progress: ontology=PTRANS attempt=9 success=9/100
----- PTRANS attempt=10 seed=127868 at 2026-06-26 09:33:44 -----
--- stdout ---
{"seed":127868,"run_id":"20260624134028346645","trial_status":"success","error_type":null,"failure_stage":null,"error_message":null,"iic_values":{"B1_vs_A1":0.9969788519637462,"B1_vs_A2":0.5,"B1_vs_A3":0.5,"B2_vs_A1":0.9969788519637462,"B2_vs_A2":0.5,"B2_vs_A3":0.5,"B3_vs_A1":0.9969788519637462,"B3_vs_A2":0.5,"B3_vs_A3":0.5,"B4_vs_A1":0.9969788519637462,"B4_vs_A2":0.5,"B4_vs_A3":0.5,"B5_vs_A1":0.9969788519637462,"B5_vs_A2":0.5,"B5_vs_A3":0.5,"B6_vs_A1":0.9969788519637462,"B6_vs_A2":0.5,"B6_vs_A3":0.5,"B7_vs_A1":0.9969788519637462,"B7_vs_A2":0.5,"B7_vs_A3":0.5,"B8_vs_A1":0.9969788519637462,"B8_vs_A2":0.5,"B8_vs_A3":0.5,"B9_vs_A1":0.9969788519637462,"B9_vs_A2":0.5,"B9_vs_A3":0.5},"repair_runtimes_ms":{"A1":160,"A2":1102,"A3":219,"B1":166,"B2":1026,"B3":1337,"B4":43,"B5":1646,"B6":257,"B7":75,"B8":480,"B9":1234}}

--- stderr ---
SingleTrialExperiment starting: ontology=/workspaces/ontologyutils-ekaw26/repair-power-index-replication-ekaw26/ontologies/inconsistent/PTRANS.owl, seed=127868, run_id=20260624134028346645
Loaded ontology.
Normalizing ontology with SROIQ normalization...
Normalized ontology with SROIQ normalization.
Ontology is already inconsistent, skipping make-inconsistent step.
Repairing with A1 (random-removal)...
[2026-06-26 09:33:45.044] Checking precondition...
[2026-06-26 09:33:45.059] Starting the repair...
[2026-06-26 09:33:45.065] Found 127 possible bad axioms.
[2026-06-26 09:33:45.066] Selected the bad axiom SubClassOf(http://purl.obolibrary.org/obo/TRANS_0000003 http://purl.obolibrary.org/obo/TRANS_0000005).
[2026-06-26 09:33:45.070] Found 126 possible bad axioms.
[2026-06-26 09:33:45.071] Selected the bad axiom SubClassOf(http://purl.obolibrary.org/obo/TRANS_0000001 http://purl.obolibrary.org/obo/TRANS_0000008).
[2026-06-26 09:33:45.074] Found 125 possible bad axioms.
[2026-06-26 09:33:45.074] Selected the bad axiom SubClassOf(http://purl.obolibrary.org/obo/TRANS_0000033 http://purl.obolibrary.org/obo/TRANS_0000010).
[2026-06-26 09:33:45.077] Found 124 possible bad axioms.
[2026-06-26 09:33:45.078] Selected the bad axiom SubClassOf(http://purl.obolibrary.org/obo/TRANS_0000005 http://purl.obolibrary.org/obo/TRANS_0000014).
[2026-06-26 09:33:45.080] Found 123 possible bad axioms.
[2026-06-26 09:33:45.080] Selected the bad axiom SubClassOf(http://purl.obolibrary.org/obo/TRANS_0000007 http://purl.obolibrary.org/obo/TRANS_0000006).
[2026-06-26 09:33:45.083] Found 122 possible bad axioms.
[2026-06-26 09:33:45.084] Selected the bad axiom SubClassOf(http://purl.obolibrary.org/obo/TRANS_0000029 http://purl.obolibrary.org/obo/TRANS_0000027).
[2026-06-26 09:33:45.086] Found 121 possible bad axioms.
[2026-06-26 09:33:45.086] Selected the bad axiom SubClassOf(http://purl.obolibrary.org/obo/TRANS_0000019 http://purl.obolibrary.org/obo/TRANS_0000015).
[2026-06-26 09:33:45.089] Found 120 possible bad axioms.
[2026-06-26 09:33:45.089] Selected the bad axiom SubClassOf(http://purl.obolibrary.org/obo/TRANS_0000034 http://purl.obolibrary.org/obo/TRANS_0000029).
[2026-06-26 09:33:45.096] Found 119 possible bad axioms.
[2026-06-26 09:33:45.096] Selected the bad axiom SubClassOf(http://purl.obolibrary.org/obo/TRANS_0000025 http://purl.obolibrary.org/obo/TRANS_0000024).
[2026-06-26 09:33:45.099] Found 118 possible bad axioms.
[2026-06-26 09:33:45.099] Selected the bad axiom SubClassOf(http://purl.obolibrary.org/obo/TRANS_0000015 http://purl.obolibrary.org/obo/TRANS_0000026).
[2026-06-26 09:33:45.102] Found 117 possible bad axioms.
[2026-06-26 09:33:45.102] Selected the bad axiom SubClassOf(http://purl.obolibrary.org/obo/TRANS_0000029 http://purl.obolibrary.org/obo/TRANS_0000015).
[2026-06-26 09:33:45.109] Found 116 possible bad axioms.
[2026-06-26 09:33:45.109] Selected the bad axiom SubClassOf(http://purl.obolibrary.org/obo/TRANS_0000015 http://purl.obolibrary.org/obo/TR
...[truncated]
SUCCESS: attempt=10 seed=127868 success_count=10/100
progress: ontology=PTRANS attempt=10 success=10/100
----- PTRANS attempt=11 seed=142068 at 2026-06-26 09:33:52 -----
--- stdout ---
{"seed":142068,"run_id":"20260624134028346645","trial_status":"success","error_type":null,"failure_stage":null,"error_message":null,"iic_values":{"B1_vs_A1":0.997698504027618,"B1_vs_A2":0.5,"B1_vs_A3":0.5,"B2_vs_A1":0.997698504027618,"B2_vs_A2":0.5,"B2_vs_A3":0.5,"B3_vs_A1":0.997698504027618,"B3_vs_A2":0.5,"B3_vs_A3":0.5,"B4_vs_A1":0.997698504027618,"B4_vs_A2":0.5,"B4_vs_A3":0.5,"B5_vs_A1":0.997698504027618,"B5_vs_A2":0.5,"B5_vs_A3":0.5,"B6_vs_A1":0.997698504027618,"B6_vs_A2":0.5,"B6_vs_A3":0.5,"B7_vs_A1":0.997698504027618,"B7_vs_A2":0.5,"B7_vs_A3":0.5,"B8_vs_A1":0.997698504027618,"B8_vs_A2":0.5,"B8_vs_A3":0.5,"B9_vs_A1":0.997698504027618,"B9_vs_A2":0.5,"B9_vs_A3":0.5},"repair_runtimes_ms":{"A1":219,"A2":1100,"A3":609,"B1":155,"B2":2445,"B3":1259,"B4":48,"B5":1810,"B6":478,"B7":72,"B8":1062,"B9":270}}

--- stderr ---
SingleTrialExperiment starting: ontology=/workspaces/ontologyutils-ekaw26/repair-power-index-replication-ekaw26/ontologies/inconsistent/PTRANS.owl, seed=142068, run_id=20260624134028346645
Loaded ontology.
Normalizing ontology with SROIQ normalization...
Normalized ontology with SROIQ normalization.
Ontology is already inconsistent, skipping make-inconsistent step.
Repairing with A1 (random-removal)...
[2026-06-26 09:33:53.270] Checking precondition...
[2026-06-26 09:33:53.284] Starting the repair...
[2026-06-26 09:33:53.291] Found 127 possible bad axioms.
[2026-06-26 09:33:53.292] Selected the bad axiom SubClassOf(http://purl.obolibrary.org/obo/TRANS_0000011 http://purl.obolibrary.org/obo/TRANS_0000010).
[2026-06-26 09:33:53.297] Found 126 possible bad axioms.
[2026-06-26 09:33:53.297] Selected the bad axiom SubClassOf(http://purl.obolibrary.org/obo/TRANS_0000021 http://purl.obolibrary.org/obo/TRANS_0000020).
[2026-06-26 09:33:53.300] Found 125 possible bad axioms.
[2026-06-26 09:33:53.300] Selected the bad axiom SubClassOf(http://purl.obolibrary.org/obo/TRANS_0000025 http://purl.obolibrary.org/obo/TRANS_0000003).
[2026-06-26 09:33:53.304] Found 124 possible bad axioms.
[2026-06-26 09:33:53.304] Selected the bad axiom SubClassOf(http://purl.obolibrary.org/obo/TRANS_0000029 http://purl.obolibrary.org/obo/TRANS_0000010).
[2026-06-26 09:33:53.306] Found 123 possible bad axioms.
[2026-06-26 09:33:53.306] Selected the bad axiom SubClassOf(http://purl.obolibrary.org/obo/TRANS_0000006 http://purl.obolibrary.org/obo/TRANS_0000007).
[2026-06-26 09:33:53.309] Found 122 possible bad axioms.
[2026-06-26 09:33:53.309] Selected the bad axiom SubClassOf(http://purl.obolibrary.org/obo/TRANS_0000026 http://purl.obolibrary.org/obo/TRANS_0000010).
[2026-06-26 09:33:53.312] Found 121 possible bad axioms.
[2026-06-26 09:33:53.312] Selected the bad axiom SubClassOf(http://purl.obolibrary.org/obo/TRANS_0000020 http://purl.obolibrary.org/obo/TRANS_0000024).
[2026-06-26 09:33:53.314] Found 120 possible bad axioms.
[2026-06-26 09:33:53.315] Selected the bad axiom SubClassOf(http://purl.obolibrary.org/obo/TRANS_0000034 http://purl.obolibrary.org/obo/TRANS_0000026).
[2026-06-26 09:33:53.321] Found 119 possible bad axioms.
[2026-06-26 09:33:53.321] Selected the bad axiom SubClassOf(http://purl.obolibrary.org/obo/TRANS_0000015 http://purl.obolibrary.org/obo/TRANS_0000012).
[2026-06-26 09:33:53.324] Found 118 possible bad axioms.
[2026-06-26 09:33:53.324] Selected the bad axiom SubClassOf(http://purl.obolibrary.org/obo/TRANS_0000002 http://purl.obolibrary.org/obo/TRANS_0000007).
[2026-06-26 09:33:53.327] Found 117 possible bad axioms.
[2026-06-26 09:33:53.327] Selected the bad axiom SubClassOf(http://purl.obolibrary.org/obo/TRANS_0000001 http://purl.obolibrary.org/obo/TRANS_0000008).
[2026-06-26 09:33:53.334] Found 116 possible bad axioms.
[2026-06-26 09:33:53.334] Selected the bad axiom SubClassOf(http://purl.obolibrary.org/obo/TRANS_0000029 http://purl.obolibrary.org/obo/TR
...[truncated]
SUCCESS: attempt=11 seed=142068 success_count=11/100
progress: ontology=PTRANS attempt=11 success=11/100
----- PTRANS attempt=12 seed=156268 at 2026-06-26 09:34:03 -----
--- stdout ---
{"seed":156268,"run_id":"20260624134028346645","trial_status":"success","error_type":null,"failure_stage":null,"error_message":null,"iic_values":{"B1_vs_A1":1.0,"B1_vs_A2":0.015625,"B1_vs_A3":0.3402061855670103,"B2_vs_A1":1.0,"B2_vs_A2":0.5,"B2_vs_A3":0.9696969696969697,"B3_vs_A1":1.0,"B3_vs_A2":0.5,"B3_vs_A3":0.9696969696969697,"B4_vs_A1":1.0,"B4_vs_A2":0.5,"B4_vs_A3":0.9696969696969697,"B5_vs_A1":1.0,"B5_vs_A2":0.5,"B5_vs_A3":0.9696969696969697,"B6_vs_A1":1.0,"B6_vs_A2":0.5,"B6_vs_A3":0.9696969696969697,"B7_vs_A1":1.0,"B7_vs_A2":0.5,"B7_vs_A3":0.9696969696969697,"B8_vs_A1":1.0,"B8_vs_A2":0.5,"B8_vs_A3":0.9696969696969697,"B9_vs_A1":1.0,"B9_vs_A2":0.5,"B9_vs_A3":0.9696969696969697},"repair_runtimes_ms":{"A1":139,"A2":1145,"A3":403,"B1":322,"B2":1562,"B3":1275,"B4":37,"B5":1660,"B6":1167,"B7":79,"B8":1063,"B9":1067}}

--- stderr ---
SingleTrialExperiment starting: ontology=/workspaces/ontologyutils-ekaw26/repair-power-index-replication-ekaw26/ontologies/inconsistent/PTRANS.owl, seed=156268, run_id=20260624134028346645
Loaded ontology.
Normalizing ontology with SROIQ normalization...
Normalized ontology with SROIQ normalization.
Ontology is already inconsistent, skipping make-inconsistent step.
Repairing with A1 (random-removal)...
[2026-06-26 09:34:03.424] Checking precondition...
[2026-06-26 09:34:03.439] Starting the repair...
[2026-06-26 09:34:03.446] Found 127 possible bad axioms.
[2026-06-26 09:34:03.447] Selected the bad axiom SubClassOf(http://purl.obolibrary.org/obo/TRANS_0000015 http://purl.obolibrary.org/obo/TRANS_0000009).
[2026-06-26 09:34:03.451] Found 126 possible bad axioms.
[2026-06-26 09:34:03.452] Selected the bad axiom SubClassOf(http://purl.obolibrary.org/obo/TRANS_0000025 http://purl.obolibrary.org/obo/TRANS_0000019).
[2026-06-26 09:34:03.455] Found 125 possible bad axioms.
[2026-06-26 09:34:03.455] Selected the bad axiom SubClassOf(http://purl.obolibrary.org/obo/TRANS_0000006 http://purl.obolibrary.org/obo/TRANS_0000001).
[2026-06-26 09:34:03.458] Found 124 possible bad axioms.
[2026-06-26 09:34:03.459] Selected the bad axiom SubClassOf(http://purl.obolibrary.org/obo/TRANS_0000001 http://purl.obolibrary.org/obo/TRANS_0000002).
[2026-06-26 09:34:03.461] Found 123 possible bad axioms.
[2026-06-26 09:34:03.462] Selected the bad axiom SubClassOf(http://purl.obolibrary.org/obo/TRANS_0000014 http://purl.obolibrary.org/obo/TRANS_0000025).
[2026-06-26 09:34:03.464] Found 122 possible bad axioms.
[2026-06-26 09:34:03.464] Selected the bad axiom SubClassOf(http://purl.obolibrary.org/obo/TRANS_0000034 http://purl.obolibrary.org/obo/TRANS_0000029).
[2026-06-26 09:34:03.467] Found 121 possible bad axioms.
[2026-06-26 09:34:03.467] Selected the bad axiom SubClassOf(http://purl.obolibrary.org/obo/TRANS_0000029 http://purl.obolibrary.org/obo/TRANS_0000012).
[2026-06-26 09:34:03.470] Found 120 possible bad axioms.
[2026-06-26 09:34:03.470] Selected the bad axiom SubClassOf(http://purl.obolibrary.org/obo/TRANS_0000032 http://purl.obolibrary.org/obo/TRANS_0000015).
[2026-06-26 09:34:03.476] Found 119 possible bad axioms.
[2026-06-26 09:34:03.476] Selected the bad axiom SubClassOf(http://purl.obolibrary.org/obo/TRANS_0000005 http://purl.obolibrary.org/obo/TRANS_0000022).
[2026-06-26 09:34:03.479] Found 118 possible bad axioms.
[2026-06-26 09:34:03.479] Selected the bad axiom SubClassOf(http://purl.obolibrary.org/obo/TRANS_0000015 http://purl.obolibrary.org/obo/TRANS_0000029).
[2026-06-26 09:34:03.481] Found 117 possible bad axioms.
[2026-06-26 09:34:03.482] Selected the bad axiom SubClassOf(http://purl.obolibrary.org/obo/TRANS_0000034 http://purl.obolibrary.org/obo/TRANS_0000026).
[2026-06-26 09:34:03.489] Found 116 possible bad axioms.
[2026-06-26 09:34:03.489] Selected the bad axiom SubClassOf(http://purl.obolibrary.org/obo/TRANS_0000007 http://purl.obolibrary.org/obo/TR
...[truncated]
SUCCESS: attempt=12 seed=156268 success_count=12/100
progress: ontology=PTRANS attempt=12 success=12/100
----- PTRANS attempt=13 seed=170468 at 2026-06-26 09:34:13 -----
--- stdout ---
{"seed":170468,"run_id":"20260624134028346645","trial_status":"success","error_type":null,"failure_stage":null,"error_message":null,"iic_values":{"B1_vs_A1":0.5,"B1_vs_A2":0.5,"B1_vs_A3":0.5,"B2_vs_A1":0.5,"B2_vs_A2":0.5,"B2_vs_A3":0.5,"B3_vs_A1":0.5,"B3_vs_A2":0.5,"B3_vs_A3":0.5,"B4_vs_A1":0.5,"B4_vs_A2":0.5,"B4_vs_A3":0.5,"B5_vs_A1":0.5,"B5_vs_A2":0.5,"B5_vs_A3":0.5,"B6_vs_A1":0.5,"B6_vs_A2":0.5,"B6_vs_A3":0.5,"B7_vs_A1":0.5,"B7_vs_A2":0.5,"B7_vs_A3":0.5,"B8_vs_A1":0.5,"B8_vs_A2":0.5,"B8_vs_A3":0.5,"B9_vs_A1":0.5,"B9_vs_A2":0.5,"B9_vs_A3":0.5},"repair_runtimes_ms":{"A1":46,"A2":1159,"A3":207,"B1":188,"B2":2278,"B3":1252,"B4":48,"B5":464,"B6":205,"B7":86,"B8":1082,"B9":1033}}

--- stderr ---
SingleTrialExperiment starting: ontology=/workspaces/ontologyutils-ekaw26/repair-power-index-replication-ekaw26/ontologies/inconsistent/PTRANS.owl, seed=170468, run_id=20260624134028346645
Loaded ontology.
Normalizing ontology with SROIQ normalization...
Normalized ontology with SROIQ normalization.
Ontology is already inconsistent, skipping make-inconsistent step.
Repairing with A1 (random-removal)...
[2026-06-26 09:34:13.860] Checking precondition...
[2026-06-26 09:34:13.873] Starting the repair...
[2026-06-26 09:34:13.880] Found 127 possible bad axioms.
[2026-06-26 09:34:13.881] Selected the bad axiom SubClassOf(http://purl.obolibrary.org/obo/TRANS_0000005 http://purl.obolibrary.org/obo/TRANS_0000002).
[2026-06-26 09:34:13.886] Found 126 possible bad axioms.
[2026-06-26 09:34:13.886] Selected the bad axiom SubClassOf(http://purl.obolibrary.org/obo/TRANS_0000001 http://purl.obolibrary.org/obo/TRANS_0000008).
[2026-06-26 09:34:13.889] Found 125 possible bad axioms.
[2026-06-26 09:34:13.890] Selected the bad axiom SubClassOf(http://purl.obolibrary.org/obo/TRANS_0000034 http://purl.obolibrary.org/obo/TRANS_0000012).
[2026-06-26 09:34:13.894] Found 124 possible bad axioms.
[2026-06-26 09:34:13.894] Selected the bad axiom SubClassOf(http://purl.obolibrary.org/obo/TRANS_0000025 http://purl.obolibrary.org/obo/TRANS_0000019).
[2026-06-26 09:34:13.896] Found 123 possible bad axioms.
[2026-06-26 09:34:13.896] Selected the bad axiom SubClassOf(http://purl.obolibrary.org/obo/TRANS_0000034 http://purl.obolibrary.org/obo/TRANS_0000013).
[2026-06-26 09:34:13.899] Found 122 possible bad axioms.
[2026-06-26 09:34:13.899] Selected the bad axiom SubClassOf(owl:Thing http://purl.obolibrary.org/obo/TRANS_0000008).
[2026-06-26 09:34:13.901] Finished repairing the ontology.
Repairing with A2 (not-in-largest-mcs-removal)...
[2026-06-26 09:34:13.902] Checking precondition...
[2026-06-26 09:34:13.911] Starting the repair...
[2026-06-26 09:34:15.061] Found 1 possible bad axioms.
[2026-06-26 09:34:15.061] Selected the bad axiom SubClassOf(owl:Thing http://purl.obolibrary.org/obo/TRANS_0000008).
[2026-06-26 09:34:15.061] Finished repairing the ontology.
Repairing with A3 (default-weakening)...
[2026-06-26 09:34:15.063] Checking precondition...
[2026-06-26 09:34:15.065] Starting the repair...
[2026-06-26 09:34:15.080] Selected a reference ontology with 156 axioms.
[2026-06-26 09:34:15.252] Selected the bad axiom SubClassOf(owl:Thing http://purl.obolibrary.org/obo/TRANS_0000008).
[2026-06-26 09:34:15.267] Selected the weaker axiom SubClassOf(http://purl.obolibrary.org/obo/TRANS_0000025 http://purl.obolibrary.org/obo/TRANS_0000008).
[2026-06-26 09:34:15.268] Finished repairing the ontology.
Repairing with B1 (bad-in_some_mus-weaker-random)...
[2026-06-26 09:34:15.269] Checking precondition...
[2026-06-26 09:34:15.270] Starting the repair...
[2026-06-26 09:34:15.277] Selected a reference ontology with 158 axioms.
[2026-06-26 09:34:15.449] Selected the bad axiom SubClassOf(owl:
...[truncated]
SUCCESS: attempt=13 seed=170468 success_count=13/100
progress: ontology=PTRANS attempt=13 success=13/100
----- PTRANS attempt=14 seed=184668 at 2026-06-26 09:34:22 -----
--- stdout ---
{"seed":184668,"run_id":"20260624134028346645","trial_status":"success","error_type":null,"failure_stage":null,"error_message":null,"iic_values":{"B1_vs_A1":1.0,"B1_vs_A2":0.030303030303030304,"B1_vs_A3":0.030303030303030304,"B2_vs_A1":1.0,"B2_vs_A2":0.5,"B2_vs_A3":0.5,"B3_vs_A1":1.0,"B3_vs_A2":0.5,"B3_vs_A3":0.5,"B4_vs_A1":1.0,"B4_vs_A2":0.5,"B4_vs_A3":0.5,"B5_vs_A1":1.0,"B5_vs_A2":0.5,"B5_vs_A3":0.5,"B6_vs_A1":1.0,"B6_vs_A2":0.5,"B6_vs_A3":0.5,"B7_vs_A1":1.0,"B7_vs_A2":0.5,"B7_vs_A3":0.5,"B8_vs_A1":1.0,"B8_vs_A2":0.5,"B8_vs_A3":0.5,"B9_vs_A1":1.0,"B9_vs_A2":0.5,"B9_vs_A3":0.5},"repair_runtimes_ms":{"A1":153,"A2":1148,"A3":220,"B1":405,"B2":1569,"B3":1210,"B4":49,"B5":1371,"B6":1047,"B7":70,"B8":1145,"B9":966}}

--- stderr ---
SingleTrialExperiment starting: ontology=/workspaces/ontologyutils-ekaw26/repair-power-index-replication-ekaw26/ontologies/inconsistent/PTRANS.owl, seed=184668, run_id=20260624134028346645
Loaded ontology.
Normalizing ontology with SROIQ normalization...
Normalized ontology with SROIQ normalization.
Ontology is already inconsistent, skipping make-inconsistent step.
Repairing with A1 (random-removal)...
[2026-06-26 09:34:22.380] Checking precondition...
[2026-06-26 09:34:22.396] Starting the repair...
[2026-06-26 09:34:22.403] Found 127 possible bad axioms.
[2026-06-26 09:34:22.404] Selected the bad axiom SubClassOf(http://purl.obolibrary.org/obo/TRANS_0000009 http://purl.obolibrary.org/obo/TRANS_0000002).
[2026-06-26 09:34:22.409] Found 126 possible bad axioms.
[2026-06-26 09:34:22.409] Selected the bad axiom SubClassOf(http://purl.obolibrary.org/obo/TRANS_0000000 http://purl.obolibrary.org/obo/TRANS_0000001).
[2026-06-26 09:34:22.412] Found 125 possible bad axioms.
[2026-06-26 09:34:22.412] Selected the bad axiom SubClassOf(http://purl.obolibrary.org/obo/TRANS_0000028 http://purl.obolibrary.org/obo/TRANS_0000012).
[2026-06-26 09:34:22.416] Found 124 possible bad axioms.
[2026-06-26 09:34:22.416] Selected the bad axiom SubClassOf(http://purl.obolibrary.org/obo/TRANS_0000025 http://purl.obolibrary.org/obo/TRANS_0000011).
[2026-06-26 09:34:22.418] Found 123 possible bad axioms.
[2026-06-26 09:34:22.418] Selected the bad axiom SubClassOf(http://purl.obolibrary.org/obo/TRANS_0000015 http://purl.obolibrary.org/obo/TRANS_0000026).
[2026-06-26 09:34:22.421] Found 122 possible bad axioms.
[2026-06-26 09:34:22.421] Selected the bad axiom SubClassOf(http://purl.obolibrary.org/obo/TRANS_0000027 owl:Nothing).
[2026-06-26 09:34:22.424] Found 121 possible bad axioms.
[2026-06-26 09:34:22.424] Selected the bad axiom SubClassOf(http://purl.obolibrary.org/obo/TRANS_0000011 http://purl.obolibrary.org/obo/TRANS_0000010).
[2026-06-26 09:34:22.427] Found 120 possible bad axioms.
[2026-06-26 09:34:22.427] Selected the bad axiom SubClassOf(http://purl.obolibrary.org/obo/TRANS_0000030 http://purl.obolibrary.org/obo/TRANS_0000015).
[2026-06-26 09:34:22.433] Found 119 possible bad axioms.
[2026-06-26 09:34:22.433] Selected the bad axiom SubClassOf(http://purl.obolibrary.org/obo/TRANS_0000015 http://purl.obolibrary.org/obo/TRANS_0000025).
[2026-06-26 09:34:22.436] Found 118 possible bad axioms.
[2026-06-26 09:34:22.436] Selected the bad axiom SubClassOf(http://purl.obolibrary.org/obo/TRANS_0000001 http://purl.obolibrary.org/obo/TRANS_0000002).
[2026-06-26 09:34:22.438] Found 117 possible bad axioms.
[2026-06-26 09:34:22.439] Selected the bad axiom SubClassOf(http://purl.obolibrary.org/obo/TRANS_0000029 http://purl.obolibrary.org/obo/TRANS_0000012).
[2026-06-26 09:34:22.445] Found 116 possible bad axioms.
[2026-06-26 09:34:22.445] Selected the bad axiom SubClassOf(http://purl.obolibrary.org/obo/TRANS_0000025 http://purl.obolibrary.org/obo/TRANS_0000014).
[2026-06-26 09:34:2
...[truncated]
SUCCESS: attempt=14 seed=184668 success_count=14/100
progress: ontology=PTRANS attempt=14 success=14/100
----- PTRANS attempt=15 seed=198868 at 2026-06-26 09:34:31 -----
--- stdout ---
{"seed":198868,"run_id":"20260624134028346645","trial_status":"success","error_type":null,"failure_stage":null,"error_message":null,"iic_values":{"B1_vs_A1":0.9907692307692307,"B1_vs_A2":0.5,"B1_vs_A3":0.984375,"B2_vs_A1":0.9907692307692307,"B2_vs_A2":0.5,"B2_vs_A3":0.984375,"B3_vs_A1":0.9907692307692307,"B3_vs_A2":0.5,"B3_vs_A3":0.984375,"B4_vs_A1":0.9907692307692307,"B4_vs_A2":0.5,"B4_vs_A3":0.984375,"B5_vs_A1":0.9907692307692307,"B5_vs_A2":0.5,"B5_vs_A3":0.984375,"B6_vs_A1":0.9907692307692307,"B6_vs_A2":0.5,"B6_vs_A3":0.984375,"B7_vs_A1":0.9907692307692307,"B7_vs_A2":0.5,"B7_vs_A3":0.984375,"B8_vs_A1":0.9907692307692307,"B8_vs_A2":0.5,"B8_vs_A3":0.984375,"B9_vs_A1":0.9907692307692307,"B9_vs_A2":0.5,"B9_vs_A3":0.984375},"repair_runtimes_ms":{"A1":175,"A2":1070,"A3":774,"B1":179,"B2":1589,"B3":759,"B4":69,"B5":1674,"B6":990,"B7":88,"B8":402,"B9":377}}

--- stderr ---
SingleTrialExperiment starting: ontology=/workspaces/ontologyutils-ekaw26/repair-power-index-replication-ekaw26/ontologies/inconsistent/PTRANS.owl, seed=198868, run_id=20260624134028346645
Loaded ontology.
Normalizing ontology with SROIQ normalization...
Normalized ontology with SROIQ normalization.
Ontology is already inconsistent, skipping make-inconsistent step.
Repairing with A1 (random-removal)...
[2026-06-26 09:34:32.232] Checking precondition...
[2026-06-26 09:34:32.247] Starting the repair...
[2026-06-26 09:34:32.254] Found 127 possible bad axioms.
[2026-06-26 09:34:32.255] Selected the bad axiom SubClassOf(http://purl.obolibrary.org/obo/TRANS_0000002 http://purl.obolibrary.org/obo/TRANS_0000007).
[2026-06-26 09:34:32.259] Found 126 possible bad axioms.
[2026-06-26 09:34:32.260] Selected the bad axiom SubClassOf(http://purl.obolibrary.org/obo/TRANS_0000025 http://purl.obolibrary.org/obo/TRANS_0000014).
[2026-06-26 09:34:32.263] Found 125 possible bad axioms.
[2026-06-26 09:34:32.263] Selected the bad axiom SubClassOf(http://purl.obolibrary.org/obo/TRANS_0000028 http://purl.obolibrary.org/obo/TRANS_0000010).
[2026-06-26 09:34:32.267] Found 124 possible bad axioms.
[2026-06-26 09:34:32.267] Selected the bad axiom SubClassOf(http://purl.obolibrary.org/obo/TRANS_0000015 http://purl.obolibrary.org/obo/TRANS_0000009).
[2026-06-26 09:34:32.270] Found 123 possible bad axioms.
[2026-06-26 09:34:32.270] Selected the bad axiom SubClassOf(http://purl.obolibrary.org/obo/TRANS_0000021 http://purl.obolibrary.org/obo/TRANS_0000020).
[2026-06-26 09:34:32.273] Found 122 possible bad axioms.
[2026-06-26 09:34:32.273] Selected the bad axiom SubClassOf(http://purl.obolibrary.org/obo/TRANS_0000027 http://purl.obolibrary.org/obo/TRANS_0000023).
[2026-06-26 09:34:32.275] Found 121 possible bad axioms.
[2026-06-26 09:34:32.276] Selected the bad axiom SubClassOf(http://purl.obolibrary.org/obo/TRANS_0000026 http://purl.obolibrary.org/obo/TRANS_0000025).
[2026-06-26 09:34:32.278] Found 120 possible bad axioms.
[2026-06-26 09:34:32.278] Selected the bad axiom SubClassOf(http://purl.obolibrary.org/obo/TRANS_0000015 http://purl.obolibrary.org/obo/TRANS_0000013).
[2026-06-26 09:34:32.285] Found 119 possible bad axioms.
[2026-06-26 09:34:32.285] Selected the bad axiom SubClassOf(http://purl.obolibrary.org/obo/TRANS_0000021 owl:Nothing).
[2026-06-26 09:34:32.288] Found 118 possible bad axioms.
[2026-06-26 09:34:32.288] Selected the bad axiom SubClassOf(http://purl.obolibrary.org/obo/TRANS_0000033 http://purl.obolibrary.org/obo/TRANS_0000027).
[2026-06-26 09:34:32.290] Found 117 possible bad axioms.
[2026-06-26 09:34:32.291] Selected the bad axiom SubClassOf(http://purl.obolibrary.org/obo/TRANS_0000002 http://purl.obolibrary.org/obo/TRANS_0000000).
[2026-06-26 09:34:32.297] Found 116 possible bad axioms.
[2026-06-26 09:34:32.298] Selected the bad axiom SubClassOf(http://purl.obolibrary.org/obo/TRANS_0000012 http://purl.obolibrary.org/obo/TRANS_0000027).
[2026-06-26 09:34:3
...[truncated]
SUCCESS: attempt=15 seed=198868 success_count=15/100
progress: ontology=PTRANS attempt=15 success=15/100
----- PTRANS attempt=16 seed=213068 at 2026-06-26 09:34:41 -----
--- stdout ---
{"seed":213068,"run_id":"20260624134028346645","trial_status":"success","error_type":null,"failure_stage":null,"error_message":null,"iic_values":{"B1_vs_A1":1.0,"B1_vs_A2":0.5,"B1_vs_A3":0.5,"B2_vs_A1":1.0,"B2_vs_A2":0.5,"B2_vs_A3":0.5,"B3_vs_A1":1.0,"B3_vs_A2":0.5,"B3_vs_A3":0.5,"B4_vs_A1":1.0,"B4_vs_A2":0.5,"B4_vs_A3":0.5,"B5_vs_A1":1.0,"B5_vs_A2":0.5,"B5_vs_A3":0.5,"B6_vs_A1":1.0,"B6_vs_A2":0.5,"B6_vs_A3":0.5,"B7_vs_A1":1.0,"B7_vs_A2":0.5,"B7_vs_A3":0.5,"B8_vs_A1":1.0,"B8_vs_A2":0.5,"B8_vs_A3":0.5,"B9_vs_A1":1.0,"B9_vs_A2":0.5,"B9_vs_A3":0.5},"repair_runtimes_ms":{"A1":175,"A2":1103,"A3":201,"B1":181,"B2":2073,"B3":726,"B4":49,"B5":370,"B6":1063,"B7":94,"B8":274,"B9":1213}}

--- stderr ---
SingleTrialExperiment starting: ontology=/workspaces/ontologyutils-ekaw26/repair-power-index-replication-ekaw26/ontologies/inconsistent/PTRANS.owl, seed=213068, run_id=20260624134028346645
Loaded ontology.
Normalizing ontology with SROIQ normalization...
Normalized ontology with SROIQ normalization.
Ontology is already inconsistent, skipping make-inconsistent step.
Repairing with A1 (random-removal)...
[2026-06-26 09:34:41.706] Checking precondition...
[2026-06-26 09:34:41.720] Starting the repair...
[2026-06-26 09:34:41.727] Found 127 possible bad axioms.
[2026-06-26 09:34:41.729] Selected the bad axiom SubClassOf(http://purl.obolibrary.org/obo/TRANS_0000028 http://purl.obolibrary.org/obo/TRANS_0000013).
[2026-06-26 09:34:41.735] Found 126 possible bad axioms.
[2026-06-26 09:34:41.735] Selected the bad axiom SubClassOf(http://purl.obolibrary.org/obo/TRANS_0000002 http://purl.obolibrary.org/obo/TRANS_0000000).
[2026-06-26 09:34:41.741] Found 125 possible bad axioms.
[2026-06-26 09:34:41.741] Selected the bad axiom SubClassOf(http://purl.obolibrary.org/obo/TRANS_0000026 http://purl.obolibrary.org/obo/TRANS_0000011).
[2026-06-26 09:34:41.745] Found 124 possible bad axioms.
[2026-06-26 09:34:41.745] Selected the bad axiom SubClassOf(http://purl.obolibrary.org/obo/TRANS_0000015 http://purl.obolibrary.org/obo/TRANS_0000019).
[2026-06-26 09:34:41.748] Found 123 possible bad axioms.
[2026-06-26 09:34:41.748] Selected the bad axiom SubClassOf(http://purl.obolibrary.org/obo/TRANS_0000025 http://purl.obolibrary.org/obo/TRANS_0000009).
[2026-06-26 09:34:41.751] Found 122 possible bad axioms.
[2026-06-26 09:34:41.752] Selected the bad axiom SubClassOf(http://purl.obolibrary.org/obo/TRANS_0000025 http://purl.obolibrary.org/obo/TRANS_0000013).
[2026-06-26 09:34:41.754] Found 121 possible bad axioms.
[2026-06-26 09:34:41.755] Selected the bad axiom SubClassOf(http://purl.obolibrary.org/obo/TRANS_0000000 http://purl.obolibrary.org/obo/TRANS_0000001).
[2026-06-26 09:34:41.757] Found 120 possible bad axioms.
[2026-06-26 09:34:41.757] Selected the bad axiom SubClassOf(http://purl.obolibrary.org/obo/TRANS_0000003 http://purl.obolibrary.org/obo/TRANS_0000025).
[2026-06-26 09:34:41.770] Found 119 possible bad axioms.
[2026-06-26 09:34:41.770] Selected the bad axiom SubClassOf(http://purl.obolibrary.org/obo/TRANS_0000007 http://purl.obolibrary.org/obo/TRANS_0000008).
[2026-06-26 09:34:41.773] Found 118 possible bad axioms.
[2026-06-26 09:34:41.773] Selected the bad axiom SubClassOf(http://purl.obolibrary.org/obo/TRANS_0000034 http://purl.obolibrary.org/obo/TRANS_0000011).
[2026-06-26 09:34:41.776] Found 117 possible bad axioms.
[2026-06-26 09:34:41.776] Selected the bad axiom SubClassOf(http://purl.obolibrary.org/obo/TRANS_0000031 http://purl.obolibrary.org/obo/TRANS_0000026).
[2026-06-26 09:34:41.784] Found 116 possible bad axioms.
[2026-06-26 09:34:41.784] Selected the bad axiom SubClassOf(http://purl.obolibrary.org/obo/TRANS_0000034 http://purl.obolibrary.org/obo/TR
...[truncated]
SUCCESS: attempt=16 seed=213068 success_count=16/100
progress: ontology=PTRANS attempt=16 success=16/100
----- PTRANS attempt=17 seed=227268 at 2026-06-26 09:34:49 -----
--- stdout ---
{"seed":227268,"run_id":"20260624134028346645","trial_status":"success","error_type":null,"failure_stage":null,"error_message":null,"iic_values":{"B1_vs_A1":1.0,"B1_vs_A2":0.5,"B1_vs_A3":0.5,"B2_vs_A1":1.0,"B2_vs_A2":0.5,"B2_vs_A3":0.5,"B3_vs_A1":1.0,"B3_vs_A2":0.5,"B3_vs_A3":0.5,"B4_vs_A1":1.0,"B4_vs_A2":0.5,"B4_vs_A3":0.5,"B5_vs_A1":1.0,"B5_vs_A2":0.5,"B5_vs_A3":0.5,"B6_vs_A1":1.0,"B6_vs_A2":0.5,"B6_vs_A3":0.5,"B7_vs_A1":1.0,"B7_vs_A2":0.5,"B7_vs_A3":0.5,"B8_vs_A1":1.0,"B8_vs_A2":0.5,"B8_vs_A3":0.5,"B9_vs_A1":1.0,"B9_vs_A2":0.5,"B9_vs_A3":0.5},"repair_runtimes_ms":{"A1":164,"A2":1099,"A3":412,"B1":347,"B2":2244,"B3":397,"B4":40,"B5":441,"B6":1074,"B7":87,"B8":461,"B9":1173}}

--- stderr ---
SingleTrialExperiment starting: ontology=/workspaces/ontologyutils-ekaw26/repair-power-index-replication-ekaw26/ontologies/inconsistent/PTRANS.owl, seed=227268, run_id=20260624134028346645
Loaded ontology.
Normalizing ontology with SROIQ normalization...
Normalized ontology with SROIQ normalization.
Ontology is already inconsistent, skipping make-inconsistent step.
Repairing with A1 (random-removal)...
[2026-06-26 09:34:50.114] Checking precondition...
[2026-06-26 09:34:50.130] Starting the repair...
[2026-06-26 09:34:50.136] Found 127 possible bad axioms.
[2026-06-26 09:34:50.138] Selected the bad axiom SubClassOf(http://purl.obolibrary.org/obo/TRANS_0000023 http://purl.obolibrary.org/obo/TRANS_0000021).
[2026-06-26 09:34:50.143] Found 126 possible bad axioms.
[2026-06-26 09:34:50.144] Selected the bad axiom SubClassOf(http://purl.obolibrary.org/obo/TRANS_0000025 http://purl.obolibrary.org/obo/TRANS_0000005).
[2026-06-26 09:34:50.148] Found 125 possible bad axioms.
[2026-06-26 09:34:50.149] Selected the bad axiom SubClassOf(http://purl.obolibrary.org/obo/TRANS_0000028 http://purl.obolibrary.org/obo/TRANS_0000013).
[2026-06-26 09:34:50.152] Found 124 possible bad axioms.
[2026-06-26 09:34:50.152] Selected the bad axiom SubClassOf(http://purl.obolibrary.org/obo/TRANS_0000026 http://purl.obolibrary.org/obo/TRANS_0000010).
[2026-06-26 09:34:50.155] Found 123 possible bad axioms.
[2026-06-26 09:34:50.155] Selected the bad axiom SubClassOf(http://purl.obolibrary.org/obo/TRANS_0000027 http://purl.obolibrary.org/obo/TRANS_0000020).
[2026-06-26 09:34:50.158] Found 122 possible bad axioms.
[2026-06-26 09:34:50.158] Selected the bad axiom SubClassOf(http://purl.obolibrary.org/obo/TRANS_0000034 http://purl.obolibrary.org/obo/TRANS_0000032).
[2026-06-26 09:34:50.160] Found 121 possible bad axioms.
[2026-06-26 09:34:50.160] Selected the bad axiom SubClassOf(http://purl.obolibrary.org/obo/TRANS_0000002 http://purl.obolibrary.org/obo/TRANS_0000019).
[2026-06-26 09:34:50.163] Found 120 possible bad axioms.
[2026-06-26 09:34:50.163] Selected the bad axiom SubClassOf(http://purl.obolibrary.org/obo/TRANS_0000019 http://purl.obolibrary.org/obo/TRANS_0000005).
[2026-06-26 09:34:50.170] Found 119 possible bad axioms.
[2026-06-26 09:34:50.170] Selected the bad axiom SubClassOf(http://purl.obolibrary.org/obo/TRANS_0000002 http://purl.obolibrary.org/obo/TRANS_0000000).
[2026-06-26 09:34:50.172] Found 118 possible bad axioms.
[2026-06-26 09:34:50.173] Selected the bad axiom SubClassOf(http://purl.obolibrary.org/obo/TRANS_0000032 http://purl.obolibrary.org/obo/TRANS_0000015).
[2026-06-26 09:34:50.176] Found 117 possible bad axioms.
[2026-06-26 09:34:50.176] Selected the bad axiom SubClassOf(http://purl.obolibrary.org/obo/TRANS_0000021 http://purl.obolibrary.org/obo/TRANS_0000020).
[2026-06-26 09:34:50.183] Found 116 possible bad axioms.
[2026-06-26 09:34:50.183] Selected the bad axiom SubClassOf(http://purl.obolibrary.org/obo/TRANS_0000020 http://purl.obolibrary.org/obo/TR
...[truncated]
SUCCESS: attempt=17 seed=227268 success_count=17/100
progress: ontology=PTRANS attempt=17 success=17/100
----- PTRANS attempt=18 seed=241468 at 2026-06-26 09:34:58 -----
--- stdout ---
{"seed":241468,"run_id":"20260624134028346645","trial_status":"success","error_type":null,"failure_stage":null,"error_message":null,"iic_values":{"B1_vs_A1":0.9666666666666667,"B1_vs_A2":0.5,"B1_vs_A3":0.5,"B2_vs_A1":0.9666666666666667,"B2_vs_A2":0.5,"B2_vs_A3":0.5,"B3_vs_A1":0.9666666666666667,"B3_vs_A2":0.5,"B3_vs_A3":0.5,"B4_vs_A1":0.9666666666666667,"B4_vs_A2":0.5,"B4_vs_A3":0.5,"B5_vs_A1":0.9666666666666667,"B5_vs_A2":0.5,"B5_vs_A3":0.5,"B6_vs_A1":0.9666666666666667,"B6_vs_A2":0.5,"B6_vs_A3":0.5,"B7_vs_A1":0.9666666666666667,"B7_vs_A2":0.5,"B7_vs_A3":0.5,"B8_vs_A1":0.9666666666666667,"B8_vs_A2":0.5,"B8_vs_A3":0.5,"B9_vs_A1":0.9666666666666667,"B9_vs_A2":0.5,"B9_vs_A3":0.5},"repair_runtimes_ms":{"A1":209,"A2":1107,"A3":196,"B1":424,"B2":2120,"B3":1205,"B4":57,"B5":411,"B6":921,"B7":72,"B8":1691,"B9":342}}

--- stderr ---
SingleTrialExperiment starting: ontology=/workspaces/ontologyutils-ekaw26/repair-power-index-replication-ekaw26/ontologies/inconsistent/PTRANS.owl, seed=241468, run_id=20260624134028346645
Loaded ontology.
Normalizing ontology with SROIQ normalization...
Normalized ontology with SROIQ normalization.
Ontology is already inconsistent, skipping make-inconsistent step.
Repairing with A1 (random-removal)...
[2026-06-26 09:34:59.092] Checking precondition...
[2026-06-26 09:34:59.105] Starting the repair...
[2026-06-26 09:34:59.111] Found 127 possible bad axioms.
[2026-06-26 09:34:59.113] Selected the bad axiom SubClassOf(http://purl.obolibrary.org/obo/TRANS_0000027 http://purl.obolibrary.org/obo/TRANS_0000021).
[2026-06-26 09:34:59.117] Found 126 possible bad axioms.
[2026-06-26 09:34:59.117] Selected the bad axiom SubClassOf(http://purl.obolibrary.org/obo/TRANS_0000029 http://purl.obolibrary.org/obo/TRANS_0000027).
[2026-06-26 09:34:59.121] Found 125 possible bad axioms.
[2026-06-26 09:34:59.121] Selected the bad axiom SubClassOf(http://purl.obolibrary.org/obo/TRANS_0000002 http://purl.obolibrary.org/obo/TRANS_0000008).
[2026-06-26 09:34:59.125] Found 124 possible bad axioms.
[2026-06-26 09:34:59.125] Selected the bad axiom SubClassOf(http://purl.obolibrary.org/obo/TRANS_0000028 http://purl.obolibrary.org/obo/TRANS_0000015).
[2026-06-26 09:34:59.128] Found 123 possible bad axioms.
[2026-06-26 09:34:59.128] Selected the bad axiom SubClassOf(http://purl.obolibrary.org/obo/TRANS_0000029 http://purl.obolibrary.org/obo/TRANS_0000013).
[2026-06-26 09:34:59.134] Found 122 possible bad axioms.
[2026-06-26 09:34:59.135] Selected the bad axiom SubClassOf(http://purl.obolibrary.org/obo/TRANS_0000015 http://purl.obolibrary.org/obo/TRANS_0000011).
[2026-06-26 09:34:59.140] Found 121 possible bad axioms.
[2026-06-26 09:34:59.141] Selected the bad axiom SubClassOf(http://purl.obolibrary.org/obo/TRANS_0000019 http://purl.obolibrary.org/obo/TRANS_0000005).
[2026-06-26 09:34:59.143] Found 120 possible bad axioms.
[2026-06-26 09:34:59.144] Selected the bad axiom SubClassOf(http://purl.obolibrary.org/obo/TRANS_0000019 http://purl.obolibrary.org/obo/TRANS_0000015).
[2026-06-26 09:34:59.151] Found 119 possible bad axioms.
[2026-06-26 09:34:59.151] Selected the bad axiom SubClassOf(http://purl.obolibrary.org/obo/TRANS_0000015 http://purl.obolibrary.org/obo/TRANS_0000025).
[2026-06-26 09:34:59.153] Found 118 possible bad axioms.
[2026-06-26 09:34:59.153] Selected the bad axiom SubClassOf(http://purl.obolibrary.org/obo/TRANS_0000028 http://purl.obolibrary.org/obo/TRANS_0000010).
[2026-06-26 09:34:59.156] Found 117 possible bad axioms.
[2026-06-26 09:34:59.156] Selected the bad axiom SubClassOf(http://purl.obolibrary.org/obo/TRANS_0000033 http://purl.obolibrary.org/obo/TRANS_0000010).
[2026-06-26 09:34:59.164] Found 116 possible bad axioms.
[2026-06-26 09:34:59.164] Selected the bad axiom SubClassOf(http://purl.obolibrary.org/obo/TRANS_0000020 http://purl.obolibrary.org/obo/TR
...[truncated]
SUCCESS: attempt=18 seed=241468 success_count=18/100
progress: ontology=PTRANS attempt=18 success=18/100
----- PTRANS attempt=19 seed=255668 at 2026-06-26 09:35:07 -----
--- stdout ---
{"seed":255668,"run_id":"20260624134028346645","trial_status":"success","error_type":null,"failure_stage":null,"error_message":null,"iic_values":{"B1_vs_A1":0.9962825278810409,"B1_vs_A2":0.5,"B1_vs_A3":0.5,"B2_vs_A1":0.9962825278810409,"B2_vs_A2":0.5,"B2_vs_A3":0.5,"B3_vs_A1":0.9962825278810409,"B3_vs_A2":0.5,"B3_vs_A3":0.5,"B4_vs_A1":0.9962825278810409,"B4_vs_A2":0.5,"B4_vs_A3":0.5,"B5_vs_A1":0.9962825278810409,"B5_vs_A2":0.5,"B5_vs_A3":0.5,"B6_vs_A1":0.9962825278810409,"B6_vs_A2":0.5,"B6_vs_A3":0.5,"B7_vs_A1":0.9962825278810409,"B7_vs_A2":0.5,"B7_vs_A3":0.5,"B8_vs_A1":0.9962825278810409,"B8_vs_A2":0.5,"B8_vs_A3":0.5,"B9_vs_A1":0.9962825278810409,"B9_vs_A2":0.5,"B9_vs_A3":0.5},"repair_runtimes_ms":{"A1":166,"A2":1095,"A3":205,"B1":175,"B2":2234,"B3":1263,"B4":46,"B5":1674,"B6":1010,"B7":87,"B8":451,"B9":1069}}

--- stderr ---
SingleTrialExperiment starting: ontology=/workspaces/ontologyutils-ekaw26/repair-power-index-replication-ekaw26/ontologies/inconsistent/PTRANS.owl, seed=255668, run_id=20260624134028346645
Loaded ontology.
Normalizing ontology with SROIQ normalization...
Normalized ontology with SROIQ normalization.
Ontology is already inconsistent, skipping make-inconsistent step.
Repairing with A1 (random-removal)...
[2026-06-26 09:35:08.323] Checking precondition...
[2026-06-26 09:35:08.337] Starting the repair...
[2026-06-26 09:35:08.344] Found 127 possible bad axioms.
[2026-06-26 09:35:08.345] Selected the bad axiom SubClassOf(http://purl.obolibrary.org/obo/TRANS_0000021 http://purl.obolibrary.org/obo/TRANS_0000020).
[2026-06-26 09:35:08.350] Found 126 possible bad axioms.
[2026-06-26 09:35:08.351] Selected the bad axiom SubClassOf(http://purl.obolibrary.org/obo/TRANS_0000028 http://purl.obolibrary.org/obo/TRANS_0000012).
[2026-06-26 09:35:08.354] Found 125 possible bad axioms.
[2026-06-26 09:35:08.354] Selected the bad axiom SubClassOf(http://purl.obolibrary.org/obo/TRANS_0000020 http://purl.obolibrary.org/obo/TRANS_0000021).
[2026-06-26 09:35:08.358] Found 124 possible bad axioms.
[2026-06-26 09:35:08.358] Selected the bad axiom SubClassOf(http://purl.obolibrary.org/obo/TRANS_0000027 http://purl.obolibrary.org/obo/TRANS_0000021).
[2026-06-26 09:35:08.360] Found 123 possible bad axioms.
[2026-06-26 09:35:08.360] Selected the bad axiom SubClassOf(http://purl.obolibrary.org/obo/TRANS_0000000 http://purl.obolibrary.org/obo/TRANS_0000008).
[2026-06-26 09:35:08.363] Found 122 possible bad axioms.
[2026-06-26 09:35:08.363] Selected the bad axiom SubClassOf(http://purl.obolibrary.org/obo/TRANS_0000024 http://purl.obolibrary.org/obo/TRANS_0000027).
[2026-06-26 09:35:08.366] Found 121 possible bad axioms.
[2026-06-26 09:35:08.366] Selected the bad axiom SubClassOf(http://purl.obolibrary.org/obo/TRANS_0000034 http://purl.obolibrary.org/obo/TRANS_0000032).
[2026-06-26 09:35:08.369] Found 120 possible bad axioms.
[2026-06-26 09:35:08.369] Selected the bad axiom SubClassOf(http://purl.obolibrary.org/obo/TRANS_0000025 http://purl.obolibrary.org/obo/TRANS_0000012).
[2026-06-26 09:35:08.376] Found 119 possible bad axioms.
[2026-06-26 09:35:08.376] Selected the bad axiom SubClassOf(http://purl.obolibrary.org/obo/TRANS_0000001 http://purl.obolibrary.org/obo/TRANS_0000000).
[2026-06-26 09:35:08.379] Found 118 possible bad axioms.
[2026-06-26 09:35:08.379] Selected the bad axiom SubClassOf(http://purl.obolibrary.org/obo/TRANS_0000002 http://purl.obolibrary.org/obo/TRANS_0000008).
[2026-06-26 09:35:08.381] Found 117 possible bad axioms.
[2026-06-26 09:35:08.382] Selected the bad axiom SubClassOf(http://purl.obolibrary.org/obo/TRANS_0000002 http://purl.obolibrary.org/obo/TRANS_0000001).
[2026-06-26 09:35:08.389] Found 116 possible bad axioms.
[2026-06-26 09:35:08.389] Selected the bad axiom SubClassOf(http://purl.obolibrary.org/obo/TRANS_0000006 http://purl.obolibrary.org/obo/TR
...[truncated]
SUCCESS: attempt=19 seed=255668 success_count=19/100
progress: ontology=PTRANS attempt=19 success=19/100
----- PTRANS attempt=20 seed=269868 at 2026-06-26 09:35:17 -----
--- stdout ---
{"seed":269868,"run_id":"20260624134028346645","trial_status":"success","error_type":null,"failure_stage":null,"error_message":null,"iic_values":{"B1_vs_A1":0.9954128440366973,"B1_vs_A2":0.5,"B1_vs_A3":0.5,"B2_vs_A1":0.9954128440366973,"B2_vs_A2":0.5,"B2_vs_A3":0.5,"B3_vs_A1":0.9954128440366973,"B3_vs_A2":0.5,"B3_vs_A3":0.5,"B4_vs_A1":0.9954128440366973,"B4_vs_A2":0.5,"B4_vs_A3":0.5,"B5_vs_A1":0.9954128440366973,"B5_vs_A2":0.5,"B5_vs_A3":0.5,"B6_vs_A1":0.9954128440366973,"B6_vs_A2":0.5,"B6_vs_A3":0.5,"B7_vs_A1":0.9954128440366973,"B7_vs_A2":0.5,"B7_vs_A3":0.5,"B8_vs_A1":0.9954128440366973,"B8_vs_A2":0.5,"B8_vs_A3":0.5,"B9_vs_A1":0.9954128440366973,"B9_vs_A2":0.5,"B9_vs_A3":0.5},"repair_runtimes_ms":{"A1":163,"A2":1106,"A3":245,"B1":392,"B2":2259,"B3":1207,"B4":35,"B5":385,"B6":1022,"B7":72,"B8":1774,"B9":1237}}

--- stderr ---
SingleTrialExperiment starting: ontology=/workspaces/ontologyutils-ekaw26/repair-power-index-replication-ekaw26/ontologies/inconsistent/PTRANS.owl, seed=269868, run_id=20260624134028346645
Loaded ontology.
Normalizing ontology with SROIQ normalization...
Normalized ontology with SROIQ normalization.
Ontology is already inconsistent, skipping make-inconsistent step.
Repairing with A1 (random-removal)...
[2026-06-26 09:35:18.285] Checking precondition...
[2026-06-26 09:35:18.299] Starting the repair...
[2026-06-26 09:35:18.305] Found 127 possible bad axioms.
[2026-06-26 09:35:18.306] Selected the bad axiom SubClassOf(http://purl.obolibrary.org/obo/TRANS_0000020 http://purl.obolibrary.org/obo/TRANS_0000027).
[2026-06-26 09:35:18.311] Found 126 possible bad axioms.
[2026-06-26 09:35:18.311] Selected the bad axiom SubClassOf(http://purl.obolibrary.org/obo/TRANS_0000015 http://purl.obolibrary.org/obo/TRANS_0000014).
[2026-06-26 09:35:18.316] Found 125 possible bad axioms.
[2026-06-26 09:35:18.316] Selected the bad axiom SubClassOf(http://purl.obolibrary.org/obo/TRANS_0000011 http://purl.obolibrary.org/obo/TRANS_0000010).
[2026-06-26 09:35:18.319] Found 124 possible bad axioms.
[2026-06-26 09:35:18.320] Selected the bad axiom SubClassOf(http://purl.obolibrary.org/obo/TRANS_0000010 http://purl.obolibrary.org/obo/TRANS_0000002).
[2026-06-26 09:35:18.322] Found 123 possible bad axioms.
[2026-06-26 09:35:18.323] Selected the bad axiom SubClassOf(http://purl.obolibrary.org/obo/TRANS_0000001 http://purl.obolibrary.org/obo/TRANS_0000008).
[2026-06-26 09:35:18.325] Found 122 possible bad axioms.
[2026-06-26 09:35:18.325] Selected the bad axiom SubClassOf(http://purl.obolibrary.org/obo/TRANS_0000027 http://purl.obolibrary.org/obo/TRANS_0000019).
[2026-06-26 09:35:18.328] Found 121 possible bad axioms.
[2026-06-26 09:35:18.328] Selected the bad axiom SubClassOf(http://purl.obolibrary.org/obo/TRANS_0000025 http://purl.obolibrary.org/obo/TRANS_0000024).
[2026-06-26 09:35:18.331] Found 120 possible bad axioms.
[2026-06-26 09:35:18.331] Selected the bad axiom SubClassOf(http://purl.obolibrary.org/obo/TRANS_0000015 http://purl.obolibrary.org/obo/TRANS_0000003).
[2026-06-26 09:35:18.337] Found 119 possible bad axioms.
[2026-06-26 09:35:18.338] Selected the bad axiom SubClassOf(http://purl.obolibrary.org/obo/TRANS_0000029 http://purl.obolibrary.org/obo/TRANS_0000033).
[2026-06-26 09:35:18.340] Found 118 possible bad axioms.
[2026-06-26 09:35:18.340] Selected the bad axiom SubClassOf(http://purl.obolibrary.org/obo/TRANS_0000023 http://purl.obolibrary.org/obo/TRANS_0000021).
[2026-06-26 09:35:18.343] Found 117 possible bad axioms.
[2026-06-26 09:35:18.343] Selected the bad axiom SubClassOf(http://purl.obolibrary.org/obo/TRANS_0000034 http://purl.obolibrary.org/obo/TRANS_0000011).
[2026-06-26 09:35:18.351] Found 116 possible bad axioms.
[2026-06-26 09:35:18.351] Selected the bad axiom SubClassOf(http://purl.obolibrary.org/obo/TRANS_0000025 http://purl.obolibrary.org/obo/TR
...[truncated]
SUCCESS: attempt=20 seed=269868 success_count=20/100
progress: ontology=PTRANS attempt=20 success=20/100
----- PTRANS attempt=21 seed=284068 at 2026-06-26 09:35:29 -----
--- stdout ---
{"seed":284068,"run_id":"20260624134028346645","trial_status":"memory_limit_exceeded","error_type":"failure","failure_stage":"B8","error_message":"Repair failed: ExecutionException: java.lang.IllegalStateException: Could not find a weakening for axiom: ⊤ ⊑ TRANS_0000008","iic_values":{},"repair_runtimes_ms":{"A1":138,"A2":1104,"A3":587,"B1":715,"B2":2239,"B3":1121,"B4":41,"B5":1751,"B6":1073,"B7":69,"B8":1897}}

--- stderr ---
SingleTrialExperiment starting: ontology=/workspaces/ontologyutils-ekaw26/repair-power-index-replication-ekaw26/ontologies/inconsistent/PTRANS.owl, seed=284068, run_id=20260624134028346645
Loaded ontology.
Normalizing ontology with SROIQ normalization...
Normalized ontology with SROIQ normalization.
Ontology is already inconsistent, skipping make-inconsistent step.
Repairing with A1 (random-removal)...
[2026-06-26 09:35:29.478] Checking precondition...
[2026-06-26 09:35:29.494] Starting the repair...
[2026-06-26 09:35:29.500] Found 127 possible bad axioms.
[2026-06-26 09:35:29.501] Selected the bad axiom SubClassOf(http://purl.obolibrary.org/obo/TRANS_0000012 http://purl.obolibrary.org/obo/TRANS_0000010).
[2026-06-26 09:35:29.506] Found 126 possible bad axioms.
[2026-06-26 09:35:29.506] Selected the bad axiom SubClassOf(http://purl.obolibrary.org/obo/TRANS_0000029 http://purl.obolibrary.org/obo/TRANS_0000027).
[2026-06-26 09:35:29.509] Found 125 possible bad axioms.
[2026-06-26 09:35:29.509] Selected the bad axiom SubClassOf(http://purl.obolibrary.org/obo/TRANS_0000001 http://purl.obolibrary.org/obo/TRANS_0000007).
[2026-06-26 09:35:29.513] Found 124 possible bad axioms.
[2026-06-26 09:35:29.513] Selected the bad axiom SubClassOf(http://purl.obolibrary.org/obo/TRANS_0000005 http://purl.obolibrary.org/obo/TRANS_0000012).
[2026-06-26 09:35:29.516] Found 123 possible bad axioms.
[2026-06-26 09:35:29.516] Selected the bad axiom SubClassOf(http://purl.obolibrary.org/obo/TRANS_0000025 http://purl.obolibrary.org/obo/TRANS_0000009).
[2026-06-26 09:35:29.518] Found 122 possible bad axioms.
[2026-06-26 09:35:29.518] Selected the bad axiom SubClassOf(http://purl.obolibrary.org/obo/TRANS_0000020 http://purl.obolibrary.org/obo/TRANS_0000019).
[2026-06-26 09:35:29.521] Found 121 possible bad axioms.
[2026-06-26 09:35:29.521] Selected the bad axiom SubClassOf(http://purl.obolibrary.org/obo/TRANS_0000015 http://purl.obolibrary.org/obo/TRANS_0000025).
[2026-06-26 09:35:29.524] Found 120 possible bad axioms.
[2026-06-26 09:35:29.524] Selected the bad axiom SubClassOf(http://purl.obolibrary.org/obo/TRANS_0000027 http://purl.obolibrary.org/obo/TRANS_0000021).
[2026-06-26 09:35:29.530] Found 119 possible bad axioms.
[2026-06-26 09:35:29.530] Selected the bad axiom SubClassOf(http://purl.obolibrary.org/obo/TRANS_0000001 http://purl.obolibrary.org/obo/TRANS_0000008).
[2026-06-26 09:35:29.532] Found 118 possible bad axioms.
[2026-06-26 09:35:29.533] Selected the bad axiom SubClassOf(http://purl.obolibrary.org/obo/TRANS_0000025 http://purl.obolibrary.org/obo/TRANS_0000019).
[2026-06-26 09:35:29.535] Found 117 possible bad axioms.
[2026-06-26 09:35:29.536] Selected the bad axiom SubClassOf(http://purl.obolibrary.org/obo/TRANS_0000002 owl:Nothing).
[2026-06-26 09:35:29.543] Found 116 possible bad axioms.
[2026-06-26 09:35:29.543] Selected the bad axiom SubClassOf(http://purl.obolibrary.org/obo/TRANS_0000013 http://purl.obolibrary.org/obo/TRANS_0000010).
[2026-06-26 09:35:2
...[truncated]
FAIL: attempt=21 seed=284068 status=memory_limit_exceeded stage=B8 message=Repair failed: ExecutionException: java.lang.IllegalStateException: Could not find a weakening for axiom: ⊤ ⊑ TRANS_0000008
progress: ontology=PTRANS attempt=21 success=20/100
----- PTRANS attempt=22 seed=298268 at 2026-06-26 09:35:40 -----
--- stdout ---
{"seed":298268,"run_id":"20260624134028346645","trial_status":"success","error_type":null,"failure_stage":null,"error_message":null,"iic_values":{"B1_vs_A1":1.0,"B1_vs_A2":0.5,"B1_vs_A3":0.5,"B2_vs_A1":1.0,"B2_vs_A2":0.5,"B2_vs_A3":0.5,"B3_vs_A1":1.0,"B3_vs_A2":0.5,"B3_vs_A3":0.5,"B4_vs_A1":1.0,"B4_vs_A2":0.5,"B4_vs_A3":0.5,"B5_vs_A1":1.0,"B5_vs_A2":0.5,"B5_vs_A3":0.5,"B6_vs_A1":1.0,"B6_vs_A2":0.5,"B6_vs_A3":0.5,"B7_vs_A1":1.0,"B7_vs_A2":0.5,"B7_vs_A3":0.5,"B8_vs_A1":1.0,"B8_vs_A2":0.5,"B8_vs_A3":0.5,"B9_vs_A1":1.0,"B9_vs_A2":0.5,"B9_vs_A3":0.5},"repair_runtimes_ms":{"A1":130,"A2":1099,"A3":224,"B1":194,"B2":2335,"B3":1113,"B4":46,"B5":1753,"B6":1096,"B7":65,"B8":1651,"B9":724}}

--- stderr ---
SingleTrialExperiment starting: ontology=/workspaces/ontologyutils-ekaw26/repair-power-index-replication-ekaw26/ontologies/inconsistent/PTRANS.owl, seed=298268, run_id=20260624134028346645
Loaded ontology.
Normalizing ontology with SROIQ normalization...
Normalized ontology with SROIQ normalization.
Ontology is already inconsistent, skipping make-inconsistent step.
Repairing with A1 (random-removal)...
[2026-06-26 09:35:40.650] Checking precondition...
[2026-06-26 09:35:40.664] Starting the repair...
[2026-06-26 09:35:40.671] Found 127 possible bad axioms.
[2026-06-26 09:35:40.672] Selected the bad axiom SubClassOf(http://purl.obolibrary.org/obo/TRANS_0000034 http://purl.obolibrary.org/obo/TRANS_0000011).
[2026-06-26 09:35:40.677] Found 126 possible bad axioms.
[2026-06-26 09:35:40.677] Selected the bad axiom SubClassOf(http://purl.obolibrary.org/obo/TRANS_0000027 http://purl.obolibrary.org/obo/TRANS_0000021).
[2026-06-26 09:35:40.680] Found 125 possible bad axioms.
[2026-06-26 09:35:40.681] Selected the bad axiom SubClassOf(http://purl.obolibrary.org/obo/TRANS_0000002 http://purl.obolibrary.org/obo/TRANS_0000019).
[2026-06-26 09:35:40.684] Found 124 possible bad axioms.
[2026-06-26 09:35:40.684] Selected the bad axiom SubClassOf(http://purl.obolibrary.org/obo/TRANS_0000027 owl:Nothing).
[2026-06-26 09:35:40.687] Found 123 possible bad axioms.
[2026-06-26 09:35:40.687] Selected the bad axiom SubClassOf(http://purl.obolibrary.org/obo/TRANS_0000001 http://purl.obolibrary.org/obo/TRANS_0000000).
[2026-06-26 09:35:40.690] Found 122 possible bad axioms.
[2026-06-26 09:35:40.690] Selected the bad axiom SubClassOf(http://purl.obolibrary.org/obo/TRANS_0000005 http://purl.obolibrary.org/obo/TRANS_0000012).
[2026-06-26 09:35:40.692] Found 121 possible bad axioms.
[2026-06-26 09:35:40.692] Selected the bad axiom SubClassOf(http://purl.obolibrary.org/obo/TRANS_0000000 http://purl.obolibrary.org/obo/TRANS_0000008).
[2026-06-26 09:35:40.695] Found 120 possible bad axioms.
[2026-06-26 09:35:40.695] Selected the bad axiom SubClassOf(http://purl.obolibrary.org/obo/TRANS_0000033 http://purl.obolibrary.org/obo/TRANS_0000015).
[2026-06-26 09:35:40.702] Found 119 possible bad axioms.
[2026-06-26 09:35:40.702] Selected the bad axiom SubClassOf(http://purl.obolibrary.org/obo/TRANS_0000000 http://purl.obolibrary.org/obo/TRANS_0000001).
[2026-06-26 09:35:40.705] Found 118 possible bad axioms.
[2026-06-26 09:35:40.705] Selected the bad axiom SubClassOf(http://purl.obolibrary.org/obo/TRANS_0000029 http://purl.obolibrary.org/obo/TRANS_0000015).
[2026-06-26 09:35:40.708] Found 117 possible bad axioms.
[2026-06-26 09:35:40.708] Selected the bad axiom SubClassOf(http://purl.obolibrary.org/obo/TRANS_0000030 http://purl.obolibrary.org/obo/TRANS_0000010).
[2026-06-26 09:35:40.716] Found 116 possible bad axioms.
[2026-06-26 09:35:40.716] Selected the bad axiom SubClassOf(http://purl.obolibrary.org/obo/TRANS_0000029 http://purl.obolibrary.org/obo/TRANS_0000024).
[2026-06-26 09:35:4
...[truncated]
SUCCESS: attempt=22 seed=298268 success_count=21/100
progress: ontology=PTRANS attempt=22 success=21/100
----- PTRANS attempt=23 seed=312468 at 2026-06-26 09:35:52 -----
--- stdout ---
{"seed":312468,"run_id":"20260624134028346645","trial_status":"success","error_type":null,"failure_stage":null,"error_message":null,"iic_values":{"B1_vs_A1":1.0,"B1_vs_A2":0.5,"B1_vs_A3":0.5,"B2_vs_A1":1.0,"B2_vs_A2":0.5,"B2_vs_A3":0.5,"B3_vs_A1":1.0,"B3_vs_A2":0.5,"B3_vs_A3":0.5,"B4_vs_A1":1.0,"B4_vs_A2":0.5,"B4_vs_A3":0.5,"B5_vs_A1":1.0,"B5_vs_A2":0.5,"B5_vs_A3":0.5,"B6_vs_A1":1.0,"B6_vs_A2":0.5,"B6_vs_A3":0.5,"B7_vs_A1":1.0,"B7_vs_A2":0.5,"B7_vs_A3":0.5,"B8_vs_A1":1.0,"B8_vs_A2":0.5,"B8_vs_A3":0.5,"B9_vs_A1":1.0,"B9_vs_A2":0.5,"B9_vs_A3":0.5},"repair_runtimes_ms":{"A1":85,"A2":1184,"A3":195,"B1":164,"B2":1503,"B3":1245,"B4":37,"B5":450,"B6":923,"B7":76,"B8":1875,"B9":282}}

--- stderr ---
SingleTrialExperiment starting: ontology=/workspaces/ontologyutils-ekaw26/repair-power-index-replication-ekaw26/ontologies/inconsistent/PTRANS.owl, seed=312468, run_id=20260624134028346645
Loaded ontology.
Normalizing ontology with SROIQ normalization...
Normalized ontology with SROIQ normalization.
Ontology is already inconsistent, skipping make-inconsistent step.
Repairing with A1 (random-removal)...
[2026-06-26 09:35:52.634] Checking precondition...
[2026-06-26 09:35:52.649] Starting the repair...
[2026-06-26 09:35:52.655] Found 127 possible bad axioms.
[2026-06-26 09:35:52.656] Selected the bad axiom SubClassOf(http://purl.obolibrary.org/obo/TRANS_0000015 http://purl.obolibrary.org/obo/TRANS_0000011).
[2026-06-26 09:35:52.661] Found 126 possible bad axioms.
[2026-06-26 09:35:52.661] Selected the bad axiom SubClassOf(http://purl.obolibrary.org/obo/TRANS_0000026 http://purl.obolibrary.org/obo/TRANS_0000011).
[2026-06-26 09:35:52.664] Found 125 possible bad axioms.
[2026-06-26 09:35:52.665] Selected the bad axiom SubClassOf(http://purl.obolibrary.org/obo/TRANS_0000002 http://purl.obolibrary.org/obo/TRANS_0000019).
[2026-06-26 09:35:52.668] Found 124 possible bad axioms.
[2026-06-26 09:35:52.668] Selected the bad axiom SubClassOf(http://purl.obolibrary.org/obo/TRANS_0000012 http://purl.obolibrary.org/obo/TRANS_0000010).
[2026-06-26 09:35:52.671] Found 123 possible bad axioms.
[2026-06-26 09:35:52.671] Selected the bad axiom SubClassOf(http://purl.obolibrary.org/obo/TRANS_0000014 http://purl.obolibrary.org/obo/TRANS_0000025).
[2026-06-26 09:35:52.673] Found 122 possible bad axioms.
[2026-06-26 09:35:52.673] Selected the bad axiom SubClassOf(http://purl.obolibrary.org/obo/TRANS_0000007 http://purl.obolibrary.org/obo/TRANS_0000006).
[2026-06-26 09:35:52.676] Found 121 possible bad axioms.
[2026-06-26 09:35:52.676] Selected the bad axiom SubClassOf(http://purl.obolibrary.org/obo/TRANS_0000006 http://purl.obolibrary.org/obo/TRANS_0000001).
[2026-06-26 09:35:52.679] Found 120 possible bad axioms.
[2026-06-26 09:35:52.679] Selected the bad axiom SubClassOf(http://purl.obolibrary.org/obo/TRANS_0000025 http://purl.obolibrary.org/obo/TRANS_0000015).
[2026-06-26 09:35:52.685] Found 119 possible bad axioms.
[2026-06-26 09:35:52.685] Selected the bad axiom SubClassOf(http://purl.obolibrary.org/obo/TRANS_0000005 http://purl.obolibrary.org/obo/TRANS_0000002).
[2026-06-26 09:35:52.688] Found 118 possible bad axioms.
[2026-06-26 09:35:52.688] Selected the bad axiom SubClassOf(http://purl.obolibrary.org/obo/TRANS_0000019 http://purl.obolibrary.org/obo/TRANS_0000005).
[2026-06-26 09:35:52.691] Found 117 possible bad axioms.
[2026-06-26 09:35:52.691] Selected the bad axiom SubClassOf(http://purl.obolibrary.org/obo/TRANS_0000013 http://purl.obolibrary.org/obo/TRANS_0000027).
[2026-06-26 09:35:52.698] Found 116 possible bad axioms.
[2026-06-26 09:35:52.699] Selected the bad axiom SubClassOf(http://purl.obolibrary.org/obo/TRANS_0000018 http://purl.obolibrary.org/obo/TR
...[truncated]
SUCCESS: attempt=23 seed=312468 success_count=22/100
progress: ontology=PTRANS attempt=23 success=22/100
----- PTRANS attempt=24 seed=326668 at 2026-06-26 09:36:00 -----
--- stdout ---
{"seed":326668,"run_id":"20260624134028346645","trial_status":"success","error_type":null,"failure_stage":null,"error_message":null,"iic_values":{"B1_vs_A1":0.9985632183908046,"B1_vs_A2":0.5,"B1_vs_A3":0.5,"B2_vs_A1":0.9985632183908046,"B2_vs_A2":0.5,"B2_vs_A3":0.5,"B3_vs_A1":0.9985632183908046,"B3_vs_A2":0.5,"B3_vs_A3":0.5,"B4_vs_A1":0.9985632183908046,"B4_vs_A2":0.5,"B4_vs_A3":0.5,"B5_vs_A1":0.9985632183908046,"B5_vs_A2":0.5,"B5_vs_A3":0.5,"B6_vs_A1":0.9985632183908046,"B6_vs_A2":0.5,"B6_vs_A3":0.5,"B7_vs_A1":0.9985632183908046,"B7_vs_A2":0.5,"B7_vs_A3":0.5,"B8_vs_A1":0.9985632183908046,"B8_vs_A2":0.5,"B8_vs_A3":0.5,"B9_vs_A1":0.9985632183908046,"B9_vs_A2":0.5,"B9_vs_A3":0.5},"repair_runtimes_ms":{"A1":204,"A2":1085,"A3":188,"B1":161,"B2":1477,"B3":1085,"B4":85,"B5":1049,"B6":589,"B7":83,"B8":1879,"B9":669}}

--- stderr ---
SingleTrialExperiment starting: ontology=/workspaces/ontologyutils-ekaw26/repair-power-index-replication-ekaw26/ontologies/inconsistent/PTRANS.owl, seed=326668, run_id=20260624134028346645
Loaded ontology.
Normalizing ontology with SROIQ normalization...
Normalized ontology with SROIQ normalization.
Ontology is already inconsistent, skipping make-inconsistent step.
Repairing with A1 (random-removal)...
[2026-06-26 09:36:01.140] Checking precondition...
[2026-06-26 09:36:01.156] Starting the repair...
[2026-06-26 09:36:01.162] Found 127 possible bad axioms.
[2026-06-26 09:36:01.164] Selected the bad axiom SubClassOf(http://purl.obolibrary.org/obo/TRANS_0000027 http://purl.obolibrary.org/obo/TRANS_0000023).
[2026-06-26 09:36:01.168] Found 126 possible bad axioms.
[2026-06-26 09:36:01.169] Selected the bad axiom SubClassOf(http://purl.obolibrary.org/obo/TRANS_0000034 http://purl.obolibrary.org/obo/TRANS_0000024).
[2026-06-26 09:36:01.172] Found 125 possible bad axioms.
[2026-06-26 09:36:01.172] Selected the bad axiom SubClassOf(http://purl.obolibrary.org/obo/TRANS_0000025 http://purl.obolibrary.org/obo/TRANS_0000015).
[2026-06-26 09:36:01.176] Found 124 possible bad axioms.
[2026-06-26 09:36:01.176] Selected the bad axiom SubClassOf(http://purl.obolibrary.org/obo/TRANS_0000031 http://purl.obolibrary.org/obo/TRANS_0000025).
[2026-06-26 09:36:01.179] Found 123 possible bad axioms.
[2026-06-26 09:36:01.179] Selected the bad axiom SubClassOf(http://purl.obolibrary.org/obo/TRANS_0000026 http://purl.obolibrary.org/obo/TRANS_0000011).
[2026-06-26 09:36:01.182] Found 122 possible bad axioms.
[2026-06-26 09:36:01.182] Selected the bad axiom SubClassOf(http://purl.obolibrary.org/obo/TRANS_0000011 http://purl.obolibrary.org/obo/TRANS_0000010).
[2026-06-26 09:36:01.185] Found 121 possible bad axioms.
[2026-06-26 09:36:01.185] Selected the bad axiom SubClassOf(http://purl.obolibrary.org/obo/TRANS_0000015 http://purl.obolibrary.org/obo/TRANS_0000026).
[2026-06-26 09:36:01.187] Found 120 possible bad axioms.
[2026-06-26 09:36:01.187] Selected the bad axiom SubClassOf(http://purl.obolibrary.org/obo/TRANS_0000008 http://purl.obolibrary.org/obo/TRANS_0000007).
[2026-06-26 09:36:01.196] Found 119 possible bad axioms.
[2026-06-26 09:36:01.196] Selected the bad axiom SubClassOf(http://purl.obolibrary.org/obo/TRANS_0000007 http://purl.obolibrary.org/obo/TRANS_0000001).
[2026-06-26 09:36:01.199] Found 118 possible bad axioms.
[2026-06-26 09:36:01.199] Selected the bad axiom SubClassOf(http://purl.obolibrary.org/obo/TRANS_0000032 http://purl.obolibrary.org/obo/TRANS_0000015).
[2026-06-26 09:36:01.201] Found 117 possible bad axioms.
[2026-06-26 09:36:01.201] Selected the bad axiom SubClassOf(http://purl.obolibrary.org/obo/TRANS_0000033 http://purl.obolibrary.org/obo/TRANS_0000027).
[2026-06-26 09:36:01.208] Found 116 possible bad axioms.
[2026-06-26 09:36:01.208] Selected the bad axiom SubClassOf(http://purl.obolibrary.org/obo/TRANS_0000021 http://purl.obolibrary.org/obo/TR
...[truncated]
SUCCESS: attempt=24 seed=326668 success_count=23/100
progress: ontology=PTRANS attempt=24 success=23/100
----- PTRANS attempt=25 seed=340868 at 2026-06-26 09:36:09 -----
--- stdout ---
{"seed":340868,"run_id":"20260624134028346645","trial_status":"success","error_type":null,"failure_stage":null,"error_message":null,"iic_values":{"B1_vs_A1":0.9973262032085561,"B1_vs_A2":0.5,"B1_vs_A3":0.5,"B2_vs_A1":0.9973262032085561,"B2_vs_A2":0.5,"B2_vs_A3":0.5,"B3_vs_A1":0.9973262032085561,"B3_vs_A2":0.5,"B3_vs_A3":0.5,"B4_vs_A1":0.9973262032085561,"B4_vs_A2":0.5,"B4_vs_A3":0.5,"B5_vs_A1":0.9973262032085561,"B5_vs_A2":0.5,"B5_vs_A3":0.5,"B6_vs_A1":0.9973262032085561,"B6_vs_A2":0.5,"B6_vs_A3":0.5,"B7_vs_A1":0.9973262032085561,"B7_vs_A2":0.5,"B7_vs_A3":0.5,"B8_vs_A1":0.9973262032085561,"B8_vs_A2":0.5,"B8_vs_A3":0.5,"B9_vs_A1":0.9973262032085561,"B9_vs_A2":0.5,"B9_vs_A3":0.5},"repair_runtimes_ms":{"A1":209,"A2":1117,"A3":232,"B1":158,"B2":985,"B3":795,"B4":60,"B5":390,"B6":1046,"B7":69,"B8":988,"B9":1137}}

--- stderr ---
SingleTrialExperiment starting: ontology=/workspaces/ontologyutils-ekaw26/repair-power-index-replication-ekaw26/ontologies/inconsistent/PTRANS.owl, seed=340868, run_id=20260624134028346645
Loaded ontology.
Normalizing ontology with SROIQ normalization...
Normalized ontology with SROIQ normalization.
Ontology is already inconsistent, skipping make-inconsistent step.
Repairing with A1 (random-removal)...
[2026-06-26 09:36:10.223] Checking precondition...
[2026-06-26 09:36:10.238] Starting the repair...
[2026-06-26 09:36:10.245] Found 127 possible bad axioms.
[2026-06-26 09:36:10.247] Selected the bad axiom SubClassOf(http://purl.obolibrary.org/obo/TRANS_0000034 http://purl.obolibrary.org/obo/TRANS_0000013).
[2026-06-26 09:36:10.251] Found 126 possible bad axioms.
[2026-06-26 09:36:10.252] Selected the bad axiom SubClassOf(http://purl.obolibrary.org/obo/TRANS_0000009 http://purl.obolibrary.org/obo/TRANS_0000027).
[2026-06-26 09:36:10.255] Found 125 possible bad axioms.
[2026-06-26 09:36:10.256] Selected the bad axiom SubClassOf(http://purl.obolibrary.org/obo/TRANS_0000012 http://purl.obolibrary.org/obo/TRANS_0000027).
[2026-06-26 09:36:10.259] Found 124 possible bad axioms.
[2026-06-26 09:36:10.259] Selected the bad axiom SubClassOf(http://purl.obolibrary.org/obo/TRANS_0000025 http://purl.obolibrary.org/obo/TRANS_0000026).
[2026-06-26 09:36:10.262] Found 123 possible bad axioms.
[2026-06-26 09:36:10.262] Selected the bad axiom SubClassOf(http://purl.obolibrary.org/obo/TRANS_0000032 http://purl.obolibrary.org/obo/TRANS_0000015).
[2026-06-26 09:36:10.264] Found 122 possible bad axioms.
[2026-06-26 09:36:10.265] Selected the bad axiom SubClassOf(http://purl.obolibrary.org/obo/TRANS_0000034 http://purl.obolibrary.org/obo/TRANS_0000031).
[2026-06-26 09:36:10.267] Found 121 possible bad axioms.
[2026-06-26 09:36:10.268] Selected the bad axiom SubClassOf(http://purl.obolibrary.org/obo/TRANS_0000002 http://purl.obolibrary.org/obo/TRANS_0000000).
[2026-06-26 09:36:10.271] Found 120 possible bad axioms.
[2026-06-26 09:36:10.271] Selected the bad axiom SubClassOf(http://purl.obolibrary.org/obo/TRANS_0000034 http://purl.obolibrary.org/obo/TRANS_0000032).
[2026-06-26 09:36:10.278] Found 119 possible bad axioms.
[2026-06-26 09:36:10.278] Selected the bad axiom SubClassOf(http://purl.obolibrary.org/obo/TRANS_0000002 owl:Nothing).
[2026-06-26 09:36:10.281] Found 118 possible bad axioms.
[2026-06-26 09:36:10.281] Selected the bad axiom SubClassOf(http://purl.obolibrary.org/obo/TRANS_0000011 http://purl.obolibrary.org/obo/TRANS_0000010).
[2026-06-26 09:36:10.283] Found 117 possible bad axioms.
[2026-06-26 09:36:10.283] Selected the bad axiom SubClassOf(http://purl.obolibrary.org/obo/TRANS_0000033 http://purl.obolibrary.org/obo/TRANS_0000024).
[2026-06-26 09:36:10.291] Found 116 possible bad axioms.
[2026-06-26 09:36:10.291] Selected the bad axiom SubClassOf(http://purl.obolibrary.org/obo/TRANS_0000028 http://purl.obolibrary.org/obo/TRANS_0000013).
[2026-06-26 09:36:1
...[truncated]
SUCCESS: attempt=25 seed=340868 success_count=24/100
progress: ontology=PTRANS attempt=25 success=24/100
----- PTRANS attempt=26 seed=355068 at 2026-06-26 09:36:18 -----
--- stdout ---
{"seed":355068,"run_id":"20260624134028346645","trial_status":"success","error_type":null,"failure_stage":null,"error_message":null,"iic_values":{"B1_vs_A1":0.9975062344139651,"B1_vs_A2":0.5,"B1_vs_A3":0.5,"B2_vs_A1":0.9975062344139651,"B2_vs_A2":0.5,"B2_vs_A3":0.5,"B3_vs_A1":0.9975062344139651,"B3_vs_A2":0.5,"B3_vs_A3":0.5,"B4_vs_A1":0.9975062344139651,"B4_vs_A2":0.5,"B4_vs_A3":0.5,"B5_vs_A1":0.9975062344139651,"B5_vs_A2":0.5,"B5_vs_A3":0.5,"B6_vs_A1":0.9975062344139651,"B6_vs_A2":0.5,"B6_vs_A3":0.5,"B7_vs_A1":0.9975062344139651,"B7_vs_A2":0.5,"B7_vs_A3":0.5,"B8_vs_A1":0.9975062344139651,"B8_vs_A2":0.5,"B8_vs_A3":0.5,"B9_vs_A1":0.9975062344139651,"B9_vs_A2":0.5,"B9_vs_A3":0.5},"repair_runtimes_ms":{"A1":169,"A2":1160,"A3":214,"B1":352,"B2":657,"B3":446,"B4":66,"B5":730,"B6":1134,"B7":82,"B8":1820,"B9":1108}}

--- stderr ---
SingleTrialExperiment starting: ontology=/workspaces/ontologyutils-ekaw26/repair-power-index-replication-ekaw26/ontologies/inconsistent/PTRANS.owl, seed=355068, run_id=20260624134028346645
Loaded ontology.
Normalizing ontology with SROIQ normalization...
Normalized ontology with SROIQ normalization.
Ontology is already inconsistent, skipping make-inconsistent step.
Repairing with A1 (random-removal)...
[2026-06-26 09:36:18.346] Checking precondition...
[2026-06-26 09:36:18.361] Starting the repair...
[2026-06-26 09:36:18.368] Found 127 possible bad axioms.
[2026-06-26 09:36:18.370] Selected the bad axiom SubClassOf(http://purl.obolibrary.org/obo/TRANS_0000010 http://purl.obolibrary.org/obo/TRANS_0000002).
[2026-06-26 09:36:18.374] Found 126 possible bad axioms.
[2026-06-26 09:36:18.375] Selected the bad axiom SubClassOf(http://purl.obolibrary.org/obo/TRANS_0000025 http://purl.obolibrary.org/obo/TRANS_0000013).
[2026-06-26 09:36:18.378] Found 125 possible bad axioms.
[2026-06-26 09:36:18.378] Selected the bad axiom SubClassOf(http://purl.obolibrary.org/obo/TRANS_0000009 http://purl.obolibrary.org/obo/TRANS_0000002).
[2026-06-26 09:36:18.381] Found 124 possible bad axioms.
[2026-06-26 09:36:18.381] Selected the bad axiom SubClassOf(http://purl.obolibrary.org/obo/TRANS_0000025 http://purl.obolibrary.org/obo/TRANS_0000009).
[2026-06-26 09:36:18.384] Found 123 possible bad axioms.
[2026-06-26 09:36:18.384] Selected the bad axiom SubClassOf(http://purl.obolibrary.org/obo/TRANS_0000005 http://purl.obolibrary.org/obo/TRANS_0000012).
[2026-06-26 09:36:18.386] Found 122 possible bad axioms.
[2026-06-26 09:36:18.387] Selected the bad axiom SubClassOf(http://purl.obolibrary.org/obo/TRANS_0000033 http://purl.obolibrary.org/obo/TRANS_0000015).
[2026-06-26 09:36:18.389] Found 121 possible bad axioms.
[2026-06-26 09:36:18.389] Selected the bad axiom SubClassOf(http://purl.obolibrary.org/obo/TRANS_0000005 http://purl.obolibrary.org/obo/TRANS_0000022).
[2026-06-26 09:36:18.392] Found 120 possible bad axioms.
[2026-06-26 09:36:18.393] Selected the bad axiom SubClassOf(http://purl.obolibrary.org/obo/TRANS_0000034 http://purl.obolibrary.org/obo/TRANS_0000032).
[2026-06-26 09:36:18.399] Found 119 possible bad axioms.
[2026-06-26 09:36:18.399] Selected the bad axiom SubClassOf(http://purl.obolibrary.org/obo/TRANS_0000007 http://purl.obolibrary.org/obo/TRANS_0000008).
[2026-06-26 09:36:18.402] Found 118 possible bad axioms.
[2026-06-26 09:36:18.402] Selected the bad axiom SubClassOf(http://purl.obolibrary.org/obo/TRANS_0000002 http://purl.obolibrary.org/obo/TRANS_0000008).
[2026-06-26 09:36:18.404] Found 117 possible bad axioms.
[2026-06-26 09:36:18.405] Selected the bad axiom SubClassOf(http://purl.obolibrary.org/obo/TRANS_0000034 http://purl.obolibrary.org/obo/TRANS_0000009).
[2026-06-26 09:36:18.412] Found 116 possible bad axioms.
[2026-06-26 09:36:18.412] Selected the bad axiom SubClassOf(http://purl.obolibrary.org/obo/TRANS_0000019 http://purl.obolibrary.org/obo/TR
...[truncated]
SUCCESS: attempt=26 seed=355068 success_count=25/100
progress: ontology=PTRANS attempt=26 success=25/100
----- PTRANS attempt=27 seed=369268 at 2026-06-26 09:36:26 -----
--- stdout ---
{"seed":369268,"run_id":"20260624134028346645","trial_status":"success","error_type":null,"failure_stage":null,"error_message":null,"iic_values":{"B1_vs_A1":1.0,"B1_vs_A2":0.5,"B1_vs_A3":0.5,"B2_vs_A1":1.0,"B2_vs_A2":0.5,"B2_vs_A3":0.5,"B3_vs_A1":1.0,"B3_vs_A2":0.5,"B3_vs_A3":0.5,"B4_vs_A1":1.0,"B4_vs_A2":0.5,"B4_vs_A3":0.5,"B5_vs_A1":1.0,"B5_vs_A2":0.5,"B5_vs_A3":0.5,"B6_vs_A1":1.0,"B6_vs_A2":0.5,"B6_vs_A3":0.5,"B7_vs_A1":1.0,"B7_vs_A2":0.5,"B7_vs_A3":0.5,"B8_vs_A1":1.0,"B8_vs_A2":0.5,"B8_vs_A3":0.5,"B9_vs_A1":1.0,"B9_vs_A2":0.5,"B9_vs_A3":0.5},"repair_runtimes_ms":{"A1":86,"A2":1165,"A3":382,"B1":183,"B2":2253,"B3":359,"B4":91,"B5":406,"B6":1053,"B7":80,"B8":1824,"B9":1231}}

--- stderr ---
SingleTrialExperiment starting: ontology=/workspaces/ontologyutils-ekaw26/repair-power-index-replication-ekaw26/ontologies/inconsistent/PTRANS.owl, seed=369268, run_id=20260624134028346645
Loaded ontology.
Normalizing ontology with SROIQ normalization...
Normalized ontology with SROIQ normalization.
Ontology is already inconsistent, skipping make-inconsistent step.
Repairing with A1 (random-removal)...
[2026-06-26 09:36:26.757] Checking precondition...
[2026-06-26 09:36:26.771] Starting the repair...
[2026-06-26 09:36:26.778] Found 127 possible bad axioms.
[2026-06-26 09:36:26.779] Selected the bad axiom SubClassOf(http://purl.obolibrary.org/obo/TRANS_0000009 http://purl.obolibrary.org/obo/TRANS_0000027).
[2026-06-26 09:36:26.784] Found 126 possible bad axioms.
[2026-06-26 09:36:26.784] Selected the bad axiom SubClassOf(http://purl.obolibrary.org/obo/TRANS_0000015 http://purl.obolibrary.org/obo/TRANS_0000014).
[2026-06-26 09:36:26.787] Found 125 possible bad axioms.
[2026-06-26 09:36:26.787] Selected the bad axiom SubClassOf(http://purl.obolibrary.org/obo/TRANS_0000009 http://purl.obolibrary.org/obo/TRANS_0000002).
[2026-06-26 09:36:26.791] Found 124 possible bad axioms.
[2026-06-26 09:36:26.791] Selected the bad axiom SubClassOf(http://purl.obolibrary.org/obo/TRANS_0000034 http://purl.obolibrary.org/obo/TRANS_0000015).
[2026-06-26 09:36:26.794] Found 123 possible bad axioms.
[2026-06-26 09:36:26.794] Selected the bad axiom SubClassOf(http://purl.obolibrary.org/obo/TRANS_0000010 http://purl.obolibrary.org/obo/TRANS_0000002).
[2026-06-26 09:36:26.796] Found 122 possible bad axioms.
[2026-06-26 09:36:26.796] Selected the bad axiom SubClassOf(http://purl.obolibrary.org/obo/TRANS_0000005 http://purl.obolibrary.org/obo/TRANS_0000025).
[2026-06-26 09:36:26.799] Found 121 possible bad axioms.
[2026-06-26 09:36:26.799] Selected the bad axiom SubClassOf(http://purl.obolibrary.org/obo/TRANS_0000034 http://purl.obolibrary.org/obo/TRANS_0000031).
[2026-06-26 09:36:26.801] Found 120 possible bad axioms.
[2026-06-26 09:36:26.802] Selected the bad axiom SubClassOf(http://purl.obolibrary.org/obo/TRANS_0000031 http://purl.obolibrary.org/obo/TRANS_0000026).
[2026-06-26 09:36:26.808] Found 119 possible bad axioms.
[2026-06-26 09:36:26.808] Selected the bad axiom SubClassOf(http://purl.obolibrary.org/obo/TRANS_0000029 http://purl.obolibrary.org/obo/TRANS_0000012).
[2026-06-26 09:36:26.811] Found 118 possible bad axioms.
[2026-06-26 09:36:26.811] Selected the bad axiom SubClassOf(http://purl.obolibrary.org/obo/TRANS_0000029 http://purl.obolibrary.org/obo/TRANS_0000013).
[2026-06-26 09:36:26.813] Found 117 possible bad axioms.
[2026-06-26 09:36:26.814] Selected the bad axiom SubClassOf(http://purl.obolibrary.org/obo/TRANS_0000005 http://purl.obolibrary.org/obo/TRANS_0000022).
[2026-06-26 09:36:26.821] Found 116 possible bad axioms.
[2026-06-26 09:36:26.821] Selected the bad axiom SubClassOf(http://purl.obolibrary.org/obo/TRANS_0000029 http://purl.obolibrary.org/obo/TR
...[truncated]
SUCCESS: attempt=27 seed=369268 success_count=26/100
progress: ontology=PTRANS attempt=27 success=26/100
----- PTRANS attempt=28 seed=383468 at 2026-06-26 09:36:36 -----
--- stdout ---
{"seed":383468,"run_id":"20260624134028346645","trial_status":"success","error_type":null,"failure_stage":null,"error_message":null,"iic_values":{"B1_vs_A1":1.0,"B1_vs_A2":0.5,"B1_vs_A3":0.5,"B2_vs_A1":1.0,"B2_vs_A2":0.5,"B2_vs_A3":0.5,"B3_vs_A1":1.0,"B3_vs_A2":0.5,"B3_vs_A3":0.5,"B4_vs_A1":1.0,"B4_vs_A2":0.5,"B4_vs_A3":0.5,"B5_vs_A1":1.0,"B5_vs_A2":0.5,"B5_vs_A3":0.5,"B6_vs_A1":1.0,"B6_vs_A2":0.5,"B6_vs_A3":0.5,"B7_vs_A1":1.0,"B7_vs_A2":0.5,"B7_vs_A3":0.5,"B8_vs_A1":1.0,"B8_vs_A2":0.5,"B8_vs_A3":0.5,"B9_vs_A1":1.0,"B9_vs_A2":0.5,"B9_vs_A3":0.5},"repair_runtimes_ms":{"A1":115,"A2":1118,"A3":363,"B1":175,"B2":2309,"B3":1182,"B4":89,"B5":1733,"B6":270,"B7":74,"B8":1851,"B9":1123}}

--- stderr ---
SingleTrialExperiment starting: ontology=/workspaces/ontologyutils-ekaw26/repair-power-index-replication-ekaw26/ontologies/inconsistent/PTRANS.owl, seed=383468, run_id=20260624134028346645
Loaded ontology.
Normalizing ontology with SROIQ normalization...
Normalized ontology with SROIQ normalization.
Ontology is already inconsistent, skipping make-inconsistent step.
Repairing with A1 (random-removal)...
[2026-06-26 09:36:36.369] Checking precondition...
[2026-06-26 09:36:36.385] Starting the repair...
[2026-06-26 09:36:36.392] Found 127 possible bad axioms.
[2026-06-26 09:36:36.393] Selected the bad axiom SubClassOf(http://purl.obolibrary.org/obo/TRANS_0000003 http://purl.obolibrary.org/obo/TRANS_0000025).
[2026-06-26 09:36:36.397] Found 126 possible bad axioms.
[2026-06-26 09:36:36.398] Selected the bad axiom SubClassOf(http://purl.obolibrary.org/obo/TRANS_0000025 http://purl.obolibrary.org/obo/TRANS_0000019).
[2026-06-26 09:36:36.401] Found 125 possible bad axioms.
[2026-06-26 09:36:36.401] Selected the bad axiom SubClassOf(http://purl.obolibrary.org/obo/TRANS_0000025 http://purl.obolibrary.org/obo/TRANS_0000026).
[2026-06-26 09:36:36.405] Found 124 possible bad axioms.
[2026-06-26 09:36:36.405] Selected the bad axiom SubClassOf(http://purl.obolibrary.org/obo/TRANS_0000001 http://purl.obolibrary.org/obo/TRANS_0000008).
[2026-06-26 09:36:36.408] Found 123 possible bad axioms.
[2026-06-26 09:36:36.408] Selected the bad axiom SubClassOf(http://purl.obolibrary.org/obo/TRANS_0000015 http://purl.obolibrary.org/obo/TRANS_0000026).
[2026-06-26 09:36:36.411] Found 122 possible bad axioms.
[2026-06-26 09:36:36.411] Selected the bad axiom SubClassOf(http://purl.obolibrary.org/obo/TRANS_0000034 http://purl.obolibrary.org/obo/TRANS_0000015).
[2026-06-26 09:36:36.413] Found 121 possible bad axioms.
[2026-06-26 09:36:36.413] Selected the bad axiom SubClassOf(http://purl.obolibrary.org/obo/TRANS_0000030 http://purl.obolibrary.org/obo/TRANS_0000015).
[2026-06-26 09:36:36.416] Found 120 possible bad axioms.
[2026-06-26 09:36:36.416] Selected the bad axiom SubClassOf(http://purl.obolibrary.org/obo/TRANS_0000000 http://purl.obolibrary.org/obo/TRANS_0000001).
[2026-06-26 09:36:36.422] Found 119 possible bad axioms.
[2026-06-26 09:36:36.423] Selected the bad axiom SubClassOf(http://purl.obolibrary.org/obo/TRANS_0000023 http://purl.obolibrary.org/obo/TRANS_0000020).
[2026-06-26 09:36:36.426] Found 118 possible bad axioms.
[2026-06-26 09:36:36.426] Selected the bad axiom SubClassOf(http://purl.obolibrary.org/obo/TRANS_0000031 http://purl.obolibrary.org/obo/TRANS_0000015).
[2026-06-26 09:36:36.428] Found 117 possible bad axioms.
[2026-06-26 09:36:36.429] Selected the bad axiom SubClassOf(http://purl.obolibrary.org/obo/TRANS_0000025 http://purl.obolibrary.org/obo/TRANS_0000005).
[2026-06-26 09:36:36.435] Found 116 possible bad axioms.
[2026-06-26 09:36:36.435] Selected the bad axiom SubClassOf(http://purl.obolibrary.org/obo/TRANS_0000028 http://purl.obolibrary.org/obo/TR
...[truncated]
SUCCESS: attempt=28 seed=383468 success_count=27/100
progress: ontology=PTRANS attempt=28 success=27/100
----- PTRANS attempt=29 seed=397668 at 2026-06-26 09:36:46 -----
--- stdout ---
{"seed":397668,"run_id":"20260624134028346645","trial_status":"success","error_type":null,"failure_stage":null,"error_message":null,"iic_values":{"B1_vs_A1":1.0,"B1_vs_A2":0.5,"B1_vs_A3":0.5,"B2_vs_A1":1.0,"B2_vs_A2":0.5,"B2_vs_A3":0.5,"B3_vs_A1":1.0,"B3_vs_A2":0.5,"B3_vs_A3":0.5,"B4_vs_A1":1.0,"B4_vs_A2":0.5,"B4_vs_A3":0.5,"B5_vs_A1":1.0,"B5_vs_A2":0.5,"B5_vs_A3":0.5,"B6_vs_A1":1.0,"B6_vs_A2":0.5,"B6_vs_A3":0.5,"B7_vs_A1":1.0,"B7_vs_A2":0.5,"B7_vs_A3":0.5,"B8_vs_A1":1.0,"B8_vs_A2":0.5,"B8_vs_A3":0.5,"B9_vs_A1":1.0,"B9_vs_A2":0.5,"B9_vs_A3":0.5},"repair_runtimes_ms":{"A1":89,"A2":1160,"A3":197,"B1":182,"B2":1507,"B3":1236,"B4":38,"B5":398,"B6":653,"B7":70,"B8":1124,"B9":1070}}

--- stderr ---
SingleTrialExperiment starting: ontology=/workspaces/ontologyutils-ekaw26/repair-power-index-replication-ekaw26/ontologies/inconsistent/PTRANS.owl, seed=397668, run_id=20260624134028346645
Loaded ontology.
Normalizing ontology with SROIQ normalization...
Normalized ontology with SROIQ normalization.
Ontology is already inconsistent, skipping make-inconsistent step.
Repairing with A1 (random-removal)...
[2026-06-26 09:36:47.262] Checking precondition...
[2026-06-26 09:36:47.277] Starting the repair...
[2026-06-26 09:36:47.283] Found 127 possible bad axioms.
[2026-06-26 09:36:47.284] Selected the bad axiom SubClassOf(http://purl.obolibrary.org/obo/TRANS_0000033 http://purl.obolibrary.org/obo/TRANS_0000015).
[2026-06-26 09:36:47.289] Found 126 possible bad axioms.
[2026-06-26 09:36:47.289] Selected the bad axiom SubClassOf(http://purl.obolibrary.org/obo/TRANS_0000012 http://purl.obolibrary.org/obo/TRANS_0000027).
[2026-06-26 09:36:47.293] Found 125 possible bad axioms.
[2026-06-26 09:36:47.293] Selected the bad axiom SubClassOf(http://purl.obolibrary.org/obo/TRANS_0000002 owl:Nothing).
[2026-06-26 09:36:47.296] Found 124 possible bad axioms.
[2026-06-26 09:36:47.297] Selected the bad axiom SubClassOf(http://purl.obolibrary.org/obo/TRANS_0000021 owl:Nothing).
[2026-06-26 09:36:47.299] Found 123 possible bad axioms.
[2026-06-26 09:36:47.299] Selected the bad axiom SubClassOf(http://purl.obolibrary.org/obo/TRANS_0000029 http://purl.obolibrary.org/obo/TRANS_0000015).
[2026-06-26 09:36:47.302] Found 122 possible bad axioms.
[2026-06-26 09:36:47.302] Selected the bad axiom SubClassOf(http://purl.obolibrary.org/obo/TRANS_0000009 http://purl.obolibrary.org/obo/TRANS_0000002).
[2026-06-26 09:36:47.304] Found 121 possible bad axioms.
[2026-06-26 09:36:47.304] Selected the bad axiom SubClassOf(http://purl.obolibrary.org/obo/TRANS_0000005 http://purl.obolibrary.org/obo/TRANS_0000012).
[2026-06-26 09:36:47.307] Found 120 possible bad axioms.
[2026-06-26 09:36:47.307] Selected the bad axiom SubClassOf(http://purl.obolibrary.org/obo/TRANS_0000034 http://purl.obolibrary.org/obo/TRANS_0000012).
[2026-06-26 09:36:47.314] Found 119 possible bad axioms.
[2026-06-26 09:36:47.314] Selected the bad axiom SubClassOf(http://purl.obolibrary.org/obo/TRANS_0000015 http://purl.obolibrary.org/obo/TRANS_0000005).
[2026-06-26 09:36:47.317] Found 118 possible bad axioms.
[2026-06-26 09:36:47.317] Selected the bad axiom SubClassOf(http://purl.obolibrary.org/obo/TRANS_0000007 http://purl.obolibrary.org/obo/TRANS_0000001).
[2026-06-26 09:36:47.319] Found 117 possible bad axioms.
[2026-06-26 09:36:47.319] Selected the bad axiom SubClassOf(http://purl.obolibrary.org/obo/TRANS_0000025 http://purl.obolibrary.org/obo/TRANS_0000026).
[2026-06-26 09:36:47.326] Found 116 possible bad axioms.
[2026-06-26 09:36:47.327] Selected the bad axiom SubClassOf(http://purl.obolibrary.org/obo/TRANS_0000025 http://purl.obolibrary.org/obo/TRANS_0000012).
[2026-06-26 09:36:47.330] Found 115 possible bad axi
...[truncated]
SUCCESS: attempt=29 seed=397668 success_count=28/100
progress: ontology=PTRANS attempt=29 success=28/100
----- PTRANS attempt=30 seed=411868 at 2026-06-26 09:36:55 -----
--- stdout ---
{"seed":411868,"run_id":"20260624134028346645","trial_status":"success","error_type":null,"failure_stage":null,"error_message":null,"iic_values":{"B1_vs_A1":0.9870801033591732,"B1_vs_A2":0.5,"B1_vs_A3":0.5,"B2_vs_A1":0.9870801033591732,"B2_vs_A2":0.5,"B2_vs_A3":0.5,"B3_vs_A1":0.9870801033591732,"B3_vs_A2":0.5,"B3_vs_A3":0.5,"B4_vs_A1":0.9870801033591732,"B4_vs_A2":0.5,"B4_vs_A3":0.5,"B5_vs_A1":0.9870801033591732,"B5_vs_A2":0.5,"B5_vs_A3":0.5,"B6_vs_A1":0.9870801033591732,"B6_vs_A2":0.5,"B6_vs_A3":0.5,"B7_vs_A1":0.9870801033591732,"B7_vs_A2":0.5,"B7_vs_A3":0.5,"B8_vs_A1":0.9870801033591732,"B8_vs_A2":0.5,"B8_vs_A3":0.5,"B9_vs_A1":0.9870801033591732,"B9_vs_A2":0.5,"B9_vs_A3":0.5},"repair_runtimes_ms":{"A1":188,"A2":1124,"A3":376,"B1":159,"B2":1635,"B3":1294,"B4":41,"B5":402,"B6":1100,"B7":69,"B8":1101,"B9":328}}

--- stderr ---
SingleTrialExperiment starting: ontology=/workspaces/ontologyutils-ekaw26/repair-power-index-replication-ekaw26/ontologies/inconsistent/PTRANS.owl, seed=411868, run_id=20260624134028346645
Loaded ontology.
Normalizing ontology with SROIQ normalization...
Normalized ontology with SROIQ normalization.
Ontology is already inconsistent, skipping make-inconsistent step.
Repairing with A1 (random-removal)...
[2026-06-26 09:36:55.530] Checking precondition...
[2026-06-26 09:36:55.544] Starting the repair...
[2026-06-26 09:36:55.550] Found 127 possible bad axioms.
[2026-06-26 09:36:55.552] Selected the bad axiom SubClassOf(http://purl.obolibrary.org/obo/TRANS_0000025 http://purl.obolibrary.org/obo/TRANS_0000015).
[2026-06-26 09:36:55.557] Found 126 possible bad axioms.
[2026-06-26 09:36:55.557] Selected the bad axiom SubClassOf(http://purl.obolibrary.org/obo/TRANS_0000025 http://purl.obolibrary.org/obo/TRANS_0000024).
[2026-06-26 09:36:55.561] Found 125 possible bad axioms.
[2026-06-26 09:36:55.561] Selected the bad axiom SubClassOf(http://purl.obolibrary.org/obo/TRANS_0000029 http://purl.obolibrary.org/obo/TRANS_0000013).
[2026-06-26 09:36:55.564] Found 124 possible bad axioms.
[2026-06-26 09:36:55.564] Selected the bad axiom SubClassOf(http://purl.obolibrary.org/obo/TRANS_0000026 http://purl.obolibrary.org/obo/TRANS_0000011).
[2026-06-26 09:36:55.567] Found 123 possible bad axioms.
[2026-06-26 09:36:55.567] Selected the bad axiom SubClassOf(http://purl.obolibrary.org/obo/TRANS_0000007 http://purl.obolibrary.org/obo/TRANS_0000006).
[2026-06-26 09:36:55.569] Found 122 possible bad axioms.
[2026-06-26 09:36:55.570] Selected the bad axiom SubClassOf(http://purl.obolibrary.org/obo/TRANS_0000033 http://purl.obolibrary.org/obo/TRANS_0000010).
[2026-06-26 09:36:55.572] Found 121 possible bad axioms.
[2026-06-26 09:36:55.572] Selected the bad axiom SubClassOf(http://purl.obolibrary.org/obo/TRANS_0000032 http://purl.obolibrary.org/obo/TRANS_0000015).
[2026-06-26 09:36:55.575] Found 120 possible bad axioms.
[2026-06-26 09:36:55.575] Selected the bad axiom SubClassOf(http://purl.obolibrary.org/obo/TRANS_0000005 http://purl.obolibrary.org/obo/TRANS_0000002).
[2026-06-26 09:36:55.581] Found 119 possible bad axioms.
[2026-06-26 09:36:55.581] Selected the bad axiom SubClassOf(http://purl.obolibrary.org/obo/TRANS_0000002 http://purl.obolibrary.org/obo/TRANS_0000007).
[2026-06-26 09:36:55.584] Found 118 possible bad axioms.
[2026-06-26 09:36:55.584] Selected the bad axiom SubClassOf(http://purl.obolibrary.org/obo/TRANS_0000028 http://purl.obolibrary.org/obo/TRANS_0000011).
[2026-06-26 09:36:55.586] Found 117 possible bad axioms.
[2026-06-26 09:36:55.587] Selected the bad axiom SubClassOf(http://purl.obolibrary.org/obo/TRANS_0000027 http://purl.obolibrary.org/obo/TRANS_0000021).
[2026-06-26 09:36:55.593] Found 116 possible bad axioms.
[2026-06-26 09:36:55.594] Selected the bad axiom SubClassOf(http://purl.obolibrary.org/obo/TRANS_0000015 http://purl.obolibrary.org/obo/TR
...[truncated]
SUCCESS: attempt=30 seed=411868 success_count=29/100
progress: ontology=PTRANS attempt=30 success=29/100
----- PTRANS attempt=31 seed=426068 at 2026-06-26 09:37:03 -----
--- stdout ---
{"seed":426068,"run_id":"20260624134028346645","trial_status":"memory_limit_exceeded","error_type":"failure","failure_stage":"B6","error_message":"Repair failed: ExecutionException: java.lang.IllegalStateException: Could not find a weakening for axiom: ⊤ ⊑ TRANS_0000008","iic_values":{},"repair_runtimes_ms":{"A1":207,"A2":1076,"A3":238,"B1":175,"B2":949,"B3":1312,"B4":72,"B5":1325,"B6":512}}

--- stderr ---
SingleTrialExperiment starting: ontology=/workspaces/ontologyutils-ekaw26/repair-power-index-replication-ekaw26/ontologies/inconsistent/PTRANS.owl, seed=426068, run_id=20260624134028346645
Loaded ontology.
Normalizing ontology with SROIQ normalization...
Normalized ontology with SROIQ normalization.
Ontology is already inconsistent, skipping make-inconsistent step.
Repairing with A1 (random-removal)...
[2026-06-26 09:37:03.892] Checking precondition...
[2026-06-26 09:37:03.906] Starting the repair...
[2026-06-26 09:37:03.913] Found 127 possible bad axioms.
[2026-06-26 09:37:03.914] Selected the bad axiom SubClassOf(http://purl.obolibrary.org/obo/TRANS_0000015 http://purl.obolibrary.org/obo/TRANS_0000005).
[2026-06-26 09:37:03.919] Found 126 possible bad axioms.
[2026-06-26 09:37:03.919] Selected the bad axiom SubClassOf(http://purl.obolibrary.org/obo/TRANS_0000008 owl:Nothing).
[2026-06-26 09:37:03.922] Found 125 possible bad axioms.
[2026-06-26 09:37:03.922] Selected the bad axiom SubClassOf(http://purl.obolibrary.org/obo/TRANS_0000006 http://purl.obolibrary.org/obo/TRANS_0000001).
[2026-06-26 09:37:03.926] Found 124 possible bad axioms.
[2026-06-26 09:37:03.926] Selected the bad axiom SubClassOf(http://purl.obolibrary.org/obo/TRANS_0000033 http://purl.obolibrary.org/obo/TRANS_0000010).
[2026-06-26 09:37:03.929] Found 123 possible bad axioms.
[2026-06-26 09:37:03.929] Selected the bad axiom SubClassOf(http://purl.obolibrary.org/obo/TRANS_0000030 http://purl.obolibrary.org/obo/TRANS_0000010).
[2026-06-26 09:37:03.931] Found 122 possible bad axioms.
[2026-06-26 09:37:03.931] Selected the bad axiom SubClassOf(http://purl.obolibrary.org/obo/TRANS_0000028 http://purl.obolibrary.org/obo/TRANS_0000029).
[2026-06-26 09:37:03.934] Found 121 possible bad axioms.
[2026-06-26 09:37:03.934] Selected the bad axiom SubClassOf(http://purl.obolibrary.org/obo/TRANS_0000001 http://purl.obolibrary.org/obo/TRANS_0000008).
[2026-06-26 09:37:03.936] Found 120 possible bad axioms.
[2026-06-26 09:37:03.937] Selected the bad axiom SubClassOf(http://purl.obolibrary.org/obo/TRANS_0000001 http://purl.obolibrary.org/obo/TRANS_0000000).
[2026-06-26 09:37:03.944] Found 119 possible bad axioms.
[2026-06-26 09:37:03.944] Selected the bad axiom SubClassOf(http://purl.obolibrary.org/obo/TRANS_0000015 http://purl.obolibrary.org/obo/TRANS_0000009).
[2026-06-26 09:37:03.947] Found 118 possible bad axioms.
[2026-06-26 09:37:03.947] Selected the bad axiom SubClassOf(http://purl.obolibrary.org/obo/TRANS_0000025 http://purl.obolibrary.org/obo/TRANS_0000003).
[2026-06-26 09:37:03.949] Found 117 possible bad axioms.
[2026-06-26 09:37:03.950] Selected the bad axiom SubClassOf(http://purl.obolibrary.org/obo/TRANS_0000034 http://purl.obolibrary.org/obo/TRANS_0000030).
[2026-06-26 09:37:03.957] Found 116 possible bad axioms.
[2026-06-26 09:37:03.957] Selected the bad axiom SubClassOf(http://purl.obolibrary.org/obo/TRANS_0000025 http://purl.obolibrary.org/obo/TRANS_0000026).
[2026-06-26 09:37:0
...[truncated]
FAIL: attempt=31 seed=426068 status=memory_limit_exceeded stage=B6 message=Repair failed: ExecutionException: java.lang.IllegalStateException: Could not find a weakening for axiom: ⊤ ⊑ TRANS_0000008
progress: ontology=PTRANS attempt=31 success=29/100
----- PTRANS attempt=32 seed=440268 at 2026-06-26 09:37:09 -----
--- stdout ---
{"seed":440268,"run_id":"20260624134028346645","trial_status":"success","error_type":null,"failure_stage":null,"error_message":null,"iic_values":{"B1_vs_A1":1.0,"B1_vs_A2":0.5,"B1_vs_A3":0.5,"B2_vs_A1":1.0,"B2_vs_A2":0.5,"B2_vs_A3":0.5,"B3_vs_A1":1.0,"B3_vs_A2":0.5,"B3_vs_A3":0.5,"B4_vs_A1":1.0,"B4_vs_A2":0.5,"B4_vs_A3":0.5,"B5_vs_A1":1.0,"B5_vs_A2":0.5,"B5_vs_A3":0.5,"B6_vs_A1":1.0,"B6_vs_A2":0.5,"B6_vs_A3":0.5,"B7_vs_A1":1.0,"B7_vs_A2":0.5,"B7_vs_A3":0.5,"B8_vs_A1":1.0,"B8_vs_A2":0.5,"B8_vs_A3":0.5,"B9_vs_A1":1.0,"B9_vs_A2":0.5,"B9_vs_A3":0.5},"repair_runtimes_ms":{"A1":198,"A2":1085,"A3":563,"B1":364,"B2":792,"B3":413,"B4":59,"B5":1767,"B6":870,"B7":105,"B8":1093,"B9":1233}}

--- stderr ---
SingleTrialExperiment starting: ontology=/workspaces/ontologyutils-ekaw26/repair-power-index-replication-ekaw26/ontologies/inconsistent/PTRANS.owl, seed=440268, run_id=20260624134028346645
Loaded ontology.
Normalizing ontology with SROIQ normalization...
Normalized ontology with SROIQ normalization.
Ontology is already inconsistent, skipping make-inconsistent step.
Repairing with A1 (random-removal)...
[2026-06-26 09:37:10.201] Checking precondition...
[2026-06-26 09:37:10.216] Starting the repair...
[2026-06-26 09:37:10.222] Found 127 possible bad axioms.
[2026-06-26 09:37:10.224] Selected the bad axiom SubClassOf(http://purl.obolibrary.org/obo/TRANS_0000025 http://purl.obolibrary.org/obo/TRANS_0000015).
[2026-06-26 09:37:10.228] Found 126 possible bad axioms.
[2026-06-26 09:37:10.229] Selected the bad axiom SubClassOf(http://purl.obolibrary.org/obo/TRANS_0000029 http://purl.obolibrary.org/obo/TRANS_0000033).
[2026-06-26 09:37:10.234] Found 125 possible bad axioms.
[2026-06-26 09:37:10.234] Selected the bad axiom SubClassOf(http://purl.obolibrary.org/obo/TRANS_0000027 owl:Nothing).
[2026-06-26 09:37:10.237] Found 124 possible bad axioms.
[2026-06-26 09:37:10.237] Selected the bad axiom SubClassOf(http://purl.obolibrary.org/obo/TRANS_0000007 http://purl.obolibrary.org/obo/TRANS_0000001).
[2026-06-26 09:37:10.240] Found 123 possible bad axioms.
[2026-06-26 09:37:10.240] Selected the bad axiom SubClassOf(http://purl.obolibrary.org/obo/TRANS_0000028 http://purl.obolibrary.org/obo/TRANS_0000029).
[2026-06-26 09:37:10.243] Found 122 possible bad axioms.
[2026-06-26 09:37:10.243] Selected the bad axiom SubClassOf(http://purl.obolibrary.org/obo/TRANS_0000000 http://purl.obolibrary.org/obo/TRANS_0000008).
[2026-06-26 09:37:10.245] Found 121 possible bad axioms.
[2026-06-26 09:37:10.246] Selected the bad axiom SubClassOf(http://purl.obolibrary.org/obo/TRANS_0000007 http://purl.obolibrary.org/obo/TRANS_0000008).
[2026-06-26 09:37:10.248] Found 120 possible bad axioms.
[2026-06-26 09:37:10.248] Selected the bad axiom SubClassOf(http://purl.obolibrary.org/obo/TRANS_0000034 http://purl.obolibrary.org/obo/TRANS_0000031).
[2026-06-26 09:37:10.256] Found 119 possible bad axioms.
[2026-06-26 09:37:10.256] Selected the bad axiom SubClassOf(http://purl.obolibrary.org/obo/TRANS_0000023 http://purl.obolibrary.org/obo/TRANS_0000020).
[2026-06-26 09:37:10.259] Found 118 possible bad axioms.
[2026-06-26 09:37:10.259] Selected the bad axiom SubClassOf(http://purl.obolibrary.org/obo/TRANS_0000001 http://purl.obolibrary.org/obo/TRANS_0000005).
[2026-06-26 09:37:10.262] Found 117 possible bad axioms.
[2026-06-26 09:37:10.262] Selected the bad axiom SubClassOf(http://purl.obolibrary.org/obo/TRANS_0000010 http://purl.obolibrary.org/obo/TRANS_0000002).
[2026-06-26 09:37:10.269] Found 116 possible bad axioms.
[2026-06-26 09:37:10.269] Selected the bad axiom SubClassOf(http://purl.obolibrary.org/obo/TRANS_0000005 http://purl.obolibrary.org/obo/TRANS_0000014).
[2026-06-26 09:37:1
...[truncated]
SUCCESS: attempt=32 seed=440268 success_count=30/100
progress: ontology=PTRANS attempt=32 success=30/100
----- PTRANS attempt=33 seed=454468 at 2026-06-26 09:37:19 -----
--- stdout ---
{"seed":454468,"run_id":"20260624134028346645","trial_status":"memory_limit_exceeded","error_type":"failure","failure_stage":"B8","error_message":"Repair failed: ExecutionException: java.lang.IllegalStateException: Could not find a weakening for axiom: ⊤ ⊑ TRANS_0000008","iic_values":{},"repair_runtimes_ms":{"A1":128,"A2":1154,"A3":205,"B1":159,"B2":735,"B3":1462,"B4":43,"B5":352,"B6":797,"B7":88,"B8":555}}

--- stderr ---
SingleTrialExperiment starting: ontology=/workspaces/ontologyutils-ekaw26/repair-power-index-replication-ekaw26/ontologies/inconsistent/PTRANS.owl, seed=454468, run_id=20260624134028346645
Loaded ontology.
Normalizing ontology with SROIQ normalization...
Normalized ontology with SROIQ normalization.
Ontology is already inconsistent, skipping make-inconsistent step.
Repairing with A1 (random-removal)...
[2026-06-26 09:37:19.408] Checking precondition...
[2026-06-26 09:37:19.423] Starting the repair...
[2026-06-26 09:37:19.429] Found 127 possible bad axioms.
[2026-06-26 09:37:19.431] Selected the bad axiom SubClassOf(http://purl.obolibrary.org/obo/TRANS_0000015 http://purl.obolibrary.org/obo/TRANS_0000019).
[2026-06-26 09:37:19.436] Found 126 possible bad axioms.
[2026-06-26 09:37:19.436] Selected the bad axiom SubClassOf(http://purl.obolibrary.org/obo/TRANS_0000015 http://purl.obolibrary.org/obo/TRANS_0000025).
[2026-06-26 09:37:19.439] Found 125 possible bad axioms.
[2026-06-26 09:37:19.439] Selected the bad axiom SubClassOf(http://purl.obolibrary.org/obo/TRANS_0000014 http://purl.obolibrary.org/obo/TRANS_0000005).
[2026-06-26 09:37:19.443] Found 124 possible bad axioms.
[2026-06-26 09:37:19.443] Selected the bad axiom SubClassOf(http://purl.obolibrary.org/obo/TRANS_0000033 http://purl.obolibrary.org/obo/TRANS_0000024).
[2026-06-26 09:37:19.445] Found 123 possible bad axioms.
[2026-06-26 09:37:19.445] Selected the bad axiom SubClassOf(http://purl.obolibrary.org/obo/TRANS_0000019 http://purl.obolibrary.org/obo/TRANS_0000029).
[2026-06-26 09:37:19.448] Found 122 possible bad axioms.
[2026-06-26 09:37:19.448] Selected the bad axiom SubClassOf(http://purl.obolibrary.org/obo/TRANS_0000023 http://purl.obolibrary.org/obo/TRANS_0000021).
[2026-06-26 09:37:19.451] Found 121 possible bad axioms.
[2026-06-26 09:37:19.451] Selected the bad axiom SubClassOf(http://purl.obolibrary.org/obo/TRANS_0000031 http://purl.obolibrary.org/obo/TRANS_0000015).
[2026-06-26 09:37:19.453] Found 120 possible bad axioms.
[2026-06-26 09:37:19.454] Selected the bad axiom SubClassOf(http://purl.obolibrary.org/obo/TRANS_0000034 http://purl.obolibrary.org/obo/TRANS_0000033).
[2026-06-26 09:37:19.456] Found 119 possible bad axioms.
[2026-06-26 09:37:19.456] Selected the bad axiom SubClassOf(http://purl.obolibrary.org/obo/TRANS_0000025 http://purl.obolibrary.org/obo/TRANS_0000011).
[2026-06-26 09:37:19.463] Found 118 possible bad axioms.
[2026-06-26 09:37:19.464] Selected the bad axiom SubClassOf(http://purl.obolibrary.org/obo/TRANS_0000000 http://purl.obolibrary.org/obo/TRANS_0000001).
[2026-06-26 09:37:19.466] Found 117 possible bad axioms.
[2026-06-26 09:37:19.466] Selected the bad axiom SubClassOf(http://purl.obolibrary.org/obo/TRANS_0000015 http://purl.obolibrary.org/obo/TRANS_0000013).
[2026-06-26 09:37:19.473] Found 116 possible bad axioms.
[2026-06-26 09:37:19.474] Selected the bad axiom SubClassOf(http://purl.obolibrary.org/obo/TRANS_0000002 http://purl.obolibrary.org/obo/TR
...[truncated]
FAIL: attempt=33 seed=454468 status=memory_limit_exceeded stage=B8 message=Repair failed: ExecutionException: java.lang.IllegalStateException: Could not find a weakening for axiom: ⊤ ⊑ TRANS_0000008
progress: ontology=PTRANS attempt=33 success=30/100
----- PTRANS attempt=34 seed=468668 at 2026-06-26 09:37:25 -----
--- stdout ---
{"seed":468668,"run_id":"20260624134028346645","trial_status":"memory_limit_exceeded","error_type":"failure","failure_stage":"A3","error_message":"Repair failed: ExecutionException: java.lang.NullPointerException: operands cannot be null or empty","iic_values":{},"repair_runtimes_ms":{"A1":87,"A2":1152,"A3":205}}

--- stderr ---
SingleTrialExperiment starting: ontology=/workspaces/ontologyutils-ekaw26/repair-power-index-replication-ekaw26/ontologies/inconsistent/PTRANS.owl, seed=468668, run_id=20260624134028346645
Loaded ontology.
Normalizing ontology with SROIQ normalization...
Normalized ontology with SROIQ normalization.
Ontology is already inconsistent, skipping make-inconsistent step.
Repairing with A1 (random-removal)...
[2026-06-26 09:37:25.507] Checking precondition...
[2026-06-26 09:37:25.522] Starting the repair...
[2026-06-26 09:37:25.527] Found 127 possible bad axioms.
[2026-06-26 09:37:25.529] Selected the bad axiom SubClassOf(http://purl.obolibrary.org/obo/TRANS_0000006 http://purl.obolibrary.org/obo/TRANS_0000001).
[2026-06-26 09:37:25.534] Found 126 possible bad axioms.
[2026-06-26 09:37:25.535] Selected the bad axiom SubClassOf(http://purl.obolibrary.org/obo/TRANS_0000031 http://purl.obolibrary.org/obo/TRANS_0000025).
[2026-06-26 09:37:25.540] Found 125 possible bad axioms.
[2026-06-26 09:37:25.540] Selected the bad axiom SubClassOf(http://purl.obolibrary.org/obo/TRANS_0000012 http://purl.obolibrary.org/obo/TRANS_0000010).
[2026-06-26 09:37:25.544] Found 124 possible bad axioms.
[2026-06-26 09:37:25.544] Selected the bad axiom SubClassOf(http://purl.obolibrary.org/obo/TRANS_0000015 http://purl.obolibrary.org/obo/TRANS_0000033).
[2026-06-26 09:37:25.547] Found 123 possible bad axioms.
[2026-06-26 09:37:25.547] Selected the bad axiom SubClassOf(http://purl.obolibrary.org/obo/TRANS_0000014 http://purl.obolibrary.org/obo/TRANS_0000025).
[2026-06-26 09:37:25.550] Found 122 possible bad axioms.
[2026-06-26 09:37:25.550] Selected the bad axiom SubClassOf(http://purl.obolibrary.org/obo/TRANS_0000002 owl:Nothing).
[2026-06-26 09:37:25.552] Found 121 possible bad axioms.
[2026-06-26 09:37:25.552] Selected the bad axiom SubClassOf(http://purl.obolibrary.org/obo/TRANS_0000021 http://purl.obolibrary.org/obo/TRANS_0000023).
[2026-06-26 09:37:25.555] Found 120 possible bad axioms.
[2026-06-26 09:37:25.555] Selected the bad axiom SubClassOf(http://purl.obolibrary.org/obo/TRANS_0000025 http://purl.obolibrary.org/obo/TRANS_0000009).
[2026-06-26 09:37:25.562] Found 119 possible bad axioms.
[2026-06-26 09:37:25.562] Selected the bad axiom SubClassOf(http://purl.obolibrary.org/obo/TRANS_0000027 http://purl.obolibrary.org/obo/TRANS_0000020).
[2026-06-26 09:37:25.565] Found 118 possible bad axioms.
[2026-06-26 09:37:25.565] Selected the bad axiom SubClassOf(http://purl.obolibrary.org/obo/TRANS_0000029 http://purl.obolibrary.org/obo/TRANS_0000013).
[2026-06-26 09:37:25.568] Found 117 possible bad axioms.
[2026-06-26 09:37:25.568] Selected the bad axiom SubClassOf(http://purl.obolibrary.org/obo/TRANS_0000025 http://purl.obolibrary.org/obo/TRANS_0000005).
[2026-06-26 09:37:25.575] Found 116 possible bad axioms.
[2026-06-26 09:37:25.575] Selected the bad axiom SubClassOf(http://purl.obolibrary.org/obo/TRANS_0000003 http://purl.obolibrary.org/obo/TRANS_0000005).
[2026-06-26 09:37:2
...[truncated]
FAIL: attempt=34 seed=468668 status=memory_limit_exceeded stage=A3 message=Repair failed: ExecutionException: java.lang.NullPointerException: operands cannot be null or empty
progress: ontology=PTRANS attempt=34 success=30/100
----- PTRANS attempt=35 seed=482868 at 2026-06-26 09:37:27 -----
--- stdout ---
{"seed":482868,"run_id":"20260624134028346645","trial_status":"success","error_type":null,"failure_stage":null,"error_message":null,"iic_values":{"B1_vs_A1":1.0,"B1_vs_A2":0.5,"B1_vs_A3":0.5,"B2_vs_A1":1.0,"B2_vs_A2":0.5,"B2_vs_A3":0.5,"B3_vs_A1":1.0,"B3_vs_A2":0.5,"B3_vs_A3":0.5,"B4_vs_A1":1.0,"B4_vs_A2":0.5,"B4_vs_A3":0.5,"B5_vs_A1":1.0,"B5_vs_A2":0.5,"B5_vs_A3":0.5,"B6_vs_A1":1.0,"B6_vs_A2":0.5,"B6_vs_A3":0.5,"B7_vs_A1":1.0,"B7_vs_A2":0.5,"B7_vs_A3":0.5,"B8_vs_A1":1.0,"B8_vs_A2":0.5,"B8_vs_A3":0.5,"B9_vs_A1":1.0,"B9_vs_A2":0.5,"B9_vs_A3":0.5},"repair_runtimes_ms":{"A1":56,"A2":1145,"A3":750,"B1":333,"B2":2272,"B3":1208,"B4":70,"B5":1662,"B6":1022,"B7":65,"B8":1869,"B9":659}}

--- stderr ---
SingleTrialExperiment starting: ontology=/workspaces/ontologyutils-ekaw26/repair-power-index-replication-ekaw26/ontologies/inconsistent/PTRANS.owl, seed=482868, run_id=20260624134028346645
Loaded ontology.
Normalizing ontology with SROIQ normalization...
Normalized ontology with SROIQ normalization.
Ontology is already inconsistent, skipping make-inconsistent step.
Repairing with A1 (random-removal)...
[2026-06-26 09:37:27.359] Checking precondition...
[2026-06-26 09:37:27.373] Starting the repair...
[2026-06-26 09:37:27.380] Found 127 possible bad axioms.
[2026-06-26 09:37:27.381] Selected the bad axiom SubClassOf(http://purl.obolibrary.org/obo/TRANS_0000015 http://purl.obolibrary.org/obo/TRANS_0000003).
[2026-06-26 09:37:27.386] Found 126 possible bad axioms.
[2026-06-26 09:37:27.386] Selected the bad axiom SubClassOf(http://purl.obolibrary.org/obo/TRANS_0000031 http://purl.obolibrary.org/obo/TRANS_0000025).
[2026-06-26 09:37:27.389] Found 125 possible bad axioms.
[2026-06-26 09:37:27.389] Selected the bad axiom SubClassOf(http://purl.obolibrary.org/obo/TRANS_0000005 http://purl.obolibrary.org/obo/TRANS_0000019).
[2026-06-26 09:37:27.393] Found 124 possible bad axioms.
[2026-06-26 09:37:27.393] Selected the bad axiom SubClassOf(http://purl.obolibrary.org/obo/TRANS_0000001 http://purl.obolibrary.org/obo/TRANS_0000007).
[2026-06-26 09:37:27.395] Found 123 possible bad axioms.
[2026-06-26 09:37:27.396] Selected the bad axiom SubClassOf(http://purl.obolibrary.org/obo/TRANS_0000010 http://purl.obolibrary.org/obo/TRANS_0000002).
[2026-06-26 09:37:27.399] Found 122 possible bad axioms.
[2026-06-26 09:37:27.399] Selected the bad axiom SubClassOf(http://purl.obolibrary.org/obo/TRANS_0000023 http://purl.obolibrary.org/obo/TRANS_0000020).
[2026-06-26 09:37:27.401] Found 121 possible bad axioms.
[2026-06-26 09:37:27.401] Selected the bad axiom SubClassOf(http://purl.obolibrary.org/obo/TRANS_0000009 http://purl.obolibrary.org/obo/TRANS_0000027).
[2026-06-26 09:37:27.404] Found 120 possible bad axioms.
[2026-06-26 09:37:27.404] Selected the bad axiom SubClassOf(owl:Thing http://purl.obolibrary.org/obo/TRANS_0000008).
[2026-06-26 09:37:27.410] Finished repairing the ontology.
Repairing with A2 (not-in-largest-mcs-removal)...
[2026-06-26 09:37:27.411] Checking precondition...
[2026-06-26 09:37:27.416] Starting the repair...
[2026-06-26 09:37:28.556] Found 1 possible bad axioms.
[2026-06-26 09:37:28.556] Selected the bad axiom SubClassOf(owl:Thing http://purl.obolibrary.org/obo/TRANS_0000008).
[2026-06-26 09:37:28.556] Finished repairing the ontology.
Repairing with A3 (default-weakening)...
[2026-06-26 09:37:28.558] Checking precondition...
[2026-06-26 09:37:28.560] Starting the repair...
[2026-06-26 09:37:28.570] Selected a reference ontology with 158 axioms.
[2026-06-26 09:37:28.748] Selected the bad axiom SubClassOf(owl:Thing http://purl.obolibrary.org/obo/TRANS_0000008).
[2026-06-26 09:37:28.764] Selected the weaker axiom SubClassOf(owl:Thing http://purl.o
...[truncated]
SUCCESS: attempt=35 seed=482868 success_count=31/100
progress: ontology=PTRANS attempt=35 success=31/100
----- PTRANS attempt=36 seed=497068 at 2026-06-26 09:37:38 -----
--- stdout ---
{"seed":497068,"run_id":"20260624134028346645","trial_status":"success","error_type":null,"failure_stage":null,"error_message":null,"iic_values":{"B1_vs_A1":1.0,"B1_vs_A2":0.5,"B1_vs_A3":0.5,"B2_vs_A1":1.0,"B2_vs_A2":0.5,"B2_vs_A3":0.5,"B3_vs_A1":1.0,"B3_vs_A2":0.5,"B3_vs_A3":0.5,"B4_vs_A1":1.0,"B4_vs_A2":0.5,"B4_vs_A3":0.5,"B5_vs_A1":1.0,"B5_vs_A2":0.5,"B5_vs_A3":0.5,"B6_vs_A1":1.0,"B6_vs_A2":0.5,"B6_vs_A3":0.5,"B7_vs_A1":1.0,"B7_vs_A2":0.5,"B7_vs_A3":0.5,"B8_vs_A1":1.0,"B8_vs_A2":0.5,"B8_vs_A3":0.5,"B9_vs_A1":1.0,"B9_vs_A2":0.5,"B9_vs_A3":0.5},"repair_runtimes_ms":{"A1":246,"A2":1065,"A3":212,"B1":179,"B2":2340,"B3":734,"B4":53,"B5":238,"B6":1065,"B7":85,"B8":1717,"B9":616}}

--- stderr ---
SingleTrialExperiment starting: ontology=/workspaces/ontologyutils-ekaw26/repair-power-index-replication-ekaw26/ontologies/inconsistent/PTRANS.owl, seed=497068, run_id=20260624134028346645
Loaded ontology.
Normalizing ontology with SROIQ normalization...
Normalized ontology with SROIQ normalization.
Ontology is already inconsistent, skipping make-inconsistent step.
Repairing with A1 (random-removal)...
[2026-06-26 09:37:38.973] Checking precondition...
[2026-06-26 09:37:38.988] Starting the repair...
[2026-06-26 09:37:38.994] Found 127 possible bad axioms.
[2026-06-26 09:37:38.996] Selected the bad axiom SubClassOf(http://purl.obolibrary.org/obo/TRANS_0000020 http://purl.obolibrary.org/obo/TRANS_0000024).
[2026-06-26 09:37:39.001] Found 126 possible bad axioms.
[2026-06-26 09:37:39.001] Selected the bad axiom SubClassOf(http://purl.obolibrary.org/obo/TRANS_0000012 http://purl.obolibrary.org/obo/TRANS_0000010).
[2026-06-26 09:37:39.004] Found 125 possible bad axioms.
[2026-06-26 09:37:39.004] Selected the bad axiom SubClassOf(http://purl.obolibrary.org/obo/TRANS_0000000 http://purl.obolibrary.org/obo/TRANS_0000001).
[2026-06-26 09:37:39.008] Found 124 possible bad axioms.
[2026-06-26 09:37:39.008] Selected the bad axiom SubClassOf(http://purl.obolibrary.org/obo/TRANS_0000015 http://purl.obolibrary.org/obo/TRANS_0000005).
[2026-06-26 09:37:39.010] Found 123 possible bad axioms.
[2026-06-26 09:37:39.011] Selected the bad axiom SubClassOf(http://purl.obolibrary.org/obo/TRANS_0000028 http://purl.obolibrary.org/obo/TRANS_0000010).
[2026-06-26 09:37:39.013] Found 122 possible bad axioms.
[2026-06-26 09:37:39.013] Selected the bad axiom SubClassOf(http://purl.obolibrary.org/obo/TRANS_0000034 http://purl.obolibrary.org/obo/TRANS_0000010).
[2026-06-26 09:37:39.016] Found 121 possible bad axioms.
[2026-06-26 09:37:39.016] Selected the bad axiom SubClassOf(http://purl.obolibrary.org/obo/TRANS_0000015 http://purl.obolibrary.org/obo/TRANS_0000009).
[2026-06-26 09:37:39.019] Found 120 possible bad axioms.
[2026-06-26 09:37:39.019] Selected the bad axiom SubClassOf(http://purl.obolibrary.org/obo/TRANS_0000026 http://purl.obolibrary.org/obo/TRANS_0000010).
[2026-06-26 09:37:39.025] Found 119 possible bad axioms.
[2026-06-26 09:37:39.026] Selected the bad axiom SubClassOf(http://purl.obolibrary.org/obo/TRANS_0000025 http://purl.obolibrary.org/obo/TRANS_0000005).
[2026-06-26 09:37:39.029] Found 118 possible bad axioms.
[2026-06-26 09:37:39.029] Selected the bad axiom SubClassOf(http://purl.obolibrary.org/obo/TRANS_0000001 http://purl.obolibrary.org/obo/TRANS_0000002).
[2026-06-26 09:37:39.032] Found 117 possible bad axioms.
[2026-06-26 09:37:39.032] Selected the bad axiom SubClassOf(http://purl.obolibrary.org/obo/TRANS_0000025 http://purl.obolibrary.org/obo/TRANS_0000019).
[2026-06-26 09:37:39.039] Found 116 possible bad axioms.
[2026-06-26 09:37:39.039] Selected the bad axiom SubClassOf(http://purl.obolibrary.org/obo/TRANS_0000025 http://purl.obolibrary.org/obo/TR
...[truncated]
SUCCESS: attempt=36 seed=497068 success_count=32/100
progress: ontology=PTRANS attempt=36 success=32/100
----- PTRANS attempt=37 seed=511268 at 2026-06-26 09:37:47 -----
--- stdout ---
{"seed":511268,"run_id":"20260624134028346645","trial_status":"success","error_type":null,"failure_stage":null,"error_message":null,"iic_values":{"B1_vs_A1":0.9856459330143541,"B1_vs_A2":0.5,"B1_vs_A3":0.5,"B2_vs_A1":0.9856459330143541,"B2_vs_A2":0.5,"B2_vs_A3":0.5,"B3_vs_A1":0.9856459330143541,"B3_vs_A2":0.5,"B3_vs_A3":0.5,"B4_vs_A1":0.9856459330143541,"B4_vs_A2":0.5,"B4_vs_A3":0.5,"B5_vs_A1":0.9856459330143541,"B5_vs_A2":0.5,"B5_vs_A3":0.5,"B6_vs_A1":0.9856459330143541,"B6_vs_A2":0.5,"B6_vs_A3":0.5,"B7_vs_A1":0.9856459330143541,"B7_vs_A2":0.5,"B7_vs_A3":0.5,"B8_vs_A1":0.9856459330143541,"B8_vs_A2":0.5,"B8_vs_A3":0.5,"B9_vs_A1":0.9856459330143541,"B9_vs_A2":0.5,"B9_vs_A3":0.5},"repair_runtimes_ms":{"A1":151,"A2":1113,"A3":230,"B1":164,"B2":2313,"B3":1199,"B4":35,"B5":1439,"B6":1194,"B7":64,"B8":1555,"B9":1181}}

--- stderr ---
SingleTrialExperiment starting: ontology=/workspaces/ontologyutils-ekaw26/repair-power-index-replication-ekaw26/ontologies/inconsistent/PTRANS.owl, seed=511268, run_id=20260624134028346645
Loaded ontology.
Normalizing ontology with SROIQ normalization...
Normalized ontology with SROIQ normalization.
Ontology is already inconsistent, skipping make-inconsistent step.
Repairing with A1 (random-removal)...
[2026-06-26 09:37:48.028] Checking precondition...
[2026-06-26 09:37:48.042] Starting the repair...
[2026-06-26 09:37:48.049] Found 127 possible bad axioms.
[2026-06-26 09:37:48.050] Selected the bad axiom SubClassOf(http://purl.obolibrary.org/obo/TRANS_0000025 http://purl.obolibrary.org/obo/TRANS_0000011).
[2026-06-26 09:37:48.054] Found 126 possible bad axioms.
[2026-06-26 09:37:48.054] Selected the bad axiom SubClassOf(http://purl.obolibrary.org/obo/TRANS_0000025 http://purl.obolibrary.org/obo/TRANS_0000009).
[2026-06-26 09:37:48.057] Found 125 possible bad axioms.
[2026-06-26 09:37:48.058] Selected the bad axiom SubClassOf(http://purl.obolibrary.org/obo/TRANS_0000015 http://purl.obolibrary.org/obo/TRANS_0000003).
[2026-06-26 09:37:48.061] Found 124 possible bad axioms.
[2026-06-26 09:37:48.061] Selected the bad axiom SubClassOf(http://purl.obolibrary.org/obo/TRANS_0000023 http://purl.obolibrary.org/obo/TRANS_0000020).
[2026-06-26 09:37:48.063] Found 123 possible bad axioms.
[2026-06-26 09:37:48.063] Selected the bad axiom SubClassOf(http://purl.obolibrary.org/obo/TRANS_0000028 http://purl.obolibrary.org/obo/TRANS_0000031).
[2026-06-26 09:37:48.066] Found 122 possible bad axioms.
[2026-06-26 09:37:48.066] Selected the bad axiom SubClassOf(http://purl.obolibrary.org/obo/TRANS_0000015 http://purl.obolibrary.org/obo/TRANS_0000025).
[2026-06-26 09:37:48.069] Found 121 possible bad axioms.
[2026-06-26 09:37:48.069] Selected the bad axiom SubClassOf(http://purl.obolibrary.org/obo/TRANS_0000031 http://purl.obolibrary.org/obo/TRANS_0000025).
[2026-06-26 09:37:48.072] Found 120 possible bad axioms.
[2026-06-26 09:37:48.072] Selected the bad axiom SubClassOf(http://purl.obolibrary.org/obo/TRANS_0000019 http://purl.obolibrary.org/obo/TRANS_0000029).
[2026-06-26 09:37:48.078] Found 119 possible bad axioms.
[2026-06-26 09:37:48.078] Selected the bad axiom SubClassOf(http://purl.obolibrary.org/obo/TRANS_0000025 http://purl.obolibrary.org/obo/TRANS_0000019).
[2026-06-26 09:37:48.081] Found 118 possible bad axioms.
[2026-06-26 09:37:48.081] Selected the bad axiom SubClassOf(http://purl.obolibrary.org/obo/TRANS_0000006 http://purl.obolibrary.org/obo/TRANS_0000008).
[2026-06-26 09:37:48.083] Found 117 possible bad axioms.
[2026-06-26 09:37:48.083] Selected the bad axiom SubClassOf(http://purl.obolibrary.org/obo/TRANS_0000005 http://purl.obolibrary.org/obo/TRANS_0000022).
[2026-06-26 09:37:48.090] Found 116 possible bad axioms.
[2026-06-26 09:37:48.090] Selected the bad axiom SubClassOf(http://purl.obolibrary.org/obo/TRANS_0000031 http://purl.obolibrary.org/obo/TR
...[truncated]
SUCCESS: attempt=37 seed=511268 success_count=33/100
progress: ontology=PTRANS attempt=37 success=33/100
----- PTRANS attempt=38 seed=525468 at 2026-06-26 09:37:58 -----
--- stdout ---
{"seed":525468,"run_id":"20260624134028346645","trial_status":"success","error_type":null,"failure_stage":null,"error_message":null,"iic_values":{"B1_vs_A1":0.9985052316890882,"B1_vs_A2":0.5,"B1_vs_A3":0.5,"B2_vs_A1":0.9985052316890882,"B2_vs_A2":0.5,"B2_vs_A3":0.5,"B3_vs_A1":0.9985052316890882,"B3_vs_A2":0.5,"B3_vs_A3":0.5,"B4_vs_A1":0.9985052316890882,"B4_vs_A2":0.5,"B4_vs_A3":0.5,"B5_vs_A1":0.9985052316890882,"B5_vs_A2":0.5,"B5_vs_A3":0.5,"B6_vs_A1":0.9985052316890882,"B6_vs_A2":0.5,"B6_vs_A3":0.5,"B7_vs_A1":0.9985052316890882,"B7_vs_A2":0.5,"B7_vs_A3":0.5,"B8_vs_A1":0.9985052316890882,"B8_vs_A2":0.5,"B8_vs_A3":0.5,"B9_vs_A1":0.9985052316890882,"B9_vs_A2":0.5,"B9_vs_A3":0.5},"repair_runtimes_ms":{"A1":192,"A2":1062,"A3":213,"B1":189,"B2":2292,"B3":741,"B4":41,"B5":1685,"B6":1121,"B7":85,"B8":437,"B9":286}}

--- stderr ---
SingleTrialExperiment starting: ontology=/workspaces/ontologyutils-ekaw26/repair-power-index-replication-ekaw26/ontologies/inconsistent/PTRANS.owl, seed=525468, run_id=20260624134028346645
Loaded ontology.
Normalizing ontology with SROIQ normalization...
Normalized ontology with SROIQ normalization.
Ontology is already inconsistent, skipping make-inconsistent step.
Repairing with A1 (random-removal)...
[2026-06-26 09:37:59.194] Checking precondition...
[2026-06-26 09:37:59.208] Starting the repair...
[2026-06-26 09:37:59.215] Found 127 possible bad axioms.
[2026-06-26 09:37:59.216] Selected the bad axiom SubClassOf(http://purl.obolibrary.org/obo/TRANS_0000029 http://purl.obolibrary.org/obo/TRANS_0000027).
[2026-06-26 09:37:59.221] Found 126 possible bad axioms.
[2026-06-26 09:37:59.221] Selected the bad axiom SubClassOf(http://purl.obolibrary.org/obo/TRANS_0000029 http://purl.obolibrary.org/obo/TRANS_0000033).
[2026-06-26 09:37:59.226] Found 125 possible bad axioms.
[2026-06-26 09:37:59.226] Selected the bad axiom SubClassOf(http://purl.obolibrary.org/obo/TRANS_0000005 http://purl.obolibrary.org/obo/TRANS_0000002).
[2026-06-26 09:37:59.229] Found 124 possible bad axioms.
[2026-06-26 09:37:59.229] Selected the bad axiom SubClassOf(http://purl.obolibrary.org/obo/TRANS_0000006 http://purl.obolibrary.org/obo/TRANS_0000008).
[2026-06-26 09:37:59.232] Found 123 possible bad axioms.
[2026-06-26 09:37:59.232] Selected the bad axiom SubClassOf(http://purl.obolibrary.org/obo/TRANS_0000007 http://purl.obolibrary.org/obo/TRANS_0000006).
[2026-06-26 09:37:59.235] Found 122 possible bad axioms.
[2026-06-26 09:37:59.235] Selected the bad axiom SubClassOf(http://purl.obolibrary.org/obo/TRANS_0000001 http://purl.obolibrary.org/obo/TRANS_0000002).
[2026-06-26 09:37:59.238] Found 121 possible bad axioms.
[2026-06-26 09:37:59.238] Selected the bad axiom SubClassOf(http://purl.obolibrary.org/obo/TRANS_0000025 http://purl.obolibrary.org/obo/TRANS_0000012).
[2026-06-26 09:37:59.241] Found 120 possible bad axioms.
[2026-06-26 09:37:59.241] Selected the bad axiom SubClassOf(http://purl.obolibrary.org/obo/TRANS_0000030 http://purl.obolibrary.org/obo/TRANS_0000010).
[2026-06-26 09:37:59.248] Found 119 possible bad axioms.
[2026-06-26 09:37:59.248] Selected the bad axiom SubClassOf(http://purl.obolibrary.org/obo/TRANS_0000024 http://purl.obolibrary.org/obo/TRANS_0000027).
[2026-06-26 09:37:59.251] Found 118 possible bad axioms.
[2026-06-26 09:37:59.251] Selected the bad axiom SubClassOf(http://purl.obolibrary.org/obo/TRANS_0000012 http://purl.obolibrary.org/obo/TRANS_0000027).
[2026-06-26 09:37:59.254] Found 117 possible bad axioms.
[2026-06-26 09:37:59.254] Selected the bad axiom SubClassOf(http://purl.obolibrary.org/obo/TRANS_0000029 http://purl.obolibrary.org/obo/TRANS_0000024).
[2026-06-26 09:37:59.263] Found 116 possible bad axioms.
[2026-06-26 09:37:59.263] Selected the bad axiom SubClassOf(http://purl.obolibrary.org/obo/TRANS_0000001 http://purl.obolibrary.org/obo/TR
...[truncated]
SUCCESS: attempt=38 seed=525468 success_count=34/100
progress: ontology=PTRANS attempt=38 success=34/100
----- PTRANS attempt=39 seed=539668 at 2026-06-26 09:38:07 -----
--- stdout ---
{"seed":539668,"run_id":"20260624134028346645","trial_status":"success","error_type":null,"failure_stage":null,"error_message":null,"iic_values":{"B1_vs_A1":0.5,"B1_vs_A2":0.5,"B1_vs_A3":0.5,"B2_vs_A1":0.5,"B2_vs_A2":0.5,"B2_vs_A3":0.5,"B3_vs_A1":0.5,"B3_vs_A2":0.5,"B3_vs_A3":0.5,"B4_vs_A1":0.5,"B4_vs_A2":0.5,"B4_vs_A3":0.5,"B5_vs_A1":0.5,"B5_vs_A2":0.5,"B5_vs_A3":0.5,"B6_vs_A1":0.5,"B6_vs_A2":0.5,"B6_vs_A3":0.5,"B7_vs_A1":0.5,"B7_vs_A2":0.5,"B7_vs_A3":0.5,"B8_vs_A1":0.5,"B8_vs_A2":0.5,"B8_vs_A3":0.5,"B9_vs_A1":0.5,"B9_vs_A2":0.5,"B9_vs_A3":0.5},"repair_runtimes_ms":{"A1":41,"A2":1222,"A3":211,"B1":186,"B2":1488,"B3":1268,"B4":37,"B5":1837,"B6":1162,"B7":72,"B8":1730,"B9":660}}

--- stderr ---
SingleTrialExperiment starting: ontology=/workspaces/ontologyutils-ekaw26/repair-power-index-replication-ekaw26/ontologies/inconsistent/PTRANS.owl, seed=539668, run_id=20260624134028346645
Loaded ontology.
Normalizing ontology with SROIQ normalization...
Normalized ontology with SROIQ normalization.
Ontology is already inconsistent, skipping make-inconsistent step.
Repairing with A1 (random-removal)...
[2026-06-26 09:38:08.047] Checking precondition...
[2026-06-26 09:38:08.061] Starting the repair...
[2026-06-26 09:38:08.067] Found 127 possible bad axioms.
[2026-06-26 09:38:08.069] Selected the bad axiom SubClassOf(http://purl.obolibrary.org/obo/TRANS_0000029 http://purl.obolibrary.org/obo/TRANS_0000010).
[2026-06-26 09:38:08.073] Found 126 possible bad axioms.
[2026-06-26 09:38:08.073] Selected the bad axiom SubClassOf(http://purl.obolibrary.org/obo/TRANS_0000029 http://purl.obolibrary.org/obo/TRANS_0000033).
[2026-06-26 09:38:08.077] Found 125 possible bad axioms.
[2026-06-26 09:38:08.077] Selected the bad axiom SubClassOf(http://purl.obolibrary.org/obo/TRANS_0000025 http://purl.obolibrary.org/obo/TRANS_0000009).
[2026-06-26 09:38:08.080] Found 124 possible bad axioms.
[2026-06-26 09:38:08.081] Selected the bad axiom SubClassOf(owl:Thing http://purl.obolibrary.org/obo/TRANS_0000008).
[2026-06-26 09:38:08.083] Finished repairing the ontology.
Repairing with A2 (not-in-largest-mcs-removal)...
[2026-06-26 09:38:08.084] Checking precondition...
[2026-06-26 09:38:08.089] Starting the repair...
[2026-06-26 09:38:09.305] Found 1 possible bad axioms.
[2026-06-26 09:38:09.305] Selected the bad axiom SubClassOf(owl:Thing http://purl.obolibrary.org/obo/TRANS_0000008).
[2026-06-26 09:38:09.305] Finished repairing the ontology.
Repairing with A3 (default-weakening)...
[2026-06-26 09:38:09.307] Checking precondition...
[2026-06-26 09:38:09.309] Starting the repair...
[2026-06-26 09:38:09.326] Selected a reference ontology with 155 axioms.
[2026-06-26 09:38:09.500] Selected the bad axiom SubClassOf(owl:Thing http://purl.obolibrary.org/obo/TRANS_0000008).
[2026-06-26 09:38:09.516] Selected the weaker axiom SubClassOf(http://purl.obolibrary.org/obo/TRANS_0000007 http://purl.obolibrary.org/obo/TRANS_0000008).
[2026-06-26 09:38:09.518] Finished repairing the ontology.
Repairing with B1 (bad-in_some_mus-weaker-random)...
[2026-06-26 09:38:09.518] Checking precondition...
[2026-06-26 09:38:09.520] Starting the repair...
[2026-06-26 09:38:09.538] Selected a reference ontology with 158 axioms.
[2026-06-26 09:38:09.696] Selected the bad axiom SubClassOf(owl:Thing http://purl.obolibrary.org/obo/TRANS_0000008).
[2026-06-26 09:38:09.703] Selected the weaker axiom SubClassOf(http://purl.obolibrary.org/obo/TRANS_0000022 http://purl.obolibrary.org/obo/TRANS_0000008).
[2026-06-26 09:38:09.705] Finished repairing the ontology.
Repairing with B2 (bad-in_some_mus-weaker-shapley)...
[2026-06-26 09:38:09.706] Checking precondition...
[2026-06-26 09:38:09.708] Starting the repair.
...[truncated]
SUCCESS: attempt=39 seed=539668 success_count=35/100
progress: ontology=PTRANS attempt=39 success=35/100
----- PTRANS attempt=40 seed=553868 at 2026-06-26 09:38:18 -----
--- stdout ---
{"seed":553868,"run_id":"20260624134028346645","trial_status":"success","error_type":null,"failure_stage":null,"error_message":null,"iic_values":{"B1_vs_A1":1.0,"B1_vs_A2":0.5,"B1_vs_A3":0.5,"B2_vs_A1":1.0,"B2_vs_A2":0.5,"B2_vs_A3":0.5,"B3_vs_A1":1.0,"B3_vs_A2":0.5,"B3_vs_A3":0.5,"B4_vs_A1":1.0,"B4_vs_A2":0.5,"B4_vs_A3":0.5,"B5_vs_A1":1.0,"B5_vs_A2":0.5,"B5_vs_A3":0.5,"B6_vs_A1":1.0,"B6_vs_A2":0.5,"B6_vs_A3":0.5,"B7_vs_A1":1.0,"B7_vs_A2":0.5,"B7_vs_A3":0.5,"B8_vs_A1":1.0,"B8_vs_A2":0.5,"B8_vs_A3":0.5,"B9_vs_A1":1.0,"B9_vs_A2":0.5,"B9_vs_A3":0.5},"repair_runtimes_ms":{"A1":95,"A2":1171,"A3":226,"B1":179,"B2":2263,"B3":1215,"B4":37,"B5":1802,"B6":1131,"B7":72,"B8":1848,"B9":192}}

--- stderr ---
SingleTrialExperiment starting: ontology=/workspaces/ontologyutils-ekaw26/repair-power-index-replication-ekaw26/ontologies/inconsistent/PTRANS.owl, seed=553868, run_id=20260624134028346645
Loaded ontology.
Normalizing ontology with SROIQ normalization...
Normalized ontology with SROIQ normalization.
Ontology is already inconsistent, skipping make-inconsistent step.
Repairing with A1 (random-removal)...
[2026-06-26 09:38:18.432] Checking precondition...
[2026-06-26 09:38:18.448] Starting the repair...
[2026-06-26 09:38:18.454] Found 127 possible bad axioms.
[2026-06-26 09:38:18.455] Selected the bad axiom SubClassOf(http://purl.obolibrary.org/obo/TRANS_0000009 http://purl.obolibrary.org/obo/TRANS_0000002).
[2026-06-26 09:38:18.460] Found 126 possible bad axioms.
[2026-06-26 09:38:18.460] Selected the bad axiom SubClassOf(http://purl.obolibrary.org/obo/TRANS_0000001 http://purl.obolibrary.org/obo/TRANS_0000002).
[2026-06-26 09:38:18.463] Found 125 possible bad axioms.
[2026-06-26 09:38:18.464] Selected the bad axiom SubClassOf(http://purl.obolibrary.org/obo/TRANS_0000025 http://purl.obolibrary.org/obo/TRANS_0000003).
[2026-06-26 09:38:18.467] Found 124 possible bad axioms.
[2026-06-26 09:38:18.467] Selected the bad axiom SubClassOf(http://purl.obolibrary.org/obo/TRANS_0000033 http://purl.obolibrary.org/obo/TRANS_0000015).
[2026-06-26 09:38:18.470] Found 123 possible bad axioms.
[2026-06-26 09:38:18.470] Selected the bad axiom SubClassOf(http://purl.obolibrary.org/obo/TRANS_0000005 http://purl.obolibrary.org/obo/TRANS_0000012).
[2026-06-26 09:38:18.473] Found 122 possible bad axioms.
[2026-06-26 09:38:18.473] Selected the bad axiom SubClassOf(http://purl.obolibrary.org/obo/TRANS_0000003 http://purl.obolibrary.org/obo/TRANS_0000005).
[2026-06-26 09:38:18.475] Found 121 possible bad axioms.
[2026-06-26 09:38:18.476] Selected the bad axiom SubClassOf(http://purl.obolibrary.org/obo/TRANS_0000019 http://purl.obolibrary.org/obo/TRANS_0000023).
[2026-06-26 09:38:18.478] Found 120 possible bad axioms.
[2026-06-26 09:38:18.478] Selected the bad axiom SubClassOf(http://purl.obolibrary.org/obo/TRANS_0000007 http://purl.obolibrary.org/obo/TRANS_0000001).
[2026-06-26 09:38:18.485] Found 119 possible bad axioms.
[2026-06-26 09:38:18.485] Selected the bad axiom SubClassOf(http://purl.obolibrary.org/obo/TRANS_0000029 http://purl.obolibrary.org/obo/TRANS_0000010).
[2026-06-26 09:38:18.488] Found 118 possible bad axioms.
[2026-06-26 09:38:18.488] Selected the bad axiom SubClassOf(http://purl.obolibrary.org/obo/TRANS_0000006 http://purl.obolibrary.org/obo/TRANS_0000001).
[2026-06-26 09:38:18.490] Found 117 possible bad axioms.
[2026-06-26 09:38:18.490] Selected the bad axiom SubClassOf(http://purl.obolibrary.org/obo/TRANS_0000032 http://purl.obolibrary.org/obo/TRANS_0000015).
[2026-06-26 09:38:18.498] Found 116 possible bad axioms.
[2026-06-26 09:38:18.498] Selected the bad axiom SubClassOf(http://purl.obolibrary.org/obo/TRANS_0000025 http://purl.obolibrary.org/obo/TR
...[truncated]
SUCCESS: attempt=40 seed=553868 success_count=36/100
progress: ontology=PTRANS attempt=40 success=36/100
----- PTRANS attempt=41 seed=568068 at 2026-06-26 09:38:28 -----
--- stdout ---
{"seed":568068,"run_id":"20260624134028346645","trial_status":"success","error_type":null,"failure_stage":null,"error_message":null,"iic_values":{"B1_vs_A1":1.0,"B1_vs_A2":0.5,"B1_vs_A3":0.5,"B2_vs_A1":1.0,"B2_vs_A2":0.5,"B2_vs_A3":0.5,"B3_vs_A1":1.0,"B3_vs_A2":0.5,"B3_vs_A3":0.5,"B4_vs_A1":1.0,"B4_vs_A2":0.5,"B4_vs_A3":0.5,"B5_vs_A1":1.0,"B5_vs_A2":0.5,"B5_vs_A3":0.5,"B6_vs_A1":1.0,"B6_vs_A2":0.5,"B6_vs_A3":0.5,"B7_vs_A1":1.0,"B7_vs_A2":0.5,"B7_vs_A3":0.5,"B8_vs_A1":1.0,"B8_vs_A2":0.5,"B8_vs_A3":0.5,"B9_vs_A1":1.0,"B9_vs_A2":0.5,"B9_vs_A3":0.5},"repair_runtimes_ms":{"A1":156,"A2":1116,"A3":237,"B1":536,"B2":2336,"B3":1259,"B4":52,"B5":967,"B6":1170,"B7":79,"B8":1691,"B9":782}}

--- stderr ---
SingleTrialExperiment starting: ontology=/workspaces/ontologyutils-ekaw26/repair-power-index-replication-ekaw26/ontologies/inconsistent/PTRANS.owl, seed=568068, run_id=20260624134028346645
Loaded ontology.
Normalizing ontology with SROIQ normalization...
Normalized ontology with SROIQ normalization.
Ontology is already inconsistent, skipping make-inconsistent step.
Repairing with A1 (random-removal)...
[2026-06-26 09:38:29.236] Checking precondition...
[2026-06-26 09:38:29.250] Starting the repair...
[2026-06-26 09:38:29.256] Found 127 possible bad axioms.
[2026-06-26 09:38:29.257] Selected the bad axiom SubClassOf(http://purl.obolibrary.org/obo/TRANS_0000000 http://purl.obolibrary.org/obo/TRANS_0000001).
[2026-06-26 09:38:29.262] Found 126 possible bad axioms.
[2026-06-26 09:38:29.262] Selected the bad axiom SubClassOf(http://purl.obolibrary.org/obo/TRANS_0000028 http://purl.obolibrary.org/obo/TRANS_0000010).
[2026-06-26 09:38:29.265] Found 125 possible bad axioms.
[2026-06-26 09:38:29.266] Selected the bad axiom SubClassOf(http://purl.obolibrary.org/obo/TRANS_0000003 http://purl.obolibrary.org/obo/TRANS_0000025).
[2026-06-26 09:38:29.269] Found 124 possible bad axioms.
[2026-06-26 09:38:29.269] Selected the bad axiom SubClassOf(http://purl.obolibrary.org/obo/TRANS_0000033 http://purl.obolibrary.org/obo/TRANS_0000024).
[2026-06-26 09:38:29.272] Found 123 possible bad axioms.
[2026-06-26 09:38:29.272] Selected the bad axiom SubClassOf(http://purl.obolibrary.org/obo/TRANS_0000020 http://purl.obolibrary.org/obo/TRANS_0000019).
[2026-06-26 09:38:29.275] Found 122 possible bad axioms.
[2026-06-26 09:38:29.275] Selected the bad axiom SubClassOf(http://purl.obolibrary.org/obo/TRANS_0000023 http://purl.obolibrary.org/obo/TRANS_0000020).
[2026-06-26 09:38:29.277] Found 121 possible bad axioms.
[2026-06-26 09:38:29.278] Selected the bad axiom SubClassOf(http://purl.obolibrary.org/obo/TRANS_0000002 http://purl.obolibrary.org/obo/TRANS_0000008).
[2026-06-26 09:38:29.280] Found 120 possible bad axioms.
[2026-06-26 09:38:29.280] Selected the bad axiom SubClassOf(http://purl.obolibrary.org/obo/TRANS_0000028 http://purl.obolibrary.org/obo/TRANS_0000009).
[2026-06-26 09:38:29.287] Found 119 possible bad axioms.
[2026-06-26 09:38:29.287] Selected the bad axiom SubClassOf(http://purl.obolibrary.org/obo/TRANS_0000025 http://purl.obolibrary.org/obo/TRANS_0000014).
[2026-06-26 09:38:29.290] Found 118 possible bad axioms.
[2026-06-26 09:38:29.290] Selected the bad axiom SubClassOf(http://purl.obolibrary.org/obo/TRANS_0000001 http://purl.obolibrary.org/obo/TRANS_0000000).
[2026-06-26 09:38:29.293] Found 117 possible bad axioms.
[2026-06-26 09:38:29.293] Selected the bad axiom SubClassOf(http://purl.obolibrary.org/obo/TRANS_0000006 http://purl.obolibrary.org/obo/TRANS_0000001).
[2026-06-26 09:38:29.301] Found 116 possible bad axioms.
[2026-06-26 09:38:29.301] Selected the bad axiom SubClassOf(http://purl.obolibrary.org/obo/TRANS_0000025 http://purl.obolibrary.org/obo/TR
...[truncated]
SUCCESS: attempt=41 seed=568068 success_count=37/100
progress: ontology=PTRANS attempt=41 success=37/100
----- PTRANS attempt=42 seed=582268 at 2026-06-26 09:38:39 -----
--- stdout ---
{"seed":582268,"run_id":"20260624134028346645","trial_status":"success","error_type":null,"failure_stage":null,"error_message":null,"iic_values":{"B1_vs_A1":1.0,"B1_vs_A2":0.5,"B1_vs_A3":0.5,"B2_vs_A1":1.0,"B2_vs_A2":0.5,"B2_vs_A3":0.5,"B3_vs_A1":1.0,"B3_vs_A2":0.5,"B3_vs_A3":0.5,"B4_vs_A1":1.0,"B4_vs_A2":0.5,"B4_vs_A3":0.5,"B5_vs_A1":1.0,"B5_vs_A2":0.5,"B5_vs_A3":0.5,"B6_vs_A1":1.0,"B6_vs_A2":0.5,"B6_vs_A3":0.5,"B7_vs_A1":1.0,"B7_vs_A2":0.5,"B7_vs_A3":0.5,"B8_vs_A1":1.0,"B8_vs_A2":0.5,"B8_vs_A3":0.5,"B9_vs_A1":1.0,"B9_vs_A2":0.5,"B9_vs_A3":0.5},"repair_runtimes_ms":{"A1":125,"A2":1111,"A3":585,"B1":380,"B2":1586,"B3":1248,"B4":36,"B5":1677,"B6":208,"B7":122,"B8":1852,"B9":1093}}

--- stderr ---
SingleTrialExperiment starting: ontology=/workspaces/ontologyutils-ekaw26/repair-power-index-replication-ekaw26/ontologies/inconsistent/PTRANS.owl, seed=582268, run_id=20260624134028346645
Loaded ontology.
Normalizing ontology with SROIQ normalization...
Normalized ontology with SROIQ normalization.
Ontology is already inconsistent, skipping make-inconsistent step.
Repairing with A1 (random-removal)...
[2026-06-26 09:38:40.117] Checking precondition...
[2026-06-26 09:38:40.132] Starting the repair...
[2026-06-26 09:38:40.138] Found 127 possible bad axioms.
[2026-06-26 09:38:40.140] Selected the bad axiom SubClassOf(http://purl.obolibrary.org/obo/TRANS_0000002 http://purl.obolibrary.org/obo/TRANS_0000008).
[2026-06-26 09:38:40.144] Found 126 possible bad axioms.
[2026-06-26 09:38:40.145] Selected the bad axiom SubClassOf(http://purl.obolibrary.org/obo/TRANS_0000001 http://purl.obolibrary.org/obo/TRANS_0000007).
[2026-06-26 09:38:40.148] Found 125 possible bad axioms.
[2026-06-26 09:38:40.148] Selected the bad axiom SubClassOf(http://purl.obolibrary.org/obo/TRANS_0000030 http://purl.obolibrary.org/obo/TRANS_0000015).
[2026-06-26 09:38:40.152] Found 124 possible bad axioms.
[2026-06-26 09:38:40.152] Selected the bad axiom SubClassOf(http://purl.obolibrary.org/obo/TRANS_0000012 http://purl.obolibrary.org/obo/TRANS_0000027).
[2026-06-26 09:38:40.155] Found 123 possible bad axioms.
[2026-06-26 09:38:40.155] Selected the bad axiom SubClassOf(http://purl.obolibrary.org/obo/TRANS_0000033 http://purl.obolibrary.org/obo/TRANS_0000015).
[2026-06-26 09:38:40.157] Found 122 possible bad axioms.
[2026-06-26 09:38:40.158] Selected the bad axiom SubClassOf(http://purl.obolibrary.org/obo/TRANS_0000031 http://purl.obolibrary.org/obo/TRANS_0000015).
[2026-06-26 09:38:40.160] Found 121 possible bad axioms.
[2026-06-26 09:38:40.160] Selected the bad axiom SubClassOf(http://purl.obolibrary.org/obo/TRANS_0000025 http://purl.obolibrary.org/obo/TRANS_0000013).
[2026-06-26 09:38:40.163] Found 120 possible bad axioms.
[2026-06-26 09:38:40.163] Selected the bad axiom SubClassOf(http://purl.obolibrary.org/obo/TRANS_0000034 http://purl.obolibrary.org/obo/TRANS_0000013).
[2026-06-26 09:38:40.170] Found 119 possible bad axioms.
[2026-06-26 09:38:40.170] Selected the bad axiom SubClassOf(http://purl.obolibrary.org/obo/TRANS_0000023 http://purl.obolibrary.org/obo/TRANS_0000020).
[2026-06-26 09:38:40.173] Found 118 possible bad axioms.
[2026-06-26 09:38:40.173] Selected the bad axiom SubClassOf(http://purl.obolibrary.org/obo/TRANS_0000007 http://purl.obolibrary.org/obo/TRANS_0000006).
[2026-06-26 09:38:40.176] Found 117 possible bad axioms.
[2026-06-26 09:38:40.176] Selected the bad axiom SubClassOf(http://purl.obolibrary.org/obo/TRANS_0000031 http://purl.obolibrary.org/obo/TRANS_0000026).
[2026-06-26 09:38:40.185] Found 116 possible bad axioms.
[2026-06-26 09:38:40.186] Selected the bad axiom SubClassOf(http://purl.obolibrary.org/obo/TRANS_0000028 http://purl.obolibrary.org/obo/TR
...[truncated]
SUCCESS: attempt=42 seed=582268 success_count=38/100
progress: ontology=PTRANS attempt=42 success=38/100
----- PTRANS attempt=43 seed=596468 at 2026-06-26 09:38:50 -----
--- stdout ---
{"seed":596468,"run_id":"20260624134028346645","trial_status":"success","error_type":null,"failure_stage":null,"error_message":null,"iic_values":{"B1_vs_A1":0.9916317991631799,"B1_vs_A2":0.5,"B1_vs_A3":0.5,"B2_vs_A1":0.9916317991631799,"B2_vs_A2":0.5,"B2_vs_A3":0.5,"B3_vs_A1":0.9916317991631799,"B3_vs_A2":0.5,"B3_vs_A3":0.5,"B4_vs_A1":0.9916317991631799,"B4_vs_A2":0.5,"B4_vs_A3":0.5,"B5_vs_A1":0.9916317991631799,"B5_vs_A2":0.5,"B5_vs_A3":0.5,"B6_vs_A1":0.9916317991631799,"B6_vs_A2":0.5,"B6_vs_A3":0.5,"B7_vs_A1":0.9916317991631799,"B7_vs_A2":0.5,"B7_vs_A3":0.5,"B8_vs_A1":0.9916317991631799,"B8_vs_A2":0.5,"B8_vs_A3":0.5,"B9_vs_A1":0.9916317991631799,"B9_vs_A2":0.5,"B9_vs_A3":0.5},"repair_runtimes_ms":{"A1":195,"A2":1067,"A3":236,"B1":207,"B2":1955,"B3":1200,"B4":53,"B5":1695,"B6":1161,"B7":143,"B8":1889,"B9":1205}}

--- stderr ---
SingleTrialExperiment starting: ontology=/workspaces/ontologyutils-ekaw26/repair-power-index-replication-ekaw26/ontologies/inconsistent/PTRANS.owl, seed=596468, run_id=20260624134028346645
Loaded ontology.
Normalizing ontology with SROIQ normalization...
Normalized ontology with SROIQ normalization.
Ontology is already inconsistent, skipping make-inconsistent step.
Repairing with A1 (random-removal)...
[2026-06-26 09:38:50.623] Checking precondition...
[2026-06-26 09:38:50.639] Starting the repair...
[2026-06-26 09:38:50.645] Found 127 possible bad axioms.
[2026-06-26 09:38:50.646] Selected the bad axiom SubClassOf(http://purl.obolibrary.org/obo/TRANS_0000015 http://purl.obolibrary.org/obo/TRANS_0000014).
[2026-06-26 09:38:50.651] Found 126 possible bad axioms.
[2026-06-26 09:38:50.651] Selected the bad axiom SubClassOf(http://purl.obolibrary.org/obo/TRANS_0000019 http://purl.obolibrary.org/obo/TRANS_0000023).
[2026-06-26 09:38:50.654] Found 125 possible bad axioms.
[2026-06-26 09:38:50.654] Selected the bad axiom SubClassOf(http://purl.obolibrary.org/obo/TRANS_0000028 http://purl.obolibrary.org/obo/TRANS_0000011).
[2026-06-26 09:38:50.658] Found 124 possible bad axioms.
[2026-06-26 09:38:50.658] Selected the bad axiom SubClassOf(http://purl.obolibrary.org/obo/TRANS_0000001 http://purl.obolibrary.org/obo/TRANS_0000007).
[2026-06-26 09:38:50.661] Found 123 possible bad axioms.
[2026-06-26 09:38:50.661] Selected the bad axiom SubClassOf(http://purl.obolibrary.org/obo/TRANS_0000030 http://purl.obolibrary.org/obo/TRANS_0000015).
[2026-06-26 09:38:50.663] Found 122 possible bad axioms.
[2026-06-26 09:38:50.664] Selected the bad axiom SubClassOf(http://purl.obolibrary.org/obo/TRANS_0000031 http://purl.obolibrary.org/obo/TRANS_0000026).
[2026-06-26 09:38:50.666] Found 121 possible bad axioms.
[2026-06-26 09:38:50.666] Selected the bad axiom SubClassOf(http://purl.obolibrary.org/obo/TRANS_0000027 http://purl.obolibrary.org/obo/TRANS_0000019).
[2026-06-26 09:38:50.668] Found 120 possible bad axioms.
[2026-06-26 09:38:50.668] Selected the bad axiom SubClassOf(http://purl.obolibrary.org/obo/TRANS_0000023 http://purl.obolibrary.org/obo/TRANS_0000021).
[2026-06-26 09:38:50.675] Found 119 possible bad axioms.
[2026-06-26 09:38:50.675] Selected the bad axiom SubClassOf(http://purl.obolibrary.org/obo/TRANS_0000002 http://purl.obolibrary.org/obo/TRANS_0000008).
[2026-06-26 09:38:50.678] Found 118 possible bad axioms.
[2026-06-26 09:38:50.678] Selected the bad axiom SubClassOf(http://purl.obolibrary.org/obo/TRANS_0000034 http://purl.obolibrary.org/obo/TRANS_0000010).
[2026-06-26 09:38:50.681] Found 117 possible bad axioms.
[2026-06-26 09:38:50.681] Selected the bad axiom SubClassOf(http://purl.obolibrary.org/obo/TRANS_0000007 http://purl.obolibrary.org/obo/TRANS_0000001).
[2026-06-26 09:38:50.688] Found 116 possible bad axioms.
[2026-06-26 09:38:50.688] Selected the bad axiom SubClassOf(http://purl.obolibrary.org/obo/TRANS_0000002 http://purl.obolibrary.org/obo/TR
...[truncated]
SUCCESS: attempt=43 seed=596468 success_count=39/100
progress: ontology=PTRANS attempt=43 success=39/100
----- PTRANS attempt=44 seed=610668 at 2026-06-26 09:39:01 -----
--- stdout ---
{"seed":610668,"run_id":"20260624134028346645","trial_status":"success","error_type":null,"failure_stage":null,"error_message":null,"iic_values":{"B1_vs_A1":0.9959839357429718,"B1_vs_A2":0.5,"B1_vs_A3":0.5,"B2_vs_A1":0.9959839357429718,"B2_vs_A2":0.5,"B2_vs_A3":0.5,"B3_vs_A1":0.9959839357429718,"B3_vs_A2":0.5,"B3_vs_A3":0.5,"B4_vs_A1":0.9959839357429718,"B4_vs_A2":0.5,"B4_vs_A3":0.5,"B5_vs_A1":0.9959839357429718,"B5_vs_A2":0.5,"B5_vs_A3":0.5,"B6_vs_A1":0.9959839357429718,"B6_vs_A2":0.5,"B6_vs_A3":0.5,"B7_vs_A1":0.9959839357429718,"B7_vs_A2":0.5,"B7_vs_A3":0.5,"B8_vs_A1":0.9959839357429718,"B8_vs_A2":0.5,"B8_vs_A3":0.5,"B9_vs_A1":0.9959839357429718,"B9_vs_A2":0.5,"B9_vs_A3":0.5},"repair_runtimes_ms":{"A1":180,"A2":1118,"A3":717,"B1":355,"B2":764,"B3":1304,"B4":46,"B5":1824,"B6":1121,"B7":63,"B8":1688,"B9":286}}

--- stderr ---
SingleTrialExperiment starting: ontology=/workspaces/ontologyutils-ekaw26/repair-power-index-replication-ekaw26/ontologies/inconsistent/PTRANS.owl, seed=610668, run_id=20260624134028346645
Loaded ontology.
Normalizing ontology with SROIQ normalization...
Normalized ontology with SROIQ normalization.
Ontology is already inconsistent, skipping make-inconsistent step.
Repairing with A1 (random-removal)...
[2026-06-26 09:39:02.135] Checking precondition...
[2026-06-26 09:39:02.149] Starting the repair...
[2026-06-26 09:39:02.155] Found 127 possible bad axioms.
[2026-06-26 09:39:02.156] Selected the bad axiom SubClassOf(http://purl.obolibrary.org/obo/TRANS_0000034 http://purl.obolibrary.org/obo/TRANS_0000011).
[2026-06-26 09:39:02.161] Found 126 possible bad axioms.
[2026-06-26 09:39:02.161] Selected the bad axiom SubClassOf(http://purl.obolibrary.org/obo/TRANS_0000034 http://purl.obolibrary.org/obo/TRANS_0000015).
[2026-06-26 09:39:02.164] Found 125 possible bad axioms.
[2026-06-26 09:39:02.164] Selected the bad axiom SubClassOf(http://purl.obolibrary.org/obo/TRANS_0000020 http://purl.obolibrary.org/obo/TRANS_0000021).
[2026-06-26 09:39:02.168] Found 124 possible bad axioms.
[2026-06-26 09:39:02.168] Selected the bad axiom SubClassOf(http://purl.obolibrary.org/obo/TRANS_0000033 http://purl.obolibrary.org/obo/TRANS_0000027).
[2026-06-26 09:39:02.171] Found 123 possible bad axioms.
[2026-06-26 09:39:02.171] Selected the bad axiom SubClassOf(http://purl.obolibrary.org/obo/TRANS_0000029 http://purl.obolibrary.org/obo/TRANS_0000010).
[2026-06-26 09:39:02.173] Found 122 possible bad axioms.
[2026-06-26 09:39:02.173] Selected the bad axiom SubClassOf(http://purl.obolibrary.org/obo/TRANS_0000021 http://purl.obolibrary.org/obo/TRANS_0000020).
[2026-06-26 09:39:02.176] Found 121 possible bad axioms.
[2026-06-26 09:39:02.176] Selected the bad axiom SubClassOf(http://purl.obolibrary.org/obo/TRANS_0000034 http://purl.obolibrary.org/obo/TRANS_0000033).
[2026-06-26 09:39:02.179] Found 120 possible bad axioms.
[2026-06-26 09:39:02.179] Selected the bad axiom SubClassOf(http://purl.obolibrary.org/obo/TRANS_0000029 http://purl.obolibrary.org/obo/TRANS_0000013).
[2026-06-26 09:39:02.185] Found 119 possible bad axioms.
[2026-06-26 09:39:02.185] Selected the bad axiom SubClassOf(http://purl.obolibrary.org/obo/TRANS_0000026 http://purl.obolibrary.org/obo/TRANS_0000025).
[2026-06-26 09:39:02.188] Found 118 possible bad axioms.
[2026-06-26 09:39:02.188] Selected the bad axiom SubClassOf(http://purl.obolibrary.org/obo/TRANS_0000032 http://purl.obolibrary.org/obo/TRANS_0000015).
[2026-06-26 09:39:02.191] Found 117 possible bad axioms.
[2026-06-26 09:39:02.191] Selected the bad axiom SubClassOf(http://purl.obolibrary.org/obo/TRANS_0000001 http://purl.obolibrary.org/obo/TRANS_0000002).
[2026-06-26 09:39:02.198] Found 116 possible bad axioms.
[2026-06-26 09:39:02.198] Selected the bad axiom SubClassOf(http://purl.obolibrary.org/obo/TRANS_0000008 http://purl.obolibrary.org/obo/TR
...[truncated]
SUCCESS: attempt=44 seed=610668 success_count=40/100
progress: ontology=PTRANS attempt=44 success=40/100
----- PTRANS attempt=45 seed=624868 at 2026-06-26 09:39:11 -----
--- stdout ---
{"seed":624868,"run_id":"20260624134028346645","trial_status":"success","error_type":null,"failure_stage":null,"error_message":null,"iic_values":{"B1_vs_A1":0.9974747474747475,"B1_vs_A2":0.5,"B1_vs_A3":0.5,"B2_vs_A1":0.9974747474747475,"B2_vs_A2":0.5,"B2_vs_A3":0.5,"B3_vs_A1":0.9974747474747475,"B3_vs_A2":0.5,"B3_vs_A3":0.5,"B4_vs_A1":0.9974747474747475,"B4_vs_A2":0.5,"B4_vs_A3":0.5,"B5_vs_A1":0.9974747474747475,"B5_vs_A2":0.5,"B5_vs_A3":0.5,"B6_vs_A1":0.9974747474747475,"B6_vs_A2":0.5,"B6_vs_A3":0.5,"B7_vs_A1":0.9974747474747475,"B7_vs_A2":0.5,"B7_vs_A3":0.5,"B8_vs_A1":0.9974747474747475,"B8_vs_A2":0.5,"B8_vs_A3":0.5,"B9_vs_A1":0.9974747474747475,"B9_vs_A2":0.5,"B9_vs_A3":0.5},"repair_runtimes_ms":{"A1":189,"A2":1070,"A3":200,"B1":183,"B2":2387,"B3":414,"B4":43,"B5":391,"B6":1117,"B7":76,"B8":1867,"B9":1061}}

--- stderr ---
SingleTrialExperiment starting: ontology=/workspaces/ontologyutils-ekaw26/repair-power-index-replication-ekaw26/ontologies/inconsistent/PTRANS.owl, seed=624868, run_id=20260624134028346645
Loaded ontology.
Normalizing ontology with SROIQ normalization...
Normalized ontology with SROIQ normalization.
Ontology is already inconsistent, skipping make-inconsistent step.
Repairing with A1 (random-removal)...
[2026-06-26 09:39:12.105] Checking precondition...
[2026-06-26 09:39:12.119] Starting the repair...
[2026-06-26 09:39:12.125] Found 127 possible bad axioms.
[2026-06-26 09:39:12.126] Selected the bad axiom SubClassOf(http://purl.obolibrary.org/obo/TRANS_0000034 http://purl.obolibrary.org/obo/TRANS_0000030).
[2026-06-26 09:39:12.130] Found 126 possible bad axioms.
[2026-06-26 09:39:12.130] Selected the bad axiom SubClassOf(http://purl.obolibrary.org/obo/TRANS_0000001 http://purl.obolibrary.org/obo/TRANS_0000007).
[2026-06-26 09:39:12.134] Found 125 possible bad axioms.
[2026-06-26 09:39:12.134] Selected the bad axiom SubClassOf(http://purl.obolibrary.org/obo/TRANS_0000029 http://purl.obolibrary.org/obo/TRANS_0000027).
[2026-06-26 09:39:12.137] Found 124 possible bad axioms.
[2026-06-26 09:39:12.138] Selected the bad axiom SubClassOf(http://purl.obolibrary.org/obo/TRANS_0000034 http://purl.obolibrary.org/obo/TRANS_0000013).
[2026-06-26 09:39:12.141] Found 123 possible bad axioms.
[2026-06-26 09:39:12.141] Selected the bad axiom SubClassOf(http://purl.obolibrary.org/obo/TRANS_0000025 http://purl.obolibrary.org/obo/TRANS_0000015).
[2026-06-26 09:39:12.144] Found 122 possible bad axioms.
[2026-06-26 09:39:12.144] Selected the bad axiom SubClassOf(http://purl.obolibrary.org/obo/TRANS_0000025 http://purl.obolibrary.org/obo/TRANS_0000009).
[2026-06-26 09:39:12.147] Found 121 possible bad axioms.
[2026-06-26 09:39:12.147] Selected the bad axiom SubClassOf(http://purl.obolibrary.org/obo/TRANS_0000025 http://purl.obolibrary.org/obo/TRANS_0000011).
[2026-06-26 09:39:12.153] Found 120 possible bad axioms.
[2026-06-26 09:39:12.154] Selected the bad axiom SubClassOf(http://purl.obolibrary.org/obo/TRANS_0000019 http://purl.obolibrary.org/obo/TRANS_0000005).
[2026-06-26 09:39:12.156] Found 119 possible bad axioms.
[2026-06-26 09:39:12.157] Selected the bad axiom SubClassOf(http://purl.obolibrary.org/obo/TRANS_0000020 http://purl.obolibrary.org/obo/TRANS_0000021).
[2026-06-26 09:39:12.160] Found 118 possible bad axioms.
[2026-06-26 09:39:12.160] Selected the bad axiom SubClassOf(http://purl.obolibrary.org/obo/TRANS_0000025 http://purl.obolibrary.org/obo/TRANS_0000005).
[2026-06-26 09:39:12.162] Found 117 possible bad axioms.
[2026-06-26 09:39:12.162] Selected the bad axiom SubClassOf(http://purl.obolibrary.org/obo/TRANS_0000007 http://purl.obolibrary.org/obo/TRANS_0000008).
[2026-06-26 09:39:12.169] Found 116 possible bad axioms.
[2026-06-26 09:39:12.169] Selected the bad axiom SubClassOf(http://purl.obolibrary.org/obo/TRANS_0000003 http://purl.obolibrary.org/obo/TR
...[truncated]
SUCCESS: attempt=45 seed=624868 success_count=41/100
progress: ontology=PTRANS attempt=45 success=41/100
----- PTRANS attempt=46 seed=639068 at 2026-06-26 09:39:21 -----
--- stdout ---
{"seed":639068,"run_id":"20260624134028346645","trial_status":"success","error_type":null,"failure_stage":null,"error_message":null,"iic_values":{"B1_vs_A1":0.9924812030075187,"B1_vs_A2":0.5,"B1_vs_A3":0.5,"B2_vs_A1":0.9924812030075187,"B2_vs_A2":0.5,"B2_vs_A3":0.5,"B3_vs_A1":0.9924812030075187,"B3_vs_A2":0.5,"B3_vs_A3":0.5,"B4_vs_A1":0.9924812030075187,"B4_vs_A2":0.5,"B4_vs_A3":0.5,"B5_vs_A1":0.9924812030075187,"B5_vs_A2":0.5,"B5_vs_A3":0.5,"B6_vs_A1":0.9924812030075187,"B6_vs_A2":0.5,"B6_vs_A3":0.5,"B7_vs_A1":0.9924812030075187,"B7_vs_A2":0.5,"B7_vs_A3":0.5,"B8_vs_A1":0.9924812030075187,"B8_vs_A2":0.5,"B8_vs_A3":0.5,"B9_vs_A1":0.9924812030075187,"B9_vs_A2":0.5,"B9_vs_A3":0.5},"repair_runtimes_ms":{"A1":149,"A2":1092,"A3":228,"B1":180,"B2":2416,"B3":1262,"B4":98,"B5":1742,"B6":1176,"B7":73,"B8":1718,"B9":247}}

--- stderr ---
SingleTrialExperiment starting: ontology=/workspaces/ontologyutils-ekaw26/repair-power-index-replication-ekaw26/ontologies/inconsistent/PTRANS.owl, seed=639068, run_id=20260624134028346645
Loaded ontology.
Normalizing ontology with SROIQ normalization...
Normalized ontology with SROIQ normalization.
Ontology is already inconsistent, skipping make-inconsistent step.
Repairing with A1 (random-removal)...
[2026-06-26 09:39:21.594] Checking precondition...
[2026-06-26 09:39:21.608] Starting the repair...
[2026-06-26 09:39:21.613] Found 127 possible bad axioms.
[2026-06-26 09:39:21.615] Selected the bad axiom SubClassOf(http://purl.obolibrary.org/obo/TRANS_0000034 http://purl.obolibrary.org/obo/TRANS_0000029).
[2026-06-26 09:39:21.620] Found 126 possible bad axioms.
[2026-06-26 09:39:21.620] Selected the bad axiom SubClassOf(http://purl.obolibrary.org/obo/TRANS_0000028 http://purl.obolibrary.org/obo/TRANS_0000015).
[2026-06-26 09:39:21.624] Found 125 possible bad axioms.
[2026-06-26 09:39:21.624] Selected the bad axiom SubClassOf(http://purl.obolibrary.org/obo/TRANS_0000013 http://purl.obolibrary.org/obo/TRANS_0000027).
[2026-06-26 09:39:21.628] Found 124 possible bad axioms.
[2026-06-26 09:39:21.628] Selected the bad axiom SubClassOf(http://purl.obolibrary.org/obo/TRANS_0000001 http://purl.obolibrary.org/obo/TRANS_0000000).
[2026-06-26 09:39:21.630] Found 123 possible bad axioms.
[2026-06-26 09:39:21.630] Selected the bad axiom SubClassOf(http://purl.obolibrary.org/obo/TRANS_0000015 http://purl.obolibrary.org/obo/TRANS_0000013).
[2026-06-26 09:39:21.633] Found 122 possible bad axioms.
[2026-06-26 09:39:21.633] Selected the bad axiom SubClassOf(http://purl.obolibrary.org/obo/TRANS_0000002 owl:Nothing).
[2026-06-26 09:39:21.636] Found 121 possible bad axioms.
[2026-06-26 09:39:21.636] Selected the bad axiom SubClassOf(http://purl.obolibrary.org/obo/TRANS_0000029 http://purl.obolibrary.org/obo/TRANS_0000015).
[2026-06-26 09:39:21.638] Found 120 possible bad axioms.
[2026-06-26 09:39:21.639] Selected the bad axiom SubClassOf(http://purl.obolibrary.org/obo/TRANS_0000012 http://purl.obolibrary.org/obo/TRANS_0000010).
[2026-06-26 09:39:21.645] Found 119 possible bad axioms.
[2026-06-26 09:39:21.645] Selected the bad axiom SubClassOf(http://purl.obolibrary.org/obo/TRANS_0000034 http://purl.obolibrary.org/obo/TRANS_0000030).
[2026-06-26 09:39:21.648] Found 118 possible bad axioms.
[2026-06-26 09:39:21.648] Selected the bad axiom SubClassOf(http://purl.obolibrary.org/obo/TRANS_0000021 http://purl.obolibrary.org/obo/TRANS_0000020).
[2026-06-26 09:39:21.650] Found 117 possible bad axioms.
[2026-06-26 09:39:21.651] Selected the bad axiom SubClassOf(http://purl.obolibrary.org/obo/TRANS_0000011 http://purl.obolibrary.org/obo/TRANS_0000010).
[2026-06-26 09:39:21.657] Found 116 possible bad axioms.
[2026-06-26 09:39:21.658] Selected the bad axiom SubClassOf(http://purl.obolibrary.org/obo/TRANS_0000027 owl:Nothing).
[2026-06-26 09:39:21.660] Found 115 possible bad axi
...[truncated]
SUCCESS: attempt=46 seed=639068 success_count=42/100
progress: ontology=PTRANS attempt=46 success=42/100
----- PTRANS attempt=47 seed=653268 at 2026-06-26 09:39:32 -----
--- stdout ---
{"seed":653268,"run_id":"20260624134028346645","trial_status":"memory_limit_exceeded","error_type":"failure","failure_stage":"B5","error_message":"Repair failed: ExecutionException: java.lang.IllegalStateException: Could not find a weakening for axiom: ⊤ ⊑ TRANS_0000008","iic_values":{},"repair_runtimes_ms":{"A1":203,"A2":1111,"A3":186,"B1":155,"B2":2383,"B3":735,"B4":80,"B5":519}}

--- stderr ---
SingleTrialExperiment starting: ontology=/workspaces/ontologyutils-ekaw26/repair-power-index-replication-ekaw26/ontologies/inconsistent/PTRANS.owl, seed=653268, run_id=20260624134028346645
Loaded ontology.
Normalizing ontology with SROIQ normalization...
Normalized ontology with SROIQ normalization.
Ontology is already inconsistent, skipping make-inconsistent step.
Repairing with A1 (random-removal)...
[2026-06-26 09:39:32.485] Checking precondition...
[2026-06-26 09:39:32.499] Starting the repair...
[2026-06-26 09:39:32.506] Found 127 possible bad axioms.
[2026-06-26 09:39:32.508] Selected the bad axiom SubClassOf(http://purl.obolibrary.org/obo/TRANS_0000020 http://purl.obolibrary.org/obo/TRANS_0000027).
[2026-06-26 09:39:32.512] Found 126 possible bad axioms.
[2026-06-26 09:39:32.513] Selected the bad axiom SubClassOf(http://purl.obolibrary.org/obo/TRANS_0000034 http://purl.obolibrary.org/obo/TRANS_0000011).
[2026-06-26 09:39:32.516] Found 125 possible bad axioms.
[2026-06-26 09:39:32.516] Selected the bad axiom SubClassOf(http://purl.obolibrary.org/obo/TRANS_0000025 http://purl.obolibrary.org/obo/TRANS_0000024).
[2026-06-26 09:39:32.520] Found 124 possible bad axioms.
[2026-06-26 09:39:32.520] Selected the bad axiom SubClassOf(http://purl.obolibrary.org/obo/TRANS_0000031 http://purl.obolibrary.org/obo/TRANS_0000015).
[2026-06-26 09:39:32.523] Found 123 possible bad axioms.
[2026-06-26 09:39:32.523] Selected the bad axiom SubClassOf(http://purl.obolibrary.org/obo/TRANS_0000028 http://purl.obolibrary.org/obo/TRANS_0000012).
[2026-06-26 09:39:32.525] Found 122 possible bad axioms.
[2026-06-26 09:39:32.526] Selected the bad axiom SubClassOf(http://purl.obolibrary.org/obo/TRANS_0000031 http://purl.obolibrary.org/obo/TRANS_0000025).
[2026-06-26 09:39:32.528] Found 121 possible bad axioms.
[2026-06-26 09:39:32.528] Selected the bad axiom SubClassOf(http://purl.obolibrary.org/obo/TRANS_0000032 http://purl.obolibrary.org/obo/TRANS_0000015).
[2026-06-26 09:39:32.531] Found 120 possible bad axioms.
[2026-06-26 09:39:32.531] Selected the bad axiom SubClassOf(http://purl.obolibrary.org/obo/TRANS_0000021 http://purl.obolibrary.org/obo/TRANS_0000020).
[2026-06-26 09:39:32.539] Found 119 possible bad axioms.
[2026-06-26 09:39:32.539] Selected the bad axiom SubClassOf(http://purl.obolibrary.org/obo/TRANS_0000025 http://purl.obolibrary.org/obo/TRANS_0000012).
[2026-06-26 09:39:32.542] Found 118 possible bad axioms.
[2026-06-26 09:39:32.542] Selected the bad axiom SubClassOf(http://purl.obolibrary.org/obo/TRANS_0000023 http://purl.obolibrary.org/obo/TRANS_0000021).
[2026-06-26 09:39:32.544] Found 117 possible bad axioms.
[2026-06-26 09:39:32.544] Selected the bad axiom SubClassOf(http://purl.obolibrary.org/obo/TRANS_0000025 http://purl.obolibrary.org/obo/TRANS_0000015).
[2026-06-26 09:39:32.551] Found 116 possible bad axioms.
[2026-06-26 09:39:32.552] Selected the bad axiom SubClassOf(http://purl.obolibrary.org/obo/TRANS_0000028 http://purl.obolibrary.org/obo/TR
...[truncated]
FAIL: attempt=47 seed=653268 status=memory_limit_exceeded stage=B5 message=Repair failed: ExecutionException: java.lang.IllegalStateException: Could not find a weakening for axiom: ⊤ ⊑ TRANS_0000008
progress: ontology=PTRANS attempt=47 success=42/100
----- PTRANS attempt=48 seed=667468 at 2026-06-26 09:39:37 -----
--- stdout ---
{"seed":667468,"run_id":"20260624134028346645","trial_status":"success","error_type":null,"failure_stage":null,"error_message":null,"iic_values":{"B1_vs_A1":1.0,"B1_vs_A2":0.5,"B1_vs_A3":0.5,"B2_vs_A1":1.0,"B2_vs_A2":0.5,"B2_vs_A3":0.5,"B3_vs_A1":1.0,"B3_vs_A2":0.5,"B3_vs_A3":0.5,"B4_vs_A1":1.0,"B4_vs_A2":0.5,"B4_vs_A3":0.5,"B5_vs_A1":1.0,"B5_vs_A2":0.5,"B5_vs_A3":0.5,"B6_vs_A1":1.0,"B6_vs_A2":0.5,"B6_vs_A3":0.5,"B7_vs_A1":1.0,"B7_vs_A2":0.5,"B7_vs_A3":0.5,"B8_vs_A1":1.0,"B8_vs_A2":0.5,"B8_vs_A3":0.5,"B9_vs_A1":1.0,"B9_vs_A2":0.5,"B9_vs_A3":0.5},"repair_runtimes_ms":{"A1":88,"A2":1164,"A3":233,"B1":515,"B2":2325,"B3":1190,"B4":45,"B5":1764,"B6":662,"B7":78,"B8":1789,"B9":1219}}

--- stderr ---
SingleTrialExperiment starting: ontology=/workspaces/ontologyutils-ekaw26/repair-power-index-replication-ekaw26/ontologies/inconsistent/PTRANS.owl, seed=667468, run_id=20260624134028346645
Loaded ontology.
Normalizing ontology with SROIQ normalization...
Normalized ontology with SROIQ normalization.
Ontology is already inconsistent, skipping make-inconsistent step.
Repairing with A1 (random-removal)...
[2026-06-26 09:39:38.282] Checking precondition...
[2026-06-26 09:39:38.298] Starting the repair...
[2026-06-26 09:39:38.303] Found 127 possible bad axioms.
[2026-06-26 09:39:38.305] Selected the bad axiom SubClassOf(http://purl.obolibrary.org/obo/TRANS_0000015 http://purl.obolibrary.org/obo/TRANS_0000009).
[2026-06-26 09:39:38.309] Found 126 possible bad axioms.
[2026-06-26 09:39:38.310] Selected the bad axiom SubClassOf(http://purl.obolibrary.org/obo/TRANS_0000015 http://purl.obolibrary.org/obo/TRANS_0000005).
[2026-06-26 09:39:38.313] Found 125 possible bad axioms.
[2026-06-26 09:39:38.314] Selected the bad axiom SubClassOf(http://purl.obolibrary.org/obo/TRANS_0000032 http://purl.obolibrary.org/obo/TRANS_0000015).
[2026-06-26 09:39:38.317] Found 124 possible bad axioms.
[2026-06-26 09:39:38.317] Selected the bad axiom SubClassOf(http://purl.obolibrary.org/obo/TRANS_0000000 http://purl.obolibrary.org/obo/TRANS_0000008).
[2026-06-26 09:39:38.320] Found 123 possible bad axioms.
[2026-06-26 09:39:38.320] Selected the bad axiom SubClassOf(http://purl.obolibrary.org/obo/TRANS_0000026 http://purl.obolibrary.org/obo/TRANS_0000011).
[2026-06-26 09:39:38.322] Found 122 possible bad axioms.
[2026-06-26 09:39:38.322] Selected the bad axiom SubClassOf(http://purl.obolibrary.org/obo/TRANS_0000020 http://purl.obolibrary.org/obo/TRANS_0000024).
[2026-06-26 09:39:38.325] Found 121 possible bad axioms.
[2026-06-26 09:39:38.325] Selected the bad axiom SubClassOf(http://purl.obolibrary.org/obo/TRANS_0000034 http://purl.obolibrary.org/obo/TRANS_0000012).
[2026-06-26 09:39:38.328] Found 120 possible bad axioms.
[2026-06-26 09:39:38.328] Selected the bad axiom SubClassOf(http://purl.obolibrary.org/obo/TRANS_0000013 http://purl.obolibrary.org/obo/TRANS_0000027).
[2026-06-26 09:39:38.334] Found 119 possible bad axioms.
[2026-06-26 09:39:38.335] Selected the bad axiom SubClassOf(http://purl.obolibrary.org/obo/TRANS_0000007 http://purl.obolibrary.org/obo/TRANS_0000001).
[2026-06-26 09:39:38.337] Found 118 possible bad axioms.
[2026-06-26 09:39:38.338] Selected the bad axiom SubClassOf(http://purl.obolibrary.org/obo/TRANS_0000029 http://purl.obolibrary.org/obo/TRANS_0000015).
[2026-06-26 09:39:38.340] Found 117 possible bad axioms.
[2026-06-26 09:39:38.341] Selected the bad axiom SubClassOf(http://purl.obolibrary.org/obo/TRANS_0000029 http://purl.obolibrary.org/obo/TRANS_0000012).
[2026-06-26 09:39:38.348] Found 116 possible bad axioms.
[2026-06-26 09:39:38.348] Selected the bad axiom SubClassOf(http://purl.obolibrary.org/obo/TRANS_0000027 owl:Nothing).
[2026-06-26 09:39:3
...[truncated]
SUCCESS: attempt=48 seed=667468 success_count=43/100
progress: ontology=PTRANS attempt=48 success=43/100
----- PTRANS attempt=49 seed=681668 at 2026-06-26 09:39:50 -----
--- stdout ---
{"seed":681668,"run_id":"20260624134028346645","trial_status":"success","error_type":null,"failure_stage":null,"error_message":null,"iic_values":{"B1_vs_A1":0.5,"B1_vs_A2":0.5,"B1_vs_A3":0.5,"B2_vs_A1":0.5,"B2_vs_A2":0.5,"B2_vs_A3":0.5,"B3_vs_A1":0.5,"B3_vs_A2":0.5,"B3_vs_A3":0.5,"B4_vs_A1":0.5,"B4_vs_A2":0.5,"B4_vs_A3":0.5,"B5_vs_A1":0.5,"B5_vs_A2":0.5,"B5_vs_A3":0.5,"B6_vs_A1":0.5,"B6_vs_A2":0.5,"B6_vs_A3":0.5,"B7_vs_A1":0.5,"B7_vs_A2":0.5,"B7_vs_A3":0.5,"B8_vs_A1":0.5,"B8_vs_A2":0.5,"B8_vs_A3":0.5,"B9_vs_A1":0.5,"B9_vs_A2":0.5,"B9_vs_A3":0.5},"repair_runtimes_ms":{"A1":38,"A2":1163,"A3":391,"B1":168,"B2":2319,"B3":727,"B4":53,"B5":1660,"B6":287,"B7":66,"B8":1859,"B9":679}}

--- stderr ---
SingleTrialExperiment starting: ontology=/workspaces/ontologyutils-ekaw26/repair-power-index-replication-ekaw26/ontologies/inconsistent/PTRANS.owl, seed=681668, run_id=20260624134028346645
Loaded ontology.
Normalizing ontology with SROIQ normalization...
Normalized ontology with SROIQ normalization.
Ontology is already inconsistent, skipping make-inconsistent step.
Repairing with A1 (random-removal)...
[2026-06-26 09:39:50.920] Checking precondition...
[2026-06-26 09:39:50.933] Starting the repair...
[2026-06-26 09:39:50.939] Found 127 possible bad axioms.
[2026-06-26 09:39:50.941] Selected the bad axiom SubClassOf(http://purl.obolibrary.org/obo/TRANS_0000002 http://purl.obolibrary.org/obo/TRANS_0000001).
[2026-06-26 09:39:50.945] Found 126 possible bad axioms.
[2026-06-26 09:39:50.946] Selected the bad axiom SubClassOf(http://purl.obolibrary.org/obo/TRANS_0000031 http://purl.obolibrary.org/obo/TRANS_0000015).
[2026-06-26 09:39:50.950] Found 125 possible bad axioms.
[2026-06-26 09:39:50.950] Selected the bad axiom SubClassOf(owl:Thing http://purl.obolibrary.org/obo/TRANS_0000008).
[2026-06-26 09:39:50.953] Finished repairing the ontology.
Repairing with A2 (not-in-largest-mcs-removal)...
[2026-06-26 09:39:50.954] Checking precondition...
[2026-06-26 09:39:50.959] Starting the repair...
[2026-06-26 09:39:52.116] Found 1 possible bad axioms.
[2026-06-26 09:39:52.117] Selected the bad axiom SubClassOf(owl:Thing http://purl.obolibrary.org/obo/TRANS_0000008).
[2026-06-26 09:39:52.117] Finished repairing the ontology.
Repairing with A3 (default-weakening)...
[2026-06-26 09:39:52.118] Checking precondition...
[2026-06-26 09:39:52.121] Starting the repair...
[2026-06-26 09:39:52.138] Selected a reference ontology with 156 axioms.
[2026-06-26 09:39:52.299] Selected the bad axiom SubClassOf(owl:Thing http://purl.obolibrary.org/obo/TRANS_0000008).
[2026-06-26 09:39:52.313] Selected the weaker axiom SubClassOf(owl:Thing http://purl.obolibrary.org/obo/TRANS_0000006).
[2026-06-26 09:39:52.507] Selected the bad axiom SubClassOf(owl:Thing http://purl.obolibrary.org/obo/TRANS_0000006).
[2026-06-26 09:39:52.508] Selected the weaker axiom SubClassOf(http://purl.obolibrary.org/obo/TRANS_0000008 http://purl.obolibrary.org/obo/TRANS_0000006).
[2026-06-26 09:39:52.509] Finished repairing the ontology.
Repairing with B1 (bad-in_some_mus-weaker-random)...
[2026-06-26 09:39:52.509] Checking precondition...
[2026-06-26 09:39:52.511] Starting the repair...
[2026-06-26 09:39:52.514] Selected a reference ontology with 158 axioms.
[2026-06-26 09:39:52.669] Selected the bad axiom SubClassOf(owl:Thing http://purl.obolibrary.org/obo/TRANS_0000008).
[2026-06-26 09:39:52.676] Selected the weaker axiom SubClassOf(http://purl.obolibrary.org/obo/TRANS_0000021 http://purl.obolibrary.org/obo/TRANS_0000008).
[2026-06-26 09:39:52.677] Finished repairing the ontology.
Repairing with B2 (bad-in_some_mus-weaker-shapley)...
[2026-06-26 09:39:52.678] Checking precondition...
[2026-06-26 09:39:
...[truncated]
SUCCESS: attempt=49 seed=681668 success_count=44/100
progress: ontology=PTRANS attempt=49 success=44/100
----- PTRANS attempt=50 seed=695868 at 2026-06-26 09:40:01 -----
--- stdout ---
{"seed":695868,"run_id":"20260624134028346645","trial_status":"memory_limit_exceeded","error_type":"failure","failure_stage":"B9","error_message":"Repair failed: ExecutionException: java.lang.IllegalStateException: Could not find a weakening for axiom: ⊤ ⊑ TRANS_0000008","iic_values":{},"repair_runtimes_ms":{"A1":189,"A2":1079,"A3":900,"B1":191,"B2":2373,"B3":1217,"B4":38,"B5":1018,"B6":1190,"B7":69,"B8":455,"B9":240}}

--- stderr ---
SingleTrialExperiment starting: ontology=/workspaces/ontologyutils-ekaw26/repair-power-index-replication-ekaw26/ontologies/inconsistent/PTRANS.owl, seed=695868, run_id=20260624134028346645
Loaded ontology.
Normalizing ontology with SROIQ normalization...
Normalized ontology with SROIQ normalization.
Ontology is already inconsistent, skipping make-inconsistent step.
Repairing with A1 (random-removal)...
[2026-06-26 09:40:01.860] Checking precondition...
[2026-06-26 09:40:01.875] Starting the repair...
[2026-06-26 09:40:01.882] Found 127 possible bad axioms.
[2026-06-26 09:40:01.883] Selected the bad axiom SubClassOf(http://purl.obolibrary.org/obo/TRANS_0000034 http://purl.obolibrary.org/obo/TRANS_0000032).
[2026-06-26 09:40:01.887] Found 126 possible bad axioms.
[2026-06-26 09:40:01.888] Selected the bad axiom SubClassOf(http://purl.obolibrary.org/obo/TRANS_0000031 http://purl.obolibrary.org/obo/TRANS_0000015).
[2026-06-26 09:40:01.891] Found 125 possible bad axioms.
[2026-06-26 09:40:01.891] Selected the bad axiom SubClassOf(http://purl.obolibrary.org/obo/TRANS_0000019 http://purl.obolibrary.org/obo/TRANS_0000029).
[2026-06-26 09:40:01.895] Found 124 possible bad axioms.
[2026-06-26 09:40:01.895] Selected the bad axiom SubClassOf(http://purl.obolibrary.org/obo/TRANS_0000002 http://purl.obolibrary.org/obo/TRANS_0000001).
[2026-06-26 09:40:01.898] Found 123 possible bad axioms.
[2026-06-26 09:40:01.898] Selected the bad axiom SubClassOf(http://purl.obolibrary.org/obo/TRANS_0000011 http://purl.obolibrary.org/obo/TRANS_0000010).
[2026-06-26 09:40:01.900] Found 122 possible bad axioms.
[2026-06-26 09:40:01.901] Selected the bad axiom SubClassOf(http://purl.obolibrary.org/obo/TRANS_0000020 http://purl.obolibrary.org/obo/TRANS_0000019).
[2026-06-26 09:40:01.903] Found 121 possible bad axioms.
[2026-06-26 09:40:01.904] Selected the bad axiom SubClassOf(http://purl.obolibrary.org/obo/TRANS_0000025 http://purl.obolibrary.org/obo/TRANS_0000019).
[2026-06-26 09:40:01.906] Found 120 possible bad axioms.
[2026-06-26 09:40:01.906] Selected the bad axiom SubClassOf(http://purl.obolibrary.org/obo/TRANS_0000015 http://purl.obolibrary.org/obo/TRANS_0000026).
[2026-06-26 09:40:01.913] Found 119 possible bad axioms.
[2026-06-26 09:40:01.913] Selected the bad axiom SubClassOf(http://purl.obolibrary.org/obo/TRANS_0000002 http://purl.obolibrary.org/obo/TRANS_0000000).
[2026-06-26 09:40:01.916] Found 118 possible bad axioms.
[2026-06-26 09:40:01.916] Selected the bad axiom SubClassOf(http://purl.obolibrary.org/obo/TRANS_0000027 http://purl.obolibrary.org/obo/TRANS_0000019).
[2026-06-26 09:40:01.919] Found 117 possible bad axioms.
[2026-06-26 09:40:01.919] Selected the bad axiom SubClassOf(http://purl.obolibrary.org/obo/TRANS_0000025 http://purl.obolibrary.org/obo/TRANS_0000011).
[2026-06-26 09:40:01.927] Found 116 possible bad axioms.
[2026-06-26 09:40:01.927] Selected the bad axiom SubClassOf(http://purl.obolibrary.org/obo/TRANS_0000019 http://purl.obolibrary.org/obo/TR
...[truncated]
FAIL: attempt=50 seed=695868 status=memory_limit_exceeded stage=B9 message=Repair failed: ExecutionException: java.lang.IllegalStateException: Could not find a weakening for axiom: ⊤ ⊑ TRANS_0000008
progress: ontology=PTRANS attempt=50 success=44/100
----- PTRANS attempt=51 seed=710068 at 2026-06-26 09:40:10 -----
--- stdout ---
{"seed":710068,"run_id":"20260624134028346645","trial_status":"memory_limit_exceeded","error_type":"failure","failure_stage":"B5","error_message":"Repair failed: ExecutionException: java.lang.IllegalStateException: Could not find a weakening for axiom: ⊤ ⊑ TRANS_0000008","iic_values":{},"repair_runtimes_ms":{"A1":164,"A2":1087,"A3":209,"B1":597,"B2":2288,"B3":1288,"B4":44,"B5":1728}}

--- stderr ---
SingleTrialExperiment starting: ontology=/workspaces/ontologyutils-ekaw26/repair-power-index-replication-ekaw26/ontologies/inconsistent/PTRANS.owl, seed=710068, run_id=20260624134028346645
Loaded ontology.
Normalizing ontology with SROIQ normalization...
Normalized ontology with SROIQ normalization.
Ontology is already inconsistent, skipping make-inconsistent step.
Repairing with A1 (random-removal)...
[2026-06-26 09:40:11.240] Checking precondition...
[2026-06-26 09:40:11.253] Starting the repair...
[2026-06-26 09:40:11.259] Found 127 possible bad axioms.
[2026-06-26 09:40:11.260] Selected the bad axiom SubClassOf(http://purl.obolibrary.org/obo/TRANS_0000000 http://purl.obolibrary.org/obo/TRANS_0000001).
[2026-06-26 09:40:11.265] Found 126 possible bad axioms.
[2026-06-26 09:40:11.265] Selected the bad axiom SubClassOf(http://purl.obolibrary.org/obo/TRANS_0000020 http://purl.obolibrary.org/obo/TRANS_0000027).
[2026-06-26 09:40:11.268] Found 125 possible bad axioms.
[2026-06-26 09:40:11.268] Selected the bad axiom SubClassOf(http://purl.obolibrary.org/obo/TRANS_0000028 http://purl.obolibrary.org/obo/TRANS_0000012).
[2026-06-26 09:40:11.272] Found 124 possible bad axioms.
[2026-06-26 09:40:11.272] Selected the bad axiom SubClassOf(http://purl.obolibrary.org/obo/TRANS_0000005 http://purl.obolibrary.org/obo/TRANS_0000019).
[2026-06-26 09:40:11.275] Found 123 possible bad axioms.
[2026-06-26 09:40:11.275] Selected the bad axiom SubClassOf(http://purl.obolibrary.org/obo/TRANS_0000028 http://purl.obolibrary.org/obo/TRANS_0000013).
[2026-06-26 09:40:11.278] Found 122 possible bad axioms.
[2026-06-26 09:40:11.278] Selected the bad axiom SubClassOf(http://purl.obolibrary.org/obo/TRANS_0000013 http://purl.obolibrary.org/obo/TRANS_0000010).
[2026-06-26 09:40:11.281] Found 121 possible bad axioms.
[2026-06-26 09:40:11.281] Selected the bad axiom SubClassOf(http://purl.obolibrary.org/obo/TRANS_0000014 http://purl.obolibrary.org/obo/TRANS_0000005).
[2026-06-26 09:40:11.283] Found 120 possible bad axioms.
[2026-06-26 09:40:11.284] Selected the bad axiom SubClassOf(http://purl.obolibrary.org/obo/TRANS_0000025 http://purl.obolibrary.org/obo/TRANS_0000013).
[2026-06-26 09:40:11.290] Found 119 possible bad axioms.
[2026-06-26 09:40:11.290] Selected the bad axiom SubClassOf(http://purl.obolibrary.org/obo/TRANS_0000028 http://purl.obolibrary.org/obo/TRANS_0000029).
[2026-06-26 09:40:11.292] Found 118 possible bad axioms.
[2026-06-26 09:40:11.293] Selected the bad axiom SubClassOf(http://purl.obolibrary.org/obo/TRANS_0000025 http://purl.obolibrary.org/obo/TRANS_0000014).
[2026-06-26 09:40:11.295] Found 117 possible bad axioms.
[2026-06-26 09:40:11.295] Selected the bad axiom SubClassOf(http://purl.obolibrary.org/obo/TRANS_0000019 http://purl.obolibrary.org/obo/TRANS_0000005).
[2026-06-26 09:40:11.302] Found 116 possible bad axioms.
[2026-06-26 09:40:11.302] Selected the bad axiom SubClassOf(http://purl.obolibrary.org/obo/TRANS_0000007 http://purl.obolibrary.org/obo/TR
...[truncated]
FAIL: attempt=51 seed=710068 status=memory_limit_exceeded stage=B5 message=Repair failed: ExecutionException: java.lang.IllegalStateException: Could not find a weakening for axiom: ⊤ ⊑ TRANS_0000008
progress: ontology=PTRANS attempt=51 success=44/100
----- PTRANS attempt=52 seed=724268 at 2026-06-26 09:40:19 -----
--- stdout ---
{"seed":724268,"run_id":"20260624134028346645","trial_status":"success","error_type":null,"failure_stage":null,"error_message":null,"iic_values":{"B1_vs_A1":1.0,"B1_vs_A2":0.5,"B1_vs_A3":0.5,"B2_vs_A1":1.0,"B2_vs_A2":0.5,"B2_vs_A3":0.5,"B3_vs_A1":1.0,"B3_vs_A2":0.5,"B3_vs_A3":0.5,"B4_vs_A1":1.0,"B4_vs_A2":0.5,"B4_vs_A3":0.5,"B5_vs_A1":1.0,"B5_vs_A2":0.5,"B5_vs_A3":0.5,"B6_vs_A1":1.0,"B6_vs_A2":0.5,"B6_vs_A3":0.5,"B7_vs_A1":1.0,"B7_vs_A2":0.5,"B7_vs_A3":0.5,"B8_vs_A1":1.0,"B8_vs_A2":0.5,"B8_vs_A3":0.5,"B9_vs_A1":1.0,"B9_vs_A2":0.5,"B9_vs_A3":0.5},"repair_runtimes_ms":{"A1":114,"A2":1142,"A3":200,"B1":153,"B2":643,"B3":1354,"B4":76,"B5":1758,"B6":183,"B7":93,"B8":1860,"B9":1181}}

--- stderr ---
SingleTrialExperiment starting: ontology=/workspaces/ontologyutils-ekaw26/repair-power-index-replication-ekaw26/ontologies/inconsistent/PTRANS.owl, seed=724268, run_id=20260624134028346645
Loaded ontology.
Normalizing ontology with SROIQ normalization...
Normalized ontology with SROIQ normalization.
Ontology is already inconsistent, skipping make-inconsistent step.
Repairing with A1 (random-removal)...
[2026-06-26 09:40:19.519] Checking precondition...
[2026-06-26 09:40:19.533] Starting the repair...
[2026-06-26 09:40:19.540] Found 127 possible bad axioms.
[2026-06-26 09:40:19.541] Selected the bad axiom SubClassOf(http://purl.obolibrary.org/obo/TRANS_0000032 http://purl.obolibrary.org/obo/TRANS_0000015).
[2026-06-26 09:40:19.546] Found 126 possible bad axioms.
[2026-06-26 09:40:19.546] Selected the bad axiom SubClassOf(http://purl.obolibrary.org/obo/TRANS_0000031 http://purl.obolibrary.org/obo/TRANS_0000015).
[2026-06-26 09:40:19.550] Found 125 possible bad axioms.
[2026-06-26 09:40:19.550] Selected the bad axiom SubClassOf(http://purl.obolibrary.org/obo/TRANS_0000026 http://purl.obolibrary.org/obo/TRANS_0000011).
[2026-06-26 09:40:19.554] Found 124 possible bad axioms.
[2026-06-26 09:40:19.554] Selected the bad axiom SubClassOf(http://purl.obolibrary.org/obo/TRANS_0000006 http://purl.obolibrary.org/obo/TRANS_0000007).
[2026-06-26 09:40:19.556] Found 123 possible bad axioms.
[2026-06-26 09:40:19.557] Selected the bad axiom SubClassOf(http://purl.obolibrary.org/obo/TRANS_0000010 http://purl.obolibrary.org/obo/TRANS_0000002).
[2026-06-26 09:40:19.559] Found 122 possible bad axioms.
[2026-06-26 09:40:19.559] Selected the bad axiom SubClassOf(http://purl.obolibrary.org/obo/TRANS_0000034 http://purl.obolibrary.org/obo/TRANS_0000011).
[2026-06-26 09:40:19.562] Found 121 possible bad axioms.
[2026-06-26 09:40:19.562] Selected the bad axiom SubClassOf(http://purl.obolibrary.org/obo/TRANS_0000025 http://purl.obolibrary.org/obo/TRANS_0000011).
[2026-06-26 09:40:19.565] Found 120 possible bad axioms.
[2026-06-26 09:40:19.565] Selected the bad axiom SubClassOf(http://purl.obolibrary.org/obo/TRANS_0000028 http://purl.obolibrary.org/obo/TRANS_0000029).
[2026-06-26 09:40:19.567] Found 119 possible bad axioms.
[2026-06-26 09:40:19.567] Selected the bad axiom SubClassOf(http://purl.obolibrary.org/obo/TRANS_0000034 http://purl.obolibrary.org/obo/TRANS_0000015).
[2026-06-26 09:40:19.575] Found 118 possible bad axioms.
[2026-06-26 09:40:19.576] Selected the bad axiom SubClassOf(http://purl.obolibrary.org/obo/TRANS_0000034 http://purl.obolibrary.org/obo/TRANS_0000029).
[2026-06-26 09:40:19.578] Found 117 possible bad axioms.
[2026-06-26 09:40:19.578] Selected the bad axiom SubClassOf(http://purl.obolibrary.org/obo/TRANS_0000034 http://purl.obolibrary.org/obo/TRANS_0000013).
[2026-06-26 09:40:19.585] Found 116 possible bad axioms.
[2026-06-26 09:40:19.585] Selected the bad axiom SubClassOf(http://purl.obolibrary.org/obo/TRANS_0000025 http://purl.obolibrary.org/obo/TR
...[truncated]
SUCCESS: attempt=52 seed=724268 success_count=45/100
progress: ontology=PTRANS attempt=52 success=45/100
----- PTRANS attempt=53 seed=738468 at 2026-06-26 09:40:28 -----
--- stdout ---
{"seed":738468,"run_id":"20260624134028346645","trial_status":"success","error_type":null,"failure_stage":null,"error_message":null,"iic_values":{"B1_vs_A1":0.9989827060020345,"B1_vs_A2":0.5,"B1_vs_A3":0.5,"B2_vs_A1":0.9989827060020345,"B2_vs_A2":0.5,"B2_vs_A3":0.5,"B3_vs_A1":0.9989827060020345,"B3_vs_A2":0.5,"B3_vs_A3":0.5,"B4_vs_A1":0.9989827060020345,"B4_vs_A2":0.5,"B4_vs_A3":0.5,"B5_vs_A1":0.9989827060020345,"B5_vs_A2":0.5,"B5_vs_A3":0.5,"B6_vs_A1":0.9989827060020345,"B6_vs_A2":0.5,"B6_vs_A3":0.5,"B7_vs_A1":0.9989827060020345,"B7_vs_A2":0.5,"B7_vs_A3":0.5,"B8_vs_A1":0.9989827060020345,"B8_vs_A2":0.5,"B8_vs_A3":0.5,"B9_vs_A1":0.9989827060020345,"B9_vs_A2":0.5,"B9_vs_A3":0.5},"repair_runtimes_ms":{"A1":237,"A2":1089,"A3":232,"B1":176,"B2":2312,"B3":375,"B4":47,"B5":1670,"B6":570,"B7":68,"B8":1836,"B9":324}}

--- stderr ---
SingleTrialExperiment starting: ontology=/workspaces/ontologyutils-ekaw26/repair-power-index-replication-ekaw26/ontologies/inconsistent/PTRANS.owl, seed=738468, run_id=20260624134028346645
Loaded ontology.
Normalizing ontology with SROIQ normalization...
Normalized ontology with SROIQ normalization.
Ontology is already inconsistent, skipping make-inconsistent step.
Repairing with A1 (random-removal)...
[2026-06-26 09:40:28.785] Checking precondition...
[2026-06-26 09:40:28.798] Starting the repair...
[2026-06-26 09:40:28.804] Found 127 possible bad axioms.
[2026-06-26 09:40:28.806] Selected the bad axiom SubClassOf(http://purl.obolibrary.org/obo/TRANS_0000005 http://purl.obolibrary.org/obo/TRANS_0000002).
[2026-06-26 09:40:28.811] Found 126 possible bad axioms.
[2026-06-26 09:40:28.811] Selected the bad axiom SubClassOf(http://purl.obolibrary.org/obo/TRANS_0000020 http://purl.obolibrary.org/obo/TRANS_0000019).
[2026-06-26 09:40:28.814] Found 125 possible bad axioms.
[2026-06-26 09:40:28.814] Selected the bad axiom SubClassOf(http://purl.obolibrary.org/obo/TRANS_0000026 http://purl.obolibrary.org/obo/TRANS_0000011).
[2026-06-26 09:40:28.818] Found 124 possible bad axioms.
[2026-06-26 09:40:28.818] Selected the bad axiom SubClassOf(http://purl.obolibrary.org/obo/TRANS_0000005 http://purl.obolibrary.org/obo/TRANS_0000025).
[2026-06-26 09:40:28.820] Found 123 possible bad axioms.
[2026-06-26 09:40:28.820] Selected the bad axiom SubClassOf(http://purl.obolibrary.org/obo/TRANS_0000015 http://purl.obolibrary.org/obo/TRANS_0000014).
[2026-06-26 09:40:28.823] Found 122 possible bad axioms.
[2026-06-26 09:40:28.823] Selected the bad axiom SubClassOf(http://purl.obolibrary.org/obo/TRANS_0000028 http://purl.obolibrary.org/obo/TRANS_0000012).
[2026-06-26 09:40:28.826] Found 121 possible bad axioms.
[2026-06-26 09:40:28.826] Selected the bad axiom SubClassOf(http://purl.obolibrary.org/obo/TRANS_0000028 http://purl.obolibrary.org/obo/TRANS_0000011).
[2026-06-26 09:40:28.829] Found 120 possible bad axioms.
[2026-06-26 09:40:28.829] Selected the bad axiom SubClassOf(http://purl.obolibrary.org/obo/TRANS_0000001 http://purl.obolibrary.org/obo/TRANS_0000002).
[2026-06-26 09:40:28.831] Found 119 possible bad axioms.
[2026-06-26 09:40:28.831] Selected the bad axiom SubClassOf(http://purl.obolibrary.org/obo/TRANS_0000027 http://purl.obolibrary.org/obo/TRANS_0000019).
[2026-06-26 09:40:28.837] Found 118 possible bad axioms.
[2026-06-26 09:40:28.838] Selected the bad axiom SubClassOf(http://purl.obolibrary.org/obo/TRANS_0000003 http://purl.obolibrary.org/obo/TRANS_0000005).
[2026-06-26 09:40:28.840] Found 117 possible bad axioms.
[2026-06-26 09:40:28.841] Selected the bad axiom SubClassOf(http://purl.obolibrary.org/obo/TRANS_0000025 http://purl.obolibrary.org/obo/TRANS_0000009).
[2026-06-26 09:40:28.849] Found 116 possible bad axioms.
[2026-06-26 09:40:28.849] Selected the bad axiom SubClassOf(http://purl.obolibrary.org/obo/TRANS_0000029 http://purl.obolibrary.org/obo/TR
...[truncated]
SUCCESS: attempt=53 seed=738468 success_count=46/100
progress: ontology=PTRANS attempt=53 success=46/100
----- PTRANS attempt=54 seed=752668 at 2026-06-26 09:40:37 -----
--- stdout ---
{"seed":752668,"run_id":"20260624134028346645","trial_status":"memory_limit_exceeded","error_type":"failure","failure_stage":"B6","error_message":"Repair failed: ExecutionException: java.lang.IllegalStateException: Could not find a weakening for axiom: ⊤ ⊑ TRANS_0000008","iic_values":{},"repair_runtimes_ms":{"A1":100,"A2":1137,"A3":213,"B1":163,"B2":2203,"B3":1169,"B4":41,"B5":957,"B6":1122}}

--- stderr ---
SingleTrialExperiment starting: ontology=/workspaces/ontologyutils-ekaw26/repair-power-index-replication-ekaw26/ontologies/inconsistent/PTRANS.owl, seed=752668, run_id=20260624134028346645
Loaded ontology.
Normalizing ontology with SROIQ normalization...
Normalized ontology with SROIQ normalization.
Ontology is already inconsistent, skipping make-inconsistent step.
Repairing with A1 (random-removal)...
[2026-06-26 09:40:38.227] Checking precondition...
[2026-06-26 09:40:38.242] Starting the repair...
[2026-06-26 09:40:38.249] Found 127 possible bad axioms.
[2026-06-26 09:40:38.251] Selected the bad axiom SubClassOf(http://purl.obolibrary.org/obo/TRANS_0000006 http://purl.obolibrary.org/obo/TRANS_0000007).
[2026-06-26 09:40:38.255] Found 126 possible bad axioms.
[2026-06-26 09:40:38.256] Selected the bad axiom SubClassOf(http://purl.obolibrary.org/obo/TRANS_0000022 http://purl.obolibrary.org/obo/TRANS_0000021).
[2026-06-26 09:40:38.259] Found 125 possible bad axioms.
[2026-06-26 09:40:38.259] Selected the bad axiom SubClassOf(http://purl.obolibrary.org/obo/TRANS_0000012 http://purl.obolibrary.org/obo/TRANS_0000027).
[2026-06-26 09:40:38.263] Found 124 possible bad axioms.
[2026-06-26 09:40:38.263] Selected the bad axiom SubClassOf(http://purl.obolibrary.org/obo/TRANS_0000002 http://purl.obolibrary.org/obo/TRANS_0000019).
[2026-06-26 09:40:38.266] Found 123 possible bad axioms.
[2026-06-26 09:40:38.266] Selected the bad axiom SubClassOf(http://purl.obolibrary.org/obo/TRANS_0000015 http://purl.obolibrary.org/obo/TRANS_0000013).
[2026-06-26 09:40:38.269] Found 122 possible bad axioms.
[2026-06-26 09:40:38.269] Selected the bad axiom SubClassOf(http://purl.obolibrary.org/obo/TRANS_0000007 http://purl.obolibrary.org/obo/TRANS_0000006).
[2026-06-26 09:40:38.271] Found 121 possible bad axioms.
[2026-06-26 09:40:38.272] Selected the bad axiom SubClassOf(http://purl.obolibrary.org/obo/TRANS_0000015 http://purl.obolibrary.org/obo/TRANS_0000005).
[2026-06-26 09:40:38.274] Found 120 possible bad axioms.
[2026-06-26 09:40:38.274] Selected the bad axiom SubClassOf(http://purl.obolibrary.org/obo/TRANS_0000031 http://purl.obolibrary.org/obo/TRANS_0000015).
[2026-06-26 09:40:38.281] Found 119 possible bad axioms.
[2026-06-26 09:40:38.281] Selected the bad axiom SubClassOf(http://purl.obolibrary.org/obo/TRANS_0000026 http://purl.obolibrary.org/obo/TRANS_0000010).
[2026-06-26 09:40:38.285] Found 118 possible bad axioms.
[2026-06-26 09:40:38.285] Selected the bad axiom SubClassOf(http://purl.obolibrary.org/obo/TRANS_0000031 http://purl.obolibrary.org/obo/TRANS_0000025).
[2026-06-26 09:40:38.287] Found 117 possible bad axioms.
[2026-06-26 09:40:38.287] Selected the bad axiom SubClassOf(http://purl.obolibrary.org/obo/TRANS_0000033 http://purl.obolibrary.org/obo/TRANS_0000010).
[2026-06-26 09:40:38.295] Found 116 possible bad axioms.
[2026-06-26 09:40:38.295] Selected the bad axiom SubClassOf(http://purl.obolibrary.org/obo/TRANS_0000003 http://purl.obolibrary.org/obo/TR
...[truncated]
FAIL: attempt=54 seed=752668 status=memory_limit_exceeded stage=B6 message=Repair failed: ExecutionException: java.lang.IllegalStateException: Could not find a weakening for axiom: ⊤ ⊑ TRANS_0000008
progress: ontology=PTRANS attempt=54 success=46/100
----- PTRANS attempt=55 seed=766868 at 2026-06-26 09:40:45 -----
--- stdout ---
{"seed":766868,"run_id":"20260624134028346645","trial_status":"memory_limit_exceeded","error_type":"failure","failure_stage":"B5","error_message":"Repair failed: ExecutionException: java.lang.IllegalStateException: Could not find a weakening for axiom: ⊤ ⊑ TRANS_0000008","iic_values":{},"repair_runtimes_ms":{"A1":200,"A2":1102,"A3":398,"B1":185,"B2":2366,"B3":1060,"B4":43,"B5":1582}}

--- stderr ---
SingleTrialExperiment starting: ontology=/workspaces/ontologyutils-ekaw26/repair-power-index-replication-ekaw26/ontologies/inconsistent/PTRANS.owl, seed=766868, run_id=20260624134028346645
Loaded ontology.
Normalizing ontology with SROIQ normalization...
Normalized ontology with SROIQ normalization.
Ontology is already inconsistent, skipping make-inconsistent step.
Repairing with A1 (random-removal)...
[2026-06-26 09:40:45.833] Checking precondition...
[2026-06-26 09:40:45.847] Starting the repair...
[2026-06-26 09:40:45.853] Found 127 possible bad axioms.
[2026-06-26 09:40:45.855] Selected the bad axiom SubClassOf(http://purl.obolibrary.org/obo/TRANS_0000015 http://purl.obolibrary.org/obo/TRANS_0000012).
[2026-06-26 09:40:45.859] Found 126 possible bad axioms.
[2026-06-26 09:40:45.859] Selected the bad axiom SubClassOf(http://purl.obolibrary.org/obo/TRANS_0000019 http://purl.obolibrary.org/obo/TRANS_0000029).
[2026-06-26 09:40:45.863] Found 125 possible bad axioms.
[2026-06-26 09:40:45.863] Selected the bad axiom SubClassOf(http://purl.obolibrary.org/obo/TRANS_0000019 http://purl.obolibrary.org/obo/TRANS_0000015).
[2026-06-26 09:40:45.866] Found 124 possible bad axioms.
[2026-06-26 09:40:45.866] Selected the bad axiom SubClassOf(http://purl.obolibrary.org/obo/TRANS_0000019 http://purl.obolibrary.org/obo/TRANS_0000005).
[2026-06-26 09:40:45.869] Found 123 possible bad axioms.
[2026-06-26 09:40:45.869] Selected the bad axiom SubClassOf(http://purl.obolibrary.org/obo/TRANS_0000020 http://purl.obolibrary.org/obo/TRANS_0000019).
[2026-06-26 09:40:45.872] Found 122 possible bad axioms.
[2026-06-26 09:40:45.872] Selected the bad axiom SubClassOf(http://purl.obolibrary.org/obo/TRANS_0000023 http://purl.obolibrary.org/obo/TRANS_0000020).
[2026-06-26 09:40:45.874] Found 121 possible bad axioms.
[2026-06-26 09:40:45.874] Selected the bad axiom SubClassOf(http://purl.obolibrary.org/obo/TRANS_0000028 http://purl.obolibrary.org/obo/TRANS_0000012).
[2026-06-26 09:40:45.878] Found 120 possible bad axioms.
[2026-06-26 09:40:45.878] Selected the bad axiom SubClassOf(http://purl.obolibrary.org/obo/TRANS_0000025 http://purl.obolibrary.org/obo/TRANS_0000003).
[2026-06-26 09:40:45.880] Found 119 possible bad axioms.
[2026-06-26 09:40:45.880] Selected the bad axiom SubClassOf(http://purl.obolibrary.org/obo/TRANS_0000015 http://purl.obolibrary.org/obo/TRANS_0000009).
[2026-06-26 09:40:45.887] Found 118 possible bad axioms.
[2026-06-26 09:40:45.887] Selected the bad axiom SubClassOf(http://purl.obolibrary.org/obo/TRANS_0000028 http://purl.obolibrary.org/obo/TRANS_0000009).
[2026-06-26 09:40:45.890] Found 117 possible bad axioms.
[2026-06-26 09:40:45.890] Selected the bad axiom SubClassOf(http://purl.obolibrary.org/obo/TRANS_0000028 http://purl.obolibrary.org/obo/TRANS_0000013).
[2026-06-26 09:40:45.896] Found 116 possible bad axioms.
[2026-06-26 09:40:45.897] Selected the bad axiom SubClassOf(http://purl.obolibrary.org/obo/TRANS_0000007 http://purl.obolibrary.org/obo/TR
...[truncated]
FAIL: attempt=55 seed=766868 status=memory_limit_exceeded stage=B5 message=Repair failed: ExecutionException: java.lang.IllegalStateException: Could not find a weakening for axiom: ⊤ ⊑ TRANS_0000008
progress: ontology=PTRANS attempt=55 success=46/100
----- PTRANS attempt=56 seed=781068 at 2026-06-26 09:40:52 -----
--- stdout ---
{"seed":781068,"run_id":"20260624134028346645","trial_status":"success","error_type":null,"failure_stage":null,"error_message":null,"iic_values":{"B1_vs_A1":0.9988864142538976,"B1_vs_A2":0.5,"B1_vs_A3":0.5,"B2_vs_A1":0.9988864142538976,"B2_vs_A2":0.5,"B2_vs_A3":0.5,"B3_vs_A1":0.9988864142538976,"B3_vs_A2":0.5,"B3_vs_A3":0.5,"B4_vs_A1":0.9988864142538976,"B4_vs_A2":0.5,"B4_vs_A3":0.5,"B5_vs_A1":0.9988864142538976,"B5_vs_A2":0.5,"B5_vs_A3":0.5,"B6_vs_A1":0.9988864142538976,"B6_vs_A2":0.5,"B6_vs_A3":0.5,"B7_vs_A1":0.9988864142538976,"B7_vs_A2":0.5,"B7_vs_A3":0.5,"B8_vs_A1":0.9988864142538976,"B8_vs_A2":0.5,"B8_vs_A3":0.5,"B9_vs_A1":0.9988864142538976,"B9_vs_A2":0.5,"B9_vs_A3":0.5},"repair_runtimes_ms":{"A1":202,"A2":1079,"A3":207,"B1":150,"B2":2337,"B3":1240,"B4":40,"B5":1777,"B6":1074,"B7":67,"B8":1255,"B9":1172}}

--- stderr ---
SingleTrialExperiment starting: ontology=/workspaces/ontologyutils-ekaw26/repair-power-index-replication-ekaw26/ontologies/inconsistent/PTRANS.owl, seed=781068, run_id=20260624134028346645
Loaded ontology.
Normalizing ontology with SROIQ normalization...
Normalized ontology with SROIQ normalization.
Ontology is already inconsistent, skipping make-inconsistent step.
Repairing with A1 (random-removal)...
[2026-06-26 09:40:53.184] Checking precondition...
[2026-06-26 09:40:53.198] Starting the repair...
[2026-06-26 09:40:53.204] Found 127 possible bad axioms.
[2026-06-26 09:40:53.205] Selected the bad axiom SubClassOf(http://purl.obolibrary.org/obo/TRANS_0000008 http://purl.obolibrary.org/obo/TRANS_0000007).
[2026-06-26 09:40:53.210] Found 126 possible bad axioms.
[2026-06-26 09:40:53.211] Selected the bad axiom SubClassOf(http://purl.obolibrary.org/obo/TRANS_0000026 http://purl.obolibrary.org/obo/TRANS_0000025).
[2026-06-26 09:40:53.214] Found 125 possible bad axioms.
[2026-06-26 09:40:53.214] Selected the bad axiom SubClassOf(http://purl.obolibrary.org/obo/TRANS_0000034 http://purl.obolibrary.org/obo/TRANS_0000033).
[2026-06-26 09:40:53.217] Found 124 possible bad axioms.
[2026-06-26 09:40:53.218] Selected the bad axiom SubClassOf(http://purl.obolibrary.org/obo/TRANS_0000028 http://purl.obolibrary.org/obo/TRANS_0000009).
[2026-06-26 09:40:53.220] Found 123 possible bad axioms.
[2026-06-26 09:40:53.220] Selected the bad axiom SubClassOf(http://purl.obolibrary.org/obo/TRANS_0000005 http://purl.obolibrary.org/obo/TRANS_0000014).
[2026-06-26 09:40:53.223] Found 122 possible bad axioms.
[2026-06-26 09:40:53.223] Selected the bad axiom SubClassOf(http://purl.obolibrary.org/obo/TRANS_0000027 owl:Nothing).
[2026-06-26 09:40:53.226] Found 121 possible bad axioms.
[2026-06-26 09:40:53.226] Selected the bad axiom SubClassOf(http://purl.obolibrary.org/obo/TRANS_0000034 http://purl.obolibrary.org/obo/TRANS_0000012).
[2026-06-26 09:40:53.229] Found 120 possible bad axioms.
[2026-06-26 09:40:53.229] Selected the bad axiom SubClassOf(http://purl.obolibrary.org/obo/TRANS_0000029 http://purl.obolibrary.org/obo/TRANS_0000013).
[2026-06-26 09:40:53.234] Found 119 possible bad axioms.
[2026-06-26 09:40:53.235] Selected the bad axiom SubClassOf(http://purl.obolibrary.org/obo/TRANS_0000029 http://purl.obolibrary.org/obo/TRANS_0000033).
[2026-06-26 09:40:53.238] Found 118 possible bad axioms.
[2026-06-26 09:40:53.238] Selected the bad axiom SubClassOf(http://purl.obolibrary.org/obo/TRANS_0000001 http://purl.obolibrary.org/obo/TRANS_0000002).
[2026-06-26 09:40:53.240] Found 117 possible bad axioms.
[2026-06-26 09:40:53.241] Selected the bad axiom SubClassOf(http://purl.obolibrary.org/obo/TRANS_0000007 http://purl.obolibrary.org/obo/TRANS_0000006).
[2026-06-26 09:40:53.248] Found 116 possible bad axioms.
[2026-06-26 09:40:53.248] Selected the bad axiom SubClassOf(http://purl.obolibrary.org/obo/TRANS_0000019 http://purl.obolibrary.org/obo/TRANS_0000023).
[2026-06-26 09:40:5
...[truncated]
SUCCESS: attempt=56 seed=781068 success_count=47/100
progress: ontology=PTRANS attempt=56 success=47/100
----- PTRANS attempt=57 seed=795268 at 2026-06-26 09:41:04 -----
--- stdout ---
{"seed":795268,"run_id":"20260624134028346645","trial_status":"memory_limit_exceeded","error_type":"failure","failure_stage":"B8","error_message":"Repair failed: ExecutionException: java.lang.IllegalStateException: Could not find a weakening for axiom: ⊤ ⊑ TRANS_0000008","iic_values":{},"repair_runtimes_ms":{"A1":93,"A2":1164,"A3":204,"B1":192,"B2":908,"B3":1369,"B4":58,"B5":361,"B6":567,"B7":85,"B8":826}}

--- stderr ---
SingleTrialExperiment starting: ontology=/workspaces/ontologyutils-ekaw26/repair-power-index-replication-ekaw26/ontologies/inconsistent/PTRANS.owl, seed=795268, run_id=20260624134028346645
Loaded ontology.
Normalizing ontology with SROIQ normalization...
Normalized ontology with SROIQ normalization.
Ontology is already inconsistent, skipping make-inconsistent step.
Repairing with A1 (random-removal)...
[2026-06-26 09:41:05.273] Checking precondition...
[2026-06-26 09:41:05.289] Starting the repair...
[2026-06-26 09:41:05.295] Found 127 possible bad axioms.
[2026-06-26 09:41:05.297] Selected the bad axiom SubClassOf(http://purl.obolibrary.org/obo/TRANS_0000015 http://purl.obolibrary.org/obo/TRANS_0000005).
[2026-06-26 09:41:05.301] Found 126 possible bad axioms.
[2026-06-26 09:41:05.301] Selected the bad axiom SubClassOf(http://purl.obolibrary.org/obo/TRANS_0000001 http://purl.obolibrary.org/obo/TRANS_0000008).
[2026-06-26 09:41:05.304] Found 125 possible bad axioms.
[2026-06-26 09:41:05.305] Selected the bad axiom SubClassOf(http://purl.obolibrary.org/obo/TRANS_0000001 http://purl.obolibrary.org/obo/TRANS_0000007).
[2026-06-26 09:41:05.308] Found 124 possible bad axioms.
[2026-06-26 09:41:05.308] Selected the bad axiom SubClassOf(http://purl.obolibrary.org/obo/TRANS_0000026 http://purl.obolibrary.org/obo/TRANS_0000011).
[2026-06-26 09:41:05.311] Found 123 possible bad axioms.
[2026-06-26 09:41:05.311] Selected the bad axiom SubClassOf(http://purl.obolibrary.org/obo/TRANS_0000034 http://purl.obolibrary.org/obo/TRANS_0000024).
[2026-06-26 09:41:05.313] Found 122 possible bad axioms.
[2026-06-26 09:41:05.314] Selected the bad axiom SubClassOf(http://purl.obolibrary.org/obo/TRANS_0000002 http://purl.obolibrary.org/obo/TRANS_0000019).
[2026-06-26 09:41:05.316] Found 121 possible bad axioms.
[2026-06-26 09:41:05.316] Selected the bad axiom SubClassOf(http://purl.obolibrary.org/obo/TRANS_0000027 http://purl.obolibrary.org/obo/TRANS_0000020).
[2026-06-26 09:41:05.319] Found 120 possible bad axioms.
[2026-06-26 09:41:05.319] Selected the bad axiom SubClassOf(http://purl.obolibrary.org/obo/TRANS_0000027 http://purl.obolibrary.org/obo/TRANS_0000021).
[2026-06-26 09:41:05.326] Found 119 possible bad axioms.
[2026-06-26 09:41:05.326] Selected the bad axiom SubClassOf(http://purl.obolibrary.org/obo/TRANS_0000015 http://purl.obolibrary.org/obo/TRANS_0000009).
[2026-06-26 09:41:05.328] Found 118 possible bad axioms.
[2026-06-26 09:41:05.329] Selected the bad axiom SubClassOf(http://purl.obolibrary.org/obo/TRANS_0000025 http://purl.obolibrary.org/obo/TRANS_0000024).
[2026-06-26 09:41:05.331] Found 117 possible bad axioms.
[2026-06-26 09:41:05.331] Selected the bad axiom SubClassOf(http://purl.obolibrary.org/obo/TRANS_0000002 http://purl.obolibrary.org/obo/TRANS_0000001).
[2026-06-26 09:41:05.338] Found 116 possible bad axioms.
[2026-06-26 09:41:05.338] Selected the bad axiom SubClassOf(http://purl.obolibrary.org/obo/TRANS_0000006 http://purl.obolibrary.org/obo/TR
...[truncated]
FAIL: attempt=57 seed=795268 status=memory_limit_exceeded stage=B8 message=Repair failed: ExecutionException: java.lang.IllegalStateException: Could not find a weakening for axiom: ⊤ ⊑ TRANS_0000008
progress: ontology=PTRANS attempt=57 success=47/100
----- PTRANS attempt=58 seed=809468 at 2026-06-26 09:41:11 -----
--- stdout ---
{"seed":809468,"run_id":"20260624134028346645","trial_status":"success","error_type":null,"failure_stage":null,"error_message":null,"iic_values":{"B1_vs_A1":1.0,"B1_vs_A2":0.5,"B1_vs_A3":0.5,"B2_vs_A1":1.0,"B2_vs_A2":0.5,"B2_vs_A3":0.5,"B3_vs_A1":1.0,"B3_vs_A2":0.5,"B3_vs_A3":0.5,"B4_vs_A1":1.0,"B4_vs_A2":0.5,"B4_vs_A3":0.5,"B5_vs_A1":1.0,"B5_vs_A2":0.5,"B5_vs_A3":0.5,"B6_vs_A1":1.0,"B6_vs_A2":0.5,"B6_vs_A3":0.5,"B7_vs_A1":1.0,"B7_vs_A2":0.5,"B7_vs_A3":0.5,"B8_vs_A1":1.0,"B8_vs_A2":0.5,"B8_vs_A3":0.5,"B9_vs_A1":1.0,"B9_vs_A2":0.5,"B9_vs_A3":0.5},"repair_runtimes_ms":{"A1":136,"A2":1147,"A3":218,"B1":181,"B2":1876,"B3":1233,"B4":47,"B5":400,"B6":666,"B7":84,"B8":1806,"B9":652}}

--- stderr ---
SingleTrialExperiment starting: ontology=/workspaces/ontologyutils-ekaw26/repair-power-index-replication-ekaw26/ontologies/inconsistent/PTRANS.owl, seed=809468, run_id=20260624134028346645
Loaded ontology.
Normalizing ontology with SROIQ normalization...
Normalized ontology with SROIQ normalization.
Ontology is already inconsistent, skipping make-inconsistent step.
Repairing with A1 (random-removal)...
[2026-06-26 09:41:11.529] Checking precondition...
[2026-06-26 09:41:11.544] Starting the repair...
[2026-06-26 09:41:11.550] Found 127 possible bad axioms.
[2026-06-26 09:41:11.551] Selected the bad axiom SubClassOf(http://purl.obolibrary.org/obo/TRANS_0000013 http://purl.obolibrary.org/obo/TRANS_0000010).
[2026-06-26 09:41:11.555] Found 126 possible bad axioms.
[2026-06-26 09:41:11.556] Selected the bad axiom SubClassOf(http://purl.obolibrary.org/obo/TRANS_0000009 http://purl.obolibrary.org/obo/TRANS_0000027).
[2026-06-26 09:41:11.559] Found 125 possible bad axioms.
[2026-06-26 09:41:11.559] Selected the bad axiom SubClassOf(http://purl.obolibrary.org/obo/TRANS_0000025 http://purl.obolibrary.org/obo/TRANS_0000009).
[2026-06-26 09:41:11.563] Found 124 possible bad axioms.
[2026-06-26 09:41:11.563] Selected the bad axiom SubClassOf(http://purl.obolibrary.org/obo/TRANS_0000020 http://purl.obolibrary.org/obo/TRANS_0000019).
[2026-06-26 09:41:11.565] Found 123 possible bad axioms.
[2026-06-26 09:41:11.565] Selected the bad axiom SubClassOf(http://purl.obolibrary.org/obo/TRANS_0000020 http://purl.obolibrary.org/obo/TRANS_0000024).
[2026-06-26 09:41:11.568] Found 122 possible bad axioms.
[2026-06-26 09:41:11.568] Selected the bad axiom SubClassOf(http://purl.obolibrary.org/obo/TRANS_0000005 http://purl.obolibrary.org/obo/TRANS_0000002).
[2026-06-26 09:41:11.570] Found 121 possible bad axioms.
[2026-06-26 09:41:11.571] Selected the bad axiom SubClassOf(http://purl.obolibrary.org/obo/TRANS_0000000 http://purl.obolibrary.org/obo/TRANS_0000008).
[2026-06-26 09:41:11.573] Found 120 possible bad axioms.
[2026-06-26 09:41:11.573] Selected the bad axiom SubClassOf(http://purl.obolibrary.org/obo/TRANS_0000029 http://purl.obolibrary.org/obo/TRANS_0000015).
[2026-06-26 09:41:11.575] Found 119 possible bad axioms.
[2026-06-26 09:41:11.576] Selected the bad axiom SubClassOf(http://purl.obolibrary.org/obo/TRANS_0000028 http://purl.obolibrary.org/obo/TRANS_0000031).
[2026-06-26 09:41:11.583] Found 118 possible bad axioms.
[2026-06-26 09:41:11.583] Selected the bad axiom SubClassOf(http://purl.obolibrary.org/obo/TRANS_0000001 http://purl.obolibrary.org/obo/TRANS_0000000).
[2026-06-26 09:41:11.585] Found 117 possible bad axioms.
[2026-06-26 09:41:11.585] Selected the bad axiom SubClassOf(http://purl.obolibrary.org/obo/TRANS_0000003 http://purl.obolibrary.org/obo/TRANS_0000005).
[2026-06-26 09:41:11.593] Found 116 possible bad axioms.
[2026-06-26 09:41:11.593] Selected the bad axiom SubClassOf(http://purl.obolibrary.org/obo/TRANS_0000031 http://purl.obolibrary.org/obo/TR
...[truncated]
SUCCESS: attempt=58 seed=809468 success_count=48/100
progress: ontology=PTRANS attempt=58 success=48/100
----- PTRANS attempt=59 seed=823668 at 2026-06-26 09:41:20 -----
--- stdout ---
{"seed":823668,"run_id":"20260624134028346645","trial_status":"success","error_type":null,"failure_stage":null,"error_message":null,"iic_values":{"B1_vs_A1":0.9965635738831615,"B1_vs_A2":0.5,"B1_vs_A3":0.9696969696969697,"B2_vs_A1":0.9965635738831615,"B2_vs_A2":0.5,"B2_vs_A3":0.9696969696969697,"B3_vs_A1":0.9965635738831615,"B3_vs_A2":0.5,"B3_vs_A3":0.9696969696969697,"B4_vs_A1":0.9965635738831615,"B4_vs_A2":0.5,"B4_vs_A3":0.9696969696969697,"B5_vs_A1":0.9965635738831615,"B5_vs_A2":0.5,"B5_vs_A3":0.9696969696969697,"B6_vs_A1":0.9965635738831615,"B6_vs_A2":0.5,"B6_vs_A3":0.9696969696969697,"B7_vs_A1":0.9965635738831615,"B7_vs_A2":0.5,"B7_vs_A3":0.9696969696969697,"B8_vs_A1":0.9965635738831615,"B8_vs_A2":0.5,"B8_vs_A3":0.9696969696969697,"B9_vs_A1":0.9965635738831615,"B9_vs_A2":0.5,"B9_vs_A3":0.9696969696969697},"repair_runtimes_ms":{"A1":212,"A2":1088,"A3":594,"B1":832,"B2":1436,"B3":1231,"B4":41,"B5":1794,"B6":1143,"B7":72,"B8":980,"B9":1116}}

--- stderr ---
SingleTrialExperiment starting: ontology=/workspaces/ontologyutils-ekaw26/repair-power-index-replication-ekaw26/ontologies/inconsistent/PTRANS.owl, seed=823668, run_id=20260624134028346645
Loaded ontology.
Normalizing ontology with SROIQ normalization...
Normalized ontology with SROIQ normalization.
Ontology is already inconsistent, skipping make-inconsistent step.
Repairing with A1 (random-removal)...
[2026-06-26 09:41:20.473] Checking precondition...
[2026-06-26 09:41:20.489] Starting the repair...
[2026-06-26 09:41:20.495] Found 127 possible bad axioms.
[2026-06-26 09:41:20.497] Selected the bad axiom SubClassOf(http://purl.obolibrary.org/obo/TRANS_0000009 http://purl.obolibrary.org/obo/TRANS_0000002).
[2026-06-26 09:41:20.501] Found 126 possible bad axioms.
[2026-06-26 09:41:20.502] Selected the bad axiom SubClassOf(http://purl.obolibrary.org/obo/TRANS_0000034 http://purl.obolibrary.org/obo/TRANS_0000024).
[2026-06-26 09:41:20.505] Found 125 possible bad axioms.
[2026-06-26 09:41:20.505] Selected the bad axiom SubClassOf(http://purl.obolibrary.org/obo/TRANS_0000025 http://purl.obolibrary.org/obo/TRANS_0000009).
[2026-06-26 09:41:20.509] Found 124 possible bad axioms.
[2026-06-26 09:41:20.509] Selected the bad axiom SubClassOf(http://purl.obolibrary.org/obo/TRANS_0000029 http://purl.obolibrary.org/obo/TRANS_0000013).
[2026-06-26 09:41:20.511] Found 123 possible bad axioms.
[2026-06-26 09:41:20.511] Selected the bad axiom SubClassOf(http://purl.obolibrary.org/obo/TRANS_0000034 http://purl.obolibrary.org/obo/TRANS_0000013).
[2026-06-26 09:41:20.514] Found 122 possible bad axioms.
[2026-06-26 09:41:20.514] Selected the bad axiom SubClassOf(http://purl.obolibrary.org/obo/TRANS_0000013 http://purl.obolibrary.org/obo/TRANS_0000027).
[2026-06-26 09:41:20.516] Found 121 possible bad axioms.
[2026-06-26 09:41:20.517] Selected the bad axiom SubClassOf(http://purl.obolibrary.org/obo/TRANS_0000029 http://purl.obolibrary.org/obo/TRANS_0000024).
[2026-06-26 09:41:20.520] Found 120 possible bad axioms.
[2026-06-26 09:41:20.520] Selected the bad axiom SubClassOf(http://purl.obolibrary.org/obo/TRANS_0000024 http://purl.obolibrary.org/obo/TRANS_0000027).
[2026-06-26 09:41:20.527] Found 119 possible bad axioms.
[2026-06-26 09:41:20.527] Selected the bad axiom SubClassOf(http://purl.obolibrary.org/obo/TRANS_0000028 http://purl.obolibrary.org/obo/TRANS_0000010).
[2026-06-26 09:41:20.529] Found 118 possible bad axioms.
[2026-06-26 09:41:20.530] Selected the bad axiom SubClassOf(http://purl.obolibrary.org/obo/TRANS_0000027 http://purl.obolibrary.org/obo/TRANS_0000021).
[2026-06-26 09:41:20.532] Found 117 possible bad axioms.
[2026-06-26 09:41:20.532] Selected the bad axiom SubClassOf(http://purl.obolibrary.org/obo/TRANS_0000002 owl:Nothing).
[2026-06-26 09:41:20.539] Found 116 possible bad axioms.
[2026-06-26 09:41:20.540] Selected the bad axiom SubClassOf(http://purl.obolibrary.org/obo/TRANS_0000002 http://purl.obolibrary.org/obo/TRANS_0000019).
[2026-06-26 09:41:2
...[truncated]
SUCCESS: attempt=59 seed=823668 success_count=49/100
progress: ontology=PTRANS attempt=59 success=49/100
----- PTRANS attempt=60 seed=837868 at 2026-06-26 09:41:31 -----
--- stdout ---
{"seed":837868,"run_id":"20260624134028346645","trial_status":"success","error_type":null,"failure_stage":null,"error_message":null,"iic_values":{"B1_vs_A1":1.0,"B1_vs_A2":0.5,"B1_vs_A3":0.5,"B2_vs_A1":1.0,"B2_vs_A2":0.5,"B2_vs_A3":0.5,"B3_vs_A1":1.0,"B3_vs_A2":0.5,"B3_vs_A3":0.5,"B4_vs_A1":1.0,"B4_vs_A2":0.5,"B4_vs_A3":0.5,"B5_vs_A1":1.0,"B5_vs_A2":0.5,"B5_vs_A3":0.5,"B6_vs_A1":1.0,"B6_vs_A2":0.5,"B6_vs_A3":0.5,"B7_vs_A1":1.0,"B7_vs_A2":0.5,"B7_vs_A3":0.5,"B8_vs_A1":1.0,"B8_vs_A2":0.5,"B8_vs_A3":0.5,"B9_vs_A1":1.0,"B9_vs_A2":0.5,"B9_vs_A3":0.5},"repair_runtimes_ms":{"A1":204,"A2":1117,"A3":200,"B1":158,"B2":894,"B3":1300,"B4":73,"B5":1669,"B6":196,"B7":75,"B8":1015,"B9":340}}

--- stderr ---
SingleTrialExperiment starting: ontology=/workspaces/ontologyutils-ekaw26/repair-power-index-replication-ekaw26/ontologies/inconsistent/PTRANS.owl, seed=837868, run_id=20260624134028346645
Loaded ontology.
Normalizing ontology with SROIQ normalization...
Normalized ontology with SROIQ normalization.
Ontology is already inconsistent, skipping make-inconsistent step.
Repairing with A1 (random-removal)...
[2026-06-26 09:41:31.506] Checking precondition...
[2026-06-26 09:41:31.520] Starting the repair...
[2026-06-26 09:41:31.527] Found 127 possible bad axioms.
[2026-06-26 09:41:31.528] Selected the bad axiom SubClassOf(http://purl.obolibrary.org/obo/TRANS_0000014 http://purl.obolibrary.org/obo/TRANS_0000025).
[2026-06-26 09:41:31.533] Found 126 possible bad axioms.
[2026-06-26 09:41:31.533] Selected the bad axiom SubClassOf(http://purl.obolibrary.org/obo/TRANS_0000014 http://purl.obolibrary.org/obo/TRANS_0000005).
[2026-06-26 09:41:31.537] Found 125 possible bad axioms.
[2026-06-26 09:41:31.537] Selected the bad axiom SubClassOf(http://purl.obolibrary.org/obo/TRANS_0000028 http://purl.obolibrary.org/obo/TRANS_0000012).
[2026-06-26 09:41:31.540] Found 124 possible bad axioms.
[2026-06-26 09:41:31.541] Selected the bad axiom SubClassOf(http://purl.obolibrary.org/obo/TRANS_0000025 http://purl.obolibrary.org/obo/TRANS_0000026).
[2026-06-26 09:41:31.543] Found 123 possible bad axioms.
[2026-06-26 09:41:31.543] Selected the bad axiom SubClassOf(http://purl.obolibrary.org/obo/TRANS_0000005 http://purl.obolibrary.org/obo/TRANS_0000025).
[2026-06-26 09:41:31.546] Found 122 possible bad axioms.
[2026-06-26 09:41:31.546] Selected the bad axiom SubClassOf(http://purl.obolibrary.org/obo/TRANS_0000019 http://purl.obolibrary.org/obo/TRANS_0000029).
[2026-06-26 09:41:31.549] Found 121 possible bad axioms.
[2026-06-26 09:41:31.549] Selected the bad axiom SubClassOf(http://purl.obolibrary.org/obo/TRANS_0000002 owl:Nothing).
[2026-06-26 09:41:31.552] Found 120 possible bad axioms.
[2026-06-26 09:41:31.552] Selected the bad axiom SubClassOf(http://purl.obolibrary.org/obo/TRANS_0000007 http://purl.obolibrary.org/obo/TRANS_0000001).
[2026-06-26 09:41:31.558] Found 119 possible bad axioms.
[2026-06-26 09:41:31.559] Selected the bad axiom SubClassOf(http://purl.obolibrary.org/obo/TRANS_0000028 http://purl.obolibrary.org/obo/TRANS_0000015).
[2026-06-26 09:41:31.562] Found 118 possible bad axioms.
[2026-06-26 09:41:31.562] Selected the bad axiom SubClassOf(http://purl.obolibrary.org/obo/TRANS_0000026 http://purl.obolibrary.org/obo/TRANS_0000010).
[2026-06-26 09:41:31.565] Found 117 possible bad axioms.
[2026-06-26 09:41:31.565] Selected the bad axiom SubClassOf(http://purl.obolibrary.org/obo/TRANS_0000029 http://purl.obolibrary.org/obo/TRANS_0000010).
[2026-06-26 09:41:31.572] Found 116 possible bad axioms.
[2026-06-26 09:41:31.573] Selected the bad axiom SubClassOf(http://purl.obolibrary.org/obo/TRANS_0000005 http://purl.obolibrary.org/obo/TRANS_0000019).
[2026-06-26 09:41:3
...[truncated]
SUCCESS: attempt=60 seed=837868 success_count=50/100
progress: ontology=PTRANS attempt=60 success=50/100
----- PTRANS attempt=61 seed=852068 at 2026-06-26 09:41:39 -----
--- stdout ---
{"seed":852068,"run_id":"20260624134028346645","trial_status":"success","error_type":null,"failure_stage":null,"error_message":null,"iic_values":{"B1_vs_A1":1.0,"B1_vs_A2":0.5,"B1_vs_A3":0.5,"B2_vs_A1":1.0,"B2_vs_A2":0.5,"B2_vs_A3":0.5,"B3_vs_A1":1.0,"B3_vs_A2":0.5,"B3_vs_A3":0.5,"B4_vs_A1":1.0,"B4_vs_A2":0.5,"B4_vs_A3":0.5,"B5_vs_A1":1.0,"B5_vs_A2":0.5,"B5_vs_A3":0.5,"B6_vs_A1":1.0,"B6_vs_A2":0.5,"B6_vs_A3":0.5,"B7_vs_A1":1.0,"B7_vs_A2":0.5,"B7_vs_A3":0.5,"B8_vs_A1":1.0,"B8_vs_A2":0.5,"B8_vs_A3":0.5,"B9_vs_A1":1.0,"B9_vs_A2":0.5,"B9_vs_A3":0.5},"repair_runtimes_ms":{"A1":152,"A2":1130,"A3":229,"B1":328,"B2":2274,"B3":1327,"B4":54,"B5":492,"B6":662,"B7":89,"B8":1750,"B9":631}}

--- stderr ---
SingleTrialExperiment starting: ontology=/workspaces/ontologyutils-ekaw26/repair-power-index-replication-ekaw26/ontologies/inconsistent/PTRANS.owl, seed=852068, run_id=20260624134028346645
Loaded ontology.
Normalizing ontology with SROIQ normalization...
Normalized ontology with SROIQ normalization.
Ontology is already inconsistent, skipping make-inconsistent step.
Repairing with A1 (random-removal)...
[2026-06-26 09:41:39.699] Checking precondition...
[2026-06-26 09:41:39.714] Starting the repair...
[2026-06-26 09:41:39.720] Found 127 possible bad axioms.
[2026-06-26 09:41:39.722] Selected the bad axiom SubClassOf(http://purl.obolibrary.org/obo/TRANS_0000032 http://purl.obolibrary.org/obo/TRANS_0000015).
[2026-06-26 09:41:39.726] Found 126 possible bad axioms.
[2026-06-26 09:41:39.727] Selected the bad axiom SubClassOf(http://purl.obolibrary.org/obo/TRANS_0000013 http://purl.obolibrary.org/obo/TRANS_0000027).
[2026-06-26 09:41:39.730] Found 125 possible bad axioms.
[2026-06-26 09:41:39.730] Selected the bad axiom SubClassOf(http://purl.obolibrary.org/obo/TRANS_0000005 http://purl.obolibrary.org/obo/TRANS_0000014).
[2026-06-26 09:41:39.734] Found 124 possible bad axioms.
[2026-06-26 09:41:39.734] Selected the bad axiom SubClassOf(http://purl.obolibrary.org/obo/TRANS_0000005 http://purl.obolibrary.org/obo/TRANS_0000002).
[2026-06-26 09:41:39.737] Found 123 possible bad axioms.
[2026-06-26 09:41:39.737] Selected the bad axiom SubClassOf(http://purl.obolibrary.org/obo/TRANS_0000034 http://purl.obolibrary.org/obo/TRANS_0000015).
[2026-06-26 09:41:39.740] Found 122 possible bad axioms.
[2026-06-26 09:41:39.740] Selected the bad axiom SubClassOf(http://purl.obolibrary.org/obo/TRANS_0000007 http://purl.obolibrary.org/obo/TRANS_0000008).
[2026-06-26 09:41:39.742] Found 121 possible bad axioms.
[2026-06-26 09:41:39.742] Selected the bad axiom SubClassOf(http://purl.obolibrary.org/obo/TRANS_0000008 http://purl.obolibrary.org/obo/TRANS_0000007).
[2026-06-26 09:41:39.745] Found 120 possible bad axioms.
[2026-06-26 09:41:39.745] Selected the bad axiom SubClassOf(http://purl.obolibrary.org/obo/TRANS_0000019 http://purl.obolibrary.org/obo/TRANS_0000029).
[2026-06-26 09:41:39.751] Found 119 possible bad axioms.
[2026-06-26 09:41:39.751] Selected the bad axiom SubClassOf(http://purl.obolibrary.org/obo/TRANS_0000027 http://purl.obolibrary.org/obo/TRANS_0000022).
[2026-06-26 09:41:39.754] Found 118 possible bad axioms.
[2026-06-26 09:41:39.755] Selected the bad axiom SubClassOf(http://purl.obolibrary.org/obo/TRANS_0000034 http://purl.obolibrary.org/obo/TRANS_0000026).
[2026-06-26 09:41:39.757] Found 117 possible bad axioms.
[2026-06-26 09:41:39.757] Selected the bad axiom SubClassOf(http://purl.obolibrary.org/obo/TRANS_0000015 http://purl.obolibrary.org/obo/TRANS_0000029).
[2026-06-26 09:41:39.764] Found 116 possible bad axioms.
[2026-06-26 09:41:39.765] Selected the bad axiom SubClassOf(http://purl.obolibrary.org/obo/TRANS_0000033 http://purl.obolibrary.org/obo/TR
...[truncated]
SUCCESS: attempt=61 seed=852068 success_count=51/100
progress: ontology=PTRANS attempt=61 success=51/100
----- PTRANS attempt=62 seed=866268 at 2026-06-26 09:41:48 -----
--- stdout ---
{"seed":866268,"run_id":"20260624134028346645","trial_status":"memory_limit_exceeded","error_type":"failure","failure_stage":"B2","error_message":"Repair failed: ExecutionException: java.lang.IllegalStateException: Could not find a weakening for axiom: ⊤ ⊑ TRANS_0000008","iic_values":{},"repair_runtimes_ms":{"A1":159,"A2":1079,"A3":213,"B1":178,"B2":1463}}

--- stderr ---
SingleTrialExperiment starting: ontology=/workspaces/ontologyutils-ekaw26/repair-power-index-replication-ekaw26/ontologies/inconsistent/PTRANS.owl, seed=866268, run_id=20260624134028346645
Loaded ontology.
Normalizing ontology with SROIQ normalization...
Normalized ontology with SROIQ normalization.
Ontology is already inconsistent, skipping make-inconsistent step.
Repairing with A1 (random-removal)...
[2026-06-26 09:41:49.319] Checking precondition...
[2026-06-26 09:41:49.335] Starting the repair...
[2026-06-26 09:41:49.341] Found 127 possible bad axioms.
[2026-06-26 09:41:49.343] Selected the bad axiom SubClassOf(http://purl.obolibrary.org/obo/TRANS_0000001 http://purl.obolibrary.org/obo/TRANS_0000005).
[2026-06-26 09:41:49.347] Found 126 possible bad axioms.
[2026-06-26 09:41:49.347] Selected the bad axiom SubClassOf(http://purl.obolibrary.org/obo/TRANS_0000029 http://purl.obolibrary.org/obo/TRANS_0000013).
[2026-06-26 09:41:49.351] Found 125 possible bad axioms.
[2026-06-26 09:41:49.351] Selected the bad axiom SubClassOf(http://purl.obolibrary.org/obo/TRANS_0000015 http://purl.obolibrary.org/obo/TRANS_0000033).
[2026-06-26 09:41:49.354] Found 124 possible bad axioms.
[2026-06-26 09:41:49.354] Selected the bad axiom SubClassOf(http://purl.obolibrary.org/obo/TRANS_0000015 http://purl.obolibrary.org/obo/TRANS_0000011).
[2026-06-26 09:41:49.357] Found 123 possible bad axioms.
[2026-06-26 09:41:49.357] Selected the bad axiom SubClassOf(http://purl.obolibrary.org/obo/TRANS_0000012 http://purl.obolibrary.org/obo/TRANS_0000027).
[2026-06-26 09:41:49.360] Found 122 possible bad axioms.
[2026-06-26 09:41:49.360] Selected the bad axiom SubClassOf(http://purl.obolibrary.org/obo/TRANS_0000034 http://purl.obolibrary.org/obo/TRANS_0000024).
[2026-06-26 09:41:49.362] Found 121 possible bad axioms.
[2026-06-26 09:41:49.362] Selected the bad axiom SubClassOf(http://purl.obolibrary.org/obo/TRANS_0000034 http://purl.obolibrary.org/obo/TRANS_0000009).
[2026-06-26 09:41:49.365] Found 120 possible bad axioms.
[2026-06-26 09:41:49.365] Selected the bad axiom SubClassOf(http://purl.obolibrary.org/obo/TRANS_0000005 http://purl.obolibrary.org/obo/TRANS_0000022).
[2026-06-26 09:41:49.372] Found 119 possible bad axioms.
[2026-06-26 09:41:49.372] Selected the bad axiom SubClassOf(http://purl.obolibrary.org/obo/TRANS_0000034 http://purl.obolibrary.org/obo/TRANS_0000015).
[2026-06-26 09:41:49.375] Found 118 possible bad axioms.
[2026-06-26 09:41:49.375] Selected the bad axiom SubClassOf(http://purl.obolibrary.org/obo/TRANS_0000001 http://purl.obolibrary.org/obo/TRANS_0000008).
[2026-06-26 09:41:49.378] Found 117 possible bad axioms.
[2026-06-26 09:41:49.378] Selected the bad axiom SubClassOf(http://purl.obolibrary.org/obo/TRANS_0000019 http://purl.obolibrary.org/obo/TRANS_0000015).
[2026-06-26 09:41:49.386] Found 116 possible bad axioms.
[2026-06-26 09:41:49.387] Selected the bad axiom SubClassOf(http://purl.obolibrary.org/obo/TRANS_0000033 http://purl.obolibrary.org/obo/TR
...[truncated]
FAIL: attempt=62 seed=866268 status=memory_limit_exceeded stage=B2 message=Repair failed: ExecutionException: java.lang.IllegalStateException: Could not find a weakening for axiom: ⊤ ⊑ TRANS_0000008
progress: ontology=PTRANS attempt=62 success=51/100
----- PTRANS attempt=63 seed=880468 at 2026-06-26 09:41:52 -----
--- stdout ---
{"seed":880468,"run_id":"20260624134028346645","trial_status":"success","error_type":null,"failure_stage":null,"error_message":null,"iic_values":{"B1_vs_A1":1.0,"B1_vs_A2":0.5,"B1_vs_A3":0.5,"B2_vs_A1":1.0,"B2_vs_A2":0.5,"B2_vs_A3":0.5,"B3_vs_A1":1.0,"B3_vs_A2":0.5,"B3_vs_A3":0.5,"B4_vs_A1":1.0,"B4_vs_A2":0.5,"B4_vs_A3":0.5,"B5_vs_A1":1.0,"B5_vs_A2":0.5,"B5_vs_A3":0.5,"B6_vs_A1":1.0,"B6_vs_A2":0.5,"B6_vs_A3":0.5,"B7_vs_A1":1.0,"B7_vs_A2":0.5,"B7_vs_A3":0.5,"B8_vs_A1":1.0,"B8_vs_A2":0.5,"B8_vs_A3":0.5,"B9_vs_A1":1.0,"B9_vs_A2":0.5,"B9_vs_A3":0.5},"repair_runtimes_ms":{"A1":224,"A2":1077,"A3":225,"B1":360,"B2":2408,"B3":1270,"B4":49,"B5":354,"B6":317,"B7":78,"B8":379,"B9":1198}}

--- stderr ---
SingleTrialExperiment starting: ontology=/workspaces/ontologyutils-ekaw26/repair-power-index-replication-ekaw26/ontologies/inconsistent/PTRANS.owl, seed=880468, run_id=20260624134028346645
Loaded ontology.
Normalizing ontology with SROIQ normalization...
Normalized ontology with SROIQ normalization.
Ontology is already inconsistent, skipping make-inconsistent step.
Repairing with A1 (random-removal)...
[2026-06-26 09:41:52.813] Checking precondition...
[2026-06-26 09:41:52.827] Starting the repair...
[2026-06-26 09:41:52.834] Found 127 possible bad axioms.
[2026-06-26 09:41:52.835] Selected the bad axiom SubClassOf(http://purl.obolibrary.org/obo/TRANS_0000005 http://purl.obolibrary.org/obo/TRANS_0000014).
[2026-06-26 09:41:52.840] Found 126 possible bad axioms.
[2026-06-26 09:41:52.840] Selected the bad axiom SubClassOf(http://purl.obolibrary.org/obo/TRANS_0000027 http://purl.obolibrary.org/obo/TRANS_0000019).
[2026-06-26 09:41:52.843] Found 125 possible bad axioms.
[2026-06-26 09:41:52.843] Selected the bad axiom SubClassOf(http://purl.obolibrary.org/obo/TRANS_0000009 http://purl.obolibrary.org/obo/TRANS_0000002).
[2026-06-26 09:41:52.847] Found 124 possible bad axioms.
[2026-06-26 09:41:52.847] Selected the bad axiom SubClassOf(http://purl.obolibrary.org/obo/TRANS_0000015 http://purl.obolibrary.org/obo/TRANS_0000005).
[2026-06-26 09:41:52.850] Found 123 possible bad axioms.
[2026-06-26 09:41:52.850] Selected the bad axiom SubClassOf(http://purl.obolibrary.org/obo/TRANS_0000034 http://purl.obolibrary.org/obo/TRANS_0000015).
[2026-06-26 09:41:52.852] Found 122 possible bad axioms.
[2026-06-26 09:41:52.852] Selected the bad axiom SubClassOf(http://purl.obolibrary.org/obo/TRANS_0000010 http://purl.obolibrary.org/obo/TRANS_0000002).
[2026-06-26 09:41:52.855] Found 121 possible bad axioms.
[2026-06-26 09:41:52.855] Selected the bad axiom SubClassOf(http://purl.obolibrary.org/obo/TRANS_0000021 http://purl.obolibrary.org/obo/TRANS_0000023).
[2026-06-26 09:41:52.858] Found 120 possible bad axioms.
[2026-06-26 09:41:52.858] Selected the bad axiom SubClassOf(http://purl.obolibrary.org/obo/TRANS_0000001 http://purl.obolibrary.org/obo/TRANS_0000007).
[2026-06-26 09:41:52.860] Found 119 possible bad axioms.
[2026-06-26 09:41:52.860] Selected the bad axiom SubClassOf(http://purl.obolibrary.org/obo/TRANS_0000015 http://purl.obolibrary.org/obo/TRANS_0000009).
[2026-06-26 09:41:52.867] Found 118 possible bad axioms.
[2026-06-26 09:41:52.867] Selected the bad axiom SubClassOf(http://purl.obolibrary.org/obo/TRANS_0000007 http://purl.obolibrary.org/obo/TRANS_0000006).
[2026-06-26 09:41:52.869] Found 117 possible bad axioms.
[2026-06-26 09:41:52.870] Selected the bad axiom SubClassOf(http://purl.obolibrary.org/obo/TRANS_0000019 http://purl.obolibrary.org/obo/TRANS_0000015).
[2026-06-26 09:41:52.877] Found 116 possible bad axioms.
[2026-06-26 09:41:52.877] Selected the bad axiom SubClassOf(http://purl.obolibrary.org/obo/TRANS_0000007 http://purl.obolibrary.org/obo/TR
...[truncated]
SUCCESS: attempt=63 seed=880468 success_count=52/100
progress: ontology=PTRANS attempt=63 success=52/100
----- PTRANS attempt=64 seed=894668 at 2026-06-26 09:42:01 -----
--- stdout ---
{"seed":894668,"run_id":"20260624134028346645","trial_status":"success","error_type":null,"failure_stage":null,"error_message":null,"iic_values":{"B1_vs_A1":0.5,"B1_vs_A2":0.5,"B1_vs_A3":0.5,"B2_vs_A1":0.5,"B2_vs_A2":0.5,"B2_vs_A3":0.5,"B3_vs_A1":0.5,"B3_vs_A2":0.5,"B3_vs_A3":0.5,"B4_vs_A1":0.5,"B4_vs_A2":0.5,"B4_vs_A3":0.5,"B5_vs_A1":0.5,"B5_vs_A2":0.5,"B5_vs_A3":0.5,"B6_vs_A1":0.5,"B6_vs_A2":0.5,"B6_vs_A3":0.5,"B7_vs_A1":0.5,"B7_vs_A2":0.5,"B7_vs_A3":0.5,"B8_vs_A1":0.5,"B8_vs_A2":0.5,"B8_vs_A3":0.5,"B9_vs_A1":0.5,"B9_vs_A2":0.5,"B9_vs_A3":0.5},"repair_runtimes_ms":{"A1":116,"A2":1158,"A3":201,"B1":180,"B2":765,"B3":563,"B4":49,"B5":1763,"B6":1123,"B7":70,"B8":376,"B9":1208}}

--- stderr ---
SingleTrialExperiment starting: ontology=/workspaces/ontologyutils-ekaw26/repair-power-index-replication-ekaw26/ontologies/inconsistent/PTRANS.owl, seed=894668, run_id=20260624134028346645
Loaded ontology.
Normalizing ontology with SROIQ normalization...
Normalized ontology with SROIQ normalization.
Ontology is already inconsistent, skipping make-inconsistent step.
Repairing with A1 (random-removal)...
[2026-06-26 09:42:01.489] Checking precondition...
[2026-06-26 09:42:01.504] Starting the repair...
[2026-06-26 09:42:01.511] Found 127 possible bad axioms.
[2026-06-26 09:42:01.512] Selected the bad axiom SubClassOf(http://purl.obolibrary.org/obo/TRANS_0000026 http://purl.obolibrary.org/obo/TRANS_0000025).
[2026-06-26 09:42:01.516] Found 126 possible bad axioms.
[2026-06-26 09:42:01.517] Selected the bad axiom SubClassOf(http://purl.obolibrary.org/obo/TRANS_0000005 http://purl.obolibrary.org/obo/TRANS_0000025).
[2026-06-26 09:42:01.520] Found 125 possible bad axioms.
[2026-06-26 09:42:01.520] Selected the bad axiom SubClassOf(http://purl.obolibrary.org/obo/TRANS_0000033 http://purl.obolibrary.org/obo/TRANS_0000010).
[2026-06-26 09:42:01.524] Found 124 possible bad axioms.
[2026-06-26 09:42:01.524] Selected the bad axiom SubClassOf(http://purl.obolibrary.org/obo/TRANS_0000002 http://purl.obolibrary.org/obo/TRANS_0000007).
[2026-06-26 09:42:01.527] Found 123 possible bad axioms.
[2026-06-26 09:42:01.527] Selected the bad axiom SubClassOf(http://purl.obolibrary.org/obo/TRANS_0000029 http://purl.obolibrary.org/obo/TRANS_0000012).
[2026-06-26 09:42:01.530] Found 122 possible bad axioms.
[2026-06-26 09:42:01.530] Selected the bad axiom SubClassOf(http://purl.obolibrary.org/obo/TRANS_0000015 http://purl.obolibrary.org/obo/TRANS_0000033).
[2026-06-26 09:42:01.532] Found 121 possible bad axioms.
[2026-06-26 09:42:01.533] Selected the bad axiom SubClassOf(http://purl.obolibrary.org/obo/TRANS_0000027 owl:Nothing).
[2026-06-26 09:42:01.535] Found 120 possible bad axioms.
[2026-06-26 09:42:01.535] Selected the bad axiom SubClassOf(http://purl.obolibrary.org/obo/TRANS_0000003 http://purl.obolibrary.org/obo/TRANS_0000025).
[2026-06-26 09:42:01.541] Found 119 possible bad axioms.
[2026-06-26 09:42:01.542] Selected the bad axiom SubClassOf(http://purl.obolibrary.org/obo/TRANS_0000020 http://purl.obolibrary.org/obo/TRANS_0000027).
[2026-06-26 09:42:01.545] Found 118 possible bad axioms.
[2026-06-26 09:42:01.545] Selected the bad axiom SubClassOf(http://purl.obolibrary.org/obo/TRANS_0000015 http://purl.obolibrary.org/obo/TRANS_0000019).
[2026-06-26 09:42:01.547] Found 117 possible bad axioms.
[2026-06-26 09:42:01.548] Selected the bad axiom SubClassOf(http://purl.obolibrary.org/obo/TRANS_0000015 http://purl.obolibrary.org/obo/TRANS_0000025).
[2026-06-26 09:42:01.555] Found 116 possible bad axioms.
[2026-06-26 09:42:01.556] Selected the bad axiom SubClassOf(http://purl.obolibrary.org/obo/TRANS_0000029 http://purl.obolibrary.org/obo/TRANS_0000013).
[2026-06-26 09:42:0
...[truncated]
SUCCESS: attempt=64 seed=894668 success_count=53/100
progress: ontology=PTRANS attempt=64 success=53/100
----- PTRANS attempt=65 seed=908868 at 2026-06-26 09:42:09 -----
--- stdout ---
{"seed":908868,"run_id":"20260624134028346645","trial_status":"memory_limit_exceeded","error_type":"failure","failure_stage":"B6","error_message":"Repair failed: ExecutionException: java.lang.IllegalStateException: Could not find a weakening for axiom: ⊤ ⊑ TRANS_0000008","iic_values":{},"repair_runtimes_ms":{"A1":208,"A2":1115,"A3":203,"B1":170,"B2":2252,"B3":1304,"B4":52,"B5":240,"B6":1096}}

--- stderr ---
SingleTrialExperiment starting: ontology=/workspaces/ontologyutils-ekaw26/repair-power-index-replication-ekaw26/ontologies/inconsistent/PTRANS.owl, seed=908868, run_id=20260624134028346645
Loaded ontology.
Normalizing ontology with SROIQ normalization...
Normalized ontology with SROIQ normalization.
Ontology is already inconsistent, skipping make-inconsistent step.
Repairing with A1 (random-removal)...
[2026-06-26 09:42:09.561] Checking precondition...
[2026-06-26 09:42:09.575] Starting the repair...
[2026-06-26 09:42:09.582] Found 127 possible bad axioms.
[2026-06-26 09:42:09.583] Selected the bad axiom SubClassOf(http://purl.obolibrary.org/obo/TRANS_0000002 owl:Nothing).
[2026-06-26 09:42:09.588] Found 126 possible bad axioms.
[2026-06-26 09:42:09.588] Selected the bad axiom SubClassOf(http://purl.obolibrary.org/obo/TRANS_0000018 http://purl.obolibrary.org/obo/TRANS_0000006).
[2026-06-26 09:42:09.592] Found 125 possible bad axioms.
[2026-06-26 09:42:09.592] Selected the bad axiom SubClassOf(http://purl.obolibrary.org/obo/TRANS_0000028 http://purl.obolibrary.org/obo/TRANS_0000011).
[2026-06-26 09:42:09.595] Found 124 possible bad axioms.
[2026-06-26 09:42:09.595] Selected the bad axiom SubClassOf(http://purl.obolibrary.org/obo/TRANS_0000028 http://purl.obolibrary.org/obo/TRANS_0000031).
[2026-06-26 09:42:09.598] Found 123 possible bad axioms.
[2026-06-26 09:42:09.598] Selected the bad axiom SubClassOf(http://purl.obolibrary.org/obo/TRANS_0000000 http://purl.obolibrary.org/obo/TRANS_0000001).
[2026-06-26 09:42:09.601] Found 122 possible bad axioms.
[2026-06-26 09:42:09.601] Selected the bad axiom SubClassOf(http://purl.obolibrary.org/obo/TRANS_0000027 http://purl.obolibrary.org/obo/TRANS_0000021).
[2026-06-26 09:42:09.603] Found 121 possible bad axioms.
[2026-06-26 09:42:09.603] Selected the bad axiom SubClassOf(http://purl.obolibrary.org/obo/TRANS_0000034 http://purl.obolibrary.org/obo/TRANS_0000024).
[2026-06-26 09:42:09.605] Found 120 possible bad axioms.
[2026-06-26 09:42:09.606] Selected the bad axiom SubClassOf(http://purl.obolibrary.org/obo/TRANS_0000001 http://purl.obolibrary.org/obo/TRANS_0000008).
[2026-06-26 09:42:09.612] Found 119 possible bad axioms.
[2026-06-26 09:42:09.612] Selected the bad axiom SubClassOf(http://purl.obolibrary.org/obo/TRANS_0000012 http://purl.obolibrary.org/obo/TRANS_0000027).
[2026-06-26 09:42:09.615] Found 118 possible bad axioms.
[2026-06-26 09:42:09.615] Selected the bad axiom SubClassOf(http://purl.obolibrary.org/obo/TRANS_0000028 http://purl.obolibrary.org/obo/TRANS_0000012).
[2026-06-26 09:42:09.618] Found 117 possible bad axioms.
[2026-06-26 09:42:09.618] Selected the bad axiom SubClassOf(http://purl.obolibrary.org/obo/TRANS_0000032 http://purl.obolibrary.org/obo/TRANS_0000015).
[2026-06-26 09:42:09.625] Found 116 possible bad axioms.
[2026-06-26 09:42:09.625] Selected the bad axiom SubClassOf(http://purl.obolibrary.org/obo/TRANS_0000023 http://purl.obolibrary.org/obo/TRANS_0000021).
[2026-06-26 09:42:0
...[truncated]
FAIL: attempt=65 seed=908868 status=memory_limit_exceeded stage=B6 message=Repair failed: ExecutionException: java.lang.IllegalStateException: Could not find a weakening for axiom: ⊤ ⊑ TRANS_0000008
progress: ontology=PTRANS attempt=65 success=53/100
----- PTRANS attempt=66 seed=923068 at 2026-06-26 09:42:16 -----
--- stdout ---
{"seed":923068,"run_id":"20260624134028346645","trial_status":"success","error_type":null,"failure_stage":null,"error_message":null,"iic_values":{"B1_vs_A1":1.0,"B1_vs_A2":0.5,"B1_vs_A3":0.5,"B2_vs_A1":1.0,"B2_vs_A2":0.5,"B2_vs_A3":0.5,"B3_vs_A1":1.0,"B3_vs_A2":0.5,"B3_vs_A3":0.5,"B4_vs_A1":1.0,"B4_vs_A2":0.5,"B4_vs_A3":0.5,"B5_vs_A1":1.0,"B5_vs_A2":0.5,"B5_vs_A3":0.5,"B6_vs_A1":1.0,"B6_vs_A2":0.5,"B6_vs_A3":0.5,"B7_vs_A1":1.0,"B7_vs_A2":0.5,"B7_vs_A3":0.5,"B8_vs_A1":1.0,"B8_vs_A2":0.5,"B8_vs_A3":0.5,"B9_vs_A1":1.0,"B9_vs_A2":0.5,"B9_vs_A3":0.5},"repair_runtimes_ms":{"A1":139,"A2":1126,"A3":195,"B1":136,"B2":2240,"B3":1029,"B4":47,"B5":1635,"B6":1013,"B7":69,"B8":1750,"B9":1205}}

--- stderr ---
SingleTrialExperiment starting: ontology=/workspaces/ontologyutils-ekaw26/repair-power-index-replication-ekaw26/ontologies/inconsistent/PTRANS.owl, seed=923068, run_id=20260624134028346645
Loaded ontology.
Normalizing ontology with SROIQ normalization...
Normalized ontology with SROIQ normalization.
Ontology is already inconsistent, skipping make-inconsistent step.
Repairing with A1 (random-removal)...
[2026-06-26 09:42:16.887] Checking precondition...
[2026-06-26 09:42:16.902] Starting the repair...
[2026-06-26 09:42:16.907] Found 127 possible bad axioms.
[2026-06-26 09:42:16.908] Selected the bad axiom SubClassOf(http://purl.obolibrary.org/obo/TRANS_0000001 http://purl.obolibrary.org/obo/TRANS_0000002).
[2026-06-26 09:42:16.913] Found 126 possible bad axioms.
[2026-06-26 09:42:16.913] Selected the bad axiom SubClassOf(http://purl.obolibrary.org/obo/TRANS_0000028 http://purl.obolibrary.org/obo/TRANS_0000010).
[2026-06-26 09:42:16.917] Found 125 possible bad axioms.
[2026-06-26 09:42:16.917] Selected the bad axiom SubClassOf(http://purl.obolibrary.org/obo/TRANS_0000025 http://purl.obolibrary.org/obo/TRANS_0000009).
[2026-06-26 09:42:16.921] Found 124 possible bad axioms.
[2026-06-26 09:42:16.921] Selected the bad axiom SubClassOf(http://purl.obolibrary.org/obo/TRANS_0000005 http://purl.obolibrary.org/obo/TRANS_0000014).
[2026-06-26 09:42:16.924] Found 123 possible bad axioms.
[2026-06-26 09:42:16.924] Selected the bad axiom SubClassOf(http://purl.obolibrary.org/obo/TRANS_0000028 http://purl.obolibrary.org/obo/TRANS_0000011).
[2026-06-26 09:42:16.927] Found 122 possible bad axioms.
[2026-06-26 09:42:16.927] Selected the bad axiom SubClassOf(http://purl.obolibrary.org/obo/TRANS_0000025 http://purl.obolibrary.org/obo/TRANS_0000015).
[2026-06-26 09:42:16.930] Found 121 possible bad axioms.
[2026-06-26 09:42:16.930] Selected the bad axiom SubClassOf(http://purl.obolibrary.org/obo/TRANS_0000006 http://purl.obolibrary.org/obo/TRANS_0000001).
[2026-06-26 09:42:16.932] Found 120 possible bad axioms.
[2026-06-26 09:42:16.932] Selected the bad axiom SubClassOf(http://purl.obolibrary.org/obo/TRANS_0000021 owl:Nothing).
[2026-06-26 09:42:16.939] Found 119 possible bad axioms.
[2026-06-26 09:42:16.939] Selected the bad axiom SubClassOf(http://purl.obolibrary.org/obo/TRANS_0000001 http://purl.obolibrary.org/obo/TRANS_0000000).
[2026-06-26 09:42:16.942] Found 118 possible bad axioms.
[2026-06-26 09:42:16.942] Selected the bad axiom SubClassOf(http://purl.obolibrary.org/obo/TRANS_0000006 http://purl.obolibrary.org/obo/TRANS_0000007).
[2026-06-26 09:42:16.944] Found 117 possible bad axioms.
[2026-06-26 09:42:16.944] Selected the bad axiom SubClassOf(http://purl.obolibrary.org/obo/TRANS_0000003 http://purl.obolibrary.org/obo/TRANS_0000025).
[2026-06-26 09:42:16.952] Found 116 possible bad axioms.
[2026-06-26 09:42:16.952] Selected the bad axiom SubClassOf(http://purl.obolibrary.org/obo/TRANS_0000034 http://purl.obolibrary.org/obo/TRANS_0000031).
[2026-06-26 09:42:1
...[truncated]
SUCCESS: attempt=66 seed=923068 success_count=54/100
progress: ontology=PTRANS attempt=66 success=54/100
----- PTRANS attempt=67 seed=937268 at 2026-06-26 09:42:27 -----
--- stdout ---
{"seed":937268,"run_id":"20260624134028346645","trial_status":"success","error_type":null,"failure_stage":null,"error_message":null,"iic_values":{"B1_vs_A1":0.9926739926739927,"B1_vs_A2":0.5,"B1_vs_A3":0.5,"B2_vs_A1":0.9926739926739927,"B2_vs_A2":0.5,"B2_vs_A3":0.5,"B3_vs_A1":0.9926739926739927,"B3_vs_A2":0.5,"B3_vs_A3":0.5,"B4_vs_A1":0.9926739926739927,"B4_vs_A2":0.5,"B4_vs_A3":0.5,"B5_vs_A1":0.9926739926739927,"B5_vs_A2":0.5,"B5_vs_A3":0.5,"B6_vs_A1":0.9926739926739927,"B6_vs_A2":0.5,"B6_vs_A3":0.5,"B7_vs_A1":0.9926739926739927,"B7_vs_A2":0.5,"B7_vs_A3":0.5,"B8_vs_A1":0.9926739926739927,"B8_vs_A2":0.5,"B8_vs_A3":0.5,"B9_vs_A1":0.9926739926739927,"B9_vs_A2":0.5,"B9_vs_A3":0.5},"repair_runtimes_ms":{"A1":189,"A2":1094,"A3":234,"B1":559,"B2":1479,"B3":767,"B4":54,"B5":1804,"B6":977,"B7":83,"B8":1828,"B9":199}}

--- stderr ---
SingleTrialExperiment starting: ontology=/workspaces/ontologyutils-ekaw26/repair-power-index-replication-ekaw26/ontologies/inconsistent/PTRANS.owl, seed=937268, run_id=20260624134028346645
Loaded ontology.
Normalizing ontology with SROIQ normalization...
Normalized ontology with SROIQ normalization.
Ontology is already inconsistent, skipping make-inconsistent step.
Repairing with A1 (random-removal)...
[2026-06-26 09:42:28.198] Checking precondition...
[2026-06-26 09:42:28.213] Starting the repair...
[2026-06-26 09:42:28.219] Found 127 possible bad axioms.
[2026-06-26 09:42:28.221] Selected the bad axiom SubClassOf(http://purl.obolibrary.org/obo/TRANS_0000006 http://purl.obolibrary.org/obo/TRANS_0000008).
[2026-06-26 09:42:28.225] Found 126 possible bad axioms.
[2026-06-26 09:42:28.225] Selected the bad axiom SubClassOf(http://purl.obolibrary.org/obo/TRANS_0000029 http://purl.obolibrary.org/obo/TRANS_0000024).
[2026-06-26 09:42:28.229] Found 125 possible bad axioms.
[2026-06-26 09:42:28.229] Selected the bad axiom SubClassOf(http://purl.obolibrary.org/obo/TRANS_0000034 http://purl.obolibrary.org/obo/TRANS_0000010).
[2026-06-26 09:42:28.233] Found 124 possible bad axioms.
[2026-06-26 09:42:28.233] Selected the bad axiom SubClassOf(http://purl.obolibrary.org/obo/TRANS_0000001 http://purl.obolibrary.org/obo/TRANS_0000007).
[2026-06-26 09:42:28.235] Found 123 possible bad axioms.
[2026-06-26 09:42:28.236] Selected the bad axiom SubClassOf(http://purl.obolibrary.org/obo/TRANS_0000034 http://purl.obolibrary.org/obo/TRANS_0000012).
[2026-06-26 09:42:28.238] Found 122 possible bad axioms.
[2026-06-26 09:42:28.238] Selected the bad axiom SubClassOf(http://purl.obolibrary.org/obo/TRANS_0000034 http://purl.obolibrary.org/obo/TRANS_0000024).
[2026-06-26 09:42:28.241] Found 121 possible bad axioms.
[2026-06-26 09:42:28.242] Selected the bad axiom SubClassOf(http://purl.obolibrary.org/obo/TRANS_0000005 http://purl.obolibrary.org/obo/TRANS_0000012).
[2026-06-26 09:42:28.244] Found 120 possible bad axioms.
[2026-06-26 09:42:28.245] Selected the bad axiom SubClassOf(http://purl.obolibrary.org/obo/TRANS_0000025 http://purl.obolibrary.org/obo/TRANS_0000011).
[2026-06-26 09:42:28.251] Found 119 possible bad axioms.
[2026-06-26 09:42:28.251] Selected the bad axiom SubClassOf(http://purl.obolibrary.org/obo/TRANS_0000009 http://purl.obolibrary.org/obo/TRANS_0000002).
[2026-06-26 09:42:28.253] Found 118 possible bad axioms.
[2026-06-26 09:42:28.253] Selected the bad axiom SubClassOf(http://purl.obolibrary.org/obo/TRANS_0000002 http://purl.obolibrary.org/obo/TRANS_0000008).
[2026-06-26 09:42:28.256] Found 117 possible bad axioms.
[2026-06-26 09:42:28.256] Selected the bad axiom SubClassOf(http://purl.obolibrary.org/obo/TRANS_0000030 http://purl.obolibrary.org/obo/TRANS_0000010).
[2026-06-26 09:42:28.263] Found 116 possible bad axioms.
[2026-06-26 09:42:28.263] Selected the bad axiom SubClassOf(http://purl.obolibrary.org/obo/TRANS_0000026 http://purl.obolibrary.org/obo/TR
...[truncated]
SUCCESS: attempt=67 seed=937268 success_count=55/100
progress: ontology=PTRANS attempt=67 success=55/100
----- PTRANS attempt=68 seed=951468 at 2026-06-26 09:42:37 -----
--- stdout ---
{"seed":951468,"run_id":"20260624134028346645","trial_status":"success","error_type":null,"failure_stage":null,"error_message":null,"iic_values":{"B1_vs_A1":0.9979591836734694,"B1_vs_A2":0.5,"B1_vs_A3":0.984375,"B2_vs_A1":0.9979591836734694,"B2_vs_A2":0.5,"B2_vs_A3":0.984375,"B3_vs_A1":0.9979591836734694,"B3_vs_A2":0.5,"B3_vs_A3":0.984375,"B4_vs_A1":0.9979591836734694,"B4_vs_A2":0.5,"B4_vs_A3":0.984375,"B5_vs_A1":0.9979591836734694,"B5_vs_A2":0.5,"B5_vs_A3":0.984375,"B6_vs_A1":0.9979591836734694,"B6_vs_A2":0.5,"B6_vs_A3":0.984375,"B7_vs_A1":0.9979591836734694,"B7_vs_A2":0.5,"B7_vs_A3":0.984375,"B8_vs_A1":0.9979591836734694,"B8_vs_A2":0.5,"B8_vs_A3":0.984375,"B9_vs_A1":0.9979591836734694,"B9_vs_A2":0.5,"B9_vs_A3":0.984375},"repair_runtimes_ms":{"A1":212,"A2":1112,"A3":384,"B1":163,"B2":865,"B3":1479,"B4":55,"B5":1771,"B6":1141,"B7":85,"B8":1743,"B9":1137}}

--- stderr ---
SingleTrialExperiment starting: ontology=/workspaces/ontologyutils-ekaw26/repair-power-index-replication-ekaw26/ontologies/inconsistent/PTRANS.owl, seed=951468, run_id=20260624134028346645
Loaded ontology.
Normalizing ontology with SROIQ normalization...
Normalized ontology with SROIQ normalization.
Ontology is already inconsistent, skipping make-inconsistent step.
Repairing with A1 (random-removal)...
[2026-06-26 09:42:37.961] Checking precondition...
[2026-06-26 09:42:37.976] Starting the repair...
[2026-06-26 09:42:37.982] Found 127 possible bad axioms.
[2026-06-26 09:42:37.983] Selected the bad axiom SubClassOf(http://purl.obolibrary.org/obo/TRANS_0000034 http://purl.obolibrary.org/obo/TRANS_0000015).
[2026-06-26 09:42:37.988] Found 126 possible bad axioms.
[2026-06-26 09:42:37.988] Selected the bad axiom SubClassOf(http://purl.obolibrary.org/obo/TRANS_0000025 http://purl.obolibrary.org/obo/TRANS_0000024).
[2026-06-26 09:42:37.991] Found 125 possible bad axioms.
[2026-06-26 09:42:37.991] Selected the bad axiom SubClassOf(http://purl.obolibrary.org/obo/TRANS_0000025 http://purl.obolibrary.org/obo/TRANS_0000011).
[2026-06-26 09:42:37.995] Found 124 possible bad axioms.
[2026-06-26 09:42:37.995] Selected the bad axiom SubClassOf(http://purl.obolibrary.org/obo/TRANS_0000031 http://purl.obolibrary.org/obo/TRANS_0000025).
[2026-06-26 09:42:37.998] Found 123 possible bad axioms.
[2026-06-26 09:42:37.998] Selected the bad axiom SubClassOf(http://purl.obolibrary.org/obo/TRANS_0000000 http://purl.obolibrary.org/obo/TRANS_0000001).
[2026-06-26 09:42:38.001] Found 122 possible bad axioms.
[2026-06-26 09:42:38.001] Selected the bad axiom SubClassOf(http://purl.obolibrary.org/obo/TRANS_0000011 http://purl.obolibrary.org/obo/TRANS_0000010).
[2026-06-26 09:42:38.003] Found 121 possible bad axioms.
[2026-06-26 09:42:38.004] Selected the bad axiom SubClassOf(http://purl.obolibrary.org/obo/TRANS_0000015 http://purl.obolibrary.org/obo/TRANS_0000033).
[2026-06-26 09:42:38.006] Found 120 possible bad axioms.
[2026-06-26 09:42:38.006] Selected the bad axiom SubClassOf(http://purl.obolibrary.org/obo/TRANS_0000013 http://purl.obolibrary.org/obo/TRANS_0000010).
[2026-06-26 09:42:38.014] Found 119 possible bad axioms.
[2026-06-26 09:42:38.014] Selected the bad axiom SubClassOf(http://purl.obolibrary.org/obo/TRANS_0000025 http://purl.obolibrary.org/obo/TRANS_0000026).
[2026-06-26 09:42:38.017] Found 118 possible bad axioms.
[2026-06-26 09:42:38.017] Selected the bad axiom SubClassOf(http://purl.obolibrary.org/obo/TRANS_0000027 owl:Nothing).
[2026-06-26 09:42:38.019] Found 117 possible bad axioms.
[2026-06-26 09:42:38.019] Selected the bad axiom SubClassOf(http://purl.obolibrary.org/obo/TRANS_0000005 http://purl.obolibrary.org/obo/TRANS_0000014).
[2026-06-26 09:42:38.026] Found 116 possible bad axioms.
[2026-06-26 09:42:38.026] Selected the bad axiom SubClassOf(http://purl.obolibrary.org/obo/TRANS_0000026 http://purl.obolibrary.org/obo/TRANS_0000025).
[2026-06-26 09:42:3
...[truncated]
SUCCESS: attempt=68 seed=951468 success_count=56/100
progress: ontology=PTRANS attempt=68 success=56/100
----- PTRANS attempt=69 seed=965668 at 2026-06-26 09:42:48 -----
--- stdout ---
{"seed":965668,"run_id":"20260624134028346645","trial_status":"success","error_type":null,"failure_stage":null,"error_message":null,"iic_values":{"B1_vs_A1":0.9907407407407407,"B1_vs_A2":0.5,"B1_vs_A3":0.5,"B2_vs_A1":0.9907407407407407,"B2_vs_A2":0.5,"B2_vs_A3":0.5,"B3_vs_A1":0.9907407407407407,"B3_vs_A2":0.5,"B3_vs_A3":0.5,"B4_vs_A1":0.9907407407407407,"B4_vs_A2":0.5,"B4_vs_A3":0.5,"B5_vs_A1":0.9907407407407407,"B5_vs_A2":0.5,"B5_vs_A3":0.5,"B6_vs_A1":0.9907407407407407,"B6_vs_A2":0.5,"B6_vs_A3":0.5,"B7_vs_A1":0.9907407407407407,"B7_vs_A2":0.5,"B7_vs_A3":0.5,"B8_vs_A1":0.9907407407407407,"B8_vs_A2":0.5,"B8_vs_A3":0.5,"B9_vs_A1":0.9907407407407407,"B9_vs_A2":0.5,"B9_vs_A3":0.5},"repair_runtimes_ms":{"A1":182,"A2":1114,"A3":210,"B1":179,"B2":2354,"B3":1156,"B4":37,"B5":1688,"B6":1073,"B7":113,"B8":1787,"B9":1282}}

--- stderr ---
SingleTrialExperiment starting: ontology=/workspaces/ontologyutils-ekaw26/repair-power-index-replication-ekaw26/ontologies/inconsistent/PTRANS.owl, seed=965668, run_id=20260624134028346645
Loaded ontology.
Normalizing ontology with SROIQ normalization...
Normalized ontology with SROIQ normalization.
Ontology is already inconsistent, skipping make-inconsistent step.
Repairing with A1 (random-removal)...
[2026-06-26 09:42:48.607] Checking precondition...
[2026-06-26 09:42:48.621] Starting the repair...
[2026-06-26 09:42:48.628] Found 127 possible bad axioms.
[2026-06-26 09:42:48.629] Selected the bad axiom SubClassOf(http://purl.obolibrary.org/obo/TRANS_0000015 http://purl.obolibrary.org/obo/TRANS_0000012).
[2026-06-26 09:42:48.633] Found 126 possible bad axioms.
[2026-06-26 09:42:48.634] Selected the bad axiom SubClassOf(http://purl.obolibrary.org/obo/TRANS_0000025 http://purl.obolibrary.org/obo/TRANS_0000024).
[2026-06-26 09:42:48.637] Found 125 possible bad axioms.
[2026-06-26 09:42:48.637] Selected the bad axiom SubClassOf(http://purl.obolibrary.org/obo/TRANS_0000029 http://purl.obolibrary.org/obo/TRANS_0000024).
[2026-06-26 09:42:48.641] Found 124 possible bad axioms.
[2026-06-26 09:42:48.641] Selected the bad axiom SubClassOf(http://purl.obolibrary.org/obo/TRANS_0000014 http://purl.obolibrary.org/obo/TRANS_0000025).
[2026-06-26 09:42:48.643] Found 123 possible bad axioms.
[2026-06-26 09:42:48.644] Selected the bad axiom SubClassOf(http://purl.obolibrary.org/obo/TRANS_0000034 http://purl.obolibrary.org/obo/TRANS_0000015).
[2026-06-26 09:42:48.646] Found 122 possible bad axioms.
[2026-06-26 09:42:48.646] Selected the bad axiom SubClassOf(http://purl.obolibrary.org/obo/TRANS_0000015 http://purl.obolibrary.org/obo/TRANS_0000026).
[2026-06-26 09:42:48.648] Found 121 possible bad axioms.
[2026-06-26 09:42:48.649] Selected the bad axiom SubClassOf(http://purl.obolibrary.org/obo/TRANS_0000015 http://purl.obolibrary.org/obo/TRANS_0000003).
[2026-06-26 09:42:48.652] Found 120 possible bad axioms.
[2026-06-26 09:42:48.652] Selected the bad axiom SubClassOf(http://purl.obolibrary.org/obo/TRANS_0000001 http://purl.obolibrary.org/obo/TRANS_0000000).
[2026-06-26 09:42:48.658] Found 119 possible bad axioms.
[2026-06-26 09:42:48.658] Selected the bad axiom SubClassOf(http://purl.obolibrary.org/obo/TRANS_0000002 http://purl.obolibrary.org/obo/TRANS_0000008).
[2026-06-26 09:42:48.660] Found 118 possible bad axioms.
[2026-06-26 09:42:48.661] Selected the bad axiom SubClassOf(http://purl.obolibrary.org/obo/TRANS_0000032 http://purl.obolibrary.org/obo/TRANS_0000015).
[2026-06-26 09:42:48.663] Found 117 possible bad axioms.
[2026-06-26 09:42:48.663] Selected the bad axiom SubClassOf(http://purl.obolibrary.org/obo/TRANS_0000027 http://purl.obolibrary.org/obo/TRANS_0000023).
[2026-06-26 09:42:48.671] Found 116 possible bad axioms.
[2026-06-26 09:42:48.671] Selected the bad axiom SubClassOf(http://purl.obolibrary.org/obo/TRANS_0000028 http://purl.obolibrary.org/obo/TR
...[truncated]
SUCCESS: attempt=69 seed=965668 success_count=57/100
progress: ontology=PTRANS attempt=69 success=57/100
----- PTRANS attempt=70 seed=979868 at 2026-06-26 09:43:00 -----
--- stdout ---
{"seed":979868,"run_id":"20260624134028346645","trial_status":"success","error_type":null,"failure_stage":null,"error_message":null,"iic_values":{"B1_vs_A1":0.9777777777777777,"B1_vs_A2":0.5,"B1_vs_A3":0.5,"B2_vs_A1":0.9777777777777777,"B2_vs_A2":0.5,"B2_vs_A3":0.5,"B3_vs_A1":0.9777777777777777,"B3_vs_A2":0.5,"B3_vs_A3":0.5,"B4_vs_A1":0.9777777777777777,"B4_vs_A2":0.5,"B4_vs_A3":0.5,"B5_vs_A1":0.9777777777777777,"B5_vs_A2":0.5,"B5_vs_A3":0.5,"B6_vs_A1":0.9777777777777777,"B6_vs_A2":0.5,"B6_vs_A3":0.5,"B7_vs_A1":0.9777777777777777,"B7_vs_A2":0.5,"B7_vs_A3":0.5,"B8_vs_A1":0.9777777777777777,"B8_vs_A2":0.5,"B8_vs_A3":0.5,"B9_vs_A1":0.9777777777777777,"B9_vs_A2":0.5,"B9_vs_A3":0.5},"repair_runtimes_ms":{"A1":107,"A2":1113,"A3":388,"B1":627,"B2":1596,"B3":1210,"B4":38,"B5":952,"B6":713,"B7":69,"B8":1764,"B9":561}}

--- stderr ---
SingleTrialExperiment starting: ontology=/workspaces/ontologyutils-ekaw26/repair-power-index-replication-ekaw26/ontologies/inconsistent/PTRANS.owl, seed=979868, run_id=20260624134028346645
Loaded ontology.
Normalizing ontology with SROIQ normalization...
Normalized ontology with SROIQ normalization.
Ontology is already inconsistent, skipping make-inconsistent step.
Repairing with A1 (random-removal)...
[2026-06-26 09:43:00.892] Checking precondition...
[2026-06-26 09:43:00.908] Starting the repair...
[2026-06-26 09:43:00.914] Found 127 possible bad axioms.
[2026-06-26 09:43:00.916] Selected the bad axiom SubClassOf(http://purl.obolibrary.org/obo/TRANS_0000025 http://purl.obolibrary.org/obo/TRANS_0000005).
[2026-06-26 09:43:00.920] Found 126 possible bad axioms.
[2026-06-26 09:43:00.921] Selected the bad axiom SubClassOf(http://purl.obolibrary.org/obo/TRANS_0000025 http://purl.obolibrary.org/obo/TRANS_0000015).
[2026-06-26 09:43:00.924] Found 125 possible bad axioms.
[2026-06-26 09:43:00.924] Selected the bad axiom SubClassOf(http://purl.obolibrary.org/obo/TRANS_0000002 http://purl.obolibrary.org/obo/TRANS_0000019).
[2026-06-26 09:43:00.928] Found 124 possible bad axioms.
[2026-06-26 09:43:00.928] Selected the bad axiom SubClassOf(http://purl.obolibrary.org/obo/TRANS_0000026 http://purl.obolibrary.org/obo/TRANS_0000010).
[2026-06-26 09:43:00.931] Found 123 possible bad axioms.
[2026-06-26 09:43:00.931] Selected the bad axiom SubClassOf(http://purl.obolibrary.org/obo/TRANS_0000027 http://purl.obolibrary.org/obo/TRANS_0000020).
[2026-06-26 09:43:00.934] Found 122 possible bad axioms.
[2026-06-26 09:43:00.934] Selected the bad axiom SubClassOf(http://purl.obolibrary.org/obo/TRANS_0000020 http://purl.obolibrary.org/obo/TRANS_0000019).
[2026-06-26 09:43:00.937] Found 121 possible bad axioms.
[2026-06-26 09:43:00.937] Selected the bad axiom SubClassOf(http://purl.obolibrary.org/obo/TRANS_0000005 http://purl.obolibrary.org/obo/TRANS_0000002).
[2026-06-26 09:43:00.939] Found 120 possible bad axioms.
[2026-06-26 09:43:00.939] Selected the bad axiom SubClassOf(http://purl.obolibrary.org/obo/TRANS_0000029 http://purl.obolibrary.org/obo/TRANS_0000015).
[2026-06-26 09:43:00.945] Found 119 possible bad axioms.
[2026-06-26 09:43:00.945] Selected the bad axiom SubClassOf(http://purl.obolibrary.org/obo/TRANS_0000006 http://purl.obolibrary.org/obo/TRANS_0000007).
[2026-06-26 09:43:00.948] Found 118 possible bad axioms.
[2026-06-26 09:43:00.948] Selected the bad axiom SubClassOf(http://purl.obolibrary.org/obo/TRANS_0000021 http://purl.obolibrary.org/obo/TRANS_0000023).
[2026-06-26 09:43:00.951] Found 117 possible bad axioms.
[2026-06-26 09:43:00.951] Selected the bad axiom SubClassOf(http://purl.obolibrary.org/obo/TRANS_0000013 http://purl.obolibrary.org/obo/TRANS_0000027).
[2026-06-26 09:43:00.958] Found 116 possible bad axioms.
[2026-06-26 09:43:00.958] Selected the bad axiom SubClassOf(http://purl.obolibrary.org/obo/TRANS_0000025 http://purl.obolibrary.org/obo/TR
...[truncated]
SUCCESS: attempt=70 seed=979868 success_count=58/100
progress: ontology=PTRANS attempt=70 success=58/100
----- PTRANS attempt=71 seed=994068 at 2026-06-26 09:43:10 -----
--- stdout ---
{"seed":994068,"run_id":"20260624134028346645","trial_status":"success","error_type":null,"failure_stage":null,"error_message":null,"iic_values":{"B1_vs_A1":0.9931856899488927,"B1_vs_A2":0.5,"B1_vs_A3":0.5,"B2_vs_A1":0.9931856899488927,"B2_vs_A2":0.5,"B2_vs_A3":0.5,"B3_vs_A1":0.9931856899488927,"B3_vs_A2":0.5,"B3_vs_A3":0.5,"B4_vs_A1":0.9931856899488927,"B4_vs_A2":0.5,"B4_vs_A3":0.5,"B5_vs_A1":0.9931856899488927,"B5_vs_A2":0.5,"B5_vs_A3":0.5,"B6_vs_A1":0.9931856899488927,"B6_vs_A2":0.5,"B6_vs_A3":0.5,"B7_vs_A1":0.9931856899488927,"B7_vs_A2":0.5,"B7_vs_A3":0.5,"B8_vs_A1":0.9931856899488927,"B8_vs_A2":0.5,"B8_vs_A3":0.5,"B9_vs_A1":0.9931856899488927,"B9_vs_A2":0.5,"B9_vs_A3":0.5},"repair_runtimes_ms":{"A1":195,"A2":1075,"A3":211,"B1":170,"B2":619,"B3":1287,"B4":84,"B5":1773,"B6":556,"B7":82,"B8":1029,"B9":1101}}

--- stderr ---
SingleTrialExperiment starting: ontology=/workspaces/ontologyutils-ekaw26/repair-power-index-replication-ekaw26/ontologies/inconsistent/PTRANS.owl, seed=994068, run_id=20260624134028346645
Loaded ontology.
Normalizing ontology with SROIQ normalization...
Normalized ontology with SROIQ normalization.
Ontology is already inconsistent, skipping make-inconsistent step.
Repairing with A1 (random-removal)...
[2026-06-26 09:43:10.525] Checking precondition...
[2026-06-26 09:43:10.540] Starting the repair...
[2026-06-26 09:43:10.547] Found 127 possible bad axioms.
[2026-06-26 09:43:10.548] Selected the bad axiom SubClassOf(http://purl.obolibrary.org/obo/TRANS_0000002 http://purl.obolibrary.org/obo/TRANS_0000008).
[2026-06-26 09:43:10.553] Found 126 possible bad axioms.
[2026-06-26 09:43:10.553] Selected the bad axiom SubClassOf(http://purl.obolibrary.org/obo/TRANS_0000021 http://purl.obolibrary.org/obo/TRANS_0000020).
[2026-06-26 09:43:10.557] Found 125 possible bad axioms.
[2026-06-26 09:43:10.557] Selected the bad axiom SubClassOf(http://purl.obolibrary.org/obo/TRANS_0000002 http://purl.obolibrary.org/obo/TRANS_0000000).
[2026-06-26 09:43:10.561] Found 124 possible bad axioms.
[2026-06-26 09:43:10.561] Selected the bad axiom SubClassOf(http://purl.obolibrary.org/obo/TRANS_0000025 http://purl.obolibrary.org/obo/TRANS_0000019).
[2026-06-26 09:43:10.563] Found 123 possible bad axioms.
[2026-06-26 09:43:10.563] Selected the bad axiom SubClassOf(http://purl.obolibrary.org/obo/TRANS_0000015 http://purl.obolibrary.org/obo/TRANS_0000012).
[2026-06-26 09:43:10.566] Found 122 possible bad axioms.
[2026-06-26 09:43:10.566] Selected the bad axiom SubClassOf(http://purl.obolibrary.org/obo/TRANS_0000025 http://purl.obolibrary.org/obo/TRANS_0000015).
[2026-06-26 09:43:10.569] Found 121 possible bad axioms.
[2026-06-26 09:43:10.569] Selected the bad axiom SubClassOf(http://purl.obolibrary.org/obo/TRANS_0000005 http://purl.obolibrary.org/obo/TRANS_0000022).
[2026-06-26 09:43:10.572] Found 120 possible bad axioms.
[2026-06-26 09:43:10.572] Selected the bad axiom SubClassOf(http://purl.obolibrary.org/obo/TRANS_0000027 http://purl.obolibrary.org/obo/TRANS_0000022).
[2026-06-26 09:43:10.578] Found 119 possible bad axioms.
[2026-06-26 09:43:10.578] Selected the bad axiom SubClassOf(http://purl.obolibrary.org/obo/TRANS_0000014 http://purl.obolibrary.org/obo/TRANS_0000025).
[2026-06-26 09:43:10.581] Found 118 possible bad axioms.
[2026-06-26 09:43:10.581] Selected the bad axiom SubClassOf(http://purl.obolibrary.org/obo/TRANS_0000028 http://purl.obolibrary.org/obo/TRANS_0000011).
[2026-06-26 09:43:10.584] Found 117 possible bad axioms.
[2026-06-26 09:43:10.584] Selected the bad axiom SubClassOf(http://purl.obolibrary.org/obo/TRANS_0000033 http://purl.obolibrary.org/obo/TRANS_0000024).
[2026-06-26 09:43:10.591] Found 116 possible bad axioms.
[2026-06-26 09:43:10.592] Selected the bad axiom SubClassOf(http://purl.obolibrary.org/obo/TRANS_0000015 http://purl.obolibrary.org/obo/TR
...[truncated]
SUCCESS: attempt=71 seed=994068 success_count=59/100
progress: ontology=PTRANS attempt=71 success=59/100
----- PTRANS attempt=72 seed=1008268 at 2026-06-26 09:43:18 -----
--- stdout ---
{"seed":1008268,"run_id":"20260624134028346645","trial_status":"success","error_type":null,"failure_stage":null,"error_message":null,"iic_values":{"B1_vs_A1":1.0,"B1_vs_A2":0.5,"B1_vs_A3":0.5,"B2_vs_A1":1.0,"B2_vs_A2":0.5,"B2_vs_A3":0.5,"B3_vs_A1":1.0,"B3_vs_A2":0.5,"B3_vs_A3":0.5,"B4_vs_A1":1.0,"B4_vs_A2":0.5,"B4_vs_A3":0.5,"B5_vs_A1":1.0,"B5_vs_A2":0.5,"B5_vs_A3":0.5,"B6_vs_A1":1.0,"B6_vs_A2":0.5,"B6_vs_A3":0.5,"B7_vs_A1":1.0,"B7_vs_A2":0.5,"B7_vs_A3":0.5,"B8_vs_A1":1.0,"B8_vs_A2":0.5,"B8_vs_A3":0.5,"B9_vs_A1":1.0,"B9_vs_A2":0.5,"B9_vs_A3":0.5},"repair_runtimes_ms":{"A1":180,"A2":1123,"A3":209,"B1":386,"B2":2334,"B3":1257,"B4":84,"B5":1762,"B6":1088,"B7":88,"B8":1767,"B9":945}}

--- stderr ---
SingleTrialExperiment starting: ontology=/workspaces/ontologyutils-ekaw26/repair-power-index-replication-ekaw26/ontologies/inconsistent/PTRANS.owl, seed=1008268, run_id=20260624134028346645
Loaded ontology.
Normalizing ontology with SROIQ normalization...
Normalized ontology with SROIQ normalization.
Ontology is already inconsistent, skipping make-inconsistent step.
Repairing with A1 (random-removal)...
[2026-06-26 09:43:19.190] Checking precondition...
[2026-06-26 09:43:19.204] Starting the repair...
[2026-06-26 09:43:19.210] Found 127 possible bad axioms.
[2026-06-26 09:43:19.212] Selected the bad axiom SubClassOf(http://purl.obolibrary.org/obo/TRANS_0000015 http://purl.obolibrary.org/obo/TRANS_0000033).
[2026-06-26 09:43:19.218] Found 126 possible bad axioms.
[2026-06-26 09:43:19.218] Selected the bad axiom SubClassOf(http://purl.obolibrary.org/obo/TRANS_0000025 http://purl.obolibrary.org/obo/TRANS_0000005).
[2026-06-26 09:43:19.224] Found 125 possible bad axioms.
[2026-06-26 09:43:19.225] Selected the bad axiom SubClassOf(http://purl.obolibrary.org/obo/TRANS_0000000 http://purl.obolibrary.org/obo/TRANS_0000001).
[2026-06-26 09:43:19.232] Found 124 possible bad axioms.
[2026-06-26 09:43:19.232] Selected the bad axiom SubClassOf(http://purl.obolibrary.org/obo/TRANS_0000008 owl:Nothing).
[2026-06-26 09:43:19.235] Found 123 possible bad axioms.
[2026-06-26 09:43:19.235] Selected the bad axiom SubClassOf(http://purl.obolibrary.org/obo/TRANS_0000025 http://purl.obolibrary.org/obo/TRANS_0000011).
[2026-06-26 09:43:19.239] Found 122 possible bad axioms.
[2026-06-26 09:43:19.239] Selected the bad axiom SubClassOf(http://purl.obolibrary.org/obo/TRANS_0000025 http://purl.obolibrary.org/obo/TRANS_0000024).
[2026-06-26 09:43:19.242] Found 121 possible bad axioms.
[2026-06-26 09:43:19.242] Selected the bad axiom SubClassOf(http://purl.obolibrary.org/obo/TRANS_0000007 http://purl.obolibrary.org/obo/TRANS_0000001).
[2026-06-26 09:43:19.246] Found 120 possible bad axioms.
[2026-06-26 09:43:19.246] Selected the bad axiom SubClassOf(http://purl.obolibrary.org/obo/TRANS_0000009 http://purl.obolibrary.org/obo/TRANS_0000027).
[2026-06-26 09:43:19.253] Found 119 possible bad axioms.
[2026-06-26 09:43:19.253] Selected the bad axiom SubClassOf(http://purl.obolibrary.org/obo/TRANS_0000026 http://purl.obolibrary.org/obo/TRANS_0000025).
[2026-06-26 09:43:19.255] Found 118 possible bad axioms.
[2026-06-26 09:43:19.256] Selected the bad axiom SubClassOf(http://purl.obolibrary.org/obo/TRANS_0000005 http://purl.obolibrary.org/obo/TRANS_0000002).
[2026-06-26 09:43:19.258] Found 117 possible bad axioms.
[2026-06-26 09:43:19.259] Selected the bad axiom SubClassOf(http://purl.obolibrary.org/obo/TRANS_0000002 http://purl.obolibrary.org/obo/TRANS_0000007).
[2026-06-26 09:43:19.268] Found 116 possible bad axioms.
[2026-06-26 09:43:19.268] Selected the bad axiom SubClassOf(http://purl.obolibrary.org/obo/TRANS_0000026 http://purl.obolibrary.org/obo/TRANS_0000011).
[2026-06-26 09:43:
...[truncated]
SUCCESS: attempt=72 seed=1008268 success_count=60/100
progress: ontology=PTRANS attempt=72 success=60/100
----- PTRANS attempt=73 seed=1022468 at 2026-06-26 09:43:30 -----
--- stdout ---
{"seed":1022468,"run_id":"20260624134028346645","trial_status":"success","error_type":null,"failure_stage":null,"error_message":null,"iic_values":{"B1_vs_A1":1.0,"B1_vs_A2":0.5,"B1_vs_A3":0.5,"B2_vs_A1":1.0,"B2_vs_A2":0.5,"B2_vs_A3":0.5,"B3_vs_A1":1.0,"B3_vs_A2":0.5,"B3_vs_A3":0.5,"B4_vs_A1":1.0,"B4_vs_A2":0.5,"B4_vs_A3":0.5,"B5_vs_A1":1.0,"B5_vs_A2":0.5,"B5_vs_A3":0.5,"B6_vs_A1":1.0,"B6_vs_A2":0.5,"B6_vs_A3":0.5,"B7_vs_A1":1.0,"B7_vs_A2":0.5,"B7_vs_A3":0.5,"B8_vs_A1":1.0,"B8_vs_A2":0.5,"B8_vs_A3":0.5,"B9_vs_A1":1.0,"B9_vs_A2":0.5,"B9_vs_A3":0.5},"repair_runtimes_ms":{"A1":109,"A2":1145,"A3":370,"B1":160,"B2":866,"B3":1351,"B4":63,"B5":1005,"B6":1149,"B7":84,"B8":322,"B9":1170}}

--- stderr ---
SingleTrialExperiment starting: ontology=/workspaces/ontologyutils-ekaw26/repair-power-index-replication-ekaw26/ontologies/inconsistent/PTRANS.owl, seed=1022468, run_id=20260624134028346645
Loaded ontology.
Normalizing ontology with SROIQ normalization...
Normalized ontology with SROIQ normalization.
Ontology is already inconsistent, skipping make-inconsistent step.
Repairing with A1 (random-removal)...
[2026-06-26 09:43:30.924] Checking precondition...
[2026-06-26 09:43:30.939] Starting the repair...
[2026-06-26 09:43:30.945] Found 127 possible bad axioms.
[2026-06-26 09:43:30.947] Selected the bad axiom SubClassOf(http://purl.obolibrary.org/obo/TRANS_0000031 http://purl.obolibrary.org/obo/TRANS_0000015).
[2026-06-26 09:43:30.952] Found 126 possible bad axioms.
[2026-06-26 09:43:30.952] Selected the bad axiom SubClassOf(http://purl.obolibrary.org/obo/TRANS_0000005 http://purl.obolibrary.org/obo/TRANS_0000002).
[2026-06-26 09:43:30.955] Found 125 possible bad axioms.
[2026-06-26 09:43:30.955] Selected the bad axiom SubClassOf(http://purl.obolibrary.org/obo/TRANS_0000015 http://purl.obolibrary.org/obo/TRANS_0000012).
[2026-06-26 09:43:30.958] Found 124 possible bad axioms.
[2026-06-26 09:43:30.959] Selected the bad axiom SubClassOf(http://purl.obolibrary.org/obo/TRANS_0000001 http://purl.obolibrary.org/obo/TRANS_0000008).
[2026-06-26 09:43:30.961] Found 123 possible bad axioms.
[2026-06-26 09:43:30.961] Selected the bad axiom SubClassOf(http://purl.obolibrary.org/obo/TRANS_0000029 http://purl.obolibrary.org/obo/TRANS_0000012).
[2026-06-26 09:43:30.964] Found 122 possible bad axioms.
[2026-06-26 09:43:30.964] Selected the bad axiom SubClassOf(http://purl.obolibrary.org/obo/TRANS_0000021 http://purl.obolibrary.org/obo/TRANS_0000023).
[2026-06-26 09:43:30.966] Found 121 possible bad axioms.
[2026-06-26 09:43:30.967] Selected the bad axiom SubClassOf(http://purl.obolibrary.org/obo/TRANS_0000000 http://purl.obolibrary.org/obo/TRANS_0000001).
[2026-06-26 09:43:30.969] Found 120 possible bad axioms.
[2026-06-26 09:43:30.969] Selected the bad axiom SubClassOf(http://purl.obolibrary.org/obo/TRANS_0000021 owl:Nothing).
[2026-06-26 09:43:30.975] Found 119 possible bad axioms.
[2026-06-26 09:43:30.976] Selected the bad axiom SubClassOf(http://purl.obolibrary.org/obo/TRANS_0000015 http://purl.obolibrary.org/obo/TRANS_0000025).
[2026-06-26 09:43:30.979] Found 118 possible bad axioms.
[2026-06-26 09:43:30.979] Selected the bad axiom SubClassOf(http://purl.obolibrary.org/obo/TRANS_0000028 http://purl.obolibrary.org/obo/TRANS_0000015).
[2026-06-26 09:43:30.981] Found 117 possible bad axioms.
[2026-06-26 09:43:30.981] Selected the bad axiom SubClassOf(http://purl.obolibrary.org/obo/TRANS_0000028 http://purl.obolibrary.org/obo/TRANS_0000011).
[2026-06-26 09:43:30.989] Found 116 possible bad axioms.
[2026-06-26 09:43:30.989] Selected the bad axiom SubClassOf(http://purl.obolibrary.org/obo/TRANS_0000023 http://purl.obolibrary.org/obo/TRANS_0000020).
[2026-06-26 09:43:
...[truncated]
SUCCESS: attempt=73 seed=1022468 success_count=61/100
progress: ontology=PTRANS attempt=73 success=61/100
----- PTRANS attempt=74 seed=1036668 at 2026-06-26 09:43:38 -----
--- stdout ---
{"seed":1036668,"run_id":"20260624134028346645","trial_status":"success","error_type":null,"failure_stage":null,"error_message":null,"iic_values":{"B1_vs_A1":1.0,"B1_vs_A2":0.5,"B1_vs_A3":0.5,"B2_vs_A1":1.0,"B2_vs_A2":0.5,"B2_vs_A3":0.5,"B3_vs_A1":1.0,"B3_vs_A2":0.5,"B3_vs_A3":0.5,"B4_vs_A1":1.0,"B4_vs_A2":0.5,"B4_vs_A3":0.5,"B5_vs_A1":1.0,"B5_vs_A2":0.5,"B5_vs_A3":0.5,"B6_vs_A1":1.0,"B6_vs_A2":0.5,"B6_vs_A3":0.5,"B7_vs_A1":1.0,"B7_vs_A2":0.5,"B7_vs_A3":0.5,"B8_vs_A1":1.0,"B8_vs_A2":0.5,"B8_vs_A3":0.5,"B9_vs_A1":1.0,"B9_vs_A2":0.5,"B9_vs_A3":0.5},"repair_runtimes_ms":{"A1":180,"A2":1106,"A3":199,"B1":189,"B2":2351,"B3":1280,"B4":46,"B5":1733,"B6":1178,"B7":78,"B8":459,"B9":252}}

--- stderr ---
SingleTrialExperiment starting: ontology=/workspaces/ontologyutils-ekaw26/repair-power-index-replication-ekaw26/ontologies/inconsistent/PTRANS.owl, seed=1036668, run_id=20260624134028346645
Loaded ontology.
Normalizing ontology with SROIQ normalization...
Normalized ontology with SROIQ normalization.
Ontology is already inconsistent, skipping make-inconsistent step.
Repairing with A1 (random-removal)...
[2026-06-26 09:43:39.197] Checking precondition...
[2026-06-26 09:43:39.212] Starting the repair...
[2026-06-26 09:43:39.218] Found 127 possible bad axioms.
[2026-06-26 09:43:39.220] Selected the bad axiom SubClassOf(http://purl.obolibrary.org/obo/TRANS_0000025 http://purl.obolibrary.org/obo/TRANS_0000012).
[2026-06-26 09:43:39.225] Found 126 possible bad axioms.
[2026-06-26 09:43:39.226] Selected the bad axiom SubClassOf(http://purl.obolibrary.org/obo/TRANS_0000027 http://purl.obolibrary.org/obo/TRANS_0000019).
[2026-06-26 09:43:39.236] Found 125 possible bad axioms.
[2026-06-26 09:43:39.236] Selected the bad axiom SubClassOf(http://purl.obolibrary.org/obo/TRANS_0000018 http://purl.obolibrary.org/obo/TRANS_0000006).
[2026-06-26 09:43:39.240] Found 124 possible bad axioms.
[2026-06-26 09:43:39.240] Selected the bad axiom SubClassOf(http://purl.obolibrary.org/obo/TRANS_0000021 owl:Nothing).
[2026-06-26 09:43:39.243] Found 123 possible bad axioms.
[2026-06-26 09:43:39.244] Selected the bad axiom SubClassOf(http://purl.obolibrary.org/obo/TRANS_0000012 http://purl.obolibrary.org/obo/TRANS_0000027).
[2026-06-26 09:43:39.247] Found 122 possible bad axioms.
[2026-06-26 09:43:39.247] Selected the bad axiom SubClassOf(http://purl.obolibrary.org/obo/TRANS_0000019 http://purl.obolibrary.org/obo/TRANS_0000015).
[2026-06-26 09:43:39.250] Found 121 possible bad axioms.
[2026-06-26 09:43:39.250] Selected the bad axiom SubClassOf(http://purl.obolibrary.org/obo/TRANS_0000030 http://purl.obolibrary.org/obo/TRANS_0000010).
[2026-06-26 09:43:39.253] Found 120 possible bad axioms.
[2026-06-26 09:43:39.253] Selected the bad axiom SubClassOf(http://purl.obolibrary.org/obo/TRANS_0000024 http://purl.obolibrary.org/obo/TRANS_0000027).
[2026-06-26 09:43:39.261] Found 119 possible bad axioms.
[2026-06-26 09:43:39.261] Selected the bad axiom SubClassOf(http://purl.obolibrary.org/obo/TRANS_0000019 http://purl.obolibrary.org/obo/TRANS_0000023).
[2026-06-26 09:43:39.264] Found 118 possible bad axioms.
[2026-06-26 09:43:39.265] Selected the bad axiom SubClassOf(http://purl.obolibrary.org/obo/TRANS_0000028 http://purl.obolibrary.org/obo/TRANS_0000013).
[2026-06-26 09:43:39.267] Found 117 possible bad axioms.
[2026-06-26 09:43:39.267] Selected the bad axiom SubClassOf(http://purl.obolibrary.org/obo/TRANS_0000034 http://purl.obolibrary.org/obo/TRANS_0000029).
[2026-06-26 09:43:39.276] Found 116 possible bad axioms.
[2026-06-26 09:43:39.276] Selected the bad axiom SubClassOf(http://purl.obolibrary.org/obo/TRANS_0000028 http://purl.obolibrary.org/obo/TRANS_0000010).
[2026-06-26 09:43:
...[truncated]
SUCCESS: attempt=74 seed=1036668 success_count=62/100
progress: ontology=PTRANS attempt=74 success=62/100
----- PTRANS attempt=75 seed=1050868 at 2026-06-26 09:43:48 -----
--- stdout ---
{"seed":1050868,"run_id":"20260624134028346645","trial_status":"memory_limit_exceeded","error_type":"failure","failure_stage":"B4","error_message":"Repair failed: ExecutionException: java.lang.NullPointerException: operands cannot be null or empty","iic_values":{},"repair_runtimes_ms":{"A1":234,"A2":1074,"A3":186,"B1":347,"B2":1605,"B3":1247,"B4":44}}

--- stderr ---
SingleTrialExperiment starting: ontology=/workspaces/ontologyutils-ekaw26/repair-power-index-replication-ekaw26/ontologies/inconsistent/PTRANS.owl, seed=1050868, run_id=20260624134028346645
Loaded ontology.
Normalizing ontology with SROIQ normalization...
Normalized ontology with SROIQ normalization.
Ontology is already inconsistent, skipping make-inconsistent step.
Repairing with A1 (random-removal)...
[2026-06-26 09:43:48.741] Checking precondition...
[2026-06-26 09:43:48.757] Starting the repair...
[2026-06-26 09:43:48.763] Found 127 possible bad axioms.
[2026-06-26 09:43:48.765] Selected the bad axiom SubClassOf(http://purl.obolibrary.org/obo/TRANS_0000022 http://purl.obolibrary.org/obo/TRANS_0000021).
[2026-06-26 09:43:48.769] Found 126 possible bad axioms.
[2026-06-26 09:43:48.770] Selected the bad axiom SubClassOf(http://purl.obolibrary.org/obo/TRANS_0000019 http://purl.obolibrary.org/obo/TRANS_0000015).
[2026-06-26 09:43:48.773] Found 125 possible bad axioms.
[2026-06-26 09:43:48.773] Selected the bad axiom SubClassOf(http://purl.obolibrary.org/obo/TRANS_0000023 http://purl.obolibrary.org/obo/TRANS_0000021).
[2026-06-26 09:43:48.777] Found 124 possible bad axioms.
[2026-06-26 09:43:48.777] Selected the bad axiom SubClassOf(http://purl.obolibrary.org/obo/TRANS_0000010 http://purl.obolibrary.org/obo/TRANS_0000002).
[2026-06-26 09:43:48.779] Found 123 possible bad axioms.
[2026-06-26 09:43:48.779] Selected the bad axiom SubClassOf(http://purl.obolibrary.org/obo/TRANS_0000027 owl:Nothing).
[2026-06-26 09:43:48.782] Found 122 possible bad axioms.
[2026-06-26 09:43:48.782] Selected the bad axiom SubClassOf(http://purl.obolibrary.org/obo/TRANS_0000029 http://purl.obolibrary.org/obo/TRANS_0000024).
[2026-06-26 09:43:48.785] Found 121 possible bad axioms.
[2026-06-26 09:43:48.785] Selected the bad axiom SubClassOf(http://purl.obolibrary.org/obo/TRANS_0000034 http://purl.obolibrary.org/obo/TRANS_0000030).
[2026-06-26 09:43:48.787] Found 120 possible bad axioms.
[2026-06-26 09:43:48.787] Selected the bad axiom SubClassOf(http://purl.obolibrary.org/obo/TRANS_0000015 http://purl.obolibrary.org/obo/TRANS_0000014).
[2026-06-26 09:43:48.794] Found 119 possible bad axioms.
[2026-06-26 09:43:48.794] Selected the bad axiom SubClassOf(http://purl.obolibrary.org/obo/TRANS_0000025 http://purl.obolibrary.org/obo/TRANS_0000013).
[2026-06-26 09:43:48.797] Found 118 possible bad axioms.
[2026-06-26 09:43:48.797] Selected the bad axiom SubClassOf(http://purl.obolibrary.org/obo/TRANS_0000005 http://purl.obolibrary.org/obo/TRANS_0000012).
[2026-06-26 09:43:48.800] Found 117 possible bad axioms.
[2026-06-26 09:43:48.800] Selected the bad axiom SubClassOf(http://purl.obolibrary.org/obo/TRANS_0000005 http://purl.obolibrary.org/obo/TRANS_0000002).
[2026-06-26 09:43:48.806] Found 116 possible bad axioms.
[2026-06-26 09:43:48.807] Selected the bad axiom SubClassOf(http://purl.obolibrary.org/obo/TRANS_0000027 http://purl.obolibrary.org/obo/TRANS_0000019).
[2026-06-26 09:43:
...[truncated]
FAIL: attempt=75 seed=1050868 status=memory_limit_exceeded stage=B4 message=Repair failed: ExecutionException: java.lang.NullPointerException: operands cannot be null or empty
progress: ontology=PTRANS attempt=75 success=62/100
----- PTRANS attempt=76 seed=1065068 at 2026-06-26 09:43:53 -----
--- stdout ---
{"seed":1065068,"run_id":"20260624134028346645","trial_status":"memory_limit_exceeded","error_type":"failure","failure_stage":"B1","error_message":"Repair failed: ExecutionException: java.lang.NullPointerException: operands cannot be null or empty","iic_values":{},"repair_runtimes_ms":{"A1":161,"A2":1110,"A3":202,"B1":192}}

--- stderr ---
SingleTrialExperiment starting: ontology=/workspaces/ontologyutils-ekaw26/repair-power-index-replication-ekaw26/ontologies/inconsistent/PTRANS.owl, seed=1065068, run_id=20260624134028346645
Loaded ontology.
Normalizing ontology with SROIQ normalization...
Normalized ontology with SROIQ normalization.
Ontology is already inconsistent, skipping make-inconsistent step.
Repairing with A1 (random-removal)...
[2026-06-26 09:43:53.910] Checking precondition...
[2026-06-26 09:43:53.925] Starting the repair...
[2026-06-26 09:43:53.931] Found 127 possible bad axioms.
[2026-06-26 09:43:53.933] Selected the bad axiom SubClassOf(http://purl.obolibrary.org/obo/TRANS_0000028 http://purl.obolibrary.org/obo/TRANS_0000015).
[2026-06-26 09:43:53.937] Found 126 possible bad axioms.
[2026-06-26 09:43:53.937] Selected the bad axiom SubClassOf(http://purl.obolibrary.org/obo/TRANS_0000015 http://purl.obolibrary.org/obo/TRANS_0000012).
[2026-06-26 09:43:53.940] Found 125 possible bad axioms.
[2026-06-26 09:43:53.941] Selected the bad axiom SubClassOf(http://purl.obolibrary.org/obo/TRANS_0000032 http://purl.obolibrary.org/obo/TRANS_0000015).
[2026-06-26 09:43:53.944] Found 124 possible bad axioms.
[2026-06-26 09:43:53.944] Selected the bad axiom SubClassOf(http://purl.obolibrary.org/obo/TRANS_0000005 http://purl.obolibrary.org/obo/TRANS_0000002).
[2026-06-26 09:43:53.947] Found 123 possible bad axioms.
[2026-06-26 09:43:53.947] Selected the bad axiom SubClassOf(http://purl.obolibrary.org/obo/TRANS_0000028 http://purl.obolibrary.org/obo/TRANS_0000009).
[2026-06-26 09:43:53.950] Found 122 possible bad axioms.
[2026-06-26 09:43:53.950] Selected the bad axiom SubClassOf(http://purl.obolibrary.org/obo/TRANS_0000007 http://purl.obolibrary.org/obo/TRANS_0000006).
[2026-06-26 09:43:53.953] Found 121 possible bad axioms.
[2026-06-26 09:43:53.953] Selected the bad axiom SubClassOf(http://purl.obolibrary.org/obo/TRANS_0000005 http://purl.obolibrary.org/obo/TRANS_0000019).
[2026-06-26 09:43:53.955] Found 120 possible bad axioms.
[2026-06-26 09:43:53.955] Selected the bad axiom SubClassOf(http://purl.obolibrary.org/obo/TRANS_0000034 http://purl.obolibrary.org/obo/TRANS_0000024).
[2026-06-26 09:43:53.961] Found 119 possible bad axioms.
[2026-06-26 09:43:53.961] Selected the bad axiom SubClassOf(http://purl.obolibrary.org/obo/TRANS_0000009 http://purl.obolibrary.org/obo/TRANS_0000027).
[2026-06-26 09:43:53.964] Found 118 possible bad axioms.
[2026-06-26 09:43:53.964] Selected the bad axiom SubClassOf(http://purl.obolibrary.org/obo/TRANS_0000023 http://purl.obolibrary.org/obo/TRANS_0000020).
[2026-06-26 09:43:53.966] Found 117 possible bad axioms.
[2026-06-26 09:43:53.967] Selected the bad axiom SubClassOf(http://purl.obolibrary.org/obo/TRANS_0000010 http://purl.obolibrary.org/obo/TRANS_0000002).
[2026-06-26 09:43:53.974] Found 116 possible bad axioms.
[2026-06-26 09:43:53.974] Selected the bad axiom SubClassOf(http://purl.obolibrary.org/obo/TRANS_0000015 http://purl.obolibrary.org/obo/T
...[truncated]
FAIL: attempt=76 seed=1065068 status=memory_limit_exceeded stage=B1 message=Repair failed: ExecutionException: java.lang.NullPointerException: operands cannot be null or empty
progress: ontology=PTRANS attempt=76 success=62/100
----- PTRANS attempt=77 seed=1079268 at 2026-06-26 09:43:55 -----
--- stdout ---
{"seed":1079268,"run_id":"20260624134028346645","trial_status":"success","error_type":null,"failure_stage":null,"error_message":null,"iic_values":{"B1_vs_A1":0.9927536231884058,"B1_vs_A2":0.5,"B1_vs_A3":0.9696969696969697,"B2_vs_A1":0.9927536231884058,"B2_vs_A2":0.5,"B2_vs_A3":0.9696969696969697,"B3_vs_A1":0.9927536231884058,"B3_vs_A2":0.5,"B3_vs_A3":0.9696969696969697,"B4_vs_A1":0.9927536231884058,"B4_vs_A2":0.5,"B4_vs_A3":0.9696969696969697,"B5_vs_A1":0.9927536231884058,"B5_vs_A2":0.5,"B5_vs_A3":0.9696969696969697,"B6_vs_A1":0.9927536231884058,"B6_vs_A2":0.5,"B6_vs_A3":0.9696969696969697,"B7_vs_A1":0.9927536231884058,"B7_vs_A2":0.5,"B7_vs_A3":0.9696969696969697,"B8_vs_A1":0.9927536231884058,"B8_vs_A2":0.5,"B8_vs_A3":0.9696969696969697,"B9_vs_A1":0.9927536231884058,"B9_vs_A2":0.5,"B9_vs_A3":0.9696969696969697},"repair_runtimes_ms":{"A1":138,"A2":1155,"A3":780,"B1":163,"B2":1530,"B3":1248,"B4":40,"B5":1833,"B6":1043,"B7":73,"B8":1716,"B9":1081}}

--- stderr ---
SingleTrialExperiment starting: ontology=/workspaces/ontologyutils-ekaw26/repair-power-index-replication-ekaw26/ontologies/inconsistent/PTRANS.owl, seed=1079268, run_id=20260624134028346645
Loaded ontology.
Normalizing ontology with SROIQ normalization...
Normalized ontology with SROIQ normalization.
Ontology is already inconsistent, skipping make-inconsistent step.
Repairing with A1 (random-removal)...
[2026-06-26 09:43:55.973] Checking precondition...
[2026-06-26 09:43:55.988] Starting the repair...
[2026-06-26 09:43:55.995] Found 127 possible bad axioms.
[2026-06-26 09:43:55.996] Selected the bad axiom SubClassOf(http://purl.obolibrary.org/obo/TRANS_0000033 http://purl.obolibrary.org/obo/TRANS_0000027).
[2026-06-26 09:43:56.001] Found 126 possible bad axioms.
[2026-06-26 09:43:56.001] Selected the bad axiom SubClassOf(http://purl.obolibrary.org/obo/TRANS_0000027 http://purl.obolibrary.org/obo/TRANS_0000021).
[2026-06-26 09:43:56.004] Found 125 possible bad axioms.
[2026-06-26 09:43:56.005] Selected the bad axiom SubClassOf(http://purl.obolibrary.org/obo/TRANS_0000032 http://purl.obolibrary.org/obo/TRANS_0000015).
[2026-06-26 09:43:56.008] Found 124 possible bad axioms.
[2026-06-26 09:43:56.008] Selected the bad axiom SubClassOf(http://purl.obolibrary.org/obo/TRANS_0000025 http://purl.obolibrary.org/obo/TRANS_0000024).
[2026-06-26 09:43:56.011] Found 123 possible bad axioms.
[2026-06-26 09:43:56.011] Selected the bad axiom SubClassOf(http://purl.obolibrary.org/obo/TRANS_0000025 http://purl.obolibrary.org/obo/TRANS_0000003).
[2026-06-26 09:43:56.014] Found 122 possible bad axioms.
[2026-06-26 09:43:56.014] Selected the bad axiom SubClassOf(http://purl.obolibrary.org/obo/TRANS_0000028 http://purl.obolibrary.org/obo/TRANS_0000015).
[2026-06-26 09:43:56.016] Found 121 possible bad axioms.
[2026-06-26 09:43:56.016] Selected the bad axiom SubClassOf(http://purl.obolibrary.org/obo/TRANS_0000001 http://purl.obolibrary.org/obo/TRANS_0000000).
[2026-06-26 09:43:56.019] Found 120 possible bad axioms.
[2026-06-26 09:43:56.019] Selected the bad axiom SubClassOf(http://purl.obolibrary.org/obo/TRANS_0000009 http://purl.obolibrary.org/obo/TRANS_0000027).
[2026-06-26 09:43:56.025] Found 119 possible bad axioms.
[2026-06-26 09:43:56.025] Selected the bad axiom SubClassOf(http://purl.obolibrary.org/obo/TRANS_0000034 http://purl.obolibrary.org/obo/TRANS_0000009).
[2026-06-26 09:43:56.028] Found 118 possible bad axioms.
[2026-06-26 09:43:56.028] Selected the bad axiom SubClassOf(http://purl.obolibrary.org/obo/TRANS_0000027 owl:Nothing).
[2026-06-26 09:43:56.030] Found 117 possible bad axioms.
[2026-06-26 09:43:56.030] Selected the bad axiom SubClassOf(http://purl.obolibrary.org/obo/TRANS_0000027 http://purl.obolibrary.org/obo/TRANS_0000022).
[2026-06-26 09:43:56.038] Found 116 possible bad axioms.
[2026-06-26 09:43:56.038] Selected the bad axiom SubClassOf(http://purl.obolibrary.org/obo/TRANS_0000021 owl:Nothing).
[2026-06-26 09:43:56.040] Found 115 possible bad ax
...[truncated]
SUCCESS: attempt=77 seed=1079268 success_count=63/100
progress: ontology=PTRANS attempt=77 success=63/100
----- PTRANS attempt=78 seed=1093468 at 2026-06-26 09:44:06 -----
--- stdout ---
{"seed":1093468,"run_id":"20260624134028346645","trial_status":"success","error_type":null,"failure_stage":null,"error_message":null,"iic_values":{"B1_vs_A1":0.9850299401197605,"B1_vs_A2":0.5,"B1_vs_A3":0.5,"B2_vs_A1":0.9850299401197605,"B2_vs_A2":0.5,"B2_vs_A3":0.5,"B3_vs_A1":0.9850299401197605,"B3_vs_A2":0.5,"B3_vs_A3":0.5,"B4_vs_A1":0.9850299401197605,"B4_vs_A2":0.5,"B4_vs_A3":0.5,"B5_vs_A1":0.9850299401197605,"B5_vs_A2":0.5,"B5_vs_A3":0.5,"B6_vs_A1":0.9850299401197605,"B6_vs_A2":0.5,"B6_vs_A3":0.5,"B7_vs_A1":0.9850299401197605,"B7_vs_A2":0.5,"B7_vs_A3":0.5,"B8_vs_A1":0.9850299401197605,"B8_vs_A2":0.5,"B8_vs_A3":0.5,"B9_vs_A1":0.9850299401197605,"B9_vs_A2":0.5,"B9_vs_A3":0.5},"repair_runtimes_ms":{"A1":192,"A2":1058,"A3":962,"B1":331,"B2":2263,"B3":443,"B4":62,"B5":1770,"B6":212,"B7":79,"B8":367,"B9":1113}}

--- stderr ---
SingleTrialExperiment starting: ontology=/workspaces/ontologyutils-ekaw26/repair-power-index-replication-ekaw26/ontologies/inconsistent/PTRANS.owl, seed=1093468, run_id=20260624134028346645
Loaded ontology.
Normalizing ontology with SROIQ normalization...
Normalized ontology with SROIQ normalization.
Ontology is already inconsistent, skipping make-inconsistent step.
Repairing with A1 (random-removal)...
[2026-06-26 09:44:07.268] Checking precondition...
[2026-06-26 09:44:07.282] Starting the repair...
[2026-06-26 09:44:07.288] Found 127 possible bad axioms.
[2026-06-26 09:44:07.290] Selected the bad axiom SubClassOf(http://purl.obolibrary.org/obo/TRANS_0000015 http://purl.obolibrary.org/obo/TRANS_0000013).
[2026-06-26 09:44:07.294] Found 126 possible bad axioms.
[2026-06-26 09:44:07.295] Selected the bad axiom SubClassOf(http://purl.obolibrary.org/obo/TRANS_0000015 http://purl.obolibrary.org/obo/TRANS_0000012).
[2026-06-26 09:44:07.298] Found 125 possible bad axioms.
[2026-06-26 09:44:07.298] Selected the bad axiom SubClassOf(http://purl.obolibrary.org/obo/TRANS_0000029 http://purl.obolibrary.org/obo/TRANS_0000033).
[2026-06-26 09:44:07.301] Found 124 possible bad axioms.
[2026-06-26 09:44:07.301] Selected the bad axiom SubClassOf(http://purl.obolibrary.org/obo/TRANS_0000006 http://purl.obolibrary.org/obo/TRANS_0000008).
[2026-06-26 09:44:07.304] Found 123 possible bad axioms.
[2026-06-26 09:44:07.304] Selected the bad axiom SubClassOf(http://purl.obolibrary.org/obo/TRANS_0000034 http://purl.obolibrary.org/obo/TRANS_0000013).
[2026-06-26 09:44:07.306] Found 122 possible bad axioms.
[2026-06-26 09:44:07.307] Selected the bad axiom SubClassOf(http://purl.obolibrary.org/obo/TRANS_0000005 http://purl.obolibrary.org/obo/TRANS_0000022).
[2026-06-26 09:44:07.309] Found 121 possible bad axioms.
[2026-06-26 09:44:07.309] Selected the bad axiom SubClassOf(http://purl.obolibrary.org/obo/TRANS_0000005 http://purl.obolibrary.org/obo/TRANS_0000002).
[2026-06-26 09:44:07.312] Found 120 possible bad axioms.
[2026-06-26 09:44:07.312] Selected the bad axiom SubClassOf(http://purl.obolibrary.org/obo/TRANS_0000029 http://purl.obolibrary.org/obo/TRANS_0000013).
[2026-06-26 09:44:07.318] Found 119 possible bad axioms.
[2026-06-26 09:44:07.318] Selected the bad axiom SubClassOf(http://purl.obolibrary.org/obo/TRANS_0000034 http://purl.obolibrary.org/obo/TRANS_0000012).
[2026-06-26 09:44:07.321] Found 118 possible bad axioms.
[2026-06-26 09:44:07.321] Selected the bad axiom SubClassOf(http://purl.obolibrary.org/obo/TRANS_0000015 http://purl.obolibrary.org/obo/TRANS_0000005).
[2026-06-26 09:44:07.324] Found 117 possible bad axioms.
[2026-06-26 09:44:07.324] Selected the bad axiom SubClassOf(http://purl.obolibrary.org/obo/TRANS_0000001 http://purl.obolibrary.org/obo/TRANS_0000000).
[2026-06-26 09:44:07.330] Found 116 possible bad axioms.
[2026-06-26 09:44:07.331] Selected the bad axiom SubClassOf(http://purl.obolibrary.org/obo/TRANS_0000025 http://purl.obolibrary.org/obo/T
...[truncated]
SUCCESS: attempt=78 seed=1093468 success_count=64/100
progress: ontology=PTRANS attempt=78 success=64/100
----- PTRANS attempt=79 seed=1107668 at 2026-06-26 09:44:16 -----
--- stdout ---
{"seed":1107668,"run_id":"20260624134028346645","trial_status":"success","error_type":null,"failure_stage":null,"error_message":null,"iic_values":{"B1_vs_A1":1.0,"B1_vs_A2":0.5,"B1_vs_A3":0.5,"B2_vs_A1":1.0,"B2_vs_A2":0.5,"B2_vs_A3":0.5,"B3_vs_A1":1.0,"B3_vs_A2":0.5,"B3_vs_A3":0.5,"B4_vs_A1":1.0,"B4_vs_A2":0.5,"B4_vs_A3":0.5,"B5_vs_A1":1.0,"B5_vs_A2":0.5,"B5_vs_A3":0.5,"B6_vs_A1":1.0,"B6_vs_A2":0.5,"B6_vs_A3":0.5,"B7_vs_A1":1.0,"B7_vs_A2":0.5,"B7_vs_A3":0.5,"B8_vs_A1":1.0,"B8_vs_A2":0.5,"B8_vs_A3":0.5,"B9_vs_A1":1.0,"B9_vs_A2":0.5,"B9_vs_A3":0.5},"repair_runtimes_ms":{"A1":127,"A2":1156,"A3":342,"B1":182,"B2":1043,"B3":1299,"B4":45,"B5":1756,"B6":675,"B7":67,"B8":1818,"B9":287}}

--- stderr ---
SingleTrialExperiment starting: ontology=/workspaces/ontologyutils-ekaw26/repair-power-index-replication-ekaw26/ontologies/inconsistent/PTRANS.owl, seed=1107668, run_id=20260624134028346645
Loaded ontology.
Normalizing ontology with SROIQ normalization...
Normalized ontology with SROIQ normalization.
Ontology is already inconsistent, skipping make-inconsistent step.
Repairing with A1 (random-removal)...
[2026-06-26 09:44:16.600] Checking precondition...
[2026-06-26 09:44:16.616] Starting the repair...
[2026-06-26 09:44:16.622] Found 127 possible bad axioms.
[2026-06-26 09:44:16.624] Selected the bad axiom SubClassOf(http://purl.obolibrary.org/obo/TRANS_0000012 http://purl.obolibrary.org/obo/TRANS_0000010).
[2026-06-26 09:44:16.628] Found 126 possible bad axioms.
[2026-06-26 09:44:16.628] Selected the bad axiom SubClassOf(http://purl.obolibrary.org/obo/TRANS_0000025 http://purl.obolibrary.org/obo/TRANS_0000011).
[2026-06-26 09:44:16.631] Found 125 possible bad axioms.
[2026-06-26 09:44:16.631] Selected the bad axiom SubClassOf(http://purl.obolibrary.org/obo/TRANS_0000028 http://purl.obolibrary.org/obo/TRANS_0000029).
[2026-06-26 09:44:16.635] Found 124 possible bad axioms.
[2026-06-26 09:44:16.635] Selected the bad axiom SubClassOf(http://purl.obolibrary.org/obo/TRANS_0000034 http://purl.obolibrary.org/obo/TRANS_0000026).
[2026-06-26 09:44:16.637] Found 123 possible bad axioms.
[2026-06-26 09:44:16.637] Selected the bad axiom SubClassOf(http://purl.obolibrary.org/obo/TRANS_0000019 http://purl.obolibrary.org/obo/TRANS_0000029).
[2026-06-26 09:44:16.640] Found 122 possible bad axioms.
[2026-06-26 09:44:16.640] Selected the bad axiom SubClassOf(http://purl.obolibrary.org/obo/TRANS_0000015 http://purl.obolibrary.org/obo/TRANS_0000029).
[2026-06-26 09:44:16.642] Found 121 possible bad axioms.
[2026-06-26 09:44:16.642] Selected the bad axiom SubClassOf(http://purl.obolibrary.org/obo/TRANS_0000013 http://purl.obolibrary.org/obo/TRANS_0000010).
[2026-06-26 09:44:16.645] Found 120 possible bad axioms.
[2026-06-26 09:44:16.645] Selected the bad axiom SubClassOf(http://purl.obolibrary.org/obo/TRANS_0000002 http://purl.obolibrary.org/obo/TRANS_0000000).
[2026-06-26 09:44:16.651] Found 119 possible bad axioms.
[2026-06-26 09:44:16.652] Selected the bad axiom SubClassOf(http://purl.obolibrary.org/obo/TRANS_0000002 http://purl.obolibrary.org/obo/TRANS_0000001).
[2026-06-26 09:44:16.654] Found 118 possible bad axioms.
[2026-06-26 09:44:16.654] Selected the bad axiom SubClassOf(http://purl.obolibrary.org/obo/TRANS_0000020 http://purl.obolibrary.org/obo/TRANS_0000019).
[2026-06-26 09:44:16.656] Found 117 possible bad axioms.
[2026-06-26 09:44:16.657] Selected the bad axiom SubClassOf(http://purl.obolibrary.org/obo/TRANS_0000005 http://purl.obolibrary.org/obo/TRANS_0000025).
[2026-06-26 09:44:16.665] Found 116 possible bad axioms.
[2026-06-26 09:44:16.665] Selected the bad axiom SubClassOf(http://purl.obolibrary.org/obo/TRANS_0000029 http://purl.obolibrary.org/obo/T
...[truncated]
SUCCESS: attempt=79 seed=1107668 success_count=65/100
progress: ontology=PTRANS attempt=79 success=65/100
----- PTRANS attempt=80 seed=1121868 at 2026-06-26 09:44:25 -----
--- stdout ---
{"seed":1121868,"run_id":"20260624134028346645","trial_status":"success","error_type":null,"failure_stage":null,"error_message":null,"iic_values":{"B1_vs_A1":1.0,"B1_vs_A2":0.5,"B1_vs_A3":0.5,"B2_vs_A1":1.0,"B2_vs_A2":0.5,"B2_vs_A3":0.5,"B3_vs_A1":1.0,"B3_vs_A2":0.5,"B3_vs_A3":0.5,"B4_vs_A1":1.0,"B4_vs_A2":0.5,"B4_vs_A3":0.5,"B5_vs_A1":1.0,"B5_vs_A2":0.5,"B5_vs_A3":0.5,"B6_vs_A1":1.0,"B6_vs_A2":0.5,"B6_vs_A3":0.5,"B7_vs_A1":1.0,"B7_vs_A2":0.5,"B7_vs_A3":0.5,"B8_vs_A1":1.0,"B8_vs_A2":0.5,"B8_vs_A3":0.5,"B9_vs_A1":1.0,"B9_vs_A2":0.5,"B9_vs_A3":0.5},"repair_runtimes_ms":{"A1":160,"A2":1099,"A3":226,"B1":173,"B2":2379,"B3":1247,"B4":62,"B5":1756,"B6":927,"B7":136,"B8":970,"B9":1081}}

--- stderr ---
SingleTrialExperiment starting: ontology=/workspaces/ontologyutils-ekaw26/repair-power-index-replication-ekaw26/ontologies/inconsistent/PTRANS.owl, seed=1121868, run_id=20260624134028346645
Loaded ontology.
Normalizing ontology with SROIQ normalization...
Normalized ontology with SROIQ normalization.
Ontology is already inconsistent, skipping make-inconsistent step.
Repairing with A1 (random-removal)...
[2026-06-26 09:44:25.886] Checking precondition...
[2026-06-26 09:44:25.901] Starting the repair...
[2026-06-26 09:44:25.908] Found 127 possible bad axioms.
[2026-06-26 09:44:25.910] Selected the bad axiom SubClassOf(http://purl.obolibrary.org/obo/TRANS_0000005 http://purl.obolibrary.org/obo/TRANS_0000002).
[2026-06-26 09:44:25.914] Found 126 possible bad axioms.
[2026-06-26 09:44:25.914] Selected the bad axiom SubClassOf(http://purl.obolibrary.org/obo/TRANS_0000028 http://purl.obolibrary.org/obo/TRANS_0000009).
[2026-06-26 09:44:25.918] Found 125 possible bad axioms.
[2026-06-26 09:44:25.918] Selected the bad axiom SubClassOf(http://purl.obolibrary.org/obo/TRANS_0000005 http://purl.obolibrary.org/obo/TRANS_0000019).
[2026-06-26 09:44:25.921] Found 124 possible bad axioms.
[2026-06-26 09:44:25.921] Selected the bad axiom SubClassOf(http://purl.obolibrary.org/obo/TRANS_0000030 http://purl.obolibrary.org/obo/TRANS_0000015).
[2026-06-26 09:44:25.924] Found 123 possible bad axioms.
[2026-06-26 09:44:25.924] Selected the bad axiom SubClassOf(http://purl.obolibrary.org/obo/TRANS_0000021 http://purl.obolibrary.org/obo/TRANS_0000020).
[2026-06-26 09:44:25.926] Found 122 possible bad axioms.
[2026-06-26 09:44:25.927] Selected the bad axiom SubClassOf(http://purl.obolibrary.org/obo/TRANS_0000034 http://purl.obolibrary.org/obo/TRANS_0000012).
[2026-06-26 09:44:25.929] Found 121 possible bad axioms.
[2026-06-26 09:44:25.929] Selected the bad axiom SubClassOf(http://purl.obolibrary.org/obo/TRANS_0000019 http://purl.obolibrary.org/obo/TRANS_0000015).
[2026-06-26 09:44:25.932] Found 120 possible bad axioms.
[2026-06-26 09:44:25.932] Selected the bad axiom SubClassOf(http://purl.obolibrary.org/obo/TRANS_0000015 http://purl.obolibrary.org/obo/TRANS_0000019).
[2026-06-26 09:44:25.938] Found 119 possible bad axioms.
[2026-06-26 09:44:25.938] Selected the bad axiom SubClassOf(http://purl.obolibrary.org/obo/TRANS_0000029 http://purl.obolibrary.org/obo/TRANS_0000013).
[2026-06-26 09:44:25.941] Found 118 possible bad axioms.
[2026-06-26 09:44:25.941] Selected the bad axiom SubClassOf(http://purl.obolibrary.org/obo/TRANS_0000034 http://purl.obolibrary.org/obo/TRANS_0000015).
[2026-06-26 09:44:25.944] Found 117 possible bad axioms.
[2026-06-26 09:44:25.944] Selected the bad axiom SubClassOf(http://purl.obolibrary.org/obo/TRANS_0000011 http://purl.obolibrary.org/obo/TRANS_0000010).
[2026-06-26 09:44:25.952] Found 116 possible bad axioms.
[2026-06-26 09:44:25.952] Selected the bad axiom SubClassOf(http://purl.obolibrary.org/obo/TRANS_0000025 http://purl.obolibrary.org/obo/T
...[truncated]
SUCCESS: attempt=80 seed=1121868 success_count=66/100
progress: ontology=PTRANS attempt=80 success=66/100
----- PTRANS attempt=81 seed=1136068 at 2026-06-26 09:44:36 -----
--- stdout ---
{"seed":1136068,"run_id":"20260624134028346645","trial_status":"success","error_type":null,"failure_stage":null,"error_message":null,"iic_values":{"B1_vs_A1":1.0,"B1_vs_A2":0.5,"B1_vs_A3":0.5,"B2_vs_A1":1.0,"B2_vs_A2":0.5,"B2_vs_A3":0.5,"B3_vs_A1":1.0,"B3_vs_A2":0.5,"B3_vs_A3":0.5,"B4_vs_A1":1.0,"B4_vs_A2":0.5,"B4_vs_A3":0.5,"B5_vs_A1":1.0,"B5_vs_A2":0.5,"B5_vs_A3":0.5,"B6_vs_A1":1.0,"B6_vs_A2":0.5,"B6_vs_A3":0.5,"B7_vs_A1":1.0,"B7_vs_A2":0.5,"B7_vs_A3":0.5,"B8_vs_A1":1.0,"B8_vs_A2":0.5,"B8_vs_A3":0.5,"B9_vs_A1":1.0,"B9_vs_A2":0.5,"B9_vs_A3":0.5},"repair_runtimes_ms":{"A1":224,"A2":1092,"A3":202,"B1":178,"B2":2130,"B3":1211,"B4":43,"B5":778,"B6":1056,"B7":78,"B8":1851,"B9":1174}}

--- stderr ---
SingleTrialExperiment starting: ontology=/workspaces/ontologyutils-ekaw26/repair-power-index-replication-ekaw26/ontologies/inconsistent/PTRANS.owl, seed=1136068, run_id=20260624134028346645
Loaded ontology.
Normalizing ontology with SROIQ normalization...
Normalized ontology with SROIQ normalization.
Ontology is already inconsistent, skipping make-inconsistent step.
Repairing with A1 (random-removal)...
[2026-06-26 09:44:36.601] Checking precondition...
[2026-06-26 09:44:36.618] Starting the repair...
[2026-06-26 09:44:36.624] Found 127 possible bad axioms.
[2026-06-26 09:44:36.626] Selected the bad axiom SubClassOf(http://purl.obolibrary.org/obo/TRANS_0000034 http://purl.obolibrary.org/obo/TRANS_0000032).
[2026-06-26 09:44:36.631] Found 126 possible bad axioms.
[2026-06-26 09:44:36.631] Selected the bad axiom SubClassOf(http://purl.obolibrary.org/obo/TRANS_0000015 http://purl.obolibrary.org/obo/TRANS_0000012).
[2026-06-26 09:44:36.634] Found 125 possible bad axioms.
[2026-06-26 09:44:36.635] Selected the bad axiom SubClassOf(http://purl.obolibrary.org/obo/TRANS_0000015 http://purl.obolibrary.org/obo/TRANS_0000005).
[2026-06-26 09:44:36.638] Found 124 possible bad axioms.
[2026-06-26 09:44:36.638] Selected the bad axiom SubClassOf(http://purl.obolibrary.org/obo/TRANS_0000025 http://purl.obolibrary.org/obo/TRANS_0000015).
[2026-06-26 09:44:36.640] Found 123 possible bad axioms.
[2026-06-26 09:44:36.640] Selected the bad axiom SubClassOf(http://purl.obolibrary.org/obo/TRANS_0000028 http://purl.obolibrary.org/obo/TRANS_0000015).
[2026-06-26 09:44:36.643] Found 122 possible bad axioms.
[2026-06-26 09:44:36.643] Selected the bad axiom SubClassOf(http://purl.obolibrary.org/obo/TRANS_0000015 http://purl.obolibrary.org/obo/TRANS_0000029).
[2026-06-26 09:44:36.646] Found 121 possible bad axioms.
[2026-06-26 09:44:36.646] Selected the bad axiom SubClassOf(http://purl.obolibrary.org/obo/TRANS_0000030 http://purl.obolibrary.org/obo/TRANS_0000015).
[2026-06-26 09:44:36.648] Found 120 possible bad axioms.
[2026-06-26 09:44:36.649] Selected the bad axiom SubClassOf(http://purl.obolibrary.org/obo/TRANS_0000028 http://purl.obolibrary.org/obo/TRANS_0000009).
[2026-06-26 09:44:36.655] Found 119 possible bad axioms.
[2026-06-26 09:44:36.655] Selected the bad axiom SubClassOf(http://purl.obolibrary.org/obo/TRANS_0000026 http://purl.obolibrary.org/obo/TRANS_0000025).
[2026-06-26 09:44:36.658] Found 118 possible bad axioms.
[2026-06-26 09:44:36.658] Selected the bad axiom SubClassOf(http://purl.obolibrary.org/obo/TRANS_0000012 http://purl.obolibrary.org/obo/TRANS_0000010).
[2026-06-26 09:44:36.660] Found 117 possible bad axioms.
[2026-06-26 09:44:36.661] Selected the bad axiom SubClassOf(http://purl.obolibrary.org/obo/TRANS_0000025 http://purl.obolibrary.org/obo/TRANS_0000012).
[2026-06-26 09:44:36.667] Found 116 possible bad axioms.
[2026-06-26 09:44:36.668] Selected the bad axiom SubClassOf(http://purl.obolibrary.org/obo/TRANS_0000023 http://purl.obolibrary.org/obo/T
...[truncated]
SUCCESS: attempt=81 seed=1136068 success_count=67/100
progress: ontology=PTRANS attempt=81 success=67/100
----- PTRANS attempt=82 seed=1150268 at 2026-06-26 09:44:47 -----
--- stdout ---
{"seed":1150268,"run_id":"20260624134028346645","trial_status":"memory_limit_exceeded","error_type":"failure","failure_stage":"B6","error_message":"Repair failed: ExecutionException: java.lang.IllegalStateException: Could not find a weakening for axiom: ⊤ ⊑ TRANS_0000008","iic_values":{},"repair_runtimes_ms":{"A1":204,"A2":1120,"A3":369,"B1":678,"B2":2248,"B3":1191,"B4":67,"B5":1802,"B6":461}}

--- stderr ---
SingleTrialExperiment starting: ontology=/workspaces/ontologyutils-ekaw26/repair-power-index-replication-ekaw26/ontologies/inconsistent/PTRANS.owl, seed=1150268, run_id=20260624134028346645
Loaded ontology.
Normalizing ontology with SROIQ normalization...
Normalized ontology with SROIQ normalization.
Ontology is already inconsistent, skipping make-inconsistent step.
Repairing with A1 (random-removal)...
[2026-06-26 09:44:48.054] Checking precondition...
[2026-06-26 09:44:48.067] Starting the repair...
[2026-06-26 09:44:48.074] Found 127 possible bad axioms.
[2026-06-26 09:44:48.075] Selected the bad axiom SubClassOf(http://purl.obolibrary.org/obo/TRANS_0000002 http://purl.obolibrary.org/obo/TRANS_0000001).
[2026-06-26 09:44:48.080] Found 126 possible bad axioms.
[2026-06-26 09:44:48.080] Selected the bad axiom SubClassOf(http://purl.obolibrary.org/obo/TRANS_0000027 http://purl.obolibrary.org/obo/TRANS_0000020).
[2026-06-26 09:44:48.083] Found 125 possible bad axioms.
[2026-06-26 09:44:48.084] Selected the bad axiom SubClassOf(http://purl.obolibrary.org/obo/TRANS_0000021 owl:Nothing).
[2026-06-26 09:44:48.087] Found 124 possible bad axioms.
[2026-06-26 09:44:48.087] Selected the bad axiom SubClassOf(http://purl.obolibrary.org/obo/TRANS_0000015 http://purl.obolibrary.org/obo/TRANS_0000013).
[2026-06-26 09:44:48.090] Found 123 possible bad axioms.
[2026-06-26 09:44:48.090] Selected the bad axiom SubClassOf(http://purl.obolibrary.org/obo/TRANS_0000006 http://purl.obolibrary.org/obo/TRANS_0000001).
[2026-06-26 09:44:48.092] Found 122 possible bad axioms.
[2026-06-26 09:44:48.093] Selected the bad axiom SubClassOf(http://purl.obolibrary.org/obo/TRANS_0000027 http://purl.obolibrary.org/obo/TRANS_0000022).
[2026-06-26 09:44:48.095] Found 121 possible bad axioms.
[2026-06-26 09:44:48.095] Selected the bad axiom SubClassOf(http://purl.obolibrary.org/obo/TRANS_0000031 http://purl.obolibrary.org/obo/TRANS_0000026).
[2026-06-26 09:44:48.098] Found 120 possible bad axioms.
[2026-06-26 09:44:48.098] Selected the bad axiom SubClassOf(http://purl.obolibrary.org/obo/TRANS_0000012 http://purl.obolibrary.org/obo/TRANS_0000010).
[2026-06-26 09:44:48.104] Found 119 possible bad axioms.
[2026-06-26 09:44:48.104] Selected the bad axiom SubClassOf(http://purl.obolibrary.org/obo/TRANS_0000028 http://purl.obolibrary.org/obo/TRANS_0000012).
[2026-06-26 09:44:48.107] Found 118 possible bad axioms.
[2026-06-26 09:44:48.107] Selected the bad axiom SubClassOf(http://purl.obolibrary.org/obo/TRANS_0000033 http://purl.obolibrary.org/obo/TRANS_0000010).
[2026-06-26 09:44:48.109] Found 117 possible bad axioms.
[2026-06-26 09:44:48.110] Selected the bad axiom SubClassOf(http://purl.obolibrary.org/obo/TRANS_0000001 http://purl.obolibrary.org/obo/TRANS_0000005).
[2026-06-26 09:44:48.116] Found 116 possible bad axioms.
[2026-06-26 09:44:48.117] Selected the bad axiom SubClassOf(http://purl.obolibrary.org/obo/TRANS_0000028 http://purl.obolibrary.org/obo/TRANS_0000029).
[2026-06-26 09:44:
...[truncated]
FAIL: attempt=82 seed=1150268 status=memory_limit_exceeded stage=B6 message=Repair failed: ExecutionException: java.lang.IllegalStateException: Could not find a weakening for axiom: ⊤ ⊑ TRANS_0000008
progress: ontology=PTRANS attempt=82 success=67/100
----- PTRANS attempt=83 seed=1164468 at 2026-06-26 09:44:56 -----
--- stdout ---
{"seed":1164468,"run_id":"20260624134028346645","trial_status":"memory_limit_exceeded","error_type":"failure","failure_stage":"B6","error_message":"Repair failed: ExecutionException: java.lang.IllegalStateException: Could not find a weakening for axiom: ⊤ ⊑ TRANS_0000008","iic_values":{},"repair_runtimes_ms":{"A1":177,"A2":1088,"A3":206,"B1":149,"B2":2274,"B3":410,"B4":42,"B5":1739,"B6":570}}

--- stderr ---
SingleTrialExperiment starting: ontology=/workspaces/ontologyutils-ekaw26/repair-power-index-replication-ekaw26/ontologies/inconsistent/PTRANS.owl, seed=1164468, run_id=20260624134028346645
Loaded ontology.
Normalizing ontology with SROIQ normalization...
Normalized ontology with SROIQ normalization.
Ontology is already inconsistent, skipping make-inconsistent step.
Repairing with A1 (random-removal)...
[2026-06-26 09:44:56.633] Checking precondition...
[2026-06-26 09:44:56.647] Starting the repair...
[2026-06-26 09:44:56.653] Found 127 possible bad axioms.
[2026-06-26 09:44:56.655] Selected the bad axiom SubClassOf(http://purl.obolibrary.org/obo/TRANS_0000007 http://purl.obolibrary.org/obo/TRANS_0000001).
[2026-06-26 09:44:56.660] Found 126 possible bad axioms.
[2026-06-26 09:44:56.660] Selected the bad axiom SubClassOf(http://purl.obolibrary.org/obo/TRANS_0000034 http://purl.obolibrary.org/obo/TRANS_0000011).
[2026-06-26 09:44:56.664] Found 125 possible bad axioms.
[2026-06-26 09:44:56.664] Selected the bad axiom SubClassOf(http://purl.obolibrary.org/obo/TRANS_0000002 http://purl.obolibrary.org/obo/TRANS_0000008).
[2026-06-26 09:44:56.668] Found 124 possible bad axioms.
[2026-06-26 09:44:56.668] Selected the bad axiom SubClassOf(http://purl.obolibrary.org/obo/TRANS_0000034 http://purl.obolibrary.org/obo/TRANS_0000032).
[2026-06-26 09:44:56.670] Found 123 possible bad axioms.
[2026-06-26 09:44:56.670] Selected the bad axiom SubClassOf(http://purl.obolibrary.org/obo/TRANS_0000002 http://purl.obolibrary.org/obo/TRANS_0000007).
[2026-06-26 09:44:56.673] Found 122 possible bad axioms.
[2026-06-26 09:44:56.673] Selected the bad axiom SubClassOf(http://purl.obolibrary.org/obo/TRANS_0000008 owl:Nothing).
[2026-06-26 09:44:56.676] Found 121 possible bad axioms.
[2026-06-26 09:44:56.676] Selected the bad axiom SubClassOf(http://purl.obolibrary.org/obo/TRANS_0000020 http://purl.obolibrary.org/obo/TRANS_0000027).
[2026-06-26 09:44:56.679] Found 120 possible bad axioms.
[2026-06-26 09:44:56.679] Selected the bad axiom SubClassOf(http://purl.obolibrary.org/obo/TRANS_0000025 http://purl.obolibrary.org/obo/TRANS_0000005).
[2026-06-26 09:44:56.686] Found 119 possible bad axioms.
[2026-06-26 09:44:56.686] Selected the bad axiom SubClassOf(http://purl.obolibrary.org/obo/TRANS_0000000 http://purl.obolibrary.org/obo/TRANS_0000008).
[2026-06-26 09:44:56.689] Found 118 possible bad axioms.
[2026-06-26 09:44:56.689] Selected the bad axiom SubClassOf(http://purl.obolibrary.org/obo/TRANS_0000034 http://purl.obolibrary.org/obo/TRANS_0000033).
[2026-06-26 09:44:56.692] Found 117 possible bad axioms.
[2026-06-26 09:44:56.692] Selected the bad axiom SubClassOf(http://purl.obolibrary.org/obo/TRANS_0000034 http://purl.obolibrary.org/obo/TRANS_0000029).
[2026-06-26 09:44:56.701] Found 116 possible bad axioms.
[2026-06-26 09:44:56.702] Selected the bad axiom SubClassOf(http://purl.obolibrary.org/obo/TRANS_0000019 http://purl.obolibrary.org/obo/TRANS_0000023).
[2026-06-26 09:44:
...[truncated]
FAIL: attempt=83 seed=1164468 status=memory_limit_exceeded stage=B6 message=Repair failed: ExecutionException: java.lang.IllegalStateException: Could not find a weakening for axiom: ⊤ ⊑ TRANS_0000008
progress: ontology=PTRANS attempt=83 success=67/100
----- PTRANS attempt=84 seed=1178668 at 2026-06-26 09:45:03 -----
--- stdout ---
{"seed":1178668,"run_id":"20260624134028346645","trial_status":"success","error_type":null,"failure_stage":null,"error_message":null,"iic_values":{"B1_vs_A1":0.9826839826839827,"B1_vs_A2":0.5,"B1_vs_A3":0.5,"B2_vs_A1":0.9826839826839827,"B2_vs_A2":0.5,"B2_vs_A3":0.5,"B3_vs_A1":0.9826839826839827,"B3_vs_A2":0.5,"B3_vs_A3":0.5,"B4_vs_A1":0.9826839826839827,"B4_vs_A2":0.5,"B4_vs_A3":0.5,"B5_vs_A1":0.9826839826839827,"B5_vs_A2":0.5,"B5_vs_A3":0.5,"B6_vs_A1":0.9826839826839827,"B6_vs_A2":0.5,"B6_vs_A3":0.5,"B7_vs_A1":0.9826839826839827,"B7_vs_A2":0.5,"B7_vs_A3":0.5,"B8_vs_A1":0.9826839826839827,"B8_vs_A2":0.5,"B8_vs_A3":0.5,"B9_vs_A1":0.9826839826839827,"B9_vs_A2":0.5,"B9_vs_A3":0.5},"repair_runtimes_ms":{"A1":115,"A2":1159,"A3":421,"B1":339,"B2":2255,"B3":1232,"B4":77,"B5":1748,"B6":1137,"B7":65,"B8":1835,"B9":1109}}

--- stderr ---
SingleTrialExperiment starting: ontology=/workspaces/ontologyutils-ekaw26/repair-power-index-replication-ekaw26/ontologies/inconsistent/PTRANS.owl, seed=1178668, run_id=20260624134028346645
Loaded ontology.
Normalizing ontology with SROIQ normalization...
Normalized ontology with SROIQ normalization.
Ontology is already inconsistent, skipping make-inconsistent step.
Repairing with A1 (random-removal)...
[2026-06-26 09:45:03.821] Checking precondition...
[2026-06-26 09:45:03.835] Starting the repair...
[2026-06-26 09:45:03.841] Found 127 possible bad axioms.
[2026-06-26 09:45:03.842] Selected the bad axiom SubClassOf(http://purl.obolibrary.org/obo/TRANS_0000002 http://purl.obolibrary.org/obo/TRANS_0000008).
[2026-06-26 09:45:03.847] Found 126 possible bad axioms.
[2026-06-26 09:45:03.847] Selected the bad axiom SubClassOf(http://purl.obolibrary.org/obo/TRANS_0000034 http://purl.obolibrary.org/obo/TRANS_0000011).
[2026-06-26 09:45:03.850] Found 125 possible bad axioms.
[2026-06-26 09:45:03.850] Selected the bad axiom SubClassOf(http://purl.obolibrary.org/obo/TRANS_0000021 http://purl.obolibrary.org/obo/TRANS_0000020).
[2026-06-26 09:45:03.854] Found 124 possible bad axioms.
[2026-06-26 09:45:03.854] Selected the bad axiom SubClassOf(http://purl.obolibrary.org/obo/TRANS_0000021 owl:Nothing).
[2026-06-26 09:45:03.857] Found 123 possible bad axioms.
[2026-06-26 09:45:03.857] Selected the bad axiom SubClassOf(http://purl.obolibrary.org/obo/TRANS_0000034 http://purl.obolibrary.org/obo/TRANS_0000013).
[2026-06-26 09:45:03.860] Found 122 possible bad axioms.
[2026-06-26 09:45:03.860] Selected the bad axiom SubClassOf(http://purl.obolibrary.org/obo/TRANS_0000025 http://purl.obolibrary.org/obo/TRANS_0000014).
[2026-06-26 09:45:03.862] Found 121 possible bad axioms.
[2026-06-26 09:45:03.863] Selected the bad axiom SubClassOf(http://purl.obolibrary.org/obo/TRANS_0000002 http://purl.obolibrary.org/obo/TRANS_0000000).
[2026-06-26 09:45:03.865] Found 120 possible bad axioms.
[2026-06-26 09:45:03.865] Selected the bad axiom SubClassOf(http://purl.obolibrary.org/obo/TRANS_0000007 http://purl.obolibrary.org/obo/TRANS_0000008).
[2026-06-26 09:45:03.872] Found 119 possible bad axioms.
[2026-06-26 09:45:03.872] Selected the bad axiom SubClassOf(http://purl.obolibrary.org/obo/TRANS_0000032 http://purl.obolibrary.org/obo/TRANS_0000015).
[2026-06-26 09:45:03.875] Found 118 possible bad axioms.
[2026-06-26 09:45:03.875] Selected the bad axiom SubClassOf(http://purl.obolibrary.org/obo/TRANS_0000015 http://purl.obolibrary.org/obo/TRANS_0000033).
[2026-06-26 09:45:03.877] Found 117 possible bad axioms.
[2026-06-26 09:45:03.878] Selected the bad axiom SubClassOf(http://purl.obolibrary.org/obo/TRANS_0000019 http://purl.obolibrary.org/obo/TRANS_0000023).
[2026-06-26 09:45:03.884] Found 116 possible bad axioms.
[2026-06-26 09:45:03.885] Selected the bad axiom SubClassOf(http://purl.obolibrary.org/obo/TRANS_0000020 http://purl.obolibrary.org/obo/TRANS_0000024).
[2026-06-26 09:45:
...[truncated]
SUCCESS: attempt=84 seed=1178668 success_count=68/100
progress: ontology=PTRANS attempt=84 success=68/100
----- PTRANS attempt=85 seed=1192868 at 2026-06-26 09:45:15 -----
--- stdout ---
{"seed":1192868,"run_id":"20260624134028346645","trial_status":"success","error_type":null,"failure_stage":null,"error_message":null,"iic_values":{"B1_vs_A1":0.9988151658767772,"B1_vs_A2":0.5,"B1_vs_A3":0.5,"B2_vs_A1":0.9988151658767772,"B2_vs_A2":0.5,"B2_vs_A3":0.5,"B3_vs_A1":0.9988151658767772,"B3_vs_A2":0.5,"B3_vs_A3":0.5,"B4_vs_A1":0.9988151658767772,"B4_vs_A2":0.5,"B4_vs_A3":0.5,"B5_vs_A1":0.9988151658767772,"B5_vs_A2":0.5,"B5_vs_A3":0.5,"B6_vs_A1":0.9988151658767772,"B6_vs_A2":0.5,"B6_vs_A3":0.5,"B7_vs_A1":0.9988151658767772,"B7_vs_A2":0.5,"B7_vs_A3":0.5,"B8_vs_A1":0.9988151658767772,"B8_vs_A2":0.5,"B8_vs_A3":0.5,"B9_vs_A1":0.9988151658767772,"B9_vs_A2":0.5,"B9_vs_A3":0.5},"repair_runtimes_ms":{"A1":220,"A2":1094,"A3":205,"B1":174,"B2":2347,"B3":1291,"B4":41,"B5":481,"B6":1067,"B7":82,"B8":1825,"B9":663}}

--- stderr ---
SingleTrialExperiment starting: ontology=/workspaces/ontologyutils-ekaw26/repair-power-index-replication-ekaw26/ontologies/inconsistent/PTRANS.owl, seed=1192868, run_id=20260624134028346645
Loaded ontology.
Normalizing ontology with SROIQ normalization...
Normalized ontology with SROIQ normalization.
Ontology is already inconsistent, skipping make-inconsistent step.
Repairing with A1 (random-removal)...
[2026-06-26 09:45:15.818] Checking precondition...
[2026-06-26 09:45:15.833] Starting the repair...
[2026-06-26 09:45:15.839] Found 127 possible bad axioms.
[2026-06-26 09:45:15.840] Selected the bad axiom SubClassOf(http://purl.obolibrary.org/obo/TRANS_0000015 http://purl.obolibrary.org/obo/TRANS_0000009).
[2026-06-26 09:45:15.845] Found 126 possible bad axioms.
[2026-06-26 09:45:15.845] Selected the bad axiom SubClassOf(http://purl.obolibrary.org/obo/TRANS_0000028 http://purl.obolibrary.org/obo/TRANS_0000031).
[2026-06-26 09:45:15.848] Found 125 possible bad axioms.
[2026-06-26 09:45:15.848] Selected the bad axiom SubClassOf(http://purl.obolibrary.org/obo/TRANS_0000031 http://purl.obolibrary.org/obo/TRANS_0000026).
[2026-06-26 09:45:15.852] Found 124 possible bad axioms.
[2026-06-26 09:45:15.852] Selected the bad axiom SubClassOf(http://purl.obolibrary.org/obo/TRANS_0000029 http://purl.obolibrary.org/obo/TRANS_0000013).
[2026-06-26 09:45:15.854] Found 123 possible bad axioms.
[2026-06-26 09:45:15.854] Selected the bad axiom SubClassOf(http://purl.obolibrary.org/obo/TRANS_0000021 http://purl.obolibrary.org/obo/TRANS_0000023).
[2026-06-26 09:45:15.857] Found 122 possible bad axioms.
[2026-06-26 09:45:15.857] Selected the bad axiom SubClassOf(http://purl.obolibrary.org/obo/TRANS_0000034 http://purl.obolibrary.org/obo/TRANS_0000029).
[2026-06-26 09:45:15.859] Found 121 possible bad axioms.
[2026-06-26 09:45:15.860] Selected the bad axiom SubClassOf(http://purl.obolibrary.org/obo/TRANS_0000025 http://purl.obolibrary.org/obo/TRANS_0000003).
[2026-06-26 09:45:15.862] Found 120 possible bad axioms.
[2026-06-26 09:45:15.862] Selected the bad axiom SubClassOf(http://purl.obolibrary.org/obo/TRANS_0000034 http://purl.obolibrary.org/obo/TRANS_0000009).
[2026-06-26 09:45:15.868] Found 119 possible bad axioms.
[2026-06-26 09:45:15.869] Selected the bad axiom SubClassOf(http://purl.obolibrary.org/obo/TRANS_0000008 http://purl.obolibrary.org/obo/TRANS_0000007).
[2026-06-26 09:45:15.871] Found 118 possible bad axioms.
[2026-06-26 09:45:15.872] Selected the bad axiom SubClassOf(http://purl.obolibrary.org/obo/TRANS_0000007 http://purl.obolibrary.org/obo/TRANS_0000001).
[2026-06-26 09:45:15.874] Found 117 possible bad axioms.
[2026-06-26 09:45:15.874] Selected the bad axiom SubClassOf(http://purl.obolibrary.org/obo/TRANS_0000008 owl:Nothing).
[2026-06-26 09:45:15.881] Found 116 possible bad axioms.
[2026-06-26 09:45:15.881] Selected the bad axiom SubClassOf(http://purl.obolibrary.org/obo/TRANS_0000001 http://purl.obolibrary.org/obo/TRANS_0000008).
[2026-06-26 09:45:
...[truncated]
SUCCESS: attempt=85 seed=1192868 success_count=69/100
progress: ontology=PTRANS attempt=85 success=69/100
----- PTRANS attempt=86 seed=1207068 at 2026-06-26 09:45:25 -----
--- stdout ---
{"seed":1207068,"run_id":"20260624134028346645","trial_status":"success","error_type":null,"failure_stage":null,"error_message":null,"iic_values":{"B1_vs_A1":1.0,"B1_vs_A2":0.5,"B1_vs_A3":0.5,"B2_vs_A1":1.0,"B2_vs_A2":0.5,"B2_vs_A3":0.5,"B3_vs_A1":1.0,"B3_vs_A2":0.5,"B3_vs_A3":0.5,"B4_vs_A1":1.0,"B4_vs_A2":0.5,"B4_vs_A3":0.5,"B5_vs_A1":1.0,"B5_vs_A2":0.5,"B5_vs_A3":0.5,"B6_vs_A1":1.0,"B6_vs_A2":0.5,"B6_vs_A3":0.5,"B7_vs_A1":1.0,"B7_vs_A2":0.5,"B7_vs_A3":0.5,"B8_vs_A1":1.0,"B8_vs_A2":0.5,"B8_vs_A3":0.5,"B9_vs_A1":1.0,"B9_vs_A2":0.5,"B9_vs_A3":0.5},"repair_runtimes_ms":{"A1":58,"A2":1140,"A3":246,"B1":157,"B2":1546,"B3":1238,"B4":43,"B5":1020,"B6":1043,"B7":121,"B8":1073,"B9":1102}}

--- stderr ---
SingleTrialExperiment starting: ontology=/workspaces/ontologyutils-ekaw26/repair-power-index-replication-ekaw26/ontologies/inconsistent/PTRANS.owl, seed=1207068, run_id=20260624134028346645
Loaded ontology.
Normalizing ontology with SROIQ normalization...
Normalized ontology with SROIQ normalization.
Ontology is already inconsistent, skipping make-inconsistent step.
Repairing with A1 (random-removal)...
[2026-06-26 09:45:25.867] Checking precondition...
[2026-06-26 09:45:25.882] Starting the repair...
[2026-06-26 09:45:25.887] Found 127 possible bad axioms.
[2026-06-26 09:45:25.889] Selected the bad axiom SubClassOf(http://purl.obolibrary.org/obo/TRANS_0000015 http://purl.obolibrary.org/obo/TRANS_0000025).
[2026-06-26 09:45:25.894] Found 126 possible bad axioms.
[2026-06-26 09:45:25.894] Selected the bad axiom SubClassOf(http://purl.obolibrary.org/obo/TRANS_0000027 http://purl.obolibrary.org/obo/TRANS_0000023).
[2026-06-26 09:45:25.897] Found 125 possible bad axioms.
[2026-06-26 09:45:25.898] Selected the bad axiom SubClassOf(http://purl.obolibrary.org/obo/TRANS_0000020 http://purl.obolibrary.org/obo/TRANS_0000024).
[2026-06-26 09:45:25.901] Found 124 possible bad axioms.
[2026-06-26 09:45:25.901] Selected the bad axiom SubClassOf(http://purl.obolibrary.org/obo/TRANS_0000010 http://purl.obolibrary.org/obo/TRANS_0000002).
[2026-06-26 09:45:25.903] Found 123 possible bad axioms.
[2026-06-26 09:45:25.903] Selected the bad axiom SubClassOf(http://purl.obolibrary.org/obo/TRANS_0000034 http://purl.obolibrary.org/obo/TRANS_0000029).
[2026-06-26 09:45:25.906] Found 122 possible bad axioms.
[2026-06-26 09:45:25.906] Selected the bad axiom SubClassOf(http://purl.obolibrary.org/obo/TRANS_0000002 http://purl.obolibrary.org/obo/TRANS_0000000).
[2026-06-26 09:45:25.908] Found 121 possible bad axioms.
[2026-06-26 09:45:25.909] Selected the bad axiom SubClassOf(http://purl.obolibrary.org/obo/TRANS_0000034 http://purl.obolibrary.org/obo/TRANS_0000015).
[2026-06-26 09:45:25.911] Found 120 possible bad axioms.
[2026-06-26 09:45:25.911] Selected the bad axiom SubClassOf(http://purl.obolibrary.org/obo/TRANS_0000020 http://purl.obolibrary.org/obo/TRANS_0000027).
[2026-06-26 09:45:25.917] Found 119 possible bad axioms.
[2026-06-26 09:45:25.917] Selected the bad axiom SubClassOf(owl:Thing http://purl.obolibrary.org/obo/TRANS_0000008).
[2026-06-26 09:45:25.920] Finished repairing the ontology.
Repairing with A2 (not-in-largest-mcs-removal)...
[2026-06-26 09:45:25.921] Checking precondition...
[2026-06-26 09:45:25.930] Starting the repair...
[2026-06-26 09:45:27.061] Found 1 possible bad axioms.
[2026-06-26 09:45:27.061] Selected the bad axiom SubClassOf(owl:Thing http://purl.obolibrary.org/obo/TRANS_0000008).
[2026-06-26 09:45:27.061] Finished repairing the ontology.
Repairing with A3 (default-weakening)...
[2026-06-26 09:45:27.063] Checking precondition...
[2026-06-26 09:45:27.065] Starting the repair...
[2026-06-26 09:45:27.087] Selected a reference ontology with 155 a
...[truncated]
SUCCESS: attempt=86 seed=1207068 success_count=70/100
progress: ontology=PTRANS attempt=86 success=70/100
----- PTRANS attempt=87 seed=1221268 at 2026-06-26 09:45:34 -----
--- stdout ---
{"seed":1221268,"run_id":"20260624134028346645","trial_status":"success","error_type":null,"failure_stage":null,"error_message":null,"iic_values":{"B1_vs_A1":1.0,"B1_vs_A2":0.5,"B1_vs_A3":0.5,"B2_vs_A1":1.0,"B2_vs_A2":0.5,"B2_vs_A3":0.5,"B3_vs_A1":1.0,"B3_vs_A2":0.5,"B3_vs_A3":0.5,"B4_vs_A1":1.0,"B4_vs_A2":0.5,"B4_vs_A3":0.5,"B5_vs_A1":1.0,"B5_vs_A2":0.5,"B5_vs_A3":0.5,"B6_vs_A1":1.0,"B6_vs_A2":0.5,"B6_vs_A3":0.5,"B7_vs_A1":1.0,"B7_vs_A2":0.5,"B7_vs_A3":0.5,"B8_vs_A1":1.0,"B8_vs_A2":0.5,"B8_vs_A3":0.5,"B9_vs_A1":1.0,"B9_vs_A2":0.5,"B9_vs_A3":0.5},"repair_runtimes_ms":{"A1":49,"A2":1173,"A3":370,"B1":715,"B2":2343,"B3":361,"B4":68,"B5":1662,"B6":520,"B7":69,"B8":1763,"B9":667}}

--- stderr ---
SingleTrialExperiment starting: ontology=/workspaces/ontologyutils-ekaw26/repair-power-index-replication-ekaw26/ontologies/inconsistent/PTRANS.owl, seed=1221268, run_id=20260624134028346645
Loaded ontology.
Normalizing ontology with SROIQ normalization...
Normalized ontology with SROIQ normalization.
Ontology is already inconsistent, skipping make-inconsistent step.
Repairing with A1 (random-removal)...
[2026-06-26 09:45:35.138] Checking precondition...
[2026-06-26 09:45:35.153] Starting the repair...
[2026-06-26 09:45:35.159] Found 127 possible bad axioms.
[2026-06-26 09:45:35.160] Selected the bad axiom SubClassOf(http://purl.obolibrary.org/obo/TRANS_0000027 http://purl.obolibrary.org/obo/TRANS_0000019).
[2026-06-26 09:45:35.166] Found 126 possible bad axioms.
[2026-06-26 09:45:35.166] Selected the bad axiom SubClassOf(http://purl.obolibrary.org/obo/TRANS_0000005 http://purl.obolibrary.org/obo/TRANS_0000019).
[2026-06-26 09:45:35.170] Found 125 possible bad axioms.
[2026-06-26 09:45:35.170] Selected the bad axiom SubClassOf(http://purl.obolibrary.org/obo/TRANS_0000024 http://purl.obolibrary.org/obo/TRANS_0000027).
[2026-06-26 09:45:35.174] Found 124 possible bad axioms.
[2026-06-26 09:45:35.174] Selected the bad axiom SubClassOf(http://purl.obolibrary.org/obo/TRANS_0000007 http://purl.obolibrary.org/obo/TRANS_0000008).
[2026-06-26 09:45:35.177] Found 123 possible bad axioms.
[2026-06-26 09:45:35.177] Selected the bad axiom SubClassOf(http://purl.obolibrary.org/obo/TRANS_0000031 http://purl.obolibrary.org/obo/TRANS_0000026).
[2026-06-26 09:45:35.180] Found 122 possible bad axioms.
[2026-06-26 09:45:35.180] Selected the bad axiom SubClassOf(owl:Thing http://purl.obolibrary.org/obo/TRANS_0000008).
[2026-06-26 09:45:35.183] Finished repairing the ontology.
Repairing with A2 (not-in-largest-mcs-removal)...
[2026-06-26 09:45:35.183] Checking precondition...
[2026-06-26 09:45:35.193] Starting the repair...
[2026-06-26 09:45:36.356] Found 1 possible bad axioms.
[2026-06-26 09:45:36.357] Selected the bad axiom SubClassOf(owl:Thing http://purl.obolibrary.org/obo/TRANS_0000008).
[2026-06-26 09:45:36.357] Finished repairing the ontology.
Repairing with A3 (default-weakening)...
[2026-06-26 09:45:36.358] Checking precondition...
[2026-06-26 09:45:36.361] Starting the repair...
[2026-06-26 09:45:36.371] Selected a reference ontology with 158 axioms.
[2026-06-26 09:45:36.527] Selected the bad axiom SubClassOf(owl:Thing http://purl.obolibrary.org/obo/TRANS_0000008).
[2026-06-26 09:45:36.544] Selected the weaker axiom SubClassOf(owl:Thing http://purl.obolibrary.org/obo/TRANS_0000028).
[2026-06-26 09:45:36.726] Selected the bad axiom SubClassOf(owl:Thing http://purl.obolibrary.org/obo/TRANS_0000028).
[2026-06-26 09:45:36.727] Selected the weaker axiom SubClassOf(http://purl.obolibrary.org/obo/TRANS_0000002 http://purl.obolibrary.org/obo/TRANS_0000028).
[2026-06-26 09:45:36.727] Finished repairing the ontology.
Repairing with B1 (bad-in_some_mus-weaker-random)...
...[truncated]
SUCCESS: attempt=87 seed=1221268 success_count=71/100
progress: ontology=PTRANS attempt=87 success=71/100
----- PTRANS attempt=88 seed=1235468 at 2026-06-26 09:45:46 -----
--- stdout ---
{"seed":1235468,"run_id":"20260624134028346645","trial_status":"success","error_type":null,"failure_stage":null,"error_message":null,"iic_values":{"B1_vs_A1":0.9978213507625272,"B1_vs_A2":0.5,"B1_vs_A3":0.5,"B2_vs_A1":0.9978213507625272,"B2_vs_A2":0.5,"B2_vs_A3":0.5,"B3_vs_A1":0.9978213507625272,"B3_vs_A2":0.5,"B3_vs_A3":0.5,"B4_vs_A1":0.9978213507625272,"B4_vs_A2":0.5,"B4_vs_A3":0.5,"B5_vs_A1":0.9978213507625272,"B5_vs_A2":0.5,"B5_vs_A3":0.5,"B6_vs_A1":0.9978213507625272,"B6_vs_A2":0.5,"B6_vs_A3":0.5,"B7_vs_A1":0.9978213507625272,"B7_vs_A2":0.5,"B7_vs_A3":0.5,"B8_vs_A1":0.9978213507625272,"B8_vs_A2":0.5,"B8_vs_A3":0.5,"B9_vs_A1":0.9978213507625272,"B9_vs_A2":0.5,"B9_vs_A3":0.5},"repair_runtimes_ms":{"A1":172,"A2":1080,"A3":216,"B1":147,"B2":2376,"B3":1275,"B4":48,"B5":1816,"B6":1091,"B7":68,"B8":1546,"B9":289}}

--- stderr ---
SingleTrialExperiment starting: ontology=/workspaces/ontologyutils-ekaw26/repair-power-index-replication-ekaw26/ontologies/inconsistent/PTRANS.owl, seed=1235468, run_id=20260624134028346645
Loaded ontology.
Normalizing ontology with SROIQ normalization...
Normalized ontology with SROIQ normalization.
Ontology is already inconsistent, skipping make-inconsistent step.
Repairing with A1 (random-removal)...
[2026-06-26 09:45:46.682] Checking precondition...
[2026-06-26 09:45:46.696] Starting the repair...
[2026-06-26 09:45:46.702] Found 127 possible bad axioms.
[2026-06-26 09:45:46.704] Selected the bad axiom SubClassOf(http://purl.obolibrary.org/obo/TRANS_0000034 http://purl.obolibrary.org/obo/TRANS_0000029).
[2026-06-26 09:45:46.709] Found 126 possible bad axioms.
[2026-06-26 09:45:46.709] Selected the bad axiom SubClassOf(http://purl.obolibrary.org/obo/TRANS_0000031 http://purl.obolibrary.org/obo/TRANS_0000026).
[2026-06-26 09:45:46.713] Found 125 possible bad axioms.
[2026-06-26 09:45:46.713] Selected the bad axiom SubClassOf(http://purl.obolibrary.org/obo/TRANS_0000024 http://purl.obolibrary.org/obo/TRANS_0000027).
[2026-06-26 09:45:46.716] Found 124 possible bad axioms.
[2026-06-26 09:45:46.716] Selected the bad axiom SubClassOf(http://purl.obolibrary.org/obo/TRANS_0000034 http://purl.obolibrary.org/obo/TRANS_0000009).
[2026-06-26 09:45:46.719] Found 123 possible bad axioms.
[2026-06-26 09:45:46.719] Selected the bad axiom SubClassOf(http://purl.obolibrary.org/obo/TRANS_0000034 http://purl.obolibrary.org/obo/TRANS_0000010).
[2026-06-26 09:45:46.722] Found 122 possible bad axioms.
[2026-06-26 09:45:46.722] Selected the bad axiom SubClassOf(http://purl.obolibrary.org/obo/TRANS_0000034 http://purl.obolibrary.org/obo/TRANS_0000031).
[2026-06-26 09:45:46.724] Found 121 possible bad axioms.
[2026-06-26 09:45:46.724] Selected the bad axiom SubClassOf(http://purl.obolibrary.org/obo/TRANS_0000019 http://purl.obolibrary.org/obo/TRANS_0000015).
[2026-06-26 09:45:46.727] Found 120 possible bad axioms.
[2026-06-26 09:45:46.727] Selected the bad axiom SubClassOf(http://purl.obolibrary.org/obo/TRANS_0000015 http://purl.obolibrary.org/obo/TRANS_0000011).
[2026-06-26 09:45:46.734] Found 119 possible bad axioms.
[2026-06-26 09:45:46.735] Selected the bad axiom SubClassOf(http://purl.obolibrary.org/obo/TRANS_0000021 http://purl.obolibrary.org/obo/TRANS_0000020).
[2026-06-26 09:45:46.738] Found 118 possible bad axioms.
[2026-06-26 09:45:46.738] Selected the bad axiom SubClassOf(http://purl.obolibrary.org/obo/TRANS_0000005 http://purl.obolibrary.org/obo/TRANS_0000019).
[2026-06-26 09:45:46.740] Found 117 possible bad axioms.
[2026-06-26 09:45:46.740] Selected the bad axiom SubClassOf(http://purl.obolibrary.org/obo/TRANS_0000028 http://purl.obolibrary.org/obo/TRANS_0000013).
[2026-06-26 09:45:46.748] Found 116 possible bad axioms.
[2026-06-26 09:45:46.748] Selected the bad axiom SubClassOf(http://purl.obolibrary.org/obo/TRANS_0000002 http://purl.obolibrary.org/obo/T
...[truncated]
SUCCESS: attempt=88 seed=1235468 success_count=72/100
progress: ontology=PTRANS attempt=88 success=72/100
----- PTRANS attempt=89 seed=1249668 at 2026-06-26 09:45:56 -----
--- stdout ---
{"seed":1249668,"run_id":"20260624134028346645","trial_status":"success","error_type":null,"failure_stage":null,"error_message":null,"iic_values":{"B1_vs_A1":0.5,"B1_vs_A2":0.5,"B1_vs_A3":0.5,"B2_vs_A1":0.5,"B2_vs_A2":0.5,"B2_vs_A3":0.5,"B3_vs_A1":0.5,"B3_vs_A2":0.5,"B3_vs_A3":0.5,"B4_vs_A1":0.5,"B4_vs_A2":0.5,"B4_vs_A3":0.5,"B5_vs_A1":0.5,"B5_vs_A2":0.5,"B5_vs_A3":0.5,"B6_vs_A1":0.5,"B6_vs_A2":0.5,"B6_vs_A3":0.5,"B7_vs_A1":0.5,"B7_vs_A2":0.5,"B7_vs_A3":0.5,"B8_vs_A1":0.5,"B8_vs_A2":0.5,"B8_vs_A3":0.5,"B9_vs_A1":0.5,"B9_vs_A2":0.5,"B9_vs_A3":0.5},"repair_runtimes_ms":{"A1":48,"A2":1156,"A3":423,"B1":190,"B2":2265,"B3":1180,"B4":40,"B5":981,"B6":1187,"B7":110,"B8":1790,"B9":245}}

--- stderr ---
SingleTrialExperiment starting: ontology=/workspaces/ontologyutils-ekaw26/repair-power-index-replication-ekaw26/ontologies/inconsistent/PTRANS.owl, seed=1249668, run_id=20260624134028346645
Loaded ontology.
Normalizing ontology with SROIQ normalization...
Normalized ontology with SROIQ normalization.
Ontology is already inconsistent, skipping make-inconsistent step.
Repairing with A1 (random-removal)...
[2026-06-26 09:45:57.301] Checking precondition...
[2026-06-26 09:45:57.315] Starting the repair...
[2026-06-26 09:45:57.322] Found 127 possible bad axioms.
[2026-06-26 09:45:57.323] Selected the bad axiom SubClassOf(http://purl.obolibrary.org/obo/TRANS_0000028 http://purl.obolibrary.org/obo/TRANS_0000013).
[2026-06-26 09:45:57.328] Found 126 possible bad axioms.
[2026-06-26 09:45:57.328] Selected the bad axiom SubClassOf(http://purl.obolibrary.org/obo/TRANS_0000031 http://purl.obolibrary.org/obo/TRANS_0000025).
[2026-06-26 09:45:57.331] Found 125 possible bad axioms.
[2026-06-26 09:45:57.331] Selected the bad axiom SubClassOf(http://purl.obolibrary.org/obo/TRANS_0000034 http://purl.obolibrary.org/obo/TRANS_0000026).
[2026-06-26 09:45:57.335] Found 124 possible bad axioms.
[2026-06-26 09:45:57.335] Selected the bad axiom SubClassOf(http://purl.obolibrary.org/obo/TRANS_0000026 http://purl.obolibrary.org/obo/TRANS_0000011).
[2026-06-26 09:45:57.338] Found 123 possible bad axioms.
[2026-06-26 09:45:57.338] Selected the bad axiom SubClassOf(http://purl.obolibrary.org/obo/TRANS_0000015 http://purl.obolibrary.org/obo/TRANS_0000026).
[2026-06-26 09:45:57.340] Found 122 possible bad axioms.
[2026-06-26 09:45:57.341] Selected the bad axiom SubClassOf(http://purl.obolibrary.org/obo/TRANS_0000006 http://purl.obolibrary.org/obo/TRANS_0000001).
[2026-06-26 09:45:57.343] Found 121 possible bad axioms.
[2026-06-26 09:45:57.343] Selected the bad axiom SubClassOf(owl:Thing http://purl.obolibrary.org/obo/TRANS_0000008).
[2026-06-26 09:45:57.345] Finished repairing the ontology.
Repairing with A2 (not-in-largest-mcs-removal)...
[2026-06-26 09:45:57.346] Checking precondition...
[2026-06-26 09:45:57.355] Starting the repair...
[2026-06-26 09:45:58.501] Found 1 possible bad axioms.
[2026-06-26 09:45:58.501] Selected the bad axiom SubClassOf(owl:Thing http://purl.obolibrary.org/obo/TRANS_0000008).
[2026-06-26 09:45:58.501] Finished repairing the ontology.
Repairing with A3 (default-weakening)...
[2026-06-26 09:45:58.503] Checking precondition...
[2026-06-26 09:45:58.506] Starting the repair...
[2026-06-26 09:45:58.516] Selected a reference ontology with 158 axioms.
[2026-06-26 09:45:58.703] Selected the bad axiom SubClassOf(owl:Thing http://purl.obolibrary.org/obo/TRANS_0000008).
[2026-06-26 09:45:58.720] Selected the weaker axiom SubClassOf(owl:Thing http://purl.obolibrary.org/obo/TRANS_0000023).
[2026-06-26 09:45:58.924] Selected the bad axiom SubClassOf(owl:Thing http://purl.obolibrary.org/obo/TRANS_0000023).
[2026-06-26 09:45:58.924] Selected the weaker axiom SubCl
...[truncated]
SUCCESS: attempt=89 seed=1249668 success_count=73/100
progress: ontology=PTRANS attempt=89 success=73/100
----- PTRANS attempt=90 seed=1263868 at 2026-06-26 09:46:07 -----
--- stdout ---
{"seed":1263868,"run_id":"20260624134028346645","trial_status":"success","error_type":null,"failure_stage":null,"error_message":null,"iic_values":{"B1_vs_A1":0.9935205183585313,"B1_vs_A2":0.5,"B1_vs_A3":0.5,"B2_vs_A1":0.9935205183585313,"B2_vs_A2":0.5,"B2_vs_A3":0.5,"B3_vs_A1":0.9935205183585313,"B3_vs_A2":0.5,"B3_vs_A3":0.5,"B4_vs_A1":0.9935205183585313,"B4_vs_A2":0.5,"B4_vs_A3":0.5,"B5_vs_A1":0.9935205183585313,"B5_vs_A2":0.5,"B5_vs_A3":0.5,"B6_vs_A1":0.9935205183585313,"B6_vs_A2":0.5,"B6_vs_A3":0.5,"B7_vs_A1":0.9935205183585313,"B7_vs_A2":0.5,"B7_vs_A3":0.5,"B8_vs_A1":0.9935205183585313,"B8_vs_A2":0.5,"B8_vs_A3":0.5,"B9_vs_A1":0.9935205183585313,"B9_vs_A2":0.5,"B9_vs_A3":0.5},"repair_runtimes_ms":{"A1":184,"A2":1068,"A3":199,"B1":174,"B2":2268,"B3":749,"B4":49,"B5":1750,"B6":1167,"B7":70,"B8":1692,"B9":1116}}

--- stderr ---
SingleTrialExperiment starting: ontology=/workspaces/ontologyutils-ekaw26/repair-power-index-replication-ekaw26/ontologies/inconsistent/PTRANS.owl, seed=1263868, run_id=20260624134028346645
Loaded ontology.
Normalizing ontology with SROIQ normalization...
Normalized ontology with SROIQ normalization.
Ontology is already inconsistent, skipping make-inconsistent step.
Repairing with A1 (random-removal)...
[2026-06-26 09:46:07.411] Checking precondition...
[2026-06-26 09:46:07.425] Starting the repair...
[2026-06-26 09:46:07.432] Found 127 possible bad axioms.
[2026-06-26 09:46:07.433] Selected the bad axiom SubClassOf(http://purl.obolibrary.org/obo/TRANS_0000012 http://purl.obolibrary.org/obo/TRANS_0000010).
[2026-06-26 09:46:07.438] Found 126 possible bad axioms.
[2026-06-26 09:46:07.438] Selected the bad axiom SubClassOf(http://purl.obolibrary.org/obo/TRANS_0000029 http://purl.obolibrary.org/obo/TRANS_0000027).
[2026-06-26 09:46:07.441] Found 125 possible bad axioms.
[2026-06-26 09:46:07.442] Selected the bad axiom SubClassOf(http://purl.obolibrary.org/obo/TRANS_0000028 http://purl.obolibrary.org/obo/TRANS_0000015).
[2026-06-26 09:46:07.445] Found 124 possible bad axioms.
[2026-06-26 09:46:07.446] Selected the bad axiom SubClassOf(http://purl.obolibrary.org/obo/TRANS_0000015 http://purl.obolibrary.org/obo/TRANS_0000029).
[2026-06-26 09:46:07.448] Found 123 possible bad axioms.
[2026-06-26 09:46:07.448] Selected the bad axiom SubClassOf(http://purl.obolibrary.org/obo/TRANS_0000034 http://purl.obolibrary.org/obo/TRANS_0000013).
[2026-06-26 09:46:07.451] Found 122 possible bad axioms.
[2026-06-26 09:46:07.451] Selected the bad axiom SubClassOf(http://purl.obolibrary.org/obo/TRANS_0000015 http://purl.obolibrary.org/obo/TRANS_0000012).
[2026-06-26 09:46:07.454] Found 121 possible bad axioms.
[2026-06-26 09:46:07.454] Selected the bad axiom SubClassOf(http://purl.obolibrary.org/obo/TRANS_0000003 http://purl.obolibrary.org/obo/TRANS_0000005).
[2026-06-26 09:46:07.456] Found 120 possible bad axioms.
[2026-06-26 09:46:07.457] Selected the bad axiom SubClassOf(http://purl.obolibrary.org/obo/TRANS_0000023 http://purl.obolibrary.org/obo/TRANS_0000020).
[2026-06-26 09:46:07.462] Found 119 possible bad axioms.
[2026-06-26 09:46:07.462] Selected the bad axiom SubClassOf(http://purl.obolibrary.org/obo/TRANS_0000027 owl:Nothing).
[2026-06-26 09:46:07.465] Found 118 possible bad axioms.
[2026-06-26 09:46:07.465] Selected the bad axiom SubClassOf(http://purl.obolibrary.org/obo/TRANS_0000019 http://purl.obolibrary.org/obo/TRANS_0000029).
[2026-06-26 09:46:07.467] Found 117 possible bad axioms.
[2026-06-26 09:46:07.468] Selected the bad axiom SubClassOf(http://purl.obolibrary.org/obo/TRANS_0000015 http://purl.obolibrary.org/obo/TRANS_0000013).
[2026-06-26 09:46:07.476] Found 116 possible bad axioms.
[2026-06-26 09:46:07.476] Selected the bad axiom SubClassOf(http://purl.obolibrary.org/obo/TRANS_0000027 http://purl.obolibrary.org/obo/TRANS_0000023).
[2026-06-26 09:46:
...[truncated]
SUCCESS: attempt=90 seed=1263868 success_count=74/100
progress: ontology=PTRANS attempt=90 success=74/100
----- PTRANS attempt=91 seed=1278068 at 2026-06-26 09:46:18 -----
--- stdout ---
{"seed":1278068,"run_id":"20260624134028346645","trial_status":"success","error_type":null,"failure_stage":null,"error_message":null,"iic_values":{"B1_vs_A1":1.0,"B1_vs_A2":0.5,"B1_vs_A3":0.5,"B2_vs_A1":1.0,"B2_vs_A2":0.5,"B2_vs_A3":0.5,"B3_vs_A1":1.0,"B3_vs_A2":0.5,"B3_vs_A3":0.5,"B4_vs_A1":1.0,"B4_vs_A2":0.5,"B4_vs_A3":0.5,"B5_vs_A1":1.0,"B5_vs_A2":0.5,"B5_vs_A3":0.5,"B6_vs_A1":1.0,"B6_vs_A2":0.5,"B6_vs_A3":0.5,"B7_vs_A1":1.0,"B7_vs_A2":0.5,"B7_vs_A3":0.5,"B8_vs_A1":1.0,"B8_vs_A2":0.5,"B8_vs_A3":0.5,"B9_vs_A1":1.0,"B9_vs_A2":0.5,"B9_vs_A3":0.5},"repair_runtimes_ms":{"A1":154,"A2":1141,"A3":559,"B1":181,"B2":2280,"B3":455,"B4":58,"B5":1475,"B6":202,"B7":124,"B8":1425,"B9":1084}}

--- stderr ---
SingleTrialExperiment starting: ontology=/workspaces/ontologyutils-ekaw26/repair-power-index-replication-ekaw26/ontologies/inconsistent/PTRANS.owl, seed=1278068, run_id=20260624134028346645
Loaded ontology.
Normalizing ontology with SROIQ normalization...
Normalized ontology with SROIQ normalization.
Ontology is already inconsistent, skipping make-inconsistent step.
Repairing with A1 (random-removal)...
[2026-06-26 09:46:18.388] Checking precondition...
[2026-06-26 09:46:18.403] Starting the repair...
[2026-06-26 09:46:18.409] Found 127 possible bad axioms.
[2026-06-26 09:46:18.411] Selected the bad axiom SubClassOf(http://purl.obolibrary.org/obo/TRANS_0000002 http://purl.obolibrary.org/obo/TRANS_0000007).
[2026-06-26 09:46:18.415] Found 126 possible bad axioms.
[2026-06-26 09:46:18.415] Selected the bad axiom SubClassOf(http://purl.obolibrary.org/obo/TRANS_0000028 http://purl.obolibrary.org/obo/TRANS_0000012).
[2026-06-26 09:46:18.418] Found 125 possible bad axioms.
[2026-06-26 09:46:18.419] Selected the bad axiom SubClassOf(http://purl.obolibrary.org/obo/TRANS_0000033 http://purl.obolibrary.org/obo/TRANS_0000015).
[2026-06-26 09:46:18.422] Found 124 possible bad axioms.
[2026-06-26 09:46:18.422] Selected the bad axiom SubClassOf(http://purl.obolibrary.org/obo/TRANS_0000015 http://purl.obolibrary.org/obo/TRANS_0000026).
[2026-06-26 09:46:18.425] Found 123 possible bad axioms.
[2026-06-26 09:46:18.425] Selected the bad axiom SubClassOf(http://purl.obolibrary.org/obo/TRANS_0000028 http://purl.obolibrary.org/obo/TRANS_0000011).
[2026-06-26 09:46:18.428] Found 122 possible bad axioms.
[2026-06-26 09:46:18.428] Selected the bad axiom SubClassOf(http://purl.obolibrary.org/obo/TRANS_0000022 http://purl.obolibrary.org/obo/TRANS_0000021).
[2026-06-26 09:46:18.430] Found 121 possible bad axioms.
[2026-06-26 09:46:18.430] Selected the bad axiom SubClassOf(http://purl.obolibrary.org/obo/TRANS_0000001 http://purl.obolibrary.org/obo/TRANS_0000000).
[2026-06-26 09:46:18.433] Found 120 possible bad axioms.
[2026-06-26 09:46:18.433] Selected the bad axiom SubClassOf(http://purl.obolibrary.org/obo/TRANS_0000024 http://purl.obolibrary.org/obo/TRANS_0000027).
[2026-06-26 09:46:18.435] Found 119 possible bad axioms.
[2026-06-26 09:46:18.435] Selected the bad axiom SubClassOf(http://purl.obolibrary.org/obo/TRANS_0000015 http://purl.obolibrary.org/obo/TRANS_0000029).
[2026-06-26 09:46:18.442] Found 118 possible bad axioms.
[2026-06-26 09:46:18.443] Selected the bad axiom SubClassOf(http://purl.obolibrary.org/obo/TRANS_0000027 http://purl.obolibrary.org/obo/TRANS_0000020).
[2026-06-26 09:46:18.446] Found 117 possible bad axioms.
[2026-06-26 09:46:18.446] Selected the bad axiom SubClassOf(http://purl.obolibrary.org/obo/TRANS_0000015 http://purl.obolibrary.org/obo/TRANS_0000013).
[2026-06-26 09:46:18.453] Found 116 possible bad axioms.
[2026-06-26 09:46:18.454] Selected the bad axiom SubClassOf(http://purl.obolibrary.org/obo/TRANS_0000027 http://purl.obolibrary.org/obo/T
...[truncated]
SUCCESS: attempt=91 seed=1278068 success_count=75/100
progress: ontology=PTRANS attempt=91 success=75/100
----- PTRANS attempt=92 seed=1292268 at 2026-06-26 09:46:27 -----
--- stdout ---
{"seed":1292268,"run_id":"20260624134028346645","trial_status":"success","error_type":null,"failure_stage":null,"error_message":null,"iic_values":{"B1_vs_A1":0.9979716024340771,"B1_vs_A2":0.5,"B1_vs_A3":0.5,"B2_vs_A1":0.9979716024340771,"B2_vs_A2":0.5,"B2_vs_A3":0.5,"B3_vs_A1":0.9979716024340771,"B3_vs_A2":0.5,"B3_vs_A3":0.5,"B4_vs_A1":0.9979716024340771,"B4_vs_A2":0.5,"B4_vs_A3":0.5,"B5_vs_A1":0.9979716024340771,"B5_vs_A2":0.5,"B5_vs_A3":0.5,"B6_vs_A1":0.9979716024340771,"B6_vs_A2":0.5,"B6_vs_A3":0.5,"B7_vs_A1":0.9979716024340771,"B7_vs_A2":0.5,"B7_vs_A3":0.5,"B8_vs_A1":0.9979716024340771,"B8_vs_A2":0.5,"B8_vs_A3":0.5,"B9_vs_A1":0.9979716024340771,"B9_vs_A2":0.5,"B9_vs_A3":0.5},"repair_runtimes_ms":{"A1":205,"A2":1102,"A3":204,"B1":165,"B2":2365,"B3":405,"B4":43,"B5":1701,"B6":1096,"B7":63,"B8":1888,"B9":1139}}

--- stderr ---
SingleTrialExperiment starting: ontology=/workspaces/ontologyutils-ekaw26/repair-power-index-replication-ekaw26/ontologies/inconsistent/PTRANS.owl, seed=1292268, run_id=20260624134028346645
Loaded ontology.
Normalizing ontology with SROIQ normalization...
Normalized ontology with SROIQ normalization.
Ontology is already inconsistent, skipping make-inconsistent step.
Repairing with A1 (random-removal)...
[2026-06-26 09:46:28.038] Checking precondition...
[2026-06-26 09:46:28.051] Starting the repair...
[2026-06-26 09:46:28.058] Found 127 possible bad axioms.
[2026-06-26 09:46:28.060] Selected the bad axiom SubClassOf(http://purl.obolibrary.org/obo/TRANS_0000005 http://purl.obolibrary.org/obo/TRANS_0000022).
[2026-06-26 09:46:28.064] Found 126 possible bad axioms.
[2026-06-26 09:46:28.065] Selected the bad axiom SubClassOf(http://purl.obolibrary.org/obo/TRANS_0000028 http://purl.obolibrary.org/obo/TRANS_0000029).
[2026-06-26 09:46:28.068] Found 125 possible bad axioms.
[2026-06-26 09:46:28.068] Selected the bad axiom SubClassOf(http://purl.obolibrary.org/obo/TRANS_0000008 http://purl.obolibrary.org/obo/TRANS_0000007).
[2026-06-26 09:46:28.072] Found 124 possible bad axioms.
[2026-06-26 09:46:28.072] Selected the bad axiom SubClassOf(http://purl.obolibrary.org/obo/TRANS_0000019 http://purl.obolibrary.org/obo/TRANS_0000023).
[2026-06-26 09:46:28.075] Found 123 possible bad axioms.
[2026-06-26 09:46:28.075] Selected the bad axiom SubClassOf(http://purl.obolibrary.org/obo/TRANS_0000005 http://purl.obolibrary.org/obo/TRANS_0000012).
[2026-06-26 09:46:28.078] Found 122 possible bad axioms.
[2026-06-26 09:46:28.078] Selected the bad axiom SubClassOf(http://purl.obolibrary.org/obo/TRANS_0000031 http://purl.obolibrary.org/obo/TRANS_0000015).
[2026-06-26 09:46:28.081] Found 121 possible bad axioms.
[2026-06-26 09:46:28.081] Selected the bad axiom SubClassOf(http://purl.obolibrary.org/obo/TRANS_0000019 http://purl.obolibrary.org/obo/TRANS_0000029).
[2026-06-26 09:46:28.083] Found 120 possible bad axioms.
[2026-06-26 09:46:28.084] Selected the bad axiom SubClassOf(http://purl.obolibrary.org/obo/TRANS_0000020 http://purl.obolibrary.org/obo/TRANS_0000024).
[2026-06-26 09:46:28.090] Found 119 possible bad axioms.
[2026-06-26 09:46:28.090] Selected the bad axiom SubClassOf(http://purl.obolibrary.org/obo/TRANS_0000034 http://purl.obolibrary.org/obo/TRANS_0000012).
[2026-06-26 09:46:28.092] Found 118 possible bad axioms.
[2026-06-26 09:46:28.092] Selected the bad axiom SubClassOf(http://purl.obolibrary.org/obo/TRANS_0000025 http://purl.obolibrary.org/obo/TRANS_0000012).
[2026-06-26 09:46:28.095] Found 117 possible bad axioms.
[2026-06-26 09:46:28.095] Selected the bad axiom SubClassOf(http://purl.obolibrary.org/obo/TRANS_0000007 http://purl.obolibrary.org/obo/TRANS_0000008).
[2026-06-26 09:46:28.102] Found 116 possible bad axioms.
[2026-06-26 09:46:28.103] Selected the bad axiom SubClassOf(http://purl.obolibrary.org/obo/TRANS_0000028 http://purl.obolibrary.org/obo/T
...[truncated]
SUCCESS: attempt=92 seed=1292268 success_count=76/100
progress: ontology=PTRANS attempt=92 success=76/100
----- PTRANS attempt=93 seed=1306468 at 2026-06-26 09:46:38 -----
--- stdout ---
{"seed":1306468,"run_id":"20260624134028346645","trial_status":"success","error_type":null,"failure_stage":null,"error_message":null,"iic_values":{"B1_vs_A1":0.9926253687315634,"B1_vs_A2":0.5,"B1_vs_A3":0.5,"B2_vs_A1":0.9926253687315634,"B2_vs_A2":0.5,"B2_vs_A3":0.5,"B3_vs_A1":0.9926253687315634,"B3_vs_A2":0.5,"B3_vs_A3":0.5,"B4_vs_A1":0.9926253687315634,"B4_vs_A2":0.5,"B4_vs_A3":0.5,"B5_vs_A1":0.9926253687315634,"B5_vs_A2":0.5,"B5_vs_A3":0.5,"B6_vs_A1":0.9926253687315634,"B6_vs_A2":0.5,"B6_vs_A3":0.5,"B7_vs_A1":0.9926253687315634,"B7_vs_A2":0.5,"B7_vs_A3":0.5,"B8_vs_A1":0.9926253687315634,"B8_vs_A2":0.5,"B8_vs_A3":0.5,"B9_vs_A1":0.9926253687315634,"B9_vs_A2":0.5,"B9_vs_A3":0.5},"repair_runtimes_ms":{"A1":201,"A2":1094,"A3":204,"B1":773,"B2":2265,"B3":1198,"B4":127,"B5":930,"B6":1069,"B7":69,"B8":1678,"B9":336}}

--- stderr ---
SingleTrialExperiment starting: ontology=/workspaces/ontologyutils-ekaw26/repair-power-index-replication-ekaw26/ontologies/inconsistent/PTRANS.owl, seed=1306468, run_id=20260624134028346645
Loaded ontology.
Normalizing ontology with SROIQ normalization...
Normalized ontology with SROIQ normalization.
Ontology is already inconsistent, skipping make-inconsistent step.
Repairing with A1 (random-removal)...
[2026-06-26 09:46:38.918] Checking precondition...
[2026-06-26 09:46:38.932] Starting the repair...
[2026-06-26 09:46:38.939] Found 127 possible bad axioms.
[2026-06-26 09:46:38.941] Selected the bad axiom SubClassOf(http://purl.obolibrary.org/obo/TRANS_0000023 http://purl.obolibrary.org/obo/TRANS_0000021).
[2026-06-26 09:46:38.945] Found 126 possible bad axioms.
[2026-06-26 09:46:38.945] Selected the bad axiom SubClassOf(http://purl.obolibrary.org/obo/TRANS_0000013 http://purl.obolibrary.org/obo/TRANS_0000027).
[2026-06-26 09:46:38.948] Found 125 possible bad axioms.
[2026-06-26 09:46:38.948] Selected the bad axiom SubClassOf(http://purl.obolibrary.org/obo/TRANS_0000028 http://purl.obolibrary.org/obo/TRANS_0000010).
[2026-06-26 09:46:38.952] Found 124 possible bad axioms.
[2026-06-26 09:46:38.953] Selected the bad axiom SubClassOf(http://purl.obolibrary.org/obo/TRANS_0000029 http://purl.obolibrary.org/obo/TRANS_0000015).
[2026-06-26 09:46:38.955] Found 123 possible bad axioms.
[2026-06-26 09:46:38.955] Selected the bad axiom SubClassOf(http://purl.obolibrary.org/obo/TRANS_0000025 http://purl.obolibrary.org/obo/TRANS_0000014).
[2026-06-26 09:46:38.958] Found 122 possible bad axioms.
[2026-06-26 09:46:38.958] Selected the bad axiom SubClassOf(http://purl.obolibrary.org/obo/TRANS_0000029 http://purl.obolibrary.org/obo/TRANS_0000027).
[2026-06-26 09:46:38.961] Found 121 possible bad axioms.
[2026-06-26 09:46:38.961] Selected the bad axiom SubClassOf(http://purl.obolibrary.org/obo/TRANS_0000027 http://purl.obolibrary.org/obo/TRANS_0000022).
[2026-06-26 09:46:38.964] Found 120 possible bad axioms.
[2026-06-26 09:46:38.964] Selected the bad axiom SubClassOf(http://purl.obolibrary.org/obo/TRANS_0000034 http://purl.obolibrary.org/obo/TRANS_0000029).
[2026-06-26 09:46:38.966] Found 119 possible bad axioms.
[2026-06-26 09:46:38.966] Selected the bad axiom SubClassOf(http://purl.obolibrary.org/obo/TRANS_0000025 http://purl.obolibrary.org/obo/TRANS_0000024).
[2026-06-26 09:46:38.972] Found 118 possible bad axioms.
[2026-06-26 09:46:38.973] Selected the bad axiom SubClassOf(http://purl.obolibrary.org/obo/TRANS_0000009 http://purl.obolibrary.org/obo/TRANS_0000027).
[2026-06-26 09:46:38.975] Found 117 possible bad axioms.
[2026-06-26 09:46:38.975] Selected the bad axiom SubClassOf(http://purl.obolibrary.org/obo/TRANS_0000007 http://purl.obolibrary.org/obo/TRANS_0000001).
[2026-06-26 09:46:38.982] Found 116 possible bad axioms.
[2026-06-26 09:46:38.982] Selected the bad axiom SubClassOf(http://purl.obolibrary.org/obo/TRANS_0000015 http://purl.obolibrary.org/obo/T
...[truncated]
SUCCESS: attempt=93 seed=1306468 success_count=77/100
progress: ontology=PTRANS attempt=93 success=77/100
----- PTRANS attempt=94 seed=1320668 at 2026-06-26 09:46:49 -----
--- stdout ---
{"seed":1320668,"run_id":"20260624134028346645","trial_status":"success","error_type":null,"failure_stage":null,"error_message":null,"iic_values":{"B1_vs_A1":0.9987714987714987,"B1_vs_A2":0.5,"B1_vs_A3":0.5,"B2_vs_A1":0.9987714987714987,"B2_vs_A2":0.5,"B2_vs_A3":0.5,"B3_vs_A1":0.9987714987714987,"B3_vs_A2":0.5,"B3_vs_A3":0.5,"B4_vs_A1":0.9987714987714987,"B4_vs_A2":0.5,"B4_vs_A3":0.5,"B5_vs_A1":0.9987714987714987,"B5_vs_A2":0.5,"B5_vs_A3":0.5,"B6_vs_A1":0.9987714987714987,"B6_vs_A2":0.5,"B6_vs_A3":0.5,"B7_vs_A1":0.9987714987714987,"B7_vs_A2":0.5,"B7_vs_A3":0.5,"B8_vs_A1":0.9987714987714987,"B8_vs_A2":0.5,"B8_vs_A3":0.5,"B9_vs_A1":0.9987714987714987,"B9_vs_A2":0.5,"B9_vs_A3":0.5},"repair_runtimes_ms":{"A1":226,"A2":1047,"A3":207,"B1":325,"B2":1054,"B3":1316,"B4":36,"B5":1365,"B6":1143,"B7":82,"B8":1797,"B9":246}}

--- stderr ---
SingleTrialExperiment starting: ontology=/workspaces/ontologyutils-ekaw26/repair-power-index-replication-ekaw26/ontologies/inconsistent/PTRANS.owl, seed=1320668, run_id=20260624134028346645
Loaded ontology.
Normalizing ontology with SROIQ normalization...
Normalized ontology with SROIQ normalization.
Ontology is already inconsistent, skipping make-inconsistent step.
Repairing with A1 (random-removal)...
[2026-06-26 09:46:50.229] Checking precondition...
[2026-06-26 09:46:50.242] Starting the repair...
[2026-06-26 09:46:50.249] Found 127 possible bad axioms.
[2026-06-26 09:46:50.250] Selected the bad axiom SubClassOf(http://purl.obolibrary.org/obo/TRANS_0000034 http://purl.obolibrary.org/obo/TRANS_0000012).
[2026-06-26 09:46:50.255] Found 126 possible bad axioms.
[2026-06-26 09:46:50.255] Selected the bad axiom SubClassOf(http://purl.obolibrary.org/obo/TRANS_0000015 http://purl.obolibrary.org/obo/TRANS_0000025).
[2026-06-26 09:46:50.258] Found 125 possible bad axioms.
[2026-06-26 09:46:50.258] Selected the bad axiom SubClassOf(http://purl.obolibrary.org/obo/TRANS_0000000 http://purl.obolibrary.org/obo/TRANS_0000001).
[2026-06-26 09:46:50.262] Found 124 possible bad axioms.
[2026-06-26 09:46:50.262] Selected the bad axiom SubClassOf(http://purl.obolibrary.org/obo/TRANS_0000028 http://purl.obolibrary.org/obo/TRANS_0000012).
[2026-06-26 09:46:50.265] Found 123 possible bad axioms.
[2026-06-26 09:46:50.265] Selected the bad axiom SubClassOf(http://purl.obolibrary.org/obo/TRANS_0000021 http://purl.obolibrary.org/obo/TRANS_0000020).
[2026-06-26 09:46:50.267] Found 122 possible bad axioms.
[2026-06-26 09:46:50.268] Selected the bad axiom SubClassOf(http://purl.obolibrary.org/obo/TRANS_0000000 http://purl.obolibrary.org/obo/TRANS_0000008).
[2026-06-26 09:46:50.270] Found 121 possible bad axioms.
[2026-06-26 09:46:50.270] Selected the bad axiom SubClassOf(http://purl.obolibrary.org/obo/TRANS_0000005 http://purl.obolibrary.org/obo/TRANS_0000025).
[2026-06-26 09:46:50.274] Found 120 possible bad axioms.
[2026-06-26 09:46:50.274] Selected the bad axiom SubClassOf(http://purl.obolibrary.org/obo/TRANS_0000026 http://purl.obolibrary.org/obo/TRANS_0000010).
[2026-06-26 09:46:50.282] Found 119 possible bad axioms.
[2026-06-26 09:46:50.282] Selected the bad axiom SubClassOf(http://purl.obolibrary.org/obo/TRANS_0000026 http://purl.obolibrary.org/obo/TRANS_0000011).
[2026-06-26 09:46:50.285] Found 118 possible bad axioms.
[2026-06-26 09:46:50.286] Selected the bad axiom SubClassOf(http://purl.obolibrary.org/obo/TRANS_0000008 http://purl.obolibrary.org/obo/TRANS_0000007).
[2026-06-26 09:46:50.288] Found 117 possible bad axioms.
[2026-06-26 09:46:50.289] Selected the bad axiom SubClassOf(http://purl.obolibrary.org/obo/TRANS_0000001 http://purl.obolibrary.org/obo/TRANS_0000008).
[2026-06-26 09:46:50.296] Found 116 possible bad axioms.
[2026-06-26 09:46:50.296] Selected the bad axiom SubClassOf(http://purl.obolibrary.org/obo/TRANS_0000007 http://purl.obolibrary.org/obo/T
...[truncated]
SUCCESS: attempt=94 seed=1320668 success_count=78/100
progress: ontology=PTRANS attempt=94 success=78/100
----- PTRANS attempt=95 seed=1334868 at 2026-06-26 09:46:59 -----
--- stdout ---
{"seed":1334868,"run_id":"20260624134028346645","trial_status":"success","error_type":null,"failure_stage":null,"error_message":null,"iic_values":{"B1_vs_A1":0.5,"B1_vs_A2":0.5,"B1_vs_A3":0.5,"B2_vs_A1":0.5,"B2_vs_A2":0.5,"B2_vs_A3":0.5,"B3_vs_A1":0.5,"B3_vs_A2":0.5,"B3_vs_A3":0.5,"B4_vs_A1":0.5,"B4_vs_A2":0.5,"B4_vs_A3":0.5,"B5_vs_A1":0.5,"B5_vs_A2":0.5,"B5_vs_A3":0.5,"B6_vs_A1":0.5,"B6_vs_A2":0.5,"B6_vs_A3":0.5,"B7_vs_A1":0.5,"B7_vs_A2":0.5,"B7_vs_A3":0.5,"B8_vs_A1":0.5,"B8_vs_A2":0.5,"B8_vs_A3":0.5,"B9_vs_A1":0.5,"B9_vs_A2":0.5,"B9_vs_A3":0.5},"repair_runtimes_ms":{"A1":98,"A2":1150,"A3":422,"B1":188,"B2":2412,"B3":1233,"B4":61,"B5":1681,"B6":1193,"B7":85,"B8":1718,"B9":628}}

--- stderr ---
SingleTrialExperiment starting: ontology=/workspaces/ontologyutils-ekaw26/repair-power-index-replication-ekaw26/ontologies/inconsistent/PTRANS.owl, seed=1334868, run_id=20260624134028346645
Loaded ontology.
Normalizing ontology with SROIQ normalization...
Normalized ontology with SROIQ normalization.
Ontology is already inconsistent, skipping make-inconsistent step.
Repairing with A1 (random-removal)...
[2026-06-26 09:46:59.575] Checking precondition...
[2026-06-26 09:46:59.591] Starting the repair...
[2026-06-26 09:46:59.597] Found 127 possible bad axioms.
[2026-06-26 09:46:59.599] Selected the bad axiom SubClassOf(http://purl.obolibrary.org/obo/TRANS_0000034 http://purl.obolibrary.org/obo/TRANS_0000009).
[2026-06-26 09:46:59.603] Found 126 possible bad axioms.
[2026-06-26 09:46:59.603] Selected the bad axiom SubClassOf(http://purl.obolibrary.org/obo/TRANS_0000015 http://purl.obolibrary.org/obo/TRANS_0000025).
[2026-06-26 09:46:59.607] Found 125 possible bad axioms.
[2026-06-26 09:46:59.607] Selected the bad axiom SubClassOf(http://purl.obolibrary.org/obo/TRANS_0000034 http://purl.obolibrary.org/obo/TRANS_0000032).
[2026-06-26 09:46:59.610] Found 124 possible bad axioms.
[2026-06-26 09:46:59.610] Selected the bad axiom SubClassOf(http://purl.obolibrary.org/obo/TRANS_0000015 http://purl.obolibrary.org/obo/TRANS_0000009).
[2026-06-26 09:46:59.613] Found 123 possible bad axioms.
[2026-06-26 09:46:59.613] Selected the bad axiom SubClassOf(http://purl.obolibrary.org/obo/TRANS_0000033 http://purl.obolibrary.org/obo/TRANS_0000027).
[2026-06-26 09:46:59.616] Found 122 possible bad axioms.
[2026-06-26 09:46:59.616] Selected the bad axiom SubClassOf(http://purl.obolibrary.org/obo/TRANS_0000029 http://purl.obolibrary.org/obo/TRANS_0000015).
[2026-06-26 09:46:59.618] Found 121 possible bad axioms.
[2026-06-26 09:46:59.619] Selected the bad axiom SubClassOf(http://purl.obolibrary.org/obo/TRANS_0000002 http://purl.obolibrary.org/obo/TRANS_0000007).
[2026-06-26 09:46:59.621] Found 120 possible bad axioms.
[2026-06-26 09:46:59.622] Selected the bad axiom SubClassOf(http://purl.obolibrary.org/obo/TRANS_0000021 http://purl.obolibrary.org/obo/TRANS_0000020).
[2026-06-26 09:46:59.624] Found 119 possible bad axioms.
[2026-06-26 09:46:59.624] Selected the bad axiom SubClassOf(http://purl.obolibrary.org/obo/TRANS_0000000 http://purl.obolibrary.org/obo/TRANS_0000001).
[2026-06-26 09:46:59.630] Found 118 possible bad axioms.
[2026-06-26 09:46:59.630] Selected the bad axiom SubClassOf(http://purl.obolibrary.org/obo/TRANS_0000007 http://purl.obolibrary.org/obo/TRANS_0000008).
[2026-06-26 09:46:59.633] Found 117 possible bad axioms.
[2026-06-26 09:46:59.633] Selected the bad axiom SubClassOf(http://purl.obolibrary.org/obo/TRANS_0000030 http://purl.obolibrary.org/obo/TRANS_0000010).
[2026-06-26 09:46:59.641] Found 116 possible bad axioms.
[2026-06-26 09:46:59.641] Selected the bad axiom SubClassOf(http://purl.obolibrary.org/obo/TRANS_0000034 http://purl.obolibrary.org/obo/T
...[truncated]
SUCCESS: attempt=95 seed=1334868 success_count=79/100
progress: ontology=PTRANS attempt=95 success=79/100
----- PTRANS attempt=96 seed=1349068 at 2026-06-26 09:47:10 -----
--- stdout ---
{"seed":1349068,"run_id":"20260624134028346645","trial_status":"success","error_type":null,"failure_stage":null,"error_message":null,"iic_values":{"B1_vs_A1":0.9833333333333333,"B1_vs_A2":0.5,"B1_vs_A3":0.5,"B2_vs_A1":0.9833333333333333,"B2_vs_A2":0.5,"B2_vs_A3":0.5,"B3_vs_A1":0.9833333333333333,"B3_vs_A2":0.5,"B3_vs_A3":0.5,"B4_vs_A1":0.9833333333333333,"B4_vs_A2":0.5,"B4_vs_A3":0.5,"B5_vs_A1":0.9833333333333333,"B5_vs_A2":0.5,"B5_vs_A3":0.5,"B6_vs_A1":0.9833333333333333,"B6_vs_A2":0.5,"B6_vs_A3":0.5,"B7_vs_A1":0.9833333333333333,"B7_vs_A2":0.5,"B7_vs_A3":0.5,"B8_vs_A1":0.9833333333333333,"B8_vs_A2":0.5,"B8_vs_A3":0.5,"B9_vs_A1":0.9833333333333333,"B9_vs_A2":0.5,"B9_vs_A3":0.5},"repair_runtimes_ms":{"A1":129,"A2":1134,"A3":203,"B1":330,"B2":2195,"B3":1242,"B4":92,"B5":1713,"B6":1011,"B7":71,"B8":1750,"B9":1081}}

--- stderr ---
SingleTrialExperiment starting: ontology=/workspaces/ontologyutils-ekaw26/repair-power-index-replication-ekaw26/ontologies/inconsistent/PTRANS.owl, seed=1349068, run_id=20260624134028346645
Loaded ontology.
Normalizing ontology with SROIQ normalization...
Normalized ontology with SROIQ normalization.
Ontology is already inconsistent, skipping make-inconsistent step.
Repairing with A1 (random-removal)...
[2026-06-26 09:47:10.940] Checking precondition...
[2026-06-26 09:47:10.954] Starting the repair...
[2026-06-26 09:47:10.961] Found 127 possible bad axioms.
[2026-06-26 09:47:10.962] Selected the bad axiom SubClassOf(http://purl.obolibrary.org/obo/TRANS_0000032 http://purl.obolibrary.org/obo/TRANS_0000015).
[2026-06-26 09:47:10.966] Found 126 possible bad axioms.
[2026-06-26 09:47:10.967] Selected the bad axiom SubClassOf(http://purl.obolibrary.org/obo/TRANS_0000030 http://purl.obolibrary.org/obo/TRANS_0000010).
[2026-06-26 09:47:10.970] Found 125 possible bad axioms.
[2026-06-26 09:47:10.970] Selected the bad axiom SubClassOf(http://purl.obolibrary.org/obo/TRANS_0000028 http://purl.obolibrary.org/obo/TRANS_0000012).
[2026-06-26 09:47:10.974] Found 124 possible bad axioms.
[2026-06-26 09:47:10.974] Selected the bad axiom SubClassOf(http://purl.obolibrary.org/obo/TRANS_0000028 http://purl.obolibrary.org/obo/TRANS_0000011).
[2026-06-26 09:47:10.977] Found 123 possible bad axioms.
[2026-06-26 09:47:10.977] Selected the bad axiom SubClassOf(http://purl.obolibrary.org/obo/TRANS_0000020 http://purl.obolibrary.org/obo/TRANS_0000024).
[2026-06-26 09:47:10.980] Found 122 possible bad axioms.
[2026-06-26 09:47:10.980] Selected the bad axiom SubClassOf(http://purl.obolibrary.org/obo/TRANS_0000026 http://purl.obolibrary.org/obo/TRANS_0000011).
[2026-06-26 09:47:10.982] Found 121 possible bad axioms.
[2026-06-26 09:47:10.982] Selected the bad axiom SubClassOf(http://purl.obolibrary.org/obo/TRANS_0000029 http://purl.obolibrary.org/obo/TRANS_0000027).
[2026-06-26 09:47:10.985] Found 120 possible bad axioms.
[2026-06-26 09:47:10.985] Selected the bad axiom SubClassOf(http://purl.obolibrary.org/obo/TRANS_0000026 http://purl.obolibrary.org/obo/TRANS_0000025).
[2026-06-26 09:47:10.992] Found 119 possible bad axioms.
[2026-06-26 09:47:10.992] Selected the bad axiom SubClassOf(http://purl.obolibrary.org/obo/TRANS_0000029 http://purl.obolibrary.org/obo/TRANS_0000012).
[2026-06-26 09:47:10.995] Found 118 possible bad axioms.
[2026-06-26 09:47:10.995] Selected the bad axiom SubClassOf(http://purl.obolibrary.org/obo/TRANS_0000015 http://purl.obolibrary.org/obo/TRANS_0000009).
[2026-06-26 09:47:10.998] Found 117 possible bad axioms.
[2026-06-26 09:47:10.998] Selected the bad axiom SubClassOf(http://purl.obolibrary.org/obo/TRANS_0000025 http://purl.obolibrary.org/obo/TRANS_0000015).
[2026-06-26 09:47:11.006] Found 116 possible bad axioms.
[2026-06-26 09:47:11.006] Selected the bad axiom SubClassOf(http://purl.obolibrary.org/obo/TRANS_0000015 http://purl.obolibrary.org/obo/T
...[truncated]
SUCCESS: attempt=96 seed=1349068 success_count=80/100
progress: ontology=PTRANS attempt=96 success=80/100
----- PTRANS attempt=97 seed=1363268 at 2026-06-26 09:47:22 -----
--- stdout ---
{"seed":1363268,"run_id":"20260624134028346645","trial_status":"success","error_type":null,"failure_stage":null,"error_message":null,"iic_values":{"B1_vs_A1":1.0,"B1_vs_A2":0.5,"B1_vs_A3":0.5,"B2_vs_A1":1.0,"B2_vs_A2":0.5,"B2_vs_A3":0.5,"B3_vs_A1":1.0,"B3_vs_A2":0.5,"B3_vs_A3":0.5,"B4_vs_A1":1.0,"B4_vs_A2":0.5,"B4_vs_A3":0.5,"B5_vs_A1":1.0,"B5_vs_A2":0.5,"B5_vs_A3":0.5,"B6_vs_A1":1.0,"B6_vs_A2":0.5,"B6_vs_A3":0.5,"B7_vs_A1":1.0,"B7_vs_A2":0.5,"B7_vs_A3":0.5,"B8_vs_A1":1.0,"B8_vs_A2":0.5,"B8_vs_A3":0.5,"B9_vs_A1":1.0,"B9_vs_A2":0.5,"B9_vs_A3":0.5},"repair_runtimes_ms":{"A1":232,"A2":1042,"A3":229,"B1":163,"B2":644,"B3":1457,"B4":45,"B5":1705,"B6":272,"B7":77,"B8":433,"B9":1201}}

--- stderr ---
SingleTrialExperiment starting: ontology=/workspaces/ontologyutils-ekaw26/repair-power-index-replication-ekaw26/ontologies/inconsistent/PTRANS.owl, seed=1363268, run_id=20260624134028346645
Loaded ontology.
Normalizing ontology with SROIQ normalization...
Normalized ontology with SROIQ normalization.
Ontology is already inconsistent, skipping make-inconsistent step.
Repairing with A1 (random-removal)...
[2026-06-26 09:47:22.392] Checking precondition...
[2026-06-26 09:47:22.405] Starting the repair...
[2026-06-26 09:47:22.412] Found 127 possible bad axioms.
[2026-06-26 09:47:22.414] Selected the bad axiom SubClassOf(http://purl.obolibrary.org/obo/TRANS_0000025 http://purl.obolibrary.org/obo/TRANS_0000019).
[2026-06-26 09:47:22.419] Found 126 possible bad axioms.
[2026-06-26 09:47:22.419] Selected the bad axiom SubClassOf(http://purl.obolibrary.org/obo/TRANS_0000027 http://purl.obolibrary.org/obo/TRANS_0000022).
[2026-06-26 09:47:22.422] Found 125 possible bad axioms.
[2026-06-26 09:47:22.422] Selected the bad axiom SubClassOf(http://purl.obolibrary.org/obo/TRANS_0000027 owl:Nothing).
[2026-06-26 09:47:22.426] Found 124 possible bad axioms.
[2026-06-26 09:47:22.426] Selected the bad axiom SubClassOf(http://purl.obolibrary.org/obo/TRANS_0000015 http://purl.obolibrary.org/obo/TRANS_0000012).
[2026-06-26 09:47:22.429] Found 123 possible bad axioms.
[2026-06-26 09:47:22.429] Selected the bad axiom SubClassOf(http://purl.obolibrary.org/obo/TRANS_0000002 http://purl.obolibrary.org/obo/TRANS_0000007).
[2026-06-26 09:47:22.432] Found 122 possible bad axioms.
[2026-06-26 09:47:22.432] Selected the bad axiom SubClassOf(http://purl.obolibrary.org/obo/TRANS_0000025 http://purl.obolibrary.org/obo/TRANS_0000012).
[2026-06-26 09:47:22.434] Found 121 possible bad axioms.
[2026-06-26 09:47:22.435] Selected the bad axiom SubClassOf(http://purl.obolibrary.org/obo/TRANS_0000027 http://purl.obolibrary.org/obo/TRANS_0000020).
[2026-06-26 09:47:22.437] Found 120 possible bad axioms.
[2026-06-26 09:47:22.437] Selected the bad axiom SubClassOf(http://purl.obolibrary.org/obo/TRANS_0000002 http://purl.obolibrary.org/obo/TRANS_0000000).
[2026-06-26 09:47:22.443] Found 119 possible bad axioms.
[2026-06-26 09:47:22.444] Selected the bad axiom SubClassOf(http://purl.obolibrary.org/obo/TRANS_0000023 http://purl.obolibrary.org/obo/TRANS_0000020).
[2026-06-26 09:47:22.446] Found 118 possible bad axioms.
[2026-06-26 09:47:22.447] Selected the bad axiom SubClassOf(http://purl.obolibrary.org/obo/TRANS_0000025 http://purl.obolibrary.org/obo/TRANS_0000011).
[2026-06-26 09:47:22.449] Found 117 possible bad axioms.
[2026-06-26 09:47:22.450] Selected the bad axiom SubClassOf(http://purl.obolibrary.org/obo/TRANS_0000028 http://purl.obolibrary.org/obo/TRANS_0000015).
[2026-06-26 09:47:22.456] Found 116 possible bad axioms.
[2026-06-26 09:47:22.457] Selected the bad axiom SubClassOf(http://purl.obolibrary.org/obo/TRANS_0000007 http://purl.obolibrary.org/obo/TRANS_0000006).
[2026-06-26 09:47:
...[truncated]
SUCCESS: attempt=97 seed=1363268 success_count=81/100
progress: ontology=PTRANS attempt=97 success=81/100
----- PTRANS attempt=98 seed=1377468 at 2026-06-26 09:47:30 -----
--- stdout ---
{"seed":1377468,"run_id":"20260624134028346645","trial_status":"success","error_type":null,"failure_stage":null,"error_message":null,"iic_values":{"B1_vs_A1":0.9970588235294118,"B1_vs_A2":0.5,"B1_vs_A3":0.5,"B2_vs_A1":0.9970588235294118,"B2_vs_A2":0.5,"B2_vs_A3":0.5,"B3_vs_A1":0.9970588235294118,"B3_vs_A2":0.5,"B3_vs_A3":0.5,"B4_vs_A1":0.9970588235294118,"B4_vs_A2":0.5,"B4_vs_A3":0.5,"B5_vs_A1":0.9970588235294118,"B5_vs_A2":0.5,"B5_vs_A3":0.5,"B6_vs_A1":0.9970588235294118,"B6_vs_A2":0.5,"B6_vs_A3":0.5,"B7_vs_A1":0.9970588235294118,"B7_vs_A2":0.5,"B7_vs_A3":0.5,"B8_vs_A1":0.9970588235294118,"B8_vs_A2":0.5,"B8_vs_A3":0.5,"B9_vs_A1":0.9970588235294118,"B9_vs_A2":0.5,"B9_vs_A3":0.5},"repair_runtimes_ms":{"A1":176,"A2":1081,"A3":225,"B1":163,"B2":1075,"B3":468,"B4":46,"B5":1794,"B6":257,"B7":83,"B8":1853,"B9":1222}}

--- stderr ---
SingleTrialExperiment starting: ontology=/workspaces/ontologyutils-ekaw26/repair-power-index-replication-ekaw26/ontologies/inconsistent/PTRANS.owl, seed=1377468, run_id=20260624134028346645
Loaded ontology.
Normalizing ontology with SROIQ normalization...
Normalized ontology with SROIQ normalization.
Ontology is already inconsistent, skipping make-inconsistent step.
Repairing with A1 (random-removal)...
[2026-06-26 09:47:30.400] Checking precondition...
[2026-06-26 09:47:30.415] Starting the repair...
[2026-06-26 09:47:30.421] Found 127 possible bad axioms.
[2026-06-26 09:47:30.422] Selected the bad axiom SubClassOf(http://purl.obolibrary.org/obo/TRANS_0000029 http://purl.obolibrary.org/obo/TRANS_0000010).
[2026-06-26 09:47:30.427] Found 126 possible bad axioms.
[2026-06-26 09:47:30.427] Selected the bad axiom SubClassOf(http://purl.obolibrary.org/obo/TRANS_0000034 http://purl.obolibrary.org/obo/TRANS_0000033).
[2026-06-26 09:47:30.430] Found 125 possible bad axioms.
[2026-06-26 09:47:30.431] Selected the bad axiom SubClassOf(http://purl.obolibrary.org/obo/TRANS_0000005 http://purl.obolibrary.org/obo/TRANS_0000025).
[2026-06-26 09:47:30.434] Found 124 possible bad axioms.
[2026-06-26 09:47:30.434] Selected the bad axiom SubClassOf(http://purl.obolibrary.org/obo/TRANS_0000023 http://purl.obolibrary.org/obo/TRANS_0000021).
[2026-06-26 09:47:30.437] Found 123 possible bad axioms.
[2026-06-26 09:47:30.437] Selected the bad axiom SubClassOf(http://purl.obolibrary.org/obo/TRANS_0000001 http://purl.obolibrary.org/obo/TRANS_0000002).
[2026-06-26 09:47:30.439] Found 122 possible bad axioms.
[2026-06-26 09:47:30.440] Selected the bad axiom SubClassOf(http://purl.obolibrary.org/obo/TRANS_0000027 http://purl.obolibrary.org/obo/TRANS_0000023).
[2026-06-26 09:47:30.442] Found 121 possible bad axioms.
[2026-06-26 09:47:30.442] Selected the bad axiom SubClassOf(http://purl.obolibrary.org/obo/TRANS_0000007 http://purl.obolibrary.org/obo/TRANS_0000008).
[2026-06-26 09:47:30.445] Found 120 possible bad axioms.
[2026-06-26 09:47:30.445] Selected the bad axiom SubClassOf(http://purl.obolibrary.org/obo/TRANS_0000034 http://purl.obolibrary.org/obo/TRANS_0000032).
[2026-06-26 09:47:30.452] Found 119 possible bad axioms.
[2026-06-26 09:47:30.452] Selected the bad axiom SubClassOf(http://purl.obolibrary.org/obo/TRANS_0000002 http://purl.obolibrary.org/obo/TRANS_0000008).
[2026-06-26 09:47:30.455] Found 118 possible bad axioms.
[2026-06-26 09:47:30.455] Selected the bad axiom SubClassOf(http://purl.obolibrary.org/obo/TRANS_0000009 http://purl.obolibrary.org/obo/TRANS_0000002).
[2026-06-26 09:47:30.457] Found 117 possible bad axioms.
[2026-06-26 09:47:30.457] Selected the bad axiom SubClassOf(http://purl.obolibrary.org/obo/TRANS_0000019 http://purl.obolibrary.org/obo/TRANS_0000005).
[2026-06-26 09:47:30.464] Found 116 possible bad axioms.
[2026-06-26 09:47:30.464] Selected the bad axiom SubClassOf(http://purl.obolibrary.org/obo/TRANS_0000028 http://purl.obolibrary.org/obo/T
...[truncated]
SUCCESS: attempt=98 seed=1377468 success_count=82/100
progress: ontology=PTRANS attempt=98 success=82/100
----- PTRANS attempt=99 seed=1391668 at 2026-06-26 09:47:38 -----
--- stdout ---
{"seed":1391668,"run_id":"20260624134028346645","trial_status":"success","error_type":null,"failure_stage":null,"error_message":null,"iic_values":{"B1_vs_A1":0.9904761904761905,"B1_vs_A2":0.5,"B1_vs_A3":0.5,"B2_vs_A1":0.9904761904761905,"B2_vs_A2":0.5,"B2_vs_A3":0.5,"B3_vs_A1":0.9904761904761905,"B3_vs_A2":0.5,"B3_vs_A3":0.5,"B4_vs_A1":0.9904761904761905,"B4_vs_A2":0.5,"B4_vs_A3":0.5,"B5_vs_A1":0.9904761904761905,"B5_vs_A2":0.5,"B5_vs_A3":0.5,"B6_vs_A1":0.9904761904761905,"B6_vs_A2":0.5,"B6_vs_A3":0.5,"B7_vs_A1":0.9904761904761905,"B7_vs_A2":0.5,"B7_vs_A3":0.5,"B8_vs_A1":0.9904761904761905,"B8_vs_A2":0.5,"B8_vs_A3":0.5,"B9_vs_A1":0.9904761904761905,"B9_vs_A2":0.5,"B9_vs_A3":0.5},"repair_runtimes_ms":{"A1":152,"A2":1120,"A3":221,"B1":174,"B2":757,"B3":1321,"B4":73,"B5":1772,"B6":1061,"B7":107,"B8":1743,"B9":1052}}

--- stderr ---
SingleTrialExperiment starting: ontology=/workspaces/ontologyutils-ekaw26/repair-power-index-replication-ekaw26/ontologies/inconsistent/PTRANS.owl, seed=1391668, run_id=20260624134028346645
Loaded ontology.
Normalizing ontology with SROIQ normalization...
Normalized ontology with SROIQ normalization.
Ontology is already inconsistent, skipping make-inconsistent step.
Repairing with A1 (random-removal)...
[2026-06-26 09:47:39.350] Checking precondition...
[2026-06-26 09:47:39.367] Starting the repair...
[2026-06-26 09:47:39.374] Found 127 possible bad axioms.
[2026-06-26 09:47:39.375] Selected the bad axiom SubClassOf(http://purl.obolibrary.org/obo/TRANS_0000020 http://purl.obolibrary.org/obo/TRANS_0000021).
[2026-06-26 09:47:39.380] Found 126 possible bad axioms.
[2026-06-26 09:47:39.380] Selected the bad axiom SubClassOf(http://purl.obolibrary.org/obo/TRANS_0000011 http://purl.obolibrary.org/obo/TRANS_0000010).
[2026-06-26 09:47:39.384] Found 125 possible bad axioms.
[2026-06-26 09:47:39.384] Selected the bad axiom SubClassOf(http://purl.obolibrary.org/obo/TRANS_0000005 http://purl.obolibrary.org/obo/TRANS_0000019).
[2026-06-26 09:47:39.387] Found 124 possible bad axioms.
[2026-06-26 09:47:39.388] Selected the bad axiom SubClassOf(http://purl.obolibrary.org/obo/TRANS_0000027 http://purl.obolibrary.org/obo/TRANS_0000020).
[2026-06-26 09:47:39.390] Found 123 possible bad axioms.
[2026-06-26 09:47:39.390] Selected the bad axiom SubClassOf(http://purl.obolibrary.org/obo/TRANS_0000020 http://purl.obolibrary.org/obo/TRANS_0000024).
[2026-06-26 09:47:39.393] Found 122 possible bad axioms.
[2026-06-26 09:47:39.394] Selected the bad axiom SubClassOf(http://purl.obolibrary.org/obo/TRANS_0000026 http://purl.obolibrary.org/obo/TRANS_0000010).
[2026-06-26 09:47:39.396] Found 121 possible bad axioms.
[2026-06-26 09:47:39.396] Selected the bad axiom SubClassOf(http://purl.obolibrary.org/obo/TRANS_0000029 http://purl.obolibrary.org/obo/TRANS_0000010).
[2026-06-26 09:47:39.399] Found 120 possible bad axioms.
[2026-06-26 09:47:39.399] Selected the bad axiom SubClassOf(http://purl.obolibrary.org/obo/TRANS_0000032 http://purl.obolibrary.org/obo/TRANS_0000015).
[2026-06-26 09:47:39.402] Found 119 possible bad axioms.
[2026-06-26 09:47:39.402] Selected the bad axiom SubClassOf(http://purl.obolibrary.org/obo/TRANS_0000034 http://purl.obolibrary.org/obo/TRANS_0000024).
[2026-06-26 09:47:39.409] Found 118 possible bad axioms.
[2026-06-26 09:47:39.409] Selected the bad axiom SubClassOf(http://purl.obolibrary.org/obo/TRANS_0000025 http://purl.obolibrary.org/obo/TRANS_0000011).
[2026-06-26 09:47:39.411] Found 117 possible bad axioms.
[2026-06-26 09:47:39.411] Selected the bad axiom SubClassOf(http://purl.obolibrary.org/obo/TRANS_0000031 http://purl.obolibrary.org/obo/TRANS_0000015).
[2026-06-26 09:47:39.419] Found 116 possible bad axioms.
[2026-06-26 09:47:39.419] Selected the bad axiom SubClassOf(http://purl.obolibrary.org/obo/TRANS_0000021 http://purl.obolibrary.org/obo/T
...[truncated]
SUCCESS: attempt=99 seed=1391668 success_count=83/100
progress: ontology=PTRANS attempt=99 success=83/100
----- PTRANS attempt=100 seed=1405868 at 2026-06-26 09:47:49 -----
--- stdout ---
{"seed":1405868,"run_id":"20260624134028346645","trial_status":"success","error_type":null,"failure_stage":null,"error_message":null,"iic_values":{"B1_vs_A1":1.0,"B1_vs_A2":0.5,"B1_vs_A3":0.5,"B2_vs_A1":1.0,"B2_vs_A2":0.5,"B2_vs_A3":0.5,"B3_vs_A1":1.0,"B3_vs_A2":0.5,"B3_vs_A3":0.5,"B4_vs_A1":1.0,"B4_vs_A2":0.5,"B4_vs_A3":0.5,"B5_vs_A1":1.0,"B5_vs_A2":0.5,"B5_vs_A3":0.5,"B6_vs_A1":1.0,"B6_vs_A2":0.5,"B6_vs_A3":0.5,"B7_vs_A1":1.0,"B7_vs_A2":0.5,"B7_vs_A3":0.5,"B8_vs_A1":1.0,"B8_vs_A2":0.5,"B8_vs_A3":0.5,"B9_vs_A1":1.0,"B9_vs_A2":0.5,"B9_vs_A3":0.5},"repair_runtimes_ms":{"A1":206,"A2":1069,"A3":194,"B1":357,"B2":2257,"B3":398,"B4":48,"B5":983,"B6":1124,"B7":88,"B8":1798,"B9":282}}

--- stderr ---
SingleTrialExperiment starting: ontology=/workspaces/ontologyutils-ekaw26/repair-power-index-replication-ekaw26/ontologies/inconsistent/PTRANS.owl, seed=1405868, run_id=20260624134028346645
Loaded ontology.
Normalizing ontology with SROIQ normalization...
Normalized ontology with SROIQ normalization.
Ontology is already inconsistent, skipping make-inconsistent step.
Repairing with A1 (random-removal)...
[2026-06-26 09:47:49.426] Checking precondition...
[2026-06-26 09:47:49.442] Starting the repair...
[2026-06-26 09:47:49.448] Found 127 possible bad axioms.
[2026-06-26 09:47:49.450] Selected the bad axiom SubClassOf(http://purl.obolibrary.org/obo/TRANS_0000034 http://purl.obolibrary.org/obo/TRANS_0000026).
[2026-06-26 09:47:49.454] Found 126 possible bad axioms.
[2026-06-26 09:47:49.455] Selected the bad axiom SubClassOf(http://purl.obolibrary.org/obo/TRANS_0000027 http://purl.obolibrary.org/obo/TRANS_0000022).
[2026-06-26 09:47:49.458] Found 125 possible bad axioms.
[2026-06-26 09:47:49.458] Selected the bad axiom SubClassOf(http://purl.obolibrary.org/obo/TRANS_0000019 http://purl.obolibrary.org/obo/TRANS_0000015).
[2026-06-26 09:47:49.462] Found 124 possible bad axioms.
[2026-06-26 09:47:49.462] Selected the bad axiom SubClassOf(http://purl.obolibrary.org/obo/TRANS_0000028 http://purl.obolibrary.org/obo/TRANS_0000012).
[2026-06-26 09:47:49.465] Found 123 possible bad axioms.
[2026-06-26 09:47:49.465] Selected the bad axiom SubClassOf(http://purl.obolibrary.org/obo/TRANS_0000021 http://purl.obolibrary.org/obo/TRANS_0000020).
[2026-06-26 09:47:49.468] Found 122 possible bad axioms.
[2026-06-26 09:47:49.468] Selected the bad axiom SubClassOf(http://purl.obolibrary.org/obo/TRANS_0000002 http://purl.obolibrary.org/obo/TRANS_0000019).
[2026-06-26 09:47:49.470] Found 121 possible bad axioms.
[2026-06-26 09:47:49.471] Selected the bad axiom SubClassOf(http://purl.obolibrary.org/obo/TRANS_0000000 http://purl.obolibrary.org/obo/TRANS_0000001).
[2026-06-26 09:47:49.473] Found 120 possible bad axioms.
[2026-06-26 09:47:49.473] Selected the bad axiom SubClassOf(http://purl.obolibrary.org/obo/TRANS_0000025 http://purl.obolibrary.org/obo/TRANS_0000026).
[2026-06-26 09:47:49.476] Found 119 possible bad axioms.
[2026-06-26 09:47:49.476] Selected the bad axiom SubClassOf(http://purl.obolibrary.org/obo/TRANS_0000026 http://purl.obolibrary.org/obo/TRANS_0000010).
[2026-06-26 09:47:49.483] Found 118 possible bad axioms.
[2026-06-26 09:47:49.483] Selected the bad axiom SubClassOf(http://purl.obolibrary.org/obo/TRANS_0000034 http://purl.obolibrary.org/obo/TRANS_0000010).
[2026-06-26 09:47:49.486] Found 117 possible bad axioms.
[2026-06-26 09:47:49.486] Selected the bad axiom SubClassOf(http://purl.obolibrary.org/obo/TRANS_0000034 http://purl.obolibrary.org/obo/TRANS_0000013).
[2026-06-26 09:47:49.493] Found 116 possible bad axioms.
[2026-06-26 09:47:49.493] Selected the bad axiom SubClassOf(http://purl.obolibrary.org/obo/TRANS_0000028 http://purl.obolibrary.org/obo/T
...[truncated]
SUCCESS: attempt=100 seed=1405868 success_count=84/100
progress: ontology=PTRANS attempt=100 success=84/100
----- PTRANS attempt=101 seed=1420068 at 2026-06-26 09:47:58 -----
--- stdout ---
{"seed":1420068,"run_id":"20260624134028346645","trial_status":"success","error_type":null,"failure_stage":null,"error_message":null,"iic_values":{"B1_vs_A1":1.0,"B1_vs_A2":0.5,"B1_vs_A3":0.5,"B2_vs_A1":1.0,"B2_vs_A2":0.5,"B2_vs_A3":0.5,"B3_vs_A1":1.0,"B3_vs_A2":0.5,"B3_vs_A3":0.5,"B4_vs_A1":1.0,"B4_vs_A2":0.5,"B4_vs_A3":0.5,"B5_vs_A1":1.0,"B5_vs_A2":0.5,"B5_vs_A3":0.5,"B6_vs_A1":1.0,"B6_vs_A2":0.5,"B6_vs_A3":0.5,"B7_vs_A1":1.0,"B7_vs_A2":0.5,"B7_vs_A3":0.5,"B8_vs_A1":1.0,"B8_vs_A2":0.5,"B8_vs_A3":0.5,"B9_vs_A1":1.0,"B9_vs_A2":0.5,"B9_vs_A3":0.5},"repair_runtimes_ms":{"A1":87,"A2":1205,"A3":358,"B1":175,"B2":802,"B3":406,"B4":55,"B5":1792,"B6":307,"B7":72,"B8":1824,"B9":1128}}

--- stderr ---
SingleTrialExperiment starting: ontology=/workspaces/ontologyutils-ekaw26/repair-power-index-replication-ekaw26/ontologies/inconsistent/PTRANS.owl, seed=1420068, run_id=20260624134028346645
Loaded ontology.
Normalizing ontology with SROIQ normalization...
Normalized ontology with SROIQ normalization.
Ontology is already inconsistent, skipping make-inconsistent step.
Repairing with A1 (random-removal)...
[2026-06-26 09:47:59.201] Checking precondition...
[2026-06-26 09:47:59.215] Starting the repair...
[2026-06-26 09:47:59.221] Found 127 possible bad axioms.
[2026-06-26 09:47:59.223] Selected the bad axiom SubClassOf(http://purl.obolibrary.org/obo/TRANS_0000029 http://purl.obolibrary.org/obo/TRANS_0000013).
[2026-06-26 09:47:59.228] Found 126 possible bad axioms.
[2026-06-26 09:47:59.228] Selected the bad axiom SubClassOf(http://purl.obolibrary.org/obo/TRANS_0000029 http://purl.obolibrary.org/obo/TRANS_0000015).
[2026-06-26 09:47:59.231] Found 125 possible bad axioms.
[2026-06-26 09:47:59.231] Selected the bad axiom SubClassOf(http://purl.obolibrary.org/obo/TRANS_0000000 http://purl.obolibrary.org/obo/TRANS_0000001).
[2026-06-26 09:47:59.235] Found 124 possible bad axioms.
[2026-06-26 09:47:59.235] Selected the bad axiom SubClassOf(http://purl.obolibrary.org/obo/TRANS_0000018 http://purl.obolibrary.org/obo/TRANS_0000006).
[2026-06-26 09:47:59.238] Found 123 possible bad axioms.
[2026-06-26 09:47:59.238] Selected the bad axiom SubClassOf(http://purl.obolibrary.org/obo/TRANS_0000012 http://purl.obolibrary.org/obo/TRANS_0000027).
[2026-06-26 09:47:59.240] Found 122 possible bad axioms.
[2026-06-26 09:47:59.241] Selected the bad axiom SubClassOf(http://purl.obolibrary.org/obo/TRANS_0000026 http://purl.obolibrary.org/obo/TRANS_0000011).
[2026-06-26 09:47:59.243] Found 121 possible bad axioms.
[2026-06-26 09:47:59.243] Selected the bad axiom SubClassOf(http://purl.obolibrary.org/obo/TRANS_0000025 http://purl.obolibrary.org/obo/TRANS_0000013).
[2026-06-26 09:47:59.246] Found 120 possible bad axioms.
[2026-06-26 09:47:59.246] Selected the bad axiom SubClassOf(http://purl.obolibrary.org/obo/TRANS_0000008 owl:Nothing).
[2026-06-26 09:47:59.249] Found 119 possible bad axioms.
[2026-06-26 09:47:59.249] Selected the bad axiom SubClassOf(http://purl.obolibrary.org/obo/TRANS_0000019 http://purl.obolibrary.org/obo/TRANS_0000015).
[2026-06-26 09:47:59.255] Found 118 possible bad axioms.
[2026-06-26 09:47:59.255] Selected the bad axiom SubClassOf(http://purl.obolibrary.org/obo/TRANS_0000025 http://purl.obolibrary.org/obo/TRANS_0000005).
[2026-06-26 09:47:59.258] Found 117 possible bad axioms.
[2026-06-26 09:47:59.258] Selected the bad axiom SubClassOf(http://purl.obolibrary.org/obo/TRANS_0000028 http://purl.obolibrary.org/obo/TRANS_0000009).
[2026-06-26 09:47:59.266] Found 116 possible bad axioms.
[2026-06-26 09:47:59.266] Selected the bad axiom SubClassOf(http://purl.obolibrary.org/obo/TRANS_0000009 http://purl.obolibrary.org/obo/TRANS_0000002).
[2026-06-26 09:47:
...[truncated]
SUCCESS: attempt=101 seed=1420068 success_count=85/100
progress: ontology=PTRANS attempt=101 success=85/100
----- PTRANS attempt=102 seed=1434268 at 2026-06-26 09:48:07 -----
--- stdout ---
{"seed":1434268,"run_id":"20260624134028346645","trial_status":"success","error_type":null,"failure_stage":null,"error_message":null,"iic_values":{"B1_vs_A1":0.9983660130718954,"B1_vs_A2":0.5,"B1_vs_A3":0.5,"B2_vs_A1":0.9983660130718954,"B2_vs_A2":0.5,"B2_vs_A3":0.5,"B3_vs_A1":0.9983660130718954,"B3_vs_A2":0.5,"B3_vs_A3":0.5,"B4_vs_A1":0.9983660130718954,"B4_vs_A2":0.5,"B4_vs_A3":0.5,"B5_vs_A1":0.9983660130718954,"B5_vs_A2":0.5,"B5_vs_A3":0.5,"B6_vs_A1":0.9983660130718954,"B6_vs_A2":0.5,"B6_vs_A3":0.5,"B7_vs_A1":0.9983660130718954,"B7_vs_A2":0.5,"B7_vs_A3":0.5,"B8_vs_A1":0.9983660130718954,"B8_vs_A2":0.5,"B8_vs_A3":0.5,"B9_vs_A1":0.9983660130718954,"B9_vs_A2":0.5,"B9_vs_A3":0.5},"repair_runtimes_ms":{"A1":190,"A2":1066,"A3":220,"B1":374,"B2":2233,"B3":1263,"B4":46,"B5":1729,"B6":1092,"B7":71,"B8":1716,"B9":612}}

--- stderr ---
SingleTrialExperiment starting: ontology=/workspaces/ontologyutils-ekaw26/repair-power-index-replication-ekaw26/ontologies/inconsistent/PTRANS.owl, seed=1434268, run_id=20260624134028346645
Loaded ontology.
Normalizing ontology with SROIQ normalization...
Normalized ontology with SROIQ normalization.
Ontology is already inconsistent, skipping make-inconsistent step.
Repairing with A1 (random-removal)...
[2026-06-26 09:48:07.910] Checking precondition...
[2026-06-26 09:48:07.924] Starting the repair...
[2026-06-26 09:48:07.930] Found 127 possible bad axioms.
[2026-06-26 09:48:07.932] Selected the bad axiom SubClassOf(http://purl.obolibrary.org/obo/TRANS_0000005 http://purl.obolibrary.org/obo/TRANS_0000019).
[2026-06-26 09:48:07.936] Found 126 possible bad axioms.
[2026-06-26 09:48:07.936] Selected the bad axiom SubClassOf(http://purl.obolibrary.org/obo/TRANS_0000025 http://purl.obolibrary.org/obo/TRANS_0000014).
[2026-06-26 09:48:07.940] Found 125 possible bad axioms.
[2026-06-26 09:48:07.940] Selected the bad axiom SubClassOf(http://purl.obolibrary.org/obo/TRANS_0000028 http://purl.obolibrary.org/obo/TRANS_0000013).
[2026-06-26 09:48:07.943] Found 124 possible bad axioms.
[2026-06-26 09:48:07.943] Selected the bad axiom SubClassOf(http://purl.obolibrary.org/obo/TRANS_0000028 http://purl.obolibrary.org/obo/TRANS_0000010).
[2026-06-26 09:48:07.946] Found 123 possible bad axioms.
[2026-06-26 09:48:07.946] Selected the bad axiom SubClassOf(http://purl.obolibrary.org/obo/TRANS_0000015 http://purl.obolibrary.org/obo/TRANS_0000009).
[2026-06-26 09:48:07.949] Found 122 possible bad axioms.
[2026-06-26 09:48:07.949] Selected the bad axiom SubClassOf(http://purl.obolibrary.org/obo/TRANS_0000034 http://purl.obolibrary.org/obo/TRANS_0000015).
[2026-06-26 09:48:07.952] Found 121 possible bad axioms.
[2026-06-26 09:48:07.952] Selected the bad axiom SubClassOf(http://purl.obolibrary.org/obo/TRANS_0000015 http://purl.obolibrary.org/obo/TRANS_0000013).
[2026-06-26 09:48:07.954] Found 120 possible bad axioms.
[2026-06-26 09:48:07.954] Selected the bad axiom SubClassOf(http://purl.obolibrary.org/obo/TRANS_0000034 http://purl.obolibrary.org/obo/TRANS_0000032).
[2026-06-26 09:48:07.957] Found 119 possible bad axioms.
[2026-06-26 09:48:07.957] Selected the bad axiom SubClassOf(http://purl.obolibrary.org/obo/TRANS_0000025 http://purl.obolibrary.org/obo/TRANS_0000009).
[2026-06-26 09:48:07.963] Found 118 possible bad axioms.
[2026-06-26 09:48:07.964] Selected the bad axiom SubClassOf(http://purl.obolibrary.org/obo/TRANS_0000002 http://purl.obolibrary.org/obo/TRANS_0000008).
[2026-06-26 09:48:07.966] Found 117 possible bad axioms.
[2026-06-26 09:48:07.966] Selected the bad axiom SubClassOf(http://purl.obolibrary.org/obo/TRANS_0000033 http://purl.obolibrary.org/obo/TRANS_0000015).
[2026-06-26 09:48:07.973] Found 116 possible bad axioms.
[2026-06-26 09:48:07.973] Selected the bad axiom SubClassOf(http://purl.obolibrary.org/obo/TRANS_0000025 http://purl.obolibrary.org/obo/T
...[truncated]
SUCCESS: attempt=102 seed=1434268 success_count=86/100
progress: ontology=PTRANS attempt=102 success=86/100
----- PTRANS attempt=103 seed=1448468 at 2026-06-26 09:48:18 -----
--- stdout ---
{"seed":1448468,"run_id":"20260624134028346645","trial_status":"success","error_type":null,"failure_stage":null,"error_message":null,"iic_values":{"B1_vs_A1":1.0,"B1_vs_A2":0.5,"B1_vs_A3":0.5,"B2_vs_A1":1.0,"B2_vs_A2":0.5,"B2_vs_A3":0.5,"B3_vs_A1":1.0,"B3_vs_A2":0.5,"B3_vs_A3":0.5,"B4_vs_A1":1.0,"B4_vs_A2":0.5,"B4_vs_A3":0.5,"B5_vs_A1":1.0,"B5_vs_A2":0.5,"B5_vs_A3":0.5,"B6_vs_A1":1.0,"B6_vs_A2":0.5,"B6_vs_A3":0.5,"B7_vs_A1":1.0,"B7_vs_A2":0.5,"B7_vs_A3":0.5,"B8_vs_A1":1.0,"B8_vs_A2":0.5,"B8_vs_A3":0.5,"B9_vs_A1":1.0,"B9_vs_A2":0.5,"B9_vs_A3":0.5},"repair_runtimes_ms":{"A1":137,"A2":1162,"A3":240,"B1":737,"B2":2290,"B3":1238,"B4":43,"B5":1673,"B6":1035,"B7":68,"B8":1964,"B9":1226}}

--- stderr ---
SingleTrialExperiment starting: ontology=/workspaces/ontologyutils-ekaw26/repair-power-index-replication-ekaw26/ontologies/inconsistent/PTRANS.owl, seed=1448468, run_id=20260624134028346645
Loaded ontology.
Normalizing ontology with SROIQ normalization...
Normalized ontology with SROIQ normalization.
Ontology is already inconsistent, skipping make-inconsistent step.
Repairing with A1 (random-removal)...
[2026-06-26 09:48:19.020] Checking precondition...
[2026-06-26 09:48:19.035] Starting the repair...
[2026-06-26 09:48:19.043] Found 127 possible bad axioms.
[2026-06-26 09:48:19.044] Selected the bad axiom SubClassOf(http://purl.obolibrary.org/obo/TRANS_0000005 http://purl.obolibrary.org/obo/TRANS_0000014).
[2026-06-26 09:48:19.049] Found 126 possible bad axioms.
[2026-06-26 09:48:19.049] Selected the bad axiom SubClassOf(http://purl.obolibrary.org/obo/TRANS_0000028 http://purl.obolibrary.org/obo/TRANS_0000010).
[2026-06-26 09:48:19.053] Found 125 possible bad axioms.
[2026-06-26 09:48:19.053] Selected the bad axiom SubClassOf(http://purl.obolibrary.org/obo/TRANS_0000003 http://purl.obolibrary.org/obo/TRANS_0000005).
[2026-06-26 09:48:19.056] Found 124 possible bad axioms.
[2026-06-26 09:48:19.057] Selected the bad axiom SubClassOf(http://purl.obolibrary.org/obo/TRANS_0000002 http://purl.obolibrary.org/obo/TRANS_0000008).
[2026-06-26 09:48:19.059] Found 123 possible bad axioms.
[2026-06-26 09:48:19.059] Selected the bad axiom SubClassOf(http://purl.obolibrary.org/obo/TRANS_0000014 http://purl.obolibrary.org/obo/TRANS_0000005).
[2026-06-26 09:48:19.062] Found 122 possible bad axioms.
[2026-06-26 09:48:19.063] Selected the bad axiom SubClassOf(http://purl.obolibrary.org/obo/TRANS_0000001 http://purl.obolibrary.org/obo/TRANS_0000007).
[2026-06-26 09:48:19.065] Found 121 possible bad axioms.
[2026-06-26 09:48:19.066] Selected the bad axiom SubClassOf(http://purl.obolibrary.org/obo/TRANS_0000001 http://purl.obolibrary.org/obo/TRANS_0000002).
[2026-06-26 09:48:19.068] Found 120 possible bad axioms.
[2026-06-26 09:48:19.068] Selected the bad axiom SubClassOf(http://purl.obolibrary.org/obo/TRANS_0000015 http://purl.obolibrary.org/obo/TRANS_0000029).
[2026-06-26 09:48:19.075] Found 119 possible bad axioms.
[2026-06-26 09:48:19.075] Selected the bad axiom SubClassOf(http://purl.obolibrary.org/obo/TRANS_0000008 http://purl.obolibrary.org/obo/TRANS_0000001).
[2026-06-26 09:48:19.079] Found 118 possible bad axioms.
[2026-06-26 09:48:19.079] Selected the bad axiom SubClassOf(http://purl.obolibrary.org/obo/TRANS_0000010 http://purl.obolibrary.org/obo/TRANS_0000002).
[2026-06-26 09:48:19.081] Found 117 possible bad axioms.
[2026-06-26 09:48:19.082] Selected the bad axiom SubClassOf(http://purl.obolibrary.org/obo/TRANS_0000025 http://purl.obolibrary.org/obo/TRANS_0000024).
[2026-06-26 09:48:19.089] Found 116 possible bad axioms.
[2026-06-26 09:48:19.089] Selected the bad axiom SubClassOf(http://purl.obolibrary.org/obo/TRANS_0000015 http://purl.obolibrary.org/obo/T
...[truncated]
SUCCESS: attempt=103 seed=1448468 success_count=87/100
progress: ontology=PTRANS attempt=103 success=87/100
----- PTRANS attempt=104 seed=1462668 at 2026-06-26 09:48:31 -----
--- stdout ---
{"seed":1462668,"run_id":"20260624134028346645","trial_status":"success","error_type":null,"failure_stage":null,"error_message":null,"iic_values":{"B1_vs_A1":0.9979338842975206,"B1_vs_A2":0.5,"B1_vs_A3":0.5,"B2_vs_A1":0.9979338842975206,"B2_vs_A2":0.5,"B2_vs_A3":0.5,"B3_vs_A1":0.9979338842975206,"B3_vs_A2":0.5,"B3_vs_A3":0.5,"B4_vs_A1":0.9979338842975206,"B4_vs_A2":0.5,"B4_vs_A3":0.5,"B5_vs_A1":0.9979338842975206,"B5_vs_A2":0.5,"B5_vs_A3":0.5,"B6_vs_A1":0.9979338842975206,"B6_vs_A2":0.5,"B6_vs_A3":0.5,"B7_vs_A1":0.9979338842975206,"B7_vs_A2":0.5,"B7_vs_A3":0.5,"B8_vs_A1":0.9979338842975206,"B8_vs_A2":0.5,"B8_vs_A3":0.5,"B9_vs_A1":0.9979338842975206,"B9_vs_A2":0.5,"B9_vs_A3":0.5},"repair_runtimes_ms":{"A1":188,"A2":1070,"A3":220,"B1":171,"B2":2386,"B3":1190,"B4":86,"B5":1756,"B6":252,"B7":84,"B8":1434,"B9":1176}}

--- stderr ---
SingleTrialExperiment starting: ontology=/workspaces/ontologyutils-ekaw26/repair-power-index-replication-ekaw26/ontologies/inconsistent/PTRANS.owl, seed=1462668, run_id=20260624134028346645
Loaded ontology.
Normalizing ontology with SROIQ normalization...
Normalized ontology with SROIQ normalization.
Ontology is already inconsistent, skipping make-inconsistent step.
Repairing with A1 (random-removal)...
[2026-06-26 09:48:31.356] Checking precondition...
[2026-06-26 09:48:31.371] Starting the repair...
[2026-06-26 09:48:31.377] Found 127 possible bad axioms.
[2026-06-26 09:48:31.379] Selected the bad axiom SubClassOf(http://purl.obolibrary.org/obo/TRANS_0000034 http://purl.obolibrary.org/obo/TRANS_0000009).
[2026-06-26 09:48:31.383] Found 126 possible bad axioms.
[2026-06-26 09:48:31.384] Selected the bad axiom SubClassOf(http://purl.obolibrary.org/obo/TRANS_0000033 http://purl.obolibrary.org/obo/TRANS_0000024).
[2026-06-26 09:48:31.387] Found 125 possible bad axioms.
[2026-06-26 09:48:31.387] Selected the bad axiom SubClassOf(http://purl.obolibrary.org/obo/TRANS_0000028 http://purl.obolibrary.org/obo/TRANS_0000011).
[2026-06-26 09:48:31.391] Found 124 possible bad axioms.
[2026-06-26 09:48:31.391] Selected the bad axiom SubClassOf(http://purl.obolibrary.org/obo/TRANS_0000023 http://purl.obolibrary.org/obo/TRANS_0000021).
[2026-06-26 09:48:31.393] Found 123 possible bad axioms.
[2026-06-26 09:48:31.394] Selected the bad axiom SubClassOf(http://purl.obolibrary.org/obo/TRANS_0000019 http://purl.obolibrary.org/obo/TRANS_0000005).
[2026-06-26 09:48:31.396] Found 122 possible bad axioms.
[2026-06-26 09:48:31.396] Selected the bad axiom SubClassOf(http://purl.obolibrary.org/obo/TRANS_0000027 http://purl.obolibrary.org/obo/TRANS_0000020).
[2026-06-26 09:48:31.399] Found 121 possible bad axioms.
[2026-06-26 09:48:31.399] Selected the bad axiom SubClassOf(http://purl.obolibrary.org/obo/TRANS_0000027 http://purl.obolibrary.org/obo/TRANS_0000023).
[2026-06-26 09:48:31.401] Found 120 possible bad axioms.
[2026-06-26 09:48:31.401] Selected the bad axiom SubClassOf(http://purl.obolibrary.org/obo/TRANS_0000029 http://purl.obolibrary.org/obo/TRANS_0000012).
[2026-06-26 09:48:31.408] Found 119 possible bad axioms.
[2026-06-26 09:48:31.408] Selected the bad axiom SubClassOf(http://purl.obolibrary.org/obo/TRANS_0000034 http://purl.obolibrary.org/obo/TRANS_0000024).
[2026-06-26 09:48:31.411] Found 118 possible bad axioms.
[2026-06-26 09:48:31.411] Selected the bad axiom SubClassOf(http://purl.obolibrary.org/obo/TRANS_0000020 http://purl.obolibrary.org/obo/TRANS_0000027).
[2026-06-26 09:48:31.413] Found 117 possible bad axioms.
[2026-06-26 09:48:31.413] Selected the bad axiom SubClassOf(http://purl.obolibrary.org/obo/TRANS_0000007 http://purl.obolibrary.org/obo/TRANS_0000008).
[2026-06-26 09:48:31.420] Found 116 possible bad axioms.
[2026-06-26 09:48:31.420] Selected the bad axiom SubClassOf(http://purl.obolibrary.org/obo/TRANS_0000031 http://purl.obolibrary.org/obo/T
...[truncated]
SUCCESS: attempt=104 seed=1462668 success_count=88/100
progress: ontology=PTRANS attempt=104 success=88/100
----- PTRANS attempt=105 seed=1476868 at 2026-06-26 09:48:41 -----
--- stdout ---
{"seed":1476868,"run_id":"20260624134028346645","trial_status":"memory_limit_exceeded","error_type":"failure","failure_stage":"B4","error_message":"Repair failed: ExecutionException: java.lang.NullPointerException: operands cannot be null or empty","iic_values":{},"repair_runtimes_ms":{"A1":149,"A2":1103,"A3":192,"B1":151,"B2":777,"B3":545,"B4":66}}

--- stderr ---
SingleTrialExperiment starting: ontology=/workspaces/ontologyutils-ekaw26/repair-power-index-replication-ekaw26/ontologies/inconsistent/PTRANS.owl, seed=1476868, run_id=20260624134028346645
Loaded ontology.
Normalizing ontology with SROIQ normalization...
Normalized ontology with SROIQ normalization.
Ontology is already inconsistent, skipping make-inconsistent step.
Repairing with A1 (random-removal)...
[2026-06-26 09:48:41.923] Checking precondition...
[2026-06-26 09:48:41.936] Starting the repair...
[2026-06-26 09:48:41.942] Found 127 possible bad axioms.
[2026-06-26 09:48:41.944] Selected the bad axiom SubClassOf(http://purl.obolibrary.org/obo/TRANS_0000003 http://purl.obolibrary.org/obo/TRANS_0000005).
[2026-06-26 09:48:41.948] Found 126 possible bad axioms.
[2026-06-26 09:48:41.948] Selected the bad axiom SubClassOf(http://purl.obolibrary.org/obo/TRANS_0000001 http://purl.obolibrary.org/obo/TRANS_0000000).
[2026-06-26 09:48:41.952] Found 125 possible bad axioms.
[2026-06-26 09:48:41.952] Selected the bad axiom SubClassOf(http://purl.obolibrary.org/obo/TRANS_0000012 http://purl.obolibrary.org/obo/TRANS_0000010).
[2026-06-26 09:48:41.955] Found 124 possible bad axioms.
[2026-06-26 09:48:41.955] Selected the bad axiom SubClassOf(http://purl.obolibrary.org/obo/TRANS_0000020 http://purl.obolibrary.org/obo/TRANS_0000019).
[2026-06-26 09:48:41.958] Found 123 possible bad axioms.
[2026-06-26 09:48:41.958] Selected the bad axiom SubClassOf(http://purl.obolibrary.org/obo/TRANS_0000034 http://purl.obolibrary.org/obo/TRANS_0000030).
[2026-06-26 09:48:41.961] Found 122 possible bad axioms.
[2026-06-26 09:48:41.961] Selected the bad axiom SubClassOf(http://purl.obolibrary.org/obo/TRANS_0000034 http://purl.obolibrary.org/obo/TRANS_0000012).
[2026-06-26 09:48:41.963] Found 121 possible bad axioms.
[2026-06-26 09:48:41.964] Selected the bad axiom SubClassOf(http://purl.obolibrary.org/obo/TRANS_0000034 http://purl.obolibrary.org/obo/TRANS_0000033).
[2026-06-26 09:48:41.966] Found 120 possible bad axioms.
[2026-06-26 09:48:41.966] Selected the bad axiom SubClassOf(http://purl.obolibrary.org/obo/TRANS_0000034 http://purl.obolibrary.org/obo/TRANS_0000026).
[2026-06-26 09:48:41.973] Found 119 possible bad axioms.
[2026-06-26 09:48:41.973] Selected the bad axiom SubClassOf(http://purl.obolibrary.org/obo/TRANS_0000007 http://purl.obolibrary.org/obo/TRANS_0000001).
[2026-06-26 09:48:41.976] Found 118 possible bad axioms.
[2026-06-26 09:48:41.976] Selected the bad axiom SubClassOf(http://purl.obolibrary.org/obo/TRANS_0000007 http://purl.obolibrary.org/obo/TRANS_0000008).
[2026-06-26 09:48:41.978] Found 117 possible bad axioms.
[2026-06-26 09:48:41.978] Selected the bad axiom SubClassOf(http://purl.obolibrary.org/obo/TRANS_0000021 http://purl.obolibrary.org/obo/TRANS_0000023).
[2026-06-26 09:48:41.985] Found 116 possible bad axioms.
[2026-06-26 09:48:41.986] Selected the bad axiom SubClassOf(http://purl.obolibrary.org/obo/TRANS_0000015 http://purl.obolibrary.org/obo/T
...[truncated]
FAIL: attempt=105 seed=1476868 status=memory_limit_exceeded stage=B4 message=Repair failed: ExecutionException: java.lang.NullPointerException: operands cannot be null or empty
progress: ontology=PTRANS attempt=105 success=88/100
----- PTRANS attempt=106 seed=1491068 at 2026-06-26 09:48:44 -----
--- stdout ---
{"seed":1491068,"run_id":"20260624134028346645","trial_status":"memory_limit_exceeded","error_type":"failure","failure_stage":"A3","error_message":"Repair failed: ExecutionException: java.lang.NullPointerException: operands cannot be null or empty","iic_values":{},"repair_runtimes_ms":{"A1":160,"A2":1099,"A3":389}}

--- stderr ---
SingleTrialExperiment starting: ontology=/workspaces/ontologyutils-ekaw26/repair-power-index-replication-ekaw26/ontologies/inconsistent/PTRANS.owl, seed=1491068, run_id=20260624134028346645
Loaded ontology.
Normalizing ontology with SROIQ normalization...
Normalized ontology with SROIQ normalization.
Ontology is already inconsistent, skipping make-inconsistent step.
Repairing with A1 (random-removal)...
[2026-06-26 09:48:45.322] Checking precondition...
[2026-06-26 09:48:45.336] Starting the repair...
[2026-06-26 09:48:45.342] Found 127 possible bad axioms.
[2026-06-26 09:48:45.344] Selected the bad axiom SubClassOf(http://purl.obolibrary.org/obo/TRANS_0000002 http://purl.obolibrary.org/obo/TRANS_0000019).
[2026-06-26 09:48:45.349] Found 126 possible bad axioms.
[2026-06-26 09:48:45.350] Selected the bad axiom SubClassOf(http://purl.obolibrary.org/obo/TRANS_0000033 http://purl.obolibrary.org/obo/TRANS_0000015).
[2026-06-26 09:48:45.353] Found 125 possible bad axioms.
[2026-06-26 09:48:45.353] Selected the bad axiom SubClassOf(http://purl.obolibrary.org/obo/TRANS_0000029 http://purl.obolibrary.org/obo/TRANS_0000010).
[2026-06-26 09:48:45.356] Found 124 possible bad axioms.
[2026-06-26 09:48:45.356] Selected the bad axiom SubClassOf(http://purl.obolibrary.org/obo/TRANS_0000025 http://purl.obolibrary.org/obo/TRANS_0000012).
[2026-06-26 09:48:45.359] Found 123 possible bad axioms.
[2026-06-26 09:48:45.359] Selected the bad axiom SubClassOf(http://purl.obolibrary.org/obo/TRANS_0000028 http://purl.obolibrary.org/obo/TRANS_0000013).
[2026-06-26 09:48:45.361] Found 122 possible bad axioms.
[2026-06-26 09:48:45.361] Selected the bad axiom SubClassOf(http://purl.obolibrary.org/obo/TRANS_0000023 http://purl.obolibrary.org/obo/TRANS_0000020).
[2026-06-26 09:48:45.364] Found 121 possible bad axioms.
[2026-06-26 09:48:45.364] Selected the bad axiom SubClassOf(http://purl.obolibrary.org/obo/TRANS_0000034 http://purl.obolibrary.org/obo/TRANS_0000030).
[2026-06-26 09:48:45.367] Found 120 possible bad axioms.
[2026-06-26 09:48:45.367] Selected the bad axiom SubClassOf(http://purl.obolibrary.org/obo/TRANS_0000034 http://purl.obolibrary.org/obo/TRANS_0000026).
[2026-06-26 09:48:45.373] Found 119 possible bad axioms.
[2026-06-26 09:48:45.373] Selected the bad axiom SubClassOf(http://purl.obolibrary.org/obo/TRANS_0000002 owl:Nothing).
[2026-06-26 09:48:45.375] Found 118 possible bad axioms.
[2026-06-26 09:48:45.375] Selected the bad axiom SubClassOf(http://purl.obolibrary.org/obo/TRANS_0000033 http://purl.obolibrary.org/obo/TRANS_0000010).
[2026-06-26 09:48:45.378] Found 117 possible bad axioms.
[2026-06-26 09:48:45.378] Selected the bad axiom SubClassOf(http://purl.obolibrary.org/obo/TRANS_0000031 http://purl.obolibrary.org/obo/TRANS_0000015).
[2026-06-26 09:48:45.385] Found 116 possible bad axioms.
[2026-06-26 09:48:45.386] Selected the bad axiom SubClassOf(http://purl.obolibrary.org/obo/TRANS_0000020 http://purl.obolibrary.org/obo/TRANS_0000024).
[2026-06-26 09:48:
...[truncated]
FAIL: attempt=106 seed=1491068 status=memory_limit_exceeded stage=A3 message=Repair failed: ExecutionException: java.lang.NullPointerException: operands cannot be null or empty
progress: ontology=PTRANS attempt=106 success=88/100
----- PTRANS attempt=107 seed=1505268 at 2026-06-26 09:48:47 -----
--- stdout ---
{"seed":1505268,"run_id":"20260624134028346645","trial_status":"success","error_type":null,"failure_stage":null,"error_message":null,"iic_values":{"B1_vs_A1":0.9920634920634921,"B1_vs_A2":0.5,"B1_vs_A3":0.5,"B2_vs_A1":0.9920634920634921,"B2_vs_A2":0.5,"B2_vs_A3":0.5,"B3_vs_A1":0.9920634920634921,"B3_vs_A2":0.5,"B3_vs_A3":0.5,"B4_vs_A1":0.9920634920634921,"B4_vs_A2":0.5,"B4_vs_A3":0.5,"B5_vs_A1":0.9920634920634921,"B5_vs_A2":0.5,"B5_vs_A3":0.5,"B6_vs_A1":0.9920634920634921,"B6_vs_A2":0.5,"B6_vs_A3":0.5,"B7_vs_A1":0.9920634920634921,"B7_vs_A2":0.5,"B7_vs_A3":0.5,"B8_vs_A1":0.9920634920634921,"B8_vs_A2":0.5,"B8_vs_A3":0.5,"B9_vs_A1":0.9920634920634921,"B9_vs_A2":0.5,"B9_vs_A3":0.5},"repair_runtimes_ms":{"A1":142,"A2":1096,"A3":228,"B1":196,"B2":2383,"B3":1273,"B4":59,"B5":1800,"B6":1092,"B7":81,"B8":500,"B9":1075}}

--- stderr ---
SingleTrialExperiment starting: ontology=/workspaces/ontologyutils-ekaw26/repair-power-index-replication-ekaw26/ontologies/inconsistent/PTRANS.owl, seed=1505268, run_id=20260624134028346645
Loaded ontology.
Normalizing ontology with SROIQ normalization...
Normalized ontology with SROIQ normalization.
Ontology is already inconsistent, skipping make-inconsistent step.
Repairing with A1 (random-removal)...
[2026-06-26 09:48:47.369] Checking precondition...
[2026-06-26 09:48:47.384] Starting the repair...
[2026-06-26 09:48:47.390] Found 127 possible bad axioms.
[2026-06-26 09:48:47.391] Selected the bad axiom SubClassOf(http://purl.obolibrary.org/obo/TRANS_0000028 http://purl.obolibrary.org/obo/TRANS_0000011).
[2026-06-26 09:48:47.396] Found 126 possible bad axioms.
[2026-06-26 09:48:47.396] Selected the bad axiom SubClassOf(http://purl.obolibrary.org/obo/TRANS_0000029 http://purl.obolibrary.org/obo/TRANS_0000010).
[2026-06-26 09:48:47.399] Found 125 possible bad axioms.
[2026-06-26 09:48:47.400] Selected the bad axiom SubClassOf(http://purl.obolibrary.org/obo/TRANS_0000002 http://purl.obolibrary.org/obo/TRANS_0000007).
[2026-06-26 09:48:47.403] Found 124 possible bad axioms.
[2026-06-26 09:48:47.404] Selected the bad axiom SubClassOf(http://purl.obolibrary.org/obo/TRANS_0000015 http://purl.obolibrary.org/obo/TRANS_0000033).
[2026-06-26 09:48:47.406] Found 123 possible bad axioms.
[2026-06-26 09:48:47.406] Selected the bad axiom SubClassOf(http://purl.obolibrary.org/obo/TRANS_0000012 http://purl.obolibrary.org/obo/TRANS_0000010).
[2026-06-26 09:48:47.409] Found 122 possible bad axioms.
[2026-06-26 09:48:47.409] Selected the bad axiom SubClassOf(http://purl.obolibrary.org/obo/TRANS_0000008 http://purl.obolibrary.org/obo/TRANS_0000007).
[2026-06-26 09:48:47.412] Found 121 possible bad axioms.
[2026-06-26 09:48:47.412] Selected the bad axiom SubClassOf(http://purl.obolibrary.org/obo/TRANS_0000003 http://purl.obolibrary.org/obo/TRANS_0000025).
[2026-06-26 09:48:47.414] Found 120 possible bad axioms.
[2026-06-26 09:48:47.415] Selected the bad axiom SubClassOf(http://purl.obolibrary.org/obo/TRANS_0000025 http://purl.obolibrary.org/obo/TRANS_0000013).
[2026-06-26 09:48:47.421] Found 119 possible bad axioms.
[2026-06-26 09:48:47.421] Selected the bad axiom SubClassOf(http://purl.obolibrary.org/obo/TRANS_0000034 http://purl.obolibrary.org/obo/TRANS_0000029).
[2026-06-26 09:48:47.424] Found 118 possible bad axioms.
[2026-06-26 09:48:47.424] Selected the bad axiom SubClassOf(http://purl.obolibrary.org/obo/TRANS_0000025 http://purl.obolibrary.org/obo/TRANS_0000011).
[2026-06-26 09:48:47.426] Found 117 possible bad axioms.
[2026-06-26 09:48:47.426] Selected the bad axiom SubClassOf(http://purl.obolibrary.org/obo/TRANS_0000013 http://purl.obolibrary.org/obo/TRANS_0000027).
[2026-06-26 09:48:47.434] Found 116 possible bad axioms.
[2026-06-26 09:48:47.434] Selected the bad axiom SubClassOf(http://purl.obolibrary.org/obo/TRANS_0000021 owl:Nothing).
[2026-06-26 09:48:
...[truncated]
SUCCESS: attempt=107 seed=1505268 success_count=89/100
progress: ontology=PTRANS attempt=107 success=89/100
----- PTRANS attempt=108 seed=1519468 at 2026-06-26 09:48:57 -----
--- stdout ---
{"seed":1519468,"run_id":"20260624134028346645","trial_status":"success","error_type":null,"failure_stage":null,"error_message":null,"iic_values":{"B1_vs_A1":1.0,"B1_vs_A2":0.5,"B1_vs_A3":0.5,"B2_vs_A1":1.0,"B2_vs_A2":0.5,"B2_vs_A3":0.5,"B3_vs_A1":1.0,"B3_vs_A2":0.5,"B3_vs_A3":0.5,"B4_vs_A1":1.0,"B4_vs_A2":0.5,"B4_vs_A3":0.5,"B5_vs_A1":1.0,"B5_vs_A2":0.5,"B5_vs_A3":0.5,"B6_vs_A1":1.0,"B6_vs_A2":0.5,"B6_vs_A3":0.5,"B7_vs_A1":1.0,"B7_vs_A2":0.5,"B7_vs_A3":0.5,"B8_vs_A1":1.0,"B8_vs_A2":0.5,"B8_vs_A3":0.5,"B9_vs_A1":1.0,"B9_vs_A2":0.5,"B9_vs_A3":0.5},"repair_runtimes_ms":{"A1":186,"A2":1074,"A3":387,"B1":359,"B2":1411,"B3":1241,"B4":36,"B5":375,"B6":253,"B7":75,"B8":1037,"B9":1243}}

--- stderr ---
SingleTrialExperiment starting: ontology=/workspaces/ontologyutils-ekaw26/repair-power-index-replication-ekaw26/ontologies/inconsistent/PTRANS.owl, seed=1519468, run_id=20260624134028346645
Loaded ontology.
Normalizing ontology with SROIQ normalization...
Normalized ontology with SROIQ normalization.
Ontology is already inconsistent, skipping make-inconsistent step.
Repairing with A1 (random-removal)...
[2026-06-26 09:48:57.789] Checking precondition...
[2026-06-26 09:48:57.804] Starting the repair...
[2026-06-26 09:48:57.811] Found 127 possible bad axioms.
[2026-06-26 09:48:57.813] Selected the bad axiom SubClassOf(http://purl.obolibrary.org/obo/TRANS_0000034 http://purl.obolibrary.org/obo/TRANS_0000024).
[2026-06-26 09:48:57.817] Found 126 possible bad axioms.
[2026-06-26 09:48:57.818] Selected the bad axiom SubClassOf(http://purl.obolibrary.org/obo/TRANS_0000020 http://purl.obolibrary.org/obo/TRANS_0000019).
[2026-06-26 09:48:57.821] Found 125 possible bad axioms.
[2026-06-26 09:48:57.821] Selected the bad axiom SubClassOf(http://purl.obolibrary.org/obo/TRANS_0000007 http://purl.obolibrary.org/obo/TRANS_0000008).
[2026-06-26 09:48:57.825] Found 124 possible bad axioms.
[2026-06-26 09:48:57.826] Selected the bad axiom SubClassOf(http://purl.obolibrary.org/obo/TRANS_0000015 http://purl.obolibrary.org/obo/TRANS_0000011).
[2026-06-26 09:48:57.828] Found 123 possible bad axioms.
[2026-06-26 09:48:57.828] Selected the bad axiom SubClassOf(http://purl.obolibrary.org/obo/TRANS_0000029 http://purl.obolibrary.org/obo/TRANS_0000013).
[2026-06-26 09:48:57.831] Found 122 possible bad axioms.
[2026-06-26 09:48:57.831] Selected the bad axiom SubClassOf(http://purl.obolibrary.org/obo/TRANS_0000034 http://purl.obolibrary.org/obo/TRANS_0000026).
[2026-06-26 09:48:57.833] Found 121 possible bad axioms.
[2026-06-26 09:48:57.833] Selected the bad axiom SubClassOf(http://purl.obolibrary.org/obo/TRANS_0000027 http://purl.obolibrary.org/obo/TRANS_0000019).
[2026-06-26 09:48:57.836] Found 120 possible bad axioms.
[2026-06-26 09:48:57.836] Selected the bad axiom SubClassOf(http://purl.obolibrary.org/obo/TRANS_0000026 http://purl.obolibrary.org/obo/TRANS_0000025).
[2026-06-26 09:48:57.839] Found 119 possible bad axioms.
[2026-06-26 09:48:57.839] Selected the bad axiom SubClassOf(http://purl.obolibrary.org/obo/TRANS_0000006 http://purl.obolibrary.org/obo/TRANS_0000008).
[2026-06-26 09:48:57.846] Found 118 possible bad axioms.
[2026-06-26 09:48:57.846] Selected the bad axiom SubClassOf(http://purl.obolibrary.org/obo/TRANS_0000023 http://purl.obolibrary.org/obo/TRANS_0000020).
[2026-06-26 09:48:57.849] Found 117 possible bad axioms.
[2026-06-26 09:48:57.849] Selected the bad axiom SubClassOf(http://purl.obolibrary.org/obo/TRANS_0000023 http://purl.obolibrary.org/obo/TRANS_0000021).
[2026-06-26 09:48:57.856] Found 116 possible bad axioms.
[2026-06-26 09:48:57.857] Selected the bad axiom SubClassOf(http://purl.obolibrary.org/obo/TRANS_0000027 http://purl.obolibrary.org/obo/T
...[truncated]
SUCCESS: attempt=108 seed=1519468 success_count=90/100
progress: ontology=PTRANS attempt=108 success=90/100
----- PTRANS attempt=109 seed=1533668 at 2026-06-26 09:49:05 -----
--- stdout ---
{"seed":1533668,"run_id":"20260624134028346645","trial_status":"success","error_type":null,"failure_stage":null,"error_message":null,"iic_values":{"B1_vs_A1":0.9869451697127938,"B1_vs_A2":0.5,"B1_vs_A3":0.5,"B2_vs_A1":0.9869451697127938,"B2_vs_A2":0.5,"B2_vs_A3":0.5,"B3_vs_A1":0.9869451697127938,"B3_vs_A2":0.5,"B3_vs_A3":0.5,"B4_vs_A1":0.9869451697127938,"B4_vs_A2":0.5,"B4_vs_A3":0.5,"B5_vs_A1":0.9869451697127938,"B5_vs_A2":0.5,"B5_vs_A3":0.5,"B6_vs_A1":0.9869451697127938,"B6_vs_A2":0.5,"B6_vs_A3":0.5,"B7_vs_A1":0.9869451697127938,"B7_vs_A2":0.5,"B7_vs_A3":0.5,"B8_vs_A1":0.9869451697127938,"B8_vs_A2":0.5,"B8_vs_A3":0.5,"B9_vs_A1":0.9869451697127938,"B9_vs_A2":0.5,"B9_vs_A3":0.5},"repair_runtimes_ms":{"A1":176,"A2":1097,"A3":200,"B1":338,"B2":1483,"B3":1280,"B4":42,"B5":414,"B6":1086,"B7":112,"B8":1759,"B9":1165}}

--- stderr ---
SingleTrialExperiment starting: ontology=/workspaces/ontologyutils-ekaw26/repair-power-index-replication-ekaw26/ontologies/inconsistent/PTRANS.owl, seed=1533668, run_id=20260624134028346645
Loaded ontology.
Normalizing ontology with SROIQ normalization...
Normalized ontology with SROIQ normalization.
Ontology is already inconsistent, skipping make-inconsistent step.
Repairing with A1 (random-removal)...
[2026-06-26 09:49:05.955] Checking precondition...
[2026-06-26 09:49:05.969] Starting the repair...
[2026-06-26 09:49:05.975] Found 127 possible bad axioms.
[2026-06-26 09:49:05.977] Selected the bad axiom SubClassOf(http://purl.obolibrary.org/obo/TRANS_0000025 http://purl.obolibrary.org/obo/TRANS_0000014).
[2026-06-26 09:49:05.981] Found 126 possible bad axioms.
[2026-06-26 09:49:05.981] Selected the bad axiom SubClassOf(http://purl.obolibrary.org/obo/TRANS_0000034 http://purl.obolibrary.org/obo/TRANS_0000032).
[2026-06-26 09:49:05.985] Found 125 possible bad axioms.
[2026-06-26 09:49:05.985] Selected the bad axiom SubClassOf(http://purl.obolibrary.org/obo/TRANS_0000007 http://purl.obolibrary.org/obo/TRANS_0000008).
[2026-06-26 09:49:05.988] Found 124 possible bad axioms.
[2026-06-26 09:49:05.988] Selected the bad axiom SubClassOf(http://purl.obolibrary.org/obo/TRANS_0000027 http://purl.obolibrary.org/obo/TRANS_0000022).
[2026-06-26 09:49:05.991] Found 123 possible bad axioms.
[2026-06-26 09:49:05.991] Selected the bad axiom SubClassOf(http://purl.obolibrary.org/obo/TRANS_0000000 http://purl.obolibrary.org/obo/TRANS_0000001).
[2026-06-26 09:49:05.994] Found 122 possible bad axioms.
[2026-06-26 09:49:05.994] Selected the bad axiom SubClassOf(http://purl.obolibrary.org/obo/TRANS_0000033 http://purl.obolibrary.org/obo/TRANS_0000015).
[2026-06-26 09:49:05.996] Found 121 possible bad axioms.
[2026-06-26 09:49:05.997] Selected the bad axiom SubClassOf(http://purl.obolibrary.org/obo/TRANS_0000020 http://purl.obolibrary.org/obo/TRANS_0000019).
[2026-06-26 09:49:05.999] Found 120 possible bad axioms.
[2026-06-26 09:49:05.999] Selected the bad axiom SubClassOf(http://purl.obolibrary.org/obo/TRANS_0000029 http://purl.obolibrary.org/obo/TRANS_0000012).
[2026-06-26 09:49:06.005] Found 119 possible bad axioms.
[2026-06-26 09:49:06.005] Selected the bad axiom SubClassOf(http://purl.obolibrary.org/obo/TRANS_0000011 http://purl.obolibrary.org/obo/TRANS_0000010).
[2026-06-26 09:49:06.008] Found 118 possible bad axioms.
[2026-06-26 09:49:06.008] Selected the bad axiom SubClassOf(http://purl.obolibrary.org/obo/TRANS_0000028 http://purl.obolibrary.org/obo/TRANS_0000029).
[2026-06-26 09:49:06.010] Found 117 possible bad axioms.
[2026-06-26 09:49:06.011] Selected the bad axiom SubClassOf(http://purl.obolibrary.org/obo/TRANS_0000028 http://purl.obolibrary.org/obo/TRANS_0000031).
[2026-06-26 09:49:06.017] Found 116 possible bad axioms.
[2026-06-26 09:49:06.018] Selected the bad axiom SubClassOf(http://purl.obolibrary.org/obo/TRANS_0000015 http://purl.obolibrary.org/obo/T
...[truncated]
SUCCESS: attempt=109 seed=1533668 success_count=91/100
progress: ontology=PTRANS attempt=109 success=91/100
----- PTRANS attempt=110 seed=1547868 at 2026-06-26 09:49:15 -----
--- stdout ---
{"seed":1547868,"run_id":"20260624134028346645","trial_status":"success","error_type":null,"failure_stage":null,"error_message":null,"iic_values":{"B1_vs_A1":1.0,"B1_vs_A2":0.5,"B1_vs_A3":0.5,"B2_vs_A1":1.0,"B2_vs_A2":0.5,"B2_vs_A3":0.5,"B3_vs_A1":1.0,"B3_vs_A2":0.5,"B3_vs_A3":0.5,"B4_vs_A1":1.0,"B4_vs_A2":0.5,"B4_vs_A3":0.5,"B5_vs_A1":1.0,"B5_vs_A2":0.5,"B5_vs_A3":0.5,"B6_vs_A1":1.0,"B6_vs_A2":0.5,"B6_vs_A3":0.5,"B7_vs_A1":1.0,"B7_vs_A2":0.5,"B7_vs_A3":0.5,"B8_vs_A1":1.0,"B8_vs_A2":0.5,"B8_vs_A3":0.5,"B9_vs_A1":1.0,"B9_vs_A2":0.5,"B9_vs_A3":0.5},"repair_runtimes_ms":{"A1":157,"A2":1088,"A3":235,"B1":168,"B2":2319,"B3":1007,"B4":65,"B5":1662,"B6":1204,"B7":77,"B8":365,"B9":1198}}

--- stderr ---
SingleTrialExperiment starting: ontology=/workspaces/ontologyutils-ekaw26/repair-power-index-replication-ekaw26/ontologies/inconsistent/PTRANS.owl, seed=1547868, run_id=20260624134028346645
Loaded ontology.
Normalizing ontology with SROIQ normalization...
Normalized ontology with SROIQ normalization.
Ontology is already inconsistent, skipping make-inconsistent step.
Repairing with A1 (random-removal)...
[2026-06-26 09:49:15.597] Checking precondition...
[2026-06-26 09:49:15.612] Starting the repair...
[2026-06-26 09:49:15.618] Found 127 possible bad axioms.
[2026-06-26 09:49:15.620] Selected the bad axiom SubClassOf(http://purl.obolibrary.org/obo/TRANS_0000025 http://purl.obolibrary.org/obo/TRANS_0000026).
[2026-06-26 09:49:15.625] Found 126 possible bad axioms.
[2026-06-26 09:49:15.625] Selected the bad axiom SubClassOf(http://purl.obolibrary.org/obo/TRANS_0000025 http://purl.obolibrary.org/obo/TRANS_0000015).
[2026-06-26 09:49:15.628] Found 125 possible bad axioms.
[2026-06-26 09:49:15.629] Selected the bad axiom SubClassOf(http://purl.obolibrary.org/obo/TRANS_0000025 http://purl.obolibrary.org/obo/TRANS_0000014).
[2026-06-26 09:49:15.632] Found 124 possible bad axioms.
[2026-06-26 09:49:15.632] Selected the bad axiom SubClassOf(http://purl.obolibrary.org/obo/TRANS_0000029 http://purl.obolibrary.org/obo/TRANS_0000033).
[2026-06-26 09:49:15.635] Found 123 possible bad axioms.
[2026-06-26 09:49:15.635] Selected the bad axiom SubClassOf(http://purl.obolibrary.org/obo/TRANS_0000034 http://purl.obolibrary.org/obo/TRANS_0000012).
[2026-06-26 09:49:15.638] Found 122 possible bad axioms.
[2026-06-26 09:49:15.638] Selected the bad axiom SubClassOf(http://purl.obolibrary.org/obo/TRANS_0000025 http://purl.obolibrary.org/obo/TRANS_0000003).
[2026-06-26 09:49:15.641] Found 121 possible bad axioms.
[2026-06-26 09:49:15.641] Selected the bad axiom SubClassOf(http://purl.obolibrary.org/obo/TRANS_0000019 http://purl.obolibrary.org/obo/TRANS_0000023).
[2026-06-26 09:49:15.643] Found 120 possible bad axioms.
[2026-06-26 09:49:15.643] Selected the bad axiom SubClassOf(http://purl.obolibrary.org/obo/TRANS_0000021 owl:Nothing).
[2026-06-26 09:49:15.650] Found 119 possible bad axioms.
[2026-06-26 09:49:15.650] Selected the bad axiom SubClassOf(http://purl.obolibrary.org/obo/TRANS_0000034 http://purl.obolibrary.org/obo/TRANS_0000033).
[2026-06-26 09:49:15.653] Found 118 possible bad axioms.
[2026-06-26 09:49:15.653] Selected the bad axiom SubClassOf(http://purl.obolibrary.org/obo/TRANS_0000023 http://purl.obolibrary.org/obo/TRANS_0000021).
[2026-06-26 09:49:15.655] Found 117 possible bad axioms.
[2026-06-26 09:49:15.655] Selected the bad axiom SubClassOf(http://purl.obolibrary.org/obo/TRANS_0000028 http://purl.obolibrary.org/obo/TRANS_0000011).
[2026-06-26 09:49:15.663] Found 116 possible bad axioms.
[2026-06-26 09:49:15.663] Selected the bad axiom SubClassOf(http://purl.obolibrary.org/obo/TRANS_0000010 http://purl.obolibrary.org/obo/TRANS_0000002).
[2026-06-26 09:49:
...[truncated]
SUCCESS: attempt=110 seed=1547868 success_count=92/100
progress: ontology=PTRANS attempt=110 success=92/100
----- PTRANS attempt=111 seed=1562068 at 2026-06-26 09:49:25 -----
--- stdout ---
{"seed":1562068,"run_id":"20260624134028346645","trial_status":"success","error_type":null,"failure_stage":null,"error_message":null,"iic_values":{"B1_vs_A1":1.0,"B1_vs_A2":0.5,"B1_vs_A3":0.5,"B2_vs_A1":1.0,"B2_vs_A2":0.5,"B2_vs_A3":0.5,"B3_vs_A1":1.0,"B3_vs_A2":0.5,"B3_vs_A3":0.5,"B4_vs_A1":1.0,"B4_vs_A2":0.5,"B4_vs_A3":0.5,"B5_vs_A1":1.0,"B5_vs_A2":0.5,"B5_vs_A3":0.5,"B6_vs_A1":1.0,"B6_vs_A2":0.5,"B6_vs_A3":0.5,"B7_vs_A1":1.0,"B7_vs_A2":0.5,"B7_vs_A3":0.5,"B8_vs_A1":1.0,"B8_vs_A2":0.5,"B8_vs_A3":0.5,"B9_vs_A1":1.0,"B9_vs_A2":0.5,"B9_vs_A3":0.5},"repair_runtimes_ms":{"A1":134,"A2":1122,"A3":383,"B1":201,"B2":2235,"B3":1260,"B4":104,"B5":1766,"B6":1056,"B7":71,"B8":1554,"B9":1031}}

--- stderr ---
SingleTrialExperiment starting: ontology=/workspaces/ontologyutils-ekaw26/repair-power-index-replication-ekaw26/ontologies/inconsistent/PTRANS.owl, seed=1562068, run_id=20260624134028346645
Loaded ontology.
Normalizing ontology with SROIQ normalization...
Normalized ontology with SROIQ normalization.
Ontology is already inconsistent, skipping make-inconsistent step.
Repairing with A1 (random-removal)...
[2026-06-26 09:49:26.331] Checking precondition...
[2026-06-26 09:49:26.345] Starting the repair...
[2026-06-26 09:49:26.352] Found 127 possible bad axioms.
[2026-06-26 09:49:26.353] Selected the bad axiom SubClassOf(http://purl.obolibrary.org/obo/TRANS_0000029 http://purl.obolibrary.org/obo/TRANS_0000013).
[2026-06-26 09:49:26.358] Found 126 possible bad axioms.
[2026-06-26 09:49:26.358] Selected the bad axiom SubClassOf(http://purl.obolibrary.org/obo/TRANS_0000007 http://purl.obolibrary.org/obo/TRANS_0000008).
[2026-06-26 09:49:26.362] Found 125 possible bad axioms.
[2026-06-26 09:49:26.362] Selected the bad axiom SubClassOf(http://purl.obolibrary.org/obo/TRANS_0000005 http://purl.obolibrary.org/obo/TRANS_0000022).
[2026-06-26 09:49:26.365] Found 124 possible bad axioms.
[2026-06-26 09:49:26.365] Selected the bad axiom SubClassOf(http://purl.obolibrary.org/obo/TRANS_0000005 http://purl.obolibrary.org/obo/TRANS_0000002).
[2026-06-26 09:49:26.368] Found 123 possible bad axioms.
[2026-06-26 09:49:26.368] Selected the bad axiom SubClassOf(http://purl.obolibrary.org/obo/TRANS_0000034 http://purl.obolibrary.org/obo/TRANS_0000013).
[2026-06-26 09:49:26.370] Found 122 possible bad axioms.
[2026-06-26 09:49:26.371] Selected the bad axiom SubClassOf(http://purl.obolibrary.org/obo/TRANS_0000025 http://purl.obolibrary.org/obo/TRANS_0000012).
[2026-06-26 09:49:26.373] Found 121 possible bad axioms.
[2026-06-26 09:49:26.374] Selected the bad axiom SubClassOf(http://purl.obolibrary.org/obo/TRANS_0000029 http://purl.obolibrary.org/obo/TRANS_0000010).
[2026-06-26 09:49:26.377] Found 120 possible bad axioms.
[2026-06-26 09:49:26.377] Selected the bad axiom SubClassOf(http://purl.obolibrary.org/obo/TRANS_0000027 http://purl.obolibrary.org/obo/TRANS_0000020).
[2026-06-26 09:49:26.383] Found 119 possible bad axioms.
[2026-06-26 09:49:26.383] Selected the bad axiom SubClassOf(http://purl.obolibrary.org/obo/TRANS_0000019 http://purl.obolibrary.org/obo/TRANS_0000023).
[2026-06-26 09:49:26.385] Found 118 possible bad axioms.
[2026-06-26 09:49:26.386] Selected the bad axiom SubClassOf(http://purl.obolibrary.org/obo/TRANS_0000010 http://purl.obolibrary.org/obo/TRANS_0000002).
[2026-06-26 09:49:26.388] Found 117 possible bad axioms.
[2026-06-26 09:49:26.389] Selected the bad axiom SubClassOf(http://purl.obolibrary.org/obo/TRANS_0000021 owl:Nothing).
[2026-06-26 09:49:26.396] Found 116 possible bad axioms.
[2026-06-26 09:49:26.396] Selected the bad axiom SubClassOf(http://purl.obolibrary.org/obo/TRANS_0000034 http://purl.obolibrary.org/obo/TRANS_0000026).
[2026-06-26 09:49:
...[truncated]
SUCCESS: attempt=111 seed=1562068 success_count=93/100
progress: ontology=PTRANS attempt=111 success=93/100
----- PTRANS attempt=112 seed=1576268 at 2026-06-26 09:49:37 -----
--- stdout ---
{"seed":1576268,"run_id":"20260624134028346645","trial_status":"memory_limit_exceeded","error_type":"failure","failure_stage":"B5","error_message":"Repair failed: ExecutionException: java.lang.IllegalStateException: Could not find a weakening for axiom: ⊤ ⊑ TRANS_0000008","iic_values":{},"repair_runtimes_ms":{"A1":206,"A2":1091,"A3":185,"B1":573,"B2":2300,"B3":1233,"B4":49,"B5":1785}}

--- stderr ---
SingleTrialExperiment starting: ontology=/workspaces/ontologyutils-ekaw26/repair-power-index-replication-ekaw26/ontologies/inconsistent/PTRANS.owl, seed=1576268, run_id=20260624134028346645
Loaded ontology.
Normalizing ontology with SROIQ normalization...
Normalized ontology with SROIQ normalization.
Ontology is already inconsistent, skipping make-inconsistent step.
Repairing with A1 (random-removal)...
[2026-06-26 09:49:37.754] Checking precondition...
[2026-06-26 09:49:37.767] Starting the repair...
[2026-06-26 09:49:37.773] Found 127 possible bad axioms.
[2026-06-26 09:49:37.775] Selected the bad axiom SubClassOf(http://purl.obolibrary.org/obo/TRANS_0000028 http://purl.obolibrary.org/obo/TRANS_0000015).
[2026-06-26 09:49:37.779] Found 126 possible bad axioms.
[2026-06-26 09:49:37.780] Selected the bad axiom SubClassOf(http://purl.obolibrary.org/obo/TRANS_0000001 http://purl.obolibrary.org/obo/TRANS_0000008).
[2026-06-26 09:49:37.783] Found 125 possible bad axioms.
[2026-06-26 09:49:37.783] Selected the bad axiom SubClassOf(http://purl.obolibrary.org/obo/TRANS_0000025 http://purl.obolibrary.org/obo/TRANS_0000013).
[2026-06-26 09:49:37.787] Found 124 possible bad axioms.
[2026-06-26 09:49:37.787] Selected the bad axiom SubClassOf(http://purl.obolibrary.org/obo/TRANS_0000029 http://purl.obolibrary.org/obo/TRANS_0000033).
[2026-06-26 09:49:37.789] Found 123 possible bad axioms.
[2026-06-26 09:49:37.789] Selected the bad axiom SubClassOf(http://purl.obolibrary.org/obo/TRANS_0000020 http://purl.obolibrary.org/obo/TRANS_0000019).
[2026-06-26 09:49:37.792] Found 122 possible bad axioms.
[2026-06-26 09:49:37.793] Selected the bad axiom SubClassOf(http://purl.obolibrary.org/obo/TRANS_0000018 http://purl.obolibrary.org/obo/TRANS_0000006).
[2026-06-26 09:49:37.795] Found 121 possible bad axioms.
[2026-06-26 09:49:37.795] Selected the bad axiom SubClassOf(http://purl.obolibrary.org/obo/TRANS_0000020 http://purl.obolibrary.org/obo/TRANS_0000027).
[2026-06-26 09:49:37.798] Found 120 possible bad axioms.
[2026-06-26 09:49:37.798] Selected the bad axiom SubClassOf(http://purl.obolibrary.org/obo/TRANS_0000008 http://purl.obolibrary.org/obo/TRANS_0000007).
[2026-06-26 09:49:37.805] Found 119 possible bad axioms.
[2026-06-26 09:49:37.805] Selected the bad axiom SubClassOf(http://purl.obolibrary.org/obo/TRANS_0000029 http://purl.obolibrary.org/obo/TRANS_0000024).
[2026-06-26 09:49:37.808] Found 118 possible bad axioms.
[2026-06-26 09:49:37.808] Selected the bad axiom SubClassOf(http://purl.obolibrary.org/obo/TRANS_0000025 http://purl.obolibrary.org/obo/TRANS_0000009).
[2026-06-26 09:49:37.810] Found 117 possible bad axioms.
[2026-06-26 09:49:37.810] Selected the bad axiom SubClassOf(http://purl.obolibrary.org/obo/TRANS_0000020 http://purl.obolibrary.org/obo/TRANS_0000024).
[2026-06-26 09:49:37.817] Found 116 possible bad axioms.
[2026-06-26 09:49:37.817] Selected the bad axiom SubClassOf(http://purl.obolibrary.org/obo/TRANS_0000027 http://purl.obolibrary.org/obo/T
...[truncated]
FAIL: attempt=112 seed=1576268 status=memory_limit_exceeded stage=B5 message=Repair failed: ExecutionException: java.lang.IllegalStateException: Could not find a weakening for axiom: ⊤ ⊑ TRANS_0000008
progress: ontology=PTRANS attempt=112 success=93/100
----- PTRANS attempt=113 seed=1590468 at 2026-06-26 09:49:45 -----
--- stdout ---
{"seed":1590468,"run_id":"20260624134028346645","trial_status":"success","error_type":null,"failure_stage":null,"error_message":null,"iic_values":{"B1_vs_A1":1.0,"B1_vs_A2":0.5,"B1_vs_A3":0.5,"B2_vs_A1":1.0,"B2_vs_A2":0.5,"B2_vs_A3":0.5,"B3_vs_A1":1.0,"B3_vs_A2":0.5,"B3_vs_A3":0.5,"B4_vs_A1":1.0,"B4_vs_A2":0.5,"B4_vs_A3":0.5,"B5_vs_A1":1.0,"B5_vs_A2":0.5,"B5_vs_A3":0.5,"B6_vs_A1":1.0,"B6_vs_A2":0.5,"B6_vs_A3":0.5,"B7_vs_A1":1.0,"B7_vs_A2":0.5,"B7_vs_A3":0.5,"B8_vs_A1":1.0,"B8_vs_A2":0.5,"B8_vs_A3":0.5,"B9_vs_A1":1.0,"B9_vs_A2":0.5,"B9_vs_A3":0.5},"repair_runtimes_ms":{"A1":60,"A2":1187,"A3":213,"B1":203,"B2":2273,"B3":393,"B4":40,"B5":1761,"B6":1139,"B7":79,"B8":1732,"B9":1086}}

--- stderr ---
SingleTrialExperiment starting: ontology=/workspaces/ontologyutils-ekaw26/repair-power-index-replication-ekaw26/ontologies/inconsistent/PTRANS.owl, seed=1590468, run_id=20260624134028346645
Loaded ontology.
Normalizing ontology with SROIQ normalization...
Normalized ontology with SROIQ normalization.
Ontology is already inconsistent, skipping make-inconsistent step.
Repairing with A1 (random-removal)...
[2026-06-26 09:49:45.785] Checking precondition...
[2026-06-26 09:49:45.799] Starting the repair...
[2026-06-26 09:49:45.805] Found 127 possible bad axioms.
[2026-06-26 09:49:45.806] Selected the bad axiom SubClassOf(http://purl.obolibrary.org/obo/TRANS_0000021 http://purl.obolibrary.org/obo/TRANS_0000023).
[2026-06-26 09:49:45.811] Found 126 possible bad axioms.
[2026-06-26 09:49:45.812] Selected the bad axiom SubClassOf(http://purl.obolibrary.org/obo/TRANS_0000000 http://purl.obolibrary.org/obo/TRANS_0000001).
[2026-06-26 09:49:45.815] Found 125 possible bad axioms.
[2026-06-26 09:49:45.815] Selected the bad axiom SubClassOf(http://purl.obolibrary.org/obo/TRANS_0000032 http://purl.obolibrary.org/obo/TRANS_0000015).
[2026-06-26 09:49:45.818] Found 124 possible bad axioms.
[2026-06-26 09:49:45.818] Selected the bad axiom SubClassOf(http://purl.obolibrary.org/obo/TRANS_0000020 http://purl.obolibrary.org/obo/TRANS_0000024).
[2026-06-26 09:49:45.821] Found 123 possible bad axioms.
[2026-06-26 09:49:45.821] Selected the bad axiom SubClassOf(http://purl.obolibrary.org/obo/TRANS_0000033 http://purl.obolibrary.org/obo/TRANS_0000010).
[2026-06-26 09:49:45.823] Found 122 possible bad axioms.
[2026-06-26 09:49:45.824] Selected the bad axiom SubClassOf(http://purl.obolibrary.org/obo/TRANS_0000015 http://purl.obolibrary.org/obo/TRANS_0000025).
[2026-06-26 09:49:45.826] Found 121 possible bad axioms.
[2026-06-26 09:49:45.826] Selected the bad axiom SubClassOf(http://purl.obolibrary.org/obo/TRANS_0000015 http://purl.obolibrary.org/obo/TRANS_0000009).
[2026-06-26 09:49:45.829] Found 120 possible bad axioms.
[2026-06-26 09:49:45.829] Selected the bad axiom SubClassOf(http://purl.obolibrary.org/obo/TRANS_0000029 http://purl.obolibrary.org/obo/TRANS_0000010).
[2026-06-26 09:49:45.836] Found 119 possible bad axioms.
[2026-06-26 09:49:45.836] Selected the bad axiom SubClassOf(http://purl.obolibrary.org/obo/TRANS_0000007 http://purl.obolibrary.org/obo/TRANS_0000008).
[2026-06-26 09:49:45.838] Found 118 possible bad axioms.
[2026-06-26 09:49:45.838] Selected the bad axiom SubClassOf(owl:Thing http://purl.obolibrary.org/obo/TRANS_0000008).
[2026-06-26 09:49:45.841] Finished repairing the ontology.
Repairing with A2 (not-in-largest-mcs-removal)...
[2026-06-26 09:49:45.841] Checking precondition...
[2026-06-26 09:49:45.852] Starting the repair...
[2026-06-26 09:49:47.028] Found 1 possible bad axioms.
[2026-06-26 09:49:47.028] Selected the bad axiom SubClassOf(owl:Thing http://purl.obolibrary.org/obo/TRANS_0000008).
[2026-06-26 09:49:47.029] Finished repairing the ontology
...[truncated]
SUCCESS: attempt=113 seed=1590468 success_count=94/100
progress: ontology=PTRANS attempt=113 success=94/100
----- PTRANS attempt=114 seed=1604668 at 2026-06-26 09:49:56 -----
--- stdout ---
{"seed":1604668,"run_id":"20260624134028346645","trial_status":"success","error_type":null,"failure_stage":null,"error_message":null,"iic_values":{"B1_vs_A1":1.0,"B1_vs_A2":0.5,"B1_vs_A3":0.5,"B2_vs_A1":1.0,"B2_vs_A2":0.5,"B2_vs_A3":0.5,"B3_vs_A1":1.0,"B3_vs_A2":0.5,"B3_vs_A3":0.5,"B4_vs_A1":1.0,"B4_vs_A2":0.5,"B4_vs_A3":0.5,"B5_vs_A1":1.0,"B5_vs_A2":0.5,"B5_vs_A3":0.5,"B6_vs_A1":1.0,"B6_vs_A2":0.5,"B6_vs_A3":0.5,"B7_vs_A1":1.0,"B7_vs_A2":0.5,"B7_vs_A3":0.5,"B8_vs_A1":1.0,"B8_vs_A2":0.5,"B8_vs_A3":0.5,"B9_vs_A1":1.0,"B9_vs_A2":0.5,"B9_vs_A3":0.5},"repair_runtimes_ms":{"A1":113,"A2":1154,"A3":213,"B1":167,"B2":1614,"B3":1088,"B4":40,"B5":1679,"B6":250,"B7":64,"B8":1892,"B9":957}}

--- stderr ---
SingleTrialExperiment starting: ontology=/workspaces/ontologyutils-ekaw26/repair-power-index-replication-ekaw26/ontologies/inconsistent/PTRANS.owl, seed=1604668, run_id=20260624134028346645
Loaded ontology.
Normalizing ontology with SROIQ normalization...
Normalized ontology with SROIQ normalization.
Ontology is already inconsistent, skipping make-inconsistent step.
Repairing with A1 (random-removal)...
[2026-06-26 09:49:56.427] Checking precondition...
[2026-06-26 09:49:56.441] Starting the repair...
[2026-06-26 09:49:56.448] Found 127 possible bad axioms.
[2026-06-26 09:49:56.449] Selected the bad axiom SubClassOf(http://purl.obolibrary.org/obo/TRANS_0000012 http://purl.obolibrary.org/obo/TRANS_0000027).
[2026-06-26 09:49:56.453] Found 126 possible bad axioms.
[2026-06-26 09:49:56.454] Selected the bad axiom SubClassOf(http://purl.obolibrary.org/obo/TRANS_0000015 http://purl.obolibrary.org/obo/TRANS_0000011).
[2026-06-26 09:49:56.456] Found 125 possible bad axioms.
[2026-06-26 09:49:56.457] Selected the bad axiom SubClassOf(http://purl.obolibrary.org/obo/TRANS_0000015 http://purl.obolibrary.org/obo/TRANS_0000026).
[2026-06-26 09:49:56.460] Found 124 possible bad axioms.
[2026-06-26 09:49:56.461] Selected the bad axiom SubClassOf(http://purl.obolibrary.org/obo/TRANS_0000032 http://purl.obolibrary.org/obo/TRANS_0000015).
[2026-06-26 09:49:56.463] Found 123 possible bad axioms.
[2026-06-26 09:49:56.464] Selected the bad axiom SubClassOf(http://purl.obolibrary.org/obo/TRANS_0000034 http://purl.obolibrary.org/obo/TRANS_0000010).
[2026-06-26 09:49:56.466] Found 122 possible bad axioms.
[2026-06-26 09:49:56.467] Selected the bad axiom SubClassOf(http://purl.obolibrary.org/obo/TRANS_0000029 http://purl.obolibrary.org/obo/TRANS_0000013).
[2026-06-26 09:49:56.469] Found 121 possible bad axioms.
[2026-06-26 09:49:56.469] Selected the bad axiom SubClassOf(http://purl.obolibrary.org/obo/TRANS_0000025 http://purl.obolibrary.org/obo/TRANS_0000014).
[2026-06-26 09:49:56.472] Found 120 possible bad axioms.
[2026-06-26 09:49:56.472] Selected the bad axiom SubClassOf(http://purl.obolibrary.org/obo/TRANS_0000022 http://purl.obolibrary.org/obo/TRANS_0000021).
[2026-06-26 09:49:56.478] Found 119 possible bad axioms.
[2026-06-26 09:49:56.478] Selected the bad axiom SubClassOf(http://purl.obolibrary.org/obo/TRANS_0000033 http://purl.obolibrary.org/obo/TRANS_0000015).
[2026-06-26 09:49:56.481] Found 118 possible bad axioms.
[2026-06-26 09:49:56.481] Selected the bad axiom SubClassOf(http://purl.obolibrary.org/obo/TRANS_0000034 http://purl.obolibrary.org/obo/TRANS_0000026).
[2026-06-26 09:49:56.484] Found 117 possible bad axioms.
[2026-06-26 09:49:56.484] Selected the bad axiom SubClassOf(http://purl.obolibrary.org/obo/TRANS_0000010 http://purl.obolibrary.org/obo/TRANS_0000002).
[2026-06-26 09:49:56.491] Found 116 possible bad axioms.
[2026-06-26 09:49:56.491] Selected the bad axiom SubClassOf(http://purl.obolibrary.org/obo/TRANS_0000028 http://purl.obolibrary.org/obo/T
...[truncated]
SUCCESS: attempt=114 seed=1604668 success_count=95/100
progress: ontology=PTRANS attempt=114 success=95/100
----- PTRANS attempt=115 seed=1618868 at 2026-06-26 09:50:07 -----
--- stdout ---
{"seed":1618868,"run_id":"20260624134028346645","trial_status":"memory_limit_exceeded","error_type":"failure","failure_stage":"B5","error_message":"Repair failed: ExecutionException: java.lang.IllegalStateException: Could not find a weakening for axiom: ⊤ ⊑ TRANS_0000008","iic_values":{},"repair_runtimes_ms":{"A1":173,"A2":1080,"A3":413,"B1":485,"B2":2402,"B3":813,"B4":39,"B5":831}}

--- stderr ---
SingleTrialExperiment starting: ontology=/workspaces/ontologyutils-ekaw26/repair-power-index-replication-ekaw26/ontologies/inconsistent/PTRANS.owl, seed=1618868, run_id=20260624134028346645
Loaded ontology.
Normalizing ontology with SROIQ normalization...
Normalized ontology with SROIQ normalization.
Ontology is already inconsistent, skipping make-inconsistent step.
Repairing with A1 (random-removal)...
[2026-06-26 09:50:07.488] Checking precondition...
[2026-06-26 09:50:07.503] Starting the repair...
[2026-06-26 09:50:07.510] Found 127 possible bad axioms.
[2026-06-26 09:50:07.512] Selected the bad axiom SubClassOf(http://purl.obolibrary.org/obo/TRANS_0000002 http://purl.obolibrary.org/obo/TRANS_0000008).
[2026-06-26 09:50:07.516] Found 126 possible bad axioms.
[2026-06-26 09:50:07.516] Selected the bad axiom SubClassOf(http://purl.obolibrary.org/obo/TRANS_0000013 http://purl.obolibrary.org/obo/TRANS_0000027).
[2026-06-26 09:50:07.520] Found 125 possible bad axioms.
[2026-06-26 09:50:07.520] Selected the bad axiom SubClassOf(http://purl.obolibrary.org/obo/TRANS_0000002 owl:Nothing).
[2026-06-26 09:50:07.523] Found 124 possible bad axioms.
[2026-06-26 09:50:07.523] Selected the bad axiom SubClassOf(http://purl.obolibrary.org/obo/TRANS_0000009 http://purl.obolibrary.org/obo/TRANS_0000002).
[2026-06-26 09:50:07.526] Found 123 possible bad axioms.
[2026-06-26 09:50:07.526] Selected the bad axiom SubClassOf(http://purl.obolibrary.org/obo/TRANS_0000015 http://purl.obolibrary.org/obo/TRANS_0000026).
[2026-06-26 09:50:07.529] Found 122 possible bad axioms.
[2026-06-26 09:50:07.529] Selected the bad axiom SubClassOf(http://purl.obolibrary.org/obo/TRANS_0000031 http://purl.obolibrary.org/obo/TRANS_0000015).
[2026-06-26 09:50:07.532] Found 121 possible bad axioms.
[2026-06-26 09:50:07.532] Selected the bad axiom SubClassOf(http://purl.obolibrary.org/obo/TRANS_0000002 http://purl.obolibrary.org/obo/TRANS_0000007).
[2026-06-26 09:50:07.534] Found 120 possible bad axioms.
[2026-06-26 09:50:07.535] Selected the bad axiom SubClassOf(http://purl.obolibrary.org/obo/TRANS_0000015 http://purl.obolibrary.org/obo/TRANS_0000012).
[2026-06-26 09:50:07.541] Found 119 possible bad axioms.
[2026-06-26 09:50:07.541] Selected the bad axiom SubClassOf(http://purl.obolibrary.org/obo/TRANS_0000015 http://purl.obolibrary.org/obo/TRANS_0000019).
[2026-06-26 09:50:07.544] Found 118 possible bad axioms.
[2026-06-26 09:50:07.544] Selected the bad axiom SubClassOf(http://purl.obolibrary.org/obo/TRANS_0000027 http://purl.obolibrary.org/obo/TRANS_0000021).
[2026-06-26 09:50:07.547] Found 117 possible bad axioms.
[2026-06-26 09:50:07.547] Selected the bad axiom SubClassOf(http://purl.obolibrary.org/obo/TRANS_0000020 http://purl.obolibrary.org/obo/TRANS_0000024).
[2026-06-26 09:50:07.554] Found 116 possible bad axioms.
[2026-06-26 09:50:07.555] Selected the bad axiom SubClassOf(http://purl.obolibrary.org/obo/TRANS_0000026 http://purl.obolibrary.org/obo/TRANS_0000010).
[2026-06-26 09:50:
...[truncated]
FAIL: attempt=115 seed=1618868 status=memory_limit_exceeded stage=B5 message=Repair failed: ExecutionException: java.lang.IllegalStateException: Could not find a weakening for axiom: ⊤ ⊑ TRANS_0000008
progress: ontology=PTRANS attempt=115 success=95/100
----- PTRANS attempt=116 seed=1633068 at 2026-06-26 09:50:13 -----
--- stdout ---
{"seed":1633068,"run_id":"20260624134028346645","trial_status":"memory_limit_exceeded","error_type":"failure","failure_stage":"B3","error_message":"Repair failed: ExecutionException: java.lang.IllegalStateException: Could not find a weakening for axiom: ⊤ ⊑ TRANS_0000008","iic_values":{},"repair_runtimes_ms":{"A1":202,"A2":1122,"A3":1119,"B1":938,"B2":762,"B3":688}}

--- stderr ---
SingleTrialExperiment starting: ontology=/workspaces/ontologyutils-ekaw26/repair-power-index-replication-ekaw26/ontologies/inconsistent/PTRANS.owl, seed=1633068, run_id=20260624134028346645
Loaded ontology.
Normalizing ontology with SROIQ normalization...
Normalized ontology with SROIQ normalization.
Ontology is already inconsistent, skipping make-inconsistent step.
Repairing with A1 (random-removal)...
[2026-06-26 09:50:14.149] Checking precondition...
[2026-06-26 09:50:14.166] Starting the repair...
[2026-06-26 09:50:14.173] Found 127 possible bad axioms.
[2026-06-26 09:50:14.175] Selected the bad axiom SubClassOf(http://purl.obolibrary.org/obo/TRANS_0000015 http://purl.obolibrary.org/obo/TRANS_0000033).
[2026-06-26 09:50:14.179] Found 126 possible bad axioms.
[2026-06-26 09:50:14.180] Selected the bad axiom SubClassOf(http://purl.obolibrary.org/obo/TRANS_0000025 http://purl.obolibrary.org/obo/TRANS_0000013).
[2026-06-26 09:50:14.183] Found 125 possible bad axioms.
[2026-06-26 09:50:14.183] Selected the bad axiom SubClassOf(http://purl.obolibrary.org/obo/TRANS_0000015 http://purl.obolibrary.org/obo/TRANS_0000019).
[2026-06-26 09:50:14.186] Found 124 possible bad axioms.
[2026-06-26 09:50:14.187] Selected the bad axiom SubClassOf(http://purl.obolibrary.org/obo/TRANS_0000021 http://purl.obolibrary.org/obo/TRANS_0000020).
[2026-06-26 09:50:14.189] Found 123 possible bad axioms.
[2026-06-26 09:50:14.190] Selected the bad axiom SubClassOf(http://purl.obolibrary.org/obo/TRANS_0000028 http://purl.obolibrary.org/obo/TRANS_0000012).
[2026-06-26 09:50:14.192] Found 122 possible bad axioms.
[2026-06-26 09:50:14.192] Selected the bad axiom SubClassOf(http://purl.obolibrary.org/obo/TRANS_0000025 http://purl.obolibrary.org/obo/TRANS_0000003).
[2026-06-26 09:50:14.195] Found 121 possible bad axioms.
[2026-06-26 09:50:14.195] Selected the bad axiom SubClassOf(http://purl.obolibrary.org/obo/TRANS_0000022 http://purl.obolibrary.org/obo/TRANS_0000021).
[2026-06-26 09:50:14.197] Found 120 possible bad axioms.
[2026-06-26 09:50:14.198] Selected the bad axiom SubClassOf(http://purl.obolibrary.org/obo/TRANS_0000019 http://purl.obolibrary.org/obo/TRANS_0000015).
[2026-06-26 09:50:14.204] Found 119 possible bad axioms.
[2026-06-26 09:50:14.204] Selected the bad axiom SubClassOf(http://purl.obolibrary.org/obo/TRANS_0000025 http://purl.obolibrary.org/obo/TRANS_0000005).
[2026-06-26 09:50:14.207] Found 118 possible bad axioms.
[2026-06-26 09:50:14.207] Selected the bad axiom SubClassOf(http://purl.obolibrary.org/obo/TRANS_0000020 http://purl.obolibrary.org/obo/TRANS_0000024).
[2026-06-26 09:50:14.209] Found 117 possible bad axioms.
[2026-06-26 09:50:14.209] Selected the bad axiom SubClassOf(http://purl.obolibrary.org/obo/TRANS_0000019 http://purl.obolibrary.org/obo/TRANS_0000029).
[2026-06-26 09:50:14.217] Found 116 possible bad axioms.
[2026-06-26 09:50:14.217] Selected the bad axiom SubClassOf(http://purl.obolibrary.org/obo/TRANS_0000029 http://purl.obolibrary.org/obo/T
...[truncated]
FAIL: attempt=116 seed=1633068 status=memory_limit_exceeded stage=B3 message=Repair failed: ExecutionException: java.lang.IllegalStateException: Could not find a weakening for axiom: ⊤ ⊑ TRANS_0000008
progress: ontology=PTRANS attempt=116 success=95/100
----- PTRANS attempt=117 seed=1647268 at 2026-06-26 09:50:19 -----
--- stdout ---
{"seed":1647268,"run_id":"20260624134028346645","trial_status":"success","error_type":null,"failure_stage":null,"error_message":null,"iic_values":{"B1_vs_A1":0.8921161825726142,"B1_vs_A2":0.5,"B1_vs_A3":0.5,"B2_vs_A1":0.8921161825726142,"B2_vs_A2":0.5,"B2_vs_A3":0.5,"B3_vs_A1":0.8921161825726142,"B3_vs_A2":0.5,"B3_vs_A3":0.5,"B4_vs_A1":0.8921161825726142,"B4_vs_A2":0.5,"B4_vs_A3":0.5,"B5_vs_A1":0.8921161825726142,"B5_vs_A2":0.5,"B5_vs_A3":0.5,"B6_vs_A1":0.8921161825726142,"B6_vs_A2":0.5,"B6_vs_A3":0.5,"B7_vs_A1":0.8921161825726142,"B7_vs_A2":0.5,"B7_vs_A3":0.5,"B8_vs_A1":0.8921161825726142,"B8_vs_A2":0.5,"B8_vs_A3":0.5,"B9_vs_A1":0.8921161825726142,"B9_vs_A2":0.5,"B9_vs_A3":0.5},"repair_runtimes_ms":{"A1":163,"A2":1091,"A3":923,"B1":159,"B2":2252,"B3":1265,"B4":40,"B5":1741,"B6":551,"B7":68,"B8":1773,"B9":1094}}

--- stderr ---
SingleTrialExperiment starting: ontology=/workspaces/ontologyutils-ekaw26/repair-power-index-replication-ekaw26/ontologies/inconsistent/PTRANS.owl, seed=1647268, run_id=20260624134028346645
Loaded ontology.
Normalizing ontology with SROIQ normalization...
Normalized ontology with SROIQ normalization.
Ontology is already inconsistent, skipping make-inconsistent step.
Repairing with A1 (random-removal)...
[2026-06-26 09:50:19.420] Checking precondition...
[2026-06-26 09:50:19.438] Starting the repair...
[2026-06-26 09:50:19.446] Found 127 possible bad axioms.
[2026-06-26 09:50:19.449] Selected the bad axiom SubClassOf(http://purl.obolibrary.org/obo/TRANS_0000002 http://purl.obolibrary.org/obo/TRANS_0000007).
[2026-06-26 09:50:19.453] Found 126 possible bad axioms.
[2026-06-26 09:50:19.453] Selected the bad axiom SubClassOf(http://purl.obolibrary.org/obo/TRANS_0000013 http://purl.obolibrary.org/obo/TRANS_0000010).
[2026-06-26 09:50:19.456] Found 125 possible bad axioms.
[2026-06-26 09:50:19.457] Selected the bad axiom SubClassOf(http://purl.obolibrary.org/obo/TRANS_0000028 http://purl.obolibrary.org/obo/TRANS_0000013).
[2026-06-26 09:50:19.460] Found 124 possible bad axioms.
[2026-06-26 09:50:19.460] Selected the bad axiom SubClassOf(http://purl.obolibrary.org/obo/TRANS_0000003 http://purl.obolibrary.org/obo/TRANS_0000005).
[2026-06-26 09:50:19.463] Found 123 possible bad axioms.
[2026-06-26 09:50:19.463] Selected the bad axiom SubClassOf(http://purl.obolibrary.org/obo/TRANS_0000025 http://purl.obolibrary.org/obo/TRANS_0000009).
[2026-06-26 09:50:19.466] Found 122 possible bad axioms.
[2026-06-26 09:50:19.466] Selected the bad axiom SubClassOf(http://purl.obolibrary.org/obo/TRANS_0000012 http://purl.obolibrary.org/obo/TRANS_0000027).
[2026-06-26 09:50:19.469] Found 121 possible bad axioms.
[2026-06-26 09:50:19.469] Selected the bad axiom SubClassOf(http://purl.obolibrary.org/obo/TRANS_0000025 http://purl.obolibrary.org/obo/TRANS_0000012).
[2026-06-26 09:50:19.471] Found 120 possible bad axioms.
[2026-06-26 09:50:19.472] Selected the bad axiom SubClassOf(http://purl.obolibrary.org/obo/TRANS_0000034 http://purl.obolibrary.org/obo/TRANS_0000012).
[2026-06-26 09:50:19.479] Found 119 possible bad axioms.
[2026-06-26 09:50:19.479] Selected the bad axiom SubClassOf(http://purl.obolibrary.org/obo/TRANS_0000033 http://purl.obolibrary.org/obo/TRANS_0000024).
[2026-06-26 09:50:19.482] Found 118 possible bad axioms.
[2026-06-26 09:50:19.482] Selected the bad axiom SubClassOf(http://purl.obolibrary.org/obo/TRANS_0000023 http://purl.obolibrary.org/obo/TRANS_0000020).
[2026-06-26 09:50:19.485] Found 117 possible bad axioms.
[2026-06-26 09:50:19.485] Selected the bad axiom SubClassOf(http://purl.obolibrary.org/obo/TRANS_0000013 http://purl.obolibrary.org/obo/TRANS_0000027).
[2026-06-26 09:50:19.492] Found 116 possible bad axioms.
[2026-06-26 09:50:19.493] Selected the bad axiom SubClassOf(http://purl.obolibrary.org/obo/TRANS_0000020 http://purl.obolibrary.org/obo/T
...[truncated]
SUCCESS: attempt=117 seed=1647268 success_count=96/100
progress: ontology=PTRANS attempt=117 success=96/100
----- PTRANS attempt=118 seed=1661468 at 2026-06-26 09:50:30 -----
--- stdout ---
{"seed":1661468,"run_id":"20260624134028346645","trial_status":"success","error_type":null,"failure_stage":null,"error_message":null,"iic_values":{"B1_vs_A1":0.9702233250620348,"B1_vs_A2":0.5,"B1_vs_A3":0.5,"B2_vs_A1":0.9702233250620348,"B2_vs_A2":0.5,"B2_vs_A3":0.5,"B3_vs_A1":0.9702233250620348,"B3_vs_A2":0.5,"B3_vs_A3":0.5,"B4_vs_A1":0.9702233250620348,"B4_vs_A2":0.5,"B4_vs_A3":0.5,"B5_vs_A1":0.9702233250620348,"B5_vs_A2":0.5,"B5_vs_A3":0.5,"B6_vs_A1":0.9702233250620348,"B6_vs_A2":0.5,"B6_vs_A3":0.5,"B7_vs_A1":0.9702233250620348,"B7_vs_A2":0.5,"B7_vs_A3":0.5,"B8_vs_A1":0.9702233250620348,"B8_vs_A2":0.5,"B8_vs_A3":0.5,"B9_vs_A1":0.9702233250620348,"B9_vs_A2":0.5,"B9_vs_A3":0.5},"repair_runtimes_ms":{"A1":159,"A2":1103,"A3":209,"B1":346,"B2":759,"B3":1357,"B4":45,"B5":1808,"B6":977,"B7":96,"B8":434,"B9":1155}}

--- stderr ---
SingleTrialExperiment starting: ontology=/workspaces/ontologyutils-ekaw26/repair-power-index-replication-ekaw26/ontologies/inconsistent/PTRANS.owl, seed=1661468, run_id=20260624134028346645
Loaded ontology.
Normalizing ontology with SROIQ normalization...
Normalized ontology with SROIQ normalization.
Ontology is already inconsistent, skipping make-inconsistent step.
Repairing with A1 (random-removal)...
[2026-06-26 09:50:31.042] Checking precondition...
[2026-06-26 09:50:31.057] Starting the repair...
[2026-06-26 09:50:31.063] Found 127 possible bad axioms.
[2026-06-26 09:50:31.064] Selected the bad axiom SubClassOf(http://purl.obolibrary.org/obo/TRANS_0000030 http://purl.obolibrary.org/obo/TRANS_0000015).
[2026-06-26 09:50:31.069] Found 126 possible bad axioms.
[2026-06-26 09:50:31.069] Selected the bad axiom SubClassOf(http://purl.obolibrary.org/obo/TRANS_0000013 http://purl.obolibrary.org/obo/TRANS_0000010).
[2026-06-26 09:50:31.072] Found 125 possible bad axioms.
[2026-06-26 09:50:31.072] Selected the bad axiom SubClassOf(http://purl.obolibrary.org/obo/TRANS_0000005 http://purl.obolibrary.org/obo/TRANS_0000025).
[2026-06-26 09:50:31.076] Found 124 possible bad axioms.
[2026-06-26 09:50:31.076] Selected the bad axiom SubClassOf(http://purl.obolibrary.org/obo/TRANS_0000025 http://purl.obolibrary.org/obo/TRANS_0000014).
[2026-06-26 09:50:31.079] Found 123 possible bad axioms.
[2026-06-26 09:50:31.079] Selected the bad axiom SubClassOf(http://purl.obolibrary.org/obo/TRANS_0000015 http://purl.obolibrary.org/obo/TRANS_0000025).
[2026-06-26 09:50:31.082] Found 122 possible bad axioms.
[2026-06-26 09:50:31.082] Selected the bad axiom SubClassOf(http://purl.obolibrary.org/obo/TRANS_0000002 http://purl.obolibrary.org/obo/TRANS_0000001).
[2026-06-26 09:50:31.084] Found 121 possible bad axioms.
[2026-06-26 09:50:31.085] Selected the bad axiom SubClassOf(http://purl.obolibrary.org/obo/TRANS_0000021 http://purl.obolibrary.org/obo/TRANS_0000023).
[2026-06-26 09:50:31.087] Found 120 possible bad axioms.
[2026-06-26 09:50:31.087] Selected the bad axiom SubClassOf(http://purl.obolibrary.org/obo/TRANS_0000027 owl:Nothing).
[2026-06-26 09:50:31.089] Found 119 possible bad axioms.
[2026-06-26 09:50:31.090] Selected the bad axiom SubClassOf(http://purl.obolibrary.org/obo/TRANS_0000013 http://purl.obolibrary.org/obo/TRANS_0000027).
[2026-06-26 09:50:31.097] Found 118 possible bad axioms.
[2026-06-26 09:50:31.097] Selected the bad axiom SubClassOf(http://purl.obolibrary.org/obo/TRANS_0000000 http://purl.obolibrary.org/obo/TRANS_0000001).
[2026-06-26 09:50:31.099] Found 117 possible bad axioms.
[2026-06-26 09:50:31.100] Selected the bad axiom SubClassOf(http://purl.obolibrary.org/obo/TRANS_0000025 http://purl.obolibrary.org/obo/TRANS_0000019).
[2026-06-26 09:50:31.107] Found 116 possible bad axioms.
[2026-06-26 09:50:31.107] Selected the bad axiom SubClassOf(http://purl.obolibrary.org/obo/TRANS_0000007 http://purl.obolibrary.org/obo/TRANS_0000008).
[2026-06-26 09:50:
...[truncated]
SUCCESS: attempt=118 seed=1661468 success_count=97/100
progress: ontology=PTRANS attempt=118 success=97/100
----- PTRANS attempt=119 seed=1675668 at 2026-06-26 09:50:39 -----
--- stdout ---
{"seed":1675668,"run_id":"20260624134028346645","trial_status":"memory_limit_exceeded","error_type":"failure","failure_stage":"B5","error_message":"Repair failed: ExecutionException: java.lang.IllegalStateException: Could not find a weakening for axiom: ⊤ ⊑ TRANS_0000008","iic_values":{},"repair_runtimes_ms":{"A1":34,"A2":1190,"A3":203,"B1":172,"B2":857,"B3":844,"B4":44,"B5":830}}

--- stderr ---
SingleTrialExperiment starting: ontology=/workspaces/ontologyutils-ekaw26/repair-power-index-replication-ekaw26/ontologies/inconsistent/PTRANS.owl, seed=1675668, run_id=20260624134028346645
Loaded ontology.
Normalizing ontology with SROIQ normalization...
Normalized ontology with SROIQ normalization.
Ontology is already inconsistent, skipping make-inconsistent step.
Repairing with A1 (random-removal)...
[2026-06-26 09:50:39.973] Checking precondition...
[2026-06-26 09:50:39.988] Starting the repair...
[2026-06-26 09:50:39.994] Found 127 possible bad axioms.
[2026-06-26 09:50:39.995] Selected the bad axiom SubClassOf(http://purl.obolibrary.org/obo/TRANS_0000034 http://purl.obolibrary.org/obo/TRANS_0000029).
[2026-06-26 09:50:40.000] Found 126 possible bad axioms.
[2026-06-26 09:50:40.000] Selected the bad axiom SubClassOf(owl:Thing http://purl.obolibrary.org/obo/TRANS_0000008).
[2026-06-26 09:50:40.003] Finished repairing the ontology.
Repairing with A2 (not-in-largest-mcs-removal)...
[2026-06-26 09:50:40.003] Checking precondition...
[2026-06-26 09:50:40.010] Starting the repair...
[2026-06-26 09:50:41.193] Found 1 possible bad axioms.
[2026-06-26 09:50:41.193] Selected the bad axiom SubClassOf(owl:Thing http://purl.obolibrary.org/obo/TRANS_0000008).
[2026-06-26 09:50:41.193] Finished repairing the ontology.
Repairing with A3 (default-weakening)...
[2026-06-26 09:50:41.195] Checking precondition...
[2026-06-26 09:50:41.198] Starting the repair...
[2026-06-26 09:50:41.214] Selected a reference ontology with 155 axioms.
[2026-06-26 09:50:41.378] Selected the bad axiom SubClassOf(owl:Thing http://purl.obolibrary.org/obo/TRANS_0000008).
[2026-06-26 09:50:41.396] Selected the weaker axiom SubClassOf(http://purl.obolibrary.org/obo/TRANS_0000019 http://purl.obolibrary.org/obo/TRANS_0000008).
[2026-06-26 09:50:41.398] Finished repairing the ontology.
Repairing with B1 (bad-in_some_mus-weaker-random)...
[2026-06-26 09:50:41.398] Checking precondition...
[2026-06-26 09:50:41.400] Starting the repair...
[2026-06-26 09:50:41.407] Selected a reference ontology with 158 axioms.
[2026-06-26 09:50:41.560] Selected the bad axiom SubClassOf(owl:Thing http://purl.obolibrary.org/obo/TRANS_0000008).
[2026-06-26 09:50:41.569] Selected the weaker axiom SubClassOf(http://purl.obolibrary.org/obo/TRANS_0000014 http://purl.obolibrary.org/obo/TRANS_0000008).
[2026-06-26 09:50:41.570] Finished repairing the ontology.
Repairing with B2 (bad-in_some_mus-weaker-shapley)...
[2026-06-26 09:50:41.572] Checking precondition...
[2026-06-26 09:50:41.574] Starting the repair...
[2026-06-26 09:50:41.584] Selected a reference ontology with 156 axioms.
[2026-06-26 09:50:41.742] Selected the bad axiom SubClassOf(owl:Thing http://purl.obolibrary.org/obo/TRANS_0000008).
[PowerIndexWeakerAxiomSelector] Scoring 11 candidate weakenings for ⊤ ⊑ TRANS_0000008
[PowerIndexWeakerAxiomSelector] Selected weaker axiom: TRANS_0000000 ⊑ TRANS_0000008
[2026-06-26 09:50:42.423] Selected the weaker axiom S
...[truncated]
FAIL: attempt=119 seed=1675668 status=memory_limit_exceeded stage=B5 message=Repair failed: ExecutionException: java.lang.IllegalStateException: Could not find a weakening for axiom: ⊤ ⊑ TRANS_0000008
progress: ontology=PTRANS attempt=119 success=97/100
----- PTRANS attempt=120 seed=1689868 at 2026-06-26 09:50:44 -----
--- stdout ---
{"seed":1689868,"run_id":"20260624134028346645","trial_status":"success","error_type":null,"failure_stage":null,"error_message":null,"iic_values":{"B1_vs_A1":0.993421052631579,"B1_vs_A2":0.5,"B1_vs_A3":0.5,"B2_vs_A1":0.993421052631579,"B2_vs_A2":0.5,"B2_vs_A3":0.5,"B3_vs_A1":0.993421052631579,"B3_vs_A2":0.5,"B3_vs_A3":0.5,"B4_vs_A1":0.993421052631579,"B4_vs_A2":0.5,"B4_vs_A3":0.5,"B5_vs_A1":0.993421052631579,"B5_vs_A2":0.5,"B5_vs_A3":0.5,"B6_vs_A1":0.993421052631579,"B6_vs_A2":0.5,"B6_vs_A3":0.5,"B7_vs_A1":0.993421052631579,"B7_vs_A2":0.5,"B7_vs_A3":0.5,"B8_vs_A1":0.993421052631579,"B8_vs_A2":0.5,"B8_vs_A3":0.5,"B9_vs_A1":0.993421052631579,"B9_vs_A2":0.5,"B9_vs_A3":0.5},"repair_runtimes_ms":{"A1":177,"A2":1123,"A3":660,"B1":173,"B2":2364,"B3":861,"B4":47,"B5":1764,"B6":942,"B7":72,"B8":1807,"B9":1128}}

--- stderr ---
SingleTrialExperiment starting: ontology=/workspaces/ontologyutils-ekaw26/repair-power-index-replication-ekaw26/ontologies/inconsistent/PTRANS.owl, seed=1689868, run_id=20260624134028346645
Loaded ontology.
Normalizing ontology with SROIQ normalization...
Normalized ontology with SROIQ normalization.
Ontology is already inconsistent, skipping make-inconsistent step.
Repairing with A1 (random-removal)...
[2026-06-26 09:50:44.581] Checking precondition...
[2026-06-26 09:50:44.597] Starting the repair...
[2026-06-26 09:50:44.603] Found 127 possible bad axioms.
[2026-06-26 09:50:44.605] Selected the bad axiom SubClassOf(http://purl.obolibrary.org/obo/TRANS_0000031 http://purl.obolibrary.org/obo/TRANS_0000026).
[2026-06-26 09:50:44.609] Found 126 possible bad axioms.
[2026-06-26 09:50:44.609] Selected the bad axiom SubClassOf(http://purl.obolibrary.org/obo/TRANS_0000033 http://purl.obolibrary.org/obo/TRANS_0000010).
[2026-06-26 09:50:44.612] Found 125 possible bad axioms.
[2026-06-26 09:50:44.612] Selected the bad axiom SubClassOf(http://purl.obolibrary.org/obo/TRANS_0000029 http://purl.obolibrary.org/obo/TRANS_0000033).
[2026-06-26 09:50:44.616] Found 124 possible bad axioms.
[2026-06-26 09:50:44.616] Selected the bad axiom SubClassOf(http://purl.obolibrary.org/obo/TRANS_0000005 http://purl.obolibrary.org/obo/TRANS_0000012).
[2026-06-26 09:50:44.619] Found 123 possible bad axioms.
[2026-06-26 09:50:44.619] Selected the bad axiom SubClassOf(http://purl.obolibrary.org/obo/TRANS_0000021 owl:Nothing).
[2026-06-26 09:50:44.622] Found 122 possible bad axioms.
[2026-06-26 09:50:44.622] Selected the bad axiom SubClassOf(http://purl.obolibrary.org/obo/TRANS_0000012 http://purl.obolibrary.org/obo/TRANS_0000010).
[2026-06-26 09:50:44.625] Found 121 possible bad axioms.
[2026-06-26 09:50:44.625] Selected the bad axiom SubClassOf(http://purl.obolibrary.org/obo/TRANS_0000028 http://purl.obolibrary.org/obo/TRANS_0000015).
[2026-06-26 09:50:44.627] Found 120 possible bad axioms.
[2026-06-26 09:50:44.627] Selected the bad axiom SubClassOf(http://purl.obolibrary.org/obo/TRANS_0000020 http://purl.obolibrary.org/obo/TRANS_0000021).
[2026-06-26 09:50:44.633] Found 119 possible bad axioms.
[2026-06-26 09:50:44.633] Selected the bad axiom SubClassOf(http://purl.obolibrary.org/obo/TRANS_0000034 http://purl.obolibrary.org/obo/TRANS_0000013).
[2026-06-26 09:50:44.636] Found 118 possible bad axioms.
[2026-06-26 09:50:44.636] Selected the bad axiom SubClassOf(http://purl.obolibrary.org/obo/TRANS_0000025 http://purl.obolibrary.org/obo/TRANS_0000013).
[2026-06-26 09:50:44.639] Found 117 possible bad axioms.
[2026-06-26 09:50:44.639] Selected the bad axiom SubClassOf(http://purl.obolibrary.org/obo/TRANS_0000025 http://purl.obolibrary.org/obo/TRANS_0000003).
[2026-06-26 09:50:44.646] Found 116 possible bad axioms.
[2026-06-26 09:50:44.646] Selected the bad axiom SubClassOf(http://purl.obolibrary.org/obo/TRANS_0000002 owl:Nothing).
[2026-06-26 09:50:44.649] Found 115 possible bad ax
...[truncated]
SUCCESS: attempt=120 seed=1689868 success_count=98/100
progress: ontology=PTRANS attempt=120 success=98/100
----- PTRANS attempt=121 seed=1704068 at 2026-06-26 09:50:55 -----
--- stdout ---
{"seed":1704068,"run_id":"20260624134028346645","trial_status":"success","error_type":null,"failure_stage":null,"error_message":null,"iic_values":{"B1_vs_A1":0.9834983498349835,"B1_vs_A2":0.5,"B1_vs_A3":0.5,"B2_vs_A1":0.9834983498349835,"B2_vs_A2":0.5,"B2_vs_A3":0.5,"B3_vs_A1":0.9834983498349835,"B3_vs_A2":0.5,"B3_vs_A3":0.5,"B4_vs_A1":0.9834983498349835,"B4_vs_A2":0.5,"B4_vs_A3":0.5,"B5_vs_A1":0.9834983498349835,"B5_vs_A2":0.5,"B5_vs_A3":0.5,"B6_vs_A1":0.9834983498349835,"B6_vs_A2":0.5,"B6_vs_A3":0.5,"B7_vs_A1":0.9834983498349835,"B7_vs_A2":0.5,"B7_vs_A3":0.5,"B8_vs_A1":0.9834983498349835,"B8_vs_A2":0.5,"B8_vs_A3":0.5,"B9_vs_A1":0.9834983498349835,"B9_vs_A2":0.5,"B9_vs_A3":0.5},"repair_runtimes_ms":{"A1":139,"A2":1121,"A3":201,"B1":166,"B2":2231,"B3":1336,"B4":47,"B5":343,"B6":1176,"B7":81,"B8":1025,"B9":1105}}

--- stderr ---
SingleTrialExperiment starting: ontology=/workspaces/ontologyutils-ekaw26/repair-power-index-replication-ekaw26/ontologies/inconsistent/PTRANS.owl, seed=1704068, run_id=20260624134028346645
Loaded ontology.
Normalizing ontology with SROIQ normalization...
Normalized ontology with SROIQ normalization.
Ontology is already inconsistent, skipping make-inconsistent step.
Repairing with A1 (random-removal)...
[2026-06-26 09:50:56.211] Checking precondition...
[2026-06-26 09:50:56.225] Starting the repair...
[2026-06-26 09:50:56.231] Found 127 possible bad axioms.
[2026-06-26 09:50:56.232] Selected the bad axiom SubClassOf(http://purl.obolibrary.org/obo/TRANS_0000034 http://purl.obolibrary.org/obo/TRANS_0000011).
[2026-06-26 09:50:56.236] Found 126 possible bad axioms.
[2026-06-26 09:50:56.237] Selected the bad axiom SubClassOf(http://purl.obolibrary.org/obo/TRANS_0000025 http://purl.obolibrary.org/obo/TRANS_0000003).
[2026-06-26 09:50:56.240] Found 125 possible bad axioms.
[2026-06-26 09:50:56.240] Selected the bad axiom SubClassOf(http://purl.obolibrary.org/obo/TRANS_0000005 http://purl.obolibrary.org/obo/TRANS_0000012).
[2026-06-26 09:50:56.243] Found 124 possible bad axioms.
[2026-06-26 09:50:56.244] Selected the bad axiom SubClassOf(http://purl.obolibrary.org/obo/TRANS_0000014 http://purl.obolibrary.org/obo/TRANS_0000005).
[2026-06-26 09:50:56.246] Found 123 possible bad axioms.
[2026-06-26 09:50:56.246] Selected the bad axiom SubClassOf(http://purl.obolibrary.org/obo/TRANS_0000012 http://purl.obolibrary.org/obo/TRANS_0000027).
[2026-06-26 09:50:56.249] Found 122 possible bad axioms.
[2026-06-26 09:50:56.249] Selected the bad axiom SubClassOf(http://purl.obolibrary.org/obo/TRANS_0000001 http://purl.obolibrary.org/obo/TRANS_0000002).
[2026-06-26 09:50:56.252] Found 121 possible bad axioms.
[2026-06-26 09:50:56.252] Selected the bad axiom SubClassOf(http://purl.obolibrary.org/obo/TRANS_0000031 http://purl.obolibrary.org/obo/TRANS_0000026).
[2026-06-26 09:50:56.254] Found 120 possible bad axioms.
[2026-06-26 09:50:56.255] Selected the bad axiom SubClassOf(http://purl.obolibrary.org/obo/TRANS_0000010 http://purl.obolibrary.org/obo/TRANS_0000002).
[2026-06-26 09:50:56.260] Found 119 possible bad axioms.
[2026-06-26 09:50:56.261] Selected the bad axiom SubClassOf(http://purl.obolibrary.org/obo/TRANS_0000031 http://purl.obolibrary.org/obo/TRANS_0000025).
[2026-06-26 09:50:56.263] Found 118 possible bad axioms.
[2026-06-26 09:50:56.263] Selected the bad axiom SubClassOf(http://purl.obolibrary.org/obo/TRANS_0000025 http://purl.obolibrary.org/obo/TRANS_0000026).
[2026-06-26 09:50:56.266] Found 117 possible bad axioms.
[2026-06-26 09:50:56.266] Selected the bad axiom SubClassOf(http://purl.obolibrary.org/obo/TRANS_0000027 http://purl.obolibrary.org/obo/TRANS_0000020).
[2026-06-26 09:50:56.273] Found 116 possible bad axioms.
[2026-06-26 09:50:56.274] Selected the bad axiom SubClassOf(http://purl.obolibrary.org/obo/TRANS_0000008 owl:Nothing).
[2026-06-26 09:50:
...[truncated]
SUCCESS: attempt=121 seed=1704068 success_count=99/100
progress: ontology=PTRANS attempt=121 success=99/100
----- PTRANS attempt=122 seed=1718268 at 2026-06-26 09:51:05 -----
--- stdout ---
{"seed":1718268,"run_id":"20260624134028346645","trial_status":"memory_limit_exceeded","error_type":"failure","failure_stage":"B6","error_message":"Repair failed: ExecutionException: java.lang.IllegalStateException: Could not find a weakening for axiom: ⊤ ⊑ TRANS_0000008","iic_values":{},"repair_runtimes_ms":{"A1":34,"A2":1176,"A3":411,"B1":165,"B2":2046,"B3":781,"B4":35,"B5":1754,"B6":1197}}

--- stderr ---
SingleTrialExperiment starting: ontology=/workspaces/ontologyutils-ekaw26/repair-power-index-replication-ekaw26/ontologies/inconsistent/PTRANS.owl, seed=1718268, run_id=20260624134028346645
Loaded ontology.
Normalizing ontology with SROIQ normalization...
Normalized ontology with SROIQ normalization.
Ontology is already inconsistent, skipping make-inconsistent step.
Repairing with A1 (random-removal)...
[2026-06-26 09:51:05.685] Checking precondition...
[2026-06-26 09:51:05.700] Starting the repair...
[2026-06-26 09:51:05.706] Found 127 possible bad axioms.
[2026-06-26 09:51:05.707] Selected the bad axiom SubClassOf(http://purl.obolibrary.org/obo/TRANS_0000028 http://purl.obolibrary.org/obo/TRANS_0000015).
[2026-06-26 09:51:05.712] Found 126 possible bad axioms.
[2026-06-26 09:51:05.712] Selected the bad axiom SubClassOf(owl:Thing http://purl.obolibrary.org/obo/TRANS_0000008).
[2026-06-26 09:51:05.716] Finished repairing the ontology.
Repairing with A2 (not-in-largest-mcs-removal)...
[2026-06-26 09:51:05.716] Checking precondition...
[2026-06-26 09:51:05.722] Starting the repair...
[2026-06-26 09:51:06.892] Found 1 possible bad axioms.
[2026-06-26 09:51:06.892] Selected the bad axiom SubClassOf(owl:Thing http://purl.obolibrary.org/obo/TRANS_0000008).
[2026-06-26 09:51:06.892] Finished repairing the ontology.
Repairing with A3 (default-weakening)...
[2026-06-26 09:51:06.894] Checking precondition...
[2026-06-26 09:51:06.897] Starting the repair...
[2026-06-26 09:51:06.907] Selected a reference ontology with 158 axioms.
[2026-06-26 09:51:07.093] Selected the bad axiom SubClassOf(owl:Thing http://purl.obolibrary.org/obo/TRANS_0000008).
[2026-06-26 09:51:07.110] Selected the weaker axiom SubClassOf(owl:Thing http://purl.obolibrary.org/obo/TRANS_0000006).
[2026-06-26 09:51:07.303] Selected the bad axiom SubClassOf(owl:Thing http://purl.obolibrary.org/obo/TRANS_0000006).
[2026-06-26 09:51:07.304] Selected the weaker axiom SubClassOf(http://purl.obolibrary.org/obo/TRANS_0000024 http://purl.obolibrary.org/obo/TRANS_0000006).
[2026-06-26 09:51:07.305] Finished repairing the ontology.
Repairing with B1 (bad-in_some_mus-weaker-random)...
[2026-06-26 09:51:07.305] Checking precondition...
[2026-06-26 09:51:07.306] Starting the repair...
[2026-06-26 09:51:07.312] Selected a reference ontology with 158 axioms.
[2026-06-26 09:51:07.461] Selected the bad axiom SubClassOf(owl:Thing http://purl.obolibrary.org/obo/TRANS_0000008).
[2026-06-26 09:51:07.468] Selected the weaker axiom SubClassOf(http://purl.obolibrary.org/obo/TRANS_0000018 http://purl.obolibrary.org/obo/TRANS_0000008).
[2026-06-26 09:51:07.470] Finished repairing the ontology.
Repairing with B2 (bad-in_some_mus-weaker-shapley)...
[2026-06-26 09:51:07.471] Checking precondition...
[2026-06-26 09:51:07.473] Starting the repair...
[2026-06-26 09:51:07.492] Selected a reference ontology with 151 axioms.
[2026-06-26 09:51:07.672] Selected the bad axiom SubClassOf(owl:Thing http://purl.obolibrary.org/obo/TRA
...[truncated]
FAIL: attempt=122 seed=1718268 status=memory_limit_exceeded stage=B6 message=Repair failed: ExecutionException: java.lang.IllegalStateException: Could not find a weakening for axiom: ⊤ ⊑ TRANS_0000008
progress: ontology=PTRANS attempt=122 success=99/100
----- PTRANS attempt=123 seed=1732468 at 2026-06-26 09:51:13 -----
--- stdout ---
{"seed":1732468,"run_id":"20260624134028346645","trial_status":"success","error_type":null,"failure_stage":null,"error_message":null,"iic_values":{"B1_vs_A1":0.9748743718592965,"B1_vs_A2":0.5,"B1_vs_A3":0.5,"B2_vs_A1":0.9748743718592965,"B2_vs_A2":0.5,"B2_vs_A3":0.5,"B3_vs_A1":0.9748743718592965,"B3_vs_A2":0.5,"B3_vs_A3":0.5,"B4_vs_A1":0.9748743718592965,"B4_vs_A2":0.5,"B4_vs_A3":0.5,"B5_vs_A1":0.9748743718592965,"B5_vs_A2":0.5,"B5_vs_A3":0.5,"B6_vs_A1":0.9748743718592965,"B6_vs_A2":0.5,"B6_vs_A3":0.5,"B7_vs_A1":0.9748743718592965,"B7_vs_A2":0.5,"B7_vs_A3":0.5,"B8_vs_A1":0.9748743718592965,"B8_vs_A2":0.5,"B8_vs_A3":0.5,"B9_vs_A1":0.9748743718592965,"B9_vs_A2":0.5,"B9_vs_A3":0.5},"repair_runtimes_ms":{"A1":137,"A2":1129,"A3":203,"B1":175,"B2":1612,"B3":1228,"B4":50,"B5":394,"B6":1017,"B7":71,"B8":1834,"B9":1031}}

--- stderr ---
SingleTrialExperiment starting: ontology=/workspaces/ontologyutils-ekaw26/repair-power-index-replication-ekaw26/ontologies/inconsistent/PTRANS.owl, seed=1732468, run_id=20260624134028346645
Loaded ontology.
Normalizing ontology with SROIQ normalization...
Normalized ontology with SROIQ normalization.
Ontology is already inconsistent, skipping make-inconsistent step.
Repairing with A1 (random-removal)...
[2026-06-26 09:51:13.719] Checking precondition...
[2026-06-26 09:51:13.733] Starting the repair...
[2026-06-26 09:51:13.740] Found 127 possible bad axioms.
[2026-06-26 09:51:13.741] Selected the bad axiom SubClassOf(http://purl.obolibrary.org/obo/TRANS_0000034 http://purl.obolibrary.org/obo/TRANS_0000031).
[2026-06-26 09:51:13.746] Found 126 possible bad axioms.
[2026-06-26 09:51:13.746] Selected the bad axiom SubClassOf(http://purl.obolibrary.org/obo/TRANS_0000021 owl:Nothing).
[2026-06-26 09:51:13.749] Found 125 possible bad axioms.
[2026-06-26 09:51:13.749] Selected the bad axiom SubClassOf(http://purl.obolibrary.org/obo/TRANS_0000015 http://purl.obolibrary.org/obo/TRANS_0000012).
[2026-06-26 09:51:13.753] Found 124 possible bad axioms.
[2026-06-26 09:51:13.754] Selected the bad axiom SubClassOf(http://purl.obolibrary.org/obo/TRANS_0000015 http://purl.obolibrary.org/obo/TRANS_0000003).
[2026-06-26 09:51:13.756] Found 123 possible bad axioms.
[2026-06-26 09:51:13.756] Selected the bad axiom SubClassOf(http://purl.obolibrary.org/obo/TRANS_0000028 http://purl.obolibrary.org/obo/TRANS_0000012).
[2026-06-26 09:51:13.759] Found 122 possible bad axioms.
[2026-06-26 09:51:13.760] Selected the bad axiom SubClassOf(http://purl.obolibrary.org/obo/TRANS_0000025 http://purl.obolibrary.org/obo/TRANS_0000003).
[2026-06-26 09:51:13.762] Found 121 possible bad axioms.
[2026-06-26 09:51:13.762] Selected the bad axiom SubClassOf(http://purl.obolibrary.org/obo/TRANS_0000033 http://purl.obolibrary.org/obo/TRANS_0000010).
[2026-06-26 09:51:13.765] Found 120 possible bad axioms.
[2026-06-26 09:51:13.765] Selected the bad axiom SubClassOf(http://purl.obolibrary.org/obo/TRANS_0000027 owl:Nothing).
[2026-06-26 09:51:13.771] Found 119 possible bad axioms.
[2026-06-26 09:51:13.771] Selected the bad axiom SubClassOf(http://purl.obolibrary.org/obo/TRANS_0000015 http://purl.obolibrary.org/obo/TRANS_0000029).
[2026-06-26 09:51:13.774] Found 118 possible bad axioms.
[2026-06-26 09:51:13.774] Selected the bad axiom SubClassOf(http://purl.obolibrary.org/obo/TRANS_0000006 http://purl.obolibrary.org/obo/TRANS_0000008).
[2026-06-26 09:51:13.776] Found 117 possible bad axioms.
[2026-06-26 09:51:13.777] Selected the bad axiom SubClassOf(http://purl.obolibrary.org/obo/TRANS_0000025 http://purl.obolibrary.org/obo/TRANS_0000013).
[2026-06-26 09:51:13.783] Found 116 possible bad axioms.
[2026-06-26 09:51:13.784] Selected the bad axiom SubClassOf(http://purl.obolibrary.org/obo/TRANS_0000034 http://purl.obolibrary.org/obo/TRANS_0000012).
[2026-06-26 09:51:13.786] Found 115 possible bad ax
...[truncated]
SUCCESS: attempt=123 seed=1732468 success_count=100/100
progress: ontology=PTRANS attempt=123 success=100/100
=== run_trials finished at 2026-06-28 17:53:08 for PTRANS - 100 successes, 23 failures, 123 attempts ===
Failed attempts:
  attempt=21 seed=284068 msg=Repair failed: ExecutionException: java.lang.IllegalStateException: Could not find a weakening for axiom: ⊤ ⊑ TRANS_0000008
  attempt=31 seed=426068 msg=Repair failed: ExecutionException: java.lang.IllegalStateException: Could not find a weakening for axiom: ⊤ ⊑ TRANS_0000008
  attempt=33 seed=454468 msg=Repair failed: ExecutionException: java.lang.IllegalStateException: Could not find a weakening for axiom: ⊤ ⊑ TRANS_0000008
  attempt=34 seed=468668 msg=Repair failed: ExecutionException: java.lang.NullPointerException: operands cannot be null or empty
  attempt=47 seed=653268 msg=Repair failed: ExecutionException: java.lang.IllegalStateException: Could not find a weakening for axiom: ⊤ ⊑ TRANS_0000008
  attempt=50 seed=695868 msg=Repair failed: ExecutionException: java.lang.IllegalStateException: Could not find a weakening for axiom: ⊤ ⊑ TRANS_0000008
  attempt=51 seed=710068 msg=Repair failed: ExecutionException: java.lang.IllegalStateException: Could not find a weakening for axiom: ⊤ ⊑ TRANS_0000008
  attempt=54 seed=752668 msg=Repair failed: ExecutionException: java.lang.IllegalStateException: Could not find a weakening for axiom: ⊤ ⊑ TRANS_0000008
  attempt=55 seed=766868 msg=Repair failed: ExecutionException: java.lang.IllegalStateException: Could not find a weakening for axiom: ⊤ ⊑ TRANS_0000008
  attempt=57 seed=795268 msg=Repair failed: ExecutionException: java.lang.IllegalStateException: Could not find a weakening for axiom: ⊤ ⊑ TRANS_0000008
  attempt=62 seed=866268 msg=Repair failed: ExecutionException: java.lang.IllegalStateException: Could not find a weakening for axiom: ⊤ ⊑ TRANS_0000008
  attempt=65 seed=908868 msg=Repair failed: ExecutionException: java.lang.IllegalStateException: Could not find a weakening for axiom: ⊤ ⊑ TRANS_0000008
  attempt=75 seed=1050868 msg=Repair failed: ExecutionException: java.lang.NullPointerException: operands cannot be null or empty
  attempt=76 seed=1065068 msg=Repair failed: ExecutionException: java.lang.NullPointerException: operands cannot be null or empty
  attempt=82 seed=1150268 msg=Repair failed: ExecutionException: java.lang.IllegalStateException: Could not find a weakening for axiom: ⊤ ⊑ TRANS_0000008
  attempt=83 seed=1164468 msg=Repair failed: ExecutionException: java.lang.IllegalStateException: Could not find a weakening for axiom: ⊤ ⊑ TRANS_0000008
  attempt=105 seed=1476868 msg=Repair failed: ExecutionException: java.lang.NullPointerException: operands cannot be null or empty
  attempt=106 seed=1491068 msg=Repair failed: ExecutionException: java.lang.NullPointerException: operands cannot be null or empty
  attempt=112 seed=1576268 msg=Repair failed: ExecutionException: java.lang.IllegalStateException: Could not find a weakening for axiom: ⊤ ⊑ TRANS_0000008
  attempt=115 seed=1618868 msg=Repair failed: ExecutionException: java.lang.IllegalStateException: Could not find a weakening for axiom: ⊤ ⊑ TRANS_0000008
  attempt=116 seed=1633068 msg=Repair failed: ExecutionException: java.lang.IllegalStateException: Could not find a weakening for axiom: ⊤ ⊑ TRANS_0000008
  attempt=119 seed=1675668 msg=Repair failed: ExecutionException: java.lang.IllegalStateException: Could not find a weakening for axiom: ⊤ ⊑ TRANS_0000008
  attempt=122 seed=1718268 msg=Repair failed: ExecutionException: java.lang.IllegalStateException: Could not find a weakening for axiom: ⊤ ⊑ TRANS_0000008
Timing summary:
  success: count=100 total_seconds=995.069421 avg_seconds=9.950694
  time_limit_exceeded: count=0 total_seconds=0.000000 avg_seconds=0.000000
  memory_limit_exceeded: count=0 total_seconds=0.000000 avg_seconds=0.000000
  success_rate=0.8130
  wall_clock_seconds_total_run=360698.251834
