=== run_trials started at 2026-06-24 13:41:30 run_id=20260624134028346645 ===
ontology_path=/workspaces/ontologyutils-ekaw26/repair-power-index-replication-ekaw26/ontologies/inconsistent/SLEEP.owl
iic_csv=/workspaces/ontologyutils-ekaw26/repair-power-index-replication-ekaw26/data/data-20260624134028346645/iic-SLEEP.csv
runtime_csv=/workspaces/ontologyutils-ekaw26/repair-power-index-replication-ekaw26/data/data-20260624134028346645/runtime-SLEEP.csv

=== Starting sequential trials for SLEEP at 2026-06-26 12:36:42 ===
----- SLEEP attempt=1 seed=78 at 2026-06-26 12:36:42 -----
--- stdout ---
{"seed":78,"run_id":"20260624134028346645","trial_status":"success","error_type":null,"failure_stage":null,"error_message":null,"iic_values":{"B1_vs_A1":1.0,"B1_vs_A2":0.08793969849246232,"B1_vs_A3":0.0016431924882629107,"B2_vs_A1":1.0,"B2_vs_A2":0.07044025157232704,"B2_vs_A3":0.0011637379262190155,"B3_vs_A1":0.9988623435722411,"B3_vs_A2":0.998776758409786,"B3_vs_A3":0.5,"B4_vs_A1":0.9993247045582442,"B4_vs_A2":0.9992466475817388,"B4_vs_A3":0.9904761904761905,"B5_vs_A1":0.9993247045582442,"B5_vs_A2":0.9992466475817388,"B5_vs_A3":0.9904761904761905,"B6_vs_A1":0.9993247045582442,"B6_vs_A2":0.9992466475817388,"B6_vs_A3":0.9904761904761905,"B7_vs_A1":0.9993247045582442,"B7_vs_A2":0.9992466475817388,"B7_vs_A3":0.9904761904761905,"B8_vs_A1":0.9993247045582442,"B8_vs_A2":0.9992466475817388,"B8_vs_A3":0.9904761904761905,"B9_vs_A1":0.9993247045582442,"B9_vs_A2":0.9992466475817388,"B9_vs_A3":0.9904761904761905},"repair_runtimes_ms":{"A1":49,"A2":4960,"A3":649,"B1":343,"B2":5954,"B3":4170,"B4":81,"B5":712,"B6":300,"B7":130,"B8":1105,"B9":460}}

--- stderr ---
SingleTrialExperiment starting: ontology=/workspaces/ontologyutils-ekaw26/repair-power-index-replication-ekaw26/ontologies/inconsistent/SLEEP.owl, seed=78, run_id=20260624134028346645
Loaded ontology.
Normalizing ontology with SROIQ normalization...
Normalized ontology with SROIQ normalization.
Ontology is already inconsistent, skipping make-inconsistent step.
Repairing with A1 (random-removal)...
[2026-06-26 12:36:43.039] Checking precondition...
[2026-06-26 12:36:43.055] Starting the repair...
[2026-06-26 12:36:43.063] Found 172 possible bad axioms.
[2026-06-26 12:36:43.064] Selected the bad axiom SubClassOf(Electroencephalography Polysomnography).
[2026-06-26 12:36:43.069] Found 171 possible bad axioms.
[2026-06-26 12:36:43.070] Selected the bad axiom SubClassOf(DaytimePhysicalActivity LifestylePattern).
[2026-06-26 12:36:43.073] Found 170 possible bad axioms.
[2026-06-26 12:36:43.073] Selected the bad axiom SubClassOf(SleepRelatedEatingDisorder SleepRelatedGroaning).
[2026-06-26 12:36:43.077] Found 169 possible bad axioms.
[2026-06-26 12:36:43.077] Selected the bad axiom SubClassOf(AffectingFactor owl:Nothing).
[2026-06-26 12:36:43.084] Finished repairing the ontology.
Repairing with A2 (not-in-largest-mcs-removal)...
[2026-06-26 12:36:43.085] Checking precondition...
[2026-06-26 12:36:43.091] Starting the repair...
[2026-06-26 12:36:48.043] Found 4 possible bad axioms.
[2026-06-26 12:36:48.043] Selected the bad axiom SubClassOf(AttributeOfSleep AffectingFactor).
[2026-06-26 12:36:48.045] Finished repairing the ontology.
Repairing with A3 (default-weakening)...
[2026-06-26 12:36:48.047] Checking precondition...
[2026-06-26 12:36:48.050] Starting the repair...
[2026-06-26 12:36:48.063] Selected a reference ontology with 275 axioms.
[2026-06-26 12:36:48.401] Selected the bad axiom SubClassOf(NormalSleepWakePattern SleepPattern).
[2026-06-26 12:36:48.445] Selected the weaker axiom SubClassOf(NormalSleepWakePattern LifestylePattern).
[2026-06-26 12:36:48.692] Selected the bad axiom SubClassOf(NormalSleepWakePattern LifestylePattern).
[2026-06-26 12:36:48.694] Selected the weaker axiom SubClassOf(LossOfCognitiveFunction LifestylePattern).
[2026-06-26 12:36:48.695] Finished repairing the ontology.
Repairing with B1 (bad-in_some_mus-weaker-random)...
[2026-06-26 12:36:48.696] Checking precondition...
[2026-06-26 12:36:48.698] Starting the repair...
[2026-06-26 12:36:48.709] Selected a reference ontology with 275 axioms.
[2026-06-26 12:36:49.009] Selected the bad axiom SubClassOf(AffectingFactor owl:Nothing).
[2026-06-26 12:36:49.038] Selected the weaker axiom SubClassOf(AffectingFactor DepressedMood).
[2026-06-26 12:36:49.039] Finished repairing the ontology.
Repairing with B2 (bad-in_some_mus-weaker-shapley)...
[2026-06-26 12:36:49.041] Checking precondition...
[2026-06-26 12:36:49.042] Starting the repair...
[2026-06-26 12:36:49.051] Selected a reference ontology with 275 axioms.
[2026-06-26 12:36:49.387] Selected the bad axiom SubClassOf(Affectin
...[truncated]
SUCCESS: attempt=1 seed=78 success_count=1/100
progress: ontology=SLEEP attempt=1 success=1/100
----- SLEEP attempt=2 seed=14278 at 2026-06-26 12:37:02 -----
--- stdout ---
{"seed":14278,"run_id":"20260624134028346645","trial_status":"success","error_type":null,"failure_stage":null,"error_message":null,"iic_values":{"B1_vs_A1":0.021822673620642326,"B1_vs_A2":0.0015822784810126582,"B1_vs_A3":0.0029502151198524894,"B2_vs_A1":0.01241830065359477,"B2_vs_A2":8.049678012879485E-4,"B2_vs_A3":0.0013948622573520864,"B3_vs_A1":1.0,"B3_vs_A2":0.009523809523809525,"B3_vs_A3":0.5,"B4_vs_A1":0.9991830065359477,"B4_vs_A2":0.5,"B4_vs_A3":0.9904761904761905,"B5_vs_A1":0.9991830065359477,"B5_vs_A2":0.5,"B5_vs_A3":0.9904761904761905,"B6_vs_A1":0.9991830065359477,"B6_vs_A2":0.5,"B6_vs_A3":0.9904761904761905,"B7_vs_A1":0.9991830065359477,"B7_vs_A2":0.5,"B7_vs_A3":0.9904761904761905,"B8_vs_A1":0.9991830065359477,"B8_vs_A2":0.5,"B8_vs_A3":0.9904761904761905,"B9_vs_A1":0.9991830065359477,"B9_vs_A2":0.5,"B9_vs_A3":0.9904761904761905},"repair_runtimes_ms":{"A1":67,"A2":4918,"A3":389,"B1":381,"B2":5604,"B3":3928,"B4":68,"B5":5647,"B6":2153,"B7":105,"B8":6040,"B9":553}}

--- stderr ---
SingleTrialExperiment starting: ontology=/workspaces/ontologyutils-ekaw26/repair-power-index-replication-ekaw26/ontologies/inconsistent/SLEEP.owl, seed=14278, run_id=20260624134028346645
Loaded ontology.
Normalizing ontology with SROIQ normalization...
Normalized ontology with SROIQ normalization.
Ontology is already inconsistent, skipping make-inconsistent step.
Repairing with A1 (random-removal)...
[2026-06-26 12:37:02.755] Checking precondition...
[2026-06-26 12:37:02.771] Starting the repair...
[2026-06-26 12:37:02.779] Found 172 possible bad axioms.
[2026-06-26 12:37:02.780] Selected the bad axiom SubClassOf(EnvironmentalFactor AffectingFactor).
[2026-06-26 12:37:02.785] Found 171 possible bad axioms.
[2026-06-26 12:37:02.785] Selected the bad axiom SubClassOf(SleepRelatedBreathingDisorders SleepDisorder).
[2026-06-26 12:37:02.789] Found 170 possible bad axioms.
[2026-06-26 12:37:02.789] Selected the bad axiom SubClassOf(EffectOnMood EffectsOfPoorSleep).
[2026-06-26 12:37:02.793] Found 169 possible bad axioms.
[2026-06-26 12:37:02.793] Selected the bad axiom SubClassOf(Fear PsychologicalFactor).
[2026-06-26 12:37:02.796] Found 168 possible bad axioms.
[2026-06-26 12:37:02.797] Selected the bad axiom SubClassOf(Meditation BedtimeRitual).
[2026-06-26 12:37:02.804] Found 167 possible bad axioms.
[2026-06-26 12:37:02.804] Selected the bad axiom SubClassOf(EffectOnDailyFunction EffectsOfPoorSleep).
[2026-06-26 12:37:02.807] Found 166 possible bad axioms.
[2026-06-26 12:37:02.807] Selected the bad axiom SubClassOf(IdiopathicHypersomnia CentralDisordersOfHypersomnolence).
[2026-06-26 12:37:02.811] Found 165 possible bad axioms.
[2026-06-26 12:37:02.811] Selected the bad axiom SubClassOf(Pain PhysicalFactor).
[2026-06-26 12:37:02.814] Found 164 possible bad axioms.
[2026-06-26 12:37:02.814] Selected the bad axiom SubClassOf(NormalSleepWakePattern SleepPattern).
[2026-06-26 12:37:02.818] Finished repairing the ontology.
Repairing with A2 (not-in-largest-mcs-removal)...
[2026-06-26 12:37:02.818] Checking precondition...
[2026-06-26 12:37:02.829] Starting the repair...
[2026-06-26 12:37:07.735] Found 4 possible bad axioms.
[2026-06-26 12:37:07.736] Selected the bad axiom SubClassOf(owl:Thing NormalSleepWakePattern).
[2026-06-26 12:37:07.736] Finished repairing the ontology.
Repairing with A3 (default-weakening)...
[2026-06-26 12:37:07.738] Checking precondition...
[2026-06-26 12:37:07.741] Starting the repair...
[2026-06-26 12:37:07.752] Selected a reference ontology with 275 axioms.
[2026-06-26 12:37:08.086] Selected the bad axiom SubClassOf(NormalSleepWakePattern SleepPattern).
[2026-06-26 12:37:08.125] Selected the weaker axiom SubClassOf(AdvancedSleepPhaseSyndrome(ASPS) SleepPattern).
[2026-06-26 12:37:08.126] Finished repairing the ontology.
Repairing with B1 (bad-in_some_mus-weaker-random)...
[2026-06-26 12:37:08.127] Checking precondition...
[2026-06-26 12:37:08.129] Starting the repair...
[2026-06-26 12:37:08.143] Selected a reference ontology 
...[truncated]
SUCCESS: attempt=2 seed=14278 success_count=2/100
progress: ontology=SLEEP attempt=2 success=2/100
----- SLEEP attempt=3 seed=28478 at 2026-06-26 12:37:33 -----
--- stdout ---
{"seed":28478,"run_id":"20260624134028346645","trial_status":"success","error_type":null,"failure_stage":null,"error_message":null,"iic_values":{"B1_vs_A1":0.0028440511929214724,"B1_vs_A2":1.0,"B1_vs_A3":0.9621621621621622,"B2_vs_A1":0.0015518311607697084,"B2_vs_A2":1.0,"B2_vs_A3":0.9598136284216657,"B3_vs_A1":1.0,"B3_vs_A2":0.9992466475817388,"B3_vs_A3":0.9992609927330952,"B4_vs_A1":1.0,"B4_vs_A2":0.9992466475817388,"B4_vs_A3":0.9992609927330952,"B5_vs_A1":1.0,"B5_vs_A2":0.9992466475817388,"B5_vs_A3":0.9992609927330952,"B6_vs_A1":1.0,"B6_vs_A2":0.9992466475817388,"B6_vs_A3":0.9992609927330952,"B7_vs_A1":1.0,"B7_vs_A2":0.9992466475817388,"B7_vs_A3":0.9992609927330952,"B8_vs_A1":1.0,"B8_vs_A2":0.9992466475817388,"B8_vs_A3":0.9992609927330952,"B9_vs_A1":1.0,"B9_vs_A2":0.9992466475817388,"B9_vs_A3":0.9992609927330952},"repair_runtimes_ms":{"A1":44,"A2":4975,"A3":406,"B1":369,"B2":3195,"B3":946,"B4":104,"B5":458,"B6":1902,"B7":108,"B8":5568,"B9":4159}}

--- stderr ---
SingleTrialExperiment starting: ontology=/workspaces/ontologyutils-ekaw26/repair-power-index-replication-ekaw26/ontologies/inconsistent/SLEEP.owl, seed=28478, run_id=20260624134028346645
Loaded ontology.
Normalizing ontology with SROIQ normalization...
Normalized ontology with SROIQ normalization.
Ontology is already inconsistent, skipping make-inconsistent step.
Repairing with A1 (random-removal)...
[2026-06-26 12:37:33.716] Checking precondition...
[2026-06-26 12:37:33.733] Starting the repair...
[2026-06-26 12:37:33.739] Found 172 possible bad axioms.
[2026-06-26 12:37:33.741] Selected the bad axiom SubClassOf(CaffeinConsumption owl:Nothing).
[2026-06-26 12:37:33.745] Found 171 possible bad axioms.
[2026-06-26 12:37:33.746] Selected the bad axiom SubClassOf(SleepDepth SleepQuality).
[2026-06-26 12:37:33.749] Found 170 possible bad axioms.
[2026-06-26 12:37:33.749] Selected the bad axiom SubClassOf(StretchingExercise BedtimeRitual).
[2026-06-26 12:37:33.753] Found 169 possible bad axioms.
[2026-06-26 12:37:33.753] Selected the bad axiom SubClassOf(owl:Thing NormalSleepWakePattern).
[2026-06-26 12:37:33.756] Finished repairing the ontology.
Repairing with A2 (not-in-largest-mcs-removal)...
[2026-06-26 12:37:33.756] Checking precondition...
[2026-06-26 12:37:33.767] Starting the repair...
[2026-06-26 12:37:38.730] Found 4 possible bad axioms.
[2026-06-26 12:37:38.730] Selected the bad axiom SubClassOf(AttributeOfSleep AffectingFactor).
[2026-06-26 12:37:38.732] Finished repairing the ontology.
Repairing with A3 (default-weakening)...
[2026-06-26 12:37:38.733] Checking precondition...
[2026-06-26 12:37:38.735] Starting the repair...
[2026-06-26 12:37:38.747] Selected a reference ontology with 275 axioms.
[2026-06-26 12:37:39.084] Selected the bad axiom SubClassOf(AffectingFactor owl:Nothing).
[2026-06-26 12:37:39.136] Selected the weaker axiom SubClassOf(StretchingExercise owl:Nothing).
[2026-06-26 12:37:39.138] Finished repairing the ontology.
Repairing with B1 (bad-in_some_mus-weaker-random)...
[2026-06-26 12:37:39.139] Checking precondition...
[2026-06-26 12:37:39.141] Starting the repair...
[2026-06-26 12:37:39.151] Selected a reference ontology with 275 axioms.
[2026-06-26 12:37:39.477] Selected the bad axiom SubClassOf(AttributeOfSleep AffectingFactor).
[2026-06-26 12:37:39.505] Selected the weaker axiom SubClassOf(AttributeOfSleep IrregularSleepWakeCycle).
[2026-06-26 12:37:39.507] Finished repairing the ontology.
Repairing with B2 (bad-in_some_mus-weaker-shapley)...
[2026-06-26 12:37:39.509] Checking precondition...
[2026-06-26 12:37:39.511] Starting the repair...
[2026-06-26 12:37:39.519] Selected a reference ontology with 275 axioms.
[2026-06-26 12:37:39.844] Selected the bad axiom SubClassOf(AttributeOfSleep AffectingFactor).
[PowerIndexWeakerAxiomSelector] Scoring 80 candidate weakenings for AttributeOfSleep ⊑ AffectingFactor
[PowerIndexWeakerAxiomSelector] Selected weaker axiom: AbnormalSleepPattern ⊑ AffectingFactor
[2026-06-26 12:37
...[truncated]
SUCCESS: attempt=3 seed=28478 success_count=3/100
progress: ontology=SLEEP attempt=3 success=3/100
----- SLEEP attempt=4 seed=42678 at 2026-06-26 12:37:56 -----
--- stdout ---
{"seed":42678,"run_id":"20260624134028346645","trial_status":"success","error_type":null,"failure_stage":null,"error_message":null,"iic_values":{"B1_vs_A1":1.0,"B1_vs_A2":0.0013948622573520864,"B1_vs_A3":0.15726495726495726,"B2_vs_A1":0.9749637155297532,"B2_vs_A2":0.0012420431609998447,"B2_vs_A3":0.8385477018153727,"B3_vs_A1":0.9993448351168377,"B3_vs_A2":0.9904761904761905,"B3_vs_A3":0.9985550872968092,"B4_vs_A1":0.9993448351168377,"B4_vs_A2":0.9904761904761905,"B4_vs_A3":0.9985550872968092,"B5_vs_A1":0.9993448351168377,"B5_vs_A2":0.9904761904761905,"B5_vs_A3":0.9985550872968092,"B6_vs_A1":0.9993448351168377,"B6_vs_A2":0.9904761904761905,"B6_vs_A3":0.9985550872968092,"B7_vs_A1":0.9993448351168377,"B7_vs_A2":0.9904761904761905,"B7_vs_A3":0.9985550872968092,"B8_vs_A1":0.9993448351168377,"B8_vs_A2":0.9904761904761905,"B8_vs_A3":0.9985550872968092,"B9_vs_A1":0.9993448351168377,"B9_vs_A2":0.9904761904761905,"B9_vs_A3":0.9985550872968092},"repair_runtimes_ms":{"A1":180,"A2":4918,"A3":981,"B1":369,"B2":5891,"B3":945,"B4":79,"B5":949,"B6":421,"B7":115,"B8":821,"B9":1937}}

--- stderr ---
SingleTrialExperiment starting: ontology=/workspaces/ontologyutils-ekaw26/repair-power-index-replication-ekaw26/ontologies/inconsistent/SLEEP.owl, seed=42678, run_id=20260624134028346645
Loaded ontology.
Normalizing ontology with SROIQ normalization...
Normalized ontology with SROIQ normalization.
Ontology is already inconsistent, skipping make-inconsistent step.
Repairing with A1 (random-removal)...
[2026-06-26 12:37:56.774] Checking precondition...
[2026-06-26 12:37:56.791] Starting the repair...
[2026-06-26 12:37:56.797] Found 172 possible bad axioms.
[2026-06-26 12:37:56.798] Selected the bad axiom SubClassOf(Co-Sleeping EnvironmentalFactor).
[2026-06-26 12:37:56.802] Found 171 possible bad axioms.
[2026-06-26 12:37:56.803] Selected the bad axiom SubClassOf(PoorSleepPattern SleepPattern).
[2026-06-26 12:37:56.806] Found 170 possible bad axioms.
[2026-06-26 12:37:56.807] Selected the bad axiom SubClassOf(RestlessLegsSyndrome SleepRelatedMovementDisorders).
[2026-06-26 12:37:56.810] Found 169 possible bad axioms.
[2026-06-26 12:37:56.810] Selected the bad axiom SubClassOf(SleepDepth SleepQuality).
[2026-06-26 12:37:56.814] Found 168 possible bad axioms.
[2026-06-26 12:37:56.814] Selected the bad axiom SubClassOf(MedicineOrSupplement SleepAid).
[2026-06-26 12:37:56.821] Found 167 possible bad axioms.
[2026-06-26 12:37:56.821] Selected the bad axiom SubClassOf(DaytimePhysicalActivity LifestylePattern).
[2026-06-26 12:37:56.824] Found 166 possible bad axioms.
[2026-06-26 12:37:56.825] Selected the bad axiom SubClassOf(PhysicalFactor AffectingFactor).
[2026-06-26 12:37:56.827] Found 165 possible bad axioms.
[2026-06-26 12:37:56.828] Selected the bad axiom SubClassOf(PulseOximetry Electromyography).
[2026-06-26 12:37:56.832] Found 164 possible bad axioms.
[2026-06-26 12:37:56.832] Selected the bad axiom SubClassOf(SleepAid AffectingFactor).
[2026-06-26 12:37:56.835] Found 163 possible bad axioms.
[2026-06-26 12:37:56.836] Selected the bad axiom SubClassOf(KleineLevinSyndrome CentralDisordersOfHypersomnolence).
[2026-06-26 12:37:56.839] Found 162 possible bad axioms.
[2026-06-26 12:37:56.839] Selected the bad axiom SubClassOf(GoodSleepPattern SleepPattern).
[2026-06-26 12:37:56.846] Found 161 possible bad axioms.
[2026-06-26 12:37:56.846] Selected the bad axiom SubClassOf(SleepDisorder Sleep).
[2026-06-26 12:37:56.849] Found 160 possible bad axioms.
[2026-06-26 12:37:56.849] Selected the bad axiom SubClassOf(IrregularSleepWakeCycle ChronicSleepWakeRhythmDisorder).
[2026-06-26 12:37:56.852] Found 159 possible bad axioms.
[2026-06-26 12:37:56.852] Selected the bad axiom SubClassOf(Humidity EnvironmentalFactor).
[2026-06-26 12:37:56.855] Found 158 possible bad axioms.
[2026-06-26 12:37:56.855] Selected the bad axiom SubClassOf(BedtimeRitual AffectingFactor).
[2026-06-26 12:37:56.857] Found 157 possible bad axioms.
[2026-06-26 12:37:56.858] Selected the bad axiom SubClassOf(LifestylePattern SleepAid).
[2026-06-26 12:37:56.864] Found 156 possible bad axio
...[truncated]
SUCCESS: attempt=4 seed=42678 success_count=4/100
progress: ontology=SLEEP attempt=4 success=4/100
----- SLEEP attempt=5 seed=56878 at 2026-06-26 12:38:14 -----
--- stdout ---
{"seed":56878,"run_id":"20260624134028346645","trial_status":"success","error_type":null,"failure_stage":null,"error_message":null,"iic_values":{"B1_vs_A1":0.9986468200270636,"B1_vs_A2":0.9992466475817388,"B1_vs_A3":0.999176276771005,"B2_vs_A1":0.9986468200270636,"B2_vs_A2":0.9992466475817388,"B2_vs_A3":0.999176276771005,"B3_vs_A1":0.028858766943594228,"B3_vs_A2":0.07044025157232704,"B3_vs_A3":0.05510204081632653,"B4_vs_A1":0.9986468200270636,"B4_vs_A2":0.9992466475817388,"B4_vs_A3":0.999176276771005,"B5_vs_A1":0.9986468200270636,"B5_vs_A2":0.9992466475817388,"B5_vs_A3":0.999176276771005,"B6_vs_A1":0.9986468200270636,"B6_vs_A2":0.9992466475817388,"B6_vs_A3":0.999176276771005,"B7_vs_A1":0.9986468200270636,"B7_vs_A2":0.9992466475817388,"B7_vs_A3":0.999176276771005,"B8_vs_A1":0.9986468200270636,"B8_vs_A2":0.9992466475817388,"B8_vs_A3":0.999176276771005,"B9_vs_A1":0.9986468200270636,"B9_vs_A2":0.9992466475817388,"B9_vs_A3":0.999176276771005},"repair_runtimes_ms":{"A1":103,"A2":4916,"A3":400,"B1":661,"B2":1670,"B3":4134,"B4":76,"B5":792,"B6":1909,"B7":129,"B8":1085,"B9":1986}}

--- stderr ---
SingleTrialExperiment starting: ontology=/workspaces/ontologyutils-ekaw26/repair-power-index-replication-ekaw26/ontologies/inconsistent/SLEEP.owl, seed=56878, run_id=20260624134028346645
Loaded ontology.
Normalizing ontology with SROIQ normalization...
Normalized ontology with SROIQ normalization.
Ontology is already inconsistent, skipping make-inconsistent step.
Repairing with A1 (random-removal)...
[2026-06-26 12:38:15.185] Checking precondition...
[2026-06-26 12:38:15.200] Starting the repair...
[2026-06-26 12:38:15.207] Found 172 possible bad axioms.
[2026-06-26 12:38:15.208] Selected the bad axiom SubClassOf(CaffeinConsumption owl:Nothing).
[2026-06-26 12:38:15.212] Found 171 possible bad axioms.
[2026-06-26 12:38:15.213] Selected the bad axiom SubClassOf(Narcolepsy IdiopathicHypersomnia).
[2026-06-26 12:38:15.217] Found 170 possible bad axioms.
[2026-06-26 12:38:15.217] Selected the bad axiom SubClassOf(REMRelatedParasomnias Parasomnias).
[2026-06-26 12:38:15.221] Found 169 possible bad axioms.
[2026-06-26 12:38:15.221] Selected the bad axiom SubClassOf(CaffeinConsumption LifestylePattern).
[2026-06-26 12:38:15.224] Found 168 possible bad axioms.
[2026-06-26 12:38:15.224] Selected the bad axiom SubClassOf(Massage BedtimeRitual).
[2026-06-26 12:38:15.231] Found 167 possible bad axioms.
[2026-06-26 12:38:15.232] Selected the bad axiom SubClassOf(PoorSleepPattern SleepPattern).
[2026-06-26 12:38:15.235] Found 166 possible bad axioms.
[2026-06-26 12:38:15.235] Selected the bad axiom SubClassOf(Temperature EnvironmentalFactor).
[2026-06-26 12:38:15.238] Found 165 possible bad axioms.
[2026-06-26 12:38:15.238] Selected the bad axiom SubClassOf(Stress PsychologicalFactor).
[2026-06-26 12:38:15.242] Found 164 possible bad axioms.
[2026-06-26 12:38:15.242] Selected the bad axiom SubClassOf(SleepingSpace EnvironmentalFactor).
[2026-06-26 12:38:15.247] Found 163 possible bad axioms.
[2026-06-26 12:38:15.247] Selected the bad axiom SubClassOf(Sleep NormalSleepWakePattern).
[2026-06-26 12:38:15.250] Found 162 possible bad axioms.
[2026-06-26 12:38:15.250] Selected the bad axiom SubClassOf(WakeAfterSleepOnset(WASO) SleepContinuity).
[2026-06-26 12:38:15.257] Found 161 possible bad axioms.
[2026-06-26 12:38:15.258] Selected the bad axiom SubClassOf(TimeOfWakingUp TimeOfFallingAsleep).
[2026-06-26 12:38:15.261] Found 160 possible bad axioms.
[2026-06-26 12:38:15.261] Selected the bad axiom SubClassOf(TimeOfWakingUp TimeOfGoingToBed).
[2026-06-26 12:38:15.263] Found 159 possible bad axioms.
[2026-06-26 12:38:15.263] Selected the bad axiom SubClassOf(Temperature Noise).
[2026-06-26 12:38:15.266] Found 158 possible bad axioms.
[2026-06-26 12:38:15.266] Selected the bad axiom SubClassOf(SleepQuality AttributeOfSleep).
[2026-06-26 12:38:15.268] Found 157 possible bad axioms.
[2026-06-26 12:38:15.269] Selected the bad axiom SubClassOf(SleepRelatedBreathingDisorders SleepRelatedHypoventilationDisorders).
[2026-06-26 12:38:15.276] Found 156 possible bad axioms.
[2
...[truncated]
SUCCESS: attempt=5 seed=56878 success_count=5/100
progress: ontology=SLEEP attempt=5 success=5/100
----- SLEEP attempt=6 seed=71078 at 2026-06-26 12:38:33 -----
--- stdout ---
{"seed":71078,"run_id":"20260624134028346645","trial_status":"success","error_type":null,"failure_stage":null,"error_message":null,"iic_values":{"B1_vs_A1":0.002360541682196546,"B1_vs_A2":0.001245019920318725,"B1_vs_A3":7.382798080472499E-4,"B2_vs_A1":0.5023923444976076,"B2_vs_A2":0.5,"B2_vs_A3":0.009523809523809525,"B3_vs_A1":0.0026323939300092907,"B3_vs_A2":0.0012420431609998447,"B3_vs_A3":7.647598654022637E-4,"B4_vs_A1":1.0,"B4_vs_A2":0.9904761904761905,"B4_vs_A3":0.5,"B5_vs_A1":1.0,"B5_vs_A2":0.9904761904761905,"B5_vs_A3":0.5,"B6_vs_A1":1.0,"B6_vs_A2":0.9904761904761905,"B6_vs_A3":0.5,"B7_vs_A1":1.0,"B7_vs_A2":0.9904761904761905,"B7_vs_A3":0.5,"B8_vs_A1":1.0,"B8_vs_A2":0.9904761904761905,"B8_vs_A3":0.5,"B9_vs_A1":1.0,"B9_vs_A2":0.9904761904761905,"B9_vs_A3":0.5},"repair_runtimes_ms":{"A1":46,"A2":4936,"A3":753,"B1":376,"B2":5997,"B3":1771,"B4":64,"B5":798,"B6":729,"B7":149,"B8":1129,"B9":1852}}

--- stderr ---
SingleTrialExperiment starting: ontology=/workspaces/ontologyutils-ekaw26/repair-power-index-replication-ekaw26/ontologies/inconsistent/SLEEP.owl, seed=71078, run_id=20260624134028346645
Loaded ontology.
Normalizing ontology with SROIQ normalization...
Normalized ontology with SROIQ normalization.
Ontology is already inconsistent, skipping make-inconsistent step.
Repairing with A1 (random-removal)...
[2026-06-26 12:38:33.834] Checking precondition...
[2026-06-26 12:38:33.850] Starting the repair...
[2026-06-26 12:38:33.857] Found 172 possible bad axioms.
[2026-06-26 12:38:33.859] Selected the bad axiom SubClassOf(InsufficientPhysicalRecovery EffectsOfPoorSleep).
[2026-06-26 12:38:33.864] Found 171 possible bad axioms.
[2026-06-26 12:38:33.864] Selected the bad axiom SubClassOf(Humidity Temperature).
[2026-06-26 12:38:33.868] Found 170 possible bad axioms.
[2026-06-26 12:38:33.868] Selected the bad axiom SubClassOf(Pruritus PhysicalFactor).
[2026-06-26 12:38:33.872] Found 169 possible bad axioms.
[2026-06-26 12:38:33.872] Selected the bad axiom SubClassOf(owl:Thing NormalSleepWakePattern).
[2026-06-26 12:38:33.875] Finished repairing the ontology.
Repairing with A2 (not-in-largest-mcs-removal)...
[2026-06-26 12:38:33.876] Checking precondition...
[2026-06-26 12:38:33.888] Starting the repair...
[2026-06-26 12:38:38.809] Found 4 possible bad axioms.
[2026-06-26 12:38:38.810] Selected the bad axiom SubClassOf(NormalSleepWakePattern SleepPattern).
[2026-06-26 12:38:38.812] Finished repairing the ontology.
Repairing with A3 (default-weakening)...
[2026-06-26 12:38:38.813] Checking precondition...
[2026-06-26 12:38:38.815] Starting the repair...
[2026-06-26 12:38:38.826] Selected a reference ontology with 275 axioms.
[2026-06-26 12:38:39.148] Selected the bad axiom SubClassOf(AttributeOfSleep AffectingFactor).
[2026-06-26 12:38:39.207] Selected the weaker axiom SubClassOf(AttributeOfSleep PsychologicalFactor).
[2026-06-26 12:38:39.563] Selected the bad axiom SubClassOf(owl:Thing NormalSleepWakePattern).
[2026-06-26 12:38:39.564] Selected the weaker axiom SubClassOf(Sleep NormalSleepWakePattern).
[2026-06-26 12:38:39.565] Finished repairing the ontology.
Repairing with B1 (bad-in_some_mus-weaker-random)...
[2026-06-26 12:38:39.566] Checking precondition...
[2026-06-26 12:38:39.568] Starting the repair...
[2026-06-26 12:38:39.577] Selected a reference ontology with 275 axioms.
[2026-06-26 12:38:39.899] Selected the bad axiom SubClassOf(AffectingFactor owl:Nothing).
[2026-06-26 12:38:39.941] Selected the weaker axiom SubClassOf(SleepAssessmentTest owl:Nothing).
[2026-06-26 12:38:39.942] Finished repairing the ontology.
Repairing with B2 (bad-in_some_mus-weaker-shapley)...
[2026-06-26 12:38:39.943] Checking precondition...
[2026-06-26 12:38:39.945] Starting the repair...
[2026-06-26 12:38:39.953] Selected a reference ontology with 275 axioms.
[2026-06-26 12:38:40.277] Selected the bad axiom SubClassOf(NormalSleepWakePattern SleepPattern).
[PowerIndexWeaker
...[truncated]
SUCCESS: attempt=6 seed=71078 success_count=6/100
progress: ontology=SLEEP attempt=6 success=6/100
----- SLEEP attempt=7 seed=85278 at 2026-06-26 12:38:53 -----
--- stdout ---
{"seed":85278,"run_id":"20260624134028346645","trial_status":"success","error_type":null,"failure_stage":null,"error_message":null,"iic_values":{"B1_vs_A1":0.9991836734693877,"B1_vs_A2":0.999317095379012,"B1_vs_A3":0.9984113405841378,"B2_vs_A1":0.9991836734693877,"B2_vs_A2":0.999317095379012,"B2_vs_A3":0.9984113405841378,"B3_vs_A1":0.01089381808636304,"B3_vs_A2":1.0,"B3_vs_A3":0.12981455064194009,"B4_vs_A1":0.9991836734693877,"B4_vs_A2":0.999317095379012,"B4_vs_A3":0.9984113405841378,"B5_vs_A1":0.9991836734693877,"B5_vs_A2":0.999317095379012,"B5_vs_A3":0.9984113405841378,"B6_vs_A1":0.9991836734693877,"B6_vs_A2":0.999317095379012,"B6_vs_A3":0.9984113405841378,"B7_vs_A1":0.9991836734693877,"B7_vs_A2":0.999317095379012,"B7_vs_A3":0.9984113405841378,"B8_vs_A1":0.9991836734693877,"B8_vs_A2":0.999317095379012,"B8_vs_A3":0.9984113405841378,"B9_vs_A1":0.9991836734693877,"B9_vs_A2":0.999317095379012,"B9_vs_A3":0.9984113405841378},"repair_runtimes_ms":{"A1":78,"A2":4964,"A3":398,"B1":370,"B2":3709,"B3":3949,"B4":63,"B5":683,"B6":627,"B7":126,"B8":1123,"B9":3744}}

--- stderr ---
SingleTrialExperiment starting: ontology=/workspaces/ontologyutils-ekaw26/repair-power-index-replication-ekaw26/ontologies/inconsistent/SLEEP.owl, seed=85278, run_id=20260624134028346645
Loaded ontology.
Normalizing ontology with SROIQ normalization...
Normalized ontology with SROIQ normalization.
Ontology is already inconsistent, skipping make-inconsistent step.
Repairing with A1 (random-removal)...
[2026-06-26 12:38:53.548] Checking precondition...
[2026-06-26 12:38:53.564] Starting the repair...
[2026-06-26 12:38:53.572] Found 172 possible bad axioms.
[2026-06-26 12:38:53.573] Selected the bad axiom SubClassOf(SleepEnuresis OtherParasomnias).
[2026-06-26 12:38:53.578] Found 171 possible bad axioms.
[2026-06-26 12:38:53.578] Selected the bad axiom SubClassOf(InsufficientPhysicalRecovery EffectsOfPoorSleep).
[2026-06-26 12:38:53.582] Found 170 possible bad axioms.
[2026-06-26 12:38:53.582] Selected the bad axiom SubClassOf(LifestylePattern AffectingFactor).
[2026-06-26 12:38:53.586] Found 169 possible bad axioms.
[2026-06-26 12:38:53.586] Selected the bad axiom SubClassOf(FootBathing Meditation).
[2026-06-26 12:38:53.593] Found 168 possible bad axioms.
[2026-06-26 12:38:53.593] Selected the bad axiom SubClassOf(PulseOximetry Polysomnography).
[2026-06-26 12:38:53.596] Found 167 possible bad axioms.
[2026-06-26 12:38:53.596] Selected the bad axiom SubClassOf(LifestylePattern owl:Nothing).
[2026-06-26 12:38:53.599] Found 166 possible bad axioms.
[2026-06-26 12:38:53.600] Selected the bad axiom SubClassOf(SleepRelatedGroaning OtherParasomnias).
[2026-06-26 12:38:53.603] Found 165 possible bad axioms.
[2026-06-26 12:38:53.603] Selected the bad axiom SubClassOf(Massage BedtimeRitual).
[2026-06-26 12:38:53.606] Found 164 possible bad axioms.
[2026-06-26 12:38:53.607] Selected the bad axiom SubClassOf(SleepPattern SleepQuality).
[2026-06-26 12:38:53.611] Found 163 possible bad axioms.
[2026-06-26 12:38:53.611] Selected the bad axiom SubClassOf(EnvironmentalFactor AffectingFactor).
[2026-06-26 12:38:53.614] Found 162 possible bad axioms.
[2026-06-26 12:38:53.614] Selected the bad axiom SubClassOf(NormalSleepWakePattern SleepPattern).
[2026-06-26 12:38:53.622] Finished repairing the ontology.
Repairing with A2 (not-in-largest-mcs-removal)...
[2026-06-26 12:38:53.623] Checking precondition...
[2026-06-26 12:38:53.629] Starting the repair...
[2026-06-26 12:38:58.584] Found 4 possible bad axioms.
[2026-06-26 12:38:58.585] Selected the bad axiom SubClassOf(AffectingFactor owl:Nothing).
[2026-06-26 12:38:58.587] Finished repairing the ontology.
Repairing with A3 (default-weakening)...
[2026-06-26 12:38:58.589] Checking precondition...
[2026-06-26 12:38:58.591] Starting the repair...
[2026-06-26 12:38:58.603] Selected a reference ontology with 275 axioms.
[2026-06-26 12:38:58.939] Selected the bad axiom SubClassOf(AffectingFactor owl:Nothing).
[2026-06-26 12:38:58.984] Selected the weaker axiom SubClassOf(AffectingFactor Electrocardiography).
[2026-06-26 12:38
...[truncated]
SUCCESS: attempt=7 seed=85278 success_count=7/100
progress: ontology=SLEEP attempt=7 success=7/100
----- SLEEP attempt=8 seed=99478 at 2026-06-26 12:39:13 -----
--- stdout ---
{"seed":99478,"run_id":"20260624134028346645","trial_status":"success","error_type":null,"failure_stage":null,"error_message":null,"iic_values":{"B1_vs_A1":0.9988555733577478,"B1_vs_A2":0.998776758409786,"B1_vs_A3":0.9975035106880948,"B2_vs_A1":0.9993207290841164,"B2_vs_A2":0.9992466475817388,"B2_vs_A3":0.9986149584487535,"B3_vs_A1":1.0,"B3_vs_A2":0.07044025157232704,"B3_vs_A3":0.06566455696202532,"B4_vs_A1":0.9993207290841164,"B4_vs_A2":0.9992466475817388,"B4_vs_A3":0.9986149584487535,"B5_vs_A1":0.9993207290841164,"B5_vs_A2":0.9992466475817388,"B5_vs_A3":0.9986149584487535,"B6_vs_A1":0.9993207290841164,"B6_vs_A2":0.9992466475817388,"B6_vs_A3":0.9986149584487535,"B7_vs_A1":0.9993207290841164,"B7_vs_A2":0.9992466475817388,"B7_vs_A3":0.9986149584487535,"B8_vs_A1":0.9993207290841164,"B8_vs_A2":0.9992466475817388,"B8_vs_A3":0.9986149584487535,"B9_vs_A1":0.9993207290841164,"B9_vs_A2":0.9992466475817388,"B9_vs_A3":0.9986149584487535},"repair_runtimes_ms":{"A1":127,"A2":4926,"A3":791,"B1":350,"B2":5999,"B3":4077,"B4":65,"B5":2925,"B6":2107,"B7":131,"B8":5992,"B9":1008}}

--- stderr ---
SingleTrialExperiment starting: ontology=/workspaces/ontologyutils-ekaw26/repair-power-index-replication-ekaw26/ontologies/inconsistent/SLEEP.owl, seed=99478, run_id=20260624134028346645
Loaded ontology.
Normalizing ontology with SROIQ normalization...
Normalized ontology with SROIQ normalization.
Ontology is already inconsistent, skipping make-inconsistent step.
Repairing with A1 (random-removal)...
[2026-06-26 12:39:14.192] Checking precondition...
[2026-06-26 12:39:14.208] Starting the repair...
[2026-06-26 12:39:14.216] Found 172 possible bad axioms.
[2026-06-26 12:39:14.217] Selected the bad axiom SubClassOf(SleepRelatedHypoventilationDisorders SleepRelatedBreathingDisorders).
[2026-06-26 12:39:14.222] Found 171 possible bad axioms.
[2026-06-26 12:39:14.222] Selected the bad axiom SubClassOf(SleepEnuresis OtherParasomnias).
[2026-06-26 12:39:14.226] Found 170 possible bad axioms.
[2026-06-26 12:39:14.226] Selected the bad axiom SubClassOf(ChronicInsomniaDisorder Insomnia).
[2026-06-26 12:39:14.230] Found 169 possible bad axioms.
[2026-06-26 12:39:14.230] Selected the bad axiom SubClassOf(StretchingExercise BedtimeRitual).
[2026-06-26 12:39:14.236] Found 168 possible bad axioms.
[2026-06-26 12:39:14.236] Selected the bad axiom SubClassOf(Temperature Co-Sleeping).
[2026-06-26 12:39:14.240] Found 167 possible bad axioms.
[2026-06-26 12:39:14.240] Selected the bad axiom SubClassOf(AdvancedSleepPhaseSyndrome(ASPS) ChronicSleepWakeRhythmDisorder).
[2026-06-26 12:39:14.243] Found 166 possible bad axioms.
[2026-06-26 12:39:14.244] Selected the bad axiom SubClassOf(AttributeOfSleep NormalSleepWakePattern).
[2026-06-26 12:39:14.246] Found 165 possible bad axioms.
[2026-06-26 12:39:14.246] Selected the bad axiom SubClassOf(FootBathing BedtimeRitual).
[2026-06-26 12:39:14.250] Found 164 possible bad axioms.
[2026-06-26 12:39:14.250] Selected the bad axiom SubClassOf(Electroencephalography Electrooculography).
[2026-06-26 12:39:14.254] Found 163 possible bad axioms.
[2026-06-26 12:39:14.254] Selected the bad axiom SubClassOf(Fear PsychologicalFactor).
[2026-06-26 12:39:14.257] Found 162 possible bad axioms.
[2026-06-26 12:39:14.257] Selected the bad axiom SubClassOf(EffectsOfPoorSleep SleepSchedule).
[2026-06-26 12:39:14.264] Found 161 possible bad axioms.
[2026-06-26 12:39:14.265] Selected the bad axiom SubClassOf(PulseOximetry Electromyography).
[2026-06-26 12:39:14.267] Found 160 possible bad axioms.
[2026-06-26 12:39:14.267] Selected the bad axiom SubClassOf(SleepingSpace EnvironmentalFactor).
[2026-06-26 12:39:14.270] Found 159 possible bad axioms.
[2026-06-26 12:39:14.270] Selected the bad axiom SubClassOf(Humidity EnvironmentalFactor).
[2026-06-26 12:39:14.273] Found 158 possible bad axioms.
[2026-06-26 12:39:14.273] Selected the bad axiom SubClassOf(DepressedMood PsychologicalFactor).
[2026-06-26 12:39:14.276] Found 157 possible bad axioms.
[2026-06-26 12:39:14.276] Selected the bad axiom SubClassOf(GoodSleepPattern SleepPattern).
[2026-06-26 12:
...[truncated]
SUCCESS: attempt=8 seed=99478 success_count=8/100
progress: ontology=SLEEP attempt=8 success=8/100
----- SLEEP attempt=9 seed=113678 at 2026-06-26 12:39:43 -----
--- stdout ---
{"seed":113678,"run_id":"20260624134028346645","trial_status":"success","error_type":null,"failure_stage":null,"error_message":null,"iic_values":{"B1_vs_A1":0.9987995198079231,"B1_vs_A2":0.009523809523809525,"B1_vs_A3":0.009523809523809525,"B2_vs_A1":0.07373068432671082,"B2_vs_A2":8.049678012879485E-4,"B2_vs_A3":8.049678012879485E-4,"B3_vs_A1":0.9987995198079231,"B3_vs_A2":0.009523809523809525,"B3_vs_A3":0.009523809523809525,"B4_vs_A1":0.999260464428339,"B4_vs_A2":0.5,"B4_vs_A3":0.5,"B5_vs_A1":0.999260464428339,"B5_vs_A2":0.5,"B5_vs_A3":0.5,"B6_vs_A1":0.999260464428339,"B6_vs_A2":0.5,"B6_vs_A3":0.5,"B7_vs_A1":0.999260464428339,"B7_vs_A2":0.5,"B7_vs_A3":0.5,"B8_vs_A1":0.999260464428339,"B8_vs_A2":0.5,"B8_vs_A3":0.5,"B9_vs_A1":0.999260464428339,"B9_vs_A2":0.5,"B9_vs_A3":0.5},"repair_runtimes_ms":{"A1":83,"A2":4931,"A3":397,"B1":364,"B2":3505,"B3":984,"B4":92,"B5":962,"B6":1964,"B7":114,"B8":3022,"B9":1910}}

--- stderr ---
SingleTrialExperiment starting: ontology=/workspaces/ontologyutils-ekaw26/repair-power-index-replication-ekaw26/ontologies/inconsistent/SLEEP.owl, seed=113678, run_id=20260624134028346645
Loaded ontology.
Normalizing ontology with SROIQ normalization...
Normalized ontology with SROIQ normalization.
Ontology is already inconsistent, skipping make-inconsistent step.
Repairing with A1 (random-removal)...
[2026-06-26 12:39:43.708] Checking precondition...
[2026-06-26 12:39:43.723] Starting the repair...
[2026-06-26 12:39:43.731] Found 172 possible bad axioms.
[2026-06-26 12:39:43.733] Selected the bad axiom SubClassOf(SleepEnuresis OtherParasomnias).
[2026-06-26 12:39:43.737] Found 171 possible bad axioms.
[2026-06-26 12:39:43.737] Selected the bad axiom SubClassOf(Narcolepsy CentralDisordersOfHypersomnolence).
[2026-06-26 12:39:43.740] Found 170 possible bad axioms.
[2026-06-26 12:39:43.741] Selected the bad axiom SubClassOf(SleepRelatedHypoventilationDisorders SleepRelatedBreathingDisorders).
[2026-06-26 12:39:43.744] Found 169 possible bad axioms.
[2026-06-26 12:39:43.744] Selected the bad axiom SubClassOf(ShortTermInsomniaDisorder Insomnia).
[2026-06-26 12:39:43.752] Found 168 possible bad axioms.
[2026-06-26 12:39:43.752] Selected the bad axiom SubClassOf(Meditation BedtimeRitual).
[2026-06-26 12:39:43.755] Found 167 possible bad axioms.
[2026-06-26 12:39:43.756] Selected the bad axiom SubClassOf(Parasomnias SleepRelatedMovementDisorders).
[2026-06-26 12:39:43.759] Found 166 possible bad axioms.
[2026-06-26 12:39:43.759] Selected the bad axiom SubClassOf(Electrooculography Electroencephalography).
[2026-06-26 12:39:43.762] Found 165 possible bad axioms.
[2026-06-26 12:39:43.762] Selected the bad axiom SubClassOf(SleepContinuity PoorSleepPattern).
[2026-06-26 12:39:43.765] Found 164 possible bad axioms.
[2026-06-26 12:39:43.766] Selected the bad axiom SubClassOf(DepressedMood PsychologicalFactor).
[2026-06-26 12:39:43.769] Found 163 possible bad axioms.
[2026-06-26 12:39:43.769] Selected the bad axiom SubClassOf(SleepQuality AttributeOfSleep).
[2026-06-26 12:39:43.772] Found 162 possible bad axioms.
[2026-06-26 12:39:43.773] Selected the bad axiom SubClassOf(LifestylePattern owl:Nothing).
[2026-06-26 12:39:43.780] Found 161 possible bad axioms.
[2026-06-26 12:39:43.781] Selected the bad axiom SubClassOf(Insomnia SleepDisorder).
[2026-06-26 12:39:43.783] Found 160 possible bad axioms.
[2026-06-26 12:39:43.783] Selected the bad axiom SubClassOf(AttributeOfSleep AffectingFactor).
[2026-06-26 12:39:43.786] Finished repairing the ontology.
Repairing with A2 (not-in-largest-mcs-removal)...
[2026-06-26 12:39:43.787] Checking precondition...
[2026-06-26 12:39:43.792] Starting the repair...
[2026-06-26 12:39:48.717] Found 4 possible bad axioms.
[2026-06-26 12:39:48.718] Selected the bad axiom SubClassOf(owl:Thing NormalSleepWakePattern).
[2026-06-26 12:39:48.718] Finished repairing the ontology.
Repairing with A3 (default-weakening)...
[2026-06-26 12:39:4
...[truncated]
SUCCESS: attempt=9 seed=113678 success_count=9/100
progress: ontology=SLEEP attempt=9 success=9/100
----- SLEEP attempt=10 seed=127878 at 2026-06-26 12:40:02 -----
--- stdout ---
{"seed":127878,"run_id":"20260624134028346645","trial_status":"success","error_type":null,"failure_stage":null,"error_message":null,"iic_values":{"B1_vs_A1":0.7772388059701493,"B1_vs_A2":0.011363636363636364,"B1_vs_A3":0.9016576124808469,"B2_vs_A1":1.0,"B2_vs_A2":0.9904761904761905,"B2_vs_A3":0.9990867579908675,"B3_vs_A1":0.043478260869565216,"B3_vs_A2":0.0013948622573520864,"B3_vs_A3":0.0578684429641965,"B4_vs_A1":1.0,"B4_vs_A2":0.9904761904761905,"B4_vs_A3":0.9990867579908675,"B5_vs_A1":1.0,"B5_vs_A2":0.9904761904761905,"B5_vs_A3":0.9990867579908675,"B6_vs_A1":1.0,"B6_vs_A2":0.9904761904761905,"B6_vs_A3":0.9990867579908675,"B7_vs_A1":1.0,"B7_vs_A2":0.9904761904761905,"B7_vs_A3":0.9990867579908675,"B8_vs_A1":1.0,"B8_vs_A2":0.9904761904761905,"B8_vs_A3":0.9990867579908675,"B9_vs_A1":1.0,"B9_vs_A2":0.9904761904761905,"B9_vs_A3":0.9990867579908675},"repair_runtimes_ms":{"A1":154,"A2":4918,"A3":780,"B1":674,"B2":6212,"B3":2070,"B4":87,"B5":1081,"B6":419,"B7":100,"B8":5256,"B9":268}}

--- stderr ---
SingleTrialExperiment starting: ontology=/workspaces/ontologyutils-ekaw26/repair-power-index-replication-ekaw26/ontologies/inconsistent/SLEEP.owl, seed=127878, run_id=20260624134028346645
Loaded ontology.
Normalizing ontology with SROIQ normalization...
Normalized ontology with SROIQ normalization.
Ontology is already inconsistent, skipping make-inconsistent step.
Repairing with A1 (random-removal)...
[2026-06-26 12:40:02.825] Checking precondition...
[2026-06-26 12:40:02.842] Starting the repair...
[2026-06-26 12:40:02.849] Found 172 possible bad axioms.
[2026-06-26 12:40:02.851] Selected the bad axiom SubClassOf(RestlessLegsSyndrome PeriodicLimbMovementDisorder).
[2026-06-26 12:40:02.855] Found 171 possible bad axioms.
[2026-06-26 12:40:02.856] Selected the bad axiom SubClassOf(Pain Pruritus).
[2026-06-26 12:40:02.860] Found 170 possible bad axioms.
[2026-06-26 12:40:02.860] Selected the bad axiom SubClassOf(Pruritus PhysicalFactor).
[2026-06-26 12:40:02.863] Found 169 possible bad axioms.
[2026-06-26 12:40:02.863] Selected the bad axiom SubClassOf(TimeOfWakingUp TimeOfGoingToBed).
[2026-06-26 12:40:02.870] Found 168 possible bad axioms.
[2026-06-26 12:40:02.870] Selected the bad axiom SubClassOf(LifestylePattern AffectingFactor).
[2026-06-26 12:40:02.874] Found 167 possible bad axioms.
[2026-06-26 12:40:02.874] Selected the bad axiom SubClassOf(TransientSleepWakeRhythmDisorder ChronicSleepWakeRhythmDisorder).
[2026-06-26 12:40:02.877] Found 166 possible bad axioms.
[2026-06-26 12:40:02.877] Selected the bad axiom SubClassOf(Meditation BedtimeRitual).
[2026-06-26 12:40:02.880] Found 165 possible bad axioms.
[2026-06-26 12:40:02.880] Selected the bad axiom SubClassOf(Polysomnography SleepAssessmentTest).
[2026-06-26 12:40:02.883] Found 164 possible bad axioms.
[2026-06-26 12:40:02.884] Selected the bad axiom SubClassOf(Therapy MedicineOrSupplement).
[2026-06-26 12:40:02.887] Found 163 possible bad axioms.
[2026-06-26 12:40:02.887] Selected the bad axiom SubClassOf(EffectsOfPoorSleep TimeOfWakingUp).
[2026-06-26 12:40:02.890] Found 162 possible bad axioms.
[2026-06-26 12:40:02.891] Selected the bad axiom SubClassOf(StageIV StageII).
[2026-06-26 12:40:02.898] Found 161 possible bad axioms.
[2026-06-26 12:40:02.899] Selected the bad axiom SubClassOf(Pain PhysicalFactor).
[2026-06-26 12:40:02.902] Found 160 possible bad axioms.
[2026-06-26 12:40:02.902] Selected the bad axiom SubClassOf(Noise EnvironmentalFactor).
[2026-06-26 12:40:02.905] Found 159 possible bad axioms.
[2026-06-26 12:40:02.905] Selected the bad axiom SubClassOf(Lighting Co-Sleeping).
[2026-06-26 12:40:02.908] Found 158 possible bad axioms.
[2026-06-26 12:40:02.908] Selected the bad axiom SubClassOf(AttributeOfSleep Sleep).
[2026-06-26 12:40:02.911] Found 157 possible bad axioms.
[2026-06-26 12:40:02.911] Selected the bad axiom SubClassOf(SleepingSpace EnvironmentalFactor).
[2026-06-26 12:40:02.918] Found 156 possible bad axioms.
[2026-06-26 12:40:02.918] Selected the bad axiom SubC
...[truncated]
SUCCESS: attempt=10 seed=127878 success_count=10/100
progress: ontology=SLEEP attempt=10 success=10/100
----- SLEEP attempt=11 seed=142078 at 2026-06-26 12:40:25 -----
--- stdout ---
{"seed":142078,"run_id":"20260624134028346645","trial_status":"success","error_type":null,"failure_stage":null,"error_message":null,"iic_values":{"B1_vs_A1":0.6645367412140575,"B1_vs_A2":0.5,"B1_vs_A3":0.994750656167979,"B2_vs_A1":0.0017647058823529412,"B2_vs_A2":0.0011637379262190155,"B2_vs_A3":0.028027857992186173,"B3_vs_A1":1.0,"B3_vs_A2":0.5,"B3_vs_A3":0.9973614775725593,"B4_vs_A1":0.9951923076923077,"B4_vs_A2":0.9904761904761905,"B4_vs_A3":0.9984020453819111,"B5_vs_A1":0.9951923076923077,"B5_vs_A2":0.9904761904761905,"B5_vs_A3":0.9984020453819111,"B6_vs_A1":0.9951923076923077,"B6_vs_A2":0.9904761904761905,"B6_vs_A3":0.9984020453819111,"B7_vs_A1":0.9951923076923077,"B7_vs_A2":0.9904761904761905,"B7_vs_A3":0.9984020453819111,"B8_vs_A1":0.9951923076923077,"B8_vs_A2":0.9904761904761905,"B8_vs_A3":0.9984020453819111,"B9_vs_A1":0.9951923076923077,"B9_vs_A2":0.9904761904761905,"B9_vs_A3":0.9984020453819111},"repair_runtimes_ms":{"A1":37,"A2":4978,"A3":820,"B1":1067,"B2":5920,"B3":3855,"B4":87,"B5":2966,"B6":2108,"B7":131,"B8":1323,"B9":479}}

--- stderr ---
SingleTrialExperiment starting: ontology=/workspaces/ontologyutils-ekaw26/repair-power-index-replication-ekaw26/ontologies/inconsistent/SLEEP.owl, seed=142078, run_id=20260624134028346645
Loaded ontology.
Normalizing ontology with SROIQ normalization...
Normalized ontology with SROIQ normalization.
Ontology is already inconsistent, skipping make-inconsistent step.
Repairing with A1 (random-removal)...
[2026-06-26 12:40:25.741] Checking precondition...
[2026-06-26 12:40:25.756] Starting the repair...
[2026-06-26 12:40:25.763] Found 172 possible bad axioms.
[2026-06-26 12:40:25.765] Selected the bad axiom SubClassOf(GoodSleepPattern SleepPattern).
[2026-06-26 12:40:25.770] Found 171 possible bad axioms.
[2026-06-26 12:40:25.770] Selected the bad axiom SubClassOf(NormalSleepWakePattern SleepPattern).
[2026-06-26 12:40:25.774] Finished repairing the ontology.
Repairing with A2 (not-in-largest-mcs-removal)...
[2026-06-26 12:40:25.775] Checking precondition...
[2026-06-26 12:40:25.781] Starting the repair...
[2026-06-26 12:40:30.751] Found 4 possible bad axioms.
[2026-06-26 12:40:30.751] Selected the bad axiom SubClassOf(NormalSleepWakePattern SleepPattern).
[2026-06-26 12:40:30.753] Finished repairing the ontology.
Repairing with A3 (default-weakening)...
[2026-06-26 12:40:30.755] Checking precondition...
[2026-06-26 12:40:30.758] Starting the repair...
[2026-06-26 12:40:30.771] Selected a reference ontology with 275 axioms.
[2026-06-26 12:40:31.109] Selected the bad axiom SubClassOf(NormalSleepWakePattern SleepPattern).
[2026-06-26 12:40:31.151] Selected the weaker axiom SubClassOf(NormalSleepWakePattern OtherParasomnias).
[2026-06-26 12:40:31.570] Selected the bad axiom SubClassOf(SleepDisorder Sleep).
[2026-06-26 12:40:31.572] Selected the weaker axiom SubClassOf(UsingSmartphone Sleep).
[2026-06-26 12:40:31.573] Finished repairing the ontology.
Repairing with B1 (bad-in_some_mus-weaker-random)...
[2026-06-26 12:40:31.574] Checking precondition...
[2026-06-26 12:40:31.575] Starting the repair...
[2026-06-26 12:40:31.584] Selected a reference ontology with 275 axioms.
[2026-06-26 12:40:31.894] Selected the bad axiom SubClassOf(owl:Thing NormalSleepWakePattern).
[2026-06-26 12:40:31.926] Selected the weaker axiom SubClassOf(owl:Thing ObstructiveSleepApneaDisorders).
[2026-06-26 12:40:32.341] Selected the bad axiom SubClassOf(ObstructiveSleepApneaDisorders SleepRelatedBreathingDisorders).
[2026-06-26 12:40:32.343] Selected the weaker axiom SubClassOf(ObstructiveSleepApneaDisorders SleepQuality).
[2026-06-26 12:40:32.639] Selected the bad axiom SubClassOf(ObstructiveSleepApneaDisorders SleepQuality).
[2026-06-26 12:40:32.640] Selected the weaker axiom SubClassOf(AdvancedSleepPhaseSyndrome(ASPS) SleepQuality).
[2026-06-26 12:40:32.641] Finished repairing the ontology.
Repairing with B2 (bad-in_some_mus-weaker-shapley)...
[2026-06-26 12:40:32.642] Checking precondition...
[2026-06-26 12:40:32.643] Starting the repair...
[2026-06-26 12:40:32.651] Selected 
...[truncated]
SUCCESS: attempt=11 seed=142078 success_count=11/100
progress: ontology=SLEEP attempt=11 success=11/100
----- SLEEP attempt=12 seed=156278 at 2026-06-26 12:40:50 -----
--- stdout ---
{"seed":156278,"run_id":"20260624134028346645","trial_status":"success","error_type":null,"failure_stage":null,"error_message":null,"iic_values":{"B1_vs_A1":0.9684943956376856,"B1_vs_A2":0.9988493844206651,"B1_vs_A3":0.009523809523809525,"B2_vs_A1":0.9684943956376856,"B2_vs_A2":0.9988493844206651,"B2_vs_A3":0.009523809523809525,"B3_vs_A1":0.13020047424013795,"B3_vs_A2":0.9693922168780061,"B3_vs_A3":7.533524182612626E-4,"B4_vs_A1":1.0,"B4_vs_A2":0.999317095379012,"B4_vs_A3":0.5,"B5_vs_A1":1.0,"B5_vs_A2":0.999317095379012,"B5_vs_A3":0.5,"B6_vs_A1":1.0,"B6_vs_A2":0.999317095379012,"B6_vs_A3":0.5,"B7_vs_A1":1.0,"B7_vs_A2":0.999317095379012,"B7_vs_A3":0.5,"B8_vs_A1":1.0,"B8_vs_A2":0.999317095379012,"B8_vs_A3":0.5,"B9_vs_A1":1.0,"B9_vs_A2":0.999317095379012,"B9_vs_A3":0.5},"repair_runtimes_ms":{"A1":172,"A2":4899,"A3":405,"B1":381,"B2":6083,"B3":5451,"B4":68,"B5":2985,"B6":693,"B7":121,"B8":1404,"B9":4233}}

--- stderr ---
SingleTrialExperiment starting: ontology=/workspaces/ontologyutils-ekaw26/repair-power-index-replication-ekaw26/ontologies/inconsistent/SLEEP.owl, seed=156278, run_id=20260624134028346645
Loaded ontology.
Normalizing ontology with SROIQ normalization...
Normalized ontology with SROIQ normalization.
Ontology is already inconsistent, skipping make-inconsistent step.
Repairing with A1 (random-removal)...
[2026-06-26 12:40:50.450] Checking precondition...
[2026-06-26 12:40:50.465] Starting the repair...
[2026-06-26 12:40:50.472] Found 172 possible bad axioms.
[2026-06-26 12:40:50.474] Selected the bad axiom SubClassOf(Temperature Noise).
[2026-06-26 12:40:50.478] Found 171 possible bad axioms.
[2026-06-26 12:40:50.479] Selected the bad axiom SubClassOf(NREMRelatedParasomnias Parasomnias).
[2026-06-26 12:40:50.482] Found 170 possible bad axioms.
[2026-06-26 12:40:50.482] Selected the bad axiom SubClassOf(EffectsOfPoorSleep SleepSchedule).
[2026-06-26 12:40:50.486] Found 169 possible bad axioms.
[2026-06-26 12:40:50.486] Selected the bad axiom SubClassOf(TransientSleepWakeRhythmDisorder CircadianRhythmSleepWakeDisorders).
[2026-06-26 12:40:50.489] Found 168 possible bad axioms.
[2026-06-26 12:40:50.489] Selected the bad axiom SubClassOf(CircadianRhythmSleepWakeDisorders SleepDisorder).
[2026-06-26 12:40:50.497] Found 167 possible bad axioms.
[2026-06-26 12:40:50.497] Selected the bad axiom SubClassOf(TimeOfGoingToBed TimeOfGettingOutOfBed).
[2026-06-26 12:40:50.499] Found 166 possible bad axioms.
[2026-06-26 12:40:50.500] Selected the bad axiom SubClassOf(SleepingSpace EnvironmentalFactor).
[2026-06-26 12:40:50.503] Found 165 possible bad axioms.
[2026-06-26 12:40:50.503] Selected the bad axiom SubClassOf(Therapy owl:Nothing).
[2026-06-26 12:40:50.506] Found 164 possible bad axioms.
[2026-06-26 12:40:50.506] Selected the bad axiom SubClassOf(SleepRelatedBreathingDisorders Insomnia).
[2026-06-26 12:40:50.509] Found 163 possible bad axioms.
[2026-06-26 12:40:50.509] Selected the bad axiom SubClassOf(NonRapidEyeMovement SleepStage).
[2026-06-26 12:40:50.512] Found 162 possible bad axioms.
[2026-06-26 12:40:50.512] Selected the bad axiom SubClassOf(SleepStage SleepPattern).
[2026-06-26 12:40:50.520] Found 161 possible bad axioms.
[2026-06-26 12:40:50.520] Selected the bad axiom SubClassOf(LifestylePattern AffectingFactor).
[2026-06-26 12:40:50.523] Found 160 possible bad axioms.
[2026-06-26 12:40:50.523] Selected the bad axiom SubClassOf(SleepQuality AttributeOfSleep).
[2026-06-26 12:40:50.526] Found 159 possible bad axioms.
[2026-06-26 12:40:50.526] Selected the bad axiom SubClassOf(REMRelatedParasomnias Parasomnias).
[2026-06-26 12:40:50.528] Found 158 possible bad axioms.
[2026-06-26 12:40:50.528] Selected the bad axiom SubClassOf(Sleep NormalSleepWakePattern).
[2026-06-26 12:40:50.531] Found 157 possible bad axioms.
[2026-06-26 12:40:50.531] Selected the bad axiom SubClassOf(StretchingExercise ListeningToWhiteNoise).
[2026-06-26 12:40:50.538] Found 156
...[truncated]
SUCCESS: attempt=12 seed=156278 success_count=12/100
progress: ontology=SLEEP attempt=12 success=12/100
----- SLEEP attempt=13 seed=170478 at 2026-06-26 12:41:21 -----
--- stdout ---
{"seed":170478,"run_id":"20260624134028346645","trial_status":"success","error_type":null,"failure_stage":null,"error_message":null,"iic_values":{"B1_vs_A1":0.08291316526610644,"B1_vs_A2":0.9693922168780061,"B1_vs_A3":7.533524182612626E-4,"B2_vs_A1":0.028075253256150505,"B2_vs_A2":1.0,"B2_vs_A3":8.049678012879485E-4,"B3_vs_A1":0.954083885209713,"B3_vs_A2":0.9988493844206651,"B3_vs_A3":0.009523809523809525,"B4_vs_A1":1.0,"B4_vs_A2":0.999317095379012,"B4_vs_A3":0.5,"B5_vs_A1":1.0,"B5_vs_A2":0.999317095379012,"B5_vs_A3":0.5,"B6_vs_A1":1.0,"B6_vs_A2":0.999317095379012,"B6_vs_A3":0.5,"B7_vs_A1":1.0,"B7_vs_A2":0.999317095379012,"B7_vs_A3":0.5,"B8_vs_A1":1.0,"B8_vs_A2":0.999317095379012,"B8_vs_A3":0.5,"B9_vs_A1":1.0,"B9_vs_A2":0.999317095379012,"B9_vs_A3":0.5},"repair_runtimes_ms":{"A1":129,"A2":4897,"A3":392,"B1":363,"B2":3539,"B3":1007,"B4":77,"B5":769,"B6":412,"B7":114,"B8":1034,"B9":2037}}

--- stderr ---
SingleTrialExperiment starting: ontology=/workspaces/ontologyutils-ekaw26/repair-power-index-replication-ekaw26/ontologies/inconsistent/SLEEP.owl, seed=170478, run_id=20260624134028346645
Loaded ontology.
Normalizing ontology with SROIQ normalization...
Normalized ontology with SROIQ normalization.
Ontology is already inconsistent, skipping make-inconsistent step.
Repairing with A1 (random-removal)...
[2026-06-26 12:41:21.862] Checking precondition...
[2026-06-26 12:41:21.877] Starting the repair...
[2026-06-26 12:41:21.884] Found 172 possible bad axioms.
[2026-06-26 12:41:21.886] Selected the bad axiom SubClassOf(Stress PsychologicalFactor).
[2026-06-26 12:41:21.890] Found 171 possible bad axioms.
[2026-06-26 12:41:21.890] Selected the bad axiom SubClassOf(TimeOfWakingUp TimeOfGoingToBed).
[2026-06-26 12:41:21.893] Found 170 possible bad axioms.
[2026-06-26 12:41:21.894] Selected the bad axiom SubClassOf(SleepDepth SleepQuality).
[2026-06-26 12:41:21.897] Found 169 possible bad axioms.
[2026-06-26 12:41:21.897] Selected the bad axiom SubClassOf(PulseOximetry Electrooculography).
[2026-06-26 12:41:21.900] Found 168 possible bad axioms.
[2026-06-26 12:41:21.900] Selected the bad axiom SubClassOf(Polysomnography SleepApnoeaRecording).
[2026-06-26 12:41:21.907] Found 167 possible bad axioms.
[2026-06-26 12:41:21.907] Selected the bad axiom SubClassOf(SleepAssessmentTest Sleep).
[2026-06-26 12:41:21.910] Found 166 possible bad axioms.
[2026-06-26 12:41:21.910] Selected the bad axiom SubClassOf(Meditation BedtimeRitual).
[2026-06-26 12:41:21.913] Found 165 possible bad axioms.
[2026-06-26 12:41:21.913] Selected the bad axiom SubClassOf(LifestylePattern AffectingFactor).
[2026-06-26 12:41:21.917] Found 164 possible bad axioms.
[2026-06-26 12:41:21.917] Selected the bad axiom SubClassOf(CaffeinConsumption LifestylePattern).
[2026-06-26 12:41:21.921] Found 163 possible bad axioms.
[2026-06-26 12:41:21.921] Selected the bad axiom SubClassOf(SleepRelatedHypoventilationDisorders SleepRelatedBreathingDisorders).
[2026-06-26 12:41:21.924] Found 162 possible bad axioms.
[2026-06-26 12:41:21.924] Selected the bad axiom SubClassOf(DepressedMood PsychologicalFactor).
[2026-06-26 12:41:21.931] Found 161 possible bad axioms.
[2026-06-26 12:41:21.932] Selected the bad axiom SubClassOf(Therapy MedicineOrSupplement).
[2026-06-26 12:41:21.934] Found 160 possible bad axioms.
[2026-06-26 12:41:21.935] Selected the bad axiom SubClassOf(Temperature Noise).
[2026-06-26 12:41:21.937] Found 159 possible bad axioms.
[2026-06-26 12:41:21.937] Selected the bad axiom SubClassOf(StageI StageIV).
[2026-06-26 12:41:21.940] Found 158 possible bad axioms.
[2026-06-26 12:41:21.940] Selected the bad axiom SubClassOf(SleepRelatedEatingDisorder OtherParasomnias).
[2026-06-26 12:41:21.943] Found 157 possible bad axioms.
[2026-06-26 12:41:21.944] Selected the bad axiom SubClassOf(Temperature Co-Sleeping).
[2026-06-26 12:41:21.950] Found 156 possible bad axioms.
[2026-06-26 12:41:21.950] Sel
...[truncated]
SUCCESS: attempt=13 seed=170478 success_count=13/100
progress: ontology=SLEEP attempt=13 success=13/100
----- SLEEP attempt=14 seed=184678 at 2026-06-26 12:41:37 -----
--- stdout ---
{"seed":184678,"run_id":"20260624134028346645","trial_status":"success","error_type":null,"failure_stage":null,"error_message":null,"iic_values":{"B1_vs_A1":0.9987821586238392,"B1_vs_A2":0.009523809523809525,"B1_vs_A3":0.9987593052109182,"B2_vs_A1":0.9987821586238392,"B2_vs_A2":0.009523809523809525,"B2_vs_A3":0.9987593052109182,"B3_vs_A1":1.0,"B3_vs_A2":7.647598654022637E-4,"B3_vs_A3":0.518324607329843,"B4_vs_A1":0.9992499249924992,"B4_vs_A2":0.5,"B4_vs_A3":0.9992360580595875,"B5_vs_A1":0.9992499249924992,"B5_vs_A2":0.5,"B5_vs_A3":0.9992360580595875,"B6_vs_A1":0.9992499249924992,"B6_vs_A2":0.5,"B6_vs_A3":0.9992360580595875,"B7_vs_A1":0.9992499249924992,"B7_vs_A2":0.5,"B7_vs_A3":0.9992360580595875,"B8_vs_A1":0.9992499249924992,"B8_vs_A2":0.5,"B8_vs_A3":0.9992360580595875,"B9_vs_A1":0.9992499249924992,"B9_vs_A2":0.5,"B9_vs_A3":0.9992360580595875},"repair_runtimes_ms":{"A1":64,"A2":4927,"A3":754,"B1":373,"B2":6014,"B3":1809,"B4":114,"B5":5239,"B6":415,"B7":113,"B8":1115,"B9":719}}

--- stderr ---
SingleTrialExperiment starting: ontology=/workspaces/ontologyutils-ekaw26/repair-power-index-replication-ekaw26/ontologies/inconsistent/SLEEP.owl, seed=184678, run_id=20260624134028346645
Loaded ontology.
Normalizing ontology with SROIQ normalization...
Normalized ontology with SROIQ normalization.
Ontology is already inconsistent, skipping make-inconsistent step.
Repairing with A1 (random-removal)...
[2026-06-26 12:41:37.469] Checking precondition...
[2026-06-26 12:41:37.485] Starting the repair...
[2026-06-26 12:41:37.494] Found 172 possible bad axioms.
[2026-06-26 12:41:37.495] Selected the bad axiom SubClassOf(EffectsOfPoorSleep TimeOfWakingUp).
[2026-06-26 12:41:37.500] Found 171 possible bad axioms.
[2026-06-26 12:41:37.500] Selected the bad axiom SubClassOf(Parasomnias SleepRelatedMovementDisorders).
[2026-06-26 12:41:37.504] Found 170 possible bad axioms.
[2026-06-26 12:41:37.504] Selected the bad axiom SubClassOf(TimeOfWakingUp TimeOfGoingToBed).
[2026-06-26 12:41:37.507] Found 169 possible bad axioms.
[2026-06-26 12:41:37.508] Selected the bad axiom SubClassOf(REMRelatedParasomnias Parasomnias).
[2026-06-26 12:41:37.510] Found 168 possible bad axioms.
[2026-06-26 12:41:37.511] Selected the bad axiom SubClassOf(SleepPattern AttributeOfSleep).
[2026-06-26 12:41:37.518] Found 167 possible bad axioms.
[2026-06-26 12:41:37.519] Selected the bad axiom SubClassOf(Sleep NormalSleepWakePattern).
[2026-06-26 12:41:37.522] Found 166 possible bad axioms.
[2026-06-26 12:41:37.522] Selected the bad axiom SubClassOf(SleepRelatedEatingDisorder SleepRelatedGroaning).
[2026-06-26 12:41:37.525] Found 165 possible bad axioms.
[2026-06-26 12:41:37.525] Selected the bad axiom SubClassOf(AttributeOfSleep AffectingFactor).
[2026-06-26 12:41:37.528] Finished repairing the ontology.
Repairing with A2 (not-in-largest-mcs-removal)...
[2026-06-26 12:41:37.529] Checking precondition...
[2026-06-26 12:41:37.536] Starting the repair...
[2026-06-26 12:41:42.455] Found 4 possible bad axioms.
[2026-06-26 12:41:42.456] Selected the bad axiom SubClassOf(owl:Thing NormalSleepWakePattern).
[2026-06-26 12:41:42.456] Finished repairing the ontology.
Repairing with A3 (default-weakening)...
[2026-06-26 12:41:42.458] Checking precondition...
[2026-06-26 12:41:42.460] Starting the repair...
[2026-06-26 12:41:42.471] Selected a reference ontology with 275 axioms.
[2026-06-26 12:41:42.809] Selected the bad axiom SubClassOf(AttributeOfSleep AffectingFactor).
[2026-06-26 12:41:42.848] Selected the weaker axiom SubClassOf(AttributeOfSleep ShiftWork).
[2026-06-26 12:41:43.208] Selected the bad axiom SubClassOf(AttributeOfSleep ShiftWork).
[2026-06-26 12:41:43.210] Selected the weaker axiom SubClassOf(CentralSleepApneaSyndromes ShiftWork).
[2026-06-26 12:41:43.210] Finished repairing the ontology.
Repairing with B1 (bad-in_some_mus-weaker-random)...
[2026-06-26 12:41:43.211] Checking precondition...
[2026-06-26 12:41:43.213] Starting the repair...
[2026-06-26 12:41:43.221] Selected a re
...[truncated]
SUCCESS: attempt=14 seed=184678 success_count=14/100
progress: ontology=SLEEP attempt=14 success=14/100
----- SLEEP attempt=15 seed=198878 at 2026-06-26 12:42:01 -----
--- stdout ---
{"seed":198878,"run_id":"20260624134028346645","trial_status":"success","error_type":null,"failure_stage":null,"error_message":null,"iic_values":{"B1_vs_A1":0.0640176600441501,"B1_vs_A2":0.03060778312199388,"B1_vs_A3":0.0011506155793349442,"B2_vs_A1":1.0,"B2_vs_A2":1.0,"B2_vs_A3":0.0012420431609998447,"B3_vs_A1":0.9994123696195093,"B3_vs_A2":0.9992466475817388,"B3_vs_A3":0.9904761904761905,"B4_vs_A1":0.9994123696195093,"B4_vs_A2":0.9992466475817388,"B4_vs_A3":0.9904761904761905,"B5_vs_A1":0.9994123696195093,"B5_vs_A2":0.9992466475817388,"B5_vs_A3":0.9904761904761905,"B6_vs_A1":0.9994123696195093,"B6_vs_A2":0.9992466475817388,"B6_vs_A3":0.9904761904761905,"B7_vs_A1":0.9994123696195093,"B7_vs_A2":0.9992466475817388,"B7_vs_A3":0.9904761904761905,"B8_vs_A1":0.9994123696195093,"B8_vs_A2":0.9992466475817388,"B8_vs_A3":0.9904761904761905,"B9_vs_A1":0.9994123696195093,"B9_vs_A2":0.9992466475817388,"B9_vs_A3":0.9904761904761905},"repair_runtimes_ms":{"A1":111,"A2":4937,"A3":390,"B1":380,"B2":5977,"B3":605,"B4":98,"B5":3092,"B6":679,"B7":108,"B8":5293,"B9":472}}

--- stderr ---
SingleTrialExperiment starting: ontology=/workspaces/ontologyutils-ekaw26/repair-power-index-replication-ekaw26/ontologies/inconsistent/SLEEP.owl, seed=198878, run_id=20260624134028346645
Loaded ontology.
Normalizing ontology with SROIQ normalization...
Normalized ontology with SROIQ normalization.
Ontology is already inconsistent, skipping make-inconsistent step.
Repairing with A1 (random-removal)...
[2026-06-26 12:42:02.064] Checking precondition...
[2026-06-26 12:42:02.080] Starting the repair...
[2026-06-26 12:42:02.088] Found 172 possible bad axioms.
[2026-06-26 12:42:02.089] Selected the bad axiom SubClassOf(AbnormalSleepPattern SleepPattern).
[2026-06-26 12:42:02.094] Found 171 possible bad axioms.
[2026-06-26 12:42:02.094] Selected the bad axiom SubClassOf(Electrooculography Electroencephalography).
[2026-06-26 12:42:02.098] Found 170 possible bad axioms.
[2026-06-26 12:42:02.098] Selected the bad axiom SubClassOf(SleepContinuity SleepQuality).
[2026-06-26 12:42:02.101] Found 169 possible bad axioms.
[2026-06-26 12:42:02.102] Selected the bad axiom SubClassOf(SleepAssessmentTest Sleep).
[2026-06-26 12:42:02.104] Found 168 possible bad axioms.
[2026-06-26 12:42:02.104] Selected the bad axiom SubClassOf(SleepRelatedDissociativeDisorders OtherParasomnias).
[2026-06-26 12:42:02.112] Found 167 possible bad axioms.
[2026-06-26 12:42:02.112] Selected the bad axiom SubClassOf(Meditation ListeningToWhiteNoise).
[2026-06-26 12:42:02.115] Found 166 possible bad axioms.
[2026-06-26 12:42:02.115] Selected the bad axiom SubClassOf(Electrocardiography Polysomnography).
[2026-06-26 12:42:02.118] Found 165 possible bad axioms.
[2026-06-26 12:42:02.118] Selected the bad axiom SubClassOf(AttributeOfSleep NormalSleepWakePattern).
[2026-06-26 12:42:02.122] Found 164 possible bad axioms.
[2026-06-26 12:42:02.122] Selected the bad axiom SubClassOf(MedicineOrSupplement SleepAid).
[2026-06-26 12:42:02.126] Found 163 possible bad axioms.
[2026-06-26 12:42:02.126] Selected the bad axiom SubClassOf(Therapy SleepAid).
[2026-06-26 12:42:02.129] Found 162 possible bad axioms.
[2026-06-26 12:42:02.129] Selected the bad axiom SubClassOf(DelayedSleepPhaseSyndrome(DSPS) ChronicSleepWakeRhythmDisorder).
[2026-06-26 12:42:02.137] Found 161 possible bad axioms.
[2026-06-26 12:42:02.137] Selected the bad axiom SubClassOf(NicotineConsumption AlcoholConsumption).
[2026-06-26 12:42:02.140] Found 160 possible bad axioms.
[2026-06-26 12:42:02.140] Selected the bad axiom SubClassOf(ChronicSleepWakeRhythmDisorder CircadianRhythmSleepWakeDisorders).
[2026-06-26 12:42:02.143] Found 159 possible bad axioms.
[2026-06-26 12:42:02.143] Selected the bad axiom SubClassOf(AttributeOfSleep Sleep).
[2026-06-26 12:42:02.145] Found 158 possible bad axioms.
[2026-06-26 12:42:02.146] Selected the bad axiom SubClassOf(Polysomnography SleepAssessmentTest).
[2026-06-26 12:42:02.148] Found 157 possible bad axioms.
[2026-06-26 12:42:02.148] Selected the bad axiom SubClassOf(SleepRelatedHallucinations Ot
...[truncated]
SUCCESS: attempt=15 seed=198878 success_count=15/100
progress: ontology=SLEEP attempt=15 success=15/100
----- SLEEP attempt=16 seed=213078 at 2026-06-26 12:42:24 -----
--- stdout ---
{"seed":213078,"run_id":"20260624134028346645","trial_status":"success","error_type":null,"failure_stage":null,"error_message":null,"iic_values":{"B1_vs_A1":0.03443022547227301,"B1_vs_A2":0.0012232415902140672,"B1_vs_A3":0.0,"B2_vs_A1":0.03495746326372776,"B2_vs_A2":0.0012420431609998447,"B2_vs_A3":0.29595015576323985,"B3_vs_A1":0.9980657640232108,"B3_vs_A2":0.9904761904761905,"B3_vs_A3":0.9985970381917381,"B4_vs_A1":0.9980657640232108,"B4_vs_A2":0.9904761904761905,"B4_vs_A3":0.9985970381917381,"B5_vs_A1":0.9980657640232108,"B5_vs_A2":0.9904761904761905,"B5_vs_A3":0.9985970381917381,"B6_vs_A1":0.9980657640232108,"B6_vs_A2":0.9904761904761905,"B6_vs_A3":0.9985970381917381,"B7_vs_A1":0.9980657640232108,"B7_vs_A2":0.9904761904761905,"B7_vs_A3":0.9985970381917381,"B8_vs_A1":0.9980657640232108,"B8_vs_A2":0.9904761904761905,"B8_vs_A3":0.9985970381917381,"B9_vs_A1":0.9980657640232108,"B9_vs_A2":0.9904761904761905,"B9_vs_A3":0.9985970381917381},"repair_runtimes_ms":{"A1":80,"A2":4936,"A3":1097,"B1":372,"B2":5858,"B3":793,"B4":72,"B5":2884,"B6":393,"B7":108,"B8":359,"B9":1935}}

--- stderr ---
SingleTrialExperiment starting: ontology=/workspaces/ontologyutils-ekaw26/repair-power-index-replication-ekaw26/ontologies/inconsistent/SLEEP.owl, seed=213078, run_id=20260624134028346645
Loaded ontology.
Normalizing ontology with SROIQ normalization...
Normalized ontology with SROIQ normalization.
Ontology is already inconsistent, skipping make-inconsistent step.
Repairing with A1 (random-removal)...
[2026-06-26 12:42:25.121] Checking precondition...
[2026-06-26 12:42:25.139] Starting the repair...
[2026-06-26 12:42:25.146] Found 172 possible bad axioms.
[2026-06-26 12:42:25.148] Selected the bad axiom SubClassOf(MedicineOrSupplement SleepAid).
[2026-06-26 12:42:25.153] Found 171 possible bad axioms.
[2026-06-26 12:42:25.153] Selected the bad axiom SubClassOf(Polysomnography SleepApnoeaRecording).
[2026-06-26 12:42:25.157] Found 170 possible bad axioms.
[2026-06-26 12:42:25.157] Selected the bad axiom SubClassOf(AlcoholConsumption LifestylePattern).
[2026-06-26 12:42:25.160] Found 169 possible bad axioms.
[2026-06-26 12:42:25.160] Selected the bad axiom SubClassOf(IrregularSleepWakeCycle ChronicSleepWakeRhythmDisorder).
[2026-06-26 12:42:25.167] Found 168 possible bad axioms.
[2026-06-26 12:42:25.167] Selected the bad axiom SubClassOf(Therapy owl:Nothing).
[2026-06-26 12:42:25.171] Found 167 possible bad axioms.
[2026-06-26 12:42:25.171] Selected the bad axiom SubClassOf(Parasomnias SleepDisorder).
[2026-06-26 12:42:25.174] Found 166 possible bad axioms.
[2026-06-26 12:42:25.174] Selected the bad axiom SubClassOf(Lighting EnvironmentalFactor).
[2026-06-26 12:42:25.177] Found 165 possible bad axioms.
[2026-06-26 12:42:25.177] Selected the bad axiom SubClassOf(EffectOnMood EffectsOfPoorSleep).
[2026-06-26 12:42:25.180] Found 164 possible bad axioms.
[2026-06-26 12:42:25.180] Selected the bad axiom SubClassOf(AffectingFactor Sleep).
[2026-06-26 12:42:25.183] Found 163 possible bad axioms.
[2026-06-26 12:42:25.184] Selected the bad axiom SubClassOf(Lighting Co-Sleeping).
[2026-06-26 12:42:25.186] Found 162 possible bad axioms.
[2026-06-26 12:42:25.187] Selected the bad axiom SubClassOf(SleepApnoeaRecording SleepAssessmentTest).
[2026-06-26 12:42:25.194] Found 161 possible bad axioms.
[2026-06-26 12:42:25.194] Selected the bad axiom SubClassOf(NormalSleepWakePattern SleepPattern).
[2026-06-26 12:42:25.197] Finished repairing the ontology.
Repairing with A2 (not-in-largest-mcs-removal)...
[2026-06-26 12:42:25.198] Checking precondition...
[2026-06-26 12:42:25.205] Starting the repair...
[2026-06-26 12:42:30.132] Found 4 possible bad axioms.
[2026-06-26 12:42:30.132] Selected the bad axiom SubClassOf(NormalSleepWakePattern SleepPattern).
[2026-06-26 12:42:30.133] Finished repairing the ontology.
Repairing with A3 (default-weakening)...
[2026-06-26 12:42:30.135] Checking precondition...
[2026-06-26 12:42:30.137] Starting the repair...
[2026-06-26 12:42:30.150] Selected a reference ontology with 275 axioms.
[2026-06-26 12:42:30.494] Selected the bad axio
...[truncated]
SUCCESS: attempt=16 seed=213078 success_count=16/100
progress: ontology=SLEEP attempt=16 success=16/100
----- SLEEP attempt=17 seed=227278 at 2026-06-26 12:42:44 -----
--- stdout ---
{"seed":227278,"run_id":"20260624134028346645","trial_status":"success","error_type":null,"failure_stage":null,"error_message":null,"iic_values":{"B1_vs_A1":0.998925164584173,"B1_vs_A2":0.009523809523809525,"B1_vs_A3":0.9984555984555985,"B2_vs_A1":0.9993368700265252,"B2_vs_A2":0.5,"B2_vs_A3":0.9990867579908675,"B3_vs_A1":0.16589327146171692,"B3_vs_A2":8.049678012879485E-4,"B3_vs_A3":0.0578684429641965,"B4_vs_A1":0.9993368700265252,"B4_vs_A2":0.5,"B4_vs_A3":0.9990867579908675,"B5_vs_A1":0.9993368700265252,"B5_vs_A2":0.5,"B5_vs_A3":0.9990867579908675,"B6_vs_A1":0.9993368700265252,"B6_vs_A2":0.5,"B6_vs_A3":0.9990867579908675,"B7_vs_A1":0.9993368700265252,"B7_vs_A2":0.5,"B7_vs_A3":0.9990867579908675,"B8_vs_A1":0.9993368700265252,"B8_vs_A2":0.5,"B8_vs_A3":0.9990867579908675,"B9_vs_A1":0.9993368700265252,"B9_vs_A2":0.5,"B9_vs_A3":0.9990867579908675},"repair_runtimes_ms":{"A1":100,"A2":4902,"A3":711,"B1":668,"B2":1389,"B3":3975,"B4":74,"B5":872,"B6":305,"B7":118,"B8":568,"B9":3696}}

--- stderr ---
SingleTrialExperiment starting: ontology=/workspaces/ontologyutils-ekaw26/repair-power-index-replication-ekaw26/ontologies/inconsistent/SLEEP.owl, seed=227278, run_id=20260624134028346645
Loaded ontology.
Normalizing ontology with SROIQ normalization...
Normalized ontology with SROIQ normalization.
Ontology is already inconsistent, skipping make-inconsistent step.
Repairing with A1 (random-removal)...
[2026-06-26 12:42:44.802] Checking precondition...
[2026-06-26 12:42:44.818] Starting the repair...
[2026-06-26 12:42:44.825] Found 172 possible bad axioms.
[2026-06-26 12:42:44.826] Selected the bad axiom SubClassOf(Parasomnias SleepDisorder).
[2026-06-26 12:42:44.830] Found 171 possible bad axioms.
[2026-06-26 12:42:44.831] Selected the bad axiom SubClassOf(AlcoholConsumption LifestylePattern).
[2026-06-26 12:42:44.835] Found 170 possible bad axioms.
[2026-06-26 12:42:44.835] Selected the bad axiom SubClassOf(Anxiety PsychologicalFactor).
[2026-06-26 12:42:44.838] Found 169 possible bad axioms.
[2026-06-26 12:42:44.839] Selected the bad axiom SubClassOf(ObstructiveSleepApneaDisorders SleepRelatedBreathingDisorders).
[2026-06-26 12:42:44.846] Found 168 possible bad axioms.
[2026-06-26 12:42:44.846] Selected the bad axiom SubClassOf(Temperature Noise).
[2026-06-26 12:42:44.849] Found 167 possible bad axioms.
[2026-06-26 12:42:44.849] Selected the bad axiom SubClassOf(RestlessLegsSyndrome SleepRelatedMovementDisorders).
[2026-06-26 12:42:44.852] Found 166 possible bad axioms.
[2026-06-26 12:42:44.852] Selected the bad axiom SubClassOf(ExplodingHeadSyndrome SleepRelatedHallucinations).
[2026-06-26 12:42:44.855] Found 165 possible bad axioms.
[2026-06-26 12:42:44.855] Selected the bad axiom SubClassOf(Co-Sleeping EnvironmentalFactor).
[2026-06-26 12:42:44.858] Found 164 possible bad axioms.
[2026-06-26 12:42:44.859] Selected the bad axiom SubClassOf(SleepRelatedBreathingDisorders Insomnia).
[2026-06-26 12:42:44.862] Found 163 possible bad axioms.
[2026-06-26 12:42:44.862] Selected the bad axiom SubClassOf(SleepDepth SleepQuality).
[2026-06-26 12:42:44.865] Found 162 possible bad axioms.
[2026-06-26 12:42:44.865] Selected the bad axiom SubClassOf(Humidity Temperature).
[2026-06-26 12:42:44.872] Found 161 possible bad axioms.
[2026-06-26 12:42:44.873] Selected the bad axiom SubClassOf(SleepSchedule SleepStage).
[2026-06-26 12:42:44.876] Found 160 possible bad axioms.
[2026-06-26 12:42:44.876] Selected the bad axiom SubClassOf(StageIV NonRapidEyeMovement).
[2026-06-26 12:42:44.878] Found 159 possible bad axioms.
[2026-06-26 12:42:44.879] Selected the bad axiom SubClassOf(AttributeOfSleep NormalSleepWakePattern).
[2026-06-26 12:42:44.881] Found 158 possible bad axioms.
[2026-06-26 12:42:44.881] Selected the bad axiom SubClassOf(SleepRelatedHallucinations OtherParasomnias).
[2026-06-26 12:42:44.884] Found 157 possible bad axioms.
[2026-06-26 12:42:44.884] Selected the bad axiom SubClassOf(TimeOfWakingUp TimeOfGettingOutOfBed).
[2026-06-26 12:42:44.891] Foun
...[truncated]
SUCCESS: attempt=17 seed=227278 success_count=17/100
progress: ontology=SLEEP attempt=17 success=17/100
----- SLEEP attempt=18 seed=241478 at 2026-06-26 12:43:02 -----
--- stdout ---
{"seed":241478,"run_id":"20260624134028346645","trial_status":"success","error_type":null,"failure_stage":null,"error_message":null,"iic_values":{"B1_vs_A1":0.05443436400666543,"B1_vs_A2":0.1405058209554396,"B1_vs_A3":0.1405058209554396,"B2_vs_A1":0.04422074420276829,"B2_vs_A2":0.07044025157232704,"B2_vs_A3":0.07044025157232704,"B3_vs_A1":0.9988603988603989,"B3_vs_A2":0.998776758409786,"B3_vs_A3":0.998776758409786,"B4_vs_A1":0.999169205206314,"B4_vs_A2":0.9992466475817388,"B4_vs_A3":0.9992466475817388,"B5_vs_A1":0.999169205206314,"B5_vs_A2":0.9992466475817388,"B5_vs_A3":0.9992466475817388,"B6_vs_A1":0.999169205206314,"B6_vs_A2":0.9992466475817388,"B6_vs_A3":0.9992466475817388,"B7_vs_A1":0.999169205206314,"B7_vs_A2":0.9992466475817388,"B7_vs_A3":0.9992466475817388,"B8_vs_A1":0.999169205206314,"B8_vs_A2":0.9992466475817388,"B8_vs_A3":0.9992466475817388,"B9_vs_A1":0.999169205206314,"B9_vs_A2":0.9992466475817388,"B9_vs_A3":0.9992466475817388},"repair_runtimes_ms":{"A1":165,"A2":4919,"A3":408,"B1":367,"B2":3038,"B3":943,"B4":72,"B5":493,"B6":3787,"B7":113,"B8":5341,"B9":327}}

--- stderr ---
SingleTrialExperiment starting: ontology=/workspaces/ontologyutils-ekaw26/repair-power-index-replication-ekaw26/ontologies/inconsistent/SLEEP.owl, seed=241478, run_id=20260624134028346645
Loaded ontology.
Normalizing ontology with SROIQ normalization...
Normalized ontology with SROIQ normalization.
Ontology is already inconsistent, skipping make-inconsistent step.
Repairing with A1 (random-removal)...
[2026-06-26 12:43:02.951] Checking precondition...
[2026-06-26 12:43:02.966] Starting the repair...
[2026-06-26 12:43:02.973] Found 172 possible bad axioms.
[2026-06-26 12:43:02.975] Selected the bad axiom SubClassOf(LossOfCognitiveFunction EffectOnDailyFunction).
[2026-06-26 12:43:02.980] Found 171 possible bad axioms.
[2026-06-26 12:43:02.981] Selected the bad axiom SubClassOf(Temperature Co-Sleeping).
[2026-06-26 12:43:02.985] Found 170 possible bad axioms.
[2026-06-26 12:43:02.985] Selected the bad axiom SubClassOf(ShortTermInsomniaDisorder ChronicInsomniaDisorder).
[2026-06-26 12:43:02.990] Found 169 possible bad axioms.
[2026-06-26 12:43:02.990] Selected the bad axiom SubClassOf(Humidity Temperature).
[2026-06-26 12:43:02.993] Found 168 possible bad axioms.
[2026-06-26 12:43:02.993] Selected the bad axiom SubClassOf(IdiopathicHypersomnia CentralDisordersOfHypersomnolence).
[2026-06-26 12:43:03.002] Found 167 possible bad axioms.
[2026-06-26 12:43:03.002] Selected the bad axiom SubClassOf(CentralDisordersOfHypersomnolence SleepDisorder).
[2026-06-26 12:43:03.005] Found 166 possible bad axioms.
[2026-06-26 12:43:03.005] Selected the bad axiom SubClassOf(SleepPattern AttributeOfSleep).
[2026-06-26 12:43:03.009] Found 165 possible bad axioms.
[2026-06-26 12:43:03.009] Selected the bad axiom SubClassOf(SleepRelatedHallucinations OtherParasomnias).
[2026-06-26 12:43:03.012] Found 164 possible bad axioms.
[2026-06-26 12:43:03.012] Selected the bad axiom SubClassOf(SleepPattern NormalSleepWakePattern).
[2026-06-26 12:43:03.016] Found 163 possible bad axioms.
[2026-06-26 12:43:03.016] Selected the bad axiom SubClassOf(NicotineConsumption LifestylePattern).
[2026-06-26 12:43:03.019] Found 162 possible bad axioms.
[2026-06-26 12:43:03.019] Selected the bad axiom SubClassOf(Lighting EnvironmentalFactor).
[2026-06-26 12:43:03.026] Found 161 possible bad axioms.
[2026-06-26 12:43:03.027] Selected the bad axiom SubClassOf(TimeOfGoingToBed TimeOfGettingOutOfBed).
[2026-06-26 12:43:03.029] Found 160 possible bad axioms.
[2026-06-26 12:43:03.029] Selected the bad axiom SubClassOf(CircadianRhythmSleepWakeDisorders SleepDisorder).
[2026-06-26 12:43:03.032] Found 159 possible bad axioms.
[2026-06-26 12:43:03.032] Selected the bad axiom SubClassOf(TransientSleepWakeRhythmDisorder CircadianRhythmSleepWakeDisorders).
[2026-06-26 12:43:03.034] Found 158 possible bad axioms.
[2026-06-26 12:43:03.035] Selected the bad axiom SubClassOf(Polysomnography SleepApnoeaRecording).
[2026-06-26 12:43:03.037] Found 157 possible bad axioms.
[2026-06-26 12:43:03.037] Selected the ba
...[truncated]
SUCCESS: attempt=18 seed=241478 success_count=18/100
progress: ontology=SLEEP attempt=18 success=18/100
----- SLEEP attempt=19 seed=255678 at 2026-06-26 12:43:23 -----
--- stdout ---
{"seed":255678,"run_id":"20260624134028346645","trial_status":"success","error_type":null,"failure_stage":null,"error_message":null,"iic_values":{"B1_vs_A1":1.0,"B1_vs_A2":0.999317095379012,"B1_vs_A3":0.9993019197207679,"B2_vs_A1":1.0,"B2_vs_A2":0.999317095379012,"B2_vs_A3":0.9993019197207679,"B3_vs_A1":0.016798656107511398,"B3_vs_A2":1.0,"B3_vs_A3":0.3391003460207612,"B4_vs_A1":1.0,"B4_vs_A2":0.999317095379012,"B4_vs_A3":0.9993019197207679,"B5_vs_A1":1.0,"B5_vs_A2":0.999317095379012,"B5_vs_A3":0.9993019197207679,"B6_vs_A1":1.0,"B6_vs_A2":0.999317095379012,"B6_vs_A3":0.9993019197207679,"B7_vs_A1":1.0,"B7_vs_A2":0.999317095379012,"B7_vs_A3":0.9993019197207679,"B8_vs_A1":1.0,"B8_vs_A2":0.999317095379012,"B8_vs_A3":0.9993019197207679,"B9_vs_A1":1.0,"B9_vs_A2":0.999317095379012,"B9_vs_A3":0.9993019197207679},"repair_runtimes_ms":{"A1":55,"A2":4941,"A3":405,"B1":364,"B2":1342,"B3":4161,"B4":67,"B5":964,"B6":3720,"B7":106,"B8":370,"B9":452}}

--- stderr ---
SingleTrialExperiment starting: ontology=/workspaces/ontologyutils-ekaw26/repair-power-index-replication-ekaw26/ontologies/inconsistent/SLEEP.owl, seed=255678, run_id=20260624134028346645
Loaded ontology.
Normalizing ontology with SROIQ normalization...
Normalized ontology with SROIQ normalization.
Ontology is already inconsistent, skipping make-inconsistent step.
Repairing with A1 (random-removal)...
[2026-06-26 12:43:23.744] Checking precondition...
[2026-06-26 12:43:23.760] Starting the repair...
[2026-06-26 12:43:23.767] Found 172 possible bad axioms.
[2026-06-26 12:43:23.769] Selected the bad axiom SubClassOf(Insomnia CircadianRhythmSleepWakeDisorders).
[2026-06-26 12:43:23.774] Found 171 possible bad axioms.
[2026-06-26 12:43:23.774] Selected the bad axiom SubClassOf(DaytimePhysicalActivity LifestylePattern).
[2026-06-26 12:43:23.778] Found 170 possible bad axioms.
[2026-06-26 12:43:23.778] Selected the bad axiom SubClassOf(IdiopathicHypersomnia CentralDisordersOfHypersomnolence).
[2026-06-26 12:43:23.782] Found 169 possible bad axioms.
[2026-06-26 12:43:23.782] Selected the bad axiom SubClassOf(SleepQuality AttributeOfSleep).
[2026-06-26 12:43:23.789] Found 168 possible bad axioms.
[2026-06-26 12:43:23.789] Selected the bad axiom SubClassOf(Stress PsychologicalFactor).
[2026-06-26 12:43:23.792] Found 167 possible bad axioms.
[2026-06-26 12:43:23.792] Selected the bad axiom SubClassOf(owl:Thing NormalSleepWakePattern).
[2026-06-26 12:43:23.794] Finished repairing the ontology.
Repairing with A2 (not-in-largest-mcs-removal)...
[2026-06-26 12:43:23.795] Checking precondition...
[2026-06-26 12:43:23.802] Starting the repair...
[2026-06-26 12:43:28.734] Found 4 possible bad axioms.
[2026-06-26 12:43:28.735] Selected the bad axiom SubClassOf(AffectingFactor owl:Nothing).
[2026-06-26 12:43:28.736] Finished repairing the ontology.
Repairing with A3 (default-weakening)...
[2026-06-26 12:43:28.737] Checking precondition...
[2026-06-26 12:43:28.739] Starting the repair...
[2026-06-26 12:43:28.751] Selected a reference ontology with 275 axioms.
[2026-06-26 12:43:29.100] Selected the bad axiom SubClassOf(AffectingFactor owl:Nothing).
[2026-06-26 12:43:29.140] Selected the weaker axiom SubClassOf(IdiopathicHypersomnia owl:Nothing).
[2026-06-26 12:43:29.142] Finished repairing the ontology.
Repairing with B1 (bad-in_some_mus-weaker-random)...
[2026-06-26 12:43:29.143] Checking precondition...
[2026-06-26 12:43:29.144] Starting the repair...
[2026-06-26 12:43:29.152] Selected a reference ontology with 275 axioms.
[2026-06-26 12:43:29.475] Selected the bad axiom SubClassOf(owl:Thing NormalSleepWakePattern).
[2026-06-26 12:43:29.505] Selected the weaker axiom SubClassOf(owl:Thing owl:Thing).
[2026-06-26 12:43:29.507] Finished repairing the ontology.
Repairing with B2 (bad-in_some_mus-weaker-shapley)...
[2026-06-26 12:43:29.509] Checking precondition...
[2026-06-26 12:43:29.511] Starting the repair...
[2026-06-26 12:43:29.521] Selected a reference ontology w
...[truncated]
SUCCESS: attempt=19 seed=255678 success_count=19/100
progress: ontology=SLEEP attempt=19 success=19/100
----- SLEEP attempt=20 seed=269878 at 2026-06-26 12:43:41 -----
--- stdout ---
{"seed":269878,"run_id":"20260624134028346645","trial_status":"success","error_type":null,"failure_stage":null,"error_message":null,"iic_values":{"B1_vs_A1":0.9758870134343782,"B1_vs_A2":1.0,"B1_vs_A3":0.0017532674529805547,"B2_vs_A1":0.9737142857142858,"B2_vs_A2":1.0,"B2_vs_A3":7.647598654022637E-4,"B3_vs_A1":0.9737142857142858,"B3_vs_A2":1.0,"B3_vs_A3":7.647598654022637E-4,"B4_vs_A1":0.9993353273512795,"B4_vs_A2":0.9992466475817388,"B4_vs_A3":0.5,"B5_vs_A1":0.9993353273512795,"B5_vs_A2":0.9992466475817388,"B5_vs_A3":0.5,"B6_vs_A1":0.9993353273512795,"B6_vs_A2":0.9992466475817388,"B6_vs_A3":0.5,"B7_vs_A1":0.9993353273512795,"B7_vs_A2":0.9992466475817388,"B7_vs_A3":0.5,"B8_vs_A1":0.9993353273512795,"B8_vs_A2":0.9992466475817388,"B8_vs_A3":0.5,"B9_vs_A1":0.9993353273512795,"B9_vs_A2":0.9992466475817388,"B9_vs_A3":0.5},"repair_runtimes_ms":{"A1":141,"A2":4911,"A3":401,"B1":351,"B2":5922,"B3":4182,"B4":89,"B5":805,"B6":438,"B7":108,"B8":751,"B9":2072}}

--- stderr ---
SingleTrialExperiment starting: ontology=/workspaces/ontologyutils-ekaw26/repair-power-index-replication-ekaw26/ontologies/inconsistent/SLEEP.owl, seed=269878, run_id=20260624134028346645
Loaded ontology.
Normalizing ontology with SROIQ normalization...
Normalized ontology with SROIQ normalization.
Ontology is already inconsistent, skipping make-inconsistent step.
Repairing with A1 (random-removal)...
[2026-06-26 12:43:41.614] Checking precondition...
[2026-06-26 12:43:41.632] Starting the repair...
[2026-06-26 12:43:41.640] Found 172 possible bad axioms.
[2026-06-26 12:43:41.641] Selected the bad axiom SubClassOf(AlcoholConsumption LifestylePattern).
[2026-06-26 12:43:41.646] Found 171 possible bad axioms.
[2026-06-26 12:43:41.646] Selected the bad axiom SubClassOf(WakeAfterSleepOnset(WASO) SleepContinuity).
[2026-06-26 12:43:41.650] Found 170 possible bad axioms.
[2026-06-26 12:43:41.650] Selected the bad axiom SubClassOf(SleepQuality AttributeOfSleep).
[2026-06-26 12:43:41.653] Found 169 possible bad axioms.
[2026-06-26 12:43:41.653] Selected the bad axiom SubClassOf(EffectOnDailyFunction EffectsOfPoorSleep).
[2026-06-26 12:43:41.656] Found 168 possible bad axioms.
[2026-06-26 12:43:41.656] Selected the bad axiom SubClassOf(TimeOfGoingToBed SleepSchedule).
[2026-06-26 12:43:41.663] Found 167 possible bad axioms.
[2026-06-26 12:43:41.664] Selected the bad axiom SubClassOf(BedtimeRitual StretchingExercise).
[2026-06-26 12:43:41.667] Found 166 possible bad axioms.
[2026-06-26 12:43:41.667] Selected the bad axiom SubClassOf(Noise EnvironmentalFactor).
[2026-06-26 12:43:41.670] Found 165 possible bad axioms.
[2026-06-26 12:43:41.670] Selected the bad axiom SubClassOf(PeriodicLimbMovementDisorder SleepRelatedMovementDisorders).
[2026-06-26 12:43:41.675] Found 164 possible bad axioms.
[2026-06-26 12:43:41.675] Selected the bad axiom SubClassOf(ShortTermInsomniaDisorder ChronicInsomniaDisorder).
[2026-06-26 12:43:41.678] Found 163 possible bad axioms.
[2026-06-26 12:43:41.678] Selected the bad axiom SubClassOf(SleepRelatedHypoventilationDisorders SleepRelatedBreathingDisorders).
[2026-06-26 12:43:41.681] Found 162 possible bad axioms.
[2026-06-26 12:43:41.681] Selected the bad axiom SubClassOf(CaffeinConsumption NicotineConsumption).
[2026-06-26 12:43:41.688] Found 161 possible bad axioms.
[2026-06-26 12:43:41.689] Selected the bad axiom SubClassOf(Humidity EnvironmentalFactor).
[2026-06-26 12:43:41.691] Found 160 possible bad axioms.
[2026-06-26 12:43:41.691] Selected the bad axiom SubClassOf(PulseOximetry owl:Nothing).
[2026-06-26 12:43:41.694] Found 159 possible bad axioms.
[2026-06-26 12:43:41.694] Selected the bad axiom SubClassOf(CaffeinConsumption owl:Nothing).
[2026-06-26 12:43:41.697] Found 158 possible bad axioms.
[2026-06-26 12:43:41.697] Selected the bad axiom SubClassOf(SleepRelatedEatingDisorder OtherParasomnias).
[2026-06-26 12:43:41.700] Found 157 possible bad axioms.
[2026-06-26 12:43:41.700] Selected the bad axiom SubClassOf(FootBath
...[truncated]
SUCCESS: attempt=20 seed=269878 success_count=20/100
progress: ontology=SLEEP attempt=20 success=20/100
----- SLEEP attempt=21 seed=284078 at 2026-06-26 12:44:02 -----
--- stdout ---
{"seed":284078,"run_id":"20260624134028346645","trial_status":"success","error_type":null,"failure_stage":null,"error_message":null,"iic_values":{"B1_vs_A1":0.2936026936026936,"B1_vs_A2":0.6683046683046683,"B1_vs_A3":0.11464723926380369,"B2_vs_A1":0.5344563552833078,"B2_vs_A2":0.9710570469798657,"B2_vs_A3":1.0,"B3_vs_A1":1.0,"B3_vs_A2":0.999317095379012,"B3_vs_A3":0.9992466475817388,"B4_vs_A1":1.0,"B4_vs_A2":0.999317095379012,"B4_vs_A3":0.9992466475817388,"B5_vs_A1":1.0,"B5_vs_A2":0.999317095379012,"B5_vs_A3":0.9992466475817388,"B6_vs_A1":1.0,"B6_vs_A2":0.999317095379012,"B6_vs_A3":0.9992466475817388,"B7_vs_A1":1.0,"B7_vs_A2":0.999317095379012,"B7_vs_A3":0.9992466475817388,"B8_vs_A1":1.0,"B8_vs_A2":0.999317095379012,"B8_vs_A3":0.9992466475817388,"B9_vs_A1":1.0,"B9_vs_A2":0.999317095379012,"B9_vs_A3":0.9992466475817388},"repair_runtimes_ms":{"A1":218,"A2":4900,"A3":399,"B1":1031,"B2":3113,"B3":834,"B4":82,"B5":1022,"B6":1929,"B7":111,"B8":5420,"B9":3917}}

--- stderr ---
SingleTrialExperiment starting: ontology=/workspaces/ontologyutils-ekaw26/repair-power-index-replication-ekaw26/ontologies/inconsistent/SLEEP.owl, seed=284078, run_id=20260624134028346645
Loaded ontology.
Normalizing ontology with SROIQ normalization...
Normalized ontology with SROIQ normalization.
Ontology is already inconsistent, skipping make-inconsistent step.
Repairing with A1 (random-removal)...
[2026-06-26 12:44:02.643] Checking precondition...
[2026-06-26 12:44:02.658] Starting the repair...
[2026-06-26 12:44:02.665] Found 172 possible bad axioms.
[2026-06-26 12:44:02.667] Selected the bad axiom SubClassOf(EnvironmentalFactor AffectingFactor).
[2026-06-26 12:44:02.671] Found 171 possible bad axioms.
[2026-06-26 12:44:02.672] Selected the bad axiom SubClassOf(AdvancedSleepPhaseSyndrome(ASPS) ChronicSleepWakeRhythmDisorder).
[2026-06-26 12:44:02.676] Found 170 possible bad axioms.
[2026-06-26 12:44:02.676] Selected the bad axiom SubClassOf(SleepRelatedEatingDisorder OtherParasomnias).
[2026-06-26 12:44:02.680] Found 169 possible bad axioms.
[2026-06-26 12:44:02.680] Selected the bad axiom SubClassOf(LifestylePattern SleepAid).
[2026-06-26 12:44:02.686] Found 168 possible bad axioms.
[2026-06-26 12:44:02.687] Selected the bad axiom SubClassOf(Electromyography Polysomnography).
[2026-06-26 12:44:02.690] Found 167 possible bad axioms.
[2026-06-26 12:44:02.690] Selected the bad axiom SubClassOf(TimeOfGettingOutOfBed SleepSchedule).
[2026-06-26 12:44:02.693] Found 166 possible bad axioms.
[2026-06-26 12:44:02.693] Selected the bad axiom SubClassOf(ChronicInsomniaDisorder ShortTermInsomniaDisorder).
[2026-06-26 12:44:02.696] Found 165 possible bad axioms.
[2026-06-26 12:44:02.696] Selected the bad axiom SubClassOf(TimeOfGoingToBed SleepSchedule).
[2026-06-26 12:44:02.699] Found 164 possible bad axioms.
[2026-06-26 12:44:02.699] Selected the bad axiom SubClassOf(CentralSleepApneaSyndromes SleepRelatedBreathingDisorders).
[2026-06-26 12:44:02.703] Found 163 possible bad axioms.
[2026-06-26 12:44:02.703] Selected the bad axiom SubClassOf(EffectOnMood EffectsOfPoorSleep).
[2026-06-26 12:44:02.708] Found 162 possible bad axioms.
[2026-06-26 12:44:02.708] Selected the bad axiom SubClassOf(TotalSleepTime AttributeOfSleep).
[2026-06-26 12:44:02.715] Found 161 possible bad axioms.
[2026-06-26 12:44:02.715] Selected the bad axiom SubClassOf(SleepRelatedBreathingDisorders SleepRelatedHypoventilationDisorders).
[2026-06-26 12:44:02.718] Found 160 possible bad axioms.
[2026-06-26 12:44:02.718] Selected the bad axiom SubClassOf(Anxiety DepressedMood).
[2026-06-26 12:44:02.721] Found 159 possible bad axioms.
[2026-06-26 12:44:02.722] Selected the bad axiom SubClassOf(PulseOximetry Electromyography).
[2026-06-26 12:44:02.724] Found 158 possible bad axioms.
[2026-06-26 12:44:02.725] Selected the bad axiom SubClassOf(ShortTermInsomniaDisorder ChronicInsomniaDisorder).
[2026-06-26 12:44:02.728] Found 157 possible bad axioms.
[2026-06-26 12:44:02.728] Selected the b
...[truncated]
SUCCESS: attempt=21 seed=284078 success_count=21/100
progress: ontology=SLEEP attempt=21 success=21/100
----- SLEEP attempt=22 seed=298278 at 2026-06-26 12:44:28 -----
--- stdout ---
{"seed":298278,"run_id":"20260624134028346645","trial_status":"success","error_type":null,"failure_stage":null,"error_message":null,"iic_values":{"B1_vs_A1":0.22603003465537158,"B1_vs_A2":0.0013101476893758932,"B1_vs_A3":0.2716297786720322,"B2_vs_A1":0.9994252047708004,"B2_vs_A2":0.5,"B2_vs_A3":0.9984093967943227,"B3_vs_A1":0.15705765407554673,"B3_vs_A2":6.906077348066298E-4,"B3_vs_A3":0.2292732855680655,"B4_vs_A1":0.9994252047708004,"B4_vs_A2":0.5,"B4_vs_A3":0.9984093967943227,"B5_vs_A1":0.9994252047708004,"B5_vs_A2":0.5,"B5_vs_A3":0.9984093967943227,"B6_vs_A1":0.9994252047708004,"B6_vs_A2":0.5,"B6_vs_A3":0.9984093967943227,"B7_vs_A1":0.9994252047708004,"B7_vs_A2":0.5,"B7_vs_A3":0.9984093967943227,"B8_vs_A1":0.9994252047708004,"B8_vs_A2":0.5,"B8_vs_A3":0.9984093967943227,"B9_vs_A1":0.9994252047708004,"B9_vs_A2":0.5,"B9_vs_A3":0.9984093967943227},"repair_runtimes_ms":{"A1":166,"A2":4925,"A3":1108,"B1":352,"B2":1386,"B3":4057,"B4":96,"B5":5306,"B6":1927,"B7":115,"B8":3067,"B9":2253}}

--- stderr ---
SingleTrialExperiment starting: ontology=/workspaces/ontologyutils-ekaw26/repair-power-index-replication-ekaw26/ontologies/inconsistent/SLEEP.owl, seed=298278, run_id=20260624134028346645
Loaded ontology.
Normalizing ontology with SROIQ normalization...
Normalized ontology with SROIQ normalization.
Ontology is already inconsistent, skipping make-inconsistent step.
Repairing with A1 (random-removal)...
[2026-06-26 12:44:28.563] Checking precondition...
[2026-06-26 12:44:28.580] Starting the repair...
[2026-06-26 12:44:28.587] Found 172 possible bad axioms.
[2026-06-26 12:44:28.588] Selected the bad axiom SubClassOf(Electroencephalography Electrooculography).
[2026-06-26 12:44:28.593] Found 171 possible bad axioms.
[2026-06-26 12:44:28.594] Selected the bad axiom SubClassOf(PeriodicLimbMovementDisorder SleepRelatedMovementDisorders).
[2026-06-26 12:44:28.598] Found 170 possible bad axioms.
[2026-06-26 12:44:28.598] Selected the bad axiom SubClassOf(Narcolepsy CentralDisordersOfHypersomnolence).
[2026-06-26 12:44:28.602] Found 169 possible bad axioms.
[2026-06-26 12:44:28.602] Selected the bad axiom SubClassOf(SleepRelatedMovementDisorders SleepDisorder).
[2026-06-26 12:44:28.605] Found 168 possible bad axioms.
[2026-06-26 12:44:28.605] Selected the bad axiom SubClassOf(AttributeOfSleep Sleep).
[2026-06-26 12:44:28.613] Found 167 possible bad axioms.
[2026-06-26 12:44:28.613] Selected the bad axiom SubClassOf(NREMRelatedParasomnias Parasomnias).
[2026-06-26 12:44:28.616] Found 166 possible bad axioms.
[2026-06-26 12:44:28.617] Selected the bad axiom SubClassOf(FootBathing Meditation).
[2026-06-26 12:44:28.620] Found 165 possible bad axioms.
[2026-06-26 12:44:28.621] Selected the bad axiom SubClassOf(SleepDisorder Sleep).
[2026-06-26 12:44:28.625] Found 164 possible bad axioms.
[2026-06-26 12:44:28.625] Selected the bad axiom SubClassOf(DaytimePhysicalActivity LifestylePattern).
[2026-06-26 12:44:28.630] Found 163 possible bad axioms.
[2026-06-26 12:44:28.631] Selected the bad axiom SubClassOf(Sleep NormalSleepWakePattern).
[2026-06-26 12:44:28.634] Found 162 possible bad axioms.
[2026-06-26 12:44:28.634] Selected the bad axiom SubClassOf(Sleep AttributeOfSleep).
[2026-06-26 12:44:28.642] Found 161 possible bad axioms.
[2026-06-26 12:44:28.642] Selected the bad axiom SubClassOf(TransientSleepWakeRhythmDisorder ChronicSleepWakeRhythmDisorder).
[2026-06-26 12:44:28.645] Found 160 possible bad axioms.
[2026-06-26 12:44:28.646] Selected the bad axiom SubClassOf(ShortTermInsomniaDisorder ChronicInsomniaDisorder).
[2026-06-26 12:44:28.649] Found 159 possible bad axioms.
[2026-06-26 12:44:28.649] Selected the bad axiom SubClassOf(EffectsOfPoorSleep TimeOfWakingUp).
[2026-06-26 12:44:28.651] Found 158 possible bad axioms.
[2026-06-26 12:44:28.651] Selected the bad axiom SubClassOf(SleepDepth SleepQuality).
[2026-06-26 12:44:28.654] Found 157 possible bad axioms.
[2026-06-26 12:44:28.654] Selected the bad axiom SubClassOf(SleepRelatedBreathingDisorders SleepD
...[truncated]
SUCCESS: attempt=22 seed=298278 success_count=22/100
progress: ontology=SLEEP attempt=22 success=22/100
----- SLEEP attempt=23 seed=312478 at 2026-06-26 12:44:55 -----
--- stdout ---
{"seed":312478,"run_id":"20260624134028346645","trial_status":"success","error_type":null,"failure_stage":null,"error_message":null,"iic_values":{"B1_vs_A1":1.0,"B1_vs_A2":0.002194701363850133,"B1_vs_A3":0.7699057523561911,"B2_vs_A1":1.0,"B2_vs_A2":0.0012232415902140672,"B2_vs_A3":0.7525458248472505,"B3_vs_A1":0.9993049763691966,"B3_vs_A2":0.9904761904761905,"B3_vs_A3":0.9992617201919527,"B4_vs_A1":0.9993049763691966,"B4_vs_A2":0.9904761904761905,"B4_vs_A3":0.9992617201919527,"B5_vs_A1":0.9993049763691966,"B5_vs_A2":0.9904761904761905,"B5_vs_A3":0.9992617201919527,"B6_vs_A1":0.9993049763691966,"B6_vs_A2":0.9904761904761905,"B6_vs_A3":0.9992617201919527,"B7_vs_A1":0.9993049763691966,"B7_vs_A2":0.9904761904761905,"B7_vs_A3":0.9992617201919527,"B8_vs_A1":0.9993049763691966,"B8_vs_A2":0.9904761904761905,"B8_vs_A3":0.9992617201919527,"B9_vs_A1":0.9993049763691966,"B9_vs_A2":0.9904761904761905,"B9_vs_A3":0.9992617201919527},"repair_runtimes_ms":{"A1":187,"A2":4912,"A3":452,"B1":368,"B2":7827,"B3":759,"B4":84,"B5":3237,"B6":416,"B7":103,"B8":732,"B9":684}}

--- stderr ---
SingleTrialExperiment starting: ontology=/workspaces/ontologyutils-ekaw26/repair-power-index-replication-ekaw26/ontologies/inconsistent/SLEEP.owl, seed=312478, run_id=20260624134028346645
Loaded ontology.
Normalizing ontology with SROIQ normalization...
Normalized ontology with SROIQ normalization.
Ontology is already inconsistent, skipping make-inconsistent step.
Repairing with A1 (random-removal)...
[2026-06-26 12:44:55.729] Checking precondition...
[2026-06-26 12:44:55.746] Starting the repair...
[2026-06-26 12:44:55.754] Found 172 possible bad axioms.
[2026-06-26 12:44:55.755] Selected the bad axiom SubClassOf(KleineLevinSyndrome CentralDisordersOfHypersomnolence).
[2026-06-26 12:44:55.760] Found 171 possible bad axioms.
[2026-06-26 12:44:55.760] Selected the bad axiom SubClassOf(Humidity Temperature).
[2026-06-26 12:44:55.764] Found 170 possible bad axioms.
[2026-06-26 12:44:55.764] Selected the bad axiom SubClassOf(SleepRelatedMovementDisorders SleepDisorder).
[2026-06-26 12:44:55.768] Found 169 possible bad axioms.
[2026-06-26 12:44:55.768] Selected the bad axiom SubClassOf(OtherParasomnias Parasomnias).
[2026-06-26 12:44:55.772] Found 168 possible bad axioms.
[2026-06-26 12:44:55.772] Selected the bad axiom SubClassOf(PulseOximetry Electrooculography).
[2026-06-26 12:44:55.779] Found 167 possible bad axioms.
[2026-06-26 12:44:55.779] Selected the bad axiom SubClassOf(StretchingExercise ListeningToWhiteNoise).
[2026-06-26 12:44:55.782] Found 166 possible bad axioms.
[2026-06-26 12:44:55.782] Selected the bad axiom SubClassOf(Polysomnography SleepAssessmentTest).
[2026-06-26 12:44:55.786] Found 165 possible bad axioms.
[2026-06-26 12:44:55.786] Selected the bad axiom SubClassOf(Pain Pruritus).
[2026-06-26 12:44:55.790] Found 164 possible bad axioms.
[2026-06-26 12:44:55.790] Selected the bad axiom SubClassOf(StageIV NonRapidEyeMovement).
[2026-06-26 12:44:55.794] Found 163 possible bad axioms.
[2026-06-26 12:44:55.795] Selected the bad axiom SubClassOf(AdvancedSleepPhaseSyndrome(ASPS) ChronicSleepWakeRhythmDisorder).
[2026-06-26 12:44:55.798] Found 162 possible bad axioms.
[2026-06-26 12:44:55.798] Selected the bad axiom SubClassOf(MedicineOrSupplement SleepAid).
[2026-06-26 12:44:55.805] Found 161 possible bad axioms.
[2026-06-26 12:44:55.805] Selected the bad axiom SubClassOf(LifestylePattern owl:Nothing).
[2026-06-26 12:44:55.809] Found 160 possible bad axioms.
[2026-06-26 12:44:55.809] Selected the bad axiom SubClassOf(ExplodingHeadSyndrome SleepRelatedHallucinations).
[2026-06-26 12:44:55.811] Found 159 possible bad axioms.
[2026-06-26 12:44:55.812] Selected the bad axiom SubClassOf(ShiftWork LifestylePattern).
[2026-06-26 12:44:55.814] Found 158 possible bad axioms.
[2026-06-26 12:44:55.814] Selected the bad axiom SubClassOf(Temperature Co-Sleeping).
[2026-06-26 12:44:55.816] Found 157 possible bad axioms.
[2026-06-26 12:44:55.817] Selected the bad axiom SubClassOf(PeriodicLimbMovementDisorder SleepRelatedMovementDisorders).
[2026-06-
...[truncated]
SUCCESS: attempt=23 seed=312478 success_count=23/100
progress: ontology=SLEEP attempt=23 success=23/100
----- SLEEP attempt=24 seed=326678 at 2026-06-26 12:45:15 -----
--- stdout ---
{"seed":326678,"run_id":"20260624134028346645","trial_status":"success","error_type":null,"failure_stage":null,"error_message":null,"iic_values":{"B1_vs_A1":1.0,"B1_vs_A2":1.0,"B1_vs_A3":9.132420091324201E-4,"B2_vs_A1":0.5308521057786484,"B2_vs_A2":0.07044025157232704,"B2_vs_A3":6.906077348066298E-4,"B3_vs_A1":0.9993061979648473,"B3_vs_A2":0.998776758409786,"B3_vs_A3":0.009523809523809525,"B4_vs_A1":0.9995427003544072,"B4_vs_A2":0.9992466475817388,"B4_vs_A3":0.5,"B5_vs_A1":0.9995427003544072,"B5_vs_A2":0.9992466475817388,"B5_vs_A3":0.5,"B6_vs_A1":0.9995427003544072,"B6_vs_A2":0.9992466475817388,"B6_vs_A3":0.5,"B7_vs_A1":0.9995427003544072,"B7_vs_A2":0.9992466475817388,"B7_vs_A3":0.5,"B8_vs_A1":0.9995427003544072,"B8_vs_A2":0.9992466475817388,"B8_vs_A3":0.5,"B9_vs_A1":0.9995427003544072,"B9_vs_A2":0.9992466475817388,"B9_vs_A3":0.5},"repair_runtimes_ms":{"A1":182,"A2":4889,"A3":406,"B1":1028,"B2":6011,"B3":783,"B4":119,"B5":5051,"B6":403,"B7":113,"B8":3104,"B9":2511}}

--- stderr ---
SingleTrialExperiment starting: ontology=/workspaces/ontologyutils-ekaw26/repair-power-index-replication-ekaw26/ontologies/inconsistent/SLEEP.owl, seed=326678, run_id=20260624134028346645
Loaded ontology.
Normalizing ontology with SROIQ normalization...
Normalized ontology with SROIQ normalization.
Ontology is already inconsistent, skipping make-inconsistent step.
Repairing with A1 (random-removal)...
[2026-06-26 12:45:16.296] Checking precondition...
[2026-06-26 12:45:16.313] Starting the repair...
[2026-06-26 12:45:16.320] Found 172 possible bad axioms.
[2026-06-26 12:45:16.321] Selected the bad axiom SubClassOf(Meditation BedtimeRitual).
[2026-06-26 12:45:16.326] Found 171 possible bad axioms.
[2026-06-26 12:45:16.326] Selected the bad axiom SubClassOf(PsychologicalFactor AffectingFactor).
[2026-06-26 12:45:16.330] Found 170 possible bad axioms.
[2026-06-26 12:45:16.330] Selected the bad axiom SubClassOf(DaytimePhysicalActivity LifestylePattern).
[2026-06-26 12:45:16.335] Found 169 possible bad axioms.
[2026-06-26 12:45:16.335] Selected the bad axiom SubClassOf(SleepStage AttributeOfSleep).
[2026-06-26 12:45:16.338] Found 168 possible bad axioms.
[2026-06-26 12:45:16.338] Selected the bad axiom SubClassOf(OtherParasomnias Parasomnias).
[2026-06-26 12:45:16.345] Found 167 possible bad axioms.
[2026-06-26 12:45:16.346] Selected the bad axiom SubClassOf(Lighting EnvironmentalFactor).
[2026-06-26 12:45:16.348] Found 166 possible bad axioms.
[2026-06-26 12:45:16.349] Selected the bad axiom SubClassOf(LifestylePattern owl:Nothing).
[2026-06-26 12:45:16.352] Found 165 possible bad axioms.
[2026-06-26 12:45:16.352] Selected the bad axiom SubClassOf(REMRelatedParasomnias Parasomnias).
[2026-06-26 12:45:16.355] Found 164 possible bad axioms.
[2026-06-26 12:45:16.355] Selected the bad axiom SubClassOf(AttributeOfSleep NormalSleepWakePattern).
[2026-06-26 12:45:16.359] Found 163 possible bad axioms.
[2026-06-26 12:45:16.359] Selected the bad axiom SubClassOf(EffectsOfPoorSleep TimeOfFallingAsleep).
[2026-06-26 12:45:16.362] Found 162 possible bad axioms.
[2026-06-26 12:45:16.362] Selected the bad axiom SubClassOf(RestlessLegsSyndrome PeriodicLimbMovementDisorder).
[2026-06-26 12:45:16.370] Found 161 possible bad axioms.
[2026-06-26 12:45:16.370] Selected the bad axiom SubClassOf(StageII NonRapidEyeMovement).
[2026-06-26 12:45:16.373] Found 160 possible bad axioms.
[2026-06-26 12:45:16.373] Selected the bad axiom SubClassOf(StretchingExercise BedtimeRitual).
[2026-06-26 12:45:16.376] Found 159 possible bad axioms.
[2026-06-26 12:45:16.376] Selected the bad axiom SubClassOf(SleepContinuity SleepQuality).
[2026-06-26 12:45:16.379] Found 158 possible bad axioms.
[2026-06-26 12:45:16.379] Selected the bad axiom SubClassOf(CentralDisordersOfHypersomnolence SleepDisorder).
[2026-06-26 12:45:16.381] Found 157 possible bad axioms.
[2026-06-26 12:45:16.382] Selected the bad axiom SubClassOf(Polysomnography Electromyography).
[2026-06-26 12:45:16.389] Found 156 poss
...[truncated]
SUCCESS: attempt=24 seed=326678 success_count=24/100
progress: ontology=SLEEP attempt=24 success=24/100
----- SLEEP attempt=25 seed=340878 at 2026-06-26 12:45:42 -----
--- stdout ---
{"seed":340878,"run_id":"20260624134028346645","trial_status":"success","error_type":null,"failure_stage":null,"error_message":null,"iic_values":{"B1_vs_A1":1.0,"B1_vs_A2":0.998776758409786,"B1_vs_A3":0.009523809523809525,"B2_vs_A1":0.9951923076923077,"B2_vs_A2":0.9992466475817388,"B2_vs_A3":0.5,"B3_vs_A1":0.0029322073657049026,"B3_vs_A2":0.05957993999142735,"B3_vs_A3":8.049678012879485E-4,"B4_vs_A1":0.9951923076923077,"B4_vs_A2":0.9992466475817388,"B4_vs_A3":0.5,"B5_vs_A1":0.9951923076923077,"B5_vs_A2":0.9992466475817388,"B5_vs_A3":0.5,"B6_vs_A1":0.9951923076923077,"B6_vs_A2":0.9992466475817388,"B6_vs_A3":0.5,"B7_vs_A1":0.9951923076923077,"B7_vs_A2":0.9992466475817388,"B7_vs_A3":0.5,"B8_vs_A1":0.9951923076923077,"B8_vs_A2":0.9992466475817388,"B8_vs_A3":0.5,"B9_vs_A1":0.9951923076923077,"B9_vs_A2":0.9992466475817388,"B9_vs_A3":0.5},"repair_runtimes_ms":{"A1":37,"A2":4982,"A3":413,"B1":343,"B2":1059,"B3":3917,"B4":84,"B5":5089,"B6":3617,"B7":123,"B8":3118,"B9":603}}

--- stderr ---
SingleTrialExperiment starting: ontology=/workspaces/ontologyutils-ekaw26/repair-power-index-replication-ekaw26/ontologies/inconsistent/SLEEP.owl, seed=340878, run_id=20260624134028346645
Loaded ontology.
Normalizing ontology with SROIQ normalization...
Normalized ontology with SROIQ normalization.
Ontology is already inconsistent, skipping make-inconsistent step.
Repairing with A1 (random-removal)...
[2026-06-26 12:45:42.471] Checking precondition...
[2026-06-26 12:45:42.486] Starting the repair...
[2026-06-26 12:45:42.493] Found 172 possible bad axioms.
[2026-06-26 12:45:42.495] Selected the bad axiom SubClassOf(InsufficientPhysicalRecovery EffectsOfPoorSleep).
[2026-06-26 12:45:42.499] Found 171 possible bad axioms.
[2026-06-26 12:45:42.499] Selected the bad axiom SubClassOf(NormalSleepWakePattern SleepPattern).
[2026-06-26 12:45:42.503] Finished repairing the ontology.
Repairing with A2 (not-in-largest-mcs-removal)...
[2026-06-26 12:45:42.504] Checking precondition...
[2026-06-26 12:45:42.511] Starting the repair...
[2026-06-26 12:45:47.481] Found 4 possible bad axioms.
[2026-06-26 12:45:47.481] Selected the bad axiom SubClassOf(AttributeOfSleep AffectingFactor).
[2026-06-26 12:45:47.483] Finished repairing the ontology.
Repairing with A3 (default-weakening)...
[2026-06-26 12:45:47.484] Checking precondition...
[2026-06-26 12:45:47.486] Starting the repair...
[2026-06-26 12:45:47.499] Selected a reference ontology with 275 axioms.
[2026-06-26 12:45:47.851] Selected the bad axiom SubClassOf(owl:Thing NormalSleepWakePattern).
[2026-06-26 12:45:47.894] Selected the weaker axiom SubClassOf(SleepingSpace NormalSleepWakePattern).
[2026-06-26 12:45:47.896] Finished repairing the ontology.
Repairing with B1 (bad-in_some_mus-weaker-random)...
[2026-06-26 12:45:47.897] Checking precondition...
[2026-06-26 12:45:47.898] Starting the repair...
[2026-06-26 12:45:47.906] Selected a reference ontology with 275 axioms.
[2026-06-26 12:45:48.207] Selected the bad axiom SubClassOf(NormalSleepWakePattern SleepPattern).
[2026-06-26 12:45:48.238] Selected the weaker axiom SubClassOf(Anxiety SleepPattern).
[2026-06-26 12:45:48.240] Finished repairing the ontology.
Repairing with B2 (bad-in_some_mus-weaker-shapley)...
[2026-06-26 12:45:48.241] Checking precondition...
[2026-06-26 12:45:48.243] Starting the repair...
[2026-06-26 12:45:48.255] Selected a reference ontology with 274 axioms.
[2026-06-26 12:45:48.573] Selected the bad axiom SubClassOf(owl:Thing NormalSleepWakePattern).
[PowerIndexWeakerAxiomSelector] Scoring 12 candidate weakenings for ⊤ ⊑ NormalSleepWakePattern
[PowerIndexWeakerAxiomSelector] Selected weaker axiom: AbnormalSleepPattern ⊑ NormalSleepWakePattern
[2026-06-26 12:45:49.292] Selected the weaker axiom SubClassOf(AbnormalSleepPattern NormalSleepWakePattern).
[2026-06-26 12:45:49.299] Finished repairing the ontology.
Repairing with B3 (bad-in_some_mus-weaker-banzhaf)...
[2026-06-26 12:45:49.300] Checking precondition...
[2026-06-26 12:45:49.302]
...[truncated]
SUCCESS: attempt=25 seed=340878 success_count=25/100
progress: ontology=SLEEP attempt=25 success=25/100
----- SLEEP attempt=26 seed=355078 at 2026-06-26 12:46:07 -----
--- stdout ---
{"seed":355078,"run_id":"20260624134028346645","trial_status":"success","error_type":null,"failure_stage":null,"error_message":null,"iic_values":{"B1_vs_A1":0.1491448118586089,"B1_vs_A2":1.0,"B1_vs_A3":0.08206330597889801,"B2_vs_A1":0.14609007394129508,"B2_vs_A2":1.0,"B2_vs_A3":0.06468051744413955,"B3_vs_A1":1.0,"B3_vs_A2":0.9988493844206651,"B3_vs_A3":0.9978056426332288,"B4_vs_A1":0.9998188077550281,"B4_vs_A2":0.999317095379012,"B4_vs_A3":0.9987637150363159,"B5_vs_A1":0.9998188077550281,"B5_vs_A2":0.999317095379012,"B5_vs_A3":0.9987637150363159,"B6_vs_A1":0.9998188077550281,"B6_vs_A2":0.999317095379012,"B6_vs_A3":0.9987637150363159,"B7_vs_A1":0.9998188077550281,"B7_vs_A2":0.999317095379012,"B7_vs_A3":0.9987637150363159,"B8_vs_A1":0.9998188077550281,"B8_vs_A2":0.999317095379012,"B8_vs_A3":0.9987637150363159,"B9_vs_A1":0.9998188077550281,"B9_vs_A2":0.999317095379012,"B9_vs_A3":0.9987637150363159},"repair_runtimes_ms":{"A1":200,"A2":4877,"A3":399,"B1":388,"B2":3086,"B3":3997,"B4":81,"B5":5548,"B6":683,"B7":121,"B8":5625,"B9":2005}}

--- stderr ---
SingleTrialExperiment starting: ontology=/workspaces/ontologyutils-ekaw26/repair-power-index-replication-ekaw26/ontologies/inconsistent/SLEEP.owl, seed=355078, run_id=20260624134028346645
Loaded ontology.
Normalizing ontology with SROIQ normalization...
Normalized ontology with SROIQ normalization.
Ontology is already inconsistent, skipping make-inconsistent step.
Repairing with A1 (random-removal)...
[2026-06-26 12:46:07.819] Checking precondition...
[2026-06-26 12:46:07.836] Starting the repair...
[2026-06-26 12:46:07.843] Found 172 possible bad axioms.
[2026-06-26 12:46:07.845] Selected the bad axiom SubClassOf(PeriodicLimbMovementDisorder SleepRelatedMovementDisorders).
[2026-06-26 12:46:07.849] Found 171 possible bad axioms.
[2026-06-26 12:46:07.849] Selected the bad axiom SubClassOf(AttributeOfSleep NormalSleepWakePattern).
[2026-06-26 12:46:07.853] Found 170 possible bad axioms.
[2026-06-26 12:46:07.853] Selected the bad axiom SubClassOf(SleepQuality AttributeOfSleep).
[2026-06-26 12:46:07.856] Found 169 possible bad axioms.
[2026-06-26 12:46:07.857] Selected the bad axiom SubClassOf(SleepRelatedBreathingDisorders SleepRelatedHypoventilationDisorders).
[2026-06-26 12:46:07.863] Found 168 possible bad axioms.
[2026-06-26 12:46:07.864] Selected the bad axiom SubClassOf(StageI StageIV).
[2026-06-26 12:46:07.867] Found 167 possible bad axioms.
[2026-06-26 12:46:07.867] Selected the bad axiom SubClassOf(SleepRelatedHallucinations OtherParasomnias).
[2026-06-26 12:46:07.870] Found 166 possible bad axioms.
[2026-06-26 12:46:07.870] Selected the bad axiom SubClassOf(Temperature Noise).
[2026-06-26 12:46:07.873] Found 165 possible bad axioms.
[2026-06-26 12:46:07.874] Selected the bad axiom SubClassOf(ShortTermInsomniaDisorder Insomnia).
[2026-06-26 12:46:07.878] Found 164 possible bad axioms.
[2026-06-26 12:46:07.878] Selected the bad axiom SubClassOf(RestlessLegsSyndrome PeriodicLimbMovementDisorder).
[2026-06-26 12:46:07.881] Found 163 possible bad axioms.
[2026-06-26 12:46:07.881] Selected the bad axiom SubClassOf(CircadianRhythmSleepWakeDisorders SleepDisorder).
[2026-06-26 12:46:07.884] Found 162 possible bad axioms.
[2026-06-26 12:46:07.884] Selected the bad axiom SubClassOf(ShiftWork LifestylePattern).
[2026-06-26 12:46:07.891] Found 161 possible bad axioms.
[2026-06-26 12:46:07.892] Selected the bad axiom SubClassOf(UsingSmartphone BedtimeRitual).
[2026-06-26 12:46:07.894] Found 160 possible bad axioms.
[2026-06-26 12:46:07.895] Selected the bad axiom SubClassOf(EffectsOfPoorSleep SleepSchedule).
[2026-06-26 12:46:07.897] Found 159 possible bad axioms.
[2026-06-26 12:46:07.897] Selected the bad axiom SubClassOf(RapidEyeMovement SleepStage).
[2026-06-26 12:46:07.900] Found 158 possible bad axioms.
[2026-06-26 12:46:07.900] Selected the bad axiom SubClassOf(OtherParasomnias Parasomnias).
[2026-06-26 12:46:07.902] Found 157 possible bad axioms.
[2026-06-26 12:46:07.902] Selected the bad axiom SubClassOf(PulseOximetry Electrooculography).
[202
...[truncated]
SUCCESS: attempt=26 seed=355078 success_count=26/100
progress: ontology=SLEEP attempt=26 success=26/100
----- SLEEP attempt=27 seed=369278 at 2026-06-26 12:46:35 -----
--- stdout ---
{"seed":369278,"run_id":"20260624134028346645","trial_status":"success","error_type":null,"failure_stage":null,"error_message":null,"iic_values":{"B1_vs_A1":0.9993607500532709,"B1_vs_A2":0.5,"B1_vs_A3":0.9982771351218311,"B2_vs_A1":0.9993607500532709,"B2_vs_A2":0.5,"B2_vs_A3":0.9982771351218311,"B3_vs_A1":1.0,"B3_vs_A2":6.906077348066298E-4,"B3_vs_A3":0.11873350923482849,"B4_vs_A1":0.9993607500532709,"B4_vs_A2":0.5,"B4_vs_A3":0.9982771351218311,"B5_vs_A1":0.9993607500532709,"B5_vs_A2":0.5,"B5_vs_A3":0.9982771351218311,"B6_vs_A1":0.9993607500532709,"B6_vs_A2":0.5,"B6_vs_A3":0.9982771351218311,"B7_vs_A1":0.9993607500532709,"B7_vs_A2":0.5,"B7_vs_A3":0.9982771351218311,"B8_vs_A1":0.9993607500532709,"B8_vs_A2":0.5,"B8_vs_A3":0.9982771351218311,"B9_vs_A1":0.9993607500532709,"B9_vs_A2":0.5,"B9_vs_A3":0.9982771351218311},"repair_runtimes_ms":{"A1":123,"A2":4964,"A3":426,"B1":532,"B2":3763,"B3":3913,"B4":151,"B5":5369,"B6":2032,"B7":129,"B8":1182,"B9":4172}}

--- stderr ---
SingleTrialExperiment starting: ontology=/workspaces/ontologyutils-ekaw26/repair-power-index-replication-ekaw26/ontologies/inconsistent/SLEEP.owl, seed=369278, run_id=20260624134028346645
Loaded ontology.
Normalizing ontology with SROIQ normalization...
Normalized ontology with SROIQ normalization.
Ontology is already inconsistent, skipping make-inconsistent step.
Repairing with A1 (random-removal)...
[2026-06-26 12:46:35.767] Checking precondition...
[2026-06-26 12:46:35.781] Starting the repair...
[2026-06-26 12:46:35.790] Found 172 possible bad axioms.
[2026-06-26 12:46:35.792] Selected the bad axiom SubClassOf(TimeOfGoingToBed TimeOfGettingOutOfBed).
[2026-06-26 12:46:35.796] Found 171 possible bad axioms.
[2026-06-26 12:46:35.796] Selected the bad axiom SubClassOf(StretchingExercise BedtimeRitual).
[2026-06-26 12:46:35.800] Found 170 possible bad axioms.
[2026-06-26 12:46:35.800] Selected the bad axiom SubClassOf(Insomnia CircadianRhythmSleepWakeDisorders).
[2026-06-26 12:46:35.804] Found 169 possible bad axioms.
[2026-06-26 12:46:35.804] Selected the bad axiom SubClassOf(Therapy SleepAid).
[2026-06-26 12:46:35.807] Found 168 possible bad axioms.
[2026-06-26 12:46:35.807] Selected the bad axiom SubClassOf(TimeOfGettingOutOfBed SleepSchedule).
[2026-06-26 12:46:35.814] Found 167 possible bad axioms.
[2026-06-26 12:46:35.814] Selected the bad axiom SubClassOf(RestlessLegsSyndrome PeriodicLimbMovementDisorder).
[2026-06-26 12:46:35.817] Found 166 possible bad axioms.
[2026-06-26 12:46:35.817] Selected the bad axiom SubClassOf(ShortTermInsomniaDisorder Insomnia).
[2026-06-26 12:46:35.820] Found 165 possible bad axioms.
[2026-06-26 12:46:35.821] Selected the bad axiom SubClassOf(PeriodicLimbMovementDisorder SleepRelatedMovementDisorders).
[2026-06-26 12:46:35.825] Found 164 possible bad axioms.
[2026-06-26 12:46:35.825] Selected the bad axiom SubClassOf(EffectsOfPoorSleep Sleep).
[2026-06-26 12:46:35.828] Found 163 possible bad axioms.
[2026-06-26 12:46:35.828] Selected the bad axiom SubClassOf(Electrooculography Polysomnography).
[2026-06-26 12:46:35.831] Found 162 possible bad axioms.
[2026-06-26 12:46:35.832] Selected the bad axiom SubClassOf(AttributeOfSleep NormalSleepWakePattern).
[2026-06-26 12:46:35.839] Found 161 possible bad axioms.
[2026-06-26 12:46:35.839] Selected the bad axiom SubClassOf(TimeOfWakingUp SleepSchedule).
[2026-06-26 12:46:35.842] Found 160 possible bad axioms.
[2026-06-26 12:46:35.842] Selected the bad axiom SubClassOf(DepressedMood PsychologicalFactor).
[2026-06-26 12:46:35.845] Found 159 possible bad axioms.
[2026-06-26 12:46:35.845] Selected the bad axiom SubClassOf(Pruritus PhysicalFactor).
[2026-06-26 12:46:35.847] Found 158 possible bad axioms.
[2026-06-26 12:46:35.848] Selected the bad axiom SubClassOf(StretchingExercise ListeningToWhiteNoise).
[2026-06-26 12:46:35.850] Found 157 possible bad axioms.
[2026-06-26 12:46:35.850] Selected the bad axiom SubClassOf(SleepAssessmentTest Sleep).
[2026-06-26 12:46:35.857]
...[truncated]
SUCCESS: attempt=27 seed=369278 success_count=27/100
progress: ontology=SLEEP attempt=27 success=27/100
----- SLEEP attempt=28 seed=383478 at 2026-06-26 12:47:03 -----
--- stdout ---
{"seed":383478,"run_id":"20260624134028346645","trial_status":"success","error_type":null,"failure_stage":null,"error_message":null,"iic_values":{"B1_vs_A1":0.9998743876397438,"B1_vs_A2":0.5,"B1_vs_A3":0.9993093922651933,"B2_vs_A1":0.4080061585835258,"B2_vs_A2":6.906077348066298E-4,"B2_vs_A3":0.5,"B3_vs_A1":1.0,"B3_vs_A2":0.009523809523809525,"B3_vs_A3":0.998836262073781,"B4_vs_A1":0.9998743876397438,"B4_vs_A2":0.5,"B4_vs_A3":0.9993093922651933,"B5_vs_A1":0.9998743876397438,"B5_vs_A2":0.5,"B5_vs_A3":0.9993093922651933,"B6_vs_A1":0.9998743876397438,"B6_vs_A2":0.5,"B6_vs_A3":0.9993093922651933,"B7_vs_A1":0.9998743876397438,"B7_vs_A2":0.5,"B7_vs_A3":0.9993093922651933,"B8_vs_A1":0.9998743876397438,"B8_vs_A2":0.5,"B8_vs_A3":0.9993093922651933,"B9_vs_A1":0.9998743876397438,"B9_vs_A2":0.5,"B9_vs_A3":0.9993093922651933},"repair_runtimes_ms":{"A1":241,"A2":4884,"A3":428,"B1":369,"B2":3059,"B3":3979,"B4":65,"B5":715,"B6":698,"B7":127,"B8":3131,"B9":675}}

--- stderr ---
SingleTrialExperiment starting: ontology=/workspaces/ontologyutils-ekaw26/repair-power-index-replication-ekaw26/ontologies/inconsistent/SLEEP.owl, seed=383478, run_id=20260624134028346645
Loaded ontology.
Normalizing ontology with SROIQ normalization...
Normalized ontology with SROIQ normalization.
Ontology is already inconsistent, skipping make-inconsistent step.
Repairing with A1 (random-removal)...
[2026-06-26 12:47:03.531] Checking precondition...
[2026-06-26 12:47:03.547] Starting the repair...
[2026-06-26 12:47:03.554] Found 172 possible bad axioms.
[2026-06-26 12:47:03.556] Selected the bad axiom SubClassOf(IrregularSleepWakePattern SleepPattern).
[2026-06-26 12:47:03.560] Found 171 possible bad axioms.
[2026-06-26 12:47:03.561] Selected the bad axiom SubClassOf(ShiftWork AlcoholConsumption).
[2026-06-26 12:47:03.565] Found 170 possible bad axioms.
[2026-06-26 12:47:03.565] Selected the bad axiom SubClassOf(KleineLevinSyndrome CentralDisordersOfHypersomnolence).
[2026-06-26 12:47:03.569] Found 169 possible bad axioms.
[2026-06-26 12:47:03.569] Selected the bad axiom SubClassOf(StretchingExercise BedtimeRitual).
[2026-06-26 12:47:03.575] Found 168 possible bad axioms.
[2026-06-26 12:47:03.575] Selected the bad axiom SubClassOf(StageIV StageII).
[2026-06-26 12:47:03.578] Found 167 possible bad axioms.
[2026-06-26 12:47:03.579] Selected the bad axiom SubClassOf(SleepRelatedMovementDisorders SleepDisorder).
[2026-06-26 12:47:03.581] Found 166 possible bad axioms.
[2026-06-26 12:47:03.581] Selected the bad axiom SubClassOf(Lighting EnvironmentalFactor).
[2026-06-26 12:47:03.585] Found 165 possible bad axioms.
[2026-06-26 12:47:03.585] Selected the bad axiom SubClassOf(TotalSleepTime AttributeOfSleep).
[2026-06-26 12:47:03.588] Found 164 possible bad axioms.
[2026-06-26 12:47:03.589] Selected the bad axiom SubClassOf(Pruritus Pain).
[2026-06-26 12:47:03.592] Found 163 possible bad axioms.
[2026-06-26 12:47:03.592] Selected the bad axiom SubClassOf(Insomnia SleepDisorder).
[2026-06-26 12:47:03.595] Found 162 possible bad axioms.
[2026-06-26 12:47:03.596] Selected the bad axiom SubClassOf(PulseOximetry owl:Nothing).
[2026-06-26 12:47:03.603] Found 161 possible bad axioms.
[2026-06-26 12:47:03.603] Selected the bad axiom SubClassOf(EffectsOfPoorSleep SleepSchedule).
[2026-06-26 12:47:03.606] Found 160 possible bad axioms.
[2026-06-26 12:47:03.606] Selected the bad axiom SubClassOf(EffectsOfPoorSleep Sleep).
[2026-06-26 12:47:03.609] Found 159 possible bad axioms.
[2026-06-26 12:47:03.609] Selected the bad axiom SubClassOf(Fear PsychologicalFactor).
[2026-06-26 12:47:03.611] Found 158 possible bad axioms.
[2026-06-26 12:47:03.611] Selected the bad axiom SubClassOf(LifestylePattern owl:Nothing).
[2026-06-26 12:47:03.613] Found 157 possible bad axioms.
[2026-06-26 12:47:03.613] Selected the bad axiom SubClassOf(Pruritus PhysicalFactor).
[2026-06-26 12:47:03.620] Found 156 possible bad axioms.
[2026-06-26 12:47:03.620] Selected the bad axiom SubClassOf
...[truncated]
SUCCESS: attempt=28 seed=383478 success_count=28/100
progress: ontology=SLEEP attempt=28 success=28/100
----- SLEEP attempt=29 seed=397678 at 2026-06-26 12:47:22 -----
--- stdout ---
{"seed":397678,"run_id":"20260624134028346645","trial_status":"success","error_type":null,"failure_stage":null,"error_message":null,"iic_values":{"B1_vs_A1":0.03529034327879371,"B1_vs_A2":6.549860815457672E-4,"B1_vs_A3":6.549860815457672E-4,"B2_vs_A1":1.0,"B2_vs_A2":0.009523809523809525,"B2_vs_A3":0.009523809523809525,"B3_vs_A1":0.039590254706533774,"B3_vs_A2":7.647598654022637E-4,"B3_vs_A3":7.647598654022637E-4,"B4_vs_A1":0.9996878901373284,"B4_vs_A2":0.5,"B4_vs_A3":0.5,"B5_vs_A1":0.9996878901373284,"B5_vs_A2":0.5,"B5_vs_A3":0.5,"B6_vs_A1":0.9996878901373284,"B6_vs_A2":0.5,"B6_vs_A3":0.5,"B7_vs_A1":0.9996878901373284,"B7_vs_A2":0.5,"B7_vs_A3":0.5,"B8_vs_A1":0.9996878901373284,"B8_vs_A2":0.5,"B8_vs_A3":0.5,"B9_vs_A1":0.9996878901373284,"B9_vs_A2":0.5,"B9_vs_A3":0.5},"repair_runtimes_ms":{"A1":90,"A2":4929,"A3":404,"B1":695,"B2":1712,"B3":4067,"B4":69,"B5":5376,"B6":1893,"B7":109,"B8":1115,"B9":322}}

--- stderr ---
SingleTrialExperiment starting: ontology=/workspaces/ontologyutils-ekaw26/repair-power-index-replication-ekaw26/ontologies/inconsistent/SLEEP.owl, seed=397678, run_id=20260624134028346645
Loaded ontology.
Normalizing ontology with SROIQ normalization...
Normalized ontology with SROIQ normalization.
Ontology is already inconsistent, skipping make-inconsistent step.
Repairing with A1 (random-removal)...
[2026-06-26 12:47:22.682] Checking precondition...
[2026-06-26 12:47:22.701] Starting the repair...
[2026-06-26 12:47:22.709] Found 172 possible bad axioms.
[2026-06-26 12:47:22.711] Selected the bad axiom SubClassOf(LifestylePattern AffectingFactor).
[2026-06-26 12:47:22.715] Found 171 possible bad axioms.
[2026-06-26 12:47:22.716] Selected the bad axiom SubClassOf(CentralDisordersOfHypersomnolence SleepDisorder).
[2026-06-26 12:47:22.720] Found 170 possible bad axioms.
[2026-06-26 12:47:22.720] Selected the bad axiom SubClassOf(Anxiety DepressedMood).
[2026-06-26 12:47:22.724] Found 169 possible bad axioms.
[2026-06-26 12:47:22.724] Selected the bad axiom SubClassOf(SleepPattern NormalSleepWakePattern).
[2026-06-26 12:47:22.726] Found 168 possible bad axioms.
[2026-06-26 12:47:22.727] Selected the bad axiom SubClassOf(ChronicInsomniaDisorder ShortTermInsomniaDisorder).
[2026-06-26 12:47:22.734] Found 167 possible bad axioms.
[2026-06-26 12:47:22.734] Selected the bad axiom SubClassOf(CaffeinConsumption NicotineConsumption).
[2026-06-26 12:47:22.737] Found 166 possible bad axioms.
[2026-06-26 12:47:22.738] Selected the bad axiom SubClassOf(ShiftWork LifestylePattern).
[2026-06-26 12:47:22.741] Found 165 possible bad axioms.
[2026-06-26 12:47:22.741] Selected the bad axiom SubClassOf(Pain Pruritus).
[2026-06-26 12:47:22.744] Found 164 possible bad axioms.
[2026-06-26 12:47:22.744] Selected the bad axiom SubClassOf(FootBathing Meditation).
[2026-06-26 12:47:22.748] Found 163 possible bad axioms.
[2026-06-26 12:47:22.748] Selected the bad axiom SubClassOf(Polysomnography Electromyography).
[2026-06-26 12:47:22.752] Found 162 possible bad axioms.
[2026-06-26 12:47:22.752] Selected the bad axiom SubClassOf(SleepDisorder Sleep).
[2026-06-26 12:47:22.759] Found 161 possible bad axioms.
[2026-06-26 12:47:22.759] Selected the bad axiom SubClassOf(StageIV StageII).
[2026-06-26 12:47:22.762] Found 160 possible bad axioms.
[2026-06-26 12:47:22.762] Selected the bad axiom SubClassOf(ShortTermInsomniaDisorder ChronicInsomniaDisorder).
[2026-06-26 12:47:22.765] Found 159 possible bad axioms.
[2026-06-26 12:47:22.765] Selected the bad axiom SubClassOf(NormalSleepWakePattern SleepPattern).
[2026-06-26 12:47:22.768] Finished repairing the ontology.
Repairing with A2 (not-in-largest-mcs-removal)...
[2026-06-26 12:47:22.769] Checking precondition...
[2026-06-26 12:47:22.778] Starting the repair...
[2026-06-26 12:47:27.697] Found 4 possible bad axioms.
[2026-06-26 12:47:27.697] Selected the bad axiom SubClassOf(owl:Thing NormalSleepWakePattern).
[2026-06-26 12:47:27.69
...[truncated]
SUCCESS: attempt=29 seed=397678 success_count=29/100
progress: ontology=SLEEP attempt=29 success=29/100
----- SLEEP attempt=30 seed=411878 at 2026-06-26 12:47:43 -----
--- stdout ---
{"seed":411878,"run_id":"20260624134028346645","trial_status":"success","error_type":null,"failure_stage":null,"error_message":null,"iic_values":{"B1_vs_A1":0.9734422880490297,"B1_vs_A2":0.998776758409786,"B1_vs_A3":0.9987579568390001,"B2_vs_A1":0.2716422928223231,"B2_vs_A2":1.0,"B2_vs_A3":0.5,"B3_vs_A1":1.0,"B3_vs_A2":0.9992466475817388,"B3_vs_A3":0.9992352401345977,"B4_vs_A1":1.0,"B4_vs_A2":0.9992466475817388,"B4_vs_A3":0.9992352401345977,"B5_vs_A1":1.0,"B5_vs_A2":0.9992466475817388,"B5_vs_A3":0.9992352401345977,"B6_vs_A1":1.0,"B6_vs_A2":0.9992466475817388,"B6_vs_A3":0.9992352401345977,"B7_vs_A1":1.0,"B7_vs_A2":0.9992466475817388,"B7_vs_A3":0.9992352401345977,"B8_vs_A1":1.0,"B8_vs_A2":0.9992466475817388,"B8_vs_A3":0.9992352401345977,"B9_vs_A1":1.0,"B9_vs_A2":0.9992466475817388,"B9_vs_A3":0.9992352401345977},"repair_runtimes_ms":{"A1":179,"A2":4847,"A3":407,"B1":356,"B2":5699,"B3":2214,"B4":76,"B5":428,"B6":285,"B7":104,"B8":1107,"B9":711}}

--- stderr ---
SingleTrialExperiment starting: ontology=/workspaces/ontologyutils-ekaw26/repair-power-index-replication-ekaw26/ontologies/inconsistent/SLEEP.owl, seed=411878, run_id=20260624134028346645
Loaded ontology.
Normalizing ontology with SROIQ normalization...
Normalized ontology with SROIQ normalization.
Ontology is already inconsistent, skipping make-inconsistent step.
Repairing with A1 (random-removal)...
[2026-06-26 12:47:44.274] Checking precondition...
[2026-06-26 12:47:44.290] Starting the repair...
[2026-06-26 12:47:44.296] Found 172 possible bad axioms.
[2026-06-26 12:47:44.298] Selected the bad axiom SubClassOf(PulseOximetry Electrooculography).
[2026-06-26 12:47:44.303] Found 171 possible bad axioms.
[2026-06-26 12:47:44.303] Selected the bad axiom SubClassOf(CaffeinConsumption NicotineConsumption).
[2026-06-26 12:47:44.307] Found 170 possible bad axioms.
[2026-06-26 12:47:44.307] Selected the bad axiom SubClassOf(CircadianRhythmSleepWakeDisorders SleepDisorder).
[2026-06-26 12:47:44.310] Found 169 possible bad axioms.
[2026-06-26 12:47:44.311] Selected the bad axiom SubClassOf(DaytimePhysicalActivity LifestylePattern).
[2026-06-26 12:47:44.313] Found 168 possible bad axioms.
[2026-06-26 12:47:44.314] Selected the bad axiom SubClassOf(PulseOximetry owl:Nothing).
[2026-06-26 12:47:44.321] Found 167 possible bad axioms.
[2026-06-26 12:47:44.321] Selected the bad axiom SubClassOf(Electrooculography Polysomnography).
[2026-06-26 12:47:44.324] Found 166 possible bad axioms.
[2026-06-26 12:47:44.325] Selected the bad axiom SubClassOf(AttributeOfSleep NormalSleepWakePattern).
[2026-06-26 12:47:44.327] Found 165 possible bad axioms.
[2026-06-26 12:47:44.328] Selected the bad axiom SubClassOf(Electrocardiography Polysomnography).
[2026-06-26 12:47:44.331] Found 164 possible bad axioms.
[2026-06-26 12:47:44.331] Selected the bad axiom SubClassOf(BedtimeRitual AffectingFactor).
[2026-06-26 12:47:44.334] Found 163 possible bad axioms.
[2026-06-26 12:47:44.334] Selected the bad axiom SubClassOf(MedicineOrSupplement SleepAid).
[2026-06-26 12:47:44.336] Found 162 possible bad axioms.
[2026-06-26 12:47:44.337] Selected the bad axiom SubClassOf(DepressedMood PsychologicalFactor).
[2026-06-26 12:47:44.344] Found 161 possible bad axioms.
[2026-06-26 12:47:44.344] Selected the bad axiom SubClassOf(PulseOximetry Polysomnography).
[2026-06-26 12:47:44.347] Found 160 possible bad axioms.
[2026-06-26 12:47:44.347] Selected the bad axiom SubClassOf(Electroencephalography Electrooculography).
[2026-06-26 12:47:44.350] Found 159 possible bad axioms.
[2026-06-26 12:47:44.350] Selected the bad axiom SubClassOf(CaffeinConsumption LifestylePattern).
[2026-06-26 12:47:44.353] Found 158 possible bad axioms.
[2026-06-26 12:47:44.353] Selected the bad axiom SubClassOf(SleepContinuity PoorSleepPattern).
[2026-06-26 12:47:44.355] Found 157 possible bad axioms.
[2026-06-26 12:47:44.356] Selected the bad axiom SubClassOf(TimeOfWakingUp TimeOfFallingAsleep).
[2026-06-26 12:47:44.36
...[truncated]
SUCCESS: attempt=30 seed=411878 success_count=30/100
progress: ontology=SLEEP attempt=30 success=30/100
----- SLEEP attempt=31 seed=426078 at 2026-06-26 12:48:01 -----
--- stdout ---
{"seed":426078,"run_id":"20260624134028346645","trial_status":"success","error_type":null,"failure_stage":null,"error_message":null,"iic_values":{"B1_vs_A1":0.9997189432265318,"B1_vs_A2":0.999317095379012,"B1_vs_A3":0.5,"B2_vs_A1":0.045889440113394755,"B2_vs_A2":1.0,"B2_vs_A3":8.049678012879485E-4,"B3_vs_A1":1.0,"B3_vs_A2":0.9988493844206651,"B3_vs_A3":0.009523809523809525,"B4_vs_A1":0.9997189432265318,"B4_vs_A2":0.999317095379012,"B4_vs_A3":0.5,"B5_vs_A1":0.9997189432265318,"B5_vs_A2":0.999317095379012,"B5_vs_A3":0.5,"B6_vs_A1":0.9997189432265318,"B6_vs_A2":0.999317095379012,"B6_vs_A3":0.5,"B7_vs_A1":0.9997189432265318,"B7_vs_A2":0.999317095379012,"B7_vs_A3":0.5,"B8_vs_A1":0.9997189432265318,"B8_vs_A2":0.999317095379012,"B8_vs_A3":0.5,"B9_vs_A1":0.9997189432265318,"B9_vs_A2":0.999317095379012,"B9_vs_A3":0.5},"repair_runtimes_ms":{"A1":139,"A2":4919,"A3":737,"B1":349,"B2":5602,"B3":890,"B4":58,"B5":3181,"B6":431,"B7":111,"B8":5251,"B9":1945}}

--- stderr ---
SingleTrialExperiment starting: ontology=/workspaces/ontologyutils-ekaw26/repair-power-index-replication-ekaw26/ontologies/inconsistent/SLEEP.owl, seed=426078, run_id=20260624134028346645
Loaded ontology.
Normalizing ontology with SROIQ normalization...
Normalized ontology with SROIQ normalization.
Ontology is already inconsistent, skipping make-inconsistent step.
Repairing with A1 (random-removal)...
[2026-06-26 12:48:02.135] Checking precondition...
[2026-06-26 12:48:02.150] Starting the repair...
[2026-06-26 12:48:02.158] Found 172 possible bad axioms.
[2026-06-26 12:48:02.159] Selected the bad axiom SubClassOf(ShiftWork LifestylePattern).
[2026-06-26 12:48:02.164] Found 171 possible bad axioms.
[2026-06-26 12:48:02.164] Selected the bad axiom SubClassOf(DelayedSleepPhaseSyndrome(DSPS) ChronicSleepWakeRhythmDisorder).
[2026-06-26 12:48:02.168] Found 170 possible bad axioms.
[2026-06-26 12:48:02.168] Selected the bad axiom SubClassOf(UsingSmartphone BedtimeRitual).
[2026-06-26 12:48:02.172] Found 169 possible bad axioms.
[2026-06-26 12:48:02.172] Selected the bad axiom SubClassOf(SleepSchedule AttributeOfSleep).
[2026-06-26 12:48:02.179] Found 168 possible bad axioms.
[2026-06-26 12:48:02.179] Selected the bad axiom SubClassOf(Meditation ListeningToWhiteNoise).
[2026-06-26 12:48:02.182] Found 167 possible bad axioms.
[2026-06-26 12:48:02.182] Selected the bad axiom SubClassOf(BedtimeRitual AffectingFactor).
[2026-06-26 12:48:02.184] Found 166 possible bad axioms.
[2026-06-26 12:48:02.185] Selected the bad axiom SubClassOf(CircadianRhythmSleepWakeDisorders SleepDisorder).
[2026-06-26 12:48:02.188] Found 165 possible bad axioms.
[2026-06-26 12:48:02.189] Selected the bad axiom SubClassOf(LifestylePattern owl:Nothing).
[2026-06-26 12:48:02.192] Found 164 possible bad axioms.
[2026-06-26 12:48:02.193] Selected the bad axiom SubClassOf(StageIV NonRapidEyeMovement).
[2026-06-26 12:48:02.195] Found 163 possible bad axioms.
[2026-06-26 12:48:02.195] Selected the bad axiom SubClassOf(Narcolepsy CentralDisordersOfHypersomnolence).
[2026-06-26 12:48:02.198] Found 162 possible bad axioms.
[2026-06-26 12:48:02.198] Selected the bad axiom SubClassOf(AttributeOfSleep Sleep).
[2026-06-26 12:48:02.206] Found 161 possible bad axioms.
[2026-06-26 12:48:02.206] Selected the bad axiom SubClassOf(AbnormalSleepPattern SleepPattern).
[2026-06-26 12:48:02.209] Found 160 possible bad axioms.
[2026-06-26 12:48:02.210] Selected the bad axiom SubClassOf(Meditation BedtimeRitual).
[2026-06-26 12:48:02.212] Found 159 possible bad axioms.
[2026-06-26 12:48:02.212] Selected the bad axiom SubClassOf(StageIV StageII).
[2026-06-26 12:48:02.214] Found 158 possible bad axioms.
[2026-06-26 12:48:02.214] Selected the bad axiom SubClassOf(SleepAssessmentTest Sleep).
[2026-06-26 12:48:02.217] Found 157 possible bad axioms.
[2026-06-26 12:48:02.217] Selected the bad axiom SubClassOf(StretchingExercise ListeningToWhiteNoise).
[2026-06-26 12:48:02.223] Found 156 possible bad axioms.
[2026
...[truncated]
SUCCESS: attempt=31 seed=426078 success_count=31/100
progress: ontology=SLEEP attempt=31 success=31/100
----- SLEEP attempt=32 seed=440278 at 2026-06-26 12:48:26 -----
--- stdout ---
{"seed":440278,"run_id":"20260624134028346645","trial_status":"success","error_type":null,"failure_stage":null,"error_message":null,"iic_values":{"B1_vs_A1":0.5043973098810139,"B1_vs_A2":0.5,"B1_vs_A3":7.533524182612626E-4,"B2_vs_A1":0.9996999249812453,"B2_vs_A2":0.9992466475817388,"B2_vs_A3":0.5,"B3_vs_A1":0.24133504492939667,"B3_vs_A2":0.07044025157232704,"B3_vs_A3":6.906077348066298E-4,"B4_vs_A1":0.9996999249812453,"B4_vs_A2":0.9992466475817388,"B4_vs_A3":0.5,"B5_vs_A1":0.9996999249812453,"B5_vs_A2":0.9992466475817388,"B5_vs_A3":0.5,"B6_vs_A1":0.9996999249812453,"B6_vs_A2":0.9992466475817388,"B6_vs_A3":0.5,"B7_vs_A1":0.9996999249812453,"B7_vs_A2":0.9992466475817388,"B7_vs_A3":0.5,"B8_vs_A1":0.9996999249812453,"B8_vs_A2":0.9992466475817388,"B8_vs_A3":0.5,"B9_vs_A1":0.9996999249812453,"B9_vs_A2":0.9992466475817388,"B9_vs_A3":0.5},"repair_runtimes_ms":{"A1":213,"A2":4895,"A3":894,"B1":367,"B2":1386,"B3":4040,"B4":66,"B5":820,"B6":1879,"B7":103,"B8":750,"B9":3841}}

--- stderr ---
SingleTrialExperiment starting: ontology=/workspaces/ontologyutils-ekaw26/repair-power-index-replication-ekaw26/ontologies/inconsistent/SLEEP.owl, seed=440278, run_id=20260624134028346645
Loaded ontology.
Normalizing ontology with SROIQ normalization...
Normalized ontology with SROIQ normalization.
Ontology is already inconsistent, skipping make-inconsistent step.
Repairing with A1 (random-removal)...
[2026-06-26 12:48:26.644] Checking precondition...
[2026-06-26 12:48:26.660] Starting the repair...
[2026-06-26 12:48:26.667] Found 172 possible bad axioms.
[2026-06-26 12:48:26.668] Selected the bad axiom SubClassOf(EffectsOfPoorSleep TimeOfWakingUp).
[2026-06-26 12:48:26.673] Found 171 possible bad axioms.
[2026-06-26 12:48:26.673] Selected the bad axiom SubClassOf(RapidEyeMovement SleepStage).
[2026-06-26 12:48:26.677] Found 170 possible bad axioms.
[2026-06-26 12:48:26.677] Selected the bad axiom SubClassOf(Pruritus Pain).
[2026-06-26 12:48:26.681] Found 169 possible bad axioms.
[2026-06-26 12:48:26.681] Selected the bad axiom SubClassOf(SleepRelatedGroaning OtherParasomnias).
[2026-06-26 12:48:26.687] Found 168 possible bad axioms.
[2026-06-26 12:48:26.688] Selected the bad axiom SubClassOf(Polysomnography Electromyography).
[2026-06-26 12:48:26.691] Found 167 possible bad axioms.
[2026-06-26 12:48:26.691] Selected the bad axiom SubClassOf(ChronicInsomniaDisorder Insomnia).
[2026-06-26 12:48:26.694] Found 166 possible bad axioms.
[2026-06-26 12:48:26.694] Selected the bad axiom SubClassOf(CentralDisordersOfHypersomnolence SleepDisorder).
[2026-06-26 12:48:26.697] Found 165 possible bad axioms.
[2026-06-26 12:48:26.697] Selected the bad axiom SubClassOf(PulseOximetry Polysomnography).
[2026-06-26 12:48:26.701] Found 164 possible bad axioms.
[2026-06-26 12:48:26.701] Selected the bad axiom SubClassOf(SleepAid AffectingFactor).
[2026-06-26 12:48:26.704] Found 163 possible bad axioms.
[2026-06-26 12:48:26.704] Selected the bad axiom SubClassOf(EffectsOfPoorSleep SleepSchedule).
[2026-06-26 12:48:26.707] Found 162 possible bad axioms.
[2026-06-26 12:48:26.707] Selected the bad axiom SubClassOf(DelayedSleepPhaseSyndrome(DSPS) ChronicSleepWakeRhythmDisorder).
[2026-06-26 12:48:26.715] Found 161 possible bad axioms.
[2026-06-26 12:48:26.716] Selected the bad axiom SubClassOf(Pruritus PhysicalFactor).
[2026-06-26 12:48:26.718] Found 160 possible bad axioms.
[2026-06-26 12:48:26.719] Selected the bad axiom SubClassOf(TimeOfFallingAsleep SleepSchedule).
[2026-06-26 12:48:26.721] Found 159 possible bad axioms.
[2026-06-26 12:48:26.721] Selected the bad axiom SubClassOf(StageI StageIV).
[2026-06-26 12:48:26.724] Found 158 possible bad axioms.
[2026-06-26 12:48:26.724] Selected the bad axiom SubClassOf(EffectsOfPoorSleep Sleep).
[2026-06-26 12:48:26.727] Found 157 possible bad axioms.
[2026-06-26 12:48:26.727] Selected the bad axiom SubClassOf(SleepRelatedHallucinations OtherParasomnias).
[2026-06-26 12:48:26.733] Found 156 possible bad axioms.
[2026-06-26 1
...[truncated]
SUCCESS: attempt=32 seed=440278 success_count=32/100
progress: ontology=SLEEP attempt=32 success=32/100
----- SLEEP attempt=33 seed=454478 at 2026-06-26 12:48:46 -----
--- stdout ---
{"seed":454478,"run_id":"20260624134028346645","trial_status":"success","error_type":null,"failure_stage":null,"error_message":null,"iic_values":{"B1_vs_A1":0.9993173284787803,"B1_vs_A2":0.9904761904761905,"B1_vs_A3":0.9992354740061162,"B2_vs_A1":0.9694323144104804,"B2_vs_A2":0.0012232415902140672,"B2_vs_A3":0.0,"B3_vs_A1":0.9993173284787803,"B3_vs_A2":0.9904761904761905,"B3_vs_A3":0.9992354740061162,"B4_vs_A1":0.9993173284787803,"B4_vs_A2":0.9904761904761905,"B4_vs_A3":0.9992354740061162,"B5_vs_A1":0.9993173284787803,"B5_vs_A2":0.9904761904761905,"B5_vs_A3":0.9992354740061162,"B6_vs_A1":0.9993173284787803,"B6_vs_A2":0.9904761904761905,"B6_vs_A3":0.9992354740061162,"B7_vs_A1":0.9993173284787803,"B7_vs_A2":0.9904761904761905,"B7_vs_A3":0.9992354740061162,"B8_vs_A1":0.9993173284787803,"B8_vs_A2":0.9904761904761905,"B8_vs_A3":0.9992354740061162,"B9_vs_A1":0.9993173284787803,"B9_vs_A2":0.9904761904761905,"B9_vs_A3":0.9992354740061162},"repair_runtimes_ms":{"A1":61,"A2":4963,"A3":410,"B1":679,"B2":5743,"B3":745,"B4":68,"B5":971,"B6":488,"B7":147,"B8":885,"B9":723}}

--- stderr ---
SingleTrialExperiment starting: ontology=/workspaces/ontologyutils-ekaw26/repair-power-index-replication-ekaw26/ontologies/inconsistent/SLEEP.owl, seed=454478, run_id=20260624134028346645
Loaded ontology.
Normalizing ontology with SROIQ normalization...
Normalized ontology with SROIQ normalization.
Ontology is already inconsistent, skipping make-inconsistent step.
Repairing with A1 (random-removal)...
[2026-06-26 12:48:46.682] Checking precondition...
[2026-06-26 12:48:46.698] Starting the repair...
[2026-06-26 12:48:46.706] Found 172 possible bad axioms.
[2026-06-26 12:48:46.707] Selected the bad axiom SubClassOf(SleepingSpace EnvironmentalFactor).
[2026-06-26 12:48:46.712] Found 171 possible bad axioms.
[2026-06-26 12:48:46.712] Selected the bad axiom SubClassOf(TimeOfFallingAsleep SleepSchedule).
[2026-06-26 12:48:46.716] Found 170 possible bad axioms.
[2026-06-26 12:48:46.717] Selected the bad axiom SubClassOf(SleepPattern NormalSleepWakePattern).
[2026-06-26 12:48:46.720] Found 169 possible bad axioms.
[2026-06-26 12:48:46.720] Selected the bad axiom SubClassOf(StretchingExercise BedtimeRitual).
[2026-06-26 12:48:46.728] Found 168 possible bad axioms.
[2026-06-26 12:48:46.728] Selected the bad axiom SubClassOf(EffectsOfPoorSleep Sleep).
[2026-06-26 12:48:46.732] Found 167 possible bad axioms.
[2026-06-26 12:48:46.732] Selected the bad axiom SubClassOf(AttributeOfSleep Sleep).
[2026-06-26 12:48:46.734] Found 166 possible bad axioms.
[2026-06-26 12:48:46.735] Selected the bad axiom SubClassOf(AffectingFactor owl:Nothing).
[2026-06-26 12:48:46.738] Finished repairing the ontology.
Repairing with A2 (not-in-largest-mcs-removal)...
[2026-06-26 12:48:46.739] Checking precondition...
[2026-06-26 12:48:46.747] Starting the repair...
[2026-06-26 12:48:51.700] Found 4 possible bad axioms.
[2026-06-26 12:48:51.700] Selected the bad axiom SubClassOf(NormalSleepWakePattern SleepPattern).
[2026-06-26 12:48:51.702] Finished repairing the ontology.
Repairing with A3 (default-weakening)...
[2026-06-26 12:48:51.703] Checking precondition...
[2026-06-26 12:48:51.705] Starting the repair...
[2026-06-26 12:48:51.716] Selected a reference ontology with 275 axioms.
[2026-06-26 12:48:52.066] Selected the bad axiom SubClassOf(AttributeOfSleep AffectingFactor).
[2026-06-26 12:48:52.111] Selected the weaker axiom SubClassOf(WakeAfterSleepOnset(WASO) AffectingFactor).
[2026-06-26 12:48:52.113] Finished repairing the ontology.
Repairing with B1 (bad-in_some_mus-weaker-random)...
[2026-06-26 12:48:52.114] Checking precondition...
[2026-06-26 12:48:52.115] Starting the repair...
[2026-06-26 12:48:52.124] Selected a reference ontology with 275 axioms.
[2026-06-26 12:48:52.449] Selected the bad axiom SubClassOf(NormalSleepWakePattern SleepPattern).
[2026-06-26 12:48:52.482] Selected the weaker axiom SubClassOf(NormalSleepWakePattern DaytimePhysicalActivity).
[2026-06-26 12:48:52.789] Selected the bad axiom SubClassOf(owl:Thing NormalSleepWakePattern).
[2026-06-26 12:48:52.7
...[truncated]
SUCCESS: attempt=33 seed=454478 success_count=33/100
progress: ontology=SLEEP attempt=33 success=33/100
----- SLEEP attempt=34 seed=468678 at 2026-06-26 12:49:03 -----
--- stdout ---
{"seed":468678,"run_id":"20260624134028346645","trial_status":"success","error_type":null,"failure_stage":null,"error_message":null,"iic_values":{"B1_vs_A1":0.05893794981521105,"B1_vs_A2":0.0013948622573520864,"B1_vs_A3":0.0013948622573520864,"B2_vs_A1":0.9755409219190969,"B2_vs_A2":0.5,"B2_vs_A3":0.5,"B3_vs_A1":0.227262313860252,"B3_vs_A2":0.0012420431609998447,"B3_vs_A3":0.0012420431609998447,"B4_vs_A1":1.0,"B4_vs_A2":0.9904761904761905,"B4_vs_A3":0.9904761904761905,"B5_vs_A1":1.0,"B5_vs_A2":0.9904761904761905,"B5_vs_A3":0.9904761904761905,"B6_vs_A1":1.0,"B6_vs_A2":0.9904761904761905,"B6_vs_A3":0.9904761904761905,"B7_vs_A1":1.0,"B7_vs_A2":0.9904761904761905,"B7_vs_A3":0.9904761904761905,"B8_vs_A1":1.0,"B8_vs_A2":0.9904761904761905,"B8_vs_A3":0.9904761904761905,"B9_vs_A1":1.0,"B9_vs_A2":0.9904761904761905,"B9_vs_A3":0.9904761904761905},"repair_runtimes_ms":{"A1":104,"A2":4933,"A3":414,"B1":368,"B2":1355,"B3":1000,"B4":72,"B5":5461,"B6":497,"B7":107,"B8":3050,"B9":608}}

--- stderr ---
SingleTrialExperiment starting: ontology=/workspaces/ontologyutils-ekaw26/repair-power-index-replication-ekaw26/ontologies/inconsistent/SLEEP.owl, seed=468678, run_id=20260624134028346645
Loaded ontology.
Normalizing ontology with SROIQ normalization...
Normalized ontology with SROIQ normalization.
Ontology is already inconsistent, skipping make-inconsistent step.
Repairing with A1 (random-removal)...
[2026-06-26 12:49:03.367] Checking precondition...
[2026-06-26 12:49:03.383] Starting the repair...
[2026-06-26 12:49:03.390] Found 172 possible bad axioms.
[2026-06-26 12:49:03.392] Selected the bad axiom SubClassOf(SleepRelatedMovementDisorders SleepDisorder).
[2026-06-26 12:49:03.397] Found 171 possible bad axioms.
[2026-06-26 12:49:03.397] Selected the bad axiom SubClassOf(TotalSleepTime AttributeOfSleep).
[2026-06-26 12:49:03.401] Found 170 possible bad axioms.
[2026-06-26 12:49:03.401] Selected the bad axiom SubClassOf(SleepStage SleepPattern).
[2026-06-26 12:49:03.404] Found 169 possible bad axioms.
[2026-06-26 12:49:03.404] Selected the bad axiom SubClassOf(Lighting SleepingSpace).
[2026-06-26 12:49:03.411] Found 168 possible bad axioms.
[2026-06-26 12:49:03.412] Selected the bad axiom SubClassOf(Pain PhysicalFactor).
[2026-06-26 12:49:03.415] Found 167 possible bad axioms.
[2026-06-26 12:49:03.415] Selected the bad axiom SubClassOf(AttributeOfSleep NormalSleepWakePattern).
[2026-06-26 12:49:03.418] Found 166 possible bad axioms.
[2026-06-26 12:49:03.418] Selected the bad axiom SubClassOf(BedtimeRitual AffectingFactor).
[2026-06-26 12:49:03.421] Found 165 possible bad axioms.
[2026-06-26 12:49:03.421] Selected the bad axiom SubClassOf(Meditation BedtimeRitual).
[2026-06-26 12:49:03.425] Found 164 possible bad axioms.
[2026-06-26 12:49:03.425] Selected the bad axiom SubClassOf(EffectsOfPoorSleep Sleep).
[2026-06-26 12:49:03.428] Found 163 possible bad axioms.
[2026-06-26 12:49:03.428] Selected the bad axiom SubClassOf(Noise EnvironmentalFactor).
[2026-06-26 12:49:03.432] Found 162 possible bad axioms.
[2026-06-26 12:49:03.432] Selected the bad axiom SubClassOf(Electrooculography Electroencephalography).
[2026-06-26 12:49:03.439] Found 161 possible bad axioms.
[2026-06-26 12:49:03.440] Selected the bad axiom SubClassOf(SleepPattern SleepQuality).
[2026-06-26 12:49:03.442] Found 160 possible bad axioms.
[2026-06-26 12:49:03.442] Selected the bad axiom SubClassOf(REMRelatedParasomnias Parasomnias).
[2026-06-26 12:49:03.444] Found 159 possible bad axioms.
[2026-06-26 12:49:03.445] Selected the bad axiom SubClassOf(SleepRelatedBreathingDisorders SleepRelatedHypoventilationDisorders).
[2026-06-26 12:49:03.447] Found 158 possible bad axioms.
[2026-06-26 12:49:03.447] Selected the bad axiom SubClassOf(CaffeinConsumption LifestylePattern).
[2026-06-26 12:49:03.450] Found 157 possible bad axioms.
[2026-06-26 12:49:03.450] Selected the bad axiom SubClassOf(SleepContinuity PoorSleepPattern).
[2026-06-26 12:49:03.459] Found 156 possible bad axioms.
[2026-
...[truncated]
SUCCESS: attempt=34 seed=468678 success_count=34/100
progress: ontology=SLEEP attempt=34 success=34/100
----- SLEEP attempt=35 seed=482878 at 2026-06-26 12:49:21 -----
--- stdout ---
{"seed":482878,"run_id":"20260624134028346645","trial_status":"success","error_type":null,"failure_stage":null,"error_message":null,"iic_values":{"B1_vs_A1":1.0,"B1_vs_A2":0.002406449284081338,"B1_vs_A3":0.1405384006334125,"B2_vs_A1":0.9757809757809758,"B2_vs_A2":0.0012420431609998447,"B2_vs_A3":0.5903614457831325,"B3_vs_A1":0.9993514214679494,"B3_vs_A2":0.9904761904761905,"B3_vs_A3":0.9990867579908675,"B4_vs_A1":0.9993514214679494,"B4_vs_A2":0.9904761904761905,"B4_vs_A3":0.9990867579908675,"B5_vs_A1":0.9993514214679494,"B5_vs_A2":0.9904761904761905,"B5_vs_A3":0.9990867579908675,"B6_vs_A1":0.9993514214679494,"B6_vs_A2":0.9904761904761905,"B6_vs_A3":0.9990867579908675,"B7_vs_A1":0.9993514214679494,"B7_vs_A2":0.9904761904761905,"B7_vs_A3":0.9990867579908675,"B8_vs_A1":0.9993514214679494,"B8_vs_A2":0.9904761904761905,"B8_vs_A3":0.9990867579908675,"B9_vs_A1":0.9993514214679494,"B9_vs_A2":0.9904761904761905,"B9_vs_A3":0.9990867579908675},"repair_runtimes_ms":{"A1":159,"A2":4911,"A3":411,"B1":362,"B2":3140,"B3":810,"B4":81,"B5":3026,"B6":3609,"B7":129,"B8":871,"B9":260}}

--- stderr ---
SingleTrialExperiment starting: ontology=/workspaces/ontologyutils-ekaw26/repair-power-index-replication-ekaw26/ontologies/inconsistent/SLEEP.owl, seed=482878, run_id=20260624134028346645
Loaded ontology.
Normalizing ontology with SROIQ normalization...
Normalized ontology with SROIQ normalization.
Ontology is already inconsistent, skipping make-inconsistent step.
Repairing with A1 (random-removal)...
[2026-06-26 12:49:22.196] Checking precondition...
[2026-06-26 12:49:22.211] Starting the repair...
[2026-06-26 12:49:22.219] Found 172 possible bad axioms.
[2026-06-26 12:49:22.221] Selected the bad axiom SubClassOf(Anxiety PsychologicalFactor).
[2026-06-26 12:49:22.225] Found 171 possible bad axioms.
[2026-06-26 12:49:22.226] Selected the bad axiom SubClassOf(TimeOfGoingToBed SleepSchedule).
[2026-06-26 12:49:22.229] Found 170 possible bad axioms.
[2026-06-26 12:49:22.229] Selected the bad axiom SubClassOf(SleepRelatedEatingDisorder SleepRelatedGroaning).
[2026-06-26 12:49:22.233] Found 169 possible bad axioms.
[2026-06-26 12:49:22.233] Selected the bad axiom SubClassOf(Pruritus owl:Nothing).
[2026-06-26 12:49:22.236] Found 168 possible bad axioms.
[2026-06-26 12:49:22.236] Selected the bad axiom SubClassOf(Polysomnography Electromyography).
[2026-06-26 12:49:22.244] Found 167 possible bad axioms.
[2026-06-26 12:49:22.244] Selected the bad axiom SubClassOf(Temperature Noise).
[2026-06-26 12:49:22.247] Found 166 possible bad axioms.
[2026-06-26 12:49:22.247] Selected the bad axiom SubClassOf(SleepContinuity SleepQuality).
[2026-06-26 12:49:22.250] Found 165 possible bad axioms.
[2026-06-26 12:49:22.250] Selected the bad axiom SubClassOf(RapidEyeMovement SleepStage).
[2026-06-26 12:49:22.254] Found 164 possible bad axioms.
[2026-06-26 12:49:22.254] Selected the bad axiom SubClassOf(DaytimePhysicalActivity LifestylePattern).
[2026-06-26 12:49:22.257] Found 163 possible bad axioms.
[2026-06-26 12:49:22.257] Selected the bad axiom SubClassOf(StretchingExercise BedtimeRitual).
[2026-06-26 12:49:22.260] Found 162 possible bad axioms.
[2026-06-26 12:49:22.260] Selected the bad axiom SubClassOf(AdvancedSleepPhaseSyndrome(ASPS) ChronicSleepWakeRhythmDisorder).
[2026-06-26 12:49:22.267] Found 161 possible bad axioms.
[2026-06-26 12:49:22.267] Selected the bad axiom SubClassOf(SleepPattern NormalSleepWakePattern).
[2026-06-26 12:49:22.269] Found 160 possible bad axioms.
[2026-06-26 12:49:22.270] Selected the bad axiom SubClassOf(Narcolepsy IdiopathicHypersomnia).
[2026-06-26 12:49:22.272] Found 159 possible bad axioms.
[2026-06-26 12:49:22.273] Selected the bad axiom SubClassOf(Insomnia CircadianRhythmSleepWakeDisorders).
[2026-06-26 12:49:22.275] Found 158 possible bad axioms.
[2026-06-26 12:49:22.275] Selected the bad axiom SubClassOf(SleepStage SleepPattern).
[2026-06-26 12:49:22.278] Found 157 possible bad axioms.
[2026-06-26 12:49:22.278] Selected the bad axiom SubClassOf(Pruritus PhysicalFactor).
[2026-06-26 12:49:22.284] Found 156 possible bad axioms.

...[truncated]
SUCCESS: attempt=35 seed=482878 success_count=35/100
progress: ontology=SLEEP attempt=35 success=35/100
----- SLEEP attempt=36 seed=497078 at 2026-06-26 12:49:40 -----
--- stdout ---
{"seed":497078,"run_id":"20260624134028346645","trial_status":"success","error_type":null,"failure_stage":null,"error_message":null,"iic_values":{"B1_vs_A1":0.9996389891696751,"B1_vs_A2":0.999317095379012,"B1_vs_A3":0.9984175289105295,"B2_vs_A1":0.06437831467295227,"B2_vs_A2":1.0,"B2_vs_A3":0.1358936484490399,"B3_vs_A1":1.0,"B3_vs_A2":0.9988493844206651,"B3_vs_A3":0.99704942217851,"B4_vs_A1":0.9996389891696751,"B4_vs_A2":0.999317095379012,"B4_vs_A3":0.9984175289105295,"B5_vs_A1":0.9996389891696751,"B5_vs_A2":0.999317095379012,"B5_vs_A3":0.9984175289105295,"B6_vs_A1":0.9996389891696751,"B6_vs_A2":0.999317095379012,"B6_vs_A3":0.9984175289105295,"B7_vs_A1":0.9996389891696751,"B7_vs_A2":0.999317095379012,"B7_vs_A3":0.9984175289105295,"B8_vs_A1":0.9996389891696751,"B8_vs_A2":0.999317095379012,"B8_vs_A3":0.9984175289105295,"B9_vs_A1":0.9996389891696751,"B9_vs_A2":0.999317095379012,"B9_vs_A3":0.9984175289105295},"repair_runtimes_ms":{"A1":145,"A2":4934,"A3":412,"B1":359,"B2":3578,"B3":3962,"B4":153,"B5":2913,"B6":221,"B7":114,"B8":1226,"B9":786}}

--- stderr ---
SingleTrialExperiment starting: ontology=/workspaces/ontologyutils-ekaw26/repair-power-index-replication-ekaw26/ontologies/inconsistent/SLEEP.owl, seed=497078, run_id=20260624134028346645
Loaded ontology.
Normalizing ontology with SROIQ normalization...
Normalized ontology with SROIQ normalization.
Ontology is already inconsistent, skipping make-inconsistent step.
Repairing with A1 (random-removal)...
[2026-06-26 12:49:40.778] Checking precondition...
[2026-06-26 12:49:40.793] Starting the repair...
[2026-06-26 12:49:40.801] Found 172 possible bad axioms.
[2026-06-26 12:49:40.802] Selected the bad axiom SubClassOf(LifestylePattern owl:Nothing).
[2026-06-26 12:49:40.806] Found 171 possible bad axioms.
[2026-06-26 12:49:40.807] Selected the bad axiom SubClassOf(SleepDepth SleepQuality).
[2026-06-26 12:49:40.811] Found 170 possible bad axioms.
[2026-06-26 12:49:40.811] Selected the bad axiom SubClassOf(StageI StageIV).
[2026-06-26 12:49:40.814] Found 169 possible bad axioms.
[2026-06-26 12:49:40.815] Selected the bad axiom SubClassOf(CaffeinConsumption LifestylePattern).
[2026-06-26 12:49:40.822] Found 168 possible bad axioms.
[2026-06-26 12:49:40.822] Selected the bad axiom SubClassOf(SleepEnuresis OtherParasomnias).
[2026-06-26 12:49:40.825] Found 167 possible bad axioms.
[2026-06-26 12:49:40.825] Selected the bad axiom SubClassOf(ShiftWork LifestylePattern).
[2026-06-26 12:49:40.828] Found 166 possible bad axioms.
[2026-06-26 12:49:40.829] Selected the bad axiom SubClassOf(Polysomnography Electrooculography).
[2026-06-26 12:49:40.831] Found 165 possible bad axioms.
[2026-06-26 12:49:40.832] Selected the bad axiom SubClassOf(SleepRelatedHypoventilationDisorders SleepRelatedBreathingDisorders).
[2026-06-26 12:49:40.835] Found 164 possible bad axioms.
[2026-06-26 12:49:40.835] Selected the bad axiom SubClassOf(TimeOfWakingUp SleepSchedule).
[2026-06-26 12:49:40.839] Found 163 possible bad axioms.
[2026-06-26 12:49:40.839] Selected the bad axiom SubClassOf(Electrooculography Polysomnography).
[2026-06-26 12:49:40.842] Found 162 possible bad axioms.
[2026-06-26 12:49:40.842] Selected the bad axiom SubClassOf(LossOfCognitiveFunction EffectOnDailyFunction).
[2026-06-26 12:49:40.850] Found 161 possible bad axioms.
[2026-06-26 12:49:40.850] Selected the bad axiom SubClassOf(UsingSmartphone BedtimeRitual).
[2026-06-26 12:49:40.853] Found 160 possible bad axioms.
[2026-06-26 12:49:40.853] Selected the bad axiom SubClassOf(AttributeOfSleep Sleep).
[2026-06-26 12:49:40.856] Found 159 possible bad axioms.
[2026-06-26 12:49:40.856] Selected the bad axiom SubClassOf(AdvancedSleepPhaseSyndrome(ASPS) ChronicSleepWakeRhythmDisorder).
[2026-06-26 12:49:40.858] Found 158 possible bad axioms.
[2026-06-26 12:49:40.859] Selected the bad axiom SubClassOf(RapidEyeMovement SleepStage).
[2026-06-26 12:49:40.861] Found 157 possible bad axioms.
[2026-06-26 12:49:40.861] Selected the bad axiom SubClassOf(OtherParasomnias Parasomnias).
[2026-06-26 12:49:40.868] Found 156 possib
...[truncated]
SUCCESS: attempt=36 seed=497078 success_count=36/100
progress: ontology=SLEEP attempt=36 success=36/100
----- SLEEP attempt=37 seed=511278 at 2026-06-26 12:50:00 -----
--- stdout ---
{"seed":511278,"run_id":"20260624134028346645","trial_status":"success","error_type":null,"failure_stage":null,"error_message":null,"iic_values":{"B1_vs_A1":0.9991244710345834,"B1_vs_A2":0.998776758409786,"B1_vs_A3":0.009523809523809525,"B2_vs_A1":0.9994246260069045,"B2_vs_A2":0.9992466475817388,"B2_vs_A3":0.5,"B3_vs_A1":0.12704565030146425,"B3_vs_A2":0.07044025157232704,"B3_vs_A3":6.906077348066298E-4,"B4_vs_A1":0.9994246260069045,"B4_vs_A2":0.9992466475817388,"B4_vs_A3":0.5,"B5_vs_A1":0.9994246260069045,"B5_vs_A2":0.9992466475817388,"B5_vs_A3":0.5,"B6_vs_A1":0.9994246260069045,"B6_vs_A2":0.9992466475817388,"B6_vs_A3":0.5,"B7_vs_A1":0.9994246260069045,"B7_vs_A2":0.9992466475817388,"B7_vs_A3":0.5,"B8_vs_A1":0.9994246260069045,"B8_vs_A2":0.9992466475817388,"B8_vs_A3":0.5,"B9_vs_A1":0.9994246260069045,"B9_vs_A2":0.9992466475817388,"B9_vs_A3":0.5},"repair_runtimes_ms":{"A1":137,"A2":4886,"A3":411,"B1":608,"B2":3790,"B3":4007,"B4":78,"B5":772,"B6":278,"B7":111,"B8":5494,"B9":723}}

--- stderr ---
SingleTrialExperiment starting: ontology=/workspaces/ontologyutils-ekaw26/repair-power-index-replication-ekaw26/ontologies/inconsistent/SLEEP.owl, seed=511278, run_id=20260624134028346645
Loaded ontology.
Normalizing ontology with SROIQ normalization...
Normalized ontology with SROIQ normalization.
Ontology is already inconsistent, skipping make-inconsistent step.
Repairing with A1 (random-removal)...
[2026-06-26 12:50:00.376] Checking precondition...
[2026-06-26 12:50:00.392] Starting the repair...
[2026-06-26 12:50:00.399] Found 172 possible bad axioms.
[2026-06-26 12:50:00.400] Selected the bad axiom SubClassOf(EffectsOfPoorSleep TimeOfFallingAsleep).
[2026-06-26 12:50:00.405] Found 171 possible bad axioms.
[2026-06-26 12:50:00.406] Selected the bad axiom SubClassOf(SleepEnuresis OtherParasomnias).
[2026-06-26 12:50:00.409] Found 170 possible bad axioms.
[2026-06-26 12:50:00.410] Selected the bad axiom SubClassOf(Polysomnography Electrooculography).
[2026-06-26 12:50:00.413] Found 169 possible bad axioms.
[2026-06-26 12:50:00.413] Selected the bad axiom SubClassOf(SleepRelatedEatingDisorder OtherParasomnias).
[2026-06-26 12:50:00.420] Found 168 possible bad axioms.
[2026-06-26 12:50:00.420] Selected the bad axiom SubClassOf(Electroencephalography Electrooculography).
[2026-06-26 12:50:00.424] Found 167 possible bad axioms.
[2026-06-26 12:50:00.424] Selected the bad axiom SubClassOf(Electrocardiography Polysomnography).
[2026-06-26 12:50:00.427] Found 166 possible bad axioms.
[2026-06-26 12:50:00.427] Selected the bad axiom SubClassOf(OtherParasomnias Parasomnias).
[2026-06-26 12:50:00.430] Found 165 possible bad axioms.
[2026-06-26 12:50:00.430] Selected the bad axiom SubClassOf(SleepRelatedHallucinations SleepRelatedDissociativeDisorders).
[2026-06-26 12:50:00.433] Found 164 possible bad axioms.
[2026-06-26 12:50:00.433] Selected the bad axiom SubClassOf(SleepPattern SleepQuality).
[2026-06-26 12:50:00.437] Found 163 possible bad axioms.
[2026-06-26 12:50:00.437] Selected the bad axiom SubClassOf(Massage BedtimeRitual).
[2026-06-26 12:50:00.440] Found 162 possible bad axioms.
[2026-06-26 12:50:00.440] Selected the bad axiom SubClassOf(TimeOfWakingUp TimeOfFallingAsleep).
[2026-06-26 12:50:00.447] Found 161 possible bad axioms.
[2026-06-26 12:50:00.447] Selected the bad axiom SubClassOf(Temperature Noise).
[2026-06-26 12:50:00.450] Found 160 possible bad axioms.
[2026-06-26 12:50:00.450] Selected the bad axiom SubClassOf(Meditation BedtimeRitual).
[2026-06-26 12:50:00.453] Found 159 possible bad axioms.
[2026-06-26 12:50:00.453] Selected the bad axiom SubClassOf(Anxiety PsychologicalFactor).
[2026-06-26 12:50:00.455] Found 158 possible bad axioms.
[2026-06-26 12:50:00.455] Selected the bad axiom SubClassOf(RestlessLegsSyndrome PeriodicLimbMovementDisorder).
[2026-06-26 12:50:00.458] Found 157 possible bad axioms.
[2026-06-26 12:50:00.458] Selected the bad axiom SubClassOf(SleepDepth SleepQuality).
[2026-06-26 12:50:00.464] Found 156 possible b
...[truncated]
SUCCESS: attempt=37 seed=511278 success_count=37/100
progress: ontology=SLEEP attempt=37 success=37/100
----- SLEEP attempt=38 seed=525478 at 2026-06-26 12:50:23 -----
--- stdout ---
{"seed":525478,"run_id":"20260624134028346645","trial_status":"success","error_type":null,"failure_stage":null,"error_message":null,"iic_values":{"B1_vs_A1":0.9997594419052201,"B1_vs_A2":0.9992466475817388,"B1_vs_A3":0.9904761904761905,"B2_vs_A1":0.999756424308854,"B2_vs_A2":0.998776758409786,"B2_vs_A3":0.5,"B3_vs_A1":0.999756424308854,"B3_vs_A2":0.998776758409786,"B3_vs_A3":0.5,"B4_vs_A1":0.9997594419052201,"B4_vs_A2":0.9992466475817388,"B4_vs_A3":0.9904761904761905,"B5_vs_A1":0.9997594419052201,"B5_vs_A2":0.9992466475817388,"B5_vs_A3":0.9904761904761905,"B6_vs_A1":0.9997594419052201,"B6_vs_A2":0.9992466475817388,"B6_vs_A3":0.9904761904761905,"B7_vs_A1":0.9997594419052201,"B7_vs_A2":0.9992466475817388,"B7_vs_A3":0.9904761904761905,"B8_vs_A1":0.9997594419052201,"B8_vs_A2":0.9992466475817388,"B8_vs_A3":0.9904761904761905,"B9_vs_A1":0.9997594419052201,"B9_vs_A2":0.9992466475817388,"B9_vs_A3":0.9904761904761905},"repair_runtimes_ms":{"A1":255,"A2":4871,"A3":401,"B1":354,"B2":1364,"B3":4147,"B4":73,"B5":999,"B6":582,"B7":112,"B8":744,"B9":1924}}

--- stderr ---
SingleTrialExperiment starting: ontology=/workspaces/ontologyutils-ekaw26/repair-power-index-replication-ekaw26/ontologies/inconsistent/SLEEP.owl, seed=525478, run_id=20260624134028346645
Loaded ontology.
Normalizing ontology with SROIQ normalization...
Normalized ontology with SROIQ normalization.
Ontology is already inconsistent, skipping make-inconsistent step.
Repairing with A1 (random-removal)...
[2026-06-26 12:50:23.989] Checking precondition...
[2026-06-26 12:50:24.006] Starting the repair...
[2026-06-26 12:50:24.014] Found 172 possible bad axioms.
[2026-06-26 12:50:24.015] Selected the bad axiom SubClassOf(SleepAid AffectingFactor).
[2026-06-26 12:50:24.019] Found 171 possible bad axioms.
[2026-06-26 12:50:24.020] Selected the bad axiom SubClassOf(Parasomnias SleepRelatedMovementDisorders).
[2026-06-26 12:50:24.024] Found 170 possible bad axioms.
[2026-06-26 12:50:24.024] Selected the bad axiom SubClassOf(CircadianRhythmSleepWakeDisorders SleepDisorder).
[2026-06-26 12:50:24.028] Found 169 possible bad axioms.
[2026-06-26 12:50:24.028] Selected the bad axiom SubClassOf(Massage BedtimeRitual).
[2026-06-26 12:50:24.034] Found 168 possible bad axioms.
[2026-06-26 12:50:24.035] Selected the bad axiom SubClassOf(Sleep NormalSleepWakePattern).
[2026-06-26 12:50:24.038] Found 167 possible bad axioms.
[2026-06-26 12:50:24.038] Selected the bad axiom SubClassOf(AttributeOfSleep Sleep).
[2026-06-26 12:50:24.041] Found 166 possible bad axioms.
[2026-06-26 12:50:24.041] Selected the bad axiom SubClassOf(Pruritus Pain).
[2026-06-26 12:50:24.044] Found 165 possible bad axioms.
[2026-06-26 12:50:24.044] Selected the bad axiom SubClassOf(SleepRelatedHypoventilationDisorders SleepRelatedBreathingDisorders).
[2026-06-26 12:50:24.048] Found 164 possible bad axioms.
[2026-06-26 12:50:24.048] Selected the bad axiom SubClassOf(KleineLevinSyndrome CentralDisordersOfHypersomnolence).
[2026-06-26 12:50:24.053] Found 163 possible bad axioms.
[2026-06-26 12:50:24.054] Selected the bad axiom SubClassOf(InsufficientPhysicalRecovery EffectsOfPoorSleep).
[2026-06-26 12:50:24.057] Found 162 possible bad axioms.
[2026-06-26 12:50:24.057] Selected the bad axiom SubClassOf(Temperature Co-Sleeping).
[2026-06-26 12:50:24.064] Found 161 possible bad axioms.
[2026-06-26 12:50:24.064] Selected the bad axiom SubClassOf(RestlessLegsSyndrome SleepRelatedMovementDisorders).
[2026-06-26 12:50:24.067] Found 160 possible bad axioms.
[2026-06-26 12:50:24.067] Selected the bad axiom SubClassOf(EffectOnMood EffectOnDailyFunction).
[2026-06-26 12:50:24.070] Found 159 possible bad axioms.
[2026-06-26 12:50:24.070] Selected the bad axiom SubClassOf(Lighting SleepingSpace).
[2026-06-26 12:50:24.072] Found 158 possible bad axioms.
[2026-06-26 12:50:24.073] Selected the bad axiom SubClassOf(TimeOfFallingAsleep SleepSchedule).
[2026-06-26 12:50:24.075] Found 157 possible bad axioms.
[2026-06-26 12:50:24.075] Selected the bad axiom SubClassOf(SleepRelatedGroaning OtherParasomnias).
[2026-06-26 1
...[truncated]
SUCCESS: attempt=38 seed=525478 success_count=38/100
progress: ontology=SLEEP attempt=38 success=38/100
----- SLEEP attempt=39 seed=539678 at 2026-06-26 12:50:40 -----
--- stdout ---
{"seed":539678,"run_id":"20260624134028346645","trial_status":"success","error_type":null,"failure_stage":null,"error_message":null,"iic_values":{"B1_vs_A1":0.09088035403824878,"B1_vs_A2":0.0010520163646990065,"B1_vs_A3":0.0010520163646990065,"B2_vs_A1":1.0,"B2_vs_A2":0.009523809523809525,"B2_vs_A3":0.009523809523809525,"B3_vs_A1":0.22839506172839505,"B3_vs_A2":7.647598654022637E-4,"B3_vs_A3":7.647598654022637E-4,"B4_vs_A1":0.9997025580011898,"B4_vs_A2":0.5,"B4_vs_A3":0.5,"B5_vs_A1":0.9997025580011898,"B5_vs_A2":0.5,"B5_vs_A3":0.5,"B6_vs_A1":0.9997025580011898,"B6_vs_A2":0.5,"B6_vs_A3":0.5,"B7_vs_A1":0.9997025580011898,"B7_vs_A2":0.5,"B7_vs_A3":0.5,"B8_vs_A1":0.9997025580011898,"B8_vs_A2":0.5,"B8_vs_A3":0.5,"B9_vs_A1":0.9997025580011898,"B9_vs_A2":0.5,"B9_vs_A3":0.5},"repair_runtimes_ms":{"A1":131,"A2":4902,"A3":641,"B1":349,"B2":1612,"B3":1826,"B4":89,"B5":5425,"B6":415,"B7":110,"B8":747,"B9":732}}

--- stderr ---
SingleTrialExperiment starting: ontology=/workspaces/ontologyutils-ekaw26/repair-power-index-replication-ekaw26/ontologies/inconsistent/SLEEP.owl, seed=539678, run_id=20260624134028346645
Loaded ontology.
Normalizing ontology with SROIQ normalization...
Normalized ontology with SROIQ normalization.
Ontology is already inconsistent, skipping make-inconsistent step.
Repairing with A1 (random-removal)...
[2026-06-26 12:50:40.687] Checking precondition...
[2026-06-26 12:50:40.702] Starting the repair...
[2026-06-26 12:50:40.709] Found 172 possible bad axioms.
[2026-06-26 12:50:40.711] Selected the bad axiom SubClassOf(AlcoholConsumption LifestylePattern).
[2026-06-26 12:50:40.715] Found 171 possible bad axioms.
[2026-06-26 12:50:40.715] Selected the bad axiom SubClassOf(SleepOnsetLatency SleepQuality).
[2026-06-26 12:50:40.719] Found 170 possible bad axioms.
[2026-06-26 12:50:40.719] Selected the bad axiom SubClassOf(Temperature Noise).
[2026-06-26 12:50:40.722] Found 169 possible bad axioms.
[2026-06-26 12:50:40.722] Selected the bad axiom SubClassOf(TimeOfWakingUp TimeOfFallingAsleep).
[2026-06-26 12:50:40.729] Found 168 possible bad axioms.
[2026-06-26 12:50:40.729] Selected the bad axiom SubClassOf(TakingNap LifestylePattern).
[2026-06-26 12:50:40.733] Found 167 possible bad axioms.
[2026-06-26 12:50:40.733] Selected the bad axiom SubClassOf(SleepRelatedHallucinations OtherParasomnias).
[2026-06-26 12:50:40.736] Found 166 possible bad axioms.
[2026-06-26 12:50:40.736] Selected the bad axiom SubClassOf(ListeningToWhiteNoise BedtimeRitual).
[2026-06-26 12:50:40.739] Found 165 possible bad axioms.
[2026-06-26 12:50:40.739] Selected the bad axiom SubClassOf(SleepRelatedBreathingDisorders SleepRelatedHypoventilationDisorders).
[2026-06-26 12:50:40.743] Found 164 possible bad axioms.
[2026-06-26 12:50:40.743] Selected the bad axiom SubClassOf(Electroencephalography Electrooculography).
[2026-06-26 12:50:40.746] Found 163 possible bad axioms.
[2026-06-26 12:50:40.746] Selected the bad axiom SubClassOf(CircadianRhythmSleepWakeDisorders SleepDisorder).
[2026-06-26 12:50:40.749] Found 162 possible bad axioms.
[2026-06-26 12:50:40.749] Selected the bad axiom SubClassOf(StageI NonRapidEyeMovement).
[2026-06-26 12:50:40.757] Found 161 possible bad axioms.
[2026-06-26 12:50:40.758] Selected the bad axiom SubClassOf(WakeAfterSleepOnset(WASO) SleepContinuity).
[2026-06-26 12:50:40.761] Found 160 possible bad axioms.
[2026-06-26 12:50:40.761] Selected the bad axiom SubClassOf(LifestylePattern SleepAid).
[2026-06-26 12:50:40.763] Found 159 possible bad axioms.
[2026-06-26 12:50:40.763] Selected the bad axiom SubClassOf(DaytimePhysicalActivity LifestylePattern).
[2026-06-26 12:50:40.765] Found 158 possible bad axioms.
[2026-06-26 12:50:40.765] Selected the bad axiom SubClassOf(MedicineOrSupplement SleepAid).
[2026-06-26 12:50:40.768] Found 157 possible bad axioms.
[2026-06-26 12:50:40.768] Selected the bad axiom SubClassOf(BedtimeRitual AffectingFactor).
[2026-06-2
...[truncated]
SUCCESS: attempt=39 seed=539678 success_count=39/100
progress: ontology=SLEEP attempt=39 success=39/100
----- SLEEP attempt=40 seed=553878 at 2026-06-26 12:50:58 -----
--- stdout ---
{"seed":553878,"run_id":"20260624134028346645","trial_status":"success","error_type":null,"failure_stage":null,"error_message":null,"iic_values":{"B1_vs_A1":1.0,"B1_vs_A2":0.0012410797393732546,"B1_vs_A3":0.9709962168978562,"B2_vs_A1":0.09525939177101968,"B2_vs_A2":0.0011637379262190155,"B2_vs_A3":1.0,"B3_vs_A1":0.9991143911439114,"B3_vs_A2":0.5,"B3_vs_A3":0.9988493844206651,"B4_vs_A1":0.9994180971777713,"B4_vs_A2":0.9904761904761905,"B4_vs_A3":0.999317095379012,"B5_vs_A1":0.9994180971777713,"B5_vs_A2":0.9904761904761905,"B5_vs_A3":0.999317095379012,"B6_vs_A1":0.9994180971777713,"B6_vs_A2":0.9904761904761905,"B6_vs_A3":0.999317095379012,"B7_vs_A1":0.9994180971777713,"B7_vs_A2":0.9904761904761905,"B7_vs_A3":0.999317095379012,"B8_vs_A1":0.9994180971777713,"B8_vs_A2":0.9904761904761905,"B8_vs_A3":0.999317095379012,"B9_vs_A1":0.9994180971777713,"B9_vs_A2":0.9904761904761905,"B9_vs_A3":0.999317095379012},"repair_runtimes_ms":{"A1":82,"A2":4925,"A3":402,"B1":346,"B2":5983,"B3":902,"B4":64,"B5":5317,"B6":1943,"B7":100,"B8":3050,"B9":720}}

--- stderr ---
SingleTrialExperiment starting: ontology=/workspaces/ontologyutils-ekaw26/repair-power-index-replication-ekaw26/ontologies/inconsistent/SLEEP.owl, seed=553878, run_id=20260624134028346645
Loaded ontology.
Normalizing ontology with SROIQ normalization...
Normalized ontology with SROIQ normalization.
Ontology is already inconsistent, skipping make-inconsistent step.
Repairing with A1 (random-removal)...
[2026-06-26 12:50:58.469] Checking precondition...
[2026-06-26 12:50:58.485] Starting the repair...
[2026-06-26 12:50:58.494] Found 172 possible bad axioms.
[2026-06-26 12:50:58.495] Selected the bad axiom SubClassOf(Therapy owl:Nothing).
[2026-06-26 12:50:58.500] Found 171 possible bad axioms.
[2026-06-26 12:50:58.500] Selected the bad axiom SubClassOf(SleepingSpace EnvironmentalFactor).
[2026-06-26 12:50:58.504] Found 170 possible bad axioms.
[2026-06-26 12:50:58.504] Selected the bad axiom SubClassOf(Sleep NormalSleepWakePattern).
[2026-06-26 12:50:58.507] Found 169 possible bad axioms.
[2026-06-26 12:50:58.507] Selected the bad axiom SubClassOf(DepressedMood PsychologicalFactor).
[2026-06-26 12:50:58.510] Found 168 possible bad axioms.
[2026-06-26 12:50:58.510] Selected the bad axiom SubClassOf(TimeOfWakingUp TimeOfFallingAsleep).
[2026-06-26 12:50:58.517] Found 167 possible bad axioms.
[2026-06-26 12:50:58.517] Selected the bad axiom SubClassOf(CentralSleepApneaSyndromes SleepRelatedHypoventilationDisorders).
[2026-06-26 12:50:58.520] Found 166 possible bad axioms.
[2026-06-26 12:50:58.520] Selected the bad axiom SubClassOf(AttributeOfSleep Sleep).
[2026-06-26 12:50:58.524] Found 165 possible bad axioms.
[2026-06-26 12:50:58.524] Selected the bad axiom SubClassOf(EffectOnDailyFunction EffectsOfPoorSleep).
[2026-06-26 12:50:58.527] Found 164 possible bad axioms.
[2026-06-26 12:50:58.527] Selected the bad axiom SubClassOf(TransientSleepWakeRhythmDisorder CircadianRhythmSleepWakeDisorders).
[2026-06-26 12:50:58.530] Found 163 possible bad axioms.
[2026-06-26 12:50:58.531] Selected the bad axiom SubClassOf(CaffeinConsumption NicotineConsumption).
[2026-06-26 12:50:58.533] Found 162 possible bad axioms.
[2026-06-26 12:50:58.534] Selected the bad axiom SubClassOf(IrregularSleepWakeCycle ChronicSleepWakeRhythmDisorder).
[2026-06-26 12:50:58.541] Found 161 possible bad axioms.
[2026-06-26 12:50:58.542] Selected the bad axiom SubClassOf(RestlessLegsSyndrome SleepRelatedMovementDisorders).
[2026-06-26 12:50:58.544] Found 160 possible bad axioms.
[2026-06-26 12:50:58.545] Selected the bad axiom SubClassOf(AttributeOfSleep AffectingFactor).
[2026-06-26 12:50:58.547] Finished repairing the ontology.
Repairing with A2 (not-in-largest-mcs-removal)...
[2026-06-26 12:50:58.548] Checking precondition...
[2026-06-26 12:50:58.554] Starting the repair...
[2026-06-26 12:51:03.470] Found 4 possible bad axioms.
[2026-06-26 12:51:03.471] Selected the bad axiom SubClassOf(NormalSleepWakePattern SleepPattern).
[2026-06-26 12:51:03.473] Finished repairing the ontology.
Re
...[truncated]
SUCCESS: attempt=40 seed=553878 success_count=40/100
progress: ontology=SLEEP attempt=40 success=40/100
----- SLEEP attempt=41 seed=568078 at 2026-06-26 12:51:22 -----
--- stdout ---
{"seed":568078,"run_id":"20260624134028346645","trial_status":"success","error_type":null,"failure_stage":null,"error_message":null,"iic_values":{"B1_vs_A1":1.0,"B1_vs_A2":0.009523809523809525,"B1_vs_A3":0.9967621822891372,"B2_vs_A1":0.146111843344003,"B2_vs_A2":7.647598654022637E-4,"B2_vs_A3":0.1962025316455696,"B3_vs_A1":0.9996391194514616,"B3_vs_A2":0.5,"B3_vs_A3":0.9982433727243692,"B4_vs_A1":0.9996391194514616,"B4_vs_A2":0.5,"B4_vs_A3":0.9982433727243692,"B5_vs_A1":0.9996391194514616,"B5_vs_A2":0.5,"B5_vs_A3":0.9982433727243692,"B6_vs_A1":0.9996391194514616,"B6_vs_A2":0.5,"B6_vs_A3":0.9982433727243692,"B7_vs_A1":0.9996391194514616,"B7_vs_A2":0.5,"B7_vs_A3":0.9982433727243692,"B8_vs_A1":0.9996391194514616,"B8_vs_A2":0.5,"B8_vs_A3":0.9982433727243692,"B9_vs_A1":0.9996391194514616,"B9_vs_A2":0.5,"B9_vs_A3":0.9982433727243692},"repair_runtimes_ms":{"A1":168,"A2":4915,"A3":397,"B1":377,"B2":5899,"B3":2264,"B4":78,"B5":755,"B6":322,"B7":139,"B8":1207,"B9":668}}

--- stderr ---
SingleTrialExperiment starting: ontology=/workspaces/ontologyutils-ekaw26/repair-power-index-replication-ekaw26/ontologies/inconsistent/SLEEP.owl, seed=568078, run_id=20260624134028346645
Loaded ontology.
Normalizing ontology with SROIQ normalization...
Normalized ontology with SROIQ normalization.
Ontology is already inconsistent, skipping make-inconsistent step.
Repairing with A1 (random-removal)...
[2026-06-26 12:51:23.143] Checking precondition...
[2026-06-26 12:51:23.160] Starting the repair...
[2026-06-26 12:51:23.168] Found 172 possible bad axioms.
[2026-06-26 12:51:23.169] Selected the bad axiom SubClassOf(Electroencephalography Electrooculography).
[2026-06-26 12:51:23.174] Found 171 possible bad axioms.
[2026-06-26 12:51:23.174] Selected the bad axiom SubClassOf(GoodSleepPattern SleepPattern).
[2026-06-26 12:51:23.178] Found 170 possible bad axioms.
[2026-06-26 12:51:23.179] Selected the bad axiom SubClassOf(SleepPattern NormalSleepWakePattern).
[2026-06-26 12:51:23.182] Found 169 possible bad axioms.
[2026-06-26 12:51:23.182] Selected the bad axiom SubClassOf(Humidity EnvironmentalFactor).
[2026-06-26 12:51:23.189] Found 168 possible bad axioms.
[2026-06-26 12:51:23.189] Selected the bad axiom SubClassOf(TransientSleepWakeRhythmDisorder ChronicSleepWakeRhythmDisorder).
[2026-06-26 12:51:23.193] Found 167 possible bad axioms.
[2026-06-26 12:51:23.193] Selected the bad axiom SubClassOf(ExplodingHeadSyndrome OtherParasomnias).
[2026-06-26 12:51:23.196] Found 166 possible bad axioms.
[2026-06-26 12:51:23.196] Selected the bad axiom SubClassOf(Electrooculography Polysomnography).
[2026-06-26 12:51:23.199] Found 165 possible bad axioms.
[2026-06-26 12:51:23.199] Selected the bad axiom SubClassOf(DepressedMood PsychologicalFactor).
[2026-06-26 12:51:23.203] Found 164 possible bad axioms.
[2026-06-26 12:51:23.203] Selected the bad axiom SubClassOf(StageIII NonRapidEyeMovement).
[2026-06-26 12:51:23.206] Found 163 possible bad axioms.
[2026-06-26 12:51:23.207] Selected the bad axiom SubClassOf(SleepRelatedMovementDisorders SleepDisorder).
[2026-06-26 12:51:23.209] Found 162 possible bad axioms.
[2026-06-26 12:51:23.210] Selected the bad axiom SubClassOf(SleepRelatedGroaning OtherParasomnias).
[2026-06-26 12:51:23.217] Found 161 possible bad axioms.
[2026-06-26 12:51:23.217] Selected the bad axiom SubClassOf(AttributeOfSleep Sleep).
[2026-06-26 12:51:23.221] Found 160 possible bad axioms.
[2026-06-26 12:51:23.221] Selected the bad axiom SubClassOf(PulseOximetry Polysomnography).
[2026-06-26 12:51:23.224] Found 159 possible bad axioms.
[2026-06-26 12:51:23.224] Selected the bad axiom SubClassOf(Noise EnvironmentalFactor).
[2026-06-26 12:51:23.226] Found 158 possible bad axioms.
[2026-06-26 12:51:23.227] Selected the bad axiom SubClassOf(SleepRelatedEatingDisorder SleepRelatedGroaning).
[2026-06-26 12:51:23.229] Found 157 possible bad axioms.
[2026-06-26 12:51:23.229] Selected the bad axiom SubClassOf(InsufficientPhysicalRecovery EffectsOfPoorSlee
...[truncated]
SUCCESS: attempt=41 seed=568078 success_count=41/100
progress: ontology=SLEEP attempt=41 success=41/100
----- SLEEP attempt=42 seed=582278 at 2026-06-26 12:51:40 -----
--- stdout ---
{"seed":582278,"run_id":"20260624134028346645","trial_status":"memory_limit_exceeded","error_type":"failure","failure_stage":"B4","error_message":"Repair failed: ExecutionException: java.lang.NullPointerException: operands cannot be null or empty","iic_values":{},"repair_runtimes_ms":{"A1":114,"A2":4903,"A3":397,"B1":364,"B2":887,"B3":4177,"B4":71}}

--- stderr ---
SingleTrialExperiment starting: ontology=/workspaces/ontologyutils-ekaw26/repair-power-index-replication-ekaw26/ontologies/inconsistent/SLEEP.owl, seed=582278, run_id=20260624134028346645
Loaded ontology.
Normalizing ontology with SROIQ normalization...
Normalized ontology with SROIQ normalization.
Ontology is already inconsistent, skipping make-inconsistent step.
Repairing with A1 (random-removal)...
[2026-06-26 12:51:41.141] Checking precondition...
[2026-06-26 12:51:41.157] Starting the repair...
[2026-06-26 12:51:41.164] Found 172 possible bad axioms.
[2026-06-26 12:51:41.165] Selected the bad axiom SubClassOf(PulseOximetry owl:Nothing).
[2026-06-26 12:51:41.169] Found 171 possible bad axioms.
[2026-06-26 12:51:41.170] Selected the bad axiom SubClassOf(FootBathing Meditation).
[2026-06-26 12:51:41.173] Found 170 possible bad axioms.
[2026-06-26 12:51:41.174] Selected the bad axiom SubClassOf(ExplodingHeadSyndrome OtherParasomnias).
[2026-06-26 12:51:41.178] Found 169 possible bad axioms.
[2026-06-26 12:51:41.178] Selected the bad axiom SubClassOf(CentralDisordersOfHypersomnolence SleepDisorder).
[2026-06-26 12:51:41.185] Found 168 possible bad axioms.
[2026-06-26 12:51:41.185] Selected the bad axiom SubClassOf(CentralSleepApneaSyndromes SleepRelatedBreathingDisorders).
[2026-06-26 12:51:41.189] Found 167 possible bad axioms.
[2026-06-26 12:51:41.189] Selected the bad axiom SubClassOf(SleepRelatedHallucinations OtherParasomnias).
[2026-06-26 12:51:41.192] Found 166 possible bad axioms.
[2026-06-26 12:51:41.192] Selected the bad axiom SubClassOf(BedtimeRitual StretchingExercise).
[2026-06-26 12:51:41.195] Found 165 possible bad axioms.
[2026-06-26 12:51:41.195] Selected the bad axiom SubClassOf(Electroencephalography Electrooculography).
[2026-06-26 12:51:41.199] Found 164 possible bad axioms.
[2026-06-26 12:51:41.199] Selected the bad axiom SubClassOf(NicotineConsumption AlcoholConsumption).
[2026-06-26 12:51:41.202] Found 163 possible bad axioms.
[2026-06-26 12:51:41.202] Selected the bad axiom SubClassOf(Humidity EnvironmentalFactor).
[2026-06-26 12:51:41.204] Found 162 possible bad axioms.
[2026-06-26 12:51:41.205] Selected the bad axiom SubClassOf(SleepRelatedBreathingDisorders Insomnia).
[2026-06-26 12:51:41.212] Found 161 possible bad axioms.
[2026-06-26 12:51:41.213] Selected the bad axiom SubClassOf(ExplodingHeadSyndrome SleepRelatedHallucinations).
[2026-06-26 12:51:41.216] Found 160 possible bad axioms.
[2026-06-26 12:51:41.216] Selected the bad axiom SubClassOf(Stress PsychologicalFactor).
[2026-06-26 12:51:41.219] Found 159 possible bad axioms.
[2026-06-26 12:51:41.219] Selected the bad axiom SubClassOf(ChronicInsomniaDisorder ShortTermInsomniaDisorder).
[2026-06-26 12:51:41.221] Found 158 possible bad axioms.
[2026-06-26 12:51:41.222] Selected the bad axiom SubClassOf(LossOfCognitiveFunction EffectOnDailyFunction).
[2026-06-26 12:51:41.224] Found 157 possible bad axioms.
[2026-06-26 12:51:41.224] Selected the bad axiom SubClassOf(
...[truncated]
FAIL: attempt=42 seed=582278 status=memory_limit_exceeded stage=B4 message=Repair failed: ExecutionException: java.lang.NullPointerException: operands cannot be null or empty
progress: ontology=SLEEP attempt=42 success=41/100
----- SLEEP attempt=43 seed=596478 at 2026-06-26 12:51:52 -----
--- stdout ---
{"seed":596478,"run_id":"20260624134028346645","trial_status":"success","error_type":null,"failure_stage":null,"error_message":null,"iic_values":{"B1_vs_A1":0.07103825136612021,"B1_vs_A2":1.0,"B1_vs_A3":0.04664007364222154,"B2_vs_A1":0.25206270627062705,"B2_vs_A2":0.9710570469798657,"B2_vs_A3":0.15555555555555556,"B3_vs_A1":0.999273607748184,"B3_vs_A2":0.999317095379012,"B3_vs_A3":0.998432055749129,"B4_vs_A1":0.999273607748184,"B4_vs_A2":0.999317095379012,"B4_vs_A3":0.998432055749129,"B5_vs_A1":0.999273607748184,"B5_vs_A2":0.999317095379012,"B5_vs_A3":0.998432055749129,"B6_vs_A1":0.999273607748184,"B6_vs_A2":0.999317095379012,"B6_vs_A3":0.998432055749129,"B7_vs_A1":0.999273607748184,"B7_vs_A2":0.999317095379012,"B7_vs_A3":0.998432055749129,"B8_vs_A1":0.999273607748184,"B8_vs_A2":0.999317095379012,"B8_vs_A3":0.998432055749129,"B9_vs_A1":0.999273607748184,"B9_vs_A2":0.999317095379012,"B9_vs_A3":0.998432055749129},"repair_runtimes_ms":{"A1":182,"A2":4909,"A3":1215,"B1":384,"B2":5945,"B3":936,"B4":78,"B5":979,"B6":1893,"B7":103,"B8":1112,"B9":606}}

--- stderr ---
SingleTrialExperiment starting: ontology=/workspaces/ontologyutils-ekaw26/repair-power-index-replication-ekaw26/ontologies/inconsistent/SLEEP.owl, seed=596478, run_id=20260624134028346645
Loaded ontology.
Normalizing ontology with SROIQ normalization...
Normalized ontology with SROIQ normalization.
Ontology is already inconsistent, skipping make-inconsistent step.
Repairing with A1 (random-removal)...
[2026-06-26 12:51:52.488] Checking precondition...
[2026-06-26 12:51:52.504] Starting the repair...
[2026-06-26 12:51:52.511] Found 172 possible bad axioms.
[2026-06-26 12:51:52.512] Selected the bad axiom SubClassOf(Lighting SleepingSpace).
[2026-06-26 12:51:52.517] Found 171 possible bad axioms.
[2026-06-26 12:51:52.518] Selected the bad axiom SubClassOf(Pruritus PhysicalFactor).
[2026-06-26 12:51:52.521] Found 170 possible bad axioms.
[2026-06-26 12:51:52.522] Selected the bad axiom SubClassOf(PsychologicalFactor AffectingFactor).
[2026-06-26 12:51:52.525] Found 169 possible bad axioms.
[2026-06-26 12:51:52.525] Selected the bad axiom SubClassOf(LossOfCognitiveFunction EffectsOfPoorSleep).
[2026-06-26 12:51:52.532] Found 168 possible bad axioms.
[2026-06-26 12:51:52.532] Selected the bad axiom SubClassOf(SleepRelatedHallucinations SleepRelatedDissociativeDisorders).
[2026-06-26 12:51:52.535] Found 167 possible bad axioms.
[2026-06-26 12:51:52.535] Selected the bad axiom SubClassOf(ChronicInsomniaDisorder Insomnia).
[2026-06-26 12:51:52.538] Found 166 possible bad axioms.
[2026-06-26 12:51:52.539] Selected the bad axiom SubClassOf(OtherHypersomnias CentralDisordersOfHypersomnolence).
[2026-06-26 12:51:52.541] Found 165 possible bad axioms.
[2026-06-26 12:51:52.542] Selected the bad axiom SubClassOf(Pain PhysicalFactor).
[2026-06-26 12:51:52.545] Found 164 possible bad axioms.
[2026-06-26 12:51:52.545] Selected the bad axiom SubClassOf(Temperature Co-Sleeping).
[2026-06-26 12:51:52.548] Found 163 possible bad axioms.
[2026-06-26 12:51:52.548] Selected the bad axiom SubClassOf(Therapy owl:Nothing).
[2026-06-26 12:51:52.552] Found 162 possible bad axioms.
[2026-06-26 12:51:52.552] Selected the bad axiom SubClassOf(SleepPattern NormalSleepWakePattern).
[2026-06-26 12:51:52.559] Found 161 possible bad axioms.
[2026-06-26 12:51:52.560] Selected the bad axiom SubClassOf(Narcolepsy IdiopathicHypersomnia).
[2026-06-26 12:51:52.563] Found 160 possible bad axioms.
[2026-06-26 12:51:52.563] Selected the bad axiom SubClassOf(TotalSleepTime AttributeOfSleep).
[2026-06-26 12:51:52.565] Found 159 possible bad axioms.
[2026-06-26 12:51:52.565] Selected the bad axiom SubClassOf(ShortTermInsomniaDisorder Insomnia).
[2026-06-26 12:51:52.568] Found 158 possible bad axioms.
[2026-06-26 12:51:52.568] Selected the bad axiom SubClassOf(PulseOximetry Electrooculography).
[2026-06-26 12:51:52.571] Found 157 possible bad axioms.
[2026-06-26 12:51:52.571] Selected the bad axiom SubClassOf(Polysomnography Electrooculography).
[2026-06-26 12:51:52.578] Found 156 possible bad ax
...[truncated]
SUCCESS: attempt=43 seed=596478 success_count=42/100
progress: ontology=SLEEP attempt=43 success=42/100
----- SLEEP attempt=44 seed=610678 at 2026-06-26 12:52:11 -----
--- stdout ---
{"seed":610678,"run_id":"20260624134028346645","trial_status":"success","error_type":null,"failure_stage":null,"error_message":null,"iic_values":{"B1_vs_A1":1.0,"B1_vs_A2":0.9992466475817388,"B1_vs_A3":0.999317095379012,"B2_vs_A1":0.9822555877836546,"B2_vs_A2":0.998776758409786,"B2_vs_A3":0.9988493844206651,"B3_vs_A1":0.38324258923169996,"B3_vs_A2":1.0,"B3_vs_A3":0.9710570469798657,"B4_vs_A1":1.0,"B4_vs_A2":0.9992466475817388,"B4_vs_A3":0.999317095379012,"B5_vs_A1":1.0,"B5_vs_A2":0.9992466475817388,"B5_vs_A3":0.999317095379012,"B6_vs_A1":1.0,"B6_vs_A2":0.9992466475817388,"B6_vs_A3":0.999317095379012,"B7_vs_A1":1.0,"B7_vs_A2":0.9992466475817388,"B7_vs_A3":0.999317095379012,"B8_vs_A1":1.0,"B8_vs_A2":0.9992466475817388,"B8_vs_A3":0.999317095379012,"B9_vs_A1":1.0,"B9_vs_A2":0.9992466475817388,"B9_vs_A3":0.999317095379012},"repair_runtimes_ms":{"A1":180,"A2":4887,"A3":422,"B1":369,"B2":1402,"B3":4087,"B4":70,"B5":5258,"B6":3882,"B7":134,"B8":943,"B9":302}}

--- stderr ---
SingleTrialExperiment starting: ontology=/workspaces/ontologyutils-ekaw26/repair-power-index-replication-ekaw26/ontologies/inconsistent/SLEEP.owl, seed=610678, run_id=20260624134028346645
Loaded ontology.
Normalizing ontology with SROIQ normalization...
Normalized ontology with SROIQ normalization.
Ontology is already inconsistent, skipping make-inconsistent step.
Repairing with A1 (random-removal)...
[2026-06-26 12:52:11.732] Checking precondition...
[2026-06-26 12:52:11.750] Starting the repair...
[2026-06-26 12:52:11.757] Found 172 possible bad axioms.
[2026-06-26 12:52:11.759] Selected the bad axiom SubClassOf(SleepRelatedBreathingDisorders Insomnia).
[2026-06-26 12:52:11.763] Found 171 possible bad axioms.
[2026-06-26 12:52:11.763] Selected the bad axiom SubClassOf(NonRapidEyeMovement SleepStage).
[2026-06-26 12:52:11.767] Found 170 possible bad axioms.
[2026-06-26 12:52:11.767] Selected the bad axiom SubClassOf(OtherHypersomnias CentralDisordersOfHypersomnolence).
[2026-06-26 12:52:11.770] Found 169 possible bad axioms.
[2026-06-26 12:52:11.771] Selected the bad axiom SubClassOf(Insomnia CircadianRhythmSleepWakeDisorders).
[2026-06-26 12:52:11.773] Found 168 possible bad axioms.
[2026-06-26 12:52:11.773] Selected the bad axiom SubClassOf(EffectOnDailyFunction EffectsOfPoorSleep).
[2026-06-26 12:52:11.780] Found 167 possible bad axioms.
[2026-06-26 12:52:11.781] Selected the bad axiom SubClassOf(SleepAssessmentTest Sleep).
[2026-06-26 12:52:11.784] Found 166 possible bad axioms.
[2026-06-26 12:52:11.784] Selected the bad axiom SubClassOf(SleepRelatedBreathingDisorders SleepDisorder).
[2026-06-26 12:52:11.787] Found 165 possible bad axioms.
[2026-06-26 12:52:11.787] Selected the bad axiom SubClassOf(DaytimePhysicalActivity LifestylePattern).
[2026-06-26 12:52:11.790] Found 164 possible bad axioms.
[2026-06-26 12:52:11.791] Selected the bad axiom SubClassOf(Stress PsychologicalFactor).
[2026-06-26 12:52:11.794] Found 163 possible bad axioms.
[2026-06-26 12:52:11.795] Selected the bad axiom SubClassOf(EffectsOfPoorSleep SleepSchedule).
[2026-06-26 12:52:11.797] Found 162 possible bad axioms.
[2026-06-26 12:52:11.798] Selected the bad axiom SubClassOf(StretchingExercise ListeningToWhiteNoise).
[2026-06-26 12:52:11.805] Found 161 possible bad axioms.
[2026-06-26 12:52:11.805] Selected the bad axiom SubClassOf(LifestylePattern AffectingFactor).
[2026-06-26 12:52:11.808] Found 160 possible bad axioms.
[2026-06-26 12:52:11.808] Selected the bad axiom SubClassOf(Sleep AttributeOfSleep).
[2026-06-26 12:52:11.811] Found 159 possible bad axioms.
[2026-06-26 12:52:11.812] Selected the bad axiom SubClassOf(SleepDisorder Sleep).
[2026-06-26 12:52:11.816] Found 158 possible bad axioms.
[2026-06-26 12:52:11.816] Selected the bad axiom SubClassOf(UsingSmartphone BedtimeRitual).
[2026-06-26 12:52:11.818] Found 157 possible bad axioms.
[2026-06-26 12:52:11.818] Selected the bad axiom SubClassOf(StageIII NonRapidEyeMovement).
[2026-06-26 12:52:11.825] Found 156 
...[truncated]
SUCCESS: attempt=44 seed=610678 success_count=43/100
progress: ontology=SLEEP attempt=44 success=43/100
----- SLEEP attempt=45 seed=624878 at 2026-06-26 12:52:34 -----
--- stdout ---
{"seed":624878,"run_id":"20260624134028346645","trial_status":"success","error_type":null,"failure_stage":null,"error_message":null,"iic_values":{"B1_vs_A1":0.9833998403830806,"B1_vs_A2":0.5,"B1_vs_A3":0.998776758409786,"B2_vs_A1":0.16480595427963848,"B2_vs_A2":0.0013948622573520864,"B2_vs_A3":0.05957993999142735,"B3_vs_A1":0.17188315075639019,"B3_vs_A2":0.0011637379262190155,"B3_vs_A3":0.07044025157232704,"B4_vs_A1":1.0,"B4_vs_A2":0.9904761904761905,"B4_vs_A3":0.9992466475817388,"B5_vs_A1":1.0,"B5_vs_A2":0.9904761904761905,"B5_vs_A3":0.9992466475817388,"B6_vs_A1":1.0,"B6_vs_A2":0.9904761904761905,"B6_vs_A3":0.9992466475817388,"B7_vs_A1":1.0,"B7_vs_A2":0.9904761904761905,"B7_vs_A3":0.9992466475817388,"B8_vs_A1":1.0,"B8_vs_A2":0.9904761904761905,"B8_vs_A3":0.9992466475817388,"B9_vs_A1":1.0,"B9_vs_A2":0.9904761904761905,"B9_vs_A3":0.9992466475817388},"repair_runtimes_ms":{"A1":196,"A2":4878,"A3":708,"B1":360,"B2":5759,"B3":3160,"B4":76,"B5":2886,"B6":3661,"B7":102,"B8":876,"B9":699}}

--- stderr ---
SingleTrialExperiment starting: ontology=/workspaces/ontologyutils-ekaw26/repair-power-index-replication-ekaw26/ontologies/inconsistent/SLEEP.owl, seed=624878, run_id=20260624134028346645
Loaded ontology.
Normalizing ontology with SROIQ normalization...
Normalized ontology with SROIQ normalization.
Ontology is already inconsistent, skipping make-inconsistent step.
Repairing with A1 (random-removal)...
[2026-06-26 12:52:34.509] Checking precondition...
[2026-06-26 12:52:34.525] Starting the repair...
[2026-06-26 12:52:34.531] Found 172 possible bad axioms.
[2026-06-26 12:52:34.533] Selected the bad axiom SubClassOf(UsingSmartphone BedtimeRitual).
[2026-06-26 12:52:34.538] Found 171 possible bad axioms.
[2026-06-26 12:52:34.538] Selected the bad axiom SubClassOf(Electrooculography Polysomnography).
[2026-06-26 12:52:34.542] Found 170 possible bad axioms.
[2026-06-26 12:52:34.542] Selected the bad axiom SubClassOf(SleepOnsetLatency SleepQuality).
[2026-06-26 12:52:34.545] Found 169 possible bad axioms.
[2026-06-26 12:52:34.545] Selected the bad axiom SubClassOf(AbnormalSleepPattern SleepPattern).
[2026-06-26 12:52:34.548] Found 168 possible bad axioms.
[2026-06-26 12:52:34.548] Selected the bad axiom SubClassOf(SleepContinuity SleepQuality).
[2026-06-26 12:52:34.555] Found 167 possible bad axioms.
[2026-06-26 12:52:34.556] Selected the bad axiom SubClassOf(LifestylePattern owl:Nothing).
[2026-06-26 12:52:34.559] Found 166 possible bad axioms.
[2026-06-26 12:52:34.559] Selected the bad axiom SubClassOf(StretchingExercise BedtimeRitual).
[2026-06-26 12:52:34.562] Found 165 possible bad axioms.
[2026-06-26 12:52:34.562] Selected the bad axiom SubClassOf(Fear PsychologicalFactor).
[2026-06-26 12:52:34.566] Found 164 possible bad axioms.
[2026-06-26 12:52:34.566] Selected the bad axiom SubClassOf(DepressedMood PsychologicalFactor).
[2026-06-26 12:52:34.570] Found 163 possible bad axioms.
[2026-06-26 12:52:34.570] Selected the bad axiom SubClassOf(SleepPattern NormalSleepWakePattern).
[2026-06-26 12:52:34.573] Found 162 possible bad axioms.
[2026-06-26 12:52:34.573] Selected the bad axiom SubClassOf(LossOfCognitiveFunction EffectOnDailyFunction).
[2026-06-26 12:52:34.581] Found 161 possible bad axioms.
[2026-06-26 12:52:34.581] Selected the bad axiom SubClassOf(SleepRelatedHallucinations SleepRelatedDissociativeDisorders).
[2026-06-26 12:52:34.584] Found 160 possible bad axioms.
[2026-06-26 12:52:34.584] Selected the bad axiom SubClassOf(Anxiety PsychologicalFactor).
[2026-06-26 12:52:34.586] Found 159 possible bad axioms.
[2026-06-26 12:52:34.587] Selected the bad axiom SubClassOf(Polysomnography SleepApnoeaRecording).
[2026-06-26 12:52:34.589] Found 158 possible bad axioms.
[2026-06-26 12:52:34.589] Selected the bad axiom SubClassOf(SleepRelatedMovementDisorders SleepDisorder).
[2026-06-26 12:52:34.591] Found 157 possible bad axioms.
[2026-06-26 12:52:34.592] Selected the bad axiom SubClassOf(InsufficientPhysicalRecovery EffectsOfPoorSleep).
[2026-06-26
...[truncated]
SUCCESS: attempt=45 seed=624878 success_count=44/100
progress: ontology=SLEEP attempt=45 success=44/100
----- SLEEP attempt=46 seed=639078 at 2026-06-26 12:52:59 -----
--- stdout ---
{"seed":639078,"run_id":"20260624134028346645","trial_status":"success","error_type":null,"failure_stage":null,"error_message":null,"iic_values":{"B1_vs_A1":0.1760966306420852,"B1_vs_A2":1.0,"B1_vs_A3":0.6894353369763205,"B2_vs_A1":1.0,"B2_vs_A2":0.9988493844206651,"B2_vs_A3":0.9980845205315455,"B3_vs_A1":1.0,"B3_vs_A2":0.9988493844206651,"B3_vs_A3":0.9980845205315455,"B4_vs_A1":0.9997981021603068,"B4_vs_A2":0.999317095379012,"B4_vs_A3":0.9989339019189766,"B5_vs_A1":0.9997981021603068,"B5_vs_A2":0.999317095379012,"B5_vs_A3":0.9989339019189766,"B6_vs_A1":0.9997981021603068,"B6_vs_A2":0.999317095379012,"B6_vs_A3":0.9989339019189766,"B7_vs_A1":0.9997981021603068,"B7_vs_A2":0.999317095379012,"B7_vs_A3":0.9989339019189766,"B8_vs_A1":0.9997981021603068,"B8_vs_A2":0.999317095379012,"B8_vs_A3":0.9989339019189766,"B9_vs_A1":0.9997981021603068,"B9_vs_A2":0.999317095379012,"B9_vs_A3":0.9989339019189766},"repair_runtimes_ms":{"A1":157,"A2":4897,"A3":764,"B1":379,"B2":5992,"B3":3880,"B4":69,"B5":3101,"B6":301,"B7":126,"B8":1098,"B9":586}}

--- stderr ---
SingleTrialExperiment starting: ontology=/workspaces/ontologyutils-ekaw26/repair-power-index-replication-ekaw26/ontologies/inconsistent/SLEEP.owl, seed=639078, run_id=20260624134028346645
Loaded ontology.
Normalizing ontology with SROIQ normalization...
Normalized ontology with SROIQ normalization.
Ontology is already inconsistent, skipping make-inconsistent step.
Repairing with A1 (random-removal)...
[2026-06-26 12:53:00.242] Checking precondition...
[2026-06-26 12:53:00.258] Starting the repair...
[2026-06-26 12:53:00.265] Found 172 possible bad axioms.
[2026-06-26 12:53:00.267] Selected the bad axiom SubClassOf(SleepingSpace EnvironmentalFactor).
[2026-06-26 12:53:00.271] Found 171 possible bad axioms.
[2026-06-26 12:53:00.271] Selected the bad axiom SubClassOf(SleepDisorder Sleep).
[2026-06-26 12:53:00.275] Found 170 possible bad axioms.
[2026-06-26 12:53:00.275] Selected the bad axiom SubClassOf(EffectsOfPoorSleep Sleep).
[2026-06-26 12:53:00.279] Found 169 possible bad axioms.
[2026-06-26 12:53:00.279] Selected the bad axiom SubClassOf(ExplodingHeadSyndrome SleepRelatedHallucinations).
[2026-06-26 12:53:00.282] Found 168 possible bad axioms.
[2026-06-26 12:53:00.282] Selected the bad axiom SubClassOf(EffectOnMood EffectsOfPoorSleep).
[2026-06-26 12:53:00.290] Found 167 possible bad axioms.
[2026-06-26 12:53:00.290] Selected the bad axiom SubClassOf(AdvancedSleepPhaseSyndrome(ASPS) ChronicSleepWakeRhythmDisorder).
[2026-06-26 12:53:00.293] Found 166 possible bad axioms.
[2026-06-26 12:53:00.293] Selected the bad axiom SubClassOf(ListeningToWhiteNoise BedtimeRitual).
[2026-06-26 12:53:00.296] Found 165 possible bad axioms.
[2026-06-26 12:53:00.297] Selected the bad axiom SubClassOf(SleepRelatedMovementDisorders SleepDisorder).
[2026-06-26 12:53:00.300] Found 164 possible bad axioms.
[2026-06-26 12:53:00.300] Selected the bad axiom SubClassOf(StageIV StageII).
[2026-06-26 12:53:00.304] Found 163 possible bad axioms.
[2026-06-26 12:53:00.304] Selected the bad axiom SubClassOf(RapidEyeMovement SleepStage).
[2026-06-26 12:53:00.307] Found 162 possible bad axioms.
[2026-06-26 12:53:00.307] Selected the bad axiom SubClassOf(Polysomnography Electrooculography).
[2026-06-26 12:53:00.315] Found 161 possible bad axioms.
[2026-06-26 12:53:00.315] Selected the bad axiom SubClassOf(RestlessLegsSyndrome SleepRelatedMovementDisorders).
[2026-06-26 12:53:00.318] Found 160 possible bad axioms.
[2026-06-26 12:53:00.318] Selected the bad axiom SubClassOf(ExplodingHeadSyndrome OtherParasomnias).
[2026-06-26 12:53:00.321] Found 159 possible bad axioms.
[2026-06-26 12:53:00.321] Selected the bad axiom SubClassOf(SleepEnuresis OtherParasomnias).
[2026-06-26 12:53:00.324] Found 158 possible bad axioms.
[2026-06-26 12:53:00.324] Selected the bad axiom SubClassOf(ChronicInsomniaDisorder Insomnia).
[2026-06-26 12:53:00.327] Found 157 possible bad axioms.
[2026-06-26 12:53:00.327] Selected the bad axiom SubClassOf(Temperature EnvironmentalFactor).
[2026-06-26 12:53:00.3
...[truncated]
SUCCESS: attempt=46 seed=639078 success_count=45/100
progress: ontology=SLEEP attempt=46 success=45/100
----- SLEEP attempt=47 seed=653278 at 2026-06-26 12:53:22 -----
--- stdout ---
{"seed":653278,"run_id":"20260624134028346645","trial_status":"success","error_type":null,"failure_stage":null,"error_message":null,"iic_values":{"B1_vs_A1":0.3075794621026895,"B1_vs_A2":0.0032310177705977385,"B1_vs_A3":0.0032310177705977385,"B2_vs_A1":1.0,"B2_vs_A2":0.0012420431609998447,"B2_vs_A3":0.0012420431609998447,"B3_vs_A1":0.9993170331921869,"B3_vs_A2":0.9904761904761905,"B3_vs_A3":0.9904761904761905,"B4_vs_A1":0.9993170331921869,"B4_vs_A2":0.9904761904761905,"B4_vs_A3":0.9904761904761905,"B5_vs_A1":0.9993170331921869,"B5_vs_A2":0.9904761904761905,"B5_vs_A3":0.9904761904761905,"B6_vs_A1":0.9993170331921869,"B6_vs_A2":0.9904761904761905,"B6_vs_A3":0.9904761904761905,"B7_vs_A1":0.9993170331921869,"B7_vs_A2":0.9904761904761905,"B7_vs_A3":0.9904761904761905,"B8_vs_A1":0.9993170331921869,"B8_vs_A2":0.9904761904761905,"B8_vs_A3":0.9904761904761905,"B9_vs_A1":0.9993170331921869,"B9_vs_A2":0.9904761904761905,"B9_vs_A3":0.9904761904761905},"repair_runtimes_ms":{"A1":87,"A2":4910,"A3":388,"B1":679,"B2":5845,"B3":3888,"B4":71,"B5":671,"B6":519,"B7":114,"B8":5717,"B9":458}}

--- stderr ---
SingleTrialExperiment starting: ontology=/workspaces/ontologyutils-ekaw26/repair-power-index-replication-ekaw26/ontologies/inconsistent/SLEEP.owl, seed=653278, run_id=20260624134028346645
Loaded ontology.
Normalizing ontology with SROIQ normalization...
Normalized ontology with SROIQ normalization.
Ontology is already inconsistent, skipping make-inconsistent step.
Repairing with A1 (random-removal)...
[2026-06-26 12:53:22.410] Checking precondition...
[2026-06-26 12:53:22.426] Starting the repair...
[2026-06-26 12:53:22.433] Found 172 possible bad axioms.
[2026-06-26 12:53:22.435] Selected the bad axiom SubClassOf(LifestylePattern owl:Nothing).
[2026-06-26 12:53:22.439] Found 171 possible bad axioms.
[2026-06-26 12:53:22.440] Selected the bad axiom SubClassOf(Lighting SleepingSpace).
[2026-06-26 12:53:22.443] Found 170 possible bad axioms.
[2026-06-26 12:53:22.444] Selected the bad axiom SubClassOf(IrregularSleepWakePattern SleepPattern).
[2026-06-26 12:53:22.447] Found 169 possible bad axioms.
[2026-06-26 12:53:22.447] Selected the bad axiom SubClassOf(EnvironmentalFactor AffectingFactor).
[2026-06-26 12:53:22.455] Found 168 possible bad axioms.
[2026-06-26 12:53:22.455] Selected the bad axiom SubClassOf(Narcolepsy IdiopathicHypersomnia).
[2026-06-26 12:53:22.458] Found 167 possible bad axioms.
[2026-06-26 12:53:22.458] Selected the bad axiom SubClassOf(Anxiety DepressedMood).
[2026-06-26 12:53:22.461] Found 166 possible bad axioms.
[2026-06-26 12:53:22.462] Selected the bad axiom SubClassOf(SleepRelatedBreathingDisorders SleepDisorder).
[2026-06-26 12:53:22.464] Found 165 possible bad axioms.
[2026-06-26 12:53:22.464] Selected the bad axiom SubClassOf(SleepAssessmentTest Sleep).
[2026-06-26 12:53:22.467] Found 164 possible bad axioms.
[2026-06-26 12:53:22.468] Selected the bad axiom SubClassOf(SleepContinuity PoorSleepPattern).
[2026-06-26 12:53:22.471] Found 163 possible bad axioms.
[2026-06-26 12:53:22.472] Selected the bad axiom SubClassOf(SleepOnsetLatency SleepQuality).
[2026-06-26 12:53:22.474] Found 162 possible bad axioms.
[2026-06-26 12:53:22.475] Selected the bad axiom SubClassOf(CaffeinConsumption owl:Nothing).
[2026-06-26 12:53:22.482] Found 161 possible bad axioms.
[2026-06-26 12:53:22.482] Selected the bad axiom SubClassOf(Lighting EnvironmentalFactor).
[2026-06-26 12:53:22.485] Found 160 possible bad axioms.
[2026-06-26 12:53:22.485] Selected the bad axiom SubClassOf(LifestylePattern AffectingFactor).
[2026-06-26 12:53:22.487] Found 159 possible bad axioms.
[2026-06-26 12:53:22.487] Selected the bad axiom SubClassOf(EffectsOfPoorSleep Sleep).
[2026-06-26 12:53:22.490] Found 158 possible bad axioms.
[2026-06-26 12:53:22.490] Selected the bad axiom SubClassOf(AttributeOfSleep AffectingFactor).
[2026-06-26 12:53:22.493] Finished repairing the ontology.
Repairing with A2 (not-in-largest-mcs-removal)...
[2026-06-26 12:53:22.494] Checking precondition...
[2026-06-26 12:53:22.504] Starting the repair...
[2026-06-26 12:53:27.400] Found 4
...[truncated]
SUCCESS: attempt=47 seed=653278 success_count=46/100
progress: ontology=SLEEP attempt=47 success=46/100
----- SLEEP attempt=48 seed=667478 at 2026-06-26 12:53:46 -----
--- stdout ---
{"seed":667478,"run_id":"20260624134028346645","trial_status":"success","error_type":null,"failure_stage":null,"error_message":null,"iic_values":{"B1_vs_A1":0.2767759134389211,"B1_vs_A2":0.002194701363850133,"B1_vs_A3":0.9442008768433638,"B2_vs_A1":0.9719827586206896,"B2_vs_A2":0.5,"B2_vs_A3":0.99860529986053,"B3_vs_A1":0.9719827586206896,"B3_vs_A2":0.5,"B3_vs_A3":0.99860529986053,"B4_vs_A1":1.0,"B4_vs_A2":0.9904761904761905,"B4_vs_A3":0.9991951247556629,"B5_vs_A1":1.0,"B5_vs_A2":0.9904761904761905,"B5_vs_A3":0.9991951247556629,"B6_vs_A1":1.0,"B6_vs_A2":0.9904761904761905,"B6_vs_A3":0.9991951247556629,"B7_vs_A1":1.0,"B7_vs_A2":0.9904761904761905,"B7_vs_A3":0.9991951247556629,"B8_vs_A1":1.0,"B8_vs_A2":0.9904761904761905,"B8_vs_A3":0.9991951247556629,"B9_vs_A1":1.0,"B9_vs_A2":0.9904761904761905,"B9_vs_A3":0.9991951247556629},"repair_runtimes_ms":{"A1":175,"A2":4896,"A3":702,"B1":732,"B2":1675,"B3":4232,"B4":77,"B5":774,"B6":222,"B7":109,"B8":769,"B9":3914}}

--- stderr ---
SingleTrialExperiment starting: ontology=/workspaces/ontologyutils-ekaw26/repair-power-index-replication-ekaw26/ontologies/inconsistent/SLEEP.owl, seed=667478, run_id=20260624134028346645
Loaded ontology.
Normalizing ontology with SROIQ normalization...
Normalized ontology with SROIQ normalization.
Ontology is already inconsistent, skipping make-inconsistent step.
Repairing with A1 (random-removal)...
[2026-06-26 12:53:46.780] Checking precondition...
[2026-06-26 12:53:46.796] Starting the repair...
[2026-06-26 12:53:46.804] Found 172 possible bad axioms.
[2026-06-26 12:53:46.805] Selected the bad axiom SubClassOf(PulseOximetry Electrooculography).
[2026-06-26 12:53:46.810] Found 171 possible bad axioms.
[2026-06-26 12:53:46.810] Selected the bad axiom SubClassOf(PulseOximetry Electromyography).
[2026-06-26 12:53:46.814] Found 170 possible bad axioms.
[2026-06-26 12:53:46.814] Selected the bad axiom SubClassOf(Insomnia ChronicInsomniaDisorder).
[2026-06-26 12:53:46.817] Found 169 possible bad axioms.
[2026-06-26 12:53:46.817] Selected the bad axiom SubClassOf(ChronicInsomniaDisorder ShortTermInsomniaDisorder).
[2026-06-26 12:53:46.820] Found 168 possible bad axioms.
[2026-06-26 12:53:46.820] Selected the bad axiom SubClassOf(OtherHypersomnias CentralDisordersOfHypersomnolence).
[2026-06-26 12:53:46.827] Found 167 possible bad axioms.
[2026-06-26 12:53:46.827] Selected the bad axiom SubClassOf(DepressedMood PsychologicalFactor).
[2026-06-26 12:53:46.830] Found 166 possible bad axioms.
[2026-06-26 12:53:46.830] Selected the bad axiom SubClassOf(Polysomnography SleepApnoeaRecording).
[2026-06-26 12:53:46.833] Found 165 possible bad axioms.
[2026-06-26 12:53:46.833] Selected the bad axiom SubClassOf(TotalSleepTime AttributeOfSleep).
[2026-06-26 12:53:46.837] Found 164 possible bad axioms.
[2026-06-26 12:53:46.837] Selected the bad axiom SubClassOf(SleepRelatedBreathingDisorders Insomnia).
[2026-06-26 12:53:46.841] Found 163 possible bad axioms.
[2026-06-26 12:53:46.842] Selected the bad axiom SubClassOf(MedicineOrSupplement SleepAid).
[2026-06-26 12:53:46.845] Found 162 possible bad axioms.
[2026-06-26 12:53:46.845] Selected the bad axiom SubClassOf(SleepContinuity SleepQuality).
[2026-06-26 12:53:46.852] Found 161 possible bad axioms.
[2026-06-26 12:53:46.852] Selected the bad axiom SubClassOf(SleepRelatedDissociativeDisorders OtherParasomnias).
[2026-06-26 12:53:46.855] Found 160 possible bad axioms.
[2026-06-26 12:53:46.855] Selected the bad axiom SubClassOf(SleepStage SleepSchedule).
[2026-06-26 12:53:46.858] Found 159 possible bad axioms.
[2026-06-26 12:53:46.858] Selected the bad axiom SubClassOf(ShiftWork LifestylePattern).
[2026-06-26 12:53:46.861] Found 158 possible bad axioms.
[2026-06-26 12:53:46.861] Selected the bad axiom SubClassOf(SleepRelatedBreathingDisorders SleepRelatedHypoventilationDisorders).
[2026-06-26 12:53:46.863] Found 157 possible bad axioms.
[2026-06-26 12:53:46.863] Selected the bad axiom SubClassOf(Stress PsychologicalF
...[truncated]
SUCCESS: attempt=48 seed=667478 success_count=47/100
progress: ontology=SLEEP attempt=48 success=47/100
----- SLEEP attempt=49 seed=681678 at 2026-06-26 12:54:05 -----
--- stdout ---
{"seed":681678,"run_id":"20260624134028346645","trial_status":"success","error_type":null,"failure_stage":null,"error_message":null,"iic_values":{"B1_vs_A1":1.0,"B1_vs_A2":0.5,"B1_vs_A3":6.829046209879354E-4,"B2_vs_A1":0.9993968636911942,"B2_vs_A2":0.999317095379012,"B2_vs_A3":0.5,"B3_vs_A1":1.0,"B3_vs_A2":1.0,"B3_vs_A3":6.906077348066298E-4,"B4_vs_A1":0.9993968636911942,"B4_vs_A2":0.999317095379012,"B4_vs_A3":0.5,"B5_vs_A1":0.9993968636911942,"B5_vs_A2":0.999317095379012,"B5_vs_A3":0.5,"B6_vs_A1":0.9993968636911942,"B6_vs_A2":0.999317095379012,"B6_vs_A3":0.5,"B7_vs_A1":0.9993968636911942,"B7_vs_A2":0.999317095379012,"B7_vs_A3":0.5,"B8_vs_A1":0.9993968636911942,"B8_vs_A2":0.999317095379012,"B8_vs_A3":0.5,"B9_vs_A1":0.9993968636911942,"B9_vs_A2":0.999317095379012,"B9_vs_A3":0.5},"repair_runtimes_ms":{"A1":211,"A2":4914,"A3":636,"B1":375,"B2":1409,"B3":4038,"B4":68,"B5":515,"B6":474,"B7":105,"B8":813,"B9":631}}

--- stderr ---
SingleTrialExperiment starting: ontology=/workspaces/ontologyutils-ekaw26/repair-power-index-replication-ekaw26/ontologies/inconsistent/SLEEP.owl, seed=681678, run_id=20260624134028346645
Loaded ontology.
Normalizing ontology with SROIQ normalization...
Normalized ontology with SROIQ normalization.
Ontology is already inconsistent, skipping make-inconsistent step.
Repairing with A1 (random-removal)...
[2026-06-26 12:54:05.847] Checking precondition...
[2026-06-26 12:54:05.862] Starting the repair...
[2026-06-26 12:54:05.870] Found 172 possible bad axioms.
[2026-06-26 12:54:05.871] Selected the bad axiom SubClassOf(ExplodingHeadSyndrome OtherParasomnias).
[2026-06-26 12:54:05.876] Found 171 possible bad axioms.
[2026-06-26 12:54:05.876] Selected the bad axiom SubClassOf(Anxiety PsychologicalFactor).
[2026-06-26 12:54:05.880] Found 170 possible bad axioms.
[2026-06-26 12:54:05.880] Selected the bad axiom SubClassOf(EffectsOfPoorSleep AttributeOfSleep).
[2026-06-26 12:54:05.884] Found 169 possible bad axioms.
[2026-06-26 12:54:05.884] Selected the bad axiom SubClassOf(TimeOfGettingOutOfBed SleepSchedule).
[2026-06-26 12:54:05.891] Found 168 possible bad axioms.
[2026-06-26 12:54:05.891] Selected the bad axiom SubClassOf(EffectsOfPoorSleep TimeOfWakingUp).
[2026-06-26 12:54:05.895] Found 167 possible bad axioms.
[2026-06-26 12:54:05.895] Selected the bad axiom SubClassOf(SleepContinuity SleepQuality).
[2026-06-26 12:54:05.898] Found 166 possible bad axioms.
[2026-06-26 12:54:05.898] Selected the bad axiom SubClassOf(IdiopathicHypersomnia CentralDisordersOfHypersomnolence).
[2026-06-26 12:54:05.901] Found 165 possible bad axioms.
[2026-06-26 12:54:05.901] Selected the bad axiom SubClassOf(TimeOfWakingUp TimeOfFallingAsleep).
[2026-06-26 12:54:05.904] Found 164 possible bad axioms.
[2026-06-26 12:54:05.905] Selected the bad axiom SubClassOf(SleepSchedule AttributeOfSleep).
[2026-06-26 12:54:05.908] Found 163 possible bad axioms.
[2026-06-26 12:54:05.908] Selected the bad axiom SubClassOf(SleepEnuresis OtherParasomnias).
[2026-06-26 12:54:05.911] Found 162 possible bad axioms.
[2026-06-26 12:54:05.911] Selected the bad axiom SubClassOf(LifestylePattern owl:Nothing).
[2026-06-26 12:54:05.919] Found 161 possible bad axioms.
[2026-06-26 12:54:05.919] Selected the bad axiom SubClassOf(Pruritus Pain).
[2026-06-26 12:54:05.922] Found 160 possible bad axioms.
[2026-06-26 12:54:05.922] Selected the bad axiom SubClassOf(ObstructiveSleepApneaDisorders SleepRelatedBreathingDisorders).
[2026-06-26 12:54:05.925] Found 159 possible bad axioms.
[2026-06-26 12:54:05.925] Selected the bad axiom SubClassOf(SleepPattern NormalSleepWakePattern).
[2026-06-26 12:54:05.928] Found 158 possible bad axioms.
[2026-06-26 12:54:05.928] Selected the bad axiom SubClassOf(CaffeinConsumption LifestylePattern).
[2026-06-26 12:54:05.931] Found 157 possible bad axioms.
[2026-06-26 12:54:05.931] Selected the bad axiom SubClassOf(SleepRelatedGroaning OtherParasomnias).
[2026-06-26 12:54:05.
...[truncated]
SUCCESS: attempt=49 seed=681678 success_count=48/100
progress: ontology=SLEEP attempt=49 success=48/100
----- SLEEP attempt=50 seed=695878 at 2026-06-26 12:54:20 -----
--- stdout ---
{"seed":695878,"run_id":"20260624134028346645","trial_status":"success","error_type":null,"failure_stage":null,"error_message":null,"iic_values":{"B1_vs_A1":0.9838358719303699,"B1_vs_A2":0.5,"B1_vs_A3":0.9974723538704582,"B2_vs_A1":0.47548657304754866,"B2_vs_A2":0.0012420431609998447,"B2_vs_A3":0.2996845425867508,"B3_vs_A1":1.0,"B3_vs_A2":0.9904761904761905,"B3_vs_A3":0.9985979124474217,"B4_vs_A1":1.0,"B4_vs_A2":0.9904761904761905,"B4_vs_A3":0.9985979124474217,"B5_vs_A1":1.0,"B5_vs_A2":0.9904761904761905,"B5_vs_A3":0.9985979124474217,"B6_vs_A1":1.0,"B6_vs_A2":0.9904761904761905,"B6_vs_A3":0.9985979124474217,"B7_vs_A1":1.0,"B7_vs_A2":0.9904761904761905,"B7_vs_A3":0.9985979124474217,"B8_vs_A1":1.0,"B8_vs_A2":0.9904761904761905,"B8_vs_A3":0.9985979124474217,"B9_vs_A1":1.0,"B9_vs_A2":0.9904761904761905,"B9_vs_A3":0.9985979124474217},"repair_runtimes_ms":{"A1":191,"A2":4865,"A3":408,"B1":356,"B2":4356,"B3":910,"B4":166,"B5":923,"B6":600,"B7":100,"B8":424,"B9":522}}

--- stderr ---
SingleTrialExperiment starting: ontology=/workspaces/ontologyutils-ekaw26/repair-power-index-replication-ekaw26/ontologies/inconsistent/SLEEP.owl, seed=695878, run_id=20260624134028346645
Loaded ontology.
Normalizing ontology with SROIQ normalization...
Normalized ontology with SROIQ normalization.
Ontology is already inconsistent, skipping make-inconsistent step.
Repairing with A1 (random-removal)...
[2026-06-26 12:54:20.880] Checking precondition...
[2026-06-26 12:54:20.896] Starting the repair...
[2026-06-26 12:54:20.903] Found 172 possible bad axioms.
[2026-06-26 12:54:20.904] Selected the bad axiom SubClassOf(Massage BedtimeRitual).
[2026-06-26 12:54:20.909] Found 171 possible bad axioms.
[2026-06-26 12:54:20.909] Selected the bad axiom SubClassOf(SleepRelatedHallucinations OtherParasomnias).
[2026-06-26 12:54:20.913] Found 170 possible bad axioms.
[2026-06-26 12:54:20.913] Selected the bad axiom SubClassOf(SleepAssessmentTest Sleep).
[2026-06-26 12:54:20.917] Found 169 possible bad axioms.
[2026-06-26 12:54:20.917] Selected the bad axiom SubClassOf(SleepPattern AttributeOfSleep).
[2026-06-26 12:54:20.919] Found 168 possible bad axioms.
[2026-06-26 12:54:20.920] Selected the bad axiom SubClassOf(AttributeOfSleep Sleep).
[2026-06-26 12:54:20.926] Found 167 possible bad axioms.
[2026-06-26 12:54:20.926] Selected the bad axiom SubClassOf(ObstructiveSleepApneaDisorders SleepRelatedBreathingDisorders).
[2026-06-26 12:54:20.929] Found 166 possible bad axioms.
[2026-06-26 12:54:20.929] Selected the bad axiom SubClassOf(SleepPattern NormalSleepWakePattern).
[2026-06-26 12:54:20.932] Found 165 possible bad axioms.
[2026-06-26 12:54:20.932] Selected the bad axiom SubClassOf(EnvironmentalFactor AffectingFactor).
[2026-06-26 12:54:20.935] Found 164 possible bad axioms.
[2026-06-26 12:54:20.936] Selected the bad axiom SubClassOf(Sleep AttributeOfSleep).
[2026-06-26 12:54:20.939] Found 163 possible bad axioms.
[2026-06-26 12:54:20.940] Selected the bad axiom SubClassOf(Lighting EnvironmentalFactor).
[2026-06-26 12:54:20.943] Found 162 possible bad axioms.
[2026-06-26 12:54:20.944] Selected the bad axiom SubClassOf(Therapy MedicineOrSupplement).
[2026-06-26 12:54:20.951] Found 161 possible bad axioms.
[2026-06-26 12:54:20.951] Selected the bad axiom SubClassOf(SleepSchedule SleepStage).
[2026-06-26 12:54:20.953] Found 160 possible bad axioms.
[2026-06-26 12:54:20.954] Selected the bad axiom SubClassOf(Therapy owl:Nothing).
[2026-06-26 12:54:20.956] Found 159 possible bad axioms.
[2026-06-26 12:54:20.956] Selected the bad axiom SubClassOf(NonRapidEyeMovement SleepStage).
[2026-06-26 12:54:20.959] Found 158 possible bad axioms.
[2026-06-26 12:54:20.959] Selected the bad axiom SubClassOf(NicotineConsumption AlcoholConsumption).
[2026-06-26 12:54:20.962] Found 157 possible bad axioms.
[2026-06-26 12:54:20.962] Selected the bad axiom SubClassOf(ListeningToWhiteNoise BedtimeRitual).
[2026-06-26 12:54:20.968] Found 156 possible bad axioms.
[2026-06-26 12:54:20.96
...[truncated]
SUCCESS: attempt=50 seed=695878 success_count=49/100
progress: ontology=SLEEP attempt=50 success=49/100
----- SLEEP attempt=51 seed=710078 at 2026-06-26 12:54:35 -----
--- stdout ---
{"seed":710078,"run_id":"20260624134028346645","trial_status":"success","error_type":null,"failure_stage":null,"error_message":null,"iic_values":{"B1_vs_A1":0.10914179104477612,"B1_vs_A2":8.049678012879485E-4,"B1_vs_A3":0.0013948622573520864,"B2_vs_A1":1.0,"B2_vs_A2":0.5,"B2_vs_A3":0.9904761904761905,"B3_vs_A1":0.10914179104477612,"B3_vs_A2":8.049678012879485E-4,"B3_vs_A3":0.0013948622573520864,"B4_vs_A1":1.0,"B4_vs_A2":0.5,"B4_vs_A3":0.9904761904761905,"B5_vs_A1":1.0,"B5_vs_A2":0.5,"B5_vs_A3":0.9904761904761905,"B6_vs_A1":1.0,"B6_vs_A2":0.5,"B6_vs_A3":0.9904761904761905,"B7_vs_A1":1.0,"B7_vs_A2":0.5,"B7_vs_A3":0.9904761904761905,"B8_vs_A1":1.0,"B8_vs_A2":0.5,"B8_vs_A3":0.9904761904761905,"B9_vs_A1":1.0,"B9_vs_A2":0.5,"B9_vs_A3":0.9904761904761905},"repair_runtimes_ms":{"A1":111,"A2":4937,"A3":407,"B1":372,"B2":3742,"B3":3607,"B4":92,"B5":318,"B6":645,"B7":121,"B8":375,"B9":550}}

--- stderr ---
SingleTrialExperiment starting: ontology=/workspaces/ontologyutils-ekaw26/repair-power-index-replication-ekaw26/ontologies/inconsistent/SLEEP.owl, seed=710078, run_id=20260624134028346645
Loaded ontology.
Normalizing ontology with SROIQ normalization...
Normalized ontology with SROIQ normalization.
Ontology is already inconsistent, skipping make-inconsistent step.
Repairing with A1 (random-removal)...
[2026-06-26 12:54:36.209] Checking precondition...
[2026-06-26 12:54:36.225] Starting the repair...
[2026-06-26 12:54:36.233] Found 172 possible bad axioms.
[2026-06-26 12:54:36.234] Selected the bad axiom SubClassOf(Sleep AttributeOfSleep).
[2026-06-26 12:54:36.239] Found 171 possible bad axioms.
[2026-06-26 12:54:36.240] Selected the bad axiom SubClassOf(Sleep NormalSleepWakePattern).
[2026-06-26 12:54:36.243] Found 170 possible bad axioms.
[2026-06-26 12:54:36.244] Selected the bad axiom SubClassOf(EffectOnDailyFunction EffectsOfPoorSleep).
[2026-06-26 12:54:36.247] Found 169 possible bad axioms.
[2026-06-26 12:54:36.247] Selected the bad axiom SubClassOf(BedtimeRitual AffectingFactor).
[2026-06-26 12:54:36.254] Found 168 possible bad axioms.
[2026-06-26 12:54:36.254] Selected the bad axiom SubClassOf(SleepSchedule SleepStage).
[2026-06-26 12:54:36.257] Found 167 possible bad axioms.
[2026-06-26 12:54:36.258] Selected the bad axiom SubClassOf(RestlessLegsSyndrome owl:Nothing).
[2026-06-26 12:54:36.260] Found 166 possible bad axioms.
[2026-06-26 12:54:36.260] Selected the bad axiom SubClassOf(ExplodingHeadSyndrome SleepRelatedHallucinations).
[2026-06-26 12:54:36.264] Found 165 possible bad axioms.
[2026-06-26 12:54:36.264] Selected the bad axiom SubClassOf(SleepPattern SleepQuality).
[2026-06-26 12:54:36.268] Found 164 possible bad axioms.
[2026-06-26 12:54:36.268] Selected the bad axiom SubClassOf(StageIV NonRapidEyeMovement).
[2026-06-26 12:54:36.271] Found 163 possible bad axioms.
[2026-06-26 12:54:36.271] Selected the bad axiom SubClassOf(NREMRelatedParasomnias Parasomnias).
[2026-06-26 12:54:36.274] Found 162 possible bad axioms.
[2026-06-26 12:54:36.274] Selected the bad axiom SubClassOf(EffectOnMood EffectsOfPoorSleep).
[2026-06-26 12:54:36.282] Found 161 possible bad axioms.
[2026-06-26 12:54:36.282] Selected the bad axiom SubClassOf(TransientSleepWakeRhythmDisorder CircadianRhythmSleepWakeDisorders).
[2026-06-26 12:54:36.285] Found 160 possible bad axioms.
[2026-06-26 12:54:36.285] Selected the bad axiom SubClassOf(SleepRelatedHypoventilationDisorders SleepRelatedBreathingDisorders).
[2026-06-26 12:54:36.288] Found 159 possible bad axioms.
[2026-06-26 12:54:36.288] Selected the bad axiom SubClassOf(LossOfCognitiveFunction EffectsOfPoorSleep).
[2026-06-26 12:54:36.290] Found 158 possible bad axioms.
[2026-06-26 12:54:36.290] Selected the bad axiom SubClassOf(WakeAfterSleepOnset(WASO) SleepContinuity).
[2026-06-26 12:54:36.293] Found 157 possible bad axioms.
[2026-06-26 12:54:36.293] Selected the bad axiom SubClassOf(SleepRelatedHallucinat
...[truncated]
SUCCESS: attempt=51 seed=710078 success_count=50/100
progress: ontology=SLEEP attempt=51 success=50/100
----- SLEEP attempt=52 seed=724278 at 2026-06-26 12:54:51 -----
--- stdout ---
{"seed":724278,"run_id":"20260624134028346645","trial_status":"success","error_type":null,"failure_stage":null,"error_message":null,"iic_values":{"B1_vs_A1":0.35111464968152867,"B1_vs_A2":7.644091117566122E-4,"B1_vs_A3":0.9710205795884083,"B2_vs_A1":0.34736411932979155,"B2_vs_A2":7.647598654022637E-4,"B2_vs_A3":0.9710570469798657,"B3_vs_A1":0.34736411932979155,"B3_vs_A2":7.647598654022637E-4,"B3_vs_A3":0.9710570469798657,"B4_vs_A1":0.9997668454185125,"B4_vs_A2":0.5,"B4_vs_A3":0.999317095379012,"B5_vs_A1":0.9997668454185125,"B5_vs_A2":0.5,"B5_vs_A3":0.999317095379012,"B6_vs_A1":0.9997668454185125,"B6_vs_A2":0.5,"B6_vs_A3":0.999317095379012,"B7_vs_A1":0.9997668454185125,"B7_vs_A2":0.5,"B7_vs_A3":0.999317095379012,"B8_vs_A1":0.9997668454185125,"B8_vs_A2":0.5,"B8_vs_A3":0.999317095379012,"B9_vs_A1":0.9997668454185125,"B9_vs_A2":0.5,"B9_vs_A3":0.999317095379012},"repair_runtimes_ms":{"A1":165,"A2":4944,"A3":409,"B1":361,"B2":5834,"B3":1776,"B4":109,"B5":5234,"B6":1874,"B7":109,"B8":5325,"B9":1970}}

--- stderr ---
SingleTrialExperiment starting: ontology=/workspaces/ontologyutils-ekaw26/repair-power-index-replication-ekaw26/ontologies/inconsistent/SLEEP.owl, seed=724278, run_id=20260624134028346645
Loaded ontology.
Normalizing ontology with SROIQ normalization...
Normalized ontology with SROIQ normalization.
Ontology is already inconsistent, skipping make-inconsistent step.
Repairing with A1 (random-removal)...
[2026-06-26 12:54:52.264] Checking precondition...
[2026-06-26 12:54:52.280] Starting the repair...
[2026-06-26 12:54:52.287] Found 172 possible bad axioms.
[2026-06-26 12:54:52.289] Selected the bad axiom SubClassOf(Noise EnvironmentalFactor).
[2026-06-26 12:54:52.293] Found 171 possible bad axioms.
[2026-06-26 12:54:52.294] Selected the bad axiom SubClassOf(TransientSleepWakeRhythmDisorder ChronicSleepWakeRhythmDisorder).
[2026-06-26 12:54:52.297] Found 170 possible bad axioms.
[2026-06-26 12:54:52.298] Selected the bad axiom SubClassOf(Polysomnography SleepAssessmentTest).
[2026-06-26 12:54:52.301] Found 169 possible bad axioms.
[2026-06-26 12:54:52.301] Selected the bad axiom SubClassOf(Temperature EnvironmentalFactor).
[2026-06-26 12:54:52.304] Found 168 possible bad axioms.
[2026-06-26 12:54:52.304] Selected the bad axiom SubClassOf(RestlessLegsSyndrome owl:Nothing).
[2026-06-26 12:54:52.311] Found 167 possible bad axioms.
[2026-06-26 12:54:52.311] Selected the bad axiom SubClassOf(SleepPattern NormalSleepWakePattern).
[2026-06-26 12:54:52.314] Found 166 possible bad axioms.
[2026-06-26 12:54:52.315] Selected the bad axiom SubClassOf(CircadianRhythmSleepWakeDisorders SleepDisorder).
[2026-06-26 12:54:52.318] Found 165 possible bad axioms.
[2026-06-26 12:54:52.318] Selected the bad axiom SubClassOf(SleepAid AffectingFactor).
[2026-06-26 12:54:52.321] Found 164 possible bad axioms.
[2026-06-26 12:54:52.322] Selected the bad axiom SubClassOf(StretchingExercise BedtimeRitual).
[2026-06-26 12:54:52.325] Found 163 possible bad axioms.
[2026-06-26 12:54:52.325] Selected the bad axiom SubClassOf(TimeOfWakingUp SleepSchedule).
[2026-06-26 12:54:52.328] Found 162 possible bad axioms.
[2026-06-26 12:54:52.328] Selected the bad axiom SubClassOf(DaytimePhysicalActivity LifestylePattern).
[2026-06-26 12:54:52.336] Found 161 possible bad axioms.
[2026-06-26 12:54:52.336] Selected the bad axiom SubClassOf(Insomnia ChronicInsomniaDisorder).
[2026-06-26 12:54:52.339] Found 160 possible bad axioms.
[2026-06-26 12:54:52.339] Selected the bad axiom SubClassOf(AttributeOfSleep NormalSleepWakePattern).
[2026-06-26 12:54:52.341] Found 159 possible bad axioms.
[2026-06-26 12:54:52.342] Selected the bad axiom SubClassOf(SleepRelatedDissociativeDisorders OtherParasomnias).
[2026-06-26 12:54:52.344] Found 158 possible bad axioms.
[2026-06-26 12:54:52.344] Selected the bad axiom SubClassOf(NonRapidEyeMovement SleepStage).
[2026-06-26 12:54:52.347] Found 157 possible bad axioms.
[2026-06-26 12:54:52.347] Selected the bad axiom SubClassOf(SleepStage SleepPattern).
[2026-06-
...[truncated]
SUCCESS: attempt=52 seed=724278 success_count=51/100
progress: ontology=SLEEP attempt=52 success=51/100
----- SLEEP attempt=53 seed=738478 at 2026-06-26 12:55:20 -----
--- stdout ---
{"seed":738478,"run_id":"20260624134028346645","trial_status":"success","error_type":null,"failure_stage":null,"error_message":null,"iic_values":{"B1_vs_A1":0.871967654986523,"B1_vs_A2":0.003986710963455149,"B1_vs_A3":0.871967654986523,"B2_vs_A1":0.07044025157232704,"B2_vs_A2":0.0011637379262190155,"B2_vs_A3":0.07044025157232704,"B3_vs_A1":0.998776758409786,"B3_vs_A2":0.5,"B3_vs_A3":0.998776758409786,"B4_vs_A1":0.9992466475817388,"B4_vs_A2":0.9904761904761905,"B4_vs_A3":0.9992466475817388,"B5_vs_A1":0.9992466475817388,"B5_vs_A2":0.9904761904761905,"B5_vs_A3":0.9992466475817388,"B6_vs_A1":0.9992466475817388,"B6_vs_A2":0.9904761904761905,"B6_vs_A3":0.9992466475817388,"B7_vs_A1":0.9992466475817388,"B7_vs_A2":0.9904761904761905,"B7_vs_A3":0.9992466475817388,"B8_vs_A1":0.9992466475817388,"B8_vs_A2":0.9904761904761905,"B8_vs_A3":0.9992466475817388,"B9_vs_A1":0.9992466475817388,"B9_vs_A2":0.9904761904761905,"B9_vs_A3":0.9992466475817388},"repair_runtimes_ms":{"A1":43,"A2":4933,"A3":412,"B1":1690,"B2":6016,"B3":3944,"B4":70,"B5":443,"B6":3684,"B7":104,"B8":1216,"B9":546}}

--- stderr ---
SingleTrialExperiment starting: ontology=/workspaces/ontologyutils-ekaw26/repair-power-index-replication-ekaw26/ontologies/inconsistent/SLEEP.owl, seed=738478, run_id=20260624134028346645
Loaded ontology.
Normalizing ontology with SROIQ normalization...
Normalized ontology with SROIQ normalization.
Ontology is already inconsistent, skipping make-inconsistent step.
Repairing with A1 (random-removal)...
[2026-06-26 12:55:21.233] Checking precondition...
[2026-06-26 12:55:21.249] Starting the repair...
[2026-06-26 12:55:21.255] Found 172 possible bad axioms.
[2026-06-26 12:55:21.257] Selected the bad axiom SubClassOf(StageIV NonRapidEyeMovement).
[2026-06-26 12:55:21.261] Found 171 possible bad axioms.
[2026-06-26 12:55:21.261] Selected the bad axiom SubClassOf(SleepContinuity SleepQuality).
[2026-06-26 12:55:21.265] Found 170 possible bad axioms.
[2026-06-26 12:55:21.265] Selected the bad axiom SubClassOf(Narcolepsy CentralDisordersOfHypersomnolence).
[2026-06-26 12:55:21.269] Found 169 possible bad axioms.
[2026-06-26 12:55:21.269] Selected the bad axiom SubClassOf(AttributeOfSleep AffectingFactor).
[2026-06-26 12:55:21.271] Finished repairing the ontology.
Repairing with A2 (not-in-largest-mcs-removal)...
[2026-06-26 12:55:21.272] Checking precondition...
[2026-06-26 12:55:21.283] Starting the repair...
[2026-06-26 12:55:26.202] Found 4 possible bad axioms.
[2026-06-26 12:55:26.203] Selected the bad axiom SubClassOf(NormalSleepWakePattern SleepPattern).
[2026-06-26 12:55:26.205] Finished repairing the ontology.
Repairing with A3 (default-weakening)...
[2026-06-26 12:55:26.207] Checking precondition...
[2026-06-26 12:55:26.209] Starting the repair...
[2026-06-26 12:55:26.220] Selected a reference ontology with 275 axioms.
[2026-06-26 12:55:26.559] Selected the bad axiom SubClassOf(AttributeOfSleep AffectingFactor).
[2026-06-26 12:55:26.616] Selected the weaker axiom SubClassOf(AttributeOfSleep AttributeOfSleep).
[2026-06-26 12:55:26.618] Finished repairing the ontology.
Repairing with B1 (bad-in_some_mus-weaker-random)...
[2026-06-26 12:55:26.618] Checking precondition...
[2026-06-26 12:55:26.620] Starting the repair...
[2026-06-26 12:55:26.629] Selected a reference ontology with 275 axioms.
[2026-06-26 12:55:26.951] Selected the bad axiom SubClassOf(NormalSleepWakePattern SleepPattern).
[2026-06-26 12:55:26.978] Selected the weaker axiom SubClassOf(NormalSleepWakePattern SleepRelatedBreathingDisorders).
[2026-06-26 12:55:27.373] Selected the bad axiom SubClassOf(NormalSleepWakePattern SleepRelatedBreathingDisorders).
[2026-06-26 12:55:27.374] Selected the weaker axiom SubClassOf(NormalSleepWakePattern DelayedSleepPhaseSyndrome(DSPS)).
[2026-06-26 12:55:27.813] Selected the bad axiom SubClassOf(CircadianRhythmSleepWakeDisorders SleepDisorder).
[2026-06-26 12:55:27.815] Selected the weaker axiom SubClassOf(CircadianRhythmSleepWakeDisorders Electromyography).
[2026-06-26 12:55:28.306] Selected the bad axiom SubClassOf(AttributeOfSleep AffectingFacto
...[truncated]
SUCCESS: attempt=53 seed=738478 success_count=52/100
progress: ontology=SLEEP attempt=53 success=52/100
----- SLEEP attempt=54 seed=752678 at 2026-06-26 12:55:46 -----
--- stdout ---
{"seed":752678,"run_id":"20260624134028346645","trial_status":"success","error_type":null,"failure_stage":null,"error_message":null,"iic_values":{"B1_vs_A1":0.3448985592472802,"B1_vs_A2":0.5,"B1_vs_A3":0.0,"B2_vs_A1":0.9998205956225332,"B2_vs_A2":0.9992466475817388,"B2_vs_A3":0.9990867579908675,"B3_vs_A1":0.09392987964416535,"B3_vs_A2":0.07044025157232704,"B3_vs_A3":0.06810766721044045,"B4_vs_A1":0.9998205956225332,"B4_vs_A2":0.9992466475817388,"B4_vs_A3":0.9990867579908675,"B5_vs_A1":0.9998205956225332,"B5_vs_A2":0.9992466475817388,"B5_vs_A3":0.9990867579908675,"B6_vs_A1":0.9998205956225332,"B6_vs_A2":0.9992466475817388,"B6_vs_A3":0.9990867579908675,"B7_vs_A1":0.9998205956225332,"B7_vs_A2":0.9992466475817388,"B7_vs_A3":0.9990867579908675,"B8_vs_A1":0.9998205956225332,"B8_vs_A2":0.9992466475817388,"B8_vs_A3":0.9990867579908675,"B9_vs_A1":0.9998205956225332,"B9_vs_A2":0.9992466475817388,"B9_vs_A3":0.9990867579908675},"repair_runtimes_ms":{"A1":171,"A2":4882,"A3":1038,"B1":372,"B2":1363,"B3":4168,"B4":90,"B5":5454,"B6":432,"B7":111,"B8":908,"B9":469}}

--- stderr ---
SingleTrialExperiment starting: ontology=/workspaces/ontologyutils-ekaw26/repair-power-index-replication-ekaw26/ontologies/inconsistent/SLEEP.owl, seed=752678, run_id=20260624134028346645
Loaded ontology.
Normalizing ontology with SROIQ normalization...
Normalized ontology with SROIQ normalization.
Ontology is already inconsistent, skipping make-inconsistent step.
Repairing with A1 (random-removal)...
[2026-06-26 12:55:46.990] Checking precondition...
[2026-06-26 12:55:47.006] Starting the repair...
[2026-06-26 12:55:47.013] Found 172 possible bad axioms.
[2026-06-26 12:55:47.015] Selected the bad axiom SubClassOf(Noise EnvironmentalFactor).
[2026-06-26 12:55:47.020] Found 171 possible bad axioms.
[2026-06-26 12:55:47.020] Selected the bad axiom SubClassOf(SleepDepth SleepQuality).
[2026-06-26 12:55:47.024] Found 170 possible bad axioms.
[2026-06-26 12:55:47.024] Selected the bad axiom SubClassOf(SleepContinuity PoorSleepPattern).
[2026-06-26 12:55:47.027] Found 169 possible bad axioms.
[2026-06-26 12:55:47.028] Selected the bad axiom SubClassOf(Polysomnography SleepAssessmentTest).
[2026-06-26 12:55:47.034] Found 168 possible bad axioms.
[2026-06-26 12:55:47.035] Selected the bad axiom SubClassOf(SleepDisorder Sleep).
[2026-06-26 12:55:47.038] Found 167 possible bad axioms.
[2026-06-26 12:55:47.038] Selected the bad axiom SubClassOf(Temperature Co-Sleeping).
[2026-06-26 12:55:47.041] Found 166 possible bad axioms.
[2026-06-26 12:55:47.041] Selected the bad axiom SubClassOf(Insomnia ChronicInsomniaDisorder).
[2026-06-26 12:55:47.044] Found 165 possible bad axioms.
[2026-06-26 12:55:47.044] Selected the bad axiom SubClassOf(Stress PsychologicalFactor).
[2026-06-26 12:55:47.048] Found 164 possible bad axioms.
[2026-06-26 12:55:47.048] Selected the bad axiom SubClassOf(Humidity Temperature).
[2026-06-26 12:55:47.053] Found 163 possible bad axioms.
[2026-06-26 12:55:47.053] Selected the bad axiom SubClassOf(ObstructiveSleepApneaDisorders SleepRelatedBreathingDisorders).
[2026-06-26 12:55:47.056] Found 162 possible bad axioms.
[2026-06-26 12:55:47.056] Selected the bad axiom SubClassOf(Insomnia CircadianRhythmSleepWakeDisorders).
[2026-06-26 12:55:47.063] Found 161 possible bad axioms.
[2026-06-26 12:55:47.063] Selected the bad axiom SubClassOf(LifestylePattern owl:Nothing).
[2026-06-26 12:55:47.066] Found 160 possible bad axioms.
[2026-06-26 12:55:47.066] Selected the bad axiom SubClassOf(SleepRelatedBreathingDisorders Insomnia).
[2026-06-26 12:55:47.069] Found 159 possible bad axioms.
[2026-06-26 12:55:47.069] Selected the bad axiom SubClassOf(EffectOnDailyFunction EffectsOfPoorSleep).
[2026-06-26 12:55:47.072] Found 158 possible bad axioms.
[2026-06-26 12:55:47.072] Selected the bad axiom SubClassOf(Parasomnias SleepDisorder).
[2026-06-26 12:55:47.074] Found 157 possible bad axioms.
[2026-06-26 12:55:47.074] Selected the bad axiom SubClassOf(SleepApnoeaRecording SleepAssessmentTest).
[2026-06-26 12:55:47.081] Found 156 possible bad axioms.
[2026-06
...[truncated]
SUCCESS: attempt=54 seed=752678 success_count=53/100
progress: ontology=SLEEP attempt=54 success=53/100
----- SLEEP attempt=55 seed=766878 at 2026-06-26 12:56:06 -----
--- stdout ---
{"seed":766878,"run_id":"20260624134028346645","trial_status":"success","error_type":null,"failure_stage":null,"error_message":null,"iic_values":{"B1_vs_A1":1.0,"B1_vs_A2":0.9988493844206651,"B1_vs_A3":0.998776758409786,"B2_vs_A1":0.2998955067920585,"B2_vs_A2":1.0,"B2_vs_A3":0.07044025157232704,"B3_vs_A1":1.0,"B3_vs_A2":0.9988493844206651,"B3_vs_A3":0.998776758409786,"B4_vs_A1":0.999860061572908,"B4_vs_A2":0.999317095379012,"B4_vs_A3":0.9992466475817388,"B5_vs_A1":0.999860061572908,"B5_vs_A2":0.999317095379012,"B5_vs_A3":0.9992466475817388,"B6_vs_A1":0.999860061572908,"B6_vs_A2":0.999317095379012,"B6_vs_A3":0.9992466475817388,"B7_vs_A1":0.999860061572908,"B7_vs_A2":0.999317095379012,"B7_vs_A3":0.9992466475817388,"B8_vs_A1":0.999860061572908,"B8_vs_A2":0.999317095379012,"B8_vs_A3":0.9992466475817388,"B9_vs_A1":0.999860061572908,"B9_vs_A2":0.999317095379012,"B9_vs_A3":0.9992466475817388},"repair_runtimes_ms":{"A1":245,"A2":4838,"A3":404,"B1":362,"B2":4234,"B3":4115,"B4":95,"B5":679,"B6":343,"B7":115,"B8":2982,"B9":561}}

--- stderr ---
SingleTrialExperiment starting: ontology=/workspaces/ontologyutils-ekaw26/repair-power-index-replication-ekaw26/ontologies/inconsistent/SLEEP.owl, seed=766878, run_id=20260624134028346645
Loaded ontology.
Normalizing ontology with SROIQ normalization...
Normalized ontology with SROIQ normalization.
Ontology is already inconsistent, skipping make-inconsistent step.
Repairing with A1 (random-removal)...
[2026-06-26 12:56:07.258] Checking precondition...
[2026-06-26 12:56:07.273] Starting the repair...
[2026-06-26 12:56:07.280] Found 172 possible bad axioms.
[2026-06-26 12:56:07.282] Selected the bad axiom SubClassOf(LifestylePattern owl:Nothing).
[2026-06-26 12:56:07.287] Found 171 possible bad axioms.
[2026-06-26 12:56:07.287] Selected the bad axiom SubClassOf(StageIV StageII).
[2026-06-26 12:56:07.291] Found 170 possible bad axioms.
[2026-06-26 12:56:07.291] Selected the bad axiom SubClassOf(Electroencephalography Electrooculography).
[2026-06-26 12:56:07.295] Found 169 possible bad axioms.
[2026-06-26 12:56:07.295] Selected the bad axiom SubClassOf(Meditation ListeningToWhiteNoise).
[2026-06-26 12:56:07.302] Found 168 possible bad axioms.
[2026-06-26 12:56:07.302] Selected the bad axiom SubClassOf(SleepQuality AttributeOfSleep).
[2026-06-26 12:56:07.305] Found 167 possible bad axioms.
[2026-06-26 12:56:07.305] Selected the bad axiom SubClassOf(TimeOfWakingUp TimeOfGettingOutOfBed).
[2026-06-26 12:56:07.308] Found 166 possible bad axioms.
[2026-06-26 12:56:07.308] Selected the bad axiom SubClassOf(Parasomnias SleepRelatedMovementDisorders).
[2026-06-26 12:56:07.311] Found 165 possible bad axioms.
[2026-06-26 12:56:07.311] Selected the bad axiom SubClassOf(SleepPattern NormalSleepWakePattern).
[2026-06-26 12:56:07.315] Found 164 possible bad axioms.
[2026-06-26 12:56:07.315] Selected the bad axiom SubClassOf(Electromyography Polysomnography).
[2026-06-26 12:56:07.319] Found 163 possible bad axioms.
[2026-06-26 12:56:07.319] Selected the bad axiom SubClassOf(ExplodingHeadSyndrome SleepRelatedHallucinations).
[2026-06-26 12:56:07.322] Found 162 possible bad axioms.
[2026-06-26 12:56:07.322] Selected the bad axiom SubClassOf(TakingNap LifestylePattern).
[2026-06-26 12:56:07.330] Found 161 possible bad axioms.
[2026-06-26 12:56:07.330] Selected the bad axiom SubClassOf(SleepApnoeaRecording SleepAssessmentTest).
[2026-06-26 12:56:07.332] Found 160 possible bad axioms.
[2026-06-26 12:56:07.333] Selected the bad axiom SubClassOf(EffectsOfPoorSleep AttributeOfSleep).
[2026-06-26 12:56:07.335] Found 159 possible bad axioms.
[2026-06-26 12:56:07.335] Selected the bad axiom SubClassOf(BedtimeRitual StretchingExercise).
[2026-06-26 12:56:07.338] Found 158 possible bad axioms.
[2026-06-26 12:56:07.338] Selected the bad axiom SubClassOf(ExplodingHeadSyndrome OtherParasomnias).
[2026-06-26 12:56:07.340] Found 157 possible bad axioms.
[2026-06-26 12:56:07.341] Selected the bad axiom SubClassOf(EffectsOfPoorSleep Sleep).
[2026-06-26 12:56:07.348] Found 156 possibl
...[truncated]
SUCCESS: attempt=55 seed=766878 success_count=54/100
progress: ontology=SLEEP attempt=55 success=54/100
----- SLEEP attempt=56 seed=781078 at 2026-06-26 12:56:26 -----
--- stdout ---
{"seed":781078,"run_id":"20260624134028346645","trial_status":"success","error_type":null,"failure_stage":null,"error_message":null,"iic_values":{"B1_vs_A1":0.9993046864135725,"B1_vs_A2":0.5,"B1_vs_A3":0.9993096306523991,"B2_vs_A1":0.1553711387736284,"B2_vs_A2":6.906077348066298E-4,"B2_vs_A3":0.5077720207253886,"B3_vs_A1":0.9988722864392444,"B3_vs_A2":0.009523809523809525,"B3_vs_A3":0.9988366682177757,"B4_vs_A1":0.9993046864135725,"B4_vs_A2":0.5,"B4_vs_A3":0.9993096306523991,"B5_vs_A1":0.9993046864135725,"B5_vs_A2":0.5,"B5_vs_A3":0.9993096306523991,"B6_vs_A1":0.9993046864135725,"B6_vs_A2":0.5,"B6_vs_A3":0.9993096306523991,"B7_vs_A1":0.9993046864135725,"B7_vs_A2":0.5,"B7_vs_A3":0.9993096306523991,"B8_vs_A1":0.9993046864135725,"B8_vs_A2":0.5,"B8_vs_A3":0.9993096306523991,"B9_vs_A1":0.9993046864135725,"B9_vs_A2":0.5,"B9_vs_A3":0.9993096306523991},"repair_runtimes_ms":{"A1":132,"A2":4932,"A3":405,"B1":329,"B2":5860,"B3":923,"B4":100,"B5":442,"B6":214,"B7":167,"B8":883,"B9":489}}

--- stderr ---
SingleTrialExperiment starting: ontology=/workspaces/ontologyutils-ekaw26/repair-power-index-replication-ekaw26/ontologies/inconsistent/SLEEP.owl, seed=781078, run_id=20260624134028346645
Loaded ontology.
Normalizing ontology with SROIQ normalization...
Normalized ontology with SROIQ normalization.
Ontology is already inconsistent, skipping make-inconsistent step.
Repairing with A1 (random-removal)...
[2026-06-26 12:56:27.045] Checking precondition...
[2026-06-26 12:56:27.061] Starting the repair...
[2026-06-26 12:56:27.068] Found 172 possible bad axioms.
[2026-06-26 12:56:27.070] Selected the bad axiom SubClassOf(Temperature Noise).
[2026-06-26 12:56:27.075] Found 171 possible bad axioms.
[2026-06-26 12:56:27.075] Selected the bad axiom SubClassOf(Humidity Temperature).
[2026-06-26 12:56:27.079] Found 170 possible bad axioms.
[2026-06-26 12:56:27.079] Selected the bad axiom SubClassOf(SleepStage SleepSchedule).
[2026-06-26 12:56:27.083] Found 169 possible bad axioms.
[2026-06-26 12:56:27.083] Selected the bad axiom SubClassOf(TotalSleepTime AttributeOfSleep).
[2026-06-26 12:56:27.086] Found 168 possible bad axioms.
[2026-06-26 12:56:27.086] Selected the bad axiom SubClassOf(LifestylePattern AffectingFactor).
[2026-06-26 12:56:27.093] Found 167 possible bad axioms.
[2026-06-26 12:56:27.093] Selected the bad axiom SubClassOf(AlcoholConsumption LifestylePattern).
[2026-06-26 12:56:27.096] Found 166 possible bad axioms.
[2026-06-26 12:56:27.096] Selected the bad axiom SubClassOf(Anxiety PsychologicalFactor).
[2026-06-26 12:56:27.098] Found 165 possible bad axioms.
[2026-06-26 12:56:27.099] Selected the bad axiom SubClassOf(TimeOfWakingUp TimeOfGoingToBed).
[2026-06-26 12:56:27.102] Found 164 possible bad axioms.
[2026-06-26 12:56:27.102] Selected the bad axiom SubClassOf(FootBathing Meditation).
[2026-06-26 12:56:27.105] Found 163 possible bad axioms.
[2026-06-26 12:56:27.106] Selected the bad axiom SubClassOf(OtherParasomnias Parasomnias).
[2026-06-26 12:56:27.110] Found 162 possible bad axioms.
[2026-06-26 12:56:27.110] Selected the bad axiom SubClassOf(Meditation BedtimeRitual).
[2026-06-26 12:56:27.118] Found 161 possible bad axioms.
[2026-06-26 12:56:27.118] Selected the bad axiom SubClassOf(Fear PsychologicalFactor).
[2026-06-26 12:56:27.120] Found 160 possible bad axioms.
[2026-06-26 12:56:27.120] Selected the bad axiom SubClassOf(CentralSleepApneaSyndromes SleepRelatedHypoventilationDisorders).
[2026-06-26 12:56:27.123] Found 159 possible bad axioms.
[2026-06-26 12:56:27.123] Selected the bad axiom SubClassOf(TimeOfGettingOutOfBed SleepSchedule).
[2026-06-26 12:56:27.126] Found 158 possible bad axioms.
[2026-06-26 12:56:27.126] Selected the bad axiom SubClassOf(CaffeinConsumption owl:Nothing).
[2026-06-26 12:56:27.128] Found 157 possible bad axioms.
[2026-06-26 12:56:27.128] Selected the bad axiom SubClassOf(TimeOfGoingToBed SleepSchedule).
[2026-06-26 12:56:27.135] Found 156 possible bad axioms.
[2026-06-26 12:56:27.135] Selected the bad ax
...[truncated]
SUCCESS: attempt=56 seed=781078 success_count=55/100
progress: ontology=SLEEP attempt=56 success=55/100
----- SLEEP attempt=57 seed=795278 at 2026-06-26 12:56:42 -----
--- stdout ---
{"seed":795278,"run_id":"20260624134028346645","trial_status":"success","error_type":null,"failure_stage":null,"error_message":null,"iic_values":{"B1_vs_A1":0.335,"B1_vs_A2":0.12226352746798844,"B1_vs_A3":0.12226352746798844,"B2_vs_A1":0.999364837398374,"B2_vs_A2":0.9992466475817388,"B2_vs_A3":0.9992466475817388,"B3_vs_A1":0.2583135391923991,"B3_vs_A2":0.07044025157232704,"B3_vs_A3":0.07044025157232704,"B4_vs_A1":0.999364837398374,"B4_vs_A2":0.9992466475817388,"B4_vs_A3":0.9992466475817388,"B5_vs_A1":0.999364837398374,"B5_vs_A2":0.9992466475817388,"B5_vs_A3":0.9992466475817388,"B6_vs_A1":0.999364837398374,"B6_vs_A2":0.9992466475817388,"B6_vs_A3":0.9992466475817388,"B7_vs_A1":0.999364837398374,"B7_vs_A2":0.9992466475817388,"B7_vs_A3":0.9992466475817388,"B8_vs_A1":0.999364837398374,"B8_vs_A2":0.9992466475817388,"B8_vs_A3":0.9992466475817388,"B9_vs_A1":0.999364837398374,"B9_vs_A2":0.9992466475817388,"B9_vs_A3":0.9992466475817388},"repair_runtimes_ms":{"A1":176,"A2":4896,"A3":393,"B1":367,"B2":6098,"B3":4055,"B4":72,"B5":2898,"B6":3687,"B7":109,"B8":5428,"B9":505}}

--- stderr ---
SingleTrialExperiment starting: ontology=/workspaces/ontologyutils-ekaw26/repair-power-index-replication-ekaw26/ontologies/inconsistent/SLEEP.owl, seed=795278, run_id=20260624134028346645
Loaded ontology.
Normalizing ontology with SROIQ normalization...
Normalized ontology with SROIQ normalization.
Ontology is already inconsistent, skipping make-inconsistent step.
Repairing with A1 (random-removal)...
[2026-06-26 12:56:42.791] Checking precondition...
[2026-06-26 12:56:42.808] Starting the repair...
[2026-06-26 12:56:42.815] Found 172 possible bad axioms.
[2026-06-26 12:56:42.817] Selected the bad axiom SubClassOf(SleepAid AffectingFactor).
[2026-06-26 12:56:42.821] Found 171 possible bad axioms.
[2026-06-26 12:56:42.822] Selected the bad axiom SubClassOf(MedicineOrSupplement SleepAid).
[2026-06-26 12:56:42.825] Found 170 possible bad axioms.
[2026-06-26 12:56:42.825] Selected the bad axiom SubClassOf(StageI NonRapidEyeMovement).
[2026-06-26 12:56:42.829] Found 169 possible bad axioms.
[2026-06-26 12:56:42.829] Selected the bad axiom SubClassOf(SleepEnuresis OtherParasomnias).
[2026-06-26 12:56:42.835] Found 168 possible bad axioms.
[2026-06-26 12:56:42.836] Selected the bad axiom SubClassOf(Anxiety PsychologicalFactor).
[2026-06-26 12:56:42.839] Found 167 possible bad axioms.
[2026-06-26 12:56:42.839] Selected the bad axiom SubClassOf(SleepSchedule SleepStage).
[2026-06-26 12:56:42.842] Found 166 possible bad axioms.
[2026-06-26 12:56:42.842] Selected the bad axiom SubClassOf(CaffeinConsumption owl:Nothing).
[2026-06-26 12:56:42.845] Found 165 possible bad axioms.
[2026-06-26 12:56:42.845] Selected the bad axiom SubClassOf(SleepRelatedBreathingDisorders SleepDisorder).
[2026-06-26 12:56:42.849] Found 164 possible bad axioms.
[2026-06-26 12:56:42.849] Selected the bad axiom SubClassOf(Pruritus owl:Nothing).
[2026-06-26 12:56:42.852] Found 163 possible bad axioms.
[2026-06-26 12:56:42.852] Selected the bad axiom SubClassOf(DelayedSleepPhaseSyndrome(DSPS) ChronicSleepWakeRhythmDisorder).
[2026-06-26 12:56:42.856] Found 162 possible bad axioms.
[2026-06-26 12:56:42.856] Selected the bad axiom SubClassOf(TimeOfGettingOutOfBed SleepSchedule).
[2026-06-26 12:56:42.864] Found 161 possible bad axioms.
[2026-06-26 12:56:42.864] Selected the bad axiom SubClassOf(PulseOximetry Polysomnography).
[2026-06-26 12:56:42.867] Found 160 possible bad axioms.
[2026-06-26 12:56:42.867] Selected the bad axiom SubClassOf(PulseOximetry owl:Nothing).
[2026-06-26 12:56:42.870] Found 159 possible bad axioms.
[2026-06-26 12:56:42.870] Selected the bad axiom SubClassOf(IrregularSleepWakePattern SleepPattern).
[2026-06-26 12:56:42.873] Found 158 possible bad axioms.
[2026-06-26 12:56:42.873] Selected the bad axiom SubClassOf(OtherParasomnias Parasomnias).
[2026-06-26 12:56:42.875] Found 157 possible bad axioms.
[2026-06-26 12:56:42.875] Selected the bad axiom SubClassOf(SleepStage SleepPattern).
[2026-06-26 12:56:42.881] Found 156 possible bad axioms.
[2026-06-26 12:56:42.882
...[truncated]
SUCCESS: attempt=57 seed=795278 success_count=56/100
progress: ontology=SLEEP attempt=57 success=56/100
----- SLEEP attempt=58 seed=809478 at 2026-06-26 12:57:11 -----
--- stdout ---
{"seed":809478,"run_id":"20260624134028346645","trial_status":"success","error_type":null,"failure_stage":null,"error_message":null,"iic_values":{"B1_vs_A1":0.9992646157617355,"B1_vs_A2":0.009523809523809525,"B1_vs_A3":0.9986380660537963,"B2_vs_A1":1.0,"B2_vs_A2":7.647598654022637E-4,"B2_vs_A3":0.12941176470588237,"B3_vs_A1":0.9995156212157907,"B3_vs_A2":0.5,"B3_vs_A3":0.999162619326746,"B4_vs_A1":0.9995156212157907,"B4_vs_A2":0.5,"B4_vs_A3":0.999162619326746,"B5_vs_A1":0.9995156212157907,"B5_vs_A2":0.5,"B5_vs_A3":0.999162619326746,"B6_vs_A1":0.9995156212157907,"B6_vs_A2":0.5,"B6_vs_A3":0.999162619326746,"B7_vs_A1":0.9995156212157907,"B7_vs_A2":0.5,"B7_vs_A3":0.999162619326746,"B8_vs_A1":0.9995156212157907,"B8_vs_A2":0.5,"B8_vs_A3":0.999162619326746,"B9_vs_A1":0.9995156212157907,"B9_vs_A2":0.5,"B9_vs_A3":0.999162619326746},"repair_runtimes_ms":{"A1":202,"A2":4868,"A3":708,"B1":374,"B2":5914,"B3":654,"B4":70,"B5":1024,"B6":594,"B7":107,"B8":757,"B9":3774}}

--- stderr ---
SingleTrialExperiment starting: ontology=/workspaces/ontologyutils-ekaw26/repair-power-index-replication-ekaw26/ontologies/inconsistent/SLEEP.owl, seed=809478, run_id=20260624134028346645
Loaded ontology.
Normalizing ontology with SROIQ normalization...
Normalized ontology with SROIQ normalization.
Ontology is already inconsistent, skipping make-inconsistent step.
Repairing with A1 (random-removal)...
[2026-06-26 12:57:12.349] Checking precondition...
[2026-06-26 12:57:12.365] Starting the repair...
[2026-06-26 12:57:12.372] Found 172 possible bad axioms.
[2026-06-26 12:57:12.374] Selected the bad axiom SubClassOf(SleepRelatedBreathingDisorders SleepDisorder).
[2026-06-26 12:57:12.378] Found 171 possible bad axioms.
[2026-06-26 12:57:12.379] Selected the bad axiom SubClassOf(OtherHypersomnias CentralDisordersOfHypersomnolence).
[2026-06-26 12:57:12.382] Found 170 possible bad axioms.
[2026-06-26 12:57:12.383] Selected the bad axiom SubClassOf(SleepRelatedEatingDisorder OtherParasomnias).
[2026-06-26 12:57:12.386] Found 169 possible bad axioms.
[2026-06-26 12:57:12.386] Selected the bad axiom SubClassOf(ObstructiveSleepApneaDisorders SleepRelatedBreathingDisorders).
[2026-06-26 12:57:12.389] Found 168 possible bad axioms.
[2026-06-26 12:57:12.389] Selected the bad axiom SubClassOf(TimeOfFallingAsleep SleepSchedule).
[2026-06-26 12:57:12.396] Found 167 possible bad axioms.
[2026-06-26 12:57:12.396] Selected the bad axiom SubClassOf(Electromyography Polysomnography).
[2026-06-26 12:57:12.399] Found 166 possible bad axioms.
[2026-06-26 12:57:12.399] Selected the bad axiom SubClassOf(SleepAssessmentTest Sleep).
[2026-06-26 12:57:12.402] Found 165 possible bad axioms.
[2026-06-26 12:57:12.403] Selected the bad axiom SubClassOf(AttributeOfSleep NormalSleepWakePattern).
[2026-06-26 12:57:12.406] Found 164 possible bad axioms.
[2026-06-26 12:57:12.407] Selected the bad axiom SubClassOf(IdiopathicHypersomnia CentralDisordersOfHypersomnolence).
[2026-06-26 12:57:12.410] Found 163 possible bad axioms.
[2026-06-26 12:57:12.410] Selected the bad axiom SubClassOf(DaytimePhysicalActivity LifestylePattern).
[2026-06-26 12:57:12.413] Found 162 possible bad axioms.
[2026-06-26 12:57:12.413] Selected the bad axiom SubClassOf(Pruritus PhysicalFactor).
[2026-06-26 12:57:12.420] Found 161 possible bad axioms.
[2026-06-26 12:57:12.421] Selected the bad axiom SubClassOf(PoorSleepPattern SleepPattern).
[2026-06-26 12:57:12.424] Found 160 possible bad axioms.
[2026-06-26 12:57:12.424] Selected the bad axiom SubClassOf(CentralSleepApneaSyndromes SleepRelatedBreathingDisorders).
[2026-06-26 12:57:12.426] Found 159 possible bad axioms.
[2026-06-26 12:57:12.426] Selected the bad axiom SubClassOf(Humidity EnvironmentalFactor).
[2026-06-26 12:57:12.428] Found 158 possible bad axioms.
[2026-06-26 12:57:12.429] Selected the bad axiom SubClassOf(Pain PhysicalFactor).
[2026-06-26 12:57:12.431] Found 157 possible bad axioms.
[2026-06-26 12:57:12.431] Selected the bad axiom SubClassOf
...[truncated]
SUCCESS: attempt=58 seed=809478 success_count=57/100
progress: ontology=SLEEP attempt=58 success=57/100
----- SLEEP attempt=59 seed=823678 at 2026-06-26 12:57:31 -----
--- stdout ---
{"seed":823678,"run_id":"20260624134028346645","trial_status":"success","error_type":null,"failure_stage":null,"error_message":null,"iic_values":{"B1_vs_A1":0.12332439678284182,"B1_vs_A2":0.10163111668757842,"B1_vs_A3":0.001891029429145491,"B2_vs_A1":0.9992707117852976,"B2_vs_A2":0.9992466475817388,"B2_vs_A3":0.9904761904761905,"B3_vs_A1":0.08783783783783784,"B3_vs_A2":0.07044025157232704,"B3_vs_A3":0.0011637379262190155,"B4_vs_A1":0.9992707117852976,"B4_vs_A2":0.9992466475817388,"B4_vs_A3":0.9904761904761905,"B5_vs_A1":0.9992707117852976,"B5_vs_A2":0.9992466475817388,"B5_vs_A3":0.9904761904761905,"B6_vs_A1":0.9992707117852976,"B6_vs_A2":0.9992466475817388,"B6_vs_A3":0.9904761904761905,"B7_vs_A1":0.9992707117852976,"B7_vs_A2":0.9992466475817388,"B7_vs_A3":0.9904761904761905,"B8_vs_A1":0.9992707117852976,"B8_vs_A2":0.9992466475817388,"B8_vs_A3":0.9904761904761905,"B9_vs_A1":0.9992707117852976,"B9_vs_A2":0.9992466475817388,"B9_vs_A3":0.9904761904761905},"repair_runtimes_ms":{"A1":69,"A2":4948,"A3":397,"B1":346,"B2":1735,"B3":4073,"B4":71,"B5":1124,"B6":504,"B7":110,"B8":1027,"B9":688}}

--- stderr ---
SingleTrialExperiment starting: ontology=/workspaces/ontologyutils-ekaw26/repair-power-index-replication-ekaw26/ontologies/inconsistent/SLEEP.owl, seed=823678, run_id=20260624134028346645
Loaded ontology.
Normalizing ontology with SROIQ normalization...
Normalized ontology with SROIQ normalization.
Ontology is already inconsistent, skipping make-inconsistent step.
Repairing with A1 (random-removal)...
[2026-06-26 12:57:32.183] Checking precondition...
[2026-06-26 12:57:32.198] Starting the repair...
[2026-06-26 12:57:32.205] Found 172 possible bad axioms.
[2026-06-26 12:57:32.206] Selected the bad axiom SubClassOf(SleepPattern AttributeOfSleep).
[2026-06-26 12:57:32.211] Found 171 possible bad axioms.
[2026-06-26 12:57:32.212] Selected the bad axiom SubClassOf(StageI StageIV).
[2026-06-26 12:57:32.216] Found 170 possible bad axioms.
[2026-06-26 12:57:32.216] Selected the bad axiom SubClassOf(IrregularSleepWakePattern SleepPattern).
[2026-06-26 12:57:32.219] Found 169 possible bad axioms.
[2026-06-26 12:57:32.220] Selected the bad axiom SubClassOf(Noise EnvironmentalFactor).
[2026-06-26 12:57:32.226] Found 168 possible bad axioms.
[2026-06-26 12:57:32.227] Selected the bad axiom SubClassOf(SleepSchedule SleepStage).
[2026-06-26 12:57:32.230] Found 167 possible bad axioms.
[2026-06-26 12:57:32.230] Selected the bad axiom SubClassOf(Massage BedtimeRitual).
[2026-06-26 12:57:32.233] Found 166 possible bad axioms.
[2026-06-26 12:57:32.233] Selected the bad axiom SubClassOf(StageIV StageII).
[2026-06-26 12:57:32.236] Found 165 possible bad axioms.
[2026-06-26 12:57:32.236] Selected the bad axiom SubClassOf(SleepRelatedHallucinations SleepRelatedDissociativeDisorders).
[2026-06-26 12:57:32.239] Found 164 possible bad axioms.
[2026-06-26 12:57:32.239] Selected the bad axiom SubClassOf(SleepRelatedHypoventilationDisorders SleepRelatedBreathingDisorders).
[2026-06-26 12:57:32.243] Found 163 possible bad axioms.
[2026-06-26 12:57:32.244] Selected the bad axiom SubClassOf(AttributeOfSleep AffectingFactor).
[2026-06-26 12:57:32.247] Finished repairing the ontology.
Repairing with A2 (not-in-largest-mcs-removal)...
[2026-06-26 12:57:32.248] Checking precondition...
[2026-06-26 12:57:32.259] Starting the repair...
[2026-06-26 12:57:37.195] Found 4 possible bad axioms.
[2026-06-26 12:57:37.195] Selected the bad axiom SubClassOf(AttributeOfSleep AffectingFactor).
[2026-06-26 12:57:37.196] Finished repairing the ontology.
Repairing with A3 (default-weakening)...
[2026-06-26 12:57:37.198] Checking precondition...
[2026-06-26 12:57:37.200] Starting the repair...
[2026-06-26 12:57:37.211] Selected a reference ontology with 275 axioms.
[2026-06-26 12:57:37.547] Selected the bad axiom SubClassOf(NormalSleepWakePattern SleepPattern).
[2026-06-26 12:57:37.591] Selected the weaker axiom SubClassOf(NormalSleepWakePattern NormalSleepWakePattern).
[2026-06-26 12:57:37.593] Finished repairing the ontology.
Repairing with B1 (bad-in_some_mus-weaker-random)...
[2026-06-26 12:57
...[truncated]
SUCCESS: attempt=59 seed=823678 success_count=58/100
progress: ontology=SLEEP attempt=59 success=58/100
----- SLEEP attempt=60 seed=837878 at 2026-06-26 12:57:47 -----
--- stdout ---
{"seed":837878,"run_id":"20260624134028346645","trial_status":"success","error_type":null,"failure_stage":null,"error_message":null,"iic_values":{"B1_vs_A1":0.9743687834736037,"B1_vs_A2":0.9739805825242719,"B1_vs_A3":7.882705344474224E-4,"B2_vs_A1":1.0,"B2_vs_A2":1.0,"B2_vs_A3":8.049678012879485E-4,"B3_vs_A1":0.9988545246277205,"B3_vs_A2":0.9988493844206651,"B3_vs_A3":0.009523809523809525,"B4_vs_A1":0.9993201133144476,"B4_vs_A2":0.999317095379012,"B4_vs_A3":0.5,"B5_vs_A1":0.9993201133144476,"B5_vs_A2":0.999317095379012,"B5_vs_A3":0.5,"B6_vs_A1":0.9993201133144476,"B6_vs_A2":0.999317095379012,"B6_vs_A3":0.5,"B7_vs_A1":0.9993201133144476,"B7_vs_A2":0.999317095379012,"B7_vs_A3":0.5,"B8_vs_A1":0.9993201133144476,"B8_vs_A2":0.999317095379012,"B8_vs_A3":0.5,"B9_vs_A1":0.9993201133144476,"B9_vs_A2":0.999317095379012,"B9_vs_A3":0.5},"repair_runtimes_ms":{"A1":82,"A2":4945,"A3":392,"B1":358,"B2":3544,"B3":827,"B4":83,"B5":717,"B6":1972,"B7":115,"B8":753,"B9":633}}

--- stderr ---
SingleTrialExperiment starting: ontology=/workspaces/ontologyutils-ekaw26/repair-power-index-replication-ekaw26/ontologies/inconsistent/SLEEP.owl, seed=837878, run_id=20260624134028346645
Loaded ontology.
Normalizing ontology with SROIQ normalization...
Normalized ontology with SROIQ normalization.
Ontology is already inconsistent, skipping make-inconsistent step.
Repairing with A1 (random-removal)...
[2026-06-26 12:57:48.077] Checking precondition...
[2026-06-26 12:57:48.092] Starting the repair...
[2026-06-26 12:57:48.099] Found 172 possible bad axioms.
[2026-06-26 12:57:48.101] Selected the bad axiom SubClassOf(StretchingExercise ListeningToWhiteNoise).
[2026-06-26 12:57:48.105] Found 171 possible bad axioms.
[2026-06-26 12:57:48.105] Selected the bad axiom SubClassOf(BedtimeRitual AffectingFactor).
[2026-06-26 12:57:48.109] Found 170 possible bad axioms.
[2026-06-26 12:57:48.110] Selected the bad axiom SubClassOf(SleepRelatedDissociativeDisorders OtherParasomnias).
[2026-06-26 12:57:48.113] Found 169 possible bad axioms.
[2026-06-26 12:57:48.113] Selected the bad axiom SubClassOf(SleepStage AttributeOfSleep).
[2026-06-26 12:57:48.121] Found 168 possible bad axioms.
[2026-06-26 12:57:48.121] Selected the bad axiom SubClassOf(Polysomnography SleepAssessmentTest).
[2026-06-26 12:57:48.124] Found 167 possible bad axioms.
[2026-06-26 12:57:48.124] Selected the bad axiom SubClassOf(BedtimeRitual StretchingExercise).
[2026-06-26 12:57:48.127] Found 166 possible bad axioms.
[2026-06-26 12:57:48.127] Selected the bad axiom SubClassOf(SleepQuality AttributeOfSleep).
[2026-06-26 12:57:48.130] Found 165 possible bad axioms.
[2026-06-26 12:57:48.130] Selected the bad axiom SubClassOf(LossOfCognitiveFunction EffectOnDailyFunction).
[2026-06-26 12:57:48.133] Found 164 possible bad axioms.
[2026-06-26 12:57:48.133] Selected the bad axiom SubClassOf(SleepStage SleepSchedule).
[2026-06-26 12:57:48.138] Found 163 possible bad axioms.
[2026-06-26 12:57:48.138] Selected the bad axiom SubClassOf(WakeAfterSleepOnset(WASO) SleepContinuity).
[2026-06-26 12:57:48.141] Found 162 possible bad axioms.
[2026-06-26 12:57:48.141] Selected the bad axiom SubClassOf(IrregularSleepWakeCycle ChronicSleepWakeRhythmDisorder).
[2026-06-26 12:57:48.148] Found 161 possible bad axioms.
[2026-06-26 12:57:48.149] Selected the bad axiom SubClassOf(EffectsOfPoorSleep TimeOfWakingUp).
[2026-06-26 12:57:48.151] Found 160 possible bad axioms.
[2026-06-26 12:57:48.152] Selected the bad axiom SubClassOf(AffectingFactor owl:Nothing).
[2026-06-26 12:57:48.154] Finished repairing the ontology.
Repairing with A2 (not-in-largest-mcs-removal)...
[2026-06-26 12:57:48.155] Checking precondition...
[2026-06-26 12:57:48.160] Starting the repair...
[2026-06-26 12:57:53.098] Found 4 possible bad axioms.
[2026-06-26 12:57:53.098] Selected the bad axiom SubClassOf(AffectingFactor owl:Nothing).
[2026-06-26 12:57:53.099] Finished repairing the ontology.
Repairing with A3 (default-weakening)...
[2026-06-26 12:
...[truncated]
SUCCESS: attempt=60 seed=837878 success_count=59/100
progress: ontology=SLEEP attempt=60 success=59/100
----- SLEEP attempt=61 seed=852078 at 2026-06-26 12:58:03 -----
--- stdout ---
{"seed":852078,"run_id":"20260624134028346645","trial_status":"success","error_type":null,"failure_stage":null,"error_message":null,"iic_values":{"B1_vs_A1":0.9988163929575381,"B1_vs_A2":0.9988493844206651,"B1_vs_A3":0.998776758409786,"B2_vs_A1":0.9988163929575381,"B2_vs_A2":0.9988493844206651,"B2_vs_A3":0.998776758409786,"B3_vs_A1":1.0,"B3_vs_A2":0.9710570469798657,"B3_vs_A3":1.0,"B4_vs_A1":0.9992707117852976,"B4_vs_A2":0.999317095379012,"B4_vs_A3":0.9992466475817388,"B5_vs_A1":0.9992707117852976,"B5_vs_A2":0.999317095379012,"B5_vs_A3":0.9992466475817388,"B6_vs_A1":0.9992707117852976,"B6_vs_A2":0.999317095379012,"B6_vs_A3":0.9992466475817388,"B7_vs_A1":0.9992707117852976,"B7_vs_A2":0.999317095379012,"B7_vs_A3":0.9992466475817388,"B8_vs_A1":0.9992707117852976,"B8_vs_A2":0.999317095379012,"B8_vs_A3":0.9992466475817388,"B9_vs_A1":0.9992707117852976,"B9_vs_A2":0.999317095379012,"B9_vs_A3":0.9992466475817388},"repair_runtimes_ms":{"A1":85,"A2":4925,"A3":419,"B1":360,"B2":880,"B3":4160,"B4":87,"B5":811,"B6":1966,"B7":143,"B8":1044,"B9":709}}

--- stderr ---
SingleTrialExperiment starting: ontology=/workspaces/ontologyutils-ekaw26/repair-power-index-replication-ekaw26/ontologies/inconsistent/SLEEP.owl, seed=852078, run_id=20260624134028346645
Loaded ontology.
Normalizing ontology with SROIQ normalization...
Normalized ontology with SROIQ normalization.
Ontology is already inconsistent, skipping make-inconsistent step.
Repairing with A1 (random-removal)...
[2026-06-26 12:58:03.394] Checking precondition...
[2026-06-26 12:58:03.409] Starting the repair...
[2026-06-26 12:58:03.417] Found 172 possible bad axioms.
[2026-06-26 12:58:03.419] Selected the bad axiom SubClassOf(Temperature Co-Sleeping).
[2026-06-26 12:58:03.423] Found 171 possible bad axioms.
[2026-06-26 12:58:03.424] Selected the bad axiom SubClassOf(TransientSleepWakeRhythmDisorder CircadianRhythmSleepWakeDisorders).
[2026-06-26 12:58:03.428] Found 170 possible bad axioms.
[2026-06-26 12:58:03.428] Selected the bad axiom SubClassOf(SleepApnoeaRecording SleepAssessmentTest).
[2026-06-26 12:58:03.431] Found 169 possible bad axioms.
[2026-06-26 12:58:03.432] Selected the bad axiom SubClassOf(DaytimePhysicalActivity LifestylePattern).
[2026-06-26 12:58:03.435] Found 168 possible bad axioms.
[2026-06-26 12:58:03.435] Selected the bad axiom SubClassOf(AffectingFactor Sleep).
[2026-06-26 12:58:03.442] Found 167 possible bad axioms.
[2026-06-26 12:58:03.443] Selected the bad axiom SubClassOf(SleepRelatedDissociativeDisorders OtherParasomnias).
[2026-06-26 12:58:03.445] Found 166 possible bad axioms.
[2026-06-26 12:58:03.445] Selected the bad axiom SubClassOf(TimeOfWakingUp TimeOfGettingOutOfBed).
[2026-06-26 12:58:03.448] Found 165 possible bad axioms.
[2026-06-26 12:58:03.448] Selected the bad axiom SubClassOf(SleepRelatedHallucinations SleepRelatedDissociativeDisorders).
[2026-06-26 12:58:03.451] Found 164 possible bad axioms.
[2026-06-26 12:58:03.452] Selected the bad axiom SubClassOf(LossOfCognitiveFunction EffectOnDailyFunction).
[2026-06-26 12:58:03.455] Found 163 possible bad axioms.
[2026-06-26 12:58:03.455] Selected the bad axiom SubClassOf(InsufficientPhysicalRecovery EffectsOfPoorSleep).
[2026-06-26 12:58:03.458] Found 162 possible bad axioms.
[2026-06-26 12:58:03.459] Selected the bad axiom SubClassOf(RestlessLegsSyndrome owl:Nothing).
[2026-06-26 12:58:03.466] Found 161 possible bad axioms.
[2026-06-26 12:58:03.467] Selected the bad axiom SubClassOf(Electrocardiography Polysomnography).
[2026-06-26 12:58:03.469] Found 160 possible bad axioms.
[2026-06-26 12:58:03.470] Selected the bad axiom SubClassOf(IrregularSleepWakeCycle ChronicSleepWakeRhythmDisorder).
[2026-06-26 12:58:03.472] Found 159 possible bad axioms.
[2026-06-26 12:58:03.472] Selected the bad axiom SubClassOf(AttributeOfSleep AffectingFactor).
[2026-06-26 12:58:03.474] Finished repairing the ontology.
Repairing with A2 (not-in-largest-mcs-removal)...
[2026-06-26 12:58:03.475] Checking precondition...
[2026-06-26 12:58:03.486] Starting the repair...
[2026-06-26 12:58:08.398]
...[truncated]
SUCCESS: attempt=61 seed=852078 success_count=60/100
progress: ontology=SLEEP attempt=61 success=60/100
----- SLEEP attempt=62 seed=866278 at 2026-06-26 12:58:20 -----
--- stdout ---
{"seed":866278,"run_id":"20260624134028346645","trial_status":"success","error_type":null,"failure_stage":null,"error_message":null,"iic_values":{"B1_vs_A1":0.9994823346706354,"B1_vs_A2":0.998776758409786,"B1_vs_A3":0.9966686856450636,"B2_vs_A1":0.9994823346706354,"B2_vs_A2":0.998776758409786,"B2_vs_A3":0.9966686856450636,"B3_vs_A1":1.0,"B3_vs_A2":1.0,"B3_vs_A3":0.5695159629248198,"B4_vs_A1":0.9996167603474706,"B4_vs_A2":0.9992466475817388,"B4_vs_A3":0.9982054733064154,"B5_vs_A1":0.9996167603474706,"B5_vs_A2":0.9992466475817388,"B5_vs_A3":0.9982054733064154,"B6_vs_A1":0.9996167603474706,"B6_vs_A2":0.9992466475817388,"B6_vs_A3":0.9982054733064154,"B7_vs_A1":0.9996167603474706,"B7_vs_A2":0.9992466475817388,"B7_vs_A3":0.9982054733064154,"B8_vs_A1":0.9996167603474706,"B8_vs_A2":0.9992466475817388,"B8_vs_A3":0.9982054733064154,"B9_vs_A1":0.9996167603474706,"B9_vs_A2":0.9992466475817388,"B9_vs_A3":0.9982054733064154},"repair_runtimes_ms":{"A1":192,"A2":4888,"A3":787,"B1":357,"B2":5987,"B3":1970,"B4":69,"B5":5067,"B6":4003,"B7":105,"B8":6227,"B9":3786}}

--- stderr ---
SingleTrialExperiment starting: ontology=/workspaces/ontologyutils-ekaw26/repair-power-index-replication-ekaw26/ontologies/inconsistent/SLEEP.owl, seed=866278, run_id=20260624134028346645
Loaded ontology.
Normalizing ontology with SROIQ normalization...
Normalized ontology with SROIQ normalization.
Ontology is already inconsistent, skipping make-inconsistent step.
Repairing with A1 (random-removal)...
[2026-06-26 12:58:20.599] Checking precondition...
[2026-06-26 12:58:20.615] Starting the repair...
[2026-06-26 12:58:20.622] Found 172 possible bad axioms.
[2026-06-26 12:58:20.624] Selected the bad axiom SubClassOf(RapidEyeMovement SleepStage).
[2026-06-26 12:58:20.628] Found 171 possible bad axioms.
[2026-06-26 12:58:20.629] Selected the bad axiom SubClassOf(StageII NonRapidEyeMovement).
[2026-06-26 12:58:20.633] Found 170 possible bad axioms.
[2026-06-26 12:58:20.634] Selected the bad axiom SubClassOf(TimeOfWakingUp TimeOfGoingToBed).
[2026-06-26 12:58:20.637] Found 169 possible bad axioms.
[2026-06-26 12:58:20.637] Selected the bad axiom SubClassOf(Temperature EnvironmentalFactor).
[2026-06-26 12:58:20.640] Found 168 possible bad axioms.
[2026-06-26 12:58:20.640] Selected the bad axiom SubClassOf(TotalSleepTime AttributeOfSleep).
[2026-06-26 12:58:20.647] Found 167 possible bad axioms.
[2026-06-26 12:58:20.647] Selected the bad axiom SubClassOf(SleepAid AffectingFactor).
[2026-06-26 12:58:20.650] Found 166 possible bad axioms.
[2026-06-26 12:58:20.651] Selected the bad axiom SubClassOf(SleepRelatedBreathingDisorders SleepRelatedHypoventilationDisorders).
[2026-06-26 12:58:20.654] Found 165 possible bad axioms.
[2026-06-26 12:58:20.654] Selected the bad axiom SubClassOf(StageIII NonRapidEyeMovement).
[2026-06-26 12:58:20.657] Found 164 possible bad axioms.
[2026-06-26 12:58:20.657] Selected the bad axiom SubClassOf(FootBathing BedtimeRitual).
[2026-06-26 12:58:20.660] Found 163 possible bad axioms.
[2026-06-26 12:58:20.661] Selected the bad axiom SubClassOf(TimeOfGoingToBed TimeOfGettingOutOfBed).
[2026-06-26 12:58:20.664] Found 162 possible bad axioms.
[2026-06-26 12:58:20.664] Selected the bad axiom SubClassOf(ExplodingHeadSyndrome SleepRelatedHallucinations).
[2026-06-26 12:58:20.672] Found 161 possible bad axioms.
[2026-06-26 12:58:20.672] Selected the bad axiom SubClassOf(TransientSleepWakeRhythmDisorder ChronicSleepWakeRhythmDisorder).
[2026-06-26 12:58:20.675] Found 160 possible bad axioms.
[2026-06-26 12:58:20.675] Selected the bad axiom SubClassOf(Fear PsychologicalFactor).
[2026-06-26 12:58:20.678] Found 159 possible bad axioms.
[2026-06-26 12:58:20.678] Selected the bad axiom SubClassOf(SleepQuality AttributeOfSleep).
[2026-06-26 12:58:20.681] Found 158 possible bad axioms.
[2026-06-26 12:58:20.681] Selected the bad axiom SubClassOf(AttributeOfSleep NormalSleepWakePattern).
[2026-06-26 12:58:20.683] Found 157 possible bad axioms.
[2026-06-26 12:58:20.683] Selected the bad axiom SubClassOf(SleepOnsetLatency SleepQuality).
[2026-06-26 1
...[truncated]
SUCCESS: attempt=62 seed=866278 success_count=61/100
progress: ontology=SLEEP attempt=62 success=61/100
----- SLEEP attempt=63 seed=880478 at 2026-06-26 12:58:56 -----
--- stdout ---
{"seed":880478,"run_id":"20260624134028346645","trial_status":"success","error_type":null,"failure_stage":null,"error_message":null,"iic_values":{"B1_vs_A1":0.9951923076923077,"B1_vs_A2":0.999317095379012,"B1_vs_A3":0.9904761904761905,"B2_vs_A1":0.9951923076923077,"B2_vs_A2":0.999317095379012,"B2_vs_A3":0.9904761904761905,"B3_vs_A1":0.0021146616541353382,"B3_vs_A2":1.0,"B3_vs_A3":0.0013948622573520864,"B4_vs_A1":0.9951923076923077,"B4_vs_A2":0.999317095379012,"B4_vs_A3":0.9904761904761905,"B5_vs_A1":0.9951923076923077,"B5_vs_A2":0.999317095379012,"B5_vs_A3":0.9904761904761905,"B6_vs_A1":0.9951923076923077,"B6_vs_A2":0.999317095379012,"B6_vs_A3":0.9904761904761905,"B7_vs_A1":0.9951923076923077,"B7_vs_A2":0.999317095379012,"B7_vs_A3":0.9904761904761905,"B8_vs_A1":0.9951923076923077,"B8_vs_A2":0.999317095379012,"B8_vs_A3":0.9904761904761905,"B9_vs_A1":0.9951923076923077,"B9_vs_A2":0.999317095379012,"B9_vs_A3":0.9904761904761905},"repair_runtimes_ms":{"A1":45,"A2":4972,"A3":392,"B1":346,"B2":6014,"B3":3948,"B4":75,"B5":969,"B6":579,"B7":119,"B8":3062,"B9":3768}}

--- stderr ---
SingleTrialExperiment starting: ontology=/workspaces/ontologyutils-ekaw26/repair-power-index-replication-ekaw26/ontologies/inconsistent/SLEEP.owl, seed=880478, run_id=20260624134028346645
Loaded ontology.
Normalizing ontology with SROIQ normalization...
Normalized ontology with SROIQ normalization.
Ontology is already inconsistent, skipping make-inconsistent step.
Repairing with A1 (random-removal)...
[2026-06-26 12:58:56.730] Checking precondition...
[2026-06-26 12:58:56.747] Starting the repair...
[2026-06-26 12:58:56.753] Found 172 possible bad axioms.
[2026-06-26 12:58:56.754] Selected the bad axiom SubClassOf(CentralSleepApneaSyndromes SleepRelatedHypoventilationDisorders).
[2026-06-26 12:58:56.759] Found 171 possible bad axioms.
[2026-06-26 12:58:56.759] Selected the bad axiom SubClassOf(TimeOfWakingUp TimeOfGoingToBed).
[2026-06-26 12:58:56.763] Found 170 possible bad axioms.
[2026-06-26 12:58:56.763] Selected the bad axiom SubClassOf(GoodSleepPattern SleepPattern).
[2026-06-26 12:58:56.767] Found 169 possible bad axioms.
[2026-06-26 12:58:56.767] Selected the bad axiom SubClassOf(NormalSleepWakePattern SleepPattern).
[2026-06-26 12:58:56.770] Finished repairing the ontology.
Repairing with A2 (not-in-largest-mcs-removal)...
[2026-06-26 12:58:56.771] Checking precondition...
[2026-06-26 12:58:56.781] Starting the repair...
[2026-06-26 12:59:01.741] Found 4 possible bad axioms.
[2026-06-26 12:59:01.742] Selected the bad axiom SubClassOf(AffectingFactor owl:Nothing).
[2026-06-26 12:59:01.743] Finished repairing the ontology.
Repairing with A3 (default-weakening)...
[2026-06-26 12:59:01.745] Checking precondition...
[2026-06-26 12:59:01.748] Starting the repair...
[2026-06-26 12:59:01.761] Selected a reference ontology with 275 axioms.
[2026-06-26 12:59:02.092] Selected the bad axiom SubClassOf(NormalSleepWakePattern SleepPattern).
[2026-06-26 12:59:02.134] Selected the weaker axiom SubClassOf(Narcolepsy SleepPattern).
[2026-06-26 12:59:02.136] Finished repairing the ontology.
Repairing with B1 (bad-in_some_mus-weaker-random)...
[2026-06-26 12:59:02.137] Checking precondition...
[2026-06-26 12:59:02.138] Starting the repair...
[2026-06-26 12:59:02.146] Selected a reference ontology with 275 axioms.
[2026-06-26 12:59:02.457] Selected the bad axiom SubClassOf(owl:Thing NormalSleepWakePattern).
[2026-06-26 12:59:02.481] Selected the weaker axiom SubClassOf(SleepStage NormalSleepWakePattern).
[2026-06-26 12:59:02.483] Finished repairing the ontology.
Repairing with B2 (bad-in_some_mus-weaker-shapley)...
[2026-06-26 12:59:02.484] Checking precondition...
[2026-06-26 12:59:02.486] Starting the repair...
[2026-06-26 12:59:02.495] Selected a reference ontology with 275 axioms.
[2026-06-26 12:59:02.829] Selected the bad axiom SubClassOf(owl:Thing NormalSleepWakePattern).
[PowerIndexWeakerAxiomSelector] Scoring 210 candidate weakenings for ⊤ ⊑ NormalSleepWakePattern
[PowerIndexWeakerAxiomSelector] Selected weaker axiom: AbnormalSleepPattern ⊑ NormalSle
...[truncated]
SUCCESS: attempt=63 seed=880478 success_count=62/100
progress: ontology=SLEEP attempt=63 success=62/100
----- SLEEP attempt=64 seed=894678 at 2026-06-26 12:59:21 -----
--- stdout ---
{"seed":894678,"run_id":"20260624134028346645","trial_status":"success","error_type":null,"failure_stage":null,"error_message":null,"iic_values":{"B1_vs_A1":0.007762614248153249,"B1_vs_A2":0.0017073170731707317,"B1_vs_A3":0.0017073170731707317,"B2_vs_A1":0.9967845659163987,"B2_vs_A2":0.5,"B2_vs_A3":0.5,"B3_vs_A1":0.0033242312715184613,"B3_vs_A2":6.906077348066298E-4,"B3_vs_A3":6.906077348066298E-4,"B4_vs_A1":0.9967845659163987,"B4_vs_A2":0.5,"B4_vs_A3":0.5,"B5_vs_A1":0.9967845659163987,"B5_vs_A2":0.5,"B5_vs_A3":0.5,"B6_vs_A1":0.9967845659163987,"B6_vs_A2":0.5,"B6_vs_A3":0.5,"B7_vs_A1":0.9967845659163987,"B7_vs_A2":0.5,"B7_vs_A3":0.5,"B8_vs_A1":0.9967845659163987,"B8_vs_A2":0.5,"B8_vs_A3":0.5,"B9_vs_A1":0.9967845659163987,"B9_vs_A2":0.5,"B9_vs_A3":0.5},"repair_runtimes_ms":{"A1":61,"A2":4930,"A3":395,"B1":1232,"B2":6088,"B3":1731,"B4":91,"B5":332,"B6":1927,"B7":112,"B8":2958,"B9":1980}}

--- stderr ---
SingleTrialExperiment starting: ontology=/workspaces/ontologyutils-ekaw26/repair-power-index-replication-ekaw26/ontologies/inconsistent/SLEEP.owl, seed=894678, run_id=20260624134028346645
Loaded ontology.
Normalizing ontology with SROIQ normalization...
Normalized ontology with SROIQ normalization.
Ontology is already inconsistent, skipping make-inconsistent step.
Repairing with A1 (random-removal)...
[2026-06-26 12:59:21.903] Checking precondition...
[2026-06-26 12:59:21.918] Starting the repair...
[2026-06-26 12:59:21.925] Found 172 possible bad axioms.
[2026-06-26 12:59:21.927] Selected the bad axiom SubClassOf(SleepingSpace EnvironmentalFactor).
[2026-06-26 12:59:21.932] Found 171 possible bad axioms.
[2026-06-26 12:59:21.932] Selected the bad axiom SubClassOf(Parasomnias SleepRelatedMovementDisorders).
[2026-06-26 12:59:21.936] Found 170 possible bad axioms.
[2026-06-26 12:59:21.936] Selected the bad axiom SubClassOf(LifestylePattern owl:Nothing).
[2026-06-26 12:59:21.940] Found 169 possible bad axioms.
[2026-06-26 12:59:21.940] Selected the bad axiom SubClassOf(ShortTermInsomniaDisorder ChronicInsomniaDisorder).
[2026-06-26 12:59:21.942] Found 168 possible bad axioms.
[2026-06-26 12:59:21.943] Selected the bad axiom SubClassOf(Humidity EnvironmentalFactor).
[2026-06-26 12:59:21.950] Found 167 possible bad axioms.
[2026-06-26 12:59:21.950] Selected the bad axiom SubClassOf(SleepRelatedEatingDisorder SleepRelatedGroaning).
[2026-06-26 12:59:21.953] Found 166 possible bad axioms.
[2026-06-26 12:59:21.954] Selected the bad axiom SubClassOf(InsufficientPhysicalRecovery EffectsOfPoorSleep).
[2026-06-26 12:59:21.957] Found 165 possible bad axioms.
[2026-06-26 12:59:21.957] Selected the bad axiom SubClassOf(NormalSleepWakePattern SleepPattern).
[2026-06-26 12:59:21.960] Finished repairing the ontology.
Repairing with A2 (not-in-largest-mcs-removal)...
[2026-06-26 12:59:21.961] Checking precondition...
[2026-06-26 12:59:21.968] Starting the repair...
[2026-06-26 12:59:26.890] Found 4 possible bad axioms.
[2026-06-26 12:59:26.891] Selected the bad axiom SubClassOf(owl:Thing NormalSleepWakePattern).
[2026-06-26 12:59:26.891] Finished repairing the ontology.
Repairing with A3 (default-weakening)...
[2026-06-26 12:59:26.892] Checking precondition...
[2026-06-26 12:59:26.895] Starting the repair...
[2026-06-26 12:59:26.907] Selected a reference ontology with 275 axioms.
[2026-06-26 12:59:27.240] Selected the bad axiom SubClassOf(owl:Thing NormalSleepWakePattern).
[2026-06-26 12:59:27.285] Selected the weaker axiom SubClassOf(owl:Thing owl:Thing).
[2026-06-26 12:59:27.287] Finished repairing the ontology.
Repairing with B1 (bad-in_some_mus-weaker-random)...
[2026-06-26 12:59:27.287] Checking precondition...
[2026-06-26 12:59:27.289] Starting the repair...
[2026-06-26 12:59:27.300] Selected a reference ontology with 275 axioms.
[2026-06-26 12:59:27.618] Selected the bad axiom SubClassOf(NormalSleepWakePattern SleepPattern).
[2026-06-26 12:59:27.646] Select
...[truncated]
SUCCESS: attempt=64 seed=894678 success_count=63/100
progress: ontology=SLEEP attempt=64 success=63/100
----- SLEEP attempt=65 seed=908878 at 2026-06-26 12:59:44 -----
--- stdout ---
{"seed":908878,"run_id":"20260624134028346645","trial_status":"success","error_type":null,"failure_stage":null,"error_message":null,"iic_values":{"B1_vs_A1":0.9992506556762832,"B1_vs_A2":0.9988493844206651,"B1_vs_A3":0.009523809523809525,"B2_vs_A1":0.34994807892004154,"B2_vs_A2":1.0,"B2_vs_A3":6.906077348066298E-4,"B3_vs_A1":0.9992506556762832,"B3_vs_A2":0.9988493844206651,"B3_vs_A3":0.009523809523809525,"B4_vs_A1":0.9995065383666419,"B4_vs_A2":0.999317095379012,"B4_vs_A3":0.5,"B5_vs_A1":0.9995065383666419,"B5_vs_A2":0.999317095379012,"B5_vs_A3":0.5,"B6_vs_A1":0.9995065383666419,"B6_vs_A2":0.999317095379012,"B6_vs_A3":0.5,"B7_vs_A1":0.9995065383666419,"B7_vs_A2":0.999317095379012,"B7_vs_A3":0.5,"B8_vs_A1":0.9995065383666419,"B8_vs_A2":0.999317095379012,"B8_vs_A3":0.5,"B9_vs_A1":0.9995065383666419,"B9_vs_A2":0.999317095379012,"B9_vs_A3":0.5},"repair_runtimes_ms":{"A1":209,"A2":4901,"A3":398,"B1":652,"B2":5959,"B3":633,"B4":76,"B5":2923,"B6":1858,"B7":107,"B8":1144,"B9":717}}

--- stderr ---
SingleTrialExperiment starting: ontology=/workspaces/ontologyutils-ekaw26/repair-power-index-replication-ekaw26/ontologies/inconsistent/SLEEP.owl, seed=908878, run_id=20260624134028346645
Loaded ontology.
Normalizing ontology with SROIQ normalization...
Normalized ontology with SROIQ normalization.
Ontology is already inconsistent, skipping make-inconsistent step.
Repairing with A1 (random-removal)...
[2026-06-26 12:59:44.654] Checking precondition...
[2026-06-26 12:59:44.670] Starting the repair...
[2026-06-26 12:59:44.678] Found 172 possible bad axioms.
[2026-06-26 12:59:44.679] Selected the bad axiom SubClassOf(CentralSleepApneaSyndromes SleepRelatedHypoventilationDisorders).
[2026-06-26 12:59:44.684] Found 171 possible bad axioms.
[2026-06-26 12:59:44.684] Selected the bad axiom SubClassOf(Lighting SleepingSpace).
[2026-06-26 12:59:44.688] Found 170 possible bad axioms.
[2026-06-26 12:59:44.688] Selected the bad axiom SubClassOf(Meditation ListeningToWhiteNoise).
[2026-06-26 12:59:44.691] Found 169 possible bad axioms.
[2026-06-26 12:59:44.692] Selected the bad axiom SubClassOf(SleepContinuity PoorSleepPattern).
[2026-06-26 12:59:44.694] Found 168 possible bad axioms.
[2026-06-26 12:59:44.694] Selected the bad axiom SubClassOf(LifestylePattern SleepAid).
[2026-06-26 12:59:44.702] Found 167 possible bad axioms.
[2026-06-26 12:59:44.702] Selected the bad axiom SubClassOf(EnvironmentalFactor AffectingFactor).
[2026-06-26 12:59:44.705] Found 166 possible bad axioms.
[2026-06-26 12:59:44.705] Selected the bad axiom SubClassOf(CentralSleepApneaSyndromes SleepRelatedBreathingDisorders).
[2026-06-26 12:59:44.709] Found 165 possible bad axioms.
[2026-06-26 12:59:44.709] Selected the bad axiom SubClassOf(StageIV StageII).
[2026-06-26 12:59:44.712] Found 164 possible bad axioms.
[2026-06-26 12:59:44.713] Selected the bad axiom SubClassOf(AffectingFactor Sleep).
[2026-06-26 12:59:44.717] Found 163 possible bad axioms.
[2026-06-26 12:59:44.717] Selected the bad axiom SubClassOf(Fear PsychologicalFactor).
[2026-06-26 12:59:44.720] Found 162 possible bad axioms.
[2026-06-26 12:59:44.721] Selected the bad axiom SubClassOf(DelayedSleepPhaseSyndrome(DSPS) ChronicSleepWakeRhythmDisorder).
[2026-06-26 12:59:44.728] Found 161 possible bad axioms.
[2026-06-26 12:59:44.728] Selected the bad axiom SubClassOf(Electrocardiography Polysomnography).
[2026-06-26 12:59:44.732] Found 160 possible bad axioms.
[2026-06-26 12:59:44.732] Selected the bad axiom SubClassOf(CaffeinConsumption owl:Nothing).
[2026-06-26 12:59:44.735] Found 159 possible bad axioms.
[2026-06-26 12:59:44.735] Selected the bad axiom SubClassOf(ListeningToWhiteNoise BedtimeRitual).
[2026-06-26 12:59:44.737] Found 158 possible bad axioms.
[2026-06-26 12:59:44.738] Selected the bad axiom SubClassOf(Polysomnography SleepAssessmentTest).
[2026-06-26 12:59:44.740] Found 157 possible bad axioms.
[2026-06-26 12:59:44.740] Selected the bad axiom SubClassOf(RestlessLegsSyndrome PeriodicLimbMovementDisorder).
[20
...[truncated]
SUCCESS: attempt=65 seed=908878 success_count=64/100
progress: ontology=SLEEP attempt=65 success=64/100
----- SLEEP attempt=66 seed=923078 at 2026-06-26 13:00:05 -----
--- stdout ---
{"seed":923078,"run_id":"20260624134028346645","trial_status":"success","error_type":null,"failure_stage":null,"error_message":null,"iic_values":{"B1_vs_A1":1.0,"B1_vs_A2":0.009523809523809525,"B1_vs_A3":0.009523809523809525,"B2_vs_A1":0.016709318079181093,"B2_vs_A2":7.533524182612626E-4,"B2_vs_A3":7.533524182612626E-4,"B3_vs_A1":0.9951923076923077,"B3_vs_A2":0.5,"B3_vs_A3":0.5,"B4_vs_A1":0.9951923076923077,"B4_vs_A2":0.5,"B4_vs_A3":0.5,"B5_vs_A1":0.9951923076923077,"B5_vs_A2":0.5,"B5_vs_A3":0.5,"B6_vs_A1":0.9951923076923077,"B6_vs_A2":0.5,"B6_vs_A3":0.5,"B7_vs_A1":0.9951923076923077,"B7_vs_A2":0.5,"B7_vs_A3":0.5,"B8_vs_A1":0.9951923076923077,"B8_vs_A2":0.5,"B8_vs_A3":0.5,"B9_vs_A1":0.9951923076923077,"B9_vs_A2":0.5,"B9_vs_A3":0.5},"repair_runtimes_ms":{"A1":44,"A2":4944,"A3":407,"B1":360,"B2":5556,"B3":983,"B4":70,"B5":968,"B6":1929,"B7":187,"B8":1122,"B9":2043}}

--- stderr ---
SingleTrialExperiment starting: ontology=/workspaces/ontologyutils-ekaw26/repair-power-index-replication-ekaw26/ontologies/inconsistent/SLEEP.owl, seed=923078, run_id=20260624134028346645
Loaded ontology.
Normalizing ontology with SROIQ normalization...
Normalized ontology with SROIQ normalization.
Ontology is already inconsistent, skipping make-inconsistent step.
Repairing with A1 (random-removal)...
[2026-06-26 13:00:06.284] Checking precondition...
[2026-06-26 13:00:06.299] Starting the repair...
[2026-06-26 13:00:06.307] Found 172 possible bad axioms.
[2026-06-26 13:00:06.308] Selected the bad axiom SubClassOf(Temperature Noise).
[2026-06-26 13:00:06.312] Found 171 possible bad axioms.
[2026-06-26 13:00:06.313] Selected the bad axiom SubClassOf(PhysicalFactor AffectingFactor).
[2026-06-26 13:00:06.317] Found 170 possible bad axioms.
[2026-06-26 13:00:06.317] Selected the bad axiom SubClassOf(Lighting Co-Sleeping).
[2026-06-26 13:00:06.321] Found 169 possible bad axioms.
[2026-06-26 13:00:06.321] Selected the bad axiom SubClassOf(NormalSleepWakePattern SleepPattern).
[2026-06-26 13:00:06.324] Finished repairing the ontology.
Repairing with A2 (not-in-largest-mcs-removal)...
[2026-06-26 13:00:06.324] Checking precondition...
[2026-06-26 13:00:06.335] Starting the repair...
[2026-06-26 13:00:11.268] Found 4 possible bad axioms.
[2026-06-26 13:00:11.268] Selected the bad axiom SubClassOf(owl:Thing NormalSleepWakePattern).
[2026-06-26 13:00:11.268] Finished repairing the ontology.
Repairing with A3 (default-weakening)...
[2026-06-26 13:00:11.270] Checking precondition...
[2026-06-26 13:00:11.273] Starting the repair...
[2026-06-26 13:00:11.285] Selected a reference ontology with 275 axioms.
[2026-06-26 13:00:11.630] Selected the bad axiom SubClassOf(owl:Thing NormalSleepWakePattern).
[2026-06-26 13:00:11.675] Selected the weaker axiom SubClassOf(NormalSleepWakePattern NormalSleepWakePattern).
[2026-06-26 13:00:11.676] Finished repairing the ontology.
Repairing with B1 (bad-in_some_mus-weaker-random)...
[2026-06-26 13:00:11.677] Checking precondition...
[2026-06-26 13:00:11.680] Starting the repair...
[2026-06-26 13:00:11.689] Selected a reference ontology with 275 axioms.
[2026-06-26 13:00:12.010] Selected the bad axiom SubClassOf(NormalSleepWakePattern SleepPattern).
[2026-06-26 13:00:12.036] Selected the weaker axiom SubClassOf(WakeAfterSleepOnset(WASO) SleepPattern).
[2026-06-26 13:00:12.037] Finished repairing the ontology.
Repairing with B2 (bad-in_some_mus-weaker-shapley)...
[2026-06-26 13:00:12.039] Checking precondition...
[2026-06-26 13:00:12.041] Starting the repair...
[2026-06-26 13:00:12.055] Selected a reference ontology with 274 axioms.
[2026-06-26 13:00:12.370] Selected the bad axiom SubClassOf(AttributeOfSleep AffectingFactor).
[PowerIndexWeakerAxiomSelector] Scoring 192 candidate weakenings for AttributeOfSleep ⊑ AffectingFactor
[PowerIndexWeakerAxiomSelector] Selected weaker axiom: AffectingFactor ⊑ AffectingFactor
[2026-06-26 13
...[truncated]
SUCCESS: attempt=66 seed=923078 success_count=65/100
progress: ontology=SLEEP attempt=66 success=65/100
----- SLEEP attempt=67 seed=937278 at 2026-06-26 13:00:25 -----
--- stdout ---
{"seed":937278,"run_id":"20260624134028346645","trial_status":"success","error_type":null,"failure_stage":null,"error_message":null,"iic_values":{"B1_vs_A1":0.019667774086378736,"B1_vs_A2":0.15173527037933818,"B1_vs_A3":0.0024125452352231603,"B2_vs_A1":0.011766227049392293,"B2_vs_A2":0.07044025157232704,"B2_vs_A3":0.0011637379262190155,"B3_vs_A1":1.0,"B3_vs_A2":0.998776758409786,"B3_vs_A3":0.5,"B4_vs_A1":0.9991119005328597,"B4_vs_A2":0.9992466475817388,"B4_vs_A3":0.9904761904761905,"B5_vs_A1":0.9991119005328597,"B5_vs_A2":0.9992466475817388,"B5_vs_A3":0.9904761904761905,"B6_vs_A1":0.9991119005328597,"B6_vs_A2":0.9992466475817388,"B6_vs_A3":0.9904761904761905,"B7_vs_A1":0.9991119005328597,"B7_vs_A2":0.9992466475817388,"B7_vs_A3":0.9904761904761905,"B8_vs_A1":0.9991119005328597,"B8_vs_A2":0.9992466475817388,"B8_vs_A3":0.9904761904761905,"B9_vs_A1":0.9991119005328597,"B9_vs_A2":0.9992466475817388,"B9_vs_A3":0.9904761904761905},"repair_runtimes_ms":{"A1":114,"A2":4942,"A3":391,"B1":358,"B2":4195,"B3":4119,"B4":84,"B5":2994,"B6":477,"B7":113,"B8":3039,"B9":1902}}

--- stderr ---
SingleTrialExperiment starting: ontology=/workspaces/ontologyutils-ekaw26/repair-power-index-replication-ekaw26/ontologies/inconsistent/SLEEP.owl, seed=937278, run_id=20260624134028346645
Loaded ontology.
Normalizing ontology with SROIQ normalization...
Normalized ontology with SROIQ normalization.
Ontology is already inconsistent, skipping make-inconsistent step.
Repairing with A1 (random-removal)...
[2026-06-26 13:00:25.988] Checking precondition...
[2026-06-26 13:00:26.003] Starting the repair...
[2026-06-26 13:00:26.011] Found 172 possible bad axioms.
[2026-06-26 13:00:26.012] Selected the bad axiom SubClassOf(Massage BedtimeRitual).
[2026-06-26 13:00:26.017] Found 171 possible bad axioms.
[2026-06-26 13:00:26.018] Selected the bad axiom SubClassOf(Insomnia ChronicInsomniaDisorder).
[2026-06-26 13:00:26.021] Found 170 possible bad axioms.
[2026-06-26 13:00:26.021] Selected the bad axiom SubClassOf(Electrooculography Polysomnography).
[2026-06-26 13:00:26.025] Found 169 possible bad axioms.
[2026-06-26 13:00:26.025] Selected the bad axiom SubClassOf(ListeningToWhiteNoise StretchingExercise).
[2026-06-26 13:00:26.027] Found 168 possible bad axioms.
[2026-06-26 13:00:26.028] Selected the bad axiom SubClassOf(TransientSleepWakeRhythmDisorder ChronicSleepWakeRhythmDisorder).
[2026-06-26 13:00:26.036] Found 167 possible bad axioms.
[2026-06-26 13:00:26.036] Selected the bad axiom SubClassOf(ChronicInsomniaDisorder ShortTermInsomniaDisorder).
[2026-06-26 13:00:26.039] Found 166 possible bad axioms.
[2026-06-26 13:00:26.039] Selected the bad axiom SubClassOf(ExplodingHeadSyndrome OtherParasomnias).
[2026-06-26 13:00:26.042] Found 165 possible bad axioms.
[2026-06-26 13:00:26.043] Selected the bad axiom SubClassOf(SleepRelatedGroaning OtherParasomnias).
[2026-06-26 13:00:26.047] Found 164 possible bad axioms.
[2026-06-26 13:00:26.047] Selected the bad axiom SubClassOf(DelayedSleepPhaseSyndrome(DSPS) ChronicSleepWakeRhythmDisorder).
[2026-06-26 13:00:26.051] Found 163 possible bad axioms.
[2026-06-26 13:00:26.051] Selected the bad axiom SubClassOf(Pain Pruritus).
[2026-06-26 13:00:26.054] Found 162 possible bad axioms.
[2026-06-26 13:00:26.054] Selected the bad axiom SubClassOf(Pruritus Pain).
[2026-06-26 13:00:26.062] Found 161 possible bad axioms.
[2026-06-26 13:00:26.062] Selected the bad axiom SubClassOf(PulseOximetry Polysomnography).
[2026-06-26 13:00:26.065] Found 160 possible bad axioms.
[2026-06-26 13:00:26.065] Selected the bad axiom SubClassOf(Lighting Co-Sleeping).
[2026-06-26 13:00:26.068] Found 159 possible bad axioms.
[2026-06-26 13:00:26.068] Selected the bad axiom SubClassOf(StageIII NonRapidEyeMovement).
[2026-06-26 13:00:26.071] Found 158 possible bad axioms.
[2026-06-26 13:00:26.071] Selected the bad axiom SubClassOf(Pruritus PhysicalFactor).
[2026-06-26 13:00:26.074] Found 157 possible bad axioms.
[2026-06-26 13:00:26.074] Selected the bad axiom SubClassOf(LifestylePattern AffectingFactor).
[2026-06-26 13:00:26.080] Found 156 possi
...[truncated]
SUCCESS: attempt=67 seed=937278 success_count=66/100
progress: ontology=SLEEP attempt=67 success=66/100
----- SLEEP attempt=68 seed=951478 at 2026-06-26 13:00:49 -----
--- stdout ---
{"seed":951478,"run_id":"20260624134028346645","trial_status":"success","error_type":null,"failure_stage":null,"error_message":null,"iic_values":{"B1_vs_A1":0.4730238393977415,"B1_vs_A2":0.9710982658959537,"B1_vs_A3":0.0010759299108515216,"B2_vs_A1":0.1792504073872895,"B2_vs_A2":1.0,"B2_vs_A3":8.049678012879485E-4,"B3_vs_A1":0.9993574297188755,"B3_vs_A2":0.9988493844206651,"B3_vs_A3":0.009523809523809525,"B4_vs_A1":0.9995257666772052,"B4_vs_A2":0.999317095379012,"B4_vs_A3":0.5,"B5_vs_A1":0.9995257666772052,"B5_vs_A2":0.999317095379012,"B5_vs_A3":0.5,"B6_vs_A1":0.9995257666772052,"B6_vs_A2":0.999317095379012,"B6_vs_A3":0.5,"B7_vs_A1":0.9995257666772052,"B7_vs_A2":0.999317095379012,"B7_vs_A3":0.5,"B8_vs_A1":0.9995257666772052,"B8_vs_A2":0.999317095379012,"B8_vs_A3":0.5,"B9_vs_A1":0.9995257666772052,"B9_vs_A2":0.999317095379012,"B9_vs_A3":0.5},"repair_runtimes_ms":{"A1":163,"A2":4894,"A3":409,"B1":367,"B2":3533,"B3":4142,"B4":68,"B5":973,"B6":3625,"B7":199,"B8":5970,"B9":4607}}

--- stderr ---
SingleTrialExperiment starting: ontology=/workspaces/ontologyutils-ekaw26/repair-power-index-replication-ekaw26/ontologies/inconsistent/SLEEP.owl, seed=951478, run_id=20260624134028346645
Loaded ontology.
Normalizing ontology with SROIQ normalization...
Normalized ontology with SROIQ normalization.
Ontology is already inconsistent, skipping make-inconsistent step.
Repairing with A1 (random-removal)...
[2026-06-26 13:00:49.589] Checking precondition...
[2026-06-26 13:00:49.604] Starting the repair...
[2026-06-26 13:00:49.611] Found 172 possible bad axioms.
[2026-06-26 13:00:49.613] Selected the bad axiom SubClassOf(RestlessLegsSyndrome SleepRelatedMovementDisorders).
[2026-06-26 13:00:49.617] Found 171 possible bad axioms.
[2026-06-26 13:00:49.617] Selected the bad axiom SubClassOf(StageI StageIV).
[2026-06-26 13:00:49.621] Found 170 possible bad axioms.
[2026-06-26 13:00:49.621] Selected the bad axiom SubClassOf(AlcoholConsumption LifestylePattern).
[2026-06-26 13:00:49.625] Found 169 possible bad axioms.
[2026-06-26 13:00:49.625] Selected the bad axiom SubClassOf(StretchingExercise ListeningToWhiteNoise).
[2026-06-26 13:00:49.628] Found 168 possible bad axioms.
[2026-06-26 13:00:49.628] Selected the bad axiom SubClassOf(SleepingSpace EnvironmentalFactor).
[2026-06-26 13:00:49.635] Found 167 possible bad axioms.
[2026-06-26 13:00:49.635] Selected the bad axiom SubClassOf(Sleep NormalSleepWakePattern).
[2026-06-26 13:00:49.638] Found 166 possible bad axioms.
[2026-06-26 13:00:49.638] Selected the bad axiom SubClassOf(BedtimeRitual AffectingFactor).
[2026-06-26 13:00:49.641] Found 165 possible bad axioms.
[2026-06-26 13:00:49.641] Selected the bad axiom SubClassOf(Electroencephalography Polysomnography).
[2026-06-26 13:00:49.645] Found 164 possible bad axioms.
[2026-06-26 13:00:49.645] Selected the bad axiom SubClassOf(Noise EnvironmentalFactor).
[2026-06-26 13:00:49.648] Found 163 possible bad axioms.
[2026-06-26 13:00:49.648] Selected the bad axiom SubClassOf(ChronicInsomniaDisorder ShortTermInsomniaDisorder).
[2026-06-26 13:00:49.654] Found 162 possible bad axioms.
[2026-06-26 13:00:49.654] Selected the bad axiom SubClassOf(StageIV NonRapidEyeMovement).
[2026-06-26 13:00:49.661] Found 161 possible bad axioms.
[2026-06-26 13:00:49.661] Selected the bad axiom SubClassOf(SleepRelatedHypoventilationDisorders SleepRelatedBreathingDisorders).
[2026-06-26 13:00:49.664] Found 160 possible bad axioms.
[2026-06-26 13:00:49.664] Selected the bad axiom SubClassOf(Massage BedtimeRitual).
[2026-06-26 13:00:49.667] Found 159 possible bad axioms.
[2026-06-26 13:00:49.667] Selected the bad axiom SubClassOf(GoodSleepPattern SleepPattern).
[2026-06-26 13:00:49.670] Found 158 possible bad axioms.
[2026-06-26 13:00:49.670] Selected the bad axiom SubClassOf(Polysomnography SleepApnoeaRecording).
[2026-06-26 13:00:49.673] Found 157 possible bad axioms.
[2026-06-26 13:00:49.673] Selected the bad axiom SubClassOf(Sleep AttributeOfSleep).
[2026-06-26 13:00:49.680] Found 
...[truncated]
SUCCESS: attempt=68 seed=951478 success_count=67/100
progress: ontology=SLEEP attempt=68 success=67/100
----- SLEEP attempt=69 seed=965678 at 2026-06-26 13:01:19 -----
--- stdout ---
{"seed":965678,"run_id":"20260624134028346645","trial_status":"success","error_type":null,"failure_stage":null,"error_message":null,"iic_values":{"B1_vs_A1":0.9748267055819044,"B1_vs_A2":0.0012416576129132392,"B1_vs_A3":7.645259938837921E-4,"B2_vs_A1":0.999115631218218,"B2_vs_A2":0.5,"B2_vs_A3":0.009523809523809525,"B3_vs_A1":0.974845060153117,"B3_vs_A2":0.0012420431609998447,"B3_vs_A3":7.647598654022637E-4,"B4_vs_A1":0.9994531335447884,"B4_vs_A2":0.9904761904761905,"B4_vs_A3":0.5,"B5_vs_A1":0.9994531335447884,"B5_vs_A2":0.9904761904761905,"B5_vs_A3":0.5,"B6_vs_A1":0.9994531335447884,"B6_vs_A2":0.9904761904761905,"B6_vs_A3":0.5,"B7_vs_A1":0.9994531335447884,"B7_vs_A2":0.9904761904761905,"B7_vs_A3":0.5,"B8_vs_A1":0.9994531335447884,"B8_vs_A2":0.9904761904761905,"B8_vs_A3":0.5,"B9_vs_A1":0.9994531335447884,"B9_vs_A2":0.9904761904761905,"B9_vs_A3":0.5},"repair_runtimes_ms":{"A1":156,"A2":4878,"A3":414,"B1":348,"B2":6062,"B3":3933,"B4":71,"B5":5101,"B6":4706,"B7":102,"B8":6253,"B9":3657}}

--- stderr ---
SingleTrialExperiment starting: ontology=/workspaces/ontologyutils-ekaw26/repair-power-index-replication-ekaw26/ontologies/inconsistent/SLEEP.owl, seed=965678, run_id=20260624134028346645
Loaded ontology.
Normalizing ontology with SROIQ normalization...
Normalized ontology with SROIQ normalization.
Ontology is already inconsistent, skipping make-inconsistent step.
Repairing with A1 (random-removal)...
[2026-06-26 13:01:19.603] Checking precondition...
[2026-06-26 13:01:19.619] Starting the repair...
[2026-06-26 13:01:19.627] Found 172 possible bad axioms.
[2026-06-26 13:01:19.628] Selected the bad axiom SubClassOf(Massage BedtimeRitual).
[2026-06-26 13:01:19.633] Found 171 possible bad axioms.
[2026-06-26 13:01:19.633] Selected the bad axiom SubClassOf(SleepPattern NormalSleepWakePattern).
[2026-06-26 13:01:19.637] Found 170 possible bad axioms.
[2026-06-26 13:01:19.637] Selected the bad axiom SubClassOf(SleepSchedule SleepStage).
[2026-06-26 13:01:19.641] Found 169 possible bad axioms.
[2026-06-26 13:01:19.641] Selected the bad axiom SubClassOf(StageII NonRapidEyeMovement).
[2026-06-26 13:01:19.648] Found 168 possible bad axioms.
[2026-06-26 13:01:19.648] Selected the bad axiom SubClassOf(ShortTermInsomniaDisorder Insomnia).
[2026-06-26 13:01:19.651] Found 167 possible bad axioms.
[2026-06-26 13:01:19.652] Selected the bad axiom SubClassOf(LifestylePattern SleepAid).
[2026-06-26 13:01:19.655] Found 166 possible bad axioms.
[2026-06-26 13:01:19.655] Selected the bad axiom SubClassOf(SleepPattern SleepQuality).
[2026-06-26 13:01:19.658] Found 165 possible bad axioms.
[2026-06-26 13:01:19.658] Selected the bad axiom SubClassOf(SleepingSpace EnvironmentalFactor).
[2026-06-26 13:01:19.661] Found 164 possible bad axioms.
[2026-06-26 13:01:19.661] Selected the bad axiom SubClassOf(BedtimeRitual StretchingExercise).
[2026-06-26 13:01:19.665] Found 163 possible bad axioms.
[2026-06-26 13:01:19.665] Selected the bad axiom SubClassOf(EffectsOfPoorSleep AttributeOfSleep).
[2026-06-26 13:01:19.668] Found 162 possible bad axioms.
[2026-06-26 13:01:19.669] Selected the bad axiom SubClassOf(LossOfCognitiveFunction EffectsOfPoorSleep).
[2026-06-26 13:01:19.676] Found 161 possible bad axioms.
[2026-06-26 13:01:19.677] Selected the bad axiom SubClassOf(Polysomnography SleepApnoeaRecording).
[2026-06-26 13:01:19.679] Found 160 possible bad axioms.
[2026-06-26 13:01:19.680] Selected the bad axiom SubClassOf(PulseOximetry Electrooculography).
[2026-06-26 13:01:19.682] Found 159 possible bad axioms.
[2026-06-26 13:01:19.682] Selected the bad axiom SubClassOf(StageIV StageII).
[2026-06-26 13:01:19.685] Found 158 possible bad axioms.
[2026-06-26 13:01:19.685] Selected the bad axiom SubClassOf(AttributeOfSleep NormalSleepWakePattern).
[2026-06-26 13:01:19.687] Found 157 possible bad axioms.
[2026-06-26 13:01:19.688] Selected the bad axiom SubClassOf(CentralSleepApneaSyndromes SleepRelatedBreathingDisorders).
[2026-06-26 13:01:19.694] Found 156 possible bad axioms.
[2026-
...[truncated]
SUCCESS: attempt=69 seed=965678 success_count=68/100
progress: ontology=SLEEP attempt=69 success=68/100
----- SLEEP attempt=70 seed=979878 at 2026-06-26 13:01:56 -----
--- stdout ---
{"seed":979878,"run_id":"20260624134028346645","trial_status":"success","error_type":null,"failure_stage":null,"error_message":null,"iic_values":{"B1_vs_A1":0.9991241515217867,"B1_vs_A2":0.9988493844206651,"B1_vs_A3":0.009523809523809525,"B2_vs_A1":0.09438156831042846,"B2_vs_A2":1.0,"B2_vs_A3":6.906077348066298E-4,"B3_vs_A1":0.9991241515217867,"B3_vs_A2":0.9988493844206651,"B3_vs_A3":0.009523809523809525,"B4_vs_A1":0.9993573264781491,"B4_vs_A2":0.999317095379012,"B4_vs_A3":0.5,"B5_vs_A1":0.9993573264781491,"B5_vs_A2":0.999317095379012,"B5_vs_A3":0.5,"B6_vs_A1":0.9993573264781491,"B6_vs_A2":0.999317095379012,"B6_vs_A3":0.5,"B7_vs_A1":0.9993573264781491,"B7_vs_A2":0.999317095379012,"B7_vs_A3":0.5,"B8_vs_A1":0.9993573264781491,"B8_vs_A2":0.999317095379012,"B8_vs_A3":0.5,"B9_vs_A1":0.9993573264781491,"B9_vs_A2":0.999317095379012,"B9_vs_A3":0.5},"repair_runtimes_ms":{"A1":124,"A2":4916,"A3":399,"B1":351,"B2":2980,"B3":838,"B4":130,"B5":720,"B6":626,"B7":109,"B8":5492,"B9":2105}}

--- stderr ---
SingleTrialExperiment starting: ontology=/workspaces/ontologyutils-ekaw26/repair-power-index-replication-ekaw26/ontologies/inconsistent/SLEEP.owl, seed=979878, run_id=20260624134028346645
Loaded ontology.
Normalizing ontology with SROIQ normalization...
Normalized ontology with SROIQ normalization.
Ontology is already inconsistent, skipping make-inconsistent step.
Repairing with A1 (random-removal)...
[2026-06-26 13:01:56.403] Checking precondition...
[2026-06-26 13:01:56.418] Starting the repair...
[2026-06-26 13:01:56.426] Found 172 possible bad axioms.
[2026-06-26 13:01:56.427] Selected the bad axiom SubClassOf(SleepSchedule AttributeOfSleep).
[2026-06-26 13:01:56.431] Found 171 possible bad axioms.
[2026-06-26 13:01:56.431] Selected the bad axiom SubClassOf(Humidity EnvironmentalFactor).
[2026-06-26 13:01:56.435] Found 170 possible bad axioms.
[2026-06-26 13:01:56.435] Selected the bad axiom SubClassOf(SleepQuality AttributeOfSleep).
[2026-06-26 13:01:56.439] Found 169 possible bad axioms.
[2026-06-26 13:01:56.439] Selected the bad axiom SubClassOf(Pain Pruritus).
[2026-06-26 13:01:56.442] Found 168 possible bad axioms.
[2026-06-26 13:01:56.443] Selected the bad axiom SubClassOf(Insomnia ChronicInsomniaDisorder).
[2026-06-26 13:01:56.453] Found 167 possible bad axioms.
[2026-06-26 13:01:56.455] Selected the bad axiom SubClassOf(LifestylePattern SleepAid).
[2026-06-26 13:01:56.460] Found 166 possible bad axioms.
[2026-06-26 13:01:56.461] Selected the bad axiom SubClassOf(EffectOnMood EffectsOfPoorSleep).
[2026-06-26 13:01:56.464] Found 165 possible bad axioms.
[2026-06-26 13:01:56.464] Selected the bad axiom SubClassOf(SleepRelatedHypoventilationDisorders SleepRelatedBreathingDisorders).
[2026-06-26 13:01:56.468] Found 164 possible bad axioms.
[2026-06-26 13:01:56.468] Selected the bad axiom SubClassOf(ChronicInsomniaDisorder ShortTermInsomniaDisorder).
[2026-06-26 13:01:56.470] Found 163 possible bad axioms.
[2026-06-26 13:01:56.471] Selected the bad axiom SubClassOf(SleepDisorder Sleep).
[2026-06-26 13:01:56.473] Found 162 possible bad axioms.
[2026-06-26 13:01:56.474] Selected the bad axiom SubClassOf(DepressedMood PsychologicalFactor).
[2026-06-26 13:01:56.481] Found 161 possible bad axioms.
[2026-06-26 13:01:56.481] Selected the bad axiom SubClassOf(SleepContinuity PoorSleepPattern).
[2026-06-26 13:01:56.484] Found 160 possible bad axioms.
[2026-06-26 13:01:56.484] Selected the bad axiom SubClassOf(Polysomnography SleepApnoeaRecording).
[2026-06-26 13:01:56.486] Found 159 possible bad axioms.
[2026-06-26 13:01:56.487] Selected the bad axiom SubClassOf(Therapy owl:Nothing).
[2026-06-26 13:01:56.489] Found 158 possible bad axioms.
[2026-06-26 13:01:56.489] Selected the bad axiom SubClassOf(Pain PhysicalFactor).
[2026-06-26 13:01:56.492] Found 157 possible bad axioms.
[2026-06-26 13:01:56.492] Selected the bad axiom SubClassOf(Anxiety DepressedMood).
[2026-06-26 13:01:56.499] Found 156 possible bad axioms.
[2026-06-26 13:01:56.499] Selected 
...[truncated]
SUCCESS: attempt=70 seed=979878 success_count=69/100
progress: ontology=SLEEP attempt=70 success=69/100
----- SLEEP attempt=71 seed=994078 at 2026-06-26 13:02:15 -----
--- stdout ---
{"seed":994078,"run_id":"20260624134028346645","trial_status":"success","error_type":null,"failure_stage":null,"error_message":null,"iic_values":{"B1_vs_A1":1.0,"B1_vs_A2":7.282437188979245E-4,"B1_vs_A3":0.20243325447786414,"B2_vs_A1":0.9988756465032607,"B2_vs_A2":0.009523809523809525,"B2_vs_A3":0.9978094194961665,"B3_vs_A1":0.9718875502008032,"B3_vs_A2":7.533524182612626E-4,"B3_vs_A3":0.0,"B4_vs_A1":0.999332517521415,"B4_vs_A2":0.5,"B4_vs_A3":0.9987658130206726,"B5_vs_A1":0.999332517521415,"B5_vs_A2":0.5,"B5_vs_A3":0.9987658130206726,"B6_vs_A1":0.999332517521415,"B6_vs_A2":0.5,"B6_vs_A3":0.9987658130206726,"B7_vs_A1":0.999332517521415,"B7_vs_A2":0.5,"B7_vs_A3":0.9987658130206726,"B8_vs_A1":0.999332517521415,"B8_vs_A2":0.5,"B8_vs_A3":0.9987658130206726,"B9_vs_A1":0.999332517521415,"B9_vs_A2":0.5,"B9_vs_A3":0.9987658130206726},"repair_runtimes_ms":{"A1":96,"A2":4929,"A3":396,"B1":341,"B2":5973,"B3":3784,"B4":75,"B5":699,"B6":580,"B7":111,"B8":851,"B9":607}}

--- stderr ---
SingleTrialExperiment starting: ontology=/workspaces/ontologyutils-ekaw26/repair-power-index-replication-ekaw26/ontologies/inconsistent/SLEEP.owl, seed=994078, run_id=20260624134028346645
Loaded ontology.
Normalizing ontology with SROIQ normalization...
Normalized ontology with SROIQ normalization.
Ontology is already inconsistent, skipping make-inconsistent step.
Repairing with A1 (random-removal)...
[2026-06-26 13:02:16.012] Checking precondition...
[2026-06-26 13:02:16.029] Starting the repair...
[2026-06-26 13:02:16.036] Found 172 possible bad axioms.
[2026-06-26 13:02:16.037] Selected the bad axiom SubClassOf(Noise EnvironmentalFactor).
[2026-06-26 13:02:16.042] Found 171 possible bad axioms.
[2026-06-26 13:02:16.042] Selected the bad axiom SubClassOf(Pruritus owl:Nothing).
[2026-06-26 13:02:16.046] Found 170 possible bad axioms.
[2026-06-26 13:02:16.046] Selected the bad axiom SubClassOf(NicotineConsumption AlcoholConsumption).
[2026-06-26 13:02:16.050] Found 169 possible bad axioms.
[2026-06-26 13:02:16.050] Selected the bad axiom SubClassOf(AttributeOfSleep NormalSleepWakePattern).
[2026-06-26 13:02:16.053] Found 168 possible bad axioms.
[2026-06-26 13:02:16.053] Selected the bad axiom SubClassOf(NREMRelatedParasomnias Parasomnias).
[2026-06-26 13:02:16.060] Found 167 possible bad axioms.
[2026-06-26 13:02:16.060] Selected the bad axiom SubClassOf(SleepStage AttributeOfSleep).
[2026-06-26 13:02:16.063] Found 166 possible bad axioms.
[2026-06-26 13:02:16.063] Selected the bad axiom SubClassOf(SleepDepth SleepQuality).
[2026-06-26 13:02:16.066] Found 165 possible bad axioms.
[2026-06-26 13:02:16.066] Selected the bad axiom SubClassOf(Lighting Co-Sleeping).
[2026-06-26 13:02:16.070] Found 164 possible bad axioms.
[2026-06-26 13:02:16.070] Selected the bad axiom SubClassOf(Anxiety DepressedMood).
[2026-06-26 13:02:16.073] Found 163 possible bad axioms.
[2026-06-26 13:02:16.073] Selected the bad axiom SubClassOf(PoorSleepPattern SleepPattern).
[2026-06-26 13:02:16.077] Found 162 possible bad axioms.
[2026-06-26 13:02:16.077] Selected the bad axiom SubClassOf(TimeOfWakingUp SleepSchedule).
[2026-06-26 13:02:16.084] Found 161 possible bad axioms.
[2026-06-26 13:02:16.085] Selected the bad axiom SubClassOf(Temperature EnvironmentalFactor).
[2026-06-26 13:02:16.087] Found 160 possible bad axioms.
[2026-06-26 13:02:16.088] Selected the bad axiom SubClassOf(StageI NonRapidEyeMovement).
[2026-06-26 13:02:16.090] Found 159 possible bad axioms.
[2026-06-26 13:02:16.091] Selected the bad axiom SubClassOf(AttributeOfSleep Sleep).
[2026-06-26 13:02:16.093] Found 158 possible bad axioms.
[2026-06-26 13:02:16.094] Selected the bad axiom SubClassOf(StageI StageIV).
[2026-06-26 13:02:16.096] Found 157 possible bad axioms.
[2026-06-26 13:02:16.096] Selected the bad axiom SubClassOf(AffectingFactor owl:Nothing).
[2026-06-26 13:02:16.104] Finished repairing the ontology.
Repairing with A2 (not-in-largest-mcs-removal)...
[2026-06-26 13:02:16.105] Checking precond
...[truncated]
SUCCESS: attempt=71 seed=994078 success_count=70/100
progress: ontology=SLEEP attempt=71 success=70/100
----- SLEEP attempt=72 seed=1008278 at 2026-06-26 13:02:34 -----
--- stdout ---
{"seed":1008278,"run_id":"20260624134028346645","trial_status":"success","error_type":null,"failure_stage":null,"error_message":null,"iic_values":{"B1_vs_A1":1.0,"B1_vs_A2":1.0,"B1_vs_A3":0.9179528838342811,"B2_vs_A1":0.99885370396905,"B2_vs_A2":0.998776758409786,"B2_vs_A3":0.9983564216952336,"B3_vs_A1":1.0,"B3_vs_A2":1.0,"B3_vs_A3":0.9181855002025111,"B4_vs_A1":0.9992933860938383,"B4_vs_A2":0.9992466475817388,"B4_vs_A3":0.9990707399233361,"B5_vs_A1":0.9992933860938383,"B5_vs_A2":0.9992466475817388,"B5_vs_A3":0.9990707399233361,"B6_vs_A1":0.9992933860938383,"B6_vs_A2":0.9992466475817388,"B6_vs_A3":0.9990707399233361,"B7_vs_A1":0.9992933860938383,"B7_vs_A2":0.9992466475817388,"B7_vs_A3":0.9990707399233361,"B8_vs_A1":0.9992933860938383,"B8_vs_A2":0.9992466475817388,"B8_vs_A3":0.9990707399233361,"B9_vs_A1":0.9992933860938383,"B9_vs_A2":0.9992466475817388,"B9_vs_A3":0.9990707399233361},"repair_runtimes_ms":{"A1":134,"A2":4964,"A3":392,"B1":375,"B2":6111,"B3":3889,"B4":100,"B5":5156,"B6":701,"B7":192,"B8":448,"B9":2758}}

--- stderr ---
SingleTrialExperiment starting: ontology=/workspaces/ontologyutils-ekaw26/repair-power-index-replication-ekaw26/ontologies/inconsistent/SLEEP.owl, seed=1008278, run_id=20260624134028346645
Loaded ontology.
Normalizing ontology with SROIQ normalization...
Normalized ontology with SROIQ normalization.
Ontology is already inconsistent, skipping make-inconsistent step.
Repairing with A1 (random-removal)...
[2026-06-26 13:02:35.251] Checking precondition...
[2026-06-26 13:02:35.266] Starting the repair...
[2026-06-26 13:02:35.274] Found 172 possible bad axioms.
[2026-06-26 13:02:35.276] Selected the bad axiom SubClassOf(Parasomnias SleepDisorder).
[2026-06-26 13:02:35.280] Found 171 possible bad axioms.
[2026-06-26 13:02:35.281] Selected the bad axiom SubClassOf(IdiopathicHypersomnia CentralDisordersOfHypersomnolence).
[2026-06-26 13:02:35.284] Found 170 possible bad axioms.
[2026-06-26 13:02:35.285] Selected the bad axiom SubClassOf(Insomnia SleepDisorder).
[2026-06-26 13:02:35.288] Found 169 possible bad axioms.
[2026-06-26 13:02:35.288] Selected the bad axiom SubClassOf(EffectsOfPoorSleep TimeOfWakingUp).
[2026-06-26 13:02:35.291] Found 168 possible bad axioms.
[2026-06-26 13:02:35.292] Selected the bad axiom SubClassOf(ChronicInsomniaDisorder Insomnia).
[2026-06-26 13:02:35.299] Found 167 possible bad axioms.
[2026-06-26 13:02:35.299] Selected the bad axiom SubClassOf(Temperature EnvironmentalFactor).
[2026-06-26 13:02:35.302] Found 166 possible bad axioms.
[2026-06-26 13:02:35.302] Selected the bad axiom SubClassOf(TimeOfWakingUp TimeOfGoingToBed).
[2026-06-26 13:02:35.305] Found 165 possible bad axioms.
[2026-06-26 13:02:35.305] Selected the bad axiom SubClassOf(Fear PsychologicalFactor).
[2026-06-26 13:02:35.309] Found 164 possible bad axioms.
[2026-06-26 13:02:35.309] Selected the bad axiom SubClassOf(NicotineConsumption LifestylePattern).
[2026-06-26 13:02:35.312] Found 163 possible bad axioms.
[2026-06-26 13:02:35.312] Selected the bad axiom SubClassOf(UsingSmartphone BedtimeRitual).
[2026-06-26 13:02:35.316] Found 162 possible bad axioms.
[2026-06-26 13:02:35.316] Selected the bad axiom SubClassOf(TakingNap LifestylePattern).
[2026-06-26 13:02:35.324] Found 161 possible bad axioms.
[2026-06-26 13:02:35.324] Selected the bad axiom SubClassOf(TransientSleepWakeRhythmDisorder CircadianRhythmSleepWakeDisorders).
[2026-06-26 13:02:35.326] Found 160 possible bad axioms.
[2026-06-26 13:02:35.327] Selected the bad axiom SubClassOf(Electrooculography Polysomnography).
[2026-06-26 13:02:35.329] Found 159 possible bad axioms.
[2026-06-26 13:02:35.329] Selected the bad axiom SubClassOf(ShortTermInsomniaDisorder ChronicInsomniaDisorder).
[2026-06-26 13:02:35.333] Found 158 possible bad axioms.
[2026-06-26 13:02:35.333] Selected the bad axiom SubClassOf(SleepStage SleepPattern).
[2026-06-26 13:02:35.335] Found 157 possible bad axioms.
[2026-06-26 13:02:35.335] Selected the bad axiom SubClassOf(EffectsOfPoorSleep TimeOfFallingAsleep).
[2026-06-26 13:02:35
...[truncated]
SUCCESS: attempt=72 seed=1008278 success_count=71/100
progress: ontology=SLEEP attempt=72 success=71/100
----- SLEEP attempt=73 seed=1022478 at 2026-06-26 13:03:01 -----
--- stdout ---
{"seed":1022478,"run_id":"20260624134028346645","trial_status":"success","error_type":null,"failure_stage":null,"error_message":null,"iic_values":{"B1_vs_A1":0.9994432691237056,"B1_vs_A2":0.5,"B1_vs_A3":0.9992351816443594,"B2_vs_A1":0.9732661759008137,"B2_vs_A2":7.647598654022637E-4,"B2_vs_A3":0.6962406015037594,"B3_vs_A1":0.9994432691237056,"B3_vs_A2":0.5,"B3_vs_A3":0.9992351816443594,"B4_vs_A1":0.9994432691237056,"B4_vs_A2":0.5,"B4_vs_A3":0.9992351816443594,"B5_vs_A1":0.9994432691237056,"B5_vs_A2":0.5,"B5_vs_A3":0.9992351816443594,"B6_vs_A1":0.9994432691237056,"B6_vs_A2":0.5,"B6_vs_A3":0.9992351816443594,"B7_vs_A1":0.9994432691237056,"B7_vs_A2":0.5,"B7_vs_A3":0.9992351816443594,"B8_vs_A1":0.9994432691237056,"B8_vs_A2":0.5,"B8_vs_A3":0.9992351816443594,"B9_vs_A1":0.9994432691237056,"B9_vs_A2":0.5,"B9_vs_A3":0.9992351816443594},"repair_runtimes_ms":{"A1":58,"A2":4960,"A3":397,"B1":370,"B2":1709,"B3":818,"B4":65,"B5":999,"B6":3926,"B7":112,"B8":5368,"B9":757}}

--- stderr ---
SingleTrialExperiment starting: ontology=/workspaces/ontologyutils-ekaw26/repair-power-index-replication-ekaw26/ontologies/inconsistent/SLEEP.owl, seed=1022478, run_id=20260624134028346645
Loaded ontology.
Normalizing ontology with SROIQ normalization...
Normalized ontology with SROIQ normalization.
Ontology is already inconsistent, skipping make-inconsistent step.
Repairing with A1 (random-removal)...
[2026-06-26 13:03:01.407] Checking precondition...
[2026-06-26 13:03:01.422] Starting the repair...
[2026-06-26 13:03:01.430] Found 172 possible bad axioms.
[2026-06-26 13:03:01.431] Selected the bad axiom SubClassOf(SleepPattern SleepQuality).
[2026-06-26 13:03:01.435] Found 171 possible bad axioms.
[2026-06-26 13:03:01.435] Selected the bad axiom SubClassOf(TimeOfGoingToBed TimeOfGettingOutOfBed).
[2026-06-26 13:03:01.439] Found 170 possible bad axioms.
[2026-06-26 13:03:01.439] Selected the bad axiom SubClassOf(EnvironmentalFactor AffectingFactor).
[2026-06-26 13:03:01.443] Found 169 possible bad axioms.
[2026-06-26 13:03:01.443] Selected the bad axiom SubClassOf(TakingNap LifestylePattern).
[2026-06-26 13:03:01.446] Found 168 possible bad axioms.
[2026-06-26 13:03:01.446] Selected the bad axiom SubClassOf(NREMRelatedParasomnias Parasomnias).
[2026-06-26 13:03:01.454] Found 167 possible bad axioms.
[2026-06-26 13:03:01.454] Selected the bad axiom SubClassOf(BedtimeRitual StretchingExercise).
[2026-06-26 13:03:01.457] Found 166 possible bad axioms.
[2026-06-26 13:03:01.457] Selected the bad axiom SubClassOf(AffectingFactor owl:Nothing).
[2026-06-26 13:03:01.460] Finished repairing the ontology.
Repairing with A2 (not-in-largest-mcs-removal)...
[2026-06-26 13:03:01.461] Checking precondition...
[2026-06-26 13:03:01.469] Starting the repair...
[2026-06-26 13:03:06.420] Found 4 possible bad axioms.
[2026-06-26 13:03:06.421] Selected the bad axiom SubClassOf(owl:Thing NormalSleepWakePattern).
[2026-06-26 13:03:06.421] Finished repairing the ontology.
Repairing with A3 (default-weakening)...
[2026-06-26 13:03:06.423] Checking precondition...
[2026-06-26 13:03:06.425] Starting the repair...
[2026-06-26 13:03:06.437] Selected a reference ontology with 275 axioms.
[2026-06-26 13:03:06.772] Selected the bad axiom SubClassOf(AffectingFactor owl:Nothing).
[2026-06-26 13:03:06.817] Selected the weaker axiom SubClassOf(Parasomnias owl:Nothing).
[2026-06-26 13:03:06.819] Finished repairing the ontology.
Repairing with B1 (bad-in_some_mus-weaker-random)...
[2026-06-26 13:03:06.819] Checking precondition...
[2026-06-26 13:03:06.821] Starting the repair...
[2026-06-26 13:03:06.828] Selected a reference ontology with 275 axioms.
[2026-06-26 13:03:07.156] Selected the bad axiom SubClassOf(owl:Thing NormalSleepWakePattern).
[2026-06-26 13:03:07.187] Selected the weaker axiom SubClassOf(IrregularSleepWakePattern NormalSleepWakePattern).
[2026-06-26 13:03:07.189] Finished repairing the ontology.
Repairing with B2 (bad-in_some_mus-weaker-shapley)...
[2026-06-26 13:03:0
...[truncated]
SUCCESS: attempt=73 seed=1022478 success_count=72/100
progress: ontology=SLEEP attempt=73 success=72/100
----- SLEEP attempt=74 seed=1036678 at 2026-06-26 13:03:21 -----
--- stdout ---
{"seed":1036678,"run_id":"20260624134028346645","trial_status":"success","error_type":null,"failure_stage":null,"error_message":null,"iic_values":{"B1_vs_A1":0.0747101760412194,"B1_vs_A2":0.0015444015444015444,"B1_vs_A3":9.132420091324201E-4,"B2_vs_A1":1.0,"B2_vs_A2":0.5,"B2_vs_A3":0.009523809523809525,"B3_vs_A1":0.07478786135481087,"B3_vs_A2":0.0012420431609998447,"B3_vs_A3":7.647598654022637E-4,"B4_vs_A1":0.9983792544570502,"B4_vs_A2":0.9904761904761905,"B4_vs_A3":0.5,"B5_vs_A1":0.9983792544570502,"B5_vs_A2":0.9904761904761905,"B5_vs_A3":0.5,"B6_vs_A1":0.9983792544570502,"B6_vs_A2":0.9904761904761905,"B6_vs_A3":0.5,"B7_vs_A1":0.9983792544570502,"B7_vs_A2":0.9904761904761905,"B7_vs_A3":0.5,"B8_vs_A1":0.9983792544570502,"B8_vs_A2":0.9904761904761905,"B8_vs_A3":0.5,"B9_vs_A1":0.9983792544570502,"B9_vs_A2":0.9904761904761905,"B9_vs_A3":0.5},"repair_runtimes_ms":{"A1":68,"A2":4927,"A3":411,"B1":386,"B2":1036,"B3":1054,"B4":114,"B5":3158,"B6":655,"B7":110,"B8":5319,"B9":3952}}

--- stderr ---
SingleTrialExperiment starting: ontology=/workspaces/ontologyutils-ekaw26/repair-power-index-replication-ekaw26/ontologies/inconsistent/SLEEP.owl, seed=1036678, run_id=20260624134028346645
Loaded ontology.
Normalizing ontology with SROIQ normalization...
Normalized ontology with SROIQ normalization.
Ontology is already inconsistent, skipping make-inconsistent step.
Repairing with A1 (random-removal)...
[2026-06-26 13:03:22.172] Checking precondition...
[2026-06-26 13:03:22.187] Starting the repair...
[2026-06-26 13:03:22.195] Found 172 possible bad axioms.
[2026-06-26 13:03:22.196] Selected the bad axiom SubClassOf(Polysomnography Electrooculography).
[2026-06-26 13:03:22.201] Found 171 possible bad axioms.
[2026-06-26 13:03:22.201] Selected the bad axiom SubClassOf(Stress PsychologicalFactor).
[2026-06-26 13:03:22.205] Found 170 possible bad axioms.
[2026-06-26 13:03:22.206] Selected the bad axiom SubClassOf(Therapy owl:Nothing).
[2026-06-26 13:03:22.209] Found 169 possible bad axioms.
[2026-06-26 13:03:22.210] Selected the bad axiom SubClassOf(UsingSmartphone BedtimeRitual).
[2026-06-26 13:03:22.216] Found 168 possible bad axioms.
[2026-06-26 13:03:22.217] Selected the bad axiom SubClassOf(SleepAid AffectingFactor).
[2026-06-26 13:03:22.220] Found 167 possible bad axioms.
[2026-06-26 13:03:22.220] Selected the bad axiom SubClassOf(Polysomnography SleepAssessmentTest).
[2026-06-26 13:03:22.223] Found 166 possible bad axioms.
[2026-06-26 13:03:22.223] Selected the bad axiom SubClassOf(PulseOximetry owl:Nothing).
[2026-06-26 13:03:22.226] Found 165 possible bad axioms.
[2026-06-26 13:03:22.226] Selected the bad axiom SubClassOf(LifestylePattern owl:Nothing).
[2026-06-26 13:03:22.229] Found 164 possible bad axioms.
[2026-06-26 13:03:22.230] Selected the bad axiom SubClassOf(SleepSchedule SleepStage).
[2026-06-26 13:03:22.232] Found 163 possible bad axioms.
[2026-06-26 13:03:22.233] Selected the bad axiom SubClassOf(NormalSleepWakePattern SleepPattern).
[2026-06-26 13:03:22.236] Finished repairing the ontology.
Repairing with A2 (not-in-largest-mcs-removal)...
[2026-06-26 13:03:22.236] Checking precondition...
[2026-06-26 13:03:22.248] Starting the repair...
[2026-06-26 13:03:27.160] Found 4 possible bad axioms.
[2026-06-26 13:03:27.161] Selected the bad axiom SubClassOf(NormalSleepWakePattern SleepPattern).
[2026-06-26 13:03:27.163] Finished repairing the ontology.
Repairing with A3 (default-weakening)...
[2026-06-26 13:03:27.164] Checking precondition...
[2026-06-26 13:03:27.167] Starting the repair...
[2026-06-26 13:03:27.178] Selected a reference ontology with 275 axioms.
[2026-06-26 13:03:27.533] Selected the bad axiom SubClassOf(owl:Thing NormalSleepWakePattern).
[2026-06-26 13:03:27.573] Selected the weaker axiom SubClassOf(WakeAfterSleepOnset(WASO) NormalSleepWakePattern).
[2026-06-26 13:03:27.575] Finished repairing the ontology.
Repairing with B1 (bad-in_some_mus-weaker-random)...
[2026-06-26 13:03:27.575] Checking precondition...
[2026-06
...[truncated]
SUCCESS: attempt=74 seed=1036678 success_count=73/100
progress: ontology=SLEEP attempt=74 success=73/100
----- SLEEP attempt=75 seed=1050878 at 2026-06-26 13:03:44 -----
--- stdout ---
{"seed":1050878,"run_id":"20260624134028346645","trial_status":"success","error_type":null,"failure_stage":null,"error_message":null,"iic_values":{"B1_vs_A1":0.0871718672610203,"B1_vs_A2":0.0013948622573520864,"B1_vs_A3":0.050545454545454546,"B2_vs_A1":0.0963124696749151,"B2_vs_A2":0.0011637379262190155,"B2_vs_A3":0.05774748923959828,"B3_vs_A1":0.9992385303636018,"B3_vs_A2":0.5,"B3_vs_A3":0.9964233457974313,"B4_vs_A1":0.999439671273814,"B4_vs_A2":0.9904761904761905,"B4_vs_A3":0.9980750721847931,"B5_vs_A1":0.999439671273814,"B5_vs_A2":0.9904761904761905,"B5_vs_A3":0.9980750721847931,"B6_vs_A1":0.999439671273814,"B6_vs_A2":0.9904761904761905,"B6_vs_A3":0.9980750721847931,"B7_vs_A1":0.999439671273814,"B7_vs_A2":0.9904761904761905,"B7_vs_A3":0.9980750721847931,"B8_vs_A1":0.999439671273814,"B8_vs_A2":0.9904761904761905,"B8_vs_A3":0.9980750721847931,"B9_vs_A1":0.999439671273814,"B9_vs_A2":0.9904761904761905,"B9_vs_A3":0.9980750721847931},"repair_runtimes_ms":{"A1":160,"A2":4933,"A3":400,"B1":368,"B2":5988,"B3":4041,"B4":68,"B5":1045,"B6":572,"B7":104,"B8":5452,"B9":325}}

--- stderr ---
SingleTrialExperiment starting: ontology=/workspaces/ontologyutils-ekaw26/repair-power-index-replication-ekaw26/ontologies/inconsistent/SLEEP.owl, seed=1050878, run_id=20260624134028346645
Loaded ontology.
Normalizing ontology with SROIQ normalization...
Normalized ontology with SROIQ normalization.
Ontology is already inconsistent, skipping make-inconsistent step.
Repairing with A1 (random-removal)...
[2026-06-26 13:03:45.260] Checking precondition...
[2026-06-26 13:03:45.276] Starting the repair...
[2026-06-26 13:03:45.284] Found 172 possible bad axioms.
[2026-06-26 13:03:45.286] Selected the bad axiom SubClassOf(Insomnia ChronicInsomniaDisorder).
[2026-06-26 13:03:45.291] Found 171 possible bad axioms.
[2026-06-26 13:03:45.291] Selected the bad axiom SubClassOf(StageIV NonRapidEyeMovement).
[2026-06-26 13:03:45.295] Found 170 possible bad axioms.
[2026-06-26 13:03:45.295] Selected the bad axiom SubClassOf(KleineLevinSyndrome CentralDisordersOfHypersomnolence).
[2026-06-26 13:03:45.299] Found 169 possible bad axioms.
[2026-06-26 13:03:45.299] Selected the bad axiom SubClassOf(SleepRelatedBreathingDisorders SleepDisorder).
[2026-06-26 13:03:45.302] Found 168 possible bad axioms.
[2026-06-26 13:03:45.302] Selected the bad axiom SubClassOf(Parasomnias SleepRelatedMovementDisorders).
[2026-06-26 13:03:45.309] Found 167 possible bad axioms.
[2026-06-26 13:03:45.310] Selected the bad axiom SubClassOf(Insomnia CircadianRhythmSleepWakeDisorders).
[2026-06-26 13:03:45.312] Found 166 possible bad axioms.
[2026-06-26 13:03:45.313] Selected the bad axiom SubClassOf(Pruritus Pain).
[2026-06-26 13:03:45.315] Found 165 possible bad axioms.
[2026-06-26 13:03:45.315] Selected the bad axiom SubClassOf(StageIII NonRapidEyeMovement).
[2026-06-26 13:03:45.319] Found 164 possible bad axioms.
[2026-06-26 13:03:45.319] Selected the bad axiom SubClassOf(Stress PsychologicalFactor).
[2026-06-26 13:03:45.323] Found 163 possible bad axioms.
[2026-06-26 13:03:45.323] Selected the bad axiom SubClassOf(SleepDepth SleepQuality).
[2026-06-26 13:03:45.326] Found 162 possible bad axioms.
[2026-06-26 13:03:45.326] Selected the bad axiom SubClassOf(Electrooculography Electroencephalography).
[2026-06-26 13:03:45.333] Found 161 possible bad axioms.
[2026-06-26 13:03:45.334] Selected the bad axiom SubClassOf(SleepRelatedBreathingDisorders Insomnia).
[2026-06-26 13:03:45.337] Found 160 possible bad axioms.
[2026-06-26 13:03:45.337] Selected the bad axiom SubClassOf(TimeOfWakingUp TimeOfGettingOutOfBed).
[2026-06-26 13:03:45.339] Found 159 possible bad axioms.
[2026-06-26 13:03:45.340] Selected the bad axiom SubClassOf(Polysomnography SleepAssessmentTest).
[2026-06-26 13:03:45.342] Found 158 possible bad axioms.
[2026-06-26 13:03:45.343] Selected the bad axiom SubClassOf(SleepPattern NormalSleepWakePattern).
[2026-06-26 13:03:45.345] Found 157 possible bad axioms.
[2026-06-26 13:03:45.345] Selected the bad axiom SubClassOf(SleepQuality AttributeOfSleep).
[2026-06-26 13:03:45.352] Foun
...[truncated]
SUCCESS: attempt=75 seed=1050878 success_count=74/100
progress: ontology=SLEEP attempt=75 success=74/100
----- SLEEP attempt=76 seed=1065078 at 2026-06-26 13:04:09 -----
--- stdout ---
{"seed":1065078,"run_id":"20260624134028346645","trial_status":"success","error_type":null,"failure_stage":null,"error_message":null,"iic_values":{"B1_vs_A1":0.9755244755244755,"B1_vs_A2":0.9722001588562351,"B1_vs_A3":0.9197860962566845,"B2_vs_A1":1.0,"B2_vs_A2":1.0,"B2_vs_A3":0.35036496350364965,"B3_vs_A1":0.9988929480792649,"B3_vs_A2":0.9988493844206651,"B3_vs_A3":0.9983566146261298,"B4_vs_A1":0.9993426818580193,"B4_vs_A2":0.999317095379012,"B4_vs_A3":0.9990708478513357,"B5_vs_A1":0.9993426818580193,"B5_vs_A2":0.999317095379012,"B5_vs_A3":0.9990708478513357,"B6_vs_A1":0.9993426818580193,"B6_vs_A2":0.999317095379012,"B6_vs_A3":0.9990708478513357,"B7_vs_A1":0.9993426818580193,"B7_vs_A2":0.999317095379012,"B7_vs_A3":0.9990708478513357,"B8_vs_A1":0.9993426818580193,"B8_vs_A2":0.999317095379012,"B8_vs_A3":0.9990708478513357,"B9_vs_A1":0.9993426818580193,"B9_vs_A2":0.999317095379012,"B9_vs_A3":0.9990708478513357},"repair_runtimes_ms":{"A1":119,"A2":4937,"A3":411,"B1":364,"B2":4208,"B3":937,"B4":144,"B5":676,"B6":445,"B7":100,"B8":821,"B9":3686}}

--- stderr ---
SingleTrialExperiment starting: ontology=/workspaces/ontologyutils-ekaw26/repair-power-index-replication-ekaw26/ontologies/inconsistent/SLEEP.owl, seed=1065078, run_id=20260624134028346645
Loaded ontology.
Normalizing ontology with SROIQ normalization...
Normalized ontology with SROIQ normalization.
Ontology is already inconsistent, skipping make-inconsistent step.
Repairing with A1 (random-removal)...
[2026-06-26 13:04:09.645] Checking precondition...
[2026-06-26 13:04:09.661] Starting the repair...
[2026-06-26 13:04:09.668] Found 172 possible bad axioms.
[2026-06-26 13:04:09.670] Selected the bad axiom SubClassOf(TimeOfFallingAsleep SleepSchedule).
[2026-06-26 13:04:09.674] Found 171 possible bad axioms.
[2026-06-26 13:04:09.675] Selected the bad axiom SubClassOf(Therapy MedicineOrSupplement).
[2026-06-26 13:04:09.679] Found 170 possible bad axioms.
[2026-06-26 13:04:09.679] Selected the bad axiom SubClassOf(SleepSchedule AttributeOfSleep).
[2026-06-26 13:04:09.682] Found 169 possible bad axioms.
[2026-06-26 13:04:09.682] Selected the bad axiom SubClassOf(Parasomnias SleepDisorder).
[2026-06-26 13:04:09.689] Found 168 possible bad axioms.
[2026-06-26 13:04:09.690] Selected the bad axiom SubClassOf(ChronicInsomniaDisorder ShortTermInsomniaDisorder).
[2026-06-26 13:04:09.693] Found 167 possible bad axioms.
[2026-06-26 13:04:09.693] Selected the bad axiom SubClassOf(CircadianRhythmSleepWakeDisorders SleepDisorder).
[2026-06-26 13:04:09.696] Found 166 possible bad axioms.
[2026-06-26 13:04:09.696] Selected the bad axiom SubClassOf(GoodSleepPattern SleepPattern).
[2026-06-26 13:04:09.699] Found 165 possible bad axioms.
[2026-06-26 13:04:09.699] Selected the bad axiom SubClassOf(PulseOximetry owl:Nothing).
[2026-06-26 13:04:09.702] Found 164 possible bad axioms.
[2026-06-26 13:04:09.702] Selected the bad axiom SubClassOf(DaytimePhysicalActivity LifestylePattern).
[2026-06-26 13:04:09.705] Found 163 possible bad axioms.
[2026-06-26 13:04:09.705] Selected the bad axiom SubClassOf(InsufficientPhysicalRecovery EffectsOfPoorSleep).
[2026-06-26 13:04:09.708] Found 162 possible bad axioms.
[2026-06-26 13:04:09.709] Selected the bad axiom SubClassOf(Insomnia CircadianRhythmSleepWakeDisorders).
[2026-06-26 13:04:09.716] Found 161 possible bad axioms.
[2026-06-26 13:04:09.716] Selected the bad axiom SubClassOf(ShiftWork LifestylePattern).
[2026-06-26 13:04:09.719] Found 160 possible bad axioms.
[2026-06-26 13:04:09.719] Selected the bad axiom SubClassOf(CentralSleepApneaSyndromes SleepRelatedHypoventilationDisorders).
[2026-06-26 13:04:09.722] Found 159 possible bad axioms.
[2026-06-26 13:04:09.722] Selected the bad axiom SubClassOf(SleepRelatedMovementDisorders SleepDisorder).
[2026-06-26 13:04:09.724] Found 158 possible bad axioms.
[2026-06-26 13:04:09.725] Selected the bad axiom SubClassOf(TotalSleepTime AttributeOfSleep).
[2026-06-26 13:04:09.727] Found 157 possible bad axioms.
[2026-06-26 13:04:09.727] Selected the bad axiom SubClassOf(PhysicalFactor Affe
...[truncated]
SUCCESS: attempt=76 seed=1065078 success_count=75/100
progress: ontology=SLEEP attempt=76 success=75/100
----- SLEEP attempt=77 seed=1079278 at 2026-06-26 13:04:27 -----
--- stdout ---
{"seed":1079278,"run_id":"20260624134028346645","trial_status":"success","error_type":null,"failure_stage":null,"error_message":null,"iic_values":{"B1_vs_A1":0.1369256602045489,"B1_vs_A2":1.0,"B1_vs_A3":0.0014053716427232979,"B2_vs_A1":0.14088843278111715,"B2_vs_A2":1.0,"B2_vs_A3":7.647598654022637E-4,"B3_vs_A1":0.9993868792152054,"B3_vs_A2":0.9992466475817388,"B3_vs_A3":0.5,"B4_vs_A1":0.9993868792152054,"B4_vs_A2":0.9992466475817388,"B4_vs_A3":0.5,"B5_vs_A1":0.9993868792152054,"B5_vs_A2":0.9992466475817388,"B5_vs_A3":0.5,"B6_vs_A1":0.9993868792152054,"B6_vs_A2":0.9992466475817388,"B6_vs_A3":0.5,"B7_vs_A1":0.9993868792152054,"B7_vs_A2":0.9992466475817388,"B7_vs_A3":0.5,"B8_vs_A1":0.9993868792152054,"B8_vs_A2":0.9992466475817388,"B8_vs_A3":0.5,"B9_vs_A1":0.9993868792152054,"B9_vs_A2":0.9992466475817388,"B9_vs_A3":0.5},"repair_runtimes_ms":{"A1":79,"A2":4944,"A3":404,"B1":1214,"B2":5946,"B3":668,"B4":74,"B5":708,"B6":223,"B7":140,"B8":759,"B9":1929}}

--- stderr ---
SingleTrialExperiment starting: ontology=/workspaces/ontologyutils-ekaw26/repair-power-index-replication-ekaw26/ontologies/inconsistent/SLEEP.owl, seed=1079278, run_id=20260624134028346645
Loaded ontology.
Normalizing ontology with SROIQ normalization...
Normalized ontology with SROIQ normalization.
Ontology is already inconsistent, skipping make-inconsistent step.
Repairing with A1 (random-removal)...
[2026-06-26 13:04:27.428] Checking precondition...
[2026-06-26 13:04:27.445] Starting the repair...
[2026-06-26 13:04:27.451] Found 172 possible bad axioms.
[2026-06-26 13:04:27.453] Selected the bad axiom SubClassOf(NicotineConsumption AlcoholConsumption).
[2026-06-26 13:04:27.457] Found 171 possible bad axioms.
[2026-06-26 13:04:27.458] Selected the bad axiom SubClassOf(NonRapidEyeMovement SleepStage).
[2026-06-26 13:04:27.461] Found 170 possible bad axioms.
[2026-06-26 13:04:27.461] Selected the bad axiom SubClassOf(AbnormalSleepPattern SleepPattern).
[2026-06-26 13:04:27.465] Found 169 possible bad axioms.
[2026-06-26 13:04:27.465] Selected the bad axiom SubClassOf(Narcolepsy IdiopathicHypersomnia).
[2026-06-26 13:04:27.472] Found 168 possible bad axioms.
[2026-06-26 13:04:27.473] Selected the bad axiom SubClassOf(BedtimeRitual StretchingExercise).
[2026-06-26 13:04:27.475] Found 167 possible bad axioms.
[2026-06-26 13:04:27.476] Selected the bad axiom SubClassOf(SleepRelatedGroaning OtherParasomnias).
[2026-06-26 13:04:27.479] Found 166 possible bad axioms.
[2026-06-26 13:04:27.479] Selected the bad axiom SubClassOf(PhysicalFactor AffectingFactor).
[2026-06-26 13:04:27.482] Found 165 possible bad axioms.
[2026-06-26 13:04:27.482] Selected the bad axiom SubClassOf(ListeningToWhiteNoise BedtimeRitual).
[2026-06-26 13:04:27.484] Found 164 possible bad axioms.
[2026-06-26 13:04:27.485] Selected the bad axiom SubClassOf(BedtimeRitual AffectingFactor).
[2026-06-26 13:04:27.488] Found 163 possible bad axioms.
[2026-06-26 13:04:27.488] Selected the bad axiom SubClassOf(StageIII NonRapidEyeMovement).
[2026-06-26 13:04:27.491] Found 162 possible bad axioms.
[2026-06-26 13:04:27.491] Selected the bad axiom SubClassOf(Therapy owl:Nothing).
[2026-06-26 13:04:27.499] Found 161 possible bad axioms.
[2026-06-26 13:04:27.499] Selected the bad axiom SubClassOf(NormalSleepWakePattern SleepPattern).
[2026-06-26 13:04:27.502] Finished repairing the ontology.
Repairing with A2 (not-in-largest-mcs-removal)...
[2026-06-26 13:04:27.503] Checking precondition...
[2026-06-26 13:04:27.510] Starting the repair...
[2026-06-26 13:04:32.445] Found 4 possible bad axioms.
[2026-06-26 13:04:32.445] Selected the bad axiom SubClassOf(AttributeOfSleep AffectingFactor).
[2026-06-26 13:04:32.447] Finished repairing the ontology.
Repairing with A3 (default-weakening)...
[2026-06-26 13:04:32.448] Checking precondition...
[2026-06-26 13:04:32.451] Starting the repair...
[2026-06-26 13:04:32.463] Selected a reference ontology with 275 axioms.
[2026-06-26 13:04:32.810] Selected the bad a
...[truncated]
SUCCESS: attempt=77 seed=1079278 success_count=76/100
progress: ontology=SLEEP attempt=77 success=76/100
----- SLEEP attempt=78 seed=1093478 at 2026-06-26 13:04:44 -----
--- stdout ---
{"seed":1093478,"run_id":"20260624134028346645","trial_status":"success","error_type":null,"failure_stage":null,"error_message":null,"iic_values":{"B1_vs_A1":0.9991915925626516,"B1_vs_A2":0.9988493844206651,"B1_vs_A3":0.9977628635346756,"B2_vs_A1":0.9994996497548284,"B2_vs_A2":0.999317095379012,"B2_vs_A3":0.9986387149469099,"B3_vs_A1":1.0,"B3_vs_A2":1.0,"B3_vs_A3":0.0259126158501986,"B4_vs_A1":0.9994996497548284,"B4_vs_A2":0.999317095379012,"B4_vs_A3":0.9986387149469099,"B5_vs_A1":0.9994996497548284,"B5_vs_A2":0.999317095379012,"B5_vs_A3":0.9986387149469099,"B6_vs_A1":0.9994996497548284,"B6_vs_A2":0.999317095379012,"B6_vs_A3":0.9986387149469099,"B7_vs_A1":0.9994996497548284,"B7_vs_A2":0.999317095379012,"B7_vs_A3":0.9986387149469099,"B8_vs_A1":0.9994996497548284,"B8_vs_A2":0.999317095379012,"B8_vs_A3":0.9986387149469099,"B9_vs_A1":0.9994996497548284,"B9_vs_A2":0.999317095379012,"B9_vs_A3":0.9986387149469099},"repair_runtimes_ms":{"A1":229,"A2":4900,"A3":383,"B1":360,"B2":6050,"B3":1764,"B4":83,"B5":5248,"B6":3695,"B7":101,"B8":3072,"B9":3939}}

--- stderr ---
SingleTrialExperiment starting: ontology=/workspaces/ontologyutils-ekaw26/repair-power-index-replication-ekaw26/ontologies/inconsistent/SLEEP.owl, seed=1093478, run_id=20260624134028346645
Loaded ontology.
Normalizing ontology with SROIQ normalization...
Normalized ontology with SROIQ normalization.
Ontology is already inconsistent, skipping make-inconsistent step.
Repairing with A1 (random-removal)...
[2026-06-26 13:04:45.298] Checking precondition...
[2026-06-26 13:04:45.314] Starting the repair...
[2026-06-26 13:04:45.322] Found 172 possible bad axioms.
[2026-06-26 13:04:45.323] Selected the bad axiom SubClassOf(SleepApnoeaRecording SleepAssessmentTest).
[2026-06-26 13:04:45.328] Found 171 possible bad axioms.
[2026-06-26 13:04:45.328] Selected the bad axiom SubClassOf(Anxiety PsychologicalFactor).
[2026-06-26 13:04:45.332] Found 170 possible bad axioms.
[2026-06-26 13:04:45.332] Selected the bad axiom SubClassOf(ShortTermInsomniaDisorder ChronicInsomniaDisorder).
[2026-06-26 13:04:45.335] Found 169 possible bad axioms.
[2026-06-26 13:04:45.335] Selected the bad axiom SubClassOf(SleepAssessmentTest Sleep).
[2026-06-26 13:04:45.342] Found 168 possible bad axioms.
[2026-06-26 13:04:45.342] Selected the bad axiom SubClassOf(TimeOfWakingUp TimeOfFallingAsleep).
[2026-06-26 13:04:45.346] Found 167 possible bad axioms.
[2026-06-26 13:04:45.346] Selected the bad axiom SubClassOf(PulseOximetry owl:Nothing).
[2026-06-26 13:04:45.348] Found 166 possible bad axioms.
[2026-06-26 13:04:45.349] Selected the bad axiom SubClassOf(Pain PhysicalFactor).
[2026-06-26 13:04:45.351] Found 165 possible bad axioms.
[2026-06-26 13:04:45.352] Selected the bad axiom SubClassOf(PsychologicalFactor AffectingFactor).
[2026-06-26 13:04:45.354] Found 164 possible bad axioms.
[2026-06-26 13:04:45.355] Selected the bad axiom SubClassOf(Meditation BedtimeRitual).
[2026-06-26 13:04:45.358] Found 163 possible bad axioms.
[2026-06-26 13:04:45.358] Selected the bad axiom SubClassOf(KleineLevinSyndrome CentralDisordersOfHypersomnolence).
[2026-06-26 13:04:45.361] Found 162 possible bad axioms.
[2026-06-26 13:04:45.362] Selected the bad axiom SubClassOf(CentralSleepApneaSyndromes SleepRelatedBreathingDisorders).
[2026-06-26 13:04:45.369] Found 161 possible bad axioms.
[2026-06-26 13:04:45.369] Selected the bad axiom SubClassOf(Noise EnvironmentalFactor).
[2026-06-26 13:04:45.372] Found 160 possible bad axioms.
[2026-06-26 13:04:45.372] Selected the bad axiom SubClassOf(EffectsOfPoorSleep AttributeOfSleep).
[2026-06-26 13:04:45.374] Found 159 possible bad axioms.
[2026-06-26 13:04:45.375] Selected the bad axiom SubClassOf(DepressedMood PsychologicalFactor).
[2026-06-26 13:04:45.377] Found 158 possible bad axioms.
[2026-06-26 13:04:45.377] Selected the bad axiom SubClassOf(RestlessLegsSyndrome owl:Nothing).
[2026-06-26 13:04:45.380] Found 157 possible bad axioms.
[2026-06-26 13:04:45.380] Selected the bad axiom SubClassOf(StageII NonRapidEyeMovement).
[2026-06-26 13:04:45.386] Found 15
...[truncated]
SUCCESS: attempt=78 seed=1093478 success_count=77/100
progress: ontology=SLEEP attempt=78 success=77/100
----- SLEEP attempt=79 seed=1107678 at 2026-06-26 13:05:15 -----
--- stdout ---
{"seed":1107678,"run_id":"20260624134028346645","trial_status":"success","error_type":null,"failure_stage":null,"error_message":null,"iic_values":{"B1_vs_A1":0.9993296838342085,"B1_vs_A2":0.5,"B1_vs_A3":0.997528616024974,"B2_vs_A1":0.9988708220415538,"B2_vs_A2":0.009523809523809525,"B2_vs_A3":0.9952749704685654,"B3_vs_A1":0.9729305610043154,"B3_vs_A2":7.647598654022637E-4,"B3_vs_A3":0.6926510989010989,"B4_vs_A1":0.9993296838342085,"B4_vs_A2":0.5,"B4_vs_A3":0.997528616024974,"B5_vs_A1":0.9993296838342085,"B5_vs_A2":0.5,"B5_vs_A3":0.997528616024974,"B6_vs_A1":0.9993296838342085,"B6_vs_A2":0.5,"B6_vs_A3":0.997528616024974,"B7_vs_A1":0.9993296838342085,"B7_vs_A2":0.5,"B7_vs_A3":0.997528616024974,"B8_vs_A1":0.9993296838342085,"B8_vs_A2":0.5,"B8_vs_A3":0.997528616024974,"B9_vs_A1":0.9993296838342085,"B9_vs_A2":0.5,"B9_vs_A3":0.997528616024974},"repair_runtimes_ms":{"A1":126,"A2":4951,"A3":766,"B1":363,"B2":1401,"B3":1839,"B4":92,"B5":1056,"B6":473,"B7":115,"B8":5394,"B9":1960}}

--- stderr ---
SingleTrialExperiment starting: ontology=/workspaces/ontologyutils-ekaw26/repair-power-index-replication-ekaw26/ontologies/inconsistent/SLEEP.owl, seed=1107678, run_id=20260624134028346645
Loaded ontology.
Normalizing ontology with SROIQ normalization...
Normalized ontology with SROIQ normalization.
Ontology is already inconsistent, skipping make-inconsistent step.
Repairing with A1 (random-removal)...
[2026-06-26 13:05:16.010] Checking precondition...
[2026-06-26 13:05:16.025] Starting the repair...
[2026-06-26 13:05:16.033] Found 172 possible bad axioms.
[2026-06-26 13:05:16.034] Selected the bad axiom SubClassOf(SleepQuality AttributeOfSleep).
[2026-06-26 13:05:16.039] Found 171 possible bad axioms.
[2026-06-26 13:05:16.039] Selected the bad axiom SubClassOf(StageIII NonRapidEyeMovement).
[2026-06-26 13:05:16.043] Found 170 possible bad axioms.
[2026-06-26 13:05:16.043] Selected the bad axiom SubClassOf(WakeAfterSleepOnset(WASO) SleepContinuity).
[2026-06-26 13:05:16.047] Found 169 possible bad axioms.
[2026-06-26 13:05:16.047] Selected the bad axiom SubClassOf(SleepPattern NormalSleepWakePattern).
[2026-06-26 13:05:16.054] Found 168 possible bad axioms.
[2026-06-26 13:05:16.054] Selected the bad axiom SubClassOf(DelayedSleepPhaseSyndrome(DSPS) ChronicSleepWakeRhythmDisorder).
[2026-06-26 13:05:16.057] Found 167 possible bad axioms.
[2026-06-26 13:05:16.057] Selected the bad axiom SubClassOf(PoorSleepPattern SleepPattern).
[2026-06-26 13:05:16.060] Found 166 possible bad axioms.
[2026-06-26 13:05:16.060] Selected the bad axiom SubClassOf(EffectOnDailyFunction EffectsOfPoorSleep).
[2026-06-26 13:05:16.062] Found 165 possible bad axioms.
[2026-06-26 13:05:16.063] Selected the bad axiom SubClassOf(TimeOfFallingAsleep SleepSchedule).
[2026-06-26 13:05:16.066] Found 164 possible bad axioms.
[2026-06-26 13:05:16.066] Selected the bad axiom SubClassOf(Massage BedtimeRitual).
[2026-06-26 13:05:16.072] Found 163 possible bad axioms.
[2026-06-26 13:05:16.072] Selected the bad axiom SubClassOf(TransientSleepWakeRhythmDisorder ChronicSleepWakeRhythmDisorder).
[2026-06-26 13:05:16.075] Found 162 possible bad axioms.
[2026-06-26 13:05:16.075] Selected the bad axiom SubClassOf(AbnormalSleepPattern SleepPattern).
[2026-06-26 13:05:16.083] Found 161 possible bad axioms.
[2026-06-26 13:05:16.083] Selected the bad axiom SubClassOf(Electrooculography Electroencephalography).
[2026-06-26 13:05:16.086] Found 160 possible bad axioms.
[2026-06-26 13:05:16.086] Selected the bad axiom SubClassOf(Therapy owl:Nothing).
[2026-06-26 13:05:16.088] Found 159 possible bad axioms.
[2026-06-26 13:05:16.089] Selected the bad axiom SubClassOf(TotalSleepTime AttributeOfSleep).
[2026-06-26 13:05:16.092] Found 158 possible bad axioms.
[2026-06-26 13:05:16.092] Selected the bad axiom SubClassOf(SleepRelatedBreathingDisorders Insomnia).
[2026-06-26 13:05:16.094] Found 157 possible bad axioms.
[2026-06-26 13:05:16.094] Selected the bad axiom SubClassOf(TimeOfWakingUp TimeOfGoingToBed).
...[truncated]
SUCCESS: attempt=79 seed=1107678 success_count=78/100
progress: ontology=SLEEP attempt=79 success=78/100
----- SLEEP attempt=80 seed=1121878 at 2026-06-26 13:05:35 -----
--- stdout ---
{"seed":1121878,"run_id":"20260624134028346645","trial_status":"success","error_type":null,"failure_stage":null,"error_message":null,"iic_values":{"B1_vs_A1":1.0,"B1_vs_A2":0.9904761904761905,"B1_vs_A3":0.99608471258231,"B2_vs_A1":0.15978562921794362,"B2_vs_A2":0.0012420431609998447,"B2_vs_A3":0.07341092211280215,"B3_vs_A1":1.0,"B3_vs_A2":0.9904761904761905,"B3_vs_A3":0.99608471258231,"B4_vs_A1":1.0,"B4_vs_A2":0.9904761904761905,"B4_vs_A3":0.99608471258231,"B5_vs_A1":1.0,"B5_vs_A2":0.9904761904761905,"B5_vs_A3":0.99608471258231,"B6_vs_A1":1.0,"B6_vs_A2":0.9904761904761905,"B6_vs_A3":0.99608471258231,"B7_vs_A1":1.0,"B7_vs_A2":0.9904761904761905,"B7_vs_A3":0.99608471258231,"B8_vs_A1":1.0,"B8_vs_A2":0.9904761904761905,"B8_vs_A3":0.99608471258231,"B9_vs_A1":1.0,"B9_vs_A2":0.9904761904761905,"B9_vs_A3":0.99608471258231},"repair_runtimes_ms":{"A1":155,"A2":4911,"A3":1361,"B1":346,"B2":5975,"B3":3940,"B4":97,"B5":2898,"B6":1914,"B7":105,"B8":1213,"B9":315}}

--- stderr ---
SingleTrialExperiment starting: ontology=/workspaces/ontologyutils-ekaw26/repair-power-index-replication-ekaw26/ontologies/inconsistent/SLEEP.owl, seed=1121878, run_id=20260624134028346645
Loaded ontology.
Normalizing ontology with SROIQ normalization...
Normalized ontology with SROIQ normalization.
Ontology is already inconsistent, skipping make-inconsistent step.
Repairing with A1 (random-removal)...
[2026-06-26 13:05:35.443] Checking precondition...
[2026-06-26 13:05:35.458] Starting the repair...
[2026-06-26 13:05:35.465] Found 172 possible bad axioms.
[2026-06-26 13:05:35.467] Selected the bad axiom SubClassOf(Lighting Co-Sleeping).
[2026-06-26 13:05:35.472] Found 171 possible bad axioms.
[2026-06-26 13:05:35.472] Selected the bad axiom SubClassOf(PulseOximetry Electrooculography).
[2026-06-26 13:05:35.476] Found 170 possible bad axioms.
[2026-06-26 13:05:35.476] Selected the bad axiom SubClassOf(CentralDisordersOfHypersomnolence SleepDisorder).
[2026-06-26 13:05:35.480] Found 169 possible bad axioms.
[2026-06-26 13:05:35.480] Selected the bad axiom SubClassOf(Meditation BedtimeRitual).
[2026-06-26 13:05:35.483] Found 168 possible bad axioms.
[2026-06-26 13:05:35.483] Selected the bad axiom SubClassOf(Temperature EnvironmentalFactor).
[2026-06-26 13:05:35.490] Found 167 possible bad axioms.
[2026-06-26 13:05:35.490] Selected the bad axiom SubClassOf(Lighting EnvironmentalFactor).
[2026-06-26 13:05:35.493] Found 166 possible bad axioms.
[2026-06-26 13:05:35.493] Selected the bad axiom SubClassOf(SleepContinuity PoorSleepPattern).
[2026-06-26 13:05:35.497] Found 165 possible bad axioms.
[2026-06-26 13:05:35.497] Selected the bad axiom SubClassOf(NonRapidEyeMovement SleepStage).
[2026-06-26 13:05:35.500] Found 164 possible bad axioms.
[2026-06-26 13:05:35.500] Selected the bad axiom SubClassOf(LifestylePattern SleepAid).
[2026-06-26 13:05:35.505] Found 163 possible bad axioms.
[2026-06-26 13:05:35.505] Selected the bad axiom SubClassOf(ChronicInsomniaDisorder ShortTermInsomniaDisorder).
[2026-06-26 13:05:35.508] Found 162 possible bad axioms.
[2026-06-26 13:05:35.508] Selected the bad axiom SubClassOf(Electroencephalography Electrooculography).
[2026-06-26 13:05:35.515] Found 161 possible bad axioms.
[2026-06-26 13:05:35.516] Selected the bad axiom SubClassOf(MedicineOrSupplement SleepAid).
[2026-06-26 13:05:35.518] Found 160 possible bad axioms.
[2026-06-26 13:05:35.518] Selected the bad axiom SubClassOf(Fear PsychologicalFactor).
[2026-06-26 13:05:35.521] Found 159 possible bad axioms.
[2026-06-26 13:05:35.521] Selected the bad axiom SubClassOf(IrregularSleepWakeCycle ChronicSleepWakeRhythmDisorder).
[2026-06-26 13:05:35.524] Found 158 possible bad axioms.
[2026-06-26 13:05:35.524] Selected the bad axiom SubClassOf(AbnormalSleepPattern SleepPattern).
[2026-06-26 13:05:35.527] Found 157 possible bad axioms.
[2026-06-26 13:05:35.527] Selected the bad axiom SubClassOf(TimeOfGoingToBed SleepSchedule).
[2026-06-26 13:05:35.534] Found 156 possible 
...[truncated]
SUCCESS: attempt=80 seed=1121878 success_count=79/100
progress: ontology=SLEEP attempt=80 success=79/100
----- SLEEP attempt=81 seed=1136078 at 2026-06-26 13:06:01 -----
--- stdout ---
{"seed":1136078,"run_id":"20260624134028346645","trial_status":"success","error_type":null,"failure_stage":null,"error_message":null,"iic_values":{"B1_vs_A1":0.9830310122878877,"B1_vs_A2":9.105809506465125E-4,"B1_vs_A3":0.9788011695906432,"B2_vs_A1":0.9993177942012507,"B2_vs_A2":0.5,"B2_vs_A3":0.9992604461974609,"B3_vs_A1":1.0,"B3_vs_A2":8.049678012879485E-4,"B3_vs_A3":0.11318242343541944,"B4_vs_A1":0.9993177942012507,"B4_vs_A2":0.5,"B4_vs_A3":0.9992604461974609,"B5_vs_A1":0.9993177942012507,"B5_vs_A2":0.5,"B5_vs_A3":0.9992604461974609,"B6_vs_A1":0.9993177942012507,"B6_vs_A2":0.5,"B6_vs_A3":0.9992604461974609,"B7_vs_A1":0.9993177942012507,"B7_vs_A2":0.5,"B7_vs_A3":0.9992604461974609,"B8_vs_A1":0.9993177942012507,"B8_vs_A2":0.5,"B8_vs_A3":0.9992604461974609,"B9_vs_A1":0.9993177942012507,"B9_vs_A2":0.5,"B9_vs_A3":0.9992604461974609},"repair_runtimes_ms":{"A1":59,"A2":4932,"A3":439,"B1":378,"B2":3767,"B3":2208,"B4":58,"B5":953,"B6":600,"B7":106,"B8":5508,"B9":3849}}

--- stderr ---
SingleTrialExperiment starting: ontology=/workspaces/ontologyutils-ekaw26/repair-power-index-replication-ekaw26/ontologies/inconsistent/SLEEP.owl, seed=1136078, run_id=20260624134028346645
Loaded ontology.
Normalizing ontology with SROIQ normalization...
Normalized ontology with SROIQ normalization.
Ontology is already inconsistent, skipping make-inconsistent step.
Repairing with A1 (random-removal)...
[2026-06-26 13:06:01.419] Checking precondition...
[2026-06-26 13:06:01.435] Starting the repair...
[2026-06-26 13:06:01.442] Found 172 possible bad axioms.
[2026-06-26 13:06:01.444] Selected the bad axiom SubClassOf(Pruritus PhysicalFactor).
[2026-06-26 13:06:01.448] Found 171 possible bad axioms.
[2026-06-26 13:06:01.448] Selected the bad axiom SubClassOf(SleepRelatedBreathingDisorders SleepDisorder).
[2026-06-26 13:06:01.452] Found 170 possible bad axioms.
[2026-06-26 13:06:01.452] Selected the bad axiom SubClassOf(SleepRelatedHypoventilationDisorders SleepRelatedBreathingDisorders).
[2026-06-26 13:06:01.455] Found 169 possible bad axioms.
[2026-06-26 13:06:01.456] Selected the bad axiom SubClassOf(Co-Sleeping EnvironmentalFactor).
[2026-06-26 13:06:01.458] Found 168 possible bad axioms.
[2026-06-26 13:06:01.458] Selected the bad axiom SubClassOf(StageIV StageII).
[2026-06-26 13:06:01.467] Found 167 possible bad axioms.
[2026-06-26 13:06:01.468] Selected the bad axiom SubClassOf(Parasomnias SleepDisorder).
[2026-06-26 13:06:01.470] Found 166 possible bad axioms.
[2026-06-26 13:06:01.471] Selected the bad axiom SubClassOf(AffectingFactor owl:Nothing).
[2026-06-26 13:06:01.473] Finished repairing the ontology.
Repairing with A2 (not-in-largest-mcs-removal)...
[2026-06-26 13:06:01.474] Checking precondition...
[2026-06-26 13:06:01.482] Starting the repair...
[2026-06-26 13:06:06.406] Found 4 possible bad axioms.
[2026-06-26 13:06:06.406] Selected the bad axiom SubClassOf(owl:Thing NormalSleepWakePattern).
[2026-06-26 13:06:06.406] Finished repairing the ontology.
Repairing with A3 (default-weakening)...
[2026-06-26 13:06:06.408] Checking precondition...
[2026-06-26 13:06:06.410] Starting the repair...
[2026-06-26 13:06:06.424] Selected a reference ontology with 275 axioms.
[2026-06-26 13:06:06.770] Selected the bad axiom SubClassOf(AffectingFactor owl:Nothing).
[2026-06-26 13:06:06.844] Selected the weaker axiom SubClassOf(EnvironmentalFactor owl:Nothing).
[2026-06-26 13:06:06.846] Finished repairing the ontology.
Repairing with B1 (bad-in_some_mus-weaker-random)...
[2026-06-26 13:06:06.846] Checking precondition...
[2026-06-26 13:06:06.849] Starting the repair...
[2026-06-26 13:06:06.859] Selected a reference ontology with 275 axioms.
[2026-06-26 13:06:07.196] Selected the bad axiom SubClassOf(AttributeOfSleep AffectingFactor).
[2026-06-26 13:06:07.222] Selected the weaker axiom SubClassOf(SleepRelatedMovementDisorders AffectingFactor).
[2026-06-26 13:06:07.224] Finished repairing the ontology.
Repairing with B2 (bad-in_some_mus-weaker-shapley)...
...[truncated]
SUCCESS: attempt=81 seed=1136078 success_count=80/100
progress: ontology=SLEEP attempt=81 success=80/100
----- SLEEP attempt=82 seed=1150278 at 2026-06-26 13:06:24 -----
--- stdout ---
{"seed":1150278,"run_id":"20260624134028346645","trial_status":"success","error_type":null,"failure_stage":null,"error_message":null,"iic_values":{"B1_vs_A1":6.325110689437065E-4,"B1_vs_A2":0.9714285714285714,"B1_vs_A3":6.125574272588055E-4,"B2_vs_A1":0.0013948622573520864,"B2_vs_A2":0.05957993999142735,"B2_vs_A3":8.049678012879485E-4,"B3_vs_A1":0.5,"B3_vs_A2":0.998776758409786,"B3_vs_A3":0.009523809523809525,"B4_vs_A1":0.9904761904761905,"B4_vs_A2":0.9992466475817388,"B4_vs_A3":0.5,"B5_vs_A1":0.9904761904761905,"B5_vs_A2":0.9992466475817388,"B5_vs_A3":0.5,"B6_vs_A1":0.9904761904761905,"B6_vs_A2":0.9992466475817388,"B6_vs_A3":0.5,"B7_vs_A1":0.9904761904761905,"B7_vs_A2":0.9992466475817388,"B7_vs_A3":0.5,"B8_vs_A1":0.9904761904761905,"B8_vs_A2":0.9992466475817388,"B8_vs_A3":0.5,"B9_vs_A1":0.9904761904761905,"B9_vs_A2":0.9992466475817388,"B9_vs_A3":0.5},"repair_runtimes_ms":{"A1":41,"A2":4970,"A3":393,"B1":676,"B2":3532,"B3":848,"B4":69,"B5":781,"B6":1824,"B7":103,"B8":1046,"B9":2001}}

--- stderr ---
SingleTrialExperiment starting: ontology=/workspaces/ontologyutils-ekaw26/repair-power-index-replication-ekaw26/ontologies/inconsistent/SLEEP.owl, seed=1150278, run_id=20260624134028346645
Loaded ontology.
Normalizing ontology with SROIQ normalization...
Normalized ontology with SROIQ normalization.
Ontology is already inconsistent, skipping make-inconsistent step.
Repairing with A1 (random-removal)...
[2026-06-26 13:06:25.114] Checking precondition...
[2026-06-26 13:06:25.130] Starting the repair...
[2026-06-26 13:06:25.137] Found 172 possible bad axioms.
[2026-06-26 13:06:25.139] Selected the bad axiom SubClassOf(LifestylePattern AffectingFactor).
[2026-06-26 13:06:25.143] Found 171 possible bad axioms.
[2026-06-26 13:06:25.144] Selected the bad axiom SubClassOf(EffectsOfPoorSleep Sleep).
[2026-06-26 13:06:25.147] Found 170 possible bad axioms.
[2026-06-26 13:06:25.148] Selected the bad axiom SubClassOf(NormalSleepWakePattern SleepPattern).
[2026-06-26 13:06:25.151] Finished repairing the ontology.
Repairing with A2 (not-in-largest-mcs-removal)...
[2026-06-26 13:06:25.152] Checking precondition...
[2026-06-26 13:06:25.163] Starting the repair...
[2026-06-26 13:06:30.120] Found 4 possible bad axioms.
[2026-06-26 13:06:30.121] Selected the bad axiom SubClassOf(AttributeOfSleep AffectingFactor).
[2026-06-26 13:06:30.122] Finished repairing the ontology.
Repairing with A3 (default-weakening)...
[2026-06-26 13:06:30.124] Checking precondition...
[2026-06-26 13:06:30.126] Starting the repair...
[2026-06-26 13:06:30.139] Selected a reference ontology with 275 axioms.
[2026-06-26 13:06:30.467] Selected the bad axiom SubClassOf(owl:Thing NormalSleepWakePattern).
[2026-06-26 13:06:30.514] Selected the weaker axiom SubClassOf(AbnormalSleepPattern NormalSleepWakePattern).
[2026-06-26 13:06:30.516] Finished repairing the ontology.
Repairing with B1 (bad-in_some_mus-weaker-random)...
[2026-06-26 13:06:30.516] Checking precondition...
[2026-06-26 13:06:30.518] Starting the repair...
[2026-06-26 13:06:30.526] Selected a reference ontology with 275 axioms.
[2026-06-26 13:06:30.842] Selected the bad axiom SubClassOf(NormalSleepWakePattern SleepPattern).
[2026-06-26 13:06:30.870] Selected the weaker axiom SubClassOf(NormalSleepWakePattern Sleep).
[2026-06-26 13:06:31.190] Selected the bad axiom SubClassOf(Sleep AttributeOfSleep).
[2026-06-26 13:06:31.192] Selected the weaker axiom SubClassOf(SleepAssessmentTest AttributeOfSleep).
[2026-06-26 13:06:31.193] Finished repairing the ontology.
Repairing with B2 (bad-in_some_mus-weaker-shapley)...
[2026-06-26 13:06:31.194] Checking precondition...
[2026-06-26 13:06:31.196] Starting the repair...
[2026-06-26 13:06:31.204] Selected a reference ontology with 275 axioms.
[2026-06-26 13:06:31.519] Selected the bad axiom SubClassOf(AffectingFactor owl:Nothing).
[PowerIndexWeakerAxiomSelector] Scoring 99 candidate weakenings for AffectingFactor ⊑ ⊥
[PowerIndexWeakerAxiomSelector] Selected weaker axiom: AffectingFactor ⊑ Abnorm
...[truncated]
SUCCESS: attempt=82 seed=1150278 success_count=81/100
progress: ontology=SLEEP attempt=82 success=81/100
----- SLEEP attempt=83 seed=1164478 at 2026-06-26 13:06:41 -----
--- stdout ---
{"seed":1164478,"run_id":"20260624134028346645","trial_status":"success","error_type":null,"failure_stage":null,"error_message":null,"iic_values":{"B1_vs_A1":0.1796707229778096,"B1_vs_A2":1.0,"B1_vs_A3":0.0018975332068311196,"B2_vs_A1":0.4092071611253197,"B2_vs_A2":0.9710570469798657,"B2_vs_A3":0.0012420431609998447,"B3_vs_A1":0.9994848901098901,"B3_vs_A2":0.999317095379012,"B3_vs_A3":0.9904761904761905,"B4_vs_A1":0.9994848901098901,"B4_vs_A2":0.999317095379012,"B4_vs_A3":0.9904761904761905,"B5_vs_A1":0.9994848901098901,"B5_vs_A2":0.999317095379012,"B5_vs_A3":0.9904761904761905,"B6_vs_A1":0.9994848901098901,"B6_vs_A2":0.999317095379012,"B6_vs_A3":0.9904761904761905,"B7_vs_A1":0.9994848901098901,"B7_vs_A2":0.999317095379012,"B7_vs_A3":0.9904761904761905,"B8_vs_A1":0.9994848901098901,"B8_vs_A2":0.999317095379012,"B8_vs_A3":0.9904761904761905,"B9_vs_A1":0.9994848901098901,"B9_vs_A2":0.999317095379012,"B9_vs_A3":0.9904761904761905},"repair_runtimes_ms":{"A1":197,"A2":4899,"A3":410,"B1":380,"B2":1731,"B3":2285,"B4":130,"B5":5439,"B6":698,"B7":103,"B8":722,"B9":3961}}

--- stderr ---
SingleTrialExperiment starting: ontology=/workspaces/ontologyutils-ekaw26/repair-power-index-replication-ekaw26/ontologies/inconsistent/SLEEP.owl, seed=1164478, run_id=20260624134028346645
Loaded ontology.
Normalizing ontology with SROIQ normalization...
Normalized ontology with SROIQ normalization.
Ontology is already inconsistent, skipping make-inconsistent step.
Repairing with A1 (random-removal)...
[2026-06-26 13:06:42.203] Checking precondition...
[2026-06-26 13:06:42.219] Starting the repair...
[2026-06-26 13:06:42.227] Found 172 possible bad axioms.
[2026-06-26 13:06:42.228] Selected the bad axiom SubClassOf(EffectsOfPoorSleep SleepSchedule).
[2026-06-26 13:06:42.233] Found 171 possible bad axioms.
[2026-06-26 13:06:42.233] Selected the bad axiom SubClassOf(TimeOfGoingToBed SleepSchedule).
[2026-06-26 13:06:42.237] Found 170 possible bad axioms.
[2026-06-26 13:06:42.238] Selected the bad axiom SubClassOf(EffectsOfPoorSleep TimeOfFallingAsleep).
[2026-06-26 13:06:42.242] Found 169 possible bad axioms.
[2026-06-26 13:06:42.242] Selected the bad axiom SubClassOf(SleepRelatedMovementDisorders SleepDisorder).
[2026-06-26 13:06:42.249] Found 168 possible bad axioms.
[2026-06-26 13:06:42.249] Selected the bad axiom SubClassOf(ExplodingHeadSyndrome SleepRelatedHallucinations).
[2026-06-26 13:06:42.252] Found 167 possible bad axioms.
[2026-06-26 13:06:42.253] Selected the bad axiom SubClassOf(IrregularSleepWakeCycle ChronicSleepWakeRhythmDisorder).
[2026-06-26 13:06:42.255] Found 166 possible bad axioms.
[2026-06-26 13:06:42.255] Selected the bad axiom SubClassOf(SleepStage SleepPattern).
[2026-06-26 13:06:42.258] Found 165 possible bad axioms.
[2026-06-26 13:06:42.259] Selected the bad axiom SubClassOf(WakeAfterSleepOnset(WASO) SleepContinuity).
[2026-06-26 13:06:42.262] Found 164 possible bad axioms.
[2026-06-26 13:06:42.262] Selected the bad axiom SubClassOf(ChronicInsomniaDisorder Insomnia).
[2026-06-26 13:06:42.266] Found 163 possible bad axioms.
[2026-06-26 13:06:42.266] Selected the bad axiom SubClassOf(RestlessLegsSyndrome PeriodicLimbMovementDisorder).
[2026-06-26 13:06:42.269] Found 162 possible bad axioms.
[2026-06-26 13:06:42.269] Selected the bad axiom SubClassOf(TimeOfWakingUp TimeOfGoingToBed).
[2026-06-26 13:06:42.277] Found 161 possible bad axioms.
[2026-06-26 13:06:42.277] Selected the bad axiom SubClassOf(SleepQuality AttributeOfSleep).
[2026-06-26 13:06:42.280] Found 160 possible bad axioms.
[2026-06-26 13:06:42.280] Selected the bad axiom SubClassOf(Polysomnography SleepApnoeaRecording).
[2026-06-26 13:06:42.283] Found 159 possible bad axioms.
[2026-06-26 13:06:42.283] Selected the bad axiom SubClassOf(ExplodingHeadSyndrome OtherParasomnias).
[2026-06-26 13:06:42.285] Found 158 possible bad axioms.
[2026-06-26 13:06:42.285] Selected the bad axiom SubClassOf(Electrocardiography Polysomnography).
[2026-06-26 13:06:42.288] Found 157 possible bad axioms.
[2026-06-26 13:06:42.288] Selected the bad axiom SubClassOf(MedicineOrSuppleme
...[truncated]
SUCCESS: attempt=83 seed=1164478 success_count=82/100
progress: ontology=SLEEP attempt=83 success=82/100
----- SLEEP attempt=84 seed=1178678 at 2026-06-26 13:07:05 -----
--- stdout ---
{"seed":1178678,"run_id":"20260624134028346645","trial_status":"success","error_type":null,"failure_stage":null,"error_message":null,"iic_values":{"B1_vs_A1":0.048218783735156534,"B1_vs_A2":0.0011904761904761906,"B1_vs_A3":0.11330992658793489,"B2_vs_A1":0.9708356702187325,"B2_vs_A2":0.5,"B2_vs_A3":0.9986606395446175,"B3_vs_A1":0.9708356702187325,"B3_vs_A2":0.5,"B3_vs_A3":0.9986606395446175,"B4_vs_A1":1.0,"B4_vs_A2":0.9904761904761905,"B4_vs_A3":0.999176276771005,"B5_vs_A1":1.0,"B5_vs_A2":0.9904761904761905,"B5_vs_A3":0.999176276771005,"B6_vs_A1":1.0,"B6_vs_A2":0.9904761904761905,"B6_vs_A3":0.999176276771005,"B7_vs_A1":1.0,"B7_vs_A2":0.9904761904761905,"B7_vs_A3":0.999176276771005,"B8_vs_A1":1.0,"B8_vs_A2":0.9904761904761905,"B8_vs_A3":0.999176276771005,"B9_vs_A1":1.0,"B9_vs_A2":0.9904761904761905,"B9_vs_A3":0.999176276771005},"repair_runtimes_ms":{"A1":85,"A2":4918,"A3":1016,"B1":362,"B2":901,"B3":967,"B4":102,"B5":1134,"B6":460,"B7":113,"B8":1155,"B9":2117}}

--- stderr ---
SingleTrialExperiment starting: ontology=/workspaces/ontologyutils-ekaw26/repair-power-index-replication-ekaw26/ontologies/inconsistent/SLEEP.owl, seed=1178678, run_id=20260624134028346645
Loaded ontology.
Normalizing ontology with SROIQ normalization...
Normalized ontology with SROIQ normalization.
Ontology is already inconsistent, skipping make-inconsistent step.
Repairing with A1 (random-removal)...
[2026-06-26 13:07:05.754] Checking precondition...
[2026-06-26 13:07:05.770] Starting the repair...
[2026-06-26 13:07:05.778] Found 172 possible bad axioms.
[2026-06-26 13:07:05.779] Selected the bad axiom SubClassOf(BedtimeRitual AffectingFactor).
[2026-06-26 13:07:05.784] Found 171 possible bad axioms.
[2026-06-26 13:07:05.784] Selected the bad axiom SubClassOf(StageIII NonRapidEyeMovement).
[2026-06-26 13:07:05.788] Found 170 possible bad axioms.
[2026-06-26 13:07:05.788] Selected the bad axiom SubClassOf(SleepRelatedBreathingDisorders SleepDisorder).
[2026-06-26 13:07:05.792] Found 169 possible bad axioms.
[2026-06-26 13:07:05.792] Selected the bad axiom SubClassOf(SleepSchedule SleepStage).
[2026-06-26 13:07:05.794] Found 168 possible bad axioms.
[2026-06-26 13:07:05.794] Selected the bad axiom SubClassOf(CircadianRhythmSleepWakeDisorders SleepDisorder).
[2026-06-26 13:07:05.802] Found 167 possible bad axioms.
[2026-06-26 13:07:05.802] Selected the bad axiom SubClassOf(Sleep NormalSleepWakePattern).
[2026-06-26 13:07:05.805] Found 166 possible bad axioms.
[2026-06-26 13:07:05.806] Selected the bad axiom SubClassOf(OtherParasomnias Parasomnias).
[2026-06-26 13:07:05.809] Found 165 possible bad axioms.
[2026-06-26 13:07:05.809] Selected the bad axiom SubClassOf(Insomnia SleepDisorder).
[2026-06-26 13:07:05.813] Found 164 possible bad axioms.
[2026-06-26 13:07:05.813] Selected the bad axiom SubClassOf(NonRapidEyeMovement SleepStage).
[2026-06-26 13:07:05.816] Found 163 possible bad axioms.
[2026-06-26 13:07:05.816] Selected the bad axiom SubClassOf(TimeOfWakingUp TimeOfGettingOutOfBed).
[2026-06-26 13:07:05.819] Found 162 possible bad axioms.
[2026-06-26 13:07:05.820] Selected the bad axiom SubClassOf(InsufficientPhysicalRecovery EffectsOfPoorSleep).
[2026-06-26 13:07:05.827] Found 161 possible bad axioms.
[2026-06-26 13:07:05.827] Selected the bad axiom SubClassOf(Electrocardiography Polysomnography).
[2026-06-26 13:07:05.829] Found 160 possible bad axioms.
[2026-06-26 13:07:05.829] Selected the bad axiom SubClassOf(Parasomnias SleepRelatedMovementDisorders).
[2026-06-26 13:07:05.832] Found 159 possible bad axioms.
[2026-06-26 13:07:05.832] Selected the bad axiom SubClassOf(owl:Thing NormalSleepWakePattern).
[2026-06-26 13:07:05.835] Finished repairing the ontology.
Repairing with A2 (not-in-largest-mcs-removal)...
[2026-06-26 13:07:05.835] Checking precondition...
[2026-06-26 13:07:05.847] Starting the repair...
[2026-06-26 13:07:10.752] Found 4 possible bad axioms.
[2026-06-26 13:07:10.752] Selected the bad axiom SubClassOf(NormalSleepWakePatt
...[truncated]
SUCCESS: attempt=84 seed=1178678 success_count=83/100
progress: ontology=SLEEP attempt=84 success=83/100
----- SLEEP attempt=85 seed=1192878 at 2026-06-26 13:07:19 -----
--- stdout ---
{"seed":1192878,"run_id":"20260624134028346645","trial_status":"success","error_type":null,"failure_stage":null,"error_message":null,"iic_values":{"B1_vs_A1":0.9993279569892473,"B1_vs_A2":0.999317095379012,"B1_vs_A3":0.9993093922651933,"B2_vs_A1":1.0,"B2_vs_A2":1.0,"B2_vs_A3":0.4842105263157895,"B3_vs_A1":0.9988678818068606,"B3_vs_A2":0.9988493844206651,"B3_vs_A3":0.998836262073781,"B4_vs_A1":0.9993279569892473,"B4_vs_A2":0.999317095379012,"B4_vs_A3":0.9993093922651933,"B5_vs_A1":0.9993279569892473,"B5_vs_A2":0.999317095379012,"B5_vs_A3":0.9993093922651933,"B6_vs_A1":0.9993279569892473,"B6_vs_A2":0.999317095379012,"B6_vs_A3":0.9993093922651933,"B7_vs_A1":0.9993279569892473,"B7_vs_A2":0.999317095379012,"B7_vs_A3":0.9993093922651933,"B8_vs_A1":0.9993279569892473,"B8_vs_A2":0.999317095379012,"B8_vs_A3":0.9993093922651933,"B9_vs_A1":0.9993279569892473,"B9_vs_A2":0.999317095379012,"B9_vs_A3":0.9993093922651933},"repair_runtimes_ms":{"A1":125,"A2":4916,"A3":422,"B1":372,"B2":3537,"B3":3995,"B4":81,"B5":1035,"B6":230,"B7":113,"B8":1070,"B9":4096}}

--- stderr ---
SingleTrialExperiment starting: ontology=/workspaces/ontologyutils-ekaw26/repair-power-index-replication-ekaw26/ontologies/inconsistent/SLEEP.owl, seed=1192878, run_id=20260624134028346645
Loaded ontology.
Normalizing ontology with SROIQ normalization...
Normalized ontology with SROIQ normalization.
Ontology is already inconsistent, skipping make-inconsistent step.
Repairing with A1 (random-removal)...
[2026-06-26 13:07:19.882] Checking precondition...
[2026-06-26 13:07:19.899] Starting the repair...
[2026-06-26 13:07:19.906] Found 172 possible bad axioms.
[2026-06-26 13:07:19.907] Selected the bad axiom SubClassOf(CentralSleepApneaSyndromes SleepRelatedBreathingDisorders).
[2026-06-26 13:07:19.912] Found 171 possible bad axioms.
[2026-06-26 13:07:19.912] Selected the bad axiom SubClassOf(SleepRelatedHallucinations OtherParasomnias).
[2026-06-26 13:07:19.916] Found 170 possible bad axioms.
[2026-06-26 13:07:19.916] Selected the bad axiom SubClassOf(Pruritus PhysicalFactor).
[2026-06-26 13:07:19.919] Found 169 possible bad axioms.
[2026-06-26 13:07:19.919] Selected the bad axiom SubClassOf(AdvancedSleepPhaseSyndrome(ASPS) ChronicSleepWakeRhythmDisorder).
[2026-06-26 13:07:19.922] Found 168 possible bad axioms.
[2026-06-26 13:07:19.922] Selected the bad axiom SubClassOf(Meditation ListeningToWhiteNoise).
[2026-06-26 13:07:19.930] Found 167 possible bad axioms.
[2026-06-26 13:07:19.930] Selected the bad axiom SubClassOf(RestlessLegsSyndrome SleepRelatedMovementDisorders).
[2026-06-26 13:07:19.933] Found 166 possible bad axioms.
[2026-06-26 13:07:19.933] Selected the bad axiom SubClassOf(ChronicSleepWakeRhythmDisorder CircadianRhythmSleepWakeDisorders).
[2026-06-26 13:07:19.936] Found 165 possible bad axioms.
[2026-06-26 13:07:19.937] Selected the bad axiom SubClassOf(RestlessLegsSyndrome PeriodicLimbMovementDisorder).
[2026-06-26 13:07:19.940] Found 164 possible bad axioms.
[2026-06-26 13:07:19.941] Selected the bad axiom SubClassOf(EffectsOfPoorSleep Sleep).
[2026-06-26 13:07:19.944] Found 163 possible bad axioms.
[2026-06-26 13:07:19.945] Selected the bad axiom SubClassOf(StageII NonRapidEyeMovement).
[2026-06-26 13:07:19.947] Found 162 possible bad axioms.
[2026-06-26 13:07:19.948] Selected the bad axiom SubClassOf(Parasomnias SleepDisorder).
[2026-06-26 13:07:19.955] Found 161 possible bad axioms.
[2026-06-26 13:07:19.955] Selected the bad axiom SubClassOf(Therapy SleepAid).
[2026-06-26 13:07:19.958] Found 160 possible bad axioms.
[2026-06-26 13:07:19.958] Selected the bad axiom SubClassOf(UsingSmartphone BedtimeRitual).
[2026-06-26 13:07:19.961] Found 159 possible bad axioms.
[2026-06-26 13:07:19.961] Selected the bad axiom SubClassOf(PoorSleepPattern SleepPattern).
[2026-06-26 13:07:19.964] Found 158 possible bad axioms.
[2026-06-26 13:07:19.964] Selected the bad axiom SubClassOf(StageIV StageII).
[2026-06-26 13:07:19.966] Found 157 possible bad axioms.
[2026-06-26 13:07:19.967] Selected the bad axiom SubClassOf(SleepQuality AttributeOfSleep).
...[truncated]
SUCCESS: attempt=85 seed=1192878 success_count=84/100
progress: ontology=SLEEP attempt=85 success=84/100
----- SLEEP attempt=86 seed=1207078 at 2026-06-26 13:07:40 -----
--- stdout ---
{"seed":1207078,"run_id":"20260624134028346645","trial_status":"success","error_type":null,"failure_stage":null,"error_message":null,"iic_values":{"B1_vs_A1":0.5023923444976076,"B1_vs_A2":0.009523809523809525,"B1_vs_A3":0.009523809523809525,"B2_vs_A1":0.5023923444976076,"B2_vs_A2":0.009523809523809525,"B2_vs_A3":0.009523809523809525,"B3_vs_A1":0.0026323939300092907,"B3_vs_A2":7.647598654022637E-4,"B3_vs_A3":7.647598654022637E-4,"B4_vs_A1":1.0,"B4_vs_A2":0.5,"B4_vs_A3":0.5,"B5_vs_A1":1.0,"B5_vs_A2":0.5,"B5_vs_A3":0.5,"B6_vs_A1":1.0,"B6_vs_A2":0.5,"B6_vs_A3":0.5,"B7_vs_A1":1.0,"B7_vs_A2":0.5,"B7_vs_A3":0.5,"B8_vs_A1":1.0,"B8_vs_A2":0.5,"B8_vs_A3":0.5,"B9_vs_A1":1.0,"B9_vs_A2":0.5,"B9_vs_A3":0.5},"repair_runtimes_ms":{"A1":41,"A2":4958,"A3":413,"B1":768,"B2":1058,"B3":4252,"B4":93,"B5":5294,"B6":528,"B7":102,"B8":981,"B9":432}}

--- stderr ---
SingleTrialExperiment starting: ontology=/workspaces/ontologyutils-ekaw26/repair-power-index-replication-ekaw26/ontologies/inconsistent/SLEEP.owl, seed=1207078, run_id=20260624134028346645
Loaded ontology.
Normalizing ontology with SROIQ normalization...
Normalized ontology with SROIQ normalization.
Ontology is already inconsistent, skipping make-inconsistent step.
Repairing with A1 (random-removal)...
[2026-06-26 13:07:40.674] Checking precondition...
[2026-06-26 13:07:40.690] Starting the repair...
[2026-06-26 13:07:40.697] Found 172 possible bad axioms.
[2026-06-26 13:07:40.698] Selected the bad axiom SubClassOf(CaffeinConsumption NicotineConsumption).
[2026-06-26 13:07:40.703] Found 171 possible bad axioms.
[2026-06-26 13:07:40.704] Selected the bad axiom SubClassOf(ObstructiveSleepApneaDisorders SleepRelatedBreathingDisorders).
[2026-06-26 13:07:40.707] Found 170 possible bad axioms.
[2026-06-26 13:07:40.707] Selected the bad axiom SubClassOf(owl:Thing NormalSleepWakePattern).
[2026-06-26 13:07:40.711] Finished repairing the ontology.
Repairing with A2 (not-in-largest-mcs-removal)...
[2026-06-26 13:07:40.712] Checking precondition...
[2026-06-26 13:07:40.722] Starting the repair...
[2026-06-26 13:07:45.669] Found 4 possible bad axioms.
[2026-06-26 13:07:45.670] Selected the bad axiom SubClassOf(owl:Thing NormalSleepWakePattern).
[2026-06-26 13:07:45.670] Finished repairing the ontology.
Repairing with A3 (default-weakening)...
[2026-06-26 13:07:45.671] Checking precondition...
[2026-06-26 13:07:45.674] Starting the repair...
[2026-06-26 13:07:45.685] Selected a reference ontology with 275 axioms.
[2026-06-26 13:07:46.039] Selected the bad axiom SubClassOf(owl:Thing NormalSleepWakePattern).
[2026-06-26 13:07:46.081] Selected the weaker axiom SubClassOf(SleepStage NormalSleepWakePattern).
[2026-06-26 13:07:46.083] Finished repairing the ontology.
Repairing with B1 (bad-in_some_mus-weaker-random)...
[2026-06-26 13:07:46.084] Checking precondition...
[2026-06-26 13:07:46.086] Starting the repair...
[2026-06-26 13:07:46.096] Selected a reference ontology with 275 axioms.
[2026-06-26 13:07:46.418] Selected the bad axiom SubClassOf(AttributeOfSleep AffectingFactor).
[2026-06-26 13:07:46.455] Selected the weaker axiom SubClassOf(AttributeOfSleep Co-Sleeping).
[2026-06-26 13:07:46.849] Selected the bad axiom SubClassOf(NormalSleepWakePattern SleepPattern).
[2026-06-26 13:07:46.850] Selected the weaker axiom SubClassOf(NormalSleepWakePattern owl:Thing).
[2026-06-26 13:07:46.851] Finished repairing the ontology.
Repairing with B2 (bad-in_some_mus-weaker-shapley)...
[2026-06-26 13:07:46.853] Checking precondition...
[2026-06-26 13:07:46.855] Starting the repair...
[2026-06-26 13:07:46.869] Selected a reference ontology with 274 axioms.
[2026-06-26 13:07:47.205] Selected the bad axiom SubClassOf(NormalSleepWakePattern SleepPattern).
[PowerIndexWeakerAxiomSelector] Scoring 12 candidate weakenings for NormalSleepWakePattern ⊑ SleepPattern
[PowerIndexWeaker
...[truncated]
SUCCESS: attempt=86 seed=1207078 success_count=85/100
progress: ontology=SLEEP attempt=86 success=85/100
----- SLEEP attempt=87 seed=1221278 at 2026-06-26 13:08:00 -----
--- stdout ---
{"seed":1221278,"run_id":"20260624134028346645","trial_status":"success","error_type":null,"failure_stage":null,"error_message":null,"iic_values":{"B1_vs_A1":1.0,"B1_vs_A2":0.08786610878661087,"B1_vs_A3":0.06854130052724078,"B2_vs_A1":0.9993284083277367,"B2_vs_A2":0.9992466475817388,"B2_vs_A3":0.9991872561768531,"B3_vs_A1":1.0,"B3_vs_A2":0.07044025157232704,"B3_vs_A3":0.056993006993006995,"B4_vs_A1":0.9993284083277367,"B4_vs_A2":0.9992466475817388,"B4_vs_A3":0.9991872561768531,"B5_vs_A1":0.9993284083277367,"B5_vs_A2":0.9992466475817388,"B5_vs_A3":0.9991872561768531,"B6_vs_A1":0.9993284083277367,"B6_vs_A2":0.9992466475817388,"B6_vs_A3":0.9991872561768531,"B7_vs_A1":0.9993284083277367,"B7_vs_A2":0.9992466475817388,"B7_vs_A3":0.9991872561768531,"B8_vs_A1":0.9993284083277367,"B8_vs_A2":0.9992466475817388,"B8_vs_A3":0.9991872561768531,"B9_vs_A1":0.9993284083277367,"B9_vs_A2":0.9992466475817388,"B9_vs_A3":0.9991872561768531},"repair_runtimes_ms":{"A1":122,"A2":4914,"A3":408,"B1":371,"B2":1707,"B3":2502,"B4":74,"B5":5379,"B6":287,"B7":119,"B8":733,"B9":3973}}

--- stderr ---
SingleTrialExperiment starting: ontology=/workspaces/ontologyutils-ekaw26/repair-power-index-replication-ekaw26/ontologies/inconsistent/SLEEP.owl, seed=1221278, run_id=20260624134028346645
Loaded ontology.
Normalizing ontology with SROIQ normalization...
Normalized ontology with SROIQ normalization.
Ontology is already inconsistent, skipping make-inconsistent step.
Repairing with A1 (random-removal)...
[2026-06-26 13:08:00.363] Checking precondition...
[2026-06-26 13:08:00.379] Starting the repair...
[2026-06-26 13:08:00.387] Found 172 possible bad axioms.
[2026-06-26 13:08:00.388] Selected the bad axiom SubClassOf(AbnormalSleepPattern SleepPattern).
[2026-06-26 13:08:00.392] Found 171 possible bad axioms.
[2026-06-26 13:08:00.393] Selected the bad axiom SubClassOf(ExplodingHeadSyndrome OtherParasomnias).
[2026-06-26 13:08:00.397] Found 170 possible bad axioms.
[2026-06-26 13:08:00.397] Selected the bad axiom SubClassOf(MedicineOrSupplement SleepAid).
[2026-06-26 13:08:00.400] Found 169 possible bad axioms.
[2026-06-26 13:08:00.401] Selected the bad axiom SubClassOf(InsufficientPhysicalRecovery EffectsOfPoorSleep).
[2026-06-26 13:08:00.404] Found 168 possible bad axioms.
[2026-06-26 13:08:00.404] Selected the bad axiom SubClassOf(SleepOnsetLatency SleepQuality).
[2026-06-26 13:08:00.411] Found 167 possible bad axioms.
[2026-06-26 13:08:00.411] Selected the bad axiom SubClassOf(EffectOnDailyFunction EffectsOfPoorSleep).
[2026-06-26 13:08:00.414] Found 166 possible bad axioms.
[2026-06-26 13:08:00.414] Selected the bad axiom SubClassOf(SleepingSpace EnvironmentalFactor).
[2026-06-26 13:08:00.418] Found 165 possible bad axioms.
[2026-06-26 13:08:00.418] Selected the bad axiom SubClassOf(StageII NonRapidEyeMovement).
[2026-06-26 13:08:00.421] Found 164 possible bad axioms.
[2026-06-26 13:08:00.421] Selected the bad axiom SubClassOf(EffectsOfPoorSleep SleepSchedule).
[2026-06-26 13:08:00.425] Found 163 possible bad axioms.
[2026-06-26 13:08:00.425] Selected the bad axiom SubClassOf(SleepRelatedHallucinations OtherParasomnias).
[2026-06-26 13:08:00.428] Found 162 possible bad axioms.
[2026-06-26 13:08:00.428] Selected the bad axiom SubClassOf(TransientSleepWakeRhythmDisorder ChronicSleepWakeRhythmDisorder).
[2026-06-26 13:08:00.436] Found 161 possible bad axioms.
[2026-06-26 13:08:00.436] Selected the bad axiom SubClassOf(Temperature Co-Sleeping).
[2026-06-26 13:08:00.439] Found 160 possible bad axioms.
[2026-06-26 13:08:00.439] Selected the bad axiom SubClassOf(PoorSleepPattern SleepPattern).
[2026-06-26 13:08:00.442] Found 159 possible bad axioms.
[2026-06-26 13:08:00.442] Selected the bad axiom SubClassOf(EffectOnMood EffectsOfPoorSleep).
[2026-06-26 13:08:00.445] Found 158 possible bad axioms.
[2026-06-26 13:08:00.445] Selected the bad axiom SubClassOf(NicotineConsumption AlcoholConsumption).
[2026-06-26 13:08:00.447] Found 157 possible bad axioms.
[2026-06-26 13:08:00.448] Selected the bad axiom SubClassOf(SleepRelatedEatingDisorder SleepRelatedGr
...[truncated]
SUCCESS: attempt=87 seed=1221278 success_count=86/100
progress: ontology=SLEEP attempt=87 success=86/100
----- SLEEP attempt=88 seed=1235478 at 2026-06-26 13:08:23 -----
--- stdout ---
{"seed":1235478,"run_id":"20260624134028346645","trial_status":"success","error_type":null,"failure_stage":null,"error_message":null,"iic_values":{"B1_vs_A1":0.004465393202679236,"B1_vs_A2":0.19150609516319309,"B1_vs_A3":0.002948040781230807,"B2_vs_A1":0.0018909549322407816,"B2_vs_A2":1.0,"B2_vs_A3":0.0012420431609998447,"B3_vs_A1":0.9951923076923077,"B3_vs_A2":0.9992466475817388,"B3_vs_A3":0.9904761904761905,"B4_vs_A1":0.9951923076923077,"B4_vs_A2":0.9992466475817388,"B4_vs_A3":0.9904761904761905,"B5_vs_A1":0.9951923076923077,"B5_vs_A2":0.9992466475817388,"B5_vs_A3":0.9904761904761905,"B6_vs_A1":0.9951923076923077,"B6_vs_A2":0.9992466475817388,"B6_vs_A3":0.9904761904761905,"B7_vs_A1":0.9951923076923077,"B7_vs_A2":0.9992466475817388,"B7_vs_A3":0.9904761904761905,"B8_vs_A1":0.9951923076923077,"B8_vs_A2":0.9992466475817388,"B8_vs_A3":0.9904761904761905,"B9_vs_A1":0.9951923076923077,"B9_vs_A2":0.9992466475817388,"B9_vs_A3":0.9904761904761905},"repair_runtimes_ms":{"A1":51,"A2":4931,"A3":793,"B1":350,"B2":3181,"B3":788,"B4":103,"B5":5293,"B6":2047,"B7":106,"B8":3384,"B9":536}}

--- stderr ---
SingleTrialExperiment starting: ontology=/workspaces/ontologyutils-ekaw26/repair-power-index-replication-ekaw26/ontologies/inconsistent/SLEEP.owl, seed=1235478, run_id=20260624134028346645
Loaded ontology.
Normalizing ontology with SROIQ normalization...
Normalized ontology with SROIQ normalization.
Ontology is already inconsistent, skipping make-inconsistent step.
Repairing with A1 (random-removal)...
[2026-06-26 13:08:23.452] Checking precondition...
[2026-06-26 13:08:23.467] Starting the repair...
[2026-06-26 13:08:23.474] Found 172 possible bad axioms.
[2026-06-26 13:08:23.476] Selected the bad axiom SubClassOf(LossOfCognitiveFunction EffectsOfPoorSleep).
[2026-06-26 13:08:23.480] Found 171 possible bad axioms.
[2026-06-26 13:08:23.481] Selected the bad axiom SubClassOf(PoorSleepPattern SleepPattern).
[2026-06-26 13:08:23.485] Found 170 possible bad axioms.
[2026-06-26 13:08:23.485] Selected the bad axiom SubClassOf(Electroencephalography Electrooculography).
[2026-06-26 13:08:23.488] Found 169 possible bad axioms.
[2026-06-26 13:08:23.488] Selected the bad axiom SubClassOf(Pruritus Pain).
[2026-06-26 13:08:23.491] Found 168 possible bad axioms.
[2026-06-26 13:08:23.491] Selected the bad axiom SubClassOf(NormalSleepWakePattern SleepPattern).
[2026-06-26 13:08:23.499] Finished repairing the ontology.
Repairing with A2 (not-in-largest-mcs-removal)...
[2026-06-26 13:08:23.499] Checking precondition...
[2026-06-26 13:08:23.506] Starting the repair...
[2026-06-26 13:08:28.428] Found 4 possible bad axioms.
[2026-06-26 13:08:28.429] Selected the bad axiom SubClassOf(AttributeOfSleep AffectingFactor).
[2026-06-26 13:08:28.431] Finished repairing the ontology.
Repairing with A3 (default-weakening)...
[2026-06-26 13:08:28.432] Checking precondition...
[2026-06-26 13:08:28.435] Starting the repair...
[2026-06-26 13:08:28.449] Selected a reference ontology with 275 axioms.
[2026-06-26 13:08:28.776] Selected the bad axiom SubClassOf(AttributeOfSleep AffectingFactor).
[2026-06-26 13:08:28.834] Selected the weaker axiom SubClassOf(AttributeOfSleep Temperature).
[2026-06-26 13:08:29.222] Selected the bad axiom SubClassOf(NormalSleepWakePattern SleepPattern).
[2026-06-26 13:08:29.223] Selected the weaker axiom SubClassOf(SleepAssessmentTest SleepPattern).
[2026-06-26 13:08:29.225] Finished repairing the ontology.
Repairing with B1 (bad-in_some_mus-weaker-random)...
[2026-06-26 13:08:29.225] Checking precondition...
[2026-06-26 13:08:29.227] Starting the repair...
[2026-06-26 13:08:29.238] Selected a reference ontology with 274 axioms.
[2026-06-26 13:08:29.548] Selected the bad axiom SubClassOf(AffectingFactor owl:Nothing).
[2026-06-26 13:08:29.574] Selected the weaker axiom SubClassOf(AffectingFactor SleepRelatedHypoventilationDisorders).
[2026-06-26 13:08:29.575] Finished repairing the ontology.
Repairing with B2 (bad-in_some_mus-weaker-shapley)...
[2026-06-26 13:08:29.577] Checking precondition...
[2026-06-26 13:08:29.578] Starting the repair...
[2026-06-26
...[truncated]
SUCCESS: attempt=88 seed=1235478 success_count=87/100
progress: ontology=SLEEP attempt=88 success=87/100
----- SLEEP attempt=89 seed=1249678 at 2026-06-26 13:08:45 -----
--- stdout ---
{"seed":1249678,"run_id":"20260624134028346645","trial_status":"success","error_type":null,"failure_stage":null,"error_message":null,"iic_values":{"B1_vs_A1":0.9994524748138415,"B1_vs_A2":0.9992466475817388,"B1_vs_A3":0.9904761904761905,"B2_vs_A1":0.999114554510238,"B2_vs_A2":0.998776758409786,"B2_vs_A3":0.5,"B3_vs_A1":1.0,"B3_vs_A2":1.0,"B3_vs_A3":0.0012420431609998447,"B4_vs_A1":0.9994524748138415,"B4_vs_A2":0.9992466475817388,"B4_vs_A3":0.9904761904761905,"B5_vs_A1":0.9994524748138415,"B5_vs_A2":0.9992466475817388,"B5_vs_A3":0.9904761904761905,"B6_vs_A1":0.9994524748138415,"B6_vs_A2":0.9992466475817388,"B6_vs_A3":0.9904761904761905,"B7_vs_A1":0.9994524748138415,"B7_vs_A2":0.9992466475817388,"B7_vs_A3":0.9904761904761905,"B8_vs_A1":0.9994524748138415,"B8_vs_A2":0.9992466475817388,"B8_vs_A3":0.9904761904761905,"B9_vs_A1":0.9994524748138415,"B9_vs_A2":0.9992466475817388,"B9_vs_A3":0.9904761904761905},"repair_runtimes_ms":{"A1":174,"A2":4927,"A3":406,"B1":358,"B2":6158,"B3":4073,"B4":71,"B5":1035,"B6":576,"B7":107,"B8":3304,"B9":462}}

--- stderr ---
SingleTrialExperiment starting: ontology=/workspaces/ontologyutils-ekaw26/repair-power-index-replication-ekaw26/ontologies/inconsistent/SLEEP.owl, seed=1249678, run_id=20260624134028346645
Loaded ontology.
Normalizing ontology with SROIQ normalization...
Normalized ontology with SROIQ normalization.
Ontology is already inconsistent, skipping make-inconsistent step.
Repairing with A1 (random-removal)...
[2026-06-26 13:08:45.894] Checking precondition...
[2026-06-26 13:08:45.910] Starting the repair...
[2026-06-26 13:08:45.918] Found 172 possible bad axioms.
[2026-06-26 13:08:45.920] Selected the bad axiom SubClassOf(PoorSleepPattern SleepPattern).
[2026-06-26 13:08:45.924] Found 171 possible bad axioms.
[2026-06-26 13:08:45.925] Selected the bad axiom SubClassOf(AbnormalSleepPattern SleepPattern).
[2026-06-26 13:08:45.929] Found 170 possible bad axioms.
[2026-06-26 13:08:45.929] Selected the bad axiom SubClassOf(Narcolepsy IdiopathicHypersomnia).
[2026-06-26 13:08:45.932] Found 169 possible bad axioms.
[2026-06-26 13:08:45.933] Selected the bad axiom SubClassOf(Electroencephalography Electrooculography).
[2026-06-26 13:08:45.939] Found 168 possible bad axioms.
[2026-06-26 13:08:45.939] Selected the bad axiom SubClassOf(IrregularSleepWakeCycle ChronicSleepWakeRhythmDisorder).
[2026-06-26 13:08:45.943] Found 167 possible bad axioms.
[2026-06-26 13:08:45.943] Selected the bad axiom SubClassOf(Anxiety DepressedMood).
[2026-06-26 13:08:45.946] Found 166 possible bad axioms.
[2026-06-26 13:08:45.946] Selected the bad axiom SubClassOf(AdvancedSleepPhaseSyndrome(ASPS) ChronicSleepWakeRhythmDisorder).
[2026-06-26 13:08:45.949] Found 165 possible bad axioms.
[2026-06-26 13:08:45.949] Selected the bad axiom SubClassOf(CentralSleepApneaSyndromes SleepRelatedBreathingDisorders).
[2026-06-26 13:08:45.953] Found 164 possible bad axioms.
[2026-06-26 13:08:45.953] Selected the bad axiom SubClassOf(SleepRelatedMovementDisorders SleepDisorder).
[2026-06-26 13:08:45.957] Found 163 possible bad axioms.
[2026-06-26 13:08:45.957] Selected the bad axiom SubClassOf(Humidity EnvironmentalFactor).
[2026-06-26 13:08:45.960] Found 162 possible bad axioms.
[2026-06-26 13:08:45.961] Selected the bad axiom SubClassOf(ShiftWork LifestylePattern).
[2026-06-26 13:08:45.968] Found 161 possible bad axioms.
[2026-06-26 13:08:45.968] Selected the bad axiom SubClassOf(SleepContinuity PoorSleepPattern).
[2026-06-26 13:08:45.971] Found 160 possible bad axioms.
[2026-06-26 13:08:45.971] Selected the bad axiom SubClassOf(StageI NonRapidEyeMovement).
[2026-06-26 13:08:45.973] Found 159 possible bad axioms.
[2026-06-26 13:08:45.974] Selected the bad axiom SubClassOf(NicotineConsumption AlcoholConsumption).
[2026-06-26 13:08:45.976] Found 158 possible bad axioms.
[2026-06-26 13:08:45.976] Selected the bad axiom SubClassOf(OtherHypersomnias CentralDisordersOfHypersomnolence).
[2026-06-26 13:08:45.979] Found 157 possible bad axioms.
[2026-06-26 13:08:45.979] Selected the bad axiom SubClassOf(Pru
...[truncated]
SUCCESS: attempt=89 seed=1249678 success_count=88/100
progress: ontology=SLEEP attempt=89 success=88/100
----- SLEEP attempt=90 seed=1263878 at 2026-06-26 13:09:08 -----
--- stdout ---
{"seed":1263878,"run_id":"20260624134028346645","trial_status":"success","error_type":null,"failure_stage":null,"error_message":null,"iic_values":{"B1_vs_A1":0.5,"B1_vs_A2":0.999317095379012,"B1_vs_A3":0.9992609927330952,"B2_vs_A1":7.647598654022637E-4,"B2_vs_A2":0.9710570469798657,"B2_vs_A3":0.9598136284216657,"B3_vs_A1":0.5,"B3_vs_A2":0.999317095379012,"B3_vs_A3":0.9992609927330952,"B4_vs_A1":0.5,"B4_vs_A2":0.999317095379012,"B4_vs_A3":0.9992609927330952,"B5_vs_A1":0.5,"B5_vs_A2":0.999317095379012,"B5_vs_A3":0.9992609927330952,"B6_vs_A1":0.5,"B6_vs_A2":0.999317095379012,"B6_vs_A3":0.9992609927330952,"B7_vs_A1":0.5,"B7_vs_A2":0.999317095379012,"B7_vs_A3":0.9992609927330952,"B8_vs_A1":0.5,"B8_vs_A2":0.999317095379012,"B8_vs_A3":0.9992609927330952,"B9_vs_A1":0.5,"B9_vs_A2":0.999317095379012,"B9_vs_A3":0.9992609927330952},"repair_runtimes_ms":{"A1":40,"A2":4941,"A3":403,"B1":711,"B2":1650,"B3":803,"B4":99,"B5":3164,"B6":636,"B7":109,"B8":5275,"B9":259}}

--- stderr ---
SingleTrialExperiment starting: ontology=/workspaces/ontologyutils-ekaw26/repair-power-index-replication-ekaw26/ontologies/inconsistent/SLEEP.owl, seed=1263878, run_id=20260624134028346645
Loaded ontology.
Normalizing ontology with SROIQ normalization...
Normalized ontology with SROIQ normalization.
Ontology is already inconsistent, skipping make-inconsistent step.
Repairing with A1 (random-removal)...
[2026-06-26 13:09:08.409] Checking precondition...
[2026-06-26 13:09:08.427] Starting the repair...
[2026-06-26 13:09:08.434] Found 172 possible bad axioms.
[2026-06-26 13:09:08.436] Selected the bad axiom SubClassOf(LifestylePattern AffectingFactor).
[2026-06-26 13:09:08.440] Found 171 possible bad axioms.
[2026-06-26 13:09:08.440] Selected the bad axiom SubClassOf(owl:Thing NormalSleepWakePattern).
[2026-06-26 13:09:08.444] Finished repairing the ontology.
Repairing with A2 (not-in-largest-mcs-removal)...
[2026-06-26 13:09:08.445] Checking precondition...
[2026-06-26 13:09:08.451] Starting the repair...
[2026-06-26 13:09:13.384] Found 4 possible bad axioms.
[2026-06-26 13:09:13.384] Selected the bad axiom SubClassOf(AffectingFactor owl:Nothing).
[2026-06-26 13:09:13.386] Finished repairing the ontology.
Repairing with A3 (default-weakening)...
[2026-06-26 13:09:13.387] Checking precondition...
[2026-06-26 13:09:13.389] Starting the repair...
[2026-06-26 13:09:13.401] Selected a reference ontology with 275 axioms.
[2026-06-26 13:09:13.746] Selected the bad axiom SubClassOf(AffectingFactor owl:Nothing).
[2026-06-26 13:09:13.787] Selected the weaker axiom SubClassOf(BedtimeRitual owl:Nothing).
[2026-06-26 13:09:13.789] Finished repairing the ontology.
Repairing with B1 (bad-in_some_mus-weaker-random)...
[2026-06-26 13:09:13.790] Checking precondition...
[2026-06-26 13:09:13.792] Starting the repair...
[2026-06-26 13:09:13.802] Selected a reference ontology with 275 axioms.
[2026-06-26 13:09:14.126] Selected the bad axiom SubClassOf(AttributeOfSleep AffectingFactor).
[2026-06-26 13:09:14.170] Selected the weaker axiom SubClassOf(AttributeOfSleep LifestylePattern).
[2026-06-26 13:09:14.498] Selected the bad axiom SubClassOf(owl:Thing NormalSleepWakePattern).
[2026-06-26 13:09:14.500] Selected the weaker axiom SubClassOf(IrregularSleepWakePattern NormalSleepWakePattern).
[2026-06-26 13:09:14.501] Finished repairing the ontology.
Repairing with B2 (bad-in_some_mus-weaker-shapley)...
[2026-06-26 13:09:14.503] Checking precondition...
[2026-06-26 13:09:14.505] Starting the repair...
[2026-06-26 13:09:14.513] Selected a reference ontology with 275 axioms.
[2026-06-26 13:09:14.835] Selected the bad axiom SubClassOf(AttributeOfSleep AffectingFactor).
[PowerIndexWeakerAxiomSelector] Scoring 30 candidate weakenings for AttributeOfSleep ⊑ AffectingFactor
[PowerIndexWeakerAxiomSelector] Selected weaker axiom: AbnormalSleepPattern ⊑ AffectingFactor
[2026-06-26 13:09:16.136] Selected the weaker axiom SubClassOf(AbnormalSleepPattern AffectingFactor).
[2026-06-26 13
...[truncated]
SUCCESS: attempt=90 seed=1263878 success_count=89/100
progress: ontology=SLEEP attempt=90 success=89/100
----- SLEEP attempt=91 seed=1278078 at 2026-06-26 13:09:27 -----
--- stdout ---
{"seed":1278078,"run_id":"20260624134028346645","trial_status":"success","error_type":null,"failure_stage":null,"error_message":null,"iic_values":{"B1_vs_A1":0.0948,"B1_vs_A2":6.846970215679561E-4,"B1_vs_A3":0.05132939438700148,"B2_vs_A1":0.10712847362062022,"B2_vs_A2":6.906077348066298E-4,"B2_vs_A3":0.060798209623274896,"B3_vs_A1":0.9987948177161796,"B3_vs_A2":0.009523809523809525,"B3_vs_A3":0.9971218420211065,"B4_vs_A1":0.9992576095025983,"B4_vs_A2":0.5,"B4_vs_A3":0.9984229616779687,"B5_vs_A1":0.9992576095025983,"B5_vs_A2":0.5,"B5_vs_A3":0.9984229616779687,"B6_vs_A1":0.9992576095025983,"B6_vs_A2":0.5,"B6_vs_A3":0.9984229616779687,"B7_vs_A1":0.9992576095025983,"B7_vs_A2":0.5,"B7_vs_A3":0.9984229616779687,"B8_vs_A1":0.9992576095025983,"B8_vs_A2":0.5,"B8_vs_A3":0.9984229616779687,"B9_vs_A1":0.9992576095025983,"B9_vs_A2":0.5,"B9_vs_A3":0.9984229616779687},"repair_runtimes_ms":{"A1":57,"A2":4955,"A3":399,"B1":657,"B2":3009,"B3":957,"B4":105,"B5":3024,"B6":3664,"B7":106,"B8":367,"B9":451}}

--- stderr ---
SingleTrialExperiment starting: ontology=/workspaces/ontologyutils-ekaw26/repair-power-index-replication-ekaw26/ontologies/inconsistent/SLEEP.owl, seed=1278078, run_id=20260624134028346645
Loaded ontology.
Normalizing ontology with SROIQ normalization...
Normalized ontology with SROIQ normalization.
Ontology is already inconsistent, skipping make-inconsistent step.
Repairing with A1 (random-removal)...
[2026-06-26 13:09:27.398] Checking precondition...
[2026-06-26 13:09:27.414] Starting the repair...
[2026-06-26 13:09:27.421] Found 172 possible bad axioms.
[2026-06-26 13:09:27.423] Selected the bad axiom SubClassOf(SleepRelatedBreathingDisorders SleepDisorder).
[2026-06-26 13:09:27.427] Found 171 possible bad axioms.
[2026-06-26 13:09:27.428] Selected the bad axiom SubClassOf(Therapy owl:Nothing).
[2026-06-26 13:09:27.432] Found 170 possible bad axioms.
[2026-06-26 13:09:27.432] Selected the bad axiom SubClassOf(LifestylePattern owl:Nothing).
[2026-06-26 13:09:27.436] Found 169 possible bad axioms.
[2026-06-26 13:09:27.436] Selected the bad axiom SubClassOf(RestlessLegsSyndrome owl:Nothing).
[2026-06-26 13:09:27.442] Found 168 possible bad axioms.
[2026-06-26 13:09:27.443] Selected the bad axiom SubClassOf(RapidEyeMovement SleepStage).
[2026-06-26 13:09:27.446] Found 167 possible bad axioms.
[2026-06-26 13:09:27.446] Selected the bad axiom SubClassOf(AttributeOfSleep AffectingFactor).
[2026-06-26 13:09:27.449] Finished repairing the ontology.
Repairing with A2 (not-in-largest-mcs-removal)...
[2026-06-26 13:09:27.450] Checking precondition...
[2026-06-26 13:09:27.458] Starting the repair...
[2026-06-26 13:09:32.405] Found 4 possible bad axioms.
[2026-06-26 13:09:32.406] Selected the bad axiom SubClassOf(owl:Thing NormalSleepWakePattern).
[2026-06-26 13:09:32.406] Finished repairing the ontology.
Repairing with A3 (default-weakening)...
[2026-06-26 13:09:32.407] Checking precondition...
[2026-06-26 13:09:32.410] Starting the repair...
[2026-06-26 13:09:32.421] Selected a reference ontology with 275 axioms.
[2026-06-26 13:09:32.764] Selected the bad axiom SubClassOf(AttributeOfSleep AffectingFactor).
[2026-06-26 13:09:32.804] Selected the weaker axiom SubClassOf(AttributeOfSleep StageIV).
[2026-06-26 13:09:32.805] Finished repairing the ontology.
Repairing with B1 (bad-in_some_mus-weaker-random)...
[2026-06-26 13:09:32.806] Checking precondition...
[2026-06-26 13:09:32.808] Starting the repair...
[2026-06-26 13:09:32.817] Selected a reference ontology with 275 axioms.
[2026-06-26 13:09:33.136] Selected the bad axiom SubClassOf(NormalSleepWakePattern SleepPattern).
[2026-06-26 13:09:33.170] Selected the weaker axiom SubClassOf(NormalSleepWakePattern AttributeOfSleep).
[2026-06-26 13:09:33.445] Selected the bad axiom SubClassOf(AffectingFactor owl:Nothing).
[2026-06-26 13:09:33.462] Selected the weaker axiom SubClassOf(AffectingFactor SleepOnsetLatency).
[2026-06-26 13:09:33.463] Finished repairing the ontology.
Repairing with B2 (bad-in_some_mus-weak
...[truncated]
SUCCESS: attempt=91 seed=1278078 success_count=90/100
progress: ontology=SLEEP attempt=91 success=90/100
----- SLEEP attempt=92 seed=1292278 at 2026-06-26 13:09:45 -----
--- stdout ---
{"seed":1292278,"run_id":"20260624134028346645","trial_status":"success","error_type":null,"failure_stage":null,"error_message":null,"iic_values":{"B1_vs_A1":0.0033304551622055016,"B1_vs_A2":0.0029622315477659837,"B1_vs_A3":0.0029622315477659837,"B2_vs_A1":0.0017425650557620818,"B2_vs_A2":0.0013948622573520864,"B2_vs_A3":0.0013948622573520864,"B3_vs_A1":0.5023923444976076,"B3_vs_A2":0.5,"B3_vs_A3":0.5,"B4_vs_A1":1.0,"B4_vs_A2":0.9904761904761905,"B4_vs_A3":0.9904761904761905,"B5_vs_A1":1.0,"B5_vs_A2":0.9904761904761905,"B5_vs_A3":0.9904761904761905,"B6_vs_A1":1.0,"B6_vs_A2":0.9904761904761905,"B6_vs_A3":0.9904761904761905,"B7_vs_A1":1.0,"B7_vs_A2":0.9904761904761905,"B7_vs_A3":0.9904761904761905,"B8_vs_A1":1.0,"B8_vs_A2":0.9904761904761905,"B8_vs_A3":0.9904761904761905,"B9_vs_A1":1.0,"B9_vs_A2":0.9904761904761905,"B9_vs_A3":0.9904761904761905},"repair_runtimes_ms":{"A1":39,"A2":4970,"A3":406,"B1":351,"B2":3586,"B3":977,"B4":83,"B5":5441,"B6":569,"B7":111,"B8":1030,"B9":1906}}

--- stderr ---
SingleTrialExperiment starting: ontology=/workspaces/ontologyutils-ekaw26/repair-power-index-replication-ekaw26/ontologies/inconsistent/SLEEP.owl, seed=1292278, run_id=20260624134028346645
Loaded ontology.
Normalizing ontology with SROIQ normalization...
Normalized ontology with SROIQ normalization.
Ontology is already inconsistent, skipping make-inconsistent step.
Repairing with A1 (random-removal)...
[2026-06-26 13:09:46.016] Checking precondition...
[2026-06-26 13:09:46.033] Starting the repair...
[2026-06-26 13:09:46.040] Found 172 possible bad axioms.
[2026-06-26 13:09:46.042] Selected the bad axiom SubClassOf(SleepingSpace EnvironmentalFactor).
[2026-06-26 13:09:46.047] Found 171 possible bad axioms.
[2026-06-26 13:09:46.047] Selected the bad axiom SubClassOf(owl:Thing NormalSleepWakePattern).
[2026-06-26 13:09:46.050] Finished repairing the ontology.
Repairing with A2 (not-in-largest-mcs-removal)...
[2026-06-26 13:09:46.051] Checking precondition...
[2026-06-26 13:09:46.058] Starting the repair...
[2026-06-26 13:09:51.019] Found 4 possible bad axioms.
[2026-06-26 13:09:51.019] Selected the bad axiom SubClassOf(NormalSleepWakePattern SleepPattern).
[2026-06-26 13:09:51.021] Finished repairing the ontology.
Repairing with A3 (default-weakening)...
[2026-06-26 13:09:51.022] Checking precondition...
[2026-06-26 13:09:51.024] Starting the repair...
[2026-06-26 13:09:51.035] Selected a reference ontology with 275 axioms.
[2026-06-26 13:09:51.375] Selected the bad axiom SubClassOf(NormalSleepWakePattern SleepPattern).
[2026-06-26 13:09:51.426] Selected the weaker axiom SubClassOf(BedtimeRitual SleepPattern).
[2026-06-26 13:09:51.427] Finished repairing the ontology.
Repairing with B1 (bad-in_some_mus-weaker-random)...
[2026-06-26 13:09:51.428] Checking precondition...
[2026-06-26 13:09:51.429] Starting the repair...
[2026-06-26 13:09:51.437] Selected a reference ontology with 275 axioms.
[2026-06-26 13:09:51.743] Selected the bad axiom SubClassOf(AffectingFactor owl:Nothing).
[2026-06-26 13:09:51.777] Selected the weaker axiom SubClassOf(AffectingFactor Electrocardiography).
[2026-06-26 13:09:51.778] Finished repairing the ontology.
Repairing with B2 (bad-in_some_mus-weaker-shapley)...
[2026-06-26 13:09:51.780] Checking precondition...
[2026-06-26 13:09:51.782] Starting the repair...
[2026-06-26 13:09:51.793] Selected a reference ontology with 275 axioms.
[2026-06-26 13:09:52.112] Selected the bad axiom SubClassOf(AffectingFactor owl:Nothing).
[PowerIndexWeakerAxiomSelector] Scoring 99 candidate weakenings for AffectingFactor ⊑ ⊥
[PowerIndexWeakerAxiomSelector] Selected weaker axiom: AffectingFactor ⊑ AbnormalSleepPattern
[2026-06-26 13:09:55.334] Selected the weaker axiom SubClassOf(AffectingFactor AbnormalSleepPattern).
[2026-06-26 13:09:55.364] Finished repairing the ontology.
Repairing with B3 (bad-in_some_mus-weaker-banzhaf)...
[2026-06-26 13:09:55.366] Checking precondition...
[2026-06-26 13:09:55.367] Starting the repair...
[2026-06-26 13:
...[truncated]
SUCCESS: attempt=92 seed=1292278 success_count=91/100
progress: ontology=SLEEP attempt=92 success=91/100
----- SLEEP attempt=93 seed=1306478 at 2026-06-26 13:10:05 -----
--- stdout ---
{"seed":1306478,"run_id":"20260624134028346645","trial_status":"success","error_type":null,"failure_stage":null,"error_message":null,"iic_values":{"B1_vs_A1":0.9752776782515228,"B1_vs_A2":0.9709962168978562,"B1_vs_A3":0.9434585224927775,"B2_vs_A1":0.9740644683216005,"B2_vs_A2":0.9693922168780061,"B2_vs_A3":0.9404200600085727,"B3_vs_A1":0.9993476842791911,"B3_vs_A2":0.999317095379012,"B3_vs_A3":0.9991950321987121,"B4_vs_A1":0.9993476842791911,"B4_vs_A2":0.999317095379012,"B4_vs_A3":0.9991950321987121,"B5_vs_A1":0.9993476842791911,"B5_vs_A2":0.999317095379012,"B5_vs_A3":0.9991950321987121,"B6_vs_A1":0.9993476842791911,"B6_vs_A2":0.999317095379012,"B6_vs_A3":0.9991950321987121,"B7_vs_A1":0.9993476842791911,"B7_vs_A2":0.999317095379012,"B7_vs_A3":0.9991950321987121,"B8_vs_A1":0.9993476842791911,"B8_vs_A2":0.999317095379012,"B8_vs_A3":0.9991950321987121,"B9_vs_A1":0.9993476842791911,"B9_vs_A2":0.999317095379012,"B9_vs_A3":0.9991950321987121},"repair_runtimes_ms":{"A1":197,"A2":4874,"A3":410,"B1":365,"B2":8406,"B3":774,"B4":76,"B5":986,"B6":662,"B7":117,"B8":2944,"B9":638}}

--- stderr ---
SingleTrialExperiment starting: ontology=/workspaces/ontologyutils-ekaw26/repair-power-index-replication-ekaw26/ontologies/inconsistent/SLEEP.owl, seed=1306478, run_id=20260624134028346645
Loaded ontology.
Normalizing ontology with SROIQ normalization...
Normalized ontology with SROIQ normalization.
Ontology is already inconsistent, skipping make-inconsistent step.
Repairing with A1 (random-removal)...
[2026-06-26 13:10:06.285] Checking precondition...
[2026-06-26 13:10:06.301] Starting the repair...
[2026-06-26 13:10:06.309] Found 172 possible bad axioms.
[2026-06-26 13:10:06.311] Selected the bad axiom SubClassOf(SleepAid AffectingFactor).
[2026-06-26 13:10:06.316] Found 171 possible bad axioms.
[2026-06-26 13:10:06.316] Selected the bad axiom SubClassOf(BedtimeRitual StretchingExercise).
[2026-06-26 13:10:06.320] Found 170 possible bad axioms.
[2026-06-26 13:10:06.320] Selected the bad axiom SubClassOf(Meditation BedtimeRitual).
[2026-06-26 13:10:06.324] Found 169 possible bad axioms.
[2026-06-26 13:10:06.324] Selected the bad axiom SubClassOf(CircadianRhythmSleepWakeDisorders SleepDisorder).
[2026-06-26 13:10:06.331] Found 168 possible bad axioms.
[2026-06-26 13:10:06.332] Selected the bad axiom SubClassOf(SleepQuality AttributeOfSleep).
[2026-06-26 13:10:06.335] Found 167 possible bad axioms.
[2026-06-26 13:10:06.335] Selected the bad axiom SubClassOf(CentralSleepApneaSyndromes SleepRelatedHypoventilationDisorders).
[2026-06-26 13:10:06.338] Found 166 possible bad axioms.
[2026-06-26 13:10:06.338] Selected the bad axiom SubClassOf(PeriodicLimbMovementDisorder SleepRelatedMovementDisorders).
[2026-06-26 13:10:06.341] Found 165 possible bad axioms.
[2026-06-26 13:10:06.341] Selected the bad axiom SubClassOf(Lighting SleepingSpace).
[2026-06-26 13:10:06.345] Found 164 possible bad axioms.
[2026-06-26 13:10:06.345] Selected the bad axiom SubClassOf(Polysomnography SleepApnoeaRecording).
[2026-06-26 13:10:06.349] Found 163 possible bad axioms.
[2026-06-26 13:10:06.349] Selected the bad axiom SubClassOf(LifestylePattern SleepAid).
[2026-06-26 13:10:06.351] Found 162 possible bad axioms.
[2026-06-26 13:10:06.352] Selected the bad axiom SubClassOf(RestlessLegsSyndrome owl:Nothing).
[2026-06-26 13:10:06.359] Found 161 possible bad axioms.
[2026-06-26 13:10:06.359] Selected the bad axiom SubClassOf(IrregularSleepWakeCycle ChronicSleepWakeRhythmDisorder).
[2026-06-26 13:10:06.362] Found 160 possible bad axioms.
[2026-06-26 13:10:06.362] Selected the bad axiom SubClassOf(Pruritus Pain).
[2026-06-26 13:10:06.365] Found 159 possible bad axioms.
[2026-06-26 13:10:06.365] Selected the bad axiom SubClassOf(SleepRelatedHallucinations OtherParasomnias).
[2026-06-26 13:10:06.368] Found 158 possible bad axioms.
[2026-06-26 13:10:06.368] Selected the bad axiom SubClassOf(Narcolepsy CentralDisordersOfHypersomnolence).
[2026-06-26 13:10:06.370] Found 157 possible bad axioms.
[2026-06-26 13:10:06.370] Selected the bad axiom SubClassOf(PulseOximetry owl:Nothing).
[20
...[truncated]
SUCCESS: attempt=93 seed=1306478 success_count=92/100
progress: ontology=SLEEP attempt=93 success=92/100
----- SLEEP attempt=94 seed=1320678 at 2026-06-26 13:10:27 -----
--- stdout ---
{"seed":1320678,"run_id":"20260624134028346645","trial_status":"success","error_type":null,"failure_stage":null,"error_message":null,"iic_values":{"B1_vs_A1":0.001946708845358316,"B1_vs_A2":7.138607971445568E-4,"B1_vs_A3":0.03672612801678909,"B2_vs_A1":0.0018819101387908728,"B2_vs_A2":6.906077348066298E-4,"B2_vs_A3":0.07044025157232704,"B3_vs_A1":1.0,"B3_vs_A2":0.009523809523809525,"B3_vs_A3":0.998776758409786,"B4_vs_A1":0.9951923076923077,"B4_vs_A2":0.5,"B4_vs_A3":0.9992466475817388,"B5_vs_A1":0.9951923076923077,"B5_vs_A2":0.5,"B5_vs_A3":0.9992466475817388,"B6_vs_A1":0.9951923076923077,"B6_vs_A2":0.5,"B6_vs_A3":0.9992466475817388,"B7_vs_A1":0.9951923076923077,"B7_vs_A2":0.5,"B7_vs_A3":0.9992466475817388,"B8_vs_A1":0.9951923076923077,"B8_vs_A2":0.5,"B8_vs_A3":0.9992466475817388,"B9_vs_A1":0.9951923076923077,"B9_vs_A2":0.5,"B9_vs_A3":0.9992466475817388},"repair_runtimes_ms":{"A1":43,"A2":4981,"A3":406,"B1":352,"B2":5948,"B3":4007,"B4":70,"B5":5358,"B6":4345,"B7":101,"B8":6740,"B9":677}}

--- stderr ---
SingleTrialExperiment starting: ontology=/workspaces/ontologyutils-ekaw26/repair-power-index-replication-ekaw26/ontologies/inconsistent/SLEEP.owl, seed=1320678, run_id=20260624134028346645
Loaded ontology.
Normalizing ontology with SROIQ normalization...
Normalized ontology with SROIQ normalization.
Ontology is already inconsistent, skipping make-inconsistent step.
Repairing with A1 (random-removal)...
[2026-06-26 13:10:27.674] Checking precondition...
[2026-06-26 13:10:27.690] Starting the repair...
[2026-06-26 13:10:27.698] Found 172 possible bad axioms.
[2026-06-26 13:10:27.699] Selected the bad axiom SubClassOf(Temperature Noise).
[2026-06-26 13:10:27.704] Found 171 possible bad axioms.
[2026-06-26 13:10:27.704] Selected the bad axiom SubClassOf(SleepApnoeaRecording SleepAssessmentTest).
[2026-06-26 13:10:27.709] Found 170 possible bad axioms.
[2026-06-26 13:10:27.709] Selected the bad axiom SubClassOf(NormalSleepWakePattern SleepPattern).
[2026-06-26 13:10:27.713] Finished repairing the ontology.
Repairing with A2 (not-in-largest-mcs-removal)...
[2026-06-26 13:10:27.713] Checking precondition...
[2026-06-26 13:10:27.724] Starting the repair...
[2026-06-26 13:10:32.693] Found 4 possible bad axioms.
[2026-06-26 13:10:32.694] Selected the bad axiom SubClassOf(owl:Thing NormalSleepWakePattern).
[2026-06-26 13:10:32.694] Finished repairing the ontology.
Repairing with A3 (default-weakening)...
[2026-06-26 13:10:32.695] Checking precondition...
[2026-06-26 13:10:32.698] Starting the repair...
[2026-06-26 13:10:32.710] Selected a reference ontology with 275 axioms.
[2026-06-26 13:10:33.055] Selected the bad axiom SubClassOf(AttributeOfSleep AffectingFactor).
[2026-06-26 13:10:33.099] Selected the weaker axiom SubClassOf(Meditation AffectingFactor).
[2026-06-26 13:10:33.100] Finished repairing the ontology.
Repairing with B1 (bad-in_some_mus-weaker-random)...
[2026-06-26 13:10:33.101] Checking precondition...
[2026-06-26 13:10:33.103] Starting the repair...
[2026-06-26 13:10:33.110] Selected a reference ontology with 275 axioms.
[2026-06-26 13:10:33.412] Selected the bad axiom SubClassOf(AffectingFactor owl:Nothing).
[2026-06-26 13:10:33.452] Selected the weaker axiom SubClassOf(Co-Sleeping owl:Nothing).
[2026-06-26 13:10:33.453] Finished repairing the ontology.
Repairing with B2 (bad-in_some_mus-weaker-shapley)...
[2026-06-26 13:10:33.455] Checking precondition...
[2026-06-26 13:10:33.457] Starting the repair...
[2026-06-26 13:10:33.466] Selected a reference ontology with 275 axioms.
[2026-06-26 13:10:33.803] Selected the bad axiom SubClassOf(AffectingFactor owl:Nothing).
[PowerIndexWeakerAxiomSelector] Scoring 208 candidate weakenings for AffectingFactor ⊑ ⊥
[PowerIndexWeakerAxiomSelector] Selected weaker axiom: AbnormalSleepPattern ⊑ ⊥
[2026-06-26 13:10:39.344] Selected the weaker axiom SubClassOf(AbnormalSleepPattern owl:Nothing).
[2026-06-26 13:10:39.401] Finished repairing the ontology.
Repairing with B3 (bad-in_some_mus-weaker-banzhaf)...
[20
...[truncated]
SUCCESS: attempt=94 seed=1320678 success_count=93/100
progress: ontology=SLEEP attempt=94 success=93/100
----- SLEEP attempt=95 seed=1334878 at 2026-06-26 13:11:01 -----
--- stdout ---
{"seed":1334878,"run_id":"20260624134028346645","trial_status":"success","error_type":null,"failure_stage":null,"error_message":null,"iic_values":{"B1_vs_A1":0.898238747553816,"B1_vs_A2":0.9988493844206651,"B1_vs_A3":0.9981398232832119,"B2_vs_A1":0.898238747553816,"B2_vs_A2":0.9988493844206651,"B2_vs_A3":0.9981398232832119,"B3_vs_A1":0.1137271100096379,"B3_vs_A2":0.9710570469798657,"B3_vs_A3":0.5052083333333334,"B4_vs_A1":1.0,"B4_vs_A2":0.999317095379012,"B4_vs_A3":0.9989303178484108,"B5_vs_A1":1.0,"B5_vs_A2":0.999317095379012,"B5_vs_A3":0.9989303178484108,"B6_vs_A1":1.0,"B6_vs_A2":0.999317095379012,"B6_vs_A3":0.9989303178484108,"B7_vs_A1":1.0,"B7_vs_A2":0.999317095379012,"B7_vs_A3":0.9989303178484108,"B8_vs_A1":1.0,"B8_vs_A2":0.999317095379012,"B8_vs_A3":0.9989303178484108,"B9_vs_A1":1.0,"B9_vs_A2":0.999317095379012,"B9_vs_A3":0.9989303178484108},"repair_runtimes_ms":{"A1":55,"A2":4939,"A3":413,"B1":369,"B2":1339,"B3":1884,"B4":66,"B5":3139,"B6":1908,"B7":140,"B8":1104,"B9":1987}}

--- stderr ---
SingleTrialExperiment starting: ontology=/workspaces/ontologyutils-ekaw26/repair-power-index-replication-ekaw26/ontologies/inconsistent/SLEEP.owl, seed=1334878, run_id=20260624134028346645
Loaded ontology.
Normalizing ontology with SROIQ normalization...
Normalized ontology with SROIQ normalization.
Ontology is already inconsistent, skipping make-inconsistent step.
Repairing with A1 (random-removal)...
[2026-06-26 13:11:01.832] Checking precondition...
[2026-06-26 13:11:01.848] Starting the repair...
[2026-06-26 13:11:01.856] Found 172 possible bad axioms.
[2026-06-26 13:11:01.857] Selected the bad axiom SubClassOf(Co-Sleeping EnvironmentalFactor).
[2026-06-26 13:11:01.862] Found 171 possible bad axioms.
[2026-06-26 13:11:01.862] Selected the bad axiom SubClassOf(BedtimeRitual AffectingFactor).
[2026-06-26 13:11:01.866] Found 170 possible bad axioms.
[2026-06-26 13:11:01.866] Selected the bad axiom SubClassOf(AttributeOfSleep Sleep).
[2026-06-26 13:11:01.870] Found 169 possible bad axioms.
[2026-06-26 13:11:01.870] Selected the bad axiom SubClassOf(AdvancedSleepPhaseSyndrome(ASPS) ChronicSleepWakeRhythmDisorder).
[2026-06-26 13:11:01.873] Found 168 possible bad axioms.
[2026-06-26 13:11:01.873] Selected the bad axiom SubClassOf(SleepStage AttributeOfSleep).
[2026-06-26 13:11:01.879] Found 167 possible bad axioms.
[2026-06-26 13:11:01.880] Selected the bad axiom SubClassOf(owl:Thing NormalSleepWakePattern).
[2026-06-26 13:11:01.882] Finished repairing the ontology.
Repairing with A2 (not-in-largest-mcs-removal)...
[2026-06-26 13:11:01.883] Checking precondition...
[2026-06-26 13:11:01.889] Starting the repair...
[2026-06-26 13:11:06.820] Found 4 possible bad axioms.
[2026-06-26 13:11:06.820] Selected the bad axiom SubClassOf(AffectingFactor owl:Nothing).
[2026-06-26 13:11:06.822] Finished repairing the ontology.
Repairing with A3 (default-weakening)...
[2026-06-26 13:11:06.824] Checking precondition...
[2026-06-26 13:11:06.826] Starting the repair...
[2026-06-26 13:11:06.841] Selected a reference ontology with 274 axioms.
[2026-06-26 13:11:07.186] Selected the bad axiom SubClassOf(AttributeOfSleep AffectingFactor).
[2026-06-26 13:11:07.235] Selected the weaker axiom SubClassOf(AttributeOfSleep SleepRelatedMovementDisorders).
[2026-06-26 13:11:07.236] Finished repairing the ontology.
Repairing with B1 (bad-in_some_mus-weaker-random)...
[2026-06-26 13:11:07.237] Checking precondition...
[2026-06-26 13:11:07.239] Starting the repair...
[2026-06-26 13:11:07.246] Selected a reference ontology with 275 axioms.
[2026-06-26 13:11:07.572] Selected the bad axiom SubClassOf(NormalSleepWakePattern SleepPattern).
[2026-06-26 13:11:07.605] Selected the weaker axiom SubClassOf(SleepingSpace SleepPattern).
[2026-06-26 13:11:07.606] Finished repairing the ontology.
Repairing with B2 (bad-in_some_mus-weaker-shapley)...
[2026-06-26 13:11:07.608] Checking precondition...
[2026-06-26 13:11:07.610] Starting the repair...
[2026-06-26 13:11:07.619] Selected a reference o
...[truncated]
SUCCESS: attempt=95 seed=1334878 success_count=94/100
progress: ontology=SLEEP attempt=95 success=94/100
----- SLEEP attempt=96 seed=1349078 at 2026-06-26 13:11:19 -----
--- stdout ---
{"seed":1349078,"run_id":"20260624134028346645","trial_status":"success","error_type":null,"failure_stage":null,"error_message":null,"iic_values":{"B1_vs_A1":1.0,"B1_vs_A2":0.9992466475817388,"B1_vs_A3":0.9993096306523991,"B2_vs_A1":1.0,"B2_vs_A2":0.9992466475817388,"B2_vs_A3":0.9993096306523991,"B3_vs_A1":0.0015119795301232846,"B3_vs_A2":0.07044025157232704,"B3_vs_A3":0.5077720207253886,"B4_vs_A1":1.0,"B4_vs_A2":0.9992466475817388,"B4_vs_A3":0.9993096306523991,"B5_vs_A1":1.0,"B5_vs_A2":0.9992466475817388,"B5_vs_A3":0.9993096306523991,"B6_vs_A1":1.0,"B6_vs_A2":0.9992466475817388,"B6_vs_A3":0.9993096306523991,"B7_vs_A1":1.0,"B7_vs_A2":0.9992466475817388,"B7_vs_A3":0.9993096306523991,"B8_vs_A1":1.0,"B8_vs_A2":0.9992466475817388,"B8_vs_A3":0.9993096306523991,"B9_vs_A1":1.0,"B9_vs_A2":0.9992466475817388,"B9_vs_A3":0.9993096306523991},"repair_runtimes_ms":{"A1":57,"A2":4933,"A3":397,"B1":378,"B2":6139,"B3":3986,"B4":71,"B5":2891,"B6":765,"B7":120,"B8":5280,"B9":3879}}

--- stderr ---
SingleTrialExperiment starting: ontology=/workspaces/ontologyutils-ekaw26/repair-power-index-replication-ekaw26/ontologies/inconsistent/SLEEP.owl, seed=1349078, run_id=20260624134028346645
Loaded ontology.
Normalizing ontology with SROIQ normalization...
Normalized ontology with SROIQ normalization.
Ontology is already inconsistent, skipping make-inconsistent step.
Repairing with A1 (random-removal)...
[2026-06-26 13:11:19.958] Checking precondition...
[2026-06-26 13:11:19.973] Starting the repair...
[2026-06-26 13:11:19.981] Found 172 possible bad axioms.
[2026-06-26 13:11:19.983] Selected the bad axiom SubClassOf(Lighting SleepingSpace).
[2026-06-26 13:11:19.987] Found 171 possible bad axioms.
[2026-06-26 13:11:19.988] Selected the bad axiom SubClassOf(Insomnia ChronicInsomniaDisorder).
[2026-06-26 13:11:19.992] Found 170 possible bad axioms.
[2026-06-26 13:11:19.992] Selected the bad axiom SubClassOf(RestlessLegsSyndrome owl:Nothing).
[2026-06-26 13:11:19.995] Found 169 possible bad axioms.
[2026-06-26 13:11:19.996] Selected the bad axiom SubClassOf(Lighting EnvironmentalFactor).
[2026-06-26 13:11:19.999] Found 168 possible bad axioms.
[2026-06-26 13:11:19.999] Selected the bad axiom SubClassOf(MedicineOrSupplement SleepAid).
[2026-06-26 13:11:20.007] Found 167 possible bad axioms.
[2026-06-26 13:11:20.007] Selected the bad axiom SubClassOf(owl:Thing NormalSleepWakePattern).
[2026-06-26 13:11:20.010] Finished repairing the ontology.
Repairing with A2 (not-in-largest-mcs-removal)...
[2026-06-26 13:11:20.011] Checking precondition...
[2026-06-26 13:11:20.018] Starting the repair...
[2026-06-26 13:11:24.942] Found 4 possible bad axioms.
[2026-06-26 13:11:24.942] Selected the bad axiom SubClassOf(AttributeOfSleep AffectingFactor).
[2026-06-26 13:11:24.944] Finished repairing the ontology.
Repairing with A3 (default-weakening)...
[2026-06-26 13:11:24.946] Checking precondition...
[2026-06-26 13:11:24.948] Starting the repair...
[2026-06-26 13:11:24.957] Selected a reference ontology with 275 axioms.
[2026-06-26 13:11:25.295] Selected the bad axiom SubClassOf(AffectingFactor owl:Nothing).
[2026-06-26 13:11:25.340] Selected the weaker axiom SubClassOf(TransientSleepWakeRhythmDisorder owl:Nothing).
[2026-06-26 13:11:25.342] Finished repairing the ontology.
Repairing with B1 (bad-in_some_mus-weaker-random)...
[2026-06-26 13:11:25.342] Checking precondition...
[2026-06-26 13:11:25.344] Starting the repair...
[2026-06-26 13:11:25.353] Selected a reference ontology with 275 axioms.
[2026-06-26 13:11:25.689] Selected the bad axiom SubClassOf(owl:Thing NormalSleepWakePattern).
[2026-06-26 13:11:25.719] Selected the weaker axiom SubClassOf(LifestylePattern NormalSleepWakePattern).
[2026-06-26 13:11:25.720] Finished repairing the ontology.
Repairing with B2 (bad-in_some_mus-weaker-shapley)...
[2026-06-26 13:11:25.722] Checking precondition...
[2026-06-26 13:11:25.724] Starting the repair...
[2026-06-26 13:11:25.732] Selected a reference ontology with 275 axio
...[truncated]
SUCCESS: attempt=96 seed=1349078 success_count=95/100
progress: ontology=SLEEP attempt=96 success=95/100
----- SLEEP attempt=97 seed=1363278 at 2026-06-26 13:11:49 -----
--- stdout ---
{"seed":1363278,"run_id":"20260624134028346645","trial_status":"success","error_type":null,"failure_stage":null,"error_message":null,"iic_values":{"B1_vs_A1":0.6700796359499431,"B1_vs_A2":0.0012232415902140672,"B1_vs_A3":7.533524182612626E-4,"B2_vs_A1":0.9997410668047644,"B2_vs_A2":0.5,"B2_vs_A3":0.009523809523809525,"B3_vs_A1":0.6791147994467497,"B3_vs_A2":0.0012420431609998447,"B3_vs_A3":7.647598654022637E-4,"B4_vs_A1":0.9997444742557813,"B4_vs_A2":0.9904761904761905,"B4_vs_A3":0.5,"B5_vs_A1":0.9997444742557813,"B5_vs_A2":0.9904761904761905,"B5_vs_A3":0.5,"B6_vs_A1":0.9997444742557813,"B6_vs_A2":0.9904761904761905,"B6_vs_A3":0.5,"B7_vs_A1":0.9997444742557813,"B7_vs_A2":0.9904761904761905,"B7_vs_A3":0.5,"B8_vs_A1":0.9997444742557813,"B8_vs_A2":0.9904761904761905,"B8_vs_A3":0.5,"B9_vs_A1":0.9997444742557813,"B9_vs_A2":0.9904761904761905,"B9_vs_A3":0.5},"repair_runtimes_ms":{"A1":203,"A2":4886,"A3":402,"B1":356,"B2":1716,"B3":4021,"B4":67,"B5":1158,"B6":652,"B7":113,"B8":3001,"B9":3821}}

--- stderr ---
SingleTrialExperiment starting: ontology=/workspaces/ontologyutils-ekaw26/repair-power-index-replication-ekaw26/ontologies/inconsistent/SLEEP.owl, seed=1363278, run_id=20260624134028346645
Loaded ontology.
Normalizing ontology with SROIQ normalization...
Normalized ontology with SROIQ normalization.
Ontology is already inconsistent, skipping make-inconsistent step.
Repairing with A1 (random-removal)...
[2026-06-26 13:11:49.766] Checking precondition...
[2026-06-26 13:11:49.781] Starting the repair...
[2026-06-26 13:11:49.788] Found 172 possible bad axioms.
[2026-06-26 13:11:49.790] Selected the bad axiom SubClassOf(CaffeinConsumption NicotineConsumption).
[2026-06-26 13:11:49.794] Found 171 possible bad axioms.
[2026-06-26 13:11:49.795] Selected the bad axiom SubClassOf(RapidEyeMovement SleepStage).
[2026-06-26 13:11:49.799] Found 170 possible bad axioms.
[2026-06-26 13:11:49.799] Selected the bad axiom SubClassOf(PulseOximetry Electrooculography).
[2026-06-26 13:11:49.802] Found 169 possible bad axioms.
[2026-06-26 13:11:49.802] Selected the bad axiom SubClassOf(ShiftWork LifestylePattern).
[2026-06-26 13:11:49.809] Found 168 possible bad axioms.
[2026-06-26 13:11:49.810] Selected the bad axiom SubClassOf(AlcoholConsumption LifestylePattern).
[2026-06-26 13:11:49.814] Found 167 possible bad axioms.
[2026-06-26 13:11:49.814] Selected the bad axiom SubClassOf(Pruritus owl:Nothing).
[2026-06-26 13:11:49.817] Found 166 possible bad axioms.
[2026-06-26 13:11:49.817] Selected the bad axiom SubClassOf(Pruritus Pain).
[2026-06-26 13:11:49.821] Found 165 possible bad axioms.
[2026-06-26 13:11:49.821] Selected the bad axiom SubClassOf(FootBathing Meditation).
[2026-06-26 13:11:49.824] Found 164 possible bad axioms.
[2026-06-26 13:11:49.824] Selected the bad axiom SubClassOf(Fear PsychologicalFactor).
[2026-06-26 13:11:49.828] Found 163 possible bad axioms.
[2026-06-26 13:11:49.828] Selected the bad axiom SubClassOf(LifestylePattern AffectingFactor).
[2026-06-26 13:11:49.831] Found 162 possible bad axioms.
[2026-06-26 13:11:49.831] Selected the bad axiom SubClassOf(StretchingExercise ListeningToWhiteNoise).
[2026-06-26 13:11:49.838] Found 161 possible bad axioms.
[2026-06-26 13:11:49.838] Selected the bad axiom SubClassOf(EffectsOfPoorSleep TimeOfWakingUp).
[2026-06-26 13:11:49.841] Found 160 possible bad axioms.
[2026-06-26 13:11:49.841] Selected the bad axiom SubClassOf(ChronicSleepWakeRhythmDisorder CircadianRhythmSleepWakeDisorders).
[2026-06-26 13:11:49.843] Found 159 possible bad axioms.
[2026-06-26 13:11:49.844] Selected the bad axiom SubClassOf(OtherHypersomnias CentralDisordersOfHypersomnolence).
[2026-06-26 13:11:49.846] Found 158 possible bad axioms.
[2026-06-26 13:11:49.846] Selected the bad axiom SubClassOf(SleepSchedule AttributeOfSleep).
[2026-06-26 13:11:49.849] Found 157 possible bad axioms.
[2026-06-26 13:11:49.849] Selected the bad axiom SubClassOf(SleepDisorder Sleep).
[2026-06-26 13:11:49.856] Found 156 possible bad axioms.
[2026-06-26
...[truncated]
SUCCESS: attempt=97 seed=1363278 success_count=96/100
progress: ontology=SLEEP attempt=97 success=96/100
----- SLEEP attempt=98 seed=1377478 at 2026-06-26 13:12:10 -----
--- stdout ---
{"seed":1377478,"run_id":"20260624134028346645","trial_status":"success","error_type":null,"failure_stage":null,"error_message":null,"iic_values":{"B1_vs_A1":0.9161290322580645,"B1_vs_A2":0.5,"B1_vs_A3":0.9975562072336266,"B2_vs_A1":0.9161290322580645,"B2_vs_A2":0.5,"B2_vs_A3":0.9975562072336266,"B3_vs_A1":0.09771743995226018,"B3_vs_A2":0.0012420431609998447,"B3_vs_A3":0.8161088635527768,"B4_vs_A1":1.0,"B4_vs_A2":0.9904761904761905,"B4_vs_A3":0.9986697303180554,"B5_vs_A1":1.0,"B5_vs_A2":0.9904761904761905,"B5_vs_A3":0.9986697303180554,"B6_vs_A1":1.0,"B6_vs_A2":0.9904761904761905,"B6_vs_A3":0.9986697303180554,"B7_vs_A1":1.0,"B7_vs_A2":0.9904761904761905,"B7_vs_A3":0.9986697303180554,"B8_vs_A1":1.0,"B8_vs_A2":0.9904761904761905,"B8_vs_A3":0.9986697303180554,"B9_vs_A1":1.0,"B9_vs_A2":0.9904761904761905,"B9_vs_A3":0.9986697303180554},"repair_runtimes_ms":{"A1":79,"A2":4955,"A3":783,"B1":350,"B2":1722,"B3":1853,"B4":68,"B5":5519,"B6":3921,"B7":103,"B8":6246,"B9":710}}

--- stderr ---
SingleTrialExperiment starting: ontology=/workspaces/ontologyutils-ekaw26/repair-power-index-replication-ekaw26/ontologies/inconsistent/SLEEP.owl, seed=1377478, run_id=20260624134028346645
Loaded ontology.
Normalizing ontology with SROIQ normalization...
Normalized ontology with SROIQ normalization.
Ontology is already inconsistent, skipping make-inconsistent step.
Repairing with A1 (random-removal)...
[2026-06-26 13:12:10.965] Checking precondition...
[2026-06-26 13:12:10.983] Starting the repair...
[2026-06-26 13:12:10.990] Found 172 possible bad axioms.
[2026-06-26 13:12:10.992] Selected the bad axiom SubClassOf(ChronicInsomniaDisorder Insomnia).
[2026-06-26 13:12:10.997] Found 171 possible bad axioms.
[2026-06-26 13:12:10.997] Selected the bad axiom SubClassOf(KleineLevinSyndrome CentralDisordersOfHypersomnolence).
[2026-06-26 13:12:11.001] Found 170 possible bad axioms.
[2026-06-26 13:12:11.001] Selected the bad axiom SubClassOf(Anxiety PsychologicalFactor).
[2026-06-26 13:12:11.004] Found 169 possible bad axioms.
[2026-06-26 13:12:11.004] Selected the bad axiom SubClassOf(PhysicalFactor AffectingFactor).
[2026-06-26 13:12:11.008] Found 168 possible bad axioms.
[2026-06-26 13:12:11.008] Selected the bad axiom SubClassOf(CentralDisordersOfHypersomnolence SleepDisorder).
[2026-06-26 13:12:11.015] Found 167 possible bad axioms.
[2026-06-26 13:12:11.015] Selected the bad axiom SubClassOf(Pain PhysicalFactor).
[2026-06-26 13:12:11.018] Found 166 possible bad axioms.
[2026-06-26 13:12:11.018] Selected the bad axiom SubClassOf(SleepSchedule AttributeOfSleep).
[2026-06-26 13:12:11.021] Found 165 possible bad axioms.
[2026-06-26 13:12:11.021] Selected the bad axiom SubClassOf(SleepContinuity SleepQuality).
[2026-06-26 13:12:11.025] Found 164 possible bad axioms.
[2026-06-26 13:12:11.025] Selected the bad axiom SubClassOf(PsychologicalFactor AffectingFactor).
[2026-06-26 13:12:11.028] Found 163 possible bad axioms.
[2026-06-26 13:12:11.028] Selected the bad axiom SubClassOf(PulseOximetry Polysomnography).
[2026-06-26 13:12:11.032] Found 162 possible bad axioms.
[2026-06-26 13:12:11.032] Selected the bad axiom SubClassOf(owl:Thing NormalSleepWakePattern).
[2026-06-26 13:12:11.040] Finished repairing the ontology.
Repairing with A2 (not-in-largest-mcs-removal)...
[2026-06-26 13:12:11.040] Checking precondition...
[2026-06-26 13:12:11.046] Starting the repair...
[2026-06-26 13:12:15.993] Found 4 possible bad axioms.
[2026-06-26 13:12:15.994] Selected the bad axiom SubClassOf(NormalSleepWakePattern SleepPattern).
[2026-06-26 13:12:15.995] Finished repairing the ontology.
Repairing with A3 (default-weakening)...
[2026-06-26 13:12:15.996] Checking precondition...
[2026-06-26 13:12:15.998] Starting the repair...
[2026-06-26 13:12:16.010] Selected a reference ontology with 275 axioms.
[2026-06-26 13:12:16.349] Selected the bad axiom SubClassOf(AttributeOfSleep AffectingFactor).
[2026-06-26 13:12:16.397] Selected the weaker axiom SubClassOf(AttributeOfSleep Fo
...[truncated]
SUCCESS: attempt=98 seed=1377478 success_count=97/100
progress: ontology=SLEEP attempt=98 success=97/100
----- SLEEP attempt=99 seed=1391678 at 2026-06-26 13:12:37 -----
--- stdout ---
{"seed":1391678,"run_id":"20260624134028346645","trial_status":"success","error_type":null,"failure_stage":null,"error_message":null,"iic_values":{"B1_vs_A1":1.0,"B1_vs_A2":0.5,"B1_vs_A3":0.009523809523809525,"B2_vs_A1":0.15924333619948408,"B2_vs_A2":0.0012420431609998447,"B2_vs_A3":7.647598654022637E-4,"B3_vs_A1":0.9996104402025711,"B3_vs_A2":0.9904761904761905,"B3_vs_A3":0.5,"B4_vs_A1":0.9996104402025711,"B4_vs_A2":0.9904761904761905,"B4_vs_A3":0.5,"B5_vs_A1":0.9996104402025711,"B5_vs_A2":0.9904761904761905,"B5_vs_A3":0.5,"B6_vs_A1":0.9996104402025711,"B6_vs_A2":0.9904761904761905,"B6_vs_A3":0.5,"B7_vs_A1":0.9996104402025711,"B7_vs_A2":0.9904761904761905,"B7_vs_A3":0.5,"B8_vs_A1":0.9996104402025711,"B8_vs_A2":0.9904761904761905,"B8_vs_A3":0.5,"B9_vs_A1":0.9996104402025711,"B9_vs_A2":0.9904761904761905,"B9_vs_A3":0.5},"repair_runtimes_ms":{"A1":136,"A2":4913,"A3":400,"B1":381,"B2":6033,"B3":758,"B4":91,"B5":3106,"B6":3828,"B7":101,"B8":761,"B9":573}}

--- stderr ---
SingleTrialExperiment starting: ontology=/workspaces/ontologyutils-ekaw26/repair-power-index-replication-ekaw26/ontologies/inconsistent/SLEEP.owl, seed=1391678, run_id=20260624134028346645
Loaded ontology.
Normalizing ontology with SROIQ normalization...
Normalized ontology with SROIQ normalization.
Ontology is already inconsistent, skipping make-inconsistent step.
Repairing with A1 (random-removal)...
[2026-06-26 13:12:38.242] Checking precondition...
[2026-06-26 13:12:38.258] Starting the repair...
[2026-06-26 13:12:38.265] Found 172 possible bad axioms.
[2026-06-26 13:12:38.266] Selected the bad axiom SubClassOf(Lighting Co-Sleeping).
[2026-06-26 13:12:38.271] Found 171 possible bad axioms.
[2026-06-26 13:12:38.272] Selected the bad axiom SubClassOf(RestlessLegsSyndrome SleepRelatedMovementDisorders).
[2026-06-26 13:12:38.276] Found 170 possible bad axioms.
[2026-06-26 13:12:38.276] Selected the bad axiom SubClassOf(NREMRelatedParasomnias Parasomnias).
[2026-06-26 13:12:38.280] Found 169 possible bad axioms.
[2026-06-26 13:12:38.280] Selected the bad axiom SubClassOf(Electroencephalography Electrooculography).
[2026-06-26 13:12:38.283] Found 168 possible bad axioms.
[2026-06-26 13:12:38.283] Selected the bad axiom SubClassOf(MedicineOrSupplement SleepAid).
[2026-06-26 13:12:38.290] Found 167 possible bad axioms.
[2026-06-26 13:12:38.290] Selected the bad axiom SubClassOf(SleepQuality AttributeOfSleep).
[2026-06-26 13:12:38.293] Found 166 possible bad axioms.
[2026-06-26 13:12:38.293] Selected the bad axiom SubClassOf(SleepRelatedHallucinations OtherParasomnias).
[2026-06-26 13:12:38.297] Found 165 possible bad axioms.
[2026-06-26 13:12:38.297] Selected the bad axiom SubClassOf(Electrooculography Polysomnography).
[2026-06-26 13:12:38.301] Found 164 possible bad axioms.
[2026-06-26 13:12:38.301] Selected the bad axiom SubClassOf(Polysomnography Electromyography).
[2026-06-26 13:12:38.304] Found 163 possible bad axioms.
[2026-06-26 13:12:38.304] Selected the bad axiom SubClassOf(TransientSleepWakeRhythmDisorder ChronicSleepWakeRhythmDisorder).
[2026-06-26 13:12:38.307] Found 162 possible bad axioms.
[2026-06-26 13:12:38.307] Selected the bad axiom SubClassOf(Pruritus Pain).
[2026-06-26 13:12:38.315] Found 161 possible bad axioms.
[2026-06-26 13:12:38.315] Selected the bad axiom SubClassOf(Electroencephalography Polysomnography).
[2026-06-26 13:12:38.318] Found 160 possible bad axioms.
[2026-06-26 13:12:38.318] Selected the bad axiom SubClassOf(Electrooculography Electroencephalography).
[2026-06-26 13:12:38.321] Found 159 possible bad axioms.
[2026-06-26 13:12:38.321] Selected the bad axiom SubClassOf(Fear PsychologicalFactor).
[2026-06-26 13:12:38.324] Found 158 possible bad axioms.
[2026-06-26 13:12:38.324] Selected the bad axiom SubClassOf(Temperature Co-Sleeping).
[2026-06-26 13:12:38.327] Found 157 possible bad axioms.
[2026-06-26 13:12:38.327] Selected the bad axiom SubClassOf(CentralDisordersOfHypersomnolence SleepDisorder).
[2026-06-26 1
...[truncated]
SUCCESS: attempt=99 seed=1391678 success_count=98/100
progress: ontology=SLEEP attempt=99 success=98/100
----- SLEEP attempt=100 seed=1405878 at 2026-06-26 13:12:59 -----
--- stdout ---
{"seed":1405878,"run_id":"20260624134028346645","trial_status":"success","error_type":null,"failure_stage":null,"error_message":null,"iic_values":{"B1_vs_A1":1.0,"B1_vs_A2":1.0,"B1_vs_A3":0.0011766090128250382,"B2_vs_A1":1.0,"B2_vs_A2":1.0,"B2_vs_A3":0.0011637379262190155,"B3_vs_A1":0.9988497814584771,"B3_vs_A2":0.9988493844206651,"B3_vs_A3":0.5,"B4_vs_A1":0.9993173284787803,"B4_vs_A2":0.999317095379012,"B4_vs_A3":0.9904761904761905,"B5_vs_A1":0.9993173284787803,"B5_vs_A2":0.999317095379012,"B5_vs_A3":0.9904761904761905,"B6_vs_A1":0.9993173284787803,"B6_vs_A2":0.999317095379012,"B6_vs_A3":0.9904761904761905,"B7_vs_A1":0.9993173284787803,"B7_vs_A2":0.999317095379012,"B7_vs_A3":0.9904761904761905,"B8_vs_A1":0.9993173284787803,"B8_vs_A2":0.999317095379012,"B8_vs_A3":0.9904761904761905,"B9_vs_A1":0.9993173284787803,"B9_vs_A2":0.999317095379012,"B9_vs_A3":0.9904761904761905},"repair_runtimes_ms":{"A1":41,"A2":4958,"A3":411,"B1":361,"B2":5881,"B3":3973,"B4":88,"B5":679,"B6":3835,"B7":132,"B8":1221,"B9":600}}

--- stderr ---
SingleTrialExperiment starting: ontology=/workspaces/ontologyutils-ekaw26/repair-power-index-replication-ekaw26/ontologies/inconsistent/SLEEP.owl, seed=1405878, run_id=20260624134028346645
Loaded ontology.
Normalizing ontology with SROIQ normalization...
Normalized ontology with SROIQ normalization.
Ontology is already inconsistent, skipping make-inconsistent step.
Repairing with A1 (random-removal)...
[2026-06-26 13:13:00.154] Checking precondition...
[2026-06-26 13:13:00.169] Starting the repair...
[2026-06-26 13:13:00.176] Found 172 possible bad axioms.
[2026-06-26 13:13:00.178] Selected the bad axiom SubClassOf(FootBathing BedtimeRitual).
[2026-06-26 13:13:00.183] Found 171 possible bad axioms.
[2026-06-26 13:13:00.183] Selected the bad axiom SubClassOf(UsingSmartphone BedtimeRitual).
[2026-06-26 13:13:00.187] Found 170 possible bad axioms.
[2026-06-26 13:13:00.187] Selected the bad axiom SubClassOf(AffectingFactor owl:Nothing).
[2026-06-26 13:13:00.190] Finished repairing the ontology.
Repairing with A2 (not-in-largest-mcs-removal)...
[2026-06-26 13:13:00.191] Checking precondition...
[2026-06-26 13:13:00.201] Starting the repair...
[2026-06-26 13:13:05.147] Found 4 possible bad axioms.
[2026-06-26 13:13:05.147] Selected the bad axiom SubClassOf(AffectingFactor owl:Nothing).
[2026-06-26 13:13:05.148] Finished repairing the ontology.
Repairing with A3 (default-weakening)...
[2026-06-26 13:13:05.150] Checking precondition...
[2026-06-26 13:13:05.152] Starting the repair...
[2026-06-26 13:13:05.167] Selected a reference ontology with 275 axioms.
[2026-06-26 13:13:05.515] Selected the bad axiom SubClassOf(NormalSleepWakePattern SleepPattern).
[2026-06-26 13:13:05.558] Selected the weaker axiom SubClassOf(SleepPattern SleepPattern).
[2026-06-26 13:13:05.560] Finished repairing the ontology.
Repairing with B1 (bad-in_some_mus-weaker-random)...
[2026-06-26 13:13:05.561] Checking precondition...
[2026-06-26 13:13:05.563] Starting the repair...
[2026-06-26 13:13:05.571] Selected a reference ontology with 275 axioms.
[2026-06-26 13:13:05.894] Selected the bad axiom SubClassOf(AffectingFactor owl:Nothing).
[2026-06-26 13:13:05.920] Selected the weaker axiom SubClassOf(SleepingSpace owl:Nothing).
[2026-06-26 13:13:05.921] Finished repairing the ontology.
Repairing with B2 (bad-in_some_mus-weaker-shapley)...
[2026-06-26 13:13:05.923] Checking precondition...
[2026-06-26 13:13:05.925] Starting the repair...
[2026-06-26 13:13:05.934] Selected a reference ontology with 275 axioms.
[2026-06-26 13:13:06.253] Selected the bad axiom SubClassOf(AffectingFactor owl:Nothing).
[PowerIndexWeakerAxiomSelector] Scoring 208 candidate weakenings for AffectingFactor ⊑ ⊥
[PowerIndexWeakerAxiomSelector] Selected weaker axiom: AbnormalSleepPattern ⊑ ⊥
[2026-06-26 13:13:11.749] Selected the weaker axiom SubClassOf(AbnormalSleepPattern owl:Nothing).
[2026-06-26 13:13:11.803] Finished repairing the ontology.
Repairing with B3 (bad-in_some_mus-weaker-banzhaf)...
[2026-06-26 13:
...[truncated]
SUCCESS: attempt=100 seed=1405878 success_count=99/100
progress: ontology=SLEEP attempt=100 success=99/100
----- SLEEP attempt=101 seed=1420078 at 2026-06-26 13:13:22 -----
--- stdout ---
{"seed":1420078,"run_id":"20260624134028346645","trial_status":"success","error_type":null,"failure_stage":null,"error_message":null,"iic_values":{"B1_vs_A1":0.9754127151387425,"B1_vs_A2":0.5,"B1_vs_A3":0.9693922168780061,"B2_vs_A1":0.9993580141236893,"B2_vs_A2":0.9992466475817388,"B2_vs_A3":0.999317095379012,"B3_vs_A1":0.9993580141236893,"B3_vs_A2":0.9992466475817388,"B3_vs_A3":0.999317095379012,"B4_vs_A1":0.9993580141236893,"B4_vs_A2":0.9992466475817388,"B4_vs_A3":0.999317095379012,"B5_vs_A1":0.9993580141236893,"B5_vs_A2":0.9992466475817388,"B5_vs_A3":0.999317095379012,"B6_vs_A1":0.9993580141236893,"B6_vs_A2":0.9992466475817388,"B6_vs_A3":0.999317095379012,"B7_vs_A1":0.9993580141236893,"B7_vs_A2":0.9992466475817388,"B7_vs_A3":0.999317095379012,"B8_vs_A1":0.9993580141236893,"B8_vs_A2":0.9992466475817388,"B8_vs_A3":0.999317095379012,"B9_vs_A1":0.9993580141236893,"B9_vs_A2":0.9992466475817388,"B9_vs_A3":0.999317095379012},"repair_runtimes_ms":{"A1":173,"A2":4919,"A3":408,"B1":353,"B2":1697,"B3":2329,"B4":120,"B5":1037,"B6":621,"B7":135,"B8":3033,"B9":722}}

--- stderr ---
SingleTrialExperiment starting: ontology=/workspaces/ontologyutils-ekaw26/repair-power-index-replication-ekaw26/ontologies/inconsistent/SLEEP.owl, seed=1420078, run_id=20260624134028346645
Loaded ontology.
Normalizing ontology with SROIQ normalization...
Normalized ontology with SROIQ normalization.
Ontology is already inconsistent, skipping make-inconsistent step.
Repairing with A1 (random-removal)...
[2026-06-26 13:13:23.285] Checking precondition...
[2026-06-26 13:13:23.301] Starting the repair...
[2026-06-26 13:13:23.308] Found 172 possible bad axioms.
[2026-06-26 13:13:23.310] Selected the bad axiom SubClassOf(Humidity Temperature).
[2026-06-26 13:13:23.315] Found 171 possible bad axioms.
[2026-06-26 13:13:23.315] Selected the bad axiom SubClassOf(SleepDepth SleepQuality).
[2026-06-26 13:13:23.319] Found 170 possible bad axioms.
[2026-06-26 13:13:23.319] Selected the bad axiom SubClassOf(SleepingSpace EnvironmentalFactor).
[2026-06-26 13:13:23.323] Found 169 possible bad axioms.
[2026-06-26 13:13:23.323] Selected the bad axiom SubClassOf(RapidEyeMovement SleepStage).
[2026-06-26 13:13:23.326] Found 168 possible bad axioms.
[2026-06-26 13:13:23.326] Selected the bad axiom SubClassOf(SleepContinuity PoorSleepPattern).
[2026-06-26 13:13:23.333] Found 167 possible bad axioms.
[2026-06-26 13:13:23.333] Selected the bad axiom SubClassOf(RestlessLegsSyndrome SleepRelatedMovementDisorders).
[2026-06-26 13:13:23.336] Found 166 possible bad axioms.
[2026-06-26 13:13:23.336] Selected the bad axiom SubClassOf(NREMRelatedParasomnias Parasomnias).
[2026-06-26 13:13:23.339] Found 165 possible bad axioms.
[2026-06-26 13:13:23.339] Selected the bad axiom SubClassOf(OtherHypersomnias CentralDisordersOfHypersomnolence).
[2026-06-26 13:13:23.343] Found 164 possible bad axioms.
[2026-06-26 13:13:23.343] Selected the bad axiom SubClassOf(Pruritus Pain).
[2026-06-26 13:13:23.348] Found 163 possible bad axioms.
[2026-06-26 13:13:23.348] Selected the bad axiom SubClassOf(Co-Sleeping EnvironmentalFactor).
[2026-06-26 13:13:23.351] Found 162 possible bad axioms.
[2026-06-26 13:13:23.351] Selected the bad axiom SubClassOf(Fear PsychologicalFactor).
[2026-06-26 13:13:23.358] Found 161 possible bad axioms.
[2026-06-26 13:13:23.358] Selected the bad axiom SubClassOf(Pruritus owl:Nothing).
[2026-06-26 13:13:23.361] Found 160 possible bad axioms.
[2026-06-26 13:13:23.361] Selected the bad axiom SubClassOf(StageIV NonRapidEyeMovement).
[2026-06-26 13:13:23.363] Found 159 possible bad axioms.
[2026-06-26 13:13:23.364] Selected the bad axiom SubClassOf(Electrocardiography Polysomnography).
[2026-06-26 13:13:23.366] Found 158 possible bad axioms.
[2026-06-26 13:13:23.366] Selected the bad axiom SubClassOf(RestlessLegsSyndrome owl:Nothing).
[2026-06-26 13:13:23.369] Found 157 possible bad axioms.
[2026-06-26 13:13:23.369] Selected the bad axiom SubClassOf(IrregularSleepWakeCycle ChronicSleepWakeRhythmDisorder).
[2026-06-26 13:13:23.376] Found 156 possible bad axioms.
[2026-06-26
...[truncated]
SUCCESS: attempt=101 seed=1420078 success_count=100/100
progress: ontology=SLEEP attempt=101 success=100/100
=== run_trials finished at 2026-06-28 17:53:08 for SLEEP - 100 successes, 1 failures, 101 attempts ===
Failed attempts:
  attempt=42 seed=582278 msg=Repair failed: ExecutionException: java.lang.NullPointerException: operands cannot be null or empty
Timing summary:
  success: count=100 total_seconds=2199.813154 avg_seconds=21.998132
  time_limit_exceeded: count=0 total_seconds=0.000000 avg_seconds=0.000000
  memory_limit_exceeded: count=0 total_seconds=0.000000 avg_seconds=0.000000
  success_rate=0.9901
  wall_clock_seconds_total_run=360698.251834
