=== run_trials started at 2026-06-24 13:41:30 run_id=20260624134028346645 ===
ontology_path=/workspaces/ontologyutils-ekaw26/repair-power-index-replication-ekaw26/ontologies/inconsistent/PATCT.owl
iic_csv=/workspaces/ontologyutils-ekaw26/repair-power-index-replication-ekaw26/data/data-20260624134028346645/iic-PATCT.csv
runtime_csv=/workspaces/ontologyutils-ekaw26/repair-power-index-replication-ekaw26/data/data-20260624134028346645/runtime-PATCT.csv

=== Starting sequential trials for PATCT at 2026-06-27 15:37:30 ===
----- PATCT attempt=1 seed=119 at 2026-06-27 15:37:30 -----
--- stdout ---
{"seed":119,"run_id":"20260624134028346645","trial_status":"success","error_type":null,"failure_stage":null,"error_message":null,"iic_values":{"B1_vs_A1":0.07377049180327869,"B1_vs_A2":0.5,"B1_vs_A3":0.5,"B2_vs_A1":0.7985739750445633,"B2_vs_A2":1.0,"B2_vs_A3":1.0,"B3_vs_A1":0.7985739750445633,"B3_vs_A2":1.0,"B3_vs_A3":1.0,"B4_vs_A1":1.0,"B4_vs_A2":0.9380378657487092,"B4_vs_A3":0.9380378657487092,"B5_vs_A1":1.0,"B5_vs_A2":0.9945945945945946,"B5_vs_A3":0.9945945945945946,"B6_vs_A1":1.0,"B6_vs_A2":0.9945945945945946,"B6_vs_A3":0.9945945945945946,"B7_vs_A1":0.5,"B7_vs_A2":0.9262295081967213,"B7_vs_A3":0.9262295081967213,"B8_vs_A1":1.0,"B8_vs_A2":0.9945945945945946,"B8_vs_A3":0.9945945945945946,"B9_vs_A1":1.0,"B9_vs_A2":0.9945945945945946,"B9_vs_A3":0.9945945945945946},"repair_runtimes_ms":{"A1":44,"A2":43720,"A3":563,"B1":566,"B2":10502,"B3":8868,"B4":678,"B5":406,"B6":7191,"B7":239,"B8":6041,"B9":396}}

--- stderr ---
SingleTrialExperiment starting: ontology=/workspaces/ontologyutils-ekaw26/repair-power-index-replication-ekaw26/ontologies/inconsistent/PATCT.owl, seed=119, run_id=20260624134028346645
Loaded ontology.
Normalizing ontology with SROIQ normalization...
Normalized ontology with SROIQ normalization.
Ontology is already inconsistent, skipping make-inconsistent step.
Repairing with A1 (random-removal)...
[2026-06-27 15:37:30.408] Checking precondition...
[2026-06-27 15:37:30.425] Starting the repair...
[2026-06-27 15:37:30.433] Found 363 possible bad axioms.
[2026-06-27 15:37:30.435] Selected the bad axiom SubClassOf(owl:Thing https://pat.nichd.nih.gov/placentalcelltype/CT.09.02).
[2026-06-27 15:37:30.446] Finished repairing the ontology.
Repairing with A2 (not-in-largest-mcs-removal)...
[2026-06-27 15:37:30.447] Checking precondition...
[2026-06-27 15:37:30.457] Starting the repair...
[2026-06-27 15:38:14.165] Found 3 possible bad axioms.
[2026-06-27 15:38:14.166] Selected the bad axiom SubClassOf(https://pat.nichd.nih.gov/placentalcelltype/CT.09 owl:Nothing).
[2026-06-27 15:38:14.168] Finished repairing the ontology.
Repairing with A3 (default-weakening)...
[2026-06-27 15:38:14.170] Checking precondition...
[2026-06-27 15:38:14.173] Starting the repair...
[2026-06-27 15:38:14.195] Selected a reference ontology with 515 axioms.
[2026-06-27 15:38:14.647] Selected the bad axiom SubClassOf(https://pat.nichd.nih.gov/placentalcelltype/CT.09 owl:Nothing).
[2026-06-27 15:38:14.729] Selected the weaker axiom SubClassOf(https://pat.nichd.nih.gov/placentalcelltype/CT.05.01.02.01 owl:Nothing).
[2026-06-27 15:38:14.731] Finished repairing the ontology.
Repairing with B1 (bad-in_some_mus-weaker-random)...
[2026-06-27 15:38:14.732] Checking precondition...
[2026-06-27 15:38:14.735] Starting the repair...
[2026-06-27 15:38:14.753] Selected a reference ontology with 515 axioms.
[2026-06-27 15:38:15.221] Selected the bad axiom SubClassOf(https://pat.nichd.nih.gov/placentalcelltype/CT.09 owl:Nothing).
[2026-06-27 15:38:15.293] Selected the weaker axiom SubClassOf(https://pat.nichd.nih.gov/placentalcelltype/CT.01.01.02 owl:Nothing).
[2026-06-27 15:38:15.297] Finished repairing the ontology.
Repairing with B2 (bad-in_some_mus-weaker-shapley)...
[2026-06-27 15:38:15.300] Checking precondition...
[2026-06-27 15:38:15.303] Starting the repair...
[2026-06-27 15:38:15.316] Selected a reference ontology with 515 axioms.
[2026-06-27 15:38:15.733] Selected the bad axiom SubClassOf(https://pat.nichd.nih.gov/placentalcelltype/CT.09 owl:Nothing).
[PowerIndexWeakerAxiomSelector] Scoring 146 candidate weakenings for CT.09 ⊑ ⊥
[PowerIndexWeakerAxiomSelector] Selected weaker axiom: CT.06 ⊑ ⊥
[2026-06-27 15:38:25.670] Selected the weaker axiom SubClassOf(https://pat.nichd.nih.gov/placentalcelltype/CT.06 owl:Nothing).
[2026-06-27 15:38:25.800] Finished repairing the ontology.
Repairing with B3 (bad-in_some_mus-weaker-banzhaf)...
[2026-06-27 15:38:25.801] Checking precondition...
[2026-06
...[truncated]
SUCCESS: attempt=1 seed=119 success_count=1/100
progress: ontology=PATCT attempt=1 success=1/100
----- PATCT attempt=2 seed=14319 at 2026-06-27 15:38:50 -----
--- stdout ---
{"seed":14319,"run_id":"20260624134028346645","trial_status":"memory_limit_exceeded","error_type":"failure","failure_stage":"B9","error_message":"Repair failed: ExecutionException: java.lang.IllegalStateException: Could not find a weakening for axiom: ⊤ ⊑ CT.09.02","iic_values":{},"repair_runtimes_ms":{"A1":326,"A2":44632,"A3":4747,"B1":533,"B2":7252,"B3":7902,"B4":160,"B5":438,"B6":307,"B7":374,"B8":906,"B9":2112}}

--- stderr ---
SingleTrialExperiment starting: ontology=/workspaces/ontologyutils-ekaw26/repair-power-index-replication-ekaw26/ontologies/inconsistent/PATCT.owl, seed=14319, run_id=20260624134028346645
Loaded ontology.
Normalizing ontology with SROIQ normalization...
Normalized ontology with SROIQ normalization.
Ontology is already inconsistent, skipping make-inconsistent step.
Repairing with A1 (random-removal)...
[2026-06-27 15:38:51.332] Checking precondition...
[2026-06-27 15:38:51.348] Starting the repair...
[2026-06-27 15:38:51.356] Found 363 possible bad axioms.
[2026-06-27 15:38:51.358] Selected the bad axiom SubClassOf(https://pat.nichd.nih.gov/placentalcelltype/CT.03.02 https://pat.nichd.nih.gov/placentalcelltype/CT.03.01.02.03).
[2026-06-27 15:38:51.369] Found 362 possible bad axioms.
[2026-06-27 15:38:51.369] Selected the bad axiom SubClassOf(https://pat.nichd.nih.gov/placentalcelltype/CT.02.05.01 https://pat.nichd.nih.gov/placentalcelltype/CT.02.05).
[2026-06-27 15:38:51.374] Found 361 possible bad axioms.
[2026-06-27 15:38:51.374] Selected the bad axiom SubClassOf(https://pat.nichd.nih.gov/placentalcelltype/CT.05.02.06.02.01 https://pat.nichd.nih.gov/placentalcelltype/CT.05.02.06.02).
[2026-06-27 15:38:51.379] Found 360 possible bad axioms.
[2026-06-27 15:38:51.379] Selected the bad axiom SubClassOf(https://pat.nichd.nih.gov/placentalcelltype/CT.04 https://pat.nichd.nih.gov/placentalcelltype/CT.01).
[2026-06-27 15:38:51.385] Found 359 possible bad axioms.
[2026-06-27 15:38:51.385] Selected the bad axiom SubClassOf(https://pat.nichd.nih.gov/placentalcelltype/CT.03.03.04 https://pat.nichd.nih.gov/placentalcelltype/CT.03.03.05).
[2026-06-27 15:38:51.390] Found 358 possible bad axioms.
[2026-06-27 15:38:51.390] Selected the bad axiom SubClassOf(https://pat.nichd.nih.gov/placentalcelltype/CT.03.02.04 https://pat.nichd.nih.gov/placentalcelltype/CT.03.01.02.03).
[2026-06-27 15:38:51.394] Found 357 possible bad axioms.
[2026-06-27 15:38:51.394] Selected the bad axiom SubClassOf(https://pat.nichd.nih.gov/placentalcelltype/CT.07 owl:Thing).
[2026-06-27 15:38:51.398] Found 356 possible bad axioms.
[2026-06-27 15:38:51.398] Selected the bad axiom SubClassOf(https://pat.nichd.nih.gov/placentalcelltype/CT.02.03.02.02 https://pat.nichd.nih.gov/placentalcelltype/CT.02.03.02).
[2026-06-27 15:38:51.406] Found 355 possible bad axioms.
[2026-06-27 15:38:51.406] Selected the bad axiom SubClassOf(https://pat.nichd.nih.gov/placentalcelltype/CT.01.01 https://pat.nichd.nih.gov/placentalcelltype/CT.04.03).
[2026-06-27 15:38:51.410] Found 354 possible bad axioms.
[2026-06-27 15:38:51.410] Selected the bad axiom SubClassOf(https://pat.nichd.nih.gov/placentalcelltype/CT.03.02.04 https://pat.nichd.nih.gov/placentalcelltype/CT.03.02).
[2026-06-27 15:38:51.413] Found 353 possible bad axioms.
[2026-06-27 15:38:51.414] Selected the bad axiom SubClassOf(https://pat.nichd.nih.gov/placentalcelltype/CT.01.01.02 https://pat.nichd.nih.gov/placentalcelltype/CT.01.01).
[2026-06-27 15:38:5
...[truncated]
FAIL: attempt=2 seed=14319 status=memory_limit_exceeded stage=B9 message=Repair failed: ExecutionException: java.lang.IllegalStateException: Could not find a weakening for axiom: ⊤ ⊑ CT.09.02
progress: ontology=PATCT attempt=2 success=1/100
----- PATCT attempt=3 seed=28519 at 2026-06-27 15:40:04 -----
--- stdout ---
{"seed":28519,"run_id":"20260624134028346645","trial_status":"memory_limit_exceeded","error_type":"failure","failure_stage":"B2","error_message":"Repair failed: ExecutionException: java.lang.IllegalStateException: Could not find a weakening for axiom: CT.09 ⊑ ⊥","iic_values":{},"repair_runtimes_ms":{"A1":85,"A2":44125,"A3":559,"B1":567,"B2":3956}}

--- stderr ---
SingleTrialExperiment starting: ontology=/workspaces/ontologyutils-ekaw26/repair-power-index-replication-ekaw26/ontologies/inconsistent/PATCT.owl, seed=28519, run_id=20260624134028346645
Loaded ontology.
Normalizing ontology with SROIQ normalization...
Normalized ontology with SROIQ normalization.
Ontology is already inconsistent, skipping make-inconsistent step.
Repairing with A1 (random-removal)...
[2026-06-27 15:40:04.823] Checking precondition...
[2026-06-27 15:40:04.840] Starting the repair...
[2026-06-27 15:40:04.848] Found 363 possible bad axioms.
[2026-06-27 15:40:04.850] Selected the bad axiom SubClassOf(https://pat.nichd.nih.gov/placentalcelltype/CT.02.05.02.02.02 https://pat.nichd.nih.gov/placentalcelltype/CT.02.05.02.02).
[2026-06-27 15:40:04.861] Found 362 possible bad axioms.
[2026-06-27 15:40:04.862] Selected the bad axiom SubClassOf(https://pat.nichd.nih.gov/placentalcelltype/CT.02.03.01 https://pat.nichd.nih.gov/placentalcelltype/CT.02.03).
[2026-06-27 15:40:04.868] Found 361 possible bad axioms.
[2026-06-27 15:40:04.868] Selected the bad axiom SubClassOf(https://pat.nichd.nih.gov/placentalcelltype/CT.08 https://pat.nichd.nih.gov/placentalcelltype/CT.08.05).
[2026-06-27 15:40:04.873] Found 360 possible bad axioms.
[2026-06-27 15:40:04.873] Selected the bad axiom SubClassOf(https://pat.nichd.nih.gov/placentalcelltype/CT.09.01 https://pat.nichd.nih.gov/placentalcelltype/CT.09.04).
[2026-06-27 15:40:04.878] Found 359 possible bad axioms.
[2026-06-27 15:40:04.878] Selected the bad axiom SubClassOf(https://pat.nichd.nih.gov/placentalcelltype/CT.08 owl:Thing).
[2026-06-27 15:40:04.884] Found 358 possible bad axioms.
[2026-06-27 15:40:04.884] Selected the bad axiom SubClassOf(https://pat.nichd.nih.gov/placentalcelltype/CT.02.05 https://pat.nichd.nih.gov/placentalcelltype/CT.02.01).
[2026-06-27 15:40:04.887] Found 357 possible bad axioms.
[2026-06-27 15:40:04.888] Selected the bad axiom SubClassOf(https://pat.nichd.nih.gov/placentalcelltype/CT.10.02 https://pat.nichd.nih.gov/placentalcelltype/CT.10.01.01).
[2026-06-27 15:40:04.891] Found 356 possible bad axioms.
[2026-06-27 15:40:04.892] Selected the bad axiom SubClassOf(https://pat.nichd.nih.gov/placentalcelltype/CT.05.02 https://pat.nichd.nih.gov/placentalcelltype/CT.05.04).
[2026-06-27 15:40:04.895] Found 355 possible bad axioms.
[2026-06-27 15:40:04.896] Selected the bad axiom SubClassOf(owl:Thing https://pat.nichd.nih.gov/placentalcelltype/CT.09.02).
[2026-06-27 15:40:04.903] Finished repairing the ontology.
Repairing with A2 (not-in-largest-mcs-removal)...
[2026-06-27 15:40:04.905] Checking precondition...
[2026-06-27 15:40:04.917] Starting the repair...
[2026-06-27 15:40:49.026] Found 3 possible bad axioms.
[2026-06-27 15:40:49.026] Selected the bad axiom SubClassOf(owl:Thing https://pat.nichd.nih.gov/placentalcelltype/CT.09.02).
[2026-06-27 15:40:49.029] Finished repairing the ontology.
Repairing with A3 (default-weakening)...
[2026-06-27 15:40:49.030] Checking precondition...
[2
...[truncated]
FAIL: attempt=3 seed=28519 status=memory_limit_exceeded stage=B2 message=Repair failed: ExecutionException: java.lang.IllegalStateException: Could not find a weakening for axiom: CT.09 ⊑ ⊥
progress: ontology=PATCT attempt=3 success=1/100
----- PATCT attempt=4 seed=42719 at 2026-06-27 15:40:54 -----
--- stdout ---
{"seed":42719,"run_id":"20260624134028346645","trial_status":"success","error_type":null,"failure_stage":null,"error_message":null,"iic_values":{"B1_vs_A1":1.0,"B1_vs_A2":0.9262295081967213,"B1_vs_A3":0.9262295081967213,"B2_vs_A1":0.896850753080785,"B2_vs_A2":1.0,"B2_vs_A3":1.0,"B3_vs_A1":1.0,"B3_vs_A2":0.9945945945945946,"B3_vs_A3":0.9945945945945946,"B4_vs_A1":1.0,"B4_vs_A2":0.9262295081967213,"B4_vs_A3":0.9262295081967213,"B5_vs_A1":1.0,"B5_vs_A2":0.9945945945945946,"B5_vs_A3":0.9945945945945946,"B6_vs_A1":1.0,"B6_vs_A2":0.9945945945945946,"B6_vs_A3":0.9945945945945946,"B7_vs_A1":1.0,"B7_vs_A2":0.9786184210526315,"B7_vs_A3":0.9786184210526315,"B8_vs_A1":1.0,"B8_vs_A2":0.9945945945945946,"B8_vs_A3":0.9945945945945946,"B9_vs_A1":1.0,"B9_vs_A2":0.9945945945945946,"B9_vs_A3":0.9945945945945946},"repair_runtimes_ms":{"A1":227,"A2":44007,"A3":586,"B1":2195,"B2":10517,"B3":773,"B4":216,"B5":461,"B6":364,"B7":249,"B8":7303,"B9":7138}}

--- stderr ---
SingleTrialExperiment starting: ontology=/workspaces/ontologyutils-ekaw26/repair-power-index-replication-ekaw26/ontologies/inconsistent/PATCT.owl, seed=42719, run_id=20260624134028346645
Loaded ontology.
Normalizing ontology with SROIQ normalization...
Normalized ontology with SROIQ normalization.
Ontology is already inconsistent, skipping make-inconsistent step.
Repairing with A1 (random-removal)...
[2026-06-27 15:40:54.572] Checking precondition...
[2026-06-27 15:40:54.588] Starting the repair...
[2026-06-27 15:40:54.597] Found 363 possible bad axioms.
[2026-06-27 15:40:54.599] Selected the bad axiom SubClassOf(https://pat.nichd.nih.gov/placentalcelltype/CT.04 https://pat.nichd.nih.gov/placentalcelltype/CT.01).
[2026-06-27 15:40:54.610] Found 362 possible bad axioms.
[2026-06-27 15:40:54.610] Selected the bad axiom SubClassOf(https://pat.nichd.nih.gov/placentalcelltype/CT.08.05 https://pat.nichd.nih.gov/placentalcelltype/CT.08.04).
[2026-06-27 15:40:54.616] Found 361 possible bad axioms.
[2026-06-27 15:40:54.617] Selected the bad axiom SubClassOf(https://pat.nichd.nih.gov/placentalcelltype/CT.06.03 https://pat.nichd.nih.gov/placentalcelltype/CT.06.02).
[2026-06-27 15:40:54.622] Found 360 possible bad axioms.
[2026-06-27 15:40:54.622] Selected the bad axiom SubClassOf(https://pat.nichd.nih.gov/placentalcelltype/CT.10 https://pat.nichd.nih.gov/placentalcelltype/CT.10.01.01).
[2026-06-27 15:40:54.627] Found 359 possible bad axioms.
[2026-06-27 15:40:54.627] Selected the bad axiom SubClassOf(https://pat.nichd.nih.gov/placentalcelltype/CT.02.05.02.02 owl:Nothing).
[2026-06-27 15:40:54.633] Found 358 possible bad axioms.
[2026-06-27 15:40:54.633] Selected the bad axiom SubClassOf(https://pat.nichd.nih.gov/placentalcelltype/CT.05.01.03.04 https://pat.nichd.nih.gov/placentalcelltype/CT.05.01.03).
[2026-06-27 15:40:54.637] Found 357 possible bad axioms.
[2026-06-27 15:40:54.637] Selected the bad axiom SubClassOf(https://pat.nichd.nih.gov/placentalcelltype/CT.04.02 https://pat.nichd.nih.gov/placentalcelltype/CT.04).
[2026-06-27 15:40:54.640] Found 356 possible bad axioms.
[2026-06-27 15:40:54.640] Selected the bad axiom SubClassOf(https://pat.nichd.nih.gov/placentalcelltype/CT.03.03.02 https://pat.nichd.nih.gov/placentalcelltype/CT.03.03.06).
[2026-06-27 15:40:54.643] Found 355 possible bad axioms.
[2026-06-27 15:40:54.644] Selected the bad axiom SubClassOf(https://pat.nichd.nih.gov/placentalcelltype/CT.05.02.04.01 https://pat.nichd.nih.gov/placentalcelltype/CT.05.02.04).
[2026-06-27 15:40:54.653] Found 354 possible bad axioms.
[2026-06-27 15:40:54.653] Selected the bad axiom SubClassOf(https://pat.nichd.nih.gov/placentalcelltype/CT.05.01.03.05.01 https://pat.nichd.nih.gov/placentalcelltype/CT.05.01.03.05).
[2026-06-27 15:40:54.656] Found 353 possible bad axioms.
[2026-06-27 15:40:54.657] Selected the bad axiom SubClassOf(https://pat.nichd.nih.gov/placentalcelltype/CT.06.01.01 https://pat.nichd.nih.gov/placentalcelltype/CT.06.01).
[2026-06-27 15:40:54.66
...[truncated]
SUCCESS: attempt=4 seed=42719 success_count=2/100
progress: ontology=PATCT attempt=4 success=2/100
----- PATCT attempt=5 seed=56919 at 2026-06-27 15:42:09 -----
--- stdout ---
{"seed":56919,"run_id":"20260624134028346645","trial_status":"success","error_type":null,"failure_stage":null,"error_message":null,"iic_values":{"B1_vs_A1":0.21434494195688225,"B1_vs_A2":0.03496503496503497,"B1_vs_A3":0.03496503496503497,"B2_vs_A1":0.9957446808510638,"B2_vs_A2":1.0,"B2_vs_A3":1.0,"B3_vs_A1":0.9973723723723724,"B3_vs_A2":0.9215686274509803,"B3_vs_A3":0.9215686274509803,"B4_vs_A1":0.9957446808510638,"B4_vs_A2":1.0,"B4_vs_A3":1.0,"B5_vs_A1":0.9957446808510638,"B5_vs_A2":1.0,"B5_vs_A3":1.0,"B6_vs_A1":0.9957446808510638,"B6_vs_A2":1.0,"B6_vs_A3":1.0,"B7_vs_A1":0.98568281938326,"B7_vs_A2":1.0,"B7_vs_A3":1.0,"B8_vs_A1":0.9957446808510638,"B8_vs_A2":1.0,"B8_vs_A3":1.0,"B9_vs_A1":0.9957446808510638,"B9_vs_A2":1.0,"B9_vs_A3":1.0},"repair_runtimes_ms":{"A1":125,"A2":44509,"A3":664,"B1":2680,"B2":1253,"B3":7939,"B4":167,"B5":521,"B6":303,"B7":562,"B8":551,"B9":4292}}

--- stderr ---
SingleTrialExperiment starting: ontology=/workspaces/ontologyutils-ekaw26/repair-power-index-replication-ekaw26/ontologies/inconsistent/PATCT.owl, seed=56919, run_id=20260624134028346645
Loaded ontology.
Normalizing ontology with SROIQ normalization...
Normalized ontology with SROIQ normalization.
Ontology is already inconsistent, skipping make-inconsistent step.
Repairing with A1 (random-removal)...
[2026-06-27 15:42:10.075] Checking precondition...
[2026-06-27 15:42:10.094] Starting the repair...
[2026-06-27 15:42:10.104] Found 363 possible bad axioms.
[2026-06-27 15:42:10.106] Selected the bad axiom SubClassOf(https://pat.nichd.nih.gov/placentalcelltype/CT.05.03 https://pat.nichd.nih.gov/placentalcelltype/CT.05.04).
[2026-06-27 15:42:10.117] Found 362 possible bad axioms.
[2026-06-27 15:42:10.117] Selected the bad axiom SubClassOf(https://pat.nichd.nih.gov/placentalcelltype/CT.09.01 https://pat.nichd.nih.gov/placentalcelltype/CT.09).
[2026-06-27 15:42:10.123] Found 361 possible bad axioms.
[2026-06-27 15:42:10.124] Selected the bad axiom SubClassOf(https://pat.nichd.nih.gov/placentalcelltype/CT.01.04 https://pat.nichd.nih.gov/placentalcelltype/CT.01.02).
[2026-06-27 15:42:10.129] Found 360 possible bad axioms.
[2026-06-27 15:42:10.129] Selected the bad axiom SubClassOf(https://pat.nichd.nih.gov/placentalcelltype/CT.03.01.02.02 https://pat.nichd.nih.gov/placentalcelltype/CT.03.01.02).
[2026-06-27 15:42:10.135] Found 359 possible bad axioms.
[2026-06-27 15:42:10.135] Selected the bad axiom SubClassOf(https://pat.nichd.nih.gov/placentalcelltype/CT.05.03.02 https://pat.nichd.nih.gov/placentalcelltype/CT.05.03).
[2026-06-27 15:42:10.141] Found 358 possible bad axioms.
[2026-06-27 15:42:10.142] Selected the bad axiom SubClassOf(https://pat.nichd.nih.gov/placentalcelltype/CT.02.03.03 https://pat.nichd.nih.gov/placentalcelltype/CT.02.03.02).
[2026-06-27 15:42:10.147] Found 357 possible bad axioms.
[2026-06-27 15:42:10.147] Selected the bad axiom SubClassOf(https://pat.nichd.nih.gov/placentalcelltype/CT.05.02 https://pat.nichd.nih.gov/placentalcelltype/CT.05).
[2026-06-27 15:42:10.151] Found 356 possible bad axioms.
[2026-06-27 15:42:10.152] Selected the bad axiom SubClassOf(https://pat.nichd.nih.gov/placentalcelltype/CT.09.01 https://pat.nichd.nih.gov/placentalcelltype/CT.09.04).
[2026-06-27 15:42:10.160] Found 355 possible bad axioms.
[2026-06-27 15:42:10.160] Selected the bad axiom SubClassOf(https://pat.nichd.nih.gov/placentalcelltype/CT.05.03.02 https://pat.nichd.nih.gov/placentalcelltype/CT.05.03.01).
[2026-06-27 15:42:10.163] Found 354 possible bad axioms.
[2026-06-27 15:42:10.164] Selected the bad axiom SubClassOf(https://pat.nichd.nih.gov/placentalcelltype/CT.02.05.03 https://pat.nichd.nih.gov/placentalcelltype/CT.02.05.03.04).
[2026-06-27 15:42:10.167] Found 353 possible bad axioms.
[2026-06-27 15:42:10.167] Selected the bad axiom SubClassOf(https://pat.nichd.nih.gov/placentalcelltype/CT.02.05.02.01.02 https://pat.nichd.nih.gov/placentalcellt
...[truncated]
SUCCESS: attempt=5 seed=56919 success_count=3/100
progress: ontology=PATCT attempt=5 success=3/100
----- PATCT attempt=6 seed=71119 at 2026-06-27 15:43:14 -----
--- stdout ---
{"seed":71119,"run_id":"20260624134028346645","trial_status":"success","error_type":null,"failure_stage":null,"error_message":null,"iic_values":{"B1_vs_A1":0.7844396859386152,"B1_vs_A2":0.11176470588235295,"B1_vs_A3":0.024390243902439025,"B2_vs_A1":0.9493502165944685,"B2_vs_A2":1.0,"B2_vs_A3":0.6655455904334828,"B3_vs_A1":0.8767234387672344,"B3_vs_A2":0.5,"B3_vs_A3":0.014317180616740088,"B4_vs_A1":1.0,"B4_vs_A2":0.8941176470588236,"B4_vs_A3":0.0,"B5_vs_A1":1.0,"B5_vs_A2":0.9968847352024922,"B5_vs_A3":0.7041139240506329,"B6_vs_A1":1.0,"B6_vs_A2":0.9968847352024922,"B6_vs_A3":0.7041139240506329,"B7_vs_A1":1.0,"B7_vs_A2":0.9315589353612167,"B7_vs_A3":0.06964520367936924,"B8_vs_A1":1.0,"B8_vs_A2":0.9968847352024922,"B8_vs_A3":0.7041139240506329,"B9_vs_A1":1.0,"B9_vs_A2":0.9968847352024922,"B9_vs_A3":0.7041139240506329},"repair_runtimes_ms":{"A1":169,"A2":44190,"A3":600,"B1":4206,"B2":10687,"B3":7453,"B4":176,"B5":850,"B6":503,"B7":773,"B8":941,"B9":547}}

--- stderr ---
SingleTrialExperiment starting: ontology=/workspaces/ontologyutils-ekaw26/repair-power-index-replication-ekaw26/ontologies/inconsistent/PATCT.owl, seed=71119, run_id=20260624134028346645
Loaded ontology.
Normalizing ontology with SROIQ normalization...
Normalized ontology with SROIQ normalization.
Ontology is already inconsistent, skipping make-inconsistent step.
Repairing with A1 (random-removal)...
[2026-06-27 15:43:14.955] Checking precondition...
[2026-06-27 15:43:14.971] Starting the repair...
[2026-06-27 15:43:14.979] Found 363 possible bad axioms.
[2026-06-27 15:43:14.981] Selected the bad axiom SubClassOf(https://pat.nichd.nih.gov/placentalcelltype/CT.05.03.02 https://pat.nichd.nih.gov/placentalcelltype/CT.05.03).
[2026-06-27 15:43:14.991] Found 362 possible bad axioms.
[2026-06-27 15:43:14.992] Selected the bad axiom SubClassOf(https://pat.nichd.nih.gov/placentalcelltype/CT.03.03.05 https://pat.nichd.nih.gov/placentalcelltype/CT.03.03.01).
[2026-06-27 15:43:14.997] Found 361 possible bad axioms.
[2026-06-27 15:43:14.998] Selected the bad axiom SubClassOf(https://pat.nichd.nih.gov/placentalcelltype/CT.03 owl:Thing).
[2026-06-27 15:43:15.003] Found 360 possible bad axioms.
[2026-06-27 15:43:15.003] Selected the bad axiom SubClassOf(https://pat.nichd.nih.gov/placentalcelltype/CT.06.01.03 https://pat.nichd.nih.gov/placentalcelltype/CT.06.01).
[2026-06-27 15:43:15.007] Found 359 possible bad axioms.
[2026-06-27 15:43:15.008] Selected the bad axiom SubClassOf(https://pat.nichd.nih.gov/placentalcelltype/CT.02.05.02.02 https://pat.nichd.nih.gov/placentalcelltype/CT.02.05.02.01).
[2026-06-27 15:43:15.013] Found 358 possible bad axioms.
[2026-06-27 15:43:15.013] Selected the bad axiom SubClassOf(https://pat.nichd.nih.gov/placentalcelltype/CT.03.02.03 https://pat.nichd.nih.gov/placentalcelltype/CT.03.02).
[2026-06-27 15:43:15.017] Found 357 possible bad axioms.
[2026-06-27 15:43:15.018] Selected the bad axiom SubClassOf(https://pat.nichd.nih.gov/placentalcelltype/CT.05.01.03.01 https://pat.nichd.nih.gov/placentalcelltype/CT.05.01.03.04).
[2026-06-27 15:43:15.021] Found 356 possible bad axioms.
[2026-06-27 15:43:15.022] Selected the bad axiom SubClassOf(https://pat.nichd.nih.gov/placentalcelltype/CT.05.01.03.07 https://pat.nichd.nih.gov/placentalcelltype/CT.05.01.03.05).
[2026-06-27 15:43:15.025] Found 355 possible bad axioms.
[2026-06-27 15:43:15.026] Selected the bad axiom SubClassOf(https://pat.nichd.nih.gov/placentalcelltype/CT.04 https://pat.nichd.nih.gov/placentalcelltype/CT.04.02).
[2026-06-27 15:43:15.034] Found 354 possible bad axioms.
[2026-06-27 15:43:15.034] Selected the bad axiom SubClassOf(https://pat.nichd.nih.gov/placentalcelltype/CT.06.01.03 https://pat.nichd.nih.gov/placentalcelltype/CT.06.03).
[2026-06-27 15:43:15.037] Found 353 possible bad axioms.
[2026-06-27 15:43:15.037] Selected the bad axiom SubClassOf(https://pat.nichd.nih.gov/placentalcelltype/CT.07 https://pat.nichd.nih.gov/placentalcelltype/CT.10).
[2026-06-27 15:43:15.0
...[truncated]
SUCCESS: attempt=6 seed=71119 success_count=4/100
progress: ontology=PATCT attempt=6 success=4/100
----- PATCT attempt=7 seed=85319 at 2026-06-27 15:44:27 -----
--- stdout ---
{"seed":85319,"run_id":"20260624134028346645","trial_status":"success","error_type":null,"failure_stage":null,"error_message":null,"iic_values":{"B1_vs_A1":0.9831854273703877,"B1_vs_A2":0.9262295081967213,"B1_vs_A3":0.0,"B2_vs_A1":1.0,"B2_vs_A2":1.0,"B2_vs_A3":0.7774810858923008,"B3_vs_A1":1.0,"B3_vs_A2":1.0,"B3_vs_A3":0.7774810858923008,"B4_vs_A1":0.9909376089229697,"B4_vs_A2":0.9786184210526315,"B4_vs_A3":0.9303547963206308,"B5_vs_A1":0.9969016266460109,"B5_vs_A2":0.9945945945945946,"B5_vs_A3":0.9730790802019069,"B6_vs_A1":0.9969016266460109,"B6_vs_A2":0.9945945945945946,"B6_vs_A3":0.9730790802019069,"B7_vs_A1":0.9909376089229697,"B7_vs_A2":0.9786184210526315,"B7_vs_A3":0.9303547963206308,"B8_vs_A1":0.9969016266460109,"B8_vs_A2":0.9945945945945946,"B8_vs_A3":0.9730790802019069,"B9_vs_A1":0.9969016266460109,"B9_vs_A2":0.9945945945945946,"B9_vs_A3":0.9730790802019069},"repair_runtimes_ms":{"A1":176,"A2":43822,"A3":2415,"B1":535,"B2":10735,"B3":4778,"B4":215,"B5":6564,"B6":298,"B7":619,"B8":502,"B9":510}}

--- stderr ---
SingleTrialExperiment starting: ontology=/workspaces/ontologyutils-ekaw26/repair-power-index-replication-ekaw26/ontologies/inconsistent/PATCT.owl, seed=85319, run_id=20260624134028346645
Loaded ontology.
Normalizing ontology with SROIQ normalization...
Normalized ontology with SROIQ normalization.
Ontology is already inconsistent, skipping make-inconsistent step.
Repairing with A1 (random-removal)...
[2026-06-27 15:44:27.498] Checking precondition...
[2026-06-27 15:44:27.513] Starting the repair...
[2026-06-27 15:44:27.521] Found 363 possible bad axioms.
[2026-06-27 15:44:27.523] Selected the bad axiom SubClassOf(https://pat.nichd.nih.gov/placentalcelltype/CT.06.03.01 https://pat.nichd.nih.gov/placentalcelltype/CT.06.03.02).
[2026-06-27 15:44:27.534] Found 362 possible bad axioms.
[2026-06-27 15:44:27.534] Selected the bad axiom SubClassOf(https://pat.nichd.nih.gov/placentalcelltype/CT.05.01.03.07 https://pat.nichd.nih.gov/placentalcelltype/CT.05.01.03).
[2026-06-27 15:44:27.539] Found 361 possible bad axioms.
[2026-06-27 15:44:27.539] Selected the bad axiom SubClassOf(https://pat.nichd.nih.gov/placentalcelltype/CT.02.05 https://pat.nichd.nih.gov/placentalcelltype/CT.02.05.02).
[2026-06-27 15:44:27.545] Found 360 possible bad axioms.
[2026-06-27 15:44:27.545] Selected the bad axiom SubClassOf(https://pat.nichd.nih.gov/placentalcelltype/CT.06.02.02 https://pat.nichd.nih.gov/placentalcelltype/CT.06.02).
[2026-06-27 15:44:27.550] Found 359 possible bad axioms.
[2026-06-27 15:44:27.550] Selected the bad axiom SubClassOf(https://pat.nichd.nih.gov/placentalcelltype/CT.07.03 https://pat.nichd.nih.gov/placentalcelltype/CT.10).
[2026-06-27 15:44:27.555] Found 358 possible bad axioms.
[2026-06-27 15:44:27.556] Selected the bad axiom SubClassOf(https://pat.nichd.nih.gov/placentalcelltype/CT.07.01 https://pat.nichd.nih.gov/placentalcelltype/CT.07).
[2026-06-27 15:44:27.559] Found 357 possible bad axioms.
[2026-06-27 15:44:27.559] Selected the bad axiom SubClassOf(https://pat.nichd.nih.gov/placentalcelltype/CT.06.03 https://pat.nichd.nih.gov/placentalcelltype/CT.06.01.01).
[2026-06-27 15:44:27.563] Found 356 possible bad axioms.
[2026-06-27 15:44:27.564] Selected the bad axiom SubClassOf(https://pat.nichd.nih.gov/placentalcelltype/CT.04 owl:Thing).
[2026-06-27 15:44:27.568] Found 355 possible bad axioms.
[2026-06-27 15:44:27.568] Selected the bad axiom SubClassOf(https://pat.nichd.nih.gov/placentalcelltype/CT.03.01 https://pat.nichd.nih.gov/placentalcelltype/CT.03.01.03).
[2026-06-27 15:44:27.576] Found 354 possible bad axioms.
[2026-06-27 15:44:27.576] Selected the bad axiom SubClassOf(https://pat.nichd.nih.gov/placentalcelltype/CT.05.01.01.02 https://pat.nichd.nih.gov/placentalcelltype/CT.05.01.01).
[2026-06-27 15:44:27.579] Found 353 possible bad axioms.
[2026-06-27 15:44:27.579] Selected the bad axiom SubClassOf(https://pat.nichd.nih.gov/placentalcelltype/CT.01.03 owl:Nothing).
[2026-06-27 15:44:27.588] Found 352 possible bad axioms.
[2026-06-27 15:44:27.
...[truncated]
SUCCESS: attempt=7 seed=85319 success_count=5/100
progress: ontology=PATCT attempt=7 success=5/100
----- PATCT attempt=8 seed=99519 at 2026-06-27 15:45:39 -----
--- stdout ---
{"seed":99519,"run_id":"20260624134028346645","trial_status":"success","error_type":null,"failure_stage":null,"error_message":null,"iic_values":{"B1_vs_A1":0.9992914372922004,"B1_vs_A2":0.9786184210526315,"B1_vs_A3":0.9786184210526315,"B2_vs_A1":0.9913511655879489,"B2_vs_A2":0.5,"B2_vs_A3":0.5,"B3_vs_A1":0.9996901626646011,"B3_vs_A2":0.9945945945945946,"B3_vs_A3":0.9945945945945946,"B4_vs_A1":0.9989831657439837,"B4_vs_A2":0.9380378657487092,"B4_vs_A3":0.9380378657487092,"B5_vs_A1":0.9996901626646011,"B5_vs_A2":0.9945945945945946,"B5_vs_A3":0.9945945945945946,"B6_vs_A1":0.9996901626646011,"B6_vs_A2":0.9945945945945946,"B6_vs_A3":0.9945945945945946,"B7_vs_A1":0.9989777954455108,"B7_vs_A2":0.9262295081967213,"B7_vs_A3":0.9262295081967213,"B8_vs_A1":0.9996901626646011,"B8_vs_A2":0.9945945945945946,"B8_vs_A3":0.9945945945945946,"B9_vs_A1":0.9996901626646011,"B9_vs_A2":0.9945945945945946,"B9_vs_A3":0.9945945945945946},"repair_runtimes_ms":{"A1":484,"A2":44563,"A3":594,"B1":2080,"B2":11739,"B3":4025,"B4":329,"B5":8297,"B6":355,"B7":231,"B8":489,"B9":449}}

--- stderr ---
SingleTrialExperiment starting: ontology=/workspaces/ontologyutils-ekaw26/repair-power-index-replication-ekaw26/ontologies/inconsistent/PATCT.owl, seed=99519, run_id=20260624134028346645
Loaded ontology.
Normalizing ontology with SROIQ normalization...
Normalized ontology with SROIQ normalization.
Ontology is already inconsistent, skipping make-inconsistent step.
Repairing with A1 (random-removal)...
[2026-06-27 15:45:40.049] Checking precondition...
[2026-06-27 15:45:40.065] Starting the repair...
[2026-06-27 15:45:40.074] Found 363 possible bad axioms.
[2026-06-27 15:45:40.075] Selected the bad axiom SubClassOf(https://pat.nichd.nih.gov/placentalcelltype/CT.05.02.04.01.02 https://pat.nichd.nih.gov/placentalcelltype/CT.05.02.04.01).
[2026-06-27 15:45:40.085] Found 362 possible bad axioms.
[2026-06-27 15:45:40.086] Selected the bad axiom SubClassOf(https://pat.nichd.nih.gov/placentalcelltype/CT.05.01.03.07 https://pat.nichd.nih.gov/placentalcelltype/CT.05.01.03.05).
[2026-06-27 15:45:40.091] Found 361 possible bad axioms.
[2026-06-27 15:45:40.091] Selected the bad axiom SubClassOf(https://pat.nichd.nih.gov/placentalcelltype/CT.03.02 https://pat.nichd.nih.gov/placentalcelltype/CT.03.01).
[2026-06-27 15:45:40.096] Found 360 possible bad axioms.
[2026-06-27 15:45:40.096] Selected the bad axiom SubClassOf(https://pat.nichd.nih.gov/placentalcelltype/CT.02.04 https://pat.nichd.nih.gov/placentalcelltype/CT.02.02).
[2026-06-27 15:45:40.101] Found 359 possible bad axioms.
[2026-06-27 15:45:40.101] Selected the bad axiom SubClassOf(https://pat.nichd.nih.gov/placentalcelltype/CT.01.01.01 https://pat.nichd.nih.gov/placentalcelltype/CT.01.01).
[2026-06-27 15:45:40.106] Found 358 possible bad axioms.
[2026-06-27 15:45:40.107] Selected the bad axiom SubClassOf(https://pat.nichd.nih.gov/placentalcelltype/CT.10.02.02 https://pat.nichd.nih.gov/placentalcelltype/CT.10.02).
[2026-06-27 15:45:40.111] Found 357 possible bad axioms.
[2026-06-27 15:45:40.111] Selected the bad axiom SubClassOf(https://pat.nichd.nih.gov/placentalcelltype/CT.10.03 https://pat.nichd.nih.gov/placentalcelltype/CT.10.04).
[2026-06-27 15:45:40.114] Found 356 possible bad axioms.
[2026-06-27 15:45:40.115] Selected the bad axiom SubClassOf(https://pat.nichd.nih.gov/placentalcelltype/CT.10.06 https://pat.nichd.nih.gov/placentalcelltype/CT.10.03).
[2026-06-27 15:45:40.124] Found 355 possible bad axioms.
[2026-06-27 15:45:40.124] Selected the bad axiom SubClassOf(https://pat.nichd.nih.gov/placentalcelltype/CT.05.02.06.02.04 https://pat.nichd.nih.gov/placentalcelltype/CT.05.02.06.02.03).
[2026-06-27 15:45:40.128] Found 354 possible bad axioms.
[2026-06-27 15:45:40.128] Selected the bad axiom SubClassOf(https://pat.nichd.nih.gov/placentalcelltype/CT.05.03.01 https://pat.nichd.nih.gov/placentalcelltype/CT.05.03.02).
[2026-06-27 15:45:40.131] Found 353 possible bad axioms.
[2026-06-27 15:45:40.132] Selected the bad axiom SubClassOf(https://pat.nichd.nih.gov/placentalcelltype/CT.05.04.01 https://pat.nich
...[truncated]
SUCCESS: attempt=8 seed=99519 success_count=6/100
progress: ontology=PATCT attempt=8 success=6/100
----- PATCT attempt=9 seed=113719 at 2026-06-27 15:46:55 -----
--- stdout ---
{"seed":113719,"run_id":"20260624134028346645","trial_status":"success","error_type":null,"failure_stage":null,"error_message":null,"iic_values":{"B1_vs_A1":0.6620278330019881,"B1_vs_A2":0.10588235294117647,"B1_vs_A3":0.10588235294117647,"B2_vs_A1":0.9971278123504069,"B2_vs_A2":1.0,"B2_vs_A3":1.0,"B3_vs_A1":1.0,"B3_vs_A2":0.9215686274509803,"B3_vs_A3":0.9215686274509803,"B4_vs_A1":0.9459459459459459,"B4_vs_A2":0.5,"B4_vs_A3":0.5,"B5_vs_A1":0.9971278123504069,"B5_vs_A2":1.0,"B5_vs_A3":1.0,"B6_vs_A1":0.9971278123504069,"B6_vs_A2":1.0,"B6_vs_A3":1.0,"B7_vs_A1":0.9537275064267352,"B7_vs_A2":1.0,"B7_vs_A3":1.0,"B8_vs_A1":0.9971278123504069,"B8_vs_A2":1.0,"B8_vs_A3":1.0,"B9_vs_A1":0.9971278123504069,"B9_vs_A2":1.0,"B9_vs_A3":1.0},"repair_runtimes_ms":{"A1":123,"A2":43754,"A3":649,"B1":1212,"B2":7152,"B3":6239,"B4":160,"B5":7075,"B6":346,"B7":985,"B8":1250,"B9":537}}

--- stderr ---
SingleTrialExperiment starting: ontology=/workspaces/ontologyutils-ekaw26/repair-power-index-replication-ekaw26/ontologies/inconsistent/PATCT.owl, seed=113719, run_id=20260624134028346645
Loaded ontology.
Normalizing ontology with SROIQ normalization...
Normalized ontology with SROIQ normalization.
Ontology is already inconsistent, skipping make-inconsistent step.
Repairing with A1 (random-removal)...
[2026-06-27 15:46:55.452] Checking precondition...
[2026-06-27 15:46:55.468] Starting the repair...
[2026-06-27 15:46:55.477] Found 363 possible bad axioms.
[2026-06-27 15:46:55.479] Selected the bad axiom SubClassOf(https://pat.nichd.nih.gov/placentalcelltype/CT.03.02.02 https://pat.nichd.nih.gov/placentalcelltype/CT.03.02.05).
[2026-06-27 15:46:55.489] Found 362 possible bad axioms.
[2026-06-27 15:46:55.489] Selected the bad axiom SubClassOf(https://pat.nichd.nih.gov/placentalcelltype/CT.06.04 https://pat.nichd.nih.gov/placentalcelltype/CT.06).
[2026-06-27 15:46:55.494] Found 361 possible bad axioms.
[2026-06-27 15:46:55.495] Selected the bad axiom SubClassOf(https://pat.nichd.nih.gov/placentalcelltype/CT.01.03 https://pat.nichd.nih.gov/placentalcelltype/CT.01.02).
[2026-06-27 15:46:55.500] Found 360 possible bad axioms.
[2026-06-27 15:46:55.500] Selected the bad axiom SubClassOf(https://pat.nichd.nih.gov/placentalcelltype/CT.04 owl:Thing).
[2026-06-27 15:46:55.505] Found 359 possible bad axioms.
[2026-06-27 15:46:55.505] Selected the bad axiom SubClassOf(https://pat.nichd.nih.gov/placentalcelltype/CT.06.02.02 https://pat.nichd.nih.gov/placentalcelltype/CT.06.03).
[2026-06-27 15:46:55.511] Found 358 possible bad axioms.
[2026-06-27 15:46:55.511] Selected the bad axiom SubClassOf(https://pat.nichd.nih.gov/placentalcelltype/CT.01.04 https://pat.nichd.nih.gov/placentalcelltype/CT.04.03).
[2026-06-27 15:46:55.516] Found 357 possible bad axioms.
[2026-06-27 15:46:55.516] Selected the bad axiom SubClassOf(https://pat.nichd.nih.gov/placentalcelltype/CT.05 https://pat.nichd.nih.gov/placentalcelltype/CT.05.04).
[2026-06-27 15:46:55.520] Found 356 possible bad axioms.
[2026-06-27 15:46:55.520] Selected the bad axiom SubClassOf(https://pat.nichd.nih.gov/placentalcelltype/CT.06.03.01 https://pat.nichd.nih.gov/placentalcelltype/CT.06.03).
[2026-06-27 15:46:55.528] Found 355 possible bad axioms.
[2026-06-27 15:46:55.529] Selected the bad axiom SubClassOf(https://pat.nichd.nih.gov/placentalcelltype/CT.02.05.03.02.02 https://pat.nichd.nih.gov/placentalcelltype/CT.02.05.03.02).
[2026-06-27 15:46:55.532] Found 354 possible bad axioms.
[2026-06-27 15:46:55.532] Selected the bad axiom SubClassOf(https://pat.nichd.nih.gov/placentalcelltype/CT.01.01 https://pat.nichd.nih.gov/placentalcelltype/CT.01).
[2026-06-27 15:46:55.535] Found 353 possible bad axioms.
[2026-06-27 15:46:55.536] Selected the bad axiom SubClassOf(https://pat.nichd.nih.gov/placentalcelltype/CT.07.01 https://pat.nichd.nih.gov/placentalcelltype/CT.07).
[2026-06-27 15:46:55.544] Found 352 possible bad ax
...[truncated]
SUCCESS: attempt=9 seed=113719 success_count=7/100
progress: ontology=PATCT attempt=9 success=7/100
----- PATCT attempt=10 seed=127919 at 2026-06-27 15:48:06 -----
--- stdout ---
{"seed":127919,"run_id":"20260624134028346645","trial_status":"success","error_type":null,"failure_stage":null,"error_message":null,"iic_values":{"B1_vs_A1":0.9364548494983278,"B1_vs_A2":0.9867046533713201,"B1_vs_A3":0.29589804858622065,"B2_vs_A1":1.0,"B2_vs_A2":0.9945945945945946,"B2_vs_A3":0.9620253164556962,"B3_vs_A1":0.9555165349721978,"B3_vs_A2":0.9966085271317829,"B3_vs_A3":0.5,"B4_vs_A1":1.0,"B4_vs_A2":0.9786184210526315,"B4_vs_A3":0.3344544095665172,"B5_vs_A1":1.0,"B5_vs_A2":0.9945945945945946,"B5_vs_A3":0.9620253164556962,"B6_vs_A1":1.0,"B6_vs_A2":0.9945945945945946,"B6_vs_A3":0.9620253164556962,"B7_vs_A1":1.0,"B7_vs_A2":0.9380378657487092,"B7_vs_A3":0.10303967027305512,"B8_vs_A1":1.0,"B8_vs_A2":0.9945945945945946,"B8_vs_A3":0.9620253164556962,"B9_vs_A1":1.0,"B9_vs_A2":0.9945945945945946,"B9_vs_A3":0.9620253164556962},"repair_runtimes_ms":{"A1":117,"A2":44623,"A3":641,"B1":519,"B2":1050,"B3":908,"B4":245,"B5":9818,"B6":337,"B7":895,"B8":7172,"B9":715}}

--- stderr ---
SingleTrialExperiment starting: ontology=/workspaces/ontologyutils-ekaw26/repair-power-index-replication-ekaw26/ontologies/inconsistent/PATCT.owl, seed=127919, run_id=20260624134028346645
Loaded ontology.
Normalizing ontology with SROIQ normalization...
Normalized ontology with SROIQ normalization.
Ontology is already inconsistent, skipping make-inconsistent step.
Repairing with A1 (random-removal)...
[2026-06-27 15:48:06.469] Checking precondition...
[2026-06-27 15:48:06.485] Starting the repair...
[2026-06-27 15:48:06.493] Found 363 possible bad axioms.
[2026-06-27 15:48:06.495] Selected the bad axiom SubClassOf(https://pat.nichd.nih.gov/placentalcelltype/CT.03.02 https://pat.nichd.nih.gov/placentalcelltype/CT.03.01.02).
[2026-06-27 15:48:06.507] Found 362 possible bad axioms.
[2026-06-27 15:48:06.507] Selected the bad axiom SubClassOf(https://pat.nichd.nih.gov/placentalcelltype/CT.02.03.01 https://pat.nichd.nih.gov/placentalcelltype/CT.02.03.02.02).
[2026-06-27 15:48:06.513] Found 361 possible bad axioms.
[2026-06-27 15:48:06.514] Selected the bad axiom SubClassOf(https://pat.nichd.nih.gov/placentalcelltype/CT.05.02.04.01.01 https://pat.nichd.nih.gov/placentalcelltype/CT.05.02.04.01).
[2026-06-27 15:48:06.519] Found 360 possible bad axioms.
[2026-06-27 15:48:06.519] Selected the bad axiom SubClassOf(https://pat.nichd.nih.gov/placentalcelltype/CT.10.02.02 https://pat.nichd.nih.gov/placentalcelltype/CT.10.02).
[2026-06-27 15:48:06.524] Found 359 possible bad axioms.
[2026-06-27 15:48:06.524] Selected the bad axiom SubClassOf(https://pat.nichd.nih.gov/placentalcelltype/CT.05.03 https://pat.nichd.nih.gov/placentalcelltype/CT.05.03.02).
[2026-06-27 15:48:06.530] Found 358 possible bad axioms.
[2026-06-27 15:48:06.531] Selected the bad axiom SubClassOf(https://pat.nichd.nih.gov/placentalcelltype/CT.02.03.02 https://pat.nichd.nih.gov/placentalcelltype/CT.02.03.02.02).
[2026-06-27 15:48:06.535] Found 357 possible bad axioms.
[2026-06-27 15:48:06.535] Selected the bad axiom SubClassOf(https://pat.nichd.nih.gov/placentalcelltype/CT.10.06 https://pat.nichd.nih.gov/placentalcelltype/CT.10).
[2026-06-27 15:48:06.539] Found 356 possible bad axioms.
[2026-06-27 15:48:06.539] Selected the bad axiom SubClassOf(https://pat.nichd.nih.gov/placentalcelltype/CT.05.01 https://pat.nichd.nih.gov/placentalcelltype/CT.05.05).
[2026-06-27 15:48:06.542] Found 355 possible bad axioms.
[2026-06-27 15:48:06.543] Selected the bad axiom SubClassOf(https://pat.nichd.nih.gov/placentalcelltype/CT.06.03 https://pat.nichd.nih.gov/placentalcelltype/CT.06.01).
[2026-06-27 15:48:06.551] Found 354 possible bad axioms.
[2026-06-27 15:48:06.551] Selected the bad axiom SubClassOf(https://pat.nichd.nih.gov/placentalcelltype/CT.07.03 https://pat.nichd.nih.gov/placentalcelltype/CT.07).
[2026-06-27 15:48:06.554] Found 353 possible bad axioms.
[2026-06-27 15:48:06.554] Selected the bad axiom SubClassOf(https://pat.nichd.nih.gov/placentalcelltype/CT.06.01 https://pat.nichd.nih.gov/placentalcell
...[truncated]
SUCCESS: attempt=10 seed=127919 success_count=8/100
progress: ontology=PATCT attempt=10 success=8/100
----- PATCT attempt=11 seed=142119 at 2026-06-27 15:49:15 -----
--- stdout ---
{"seed":142119,"run_id":"20260624134028346645","trial_status":"memory_limit_exceeded","error_type":"failure","failure_stage":"A3","error_message":"Repair failed: ExecutionException: java.lang.NullPointerException: operands cannot be null or empty","iic_values":{},"repair_runtimes_ms":{"A1":61,"A2":43657,"A3":1914}}

--- stderr ---
SingleTrialExperiment starting: ontology=/workspaces/ontologyutils-ekaw26/repair-power-index-replication-ekaw26/ontologies/inconsistent/PATCT.owl, seed=142119, run_id=20260624134028346645
Loaded ontology.
Normalizing ontology with SROIQ normalization...
Normalized ontology with SROIQ normalization.
Ontology is already inconsistent, skipping make-inconsistent step.
Repairing with A1 (random-removal)...
[2026-06-27 15:49:15.431] Checking precondition...
[2026-06-27 15:49:15.449] Starting the repair...
[2026-06-27 15:49:15.457] Found 363 possible bad axioms.
[2026-06-27 15:49:15.459] Selected the bad axiom SubClassOf(https://pat.nichd.nih.gov/placentalcelltype/CT.03.02.05 https://pat.nichd.nih.gov/placentalcelltype/CT.03.02).
[2026-06-27 15:49:15.470] Found 362 possible bad axioms.
[2026-06-27 15:49:15.470] Selected the bad axiom SubClassOf(https://pat.nichd.nih.gov/placentalcelltype/CT.05.01.03.04 https://pat.nichd.nih.gov/placentalcelltype/CT.05.01.03).
[2026-06-27 15:49:15.477] Found 361 possible bad axioms.
[2026-06-27 15:49:15.477] Selected the bad axiom SubClassOf(https://pat.nichd.nih.gov/placentalcelltype/CT.07 owl:Thing).
[2026-06-27 15:49:15.482] Found 360 possible bad axioms.
[2026-06-27 15:49:15.482] Selected the bad axiom SubClassOf(https://pat.nichd.nih.gov/placentalcelltype/CT.09.02 https://pat.nichd.nih.gov/placentalcelltype/CT.09).
[2026-06-27 15:49:15.487] Finished repairing the ontology.
Repairing with A2 (not-in-largest-mcs-removal)...
[2026-06-27 15:49:15.488] Checking precondition...
[2026-06-27 15:49:15.498] Starting the repair...
[2026-06-27 15:49:59.142] Found 3 possible bad axioms.
[2026-06-27 15:49:59.143] Selected the bad axiom SubClassOf(owl:Thing https://pat.nichd.nih.gov/placentalcelltype/CT.09.02).
[2026-06-27 15:49:59.145] Finished repairing the ontology.
Repairing with A3 (default-weakening)...
[2026-06-27 15:49:59.146] Checking precondition...
[2026-06-27 15:49:59.149] Starting the repair...
[2026-06-27 15:49:59.172] Selected a reference ontology with 515 axioms.
[2026-06-27 15:49:59.630] Selected the bad axiom SubClassOf(owl:Thing https://pat.nichd.nih.gov/placentalcelltype/CT.09.02).
[2026-06-27 15:49:59.768] Selected the weaker axiom SubClassOf(owl:Thing https://pat.nichd.nih.gov/placentalcelltype/CT.03).
[2026-06-27 15:50:00.296] Selected the bad axiom SubClassOf(owl:Thing https://pat.nichd.nih.gov/placentalcelltype/CT.03).
[2026-06-27 15:50:00.298] Selected the weaker axiom SubClassOf(owl:Thing https://pat.nichd.nih.gov/placentalcelltype/CT.05.01.03.05).
[2026-06-27 15:50:01.056] Selected the bad axiom SubClassOf(owl:Thing https://pat.nichd.nih.gov/placentalcelltype/CT.05.01.03.05).
[2026-06-27 15:50:01.058] Selected the weaker axiom SubClassOf(owl:Thing owl:Nothing).
Failure: Repair failed: ExecutionException: java.lang.NullPointerException: operands cannot be null or empty

FAIL: attempt=11 seed=142119 status=memory_limit_exceeded stage=A3 message=Repair failed: ExecutionException: java.lang.NullPointerException: operands cannot be null or empty
progress: ontology=PATCT attempt=11 success=8/100
----- PATCT attempt=12 seed=156319 at 2026-06-27 15:50:01 -----
--- stdout ---
{"seed":156319,"run_id":"20260624134028346645","trial_status":"success","error_type":null,"failure_stage":null,"error_message":null,"iic_values":{"B1_vs_A1":0.8722080859485439,"B1_vs_A2":0.5,"B1_vs_A3":0.5,"B2_vs_A1":1.0,"B2_vs_A2":0.9945945945945946,"B2_vs_A3":0.9945945945945946,"B3_vs_A1":1.0,"B3_vs_A2":0.9945945945945946,"B3_vs_A3":0.9945945945945946,"B4_vs_A1":1.0,"B4_vs_A2":0.9786184210526315,"B4_vs_A3":0.9786184210526315,"B5_vs_A1":1.0,"B5_vs_A2":0.9945945945945946,"B5_vs_A3":0.9945945945945946,"B6_vs_A1":1.0,"B6_vs_A2":0.9945945945945946,"B6_vs_A3":0.9945945945945946,"B7_vs_A1":1.0,"B7_vs_A2":0.9380378657487092,"B7_vs_A3":0.9380378657487092,"B8_vs_A1":1.0,"B8_vs_A2":0.9945945945945946,"B8_vs_A3":0.9945945945945946,"B9_vs_A1":1.0,"B9_vs_A2":0.9945945945945946,"B9_vs_A3":0.9945945945945946},"repair_runtimes_ms":{"A1":299,"A2":43793,"A3":1181,"B1":518,"B2":1081,"B3":4400,"B4":155,"B5":597,"B6":294,"B7":299,"B8":7330,"B9":550}}

--- stderr ---
SingleTrialExperiment starting: ontology=/workspaces/ontologyutils-ekaw26/repair-power-index-replication-ekaw26/ontologies/inconsistent/PATCT.owl, seed=156319, run_id=20260624134028346645
Loaded ontology.
Normalizing ontology with SROIQ normalization...
Normalized ontology with SROIQ normalization.
Ontology is already inconsistent, skipping make-inconsistent step.
Repairing with A1 (random-removal)...
[2026-06-27 15:50:01.521] Checking precondition...
[2026-06-27 15:50:01.539] Starting the repair...
[2026-06-27 15:50:01.547] Found 363 possible bad axioms.
[2026-06-27 15:50:01.549] Selected the bad axiom SubClassOf(https://pat.nichd.nih.gov/placentalcelltype/CT.05.01.02.02 https://pat.nichd.nih.gov/placentalcelltype/CT.05.01.02.01).
[2026-06-27 15:50:01.559] Found 362 possible bad axioms.
[2026-06-27 15:50:01.560] Selected the bad axiom SubClassOf(https://pat.nichd.nih.gov/placentalcelltype/CT.10.01.01 https://pat.nichd.nih.gov/placentalcelltype/CT.05.01).
[2026-06-27 15:50:01.565] Found 361 possible bad axioms.
[2026-06-27 15:50:01.565] Selected the bad axiom SubClassOf(https://pat.nichd.nih.gov/placentalcelltype/CT.02.03.01.02 https://pat.nichd.nih.gov/placentalcelltype/CT.02.03.02).
[2026-06-27 15:50:01.570] Found 360 possible bad axioms.
[2026-06-27 15:50:01.570] Selected the bad axiom SubClassOf(https://pat.nichd.nih.gov/placentalcelltype/CT.10.01 https://pat.nichd.nih.gov/placentalcelltype/CT.10).
[2026-06-27 15:50:01.575] Found 359 possible bad axioms.
[2026-06-27 15:50:01.576] Selected the bad axiom SubClassOf(https://pat.nichd.nih.gov/placentalcelltype/CT.02.05 https://pat.nichd.nih.gov/placentalcelltype/CT.02.01).
[2026-06-27 15:50:01.581] Found 358 possible bad axioms.
[2026-06-27 15:50:01.581] Selected the bad axiom SubClassOf(https://pat.nichd.nih.gov/placentalcelltype/CT.07.07 https://pat.nichd.nih.gov/placentalcelltype/CT.07.03).
[2026-06-27 15:50:01.585] Found 357 possible bad axioms.
[2026-06-27 15:50:01.586] Selected the bad axiom SubClassOf(https://pat.nichd.nih.gov/placentalcelltype/CT.06.02 https://pat.nichd.nih.gov/placentalcelltype/CT.06).
[2026-06-27 15:50:01.589] Found 356 possible bad axioms.
[2026-06-27 15:50:01.590] Selected the bad axiom SubClassOf(https://pat.nichd.nih.gov/placentalcelltype/CT.01.02 https://pat.nichd.nih.gov/placentalcelltype/CT.01).
[2026-06-27 15:50:01.593] Found 355 possible bad axioms.
[2026-06-27 15:50:01.593] Selected the bad axiom SubClassOf(https://pat.nichd.nih.gov/placentalcelltype/CT.10 owl:Thing).
[2026-06-27 15:50:01.601] Found 354 possible bad axioms.
[2026-06-27 15:50:01.602] Selected the bad axiom SubClassOf(https://pat.nichd.nih.gov/placentalcelltype/CT.03.02 https://pat.nichd.nih.gov/placentalcelltype/CT.03.01.02).
[2026-06-27 15:50:01.605] Found 353 possible bad axioms.
[2026-06-27 15:50:01.605] Selected the bad axiom SubClassOf(https://pat.nichd.nih.gov/placentalcelltype/CT.02.05.03.02.01 https://pat.nichd.nih.gov/placentalcelltype/CT.02.05.03.02).
[2026-06-27 15:50:01.613] Found 3
...[truncated]
SUCCESS: attempt=12 seed=156319 success_count=9/100
progress: ontology=PATCT attempt=12 success=9/100
----- PATCT attempt=13 seed=170519 at 2026-06-27 15:51:03 -----
--- stdout ---
{"seed":170519,"run_id":"20260624134028346645","trial_status":"success","error_type":null,"failure_stage":null,"error_message":null,"iic_values":{"B1_vs_A1":0.9014044138721696,"B1_vs_A2":0.04191895668374476,"B1_vs_A3":0.022847100175746926,"B2_vs_A1":0.9876503087422814,"B2_vs_A2":0.9215686274509803,"B2_vs_A3":0.6655455904334828,"B3_vs_A1":0.9876503087422814,"B3_vs_A2":0.9215686274509803,"B3_vs_A3":0.6655455904334828,"B4_vs_A1":1.0,"B4_vs_A2":0.5,"B4_vs_A3":0.0,"B5_vs_A1":1.0,"B5_vs_A2":1.0,"B5_vs_A3":0.7041139240506329,"B6_vs_A1":1.0,"B6_vs_A2":1.0,"B6_vs_A3":0.7041139240506329,"B7_vs_A1":1.0,"B7_vs_A2":1.0,"B7_vs_A3":0.5,"B8_vs_A1":1.0,"B8_vs_A2":1.0,"B8_vs_A3":0.7041139240506329,"B9_vs_A1":1.0,"B9_vs_A2":1.0,"B9_vs_A3":0.7041139240506329},"repair_runtimes_ms":{"A1":415,"A2":44106,"A3":597,"B1":1017,"B2":1224,"B3":837,"B4":169,"B5":617,"B6":351,"B7":303,"B8":6846,"B9":491}}

--- stderr ---
SingleTrialExperiment starting: ontology=/workspaces/ontologyutils-ekaw26/repair-power-index-replication-ekaw26/ontologies/inconsistent/PATCT.owl, seed=170519, run_id=20260624134028346645
Loaded ontology.
Normalizing ontology with SROIQ normalization...
Normalized ontology with SROIQ normalization.
Ontology is already inconsistent, skipping make-inconsistent step.
Repairing with A1 (random-removal)...
[2026-06-27 15:51:03.393] Checking precondition...
[2026-06-27 15:51:03.409] Starting the repair...
[2026-06-27 15:51:03.417] Found 363 possible bad axioms.
[2026-06-27 15:51:03.419] Selected the bad axiom SubClassOf(https://pat.nichd.nih.gov/placentalcelltype/CT.03.01.03 https://pat.nichd.nih.gov/placentalcelltype/CT.03.01).
[2026-06-27 15:51:03.429] Found 362 possible bad axioms.
[2026-06-27 15:51:03.430] Selected the bad axiom SubClassOf(https://pat.nichd.nih.gov/placentalcelltype/CT.02.05.03.03 https://pat.nichd.nih.gov/placentalcelltype/CT.02.05.03).
[2026-06-27 15:51:03.436] Found 361 possible bad axioms.
[2026-06-27 15:51:03.436] Selected the bad axiom SubClassOf(https://pat.nichd.nih.gov/placentalcelltype/CT.07 owl:Thing).
[2026-06-27 15:51:03.441] Found 360 possible bad axioms.
[2026-06-27 15:51:03.442] Selected the bad axiom SubClassOf(https://pat.nichd.nih.gov/placentalcelltype/CT.10.03.01 https://pat.nichd.nih.gov/placentalcelltype/CT.07.04).
[2026-06-27 15:51:03.447] Found 359 possible bad axioms.
[2026-06-27 15:51:03.447] Selected the bad axiom SubClassOf(https://pat.nichd.nih.gov/placentalcelltype/CT.01.03 https://pat.nichd.nih.gov/placentalcelltype/CT.01).
[2026-06-27 15:51:03.452] Found 358 possible bad axioms.
[2026-06-27 15:51:03.452] Selected the bad axiom SubClassOf(https://pat.nichd.nih.gov/placentalcelltype/CT.06.01 https://pat.nichd.nih.gov/placentalcelltype/CT.06).
[2026-06-27 15:51:03.457] Found 357 possible bad axioms.
[2026-06-27 15:51:03.457] Selected the bad axiom SubClassOf(https://pat.nichd.nih.gov/placentalcelltype/CT.02.05.03.02 https://pat.nichd.nih.gov/placentalcelltype/CT.02.05.03).
[2026-06-27 15:51:03.461] Found 356 possible bad axioms.
[2026-06-27 15:51:03.461] Selected the bad axiom SubClassOf(https://pat.nichd.nih.gov/placentalcelltype/CT.10.01 https://pat.nichd.nih.gov/placentalcelltype/CT.10.01.02).
[2026-06-27 15:51:03.465] Found 355 possible bad axioms.
[2026-06-27 15:51:03.465] Selected the bad axiom SubClassOf(https://pat.nichd.nih.gov/placentalcelltype/CT.02.02 https://pat.nichd.nih.gov/placentalcelltype/CT.02.05).
[2026-06-27 15:51:03.475] Found 354 possible bad axioms.
[2026-06-27 15:51:03.475] Selected the bad axiom SubClassOf(https://pat.nichd.nih.gov/placentalcelltype/CT.06.01.03 https://pat.nichd.nih.gov/placentalcelltype/CT.06.01.01).
[2026-06-27 15:51:03.478] Found 353 possible bad axioms.
[2026-06-27 15:51:03.479] Selected the bad axiom SubClassOf(https://pat.nichd.nih.gov/placentalcelltype/CT.05.02.06.02 https://pat.nichd.nih.gov/placentalcelltype/CT.05.02.06.01).
[2026-06-27 15:51:03.487] F
...[truncated]
SUCCESS: attempt=13 seed=170519 success_count=10/100
progress: ontology=PATCT attempt=13 success=10/100
----- PATCT attempt=14 seed=184719 at 2026-06-27 15:52:01 -----
--- stdout ---
{"seed":184719,"run_id":"20260624134028346645","trial_status":"success","error_type":null,"failure_stage":null,"error_message":null,"iic_values":{"B1_vs_A1":0.9641001417099669,"B1_vs_A2":0.5,"B1_vs_A3":0.5,"B2_vs_A1":0.9746751082972342,"B2_vs_A2":1.0,"B2_vs_A3":1.0,"B3_vs_A1":0.9641001417099669,"B3_vs_A2":0.5,"B3_vs_A3":0.5,"B4_vs_A1":1.0,"B4_vs_A2":0.98568281938326,"B4_vs_A3":0.98568281938326,"B5_vs_A1":1.0,"B5_vs_A2":0.9968847352024922,"B5_vs_A3":0.9968847352024922,"B6_vs_A1":1.0,"B6_vs_A2":0.9968847352024922,"B6_vs_A3":0.9968847352024922,"B7_vs_A1":1.0,"B7_vs_A2":0.8941176470588236,"B7_vs_A3":0.8941176470588236,"B8_vs_A1":1.0,"B8_vs_A2":0.9968847352024922,"B8_vs_A3":0.9968847352024922,"B9_vs_A1":1.0,"B9_vs_A2":0.9968847352024922,"B9_vs_A3":0.9968847352024922},"repair_runtimes_ms":{"A1":245,"A2":44777,"A3":567,"B1":527,"B2":1312,"B3":7655,"B4":172,"B5":617,"B6":344,"B7":309,"B8":7455,"B9":5903}}

--- stderr ---
SingleTrialExperiment starting: ontology=/workspaces/ontologyutils-ekaw26/repair-power-index-replication-ekaw26/ontologies/inconsistent/PATCT.owl, seed=184719, run_id=20260624134028346645
Loaded ontology.
Normalizing ontology with SROIQ normalization...
Normalized ontology with SROIQ normalization.
Ontology is already inconsistent, skipping make-inconsistent step.
Repairing with A1 (random-removal)...
[2026-06-27 15:52:01.713] Checking precondition...
[2026-06-27 15:52:01.729] Starting the repair...
[2026-06-27 15:52:01.737] Found 363 possible bad axioms.
[2026-06-27 15:52:01.739] Selected the bad axiom SubClassOf(https://pat.nichd.nih.gov/placentalcelltype/CT.01.03 https://pat.nichd.nih.gov/placentalcelltype/CT.01.02).
[2026-06-27 15:52:01.751] Found 362 possible bad axioms.
[2026-06-27 15:52:01.751] Selected the bad axiom SubClassOf(https://pat.nichd.nih.gov/placentalcelltype/CT.02.05.02.01 https://pat.nichd.nih.gov/placentalcelltype/CT.02.05.02).
[2026-06-27 15:52:01.757] Found 361 possible bad axioms.
[2026-06-27 15:52:01.757] Selected the bad axiom SubClassOf(https://pat.nichd.nih.gov/placentalcelltype/CT.02.02 https://pat.nichd.nih.gov/placentalcelltype/CT.02.05.03.04).
[2026-06-27 15:52:01.762] Found 360 possible bad axioms.
[2026-06-27 15:52:01.762] Selected the bad axiom SubClassOf(https://pat.nichd.nih.gov/placentalcelltype/CT.07.03 https://pat.nichd.nih.gov/placentalcelltype/CT.10.03).
[2026-06-27 15:52:01.767] Found 359 possible bad axioms.
[2026-06-27 15:52:01.768] Selected the bad axiom SubClassOf(https://pat.nichd.nih.gov/placentalcelltype/CT.02 https://pat.nichd.nih.gov/placentalcelltype/CT.02.03).
[2026-06-27 15:52:01.772] Found 358 possible bad axioms.
[2026-06-27 15:52:01.772] Selected the bad axiom SubClassOf(https://pat.nichd.nih.gov/placentalcelltype/CT.01.03 https://pat.nichd.nih.gov/placentalcelltype/CT.04.02).
[2026-06-27 15:52:01.776] Found 357 possible bad axioms.
[2026-06-27 15:52:01.776] Selected the bad axiom SubClassOf(https://pat.nichd.nih.gov/placentalcelltype/CT.02.03.01.02 https://pat.nichd.nih.gov/placentalcelltype/CT.02.03.01.01).
[2026-06-27 15:52:01.780] Found 356 possible bad axioms.
[2026-06-27 15:52:01.780] Selected the bad axiom SubClassOf(https://pat.nichd.nih.gov/placentalcelltype/CT.02.05.02.01.01 https://pat.nichd.nih.gov/placentalcelltype/CT.02.05.02.01.02).
[2026-06-27 15:52:01.783] Found 355 possible bad axioms.
[2026-06-27 15:52:01.784] Selected the bad axiom SubClassOf(https://pat.nichd.nih.gov/placentalcelltype/CT.01.01.01 https://pat.nichd.nih.gov/placentalcelltype/CT.01.01).
[2026-06-27 15:52:01.792] Found 354 possible bad axioms.
[2026-06-27 15:52:01.792] Selected the bad axiom SubClassOf(https://pat.nichd.nih.gov/placentalcelltype/CT.03.01.02.03 https://pat.nichd.nih.gov/placentalcelltype/CT.03.01.01).
[2026-06-27 15:52:01.795] Found 353 possible bad axioms.
[2026-06-27 15:52:01.795] Selected the bad axiom SubClassOf(https://pat.nichd.nih.gov/placentalcelltype/CT.08.02 https://pat.nichd.nih
...[truncated]
SUCCESS: attempt=14 seed=184719 success_count=11/100
progress: ontology=PATCT attempt=14 success=11/100
----- PATCT attempt=15 seed=198919 at 2026-06-27 15:53:12 -----
--- stdout ---
{"seed":198919,"run_id":"20260624134028346645","trial_status":"memory_limit_exceeded","error_type":"failure","failure_stage":"B7","error_message":"Repair failed: ExecutionException: java.lang.NullPointerException: operands cannot be null or empty","iic_values":{},"repair_runtimes_ms":{"A1":162,"A2":44554,"A3":1326,"B1":495,"B2":1037,"B3":872,"B4":315,"B5":463,"B6":352,"B7":478}}

--- stderr ---
SingleTrialExperiment starting: ontology=/workspaces/ontologyutils-ekaw26/repair-power-index-replication-ekaw26/ontologies/inconsistent/PATCT.owl, seed=198919, run_id=20260624134028346645
Loaded ontology.
Normalizing ontology with SROIQ normalization...
Normalized ontology with SROIQ normalization.
Ontology is already inconsistent, skipping make-inconsistent step.
Repairing with A1 (random-removal)...
[2026-06-27 15:53:12.975] Checking precondition...
[2026-06-27 15:53:12.991] Starting the repair...
[2026-06-27 15:53:12.999] Found 363 possible bad axioms.
[2026-06-27 15:53:13.001] Selected the bad axiom SubClassOf(https://pat.nichd.nih.gov/placentalcelltype/CT.05.02.05 https://pat.nichd.nih.gov/placentalcelltype/CT.05.02.02).
[2026-06-27 15:53:13.011] Found 362 possible bad axioms.
[2026-06-27 15:53:13.012] Selected the bad axiom SubClassOf(https://pat.nichd.nih.gov/placentalcelltype/CT.03.03 https://pat.nichd.nih.gov/placentalcelltype/CT.03.01).
[2026-06-27 15:53:13.017] Found 361 possible bad axioms.
[2026-06-27 15:53:13.017] Selected the bad axiom SubClassOf(https://pat.nichd.nih.gov/placentalcelltype/CT.10.04 https://pat.nichd.nih.gov/placentalcelltype/CT.07.03).
[2026-06-27 15:53:13.022] Found 360 possible bad axioms.
[2026-06-27 15:53:13.022] Selected the bad axiom SubClassOf(https://pat.nichd.nih.gov/placentalcelltype/CT.05.01.02.02 https://pat.nichd.nih.gov/placentalcelltype/CT.05.01.02.01).
[2026-06-27 15:53:13.029] Found 359 possible bad axioms.
[2026-06-27 15:53:13.030] Selected the bad axiom SubClassOf(https://pat.nichd.nih.gov/placentalcelltype/CT.01.01 https://pat.nichd.nih.gov/placentalcelltype/CT.01).
[2026-06-27 15:53:13.035] Found 358 possible bad axioms.
[2026-06-27 15:53:13.035] Selected the bad axiom SubClassOf(https://pat.nichd.nih.gov/placentalcelltype/CT.02.05 https://pat.nichd.nih.gov/placentalcelltype/CT.02.05.02).
[2026-06-27 15:53:13.039] Found 357 possible bad axioms.
[2026-06-27 15:53:13.040] Selected the bad axiom SubClassOf(https://pat.nichd.nih.gov/placentalcelltype/CT.02.05.01 https://pat.nichd.nih.gov/placentalcelltype/CT.02.05).
[2026-06-27 15:53:13.044] Found 356 possible bad axioms.
[2026-06-27 15:53:13.044] Selected the bad axiom SubClassOf(https://pat.nichd.nih.gov/placentalcelltype/CT.04 https://pat.nichd.nih.gov/placentalcelltype/CT.04.02).
[2026-06-27 15:53:13.048] Found 355 possible bad axioms.
[2026-06-27 15:53:13.048] Selected the bad axiom SubClassOf(https://pat.nichd.nih.gov/placentalcelltype/CT.09 https://pat.nichd.nih.gov/placentalcelltype/CT.09.02).
[2026-06-27 15:53:13.056] Found 354 possible bad axioms.
[2026-06-27 15:53:13.057] Selected the bad axiom SubClassOf(https://pat.nichd.nih.gov/placentalcelltype/CT.10.06 https://pat.nichd.nih.gov/placentalcelltype/CT.10).
[2026-06-27 15:53:13.060] Found 353 possible bad axioms.
[2026-06-27 15:53:13.060] Selected the bad axiom SubClassOf(https://pat.nichd.nih.gov/placentalcelltype/CT.01.04 https://pat.nichd.nih.gov/placentalcelltype/CT.01).
[2026-06-27
...[truncated]
FAIL: attempt=15 seed=198919 status=memory_limit_exceeded stage=B7 message=Repair failed: ExecutionException: java.lang.NullPointerException: operands cannot be null or empty
progress: ontology=PATCT attempt=15 success=11/100
----- PATCT attempt=16 seed=213119 at 2026-06-27 15:54:03 -----
--- stdout ---
{"seed":213119,"run_id":"20260624134028346645","trial_status":"success","error_type":null,"failure_stage":null,"error_message":null,"iic_values":{"B1_vs_A1":0.9982705866702142,"B1_vs_A2":0.9786184210526315,"B1_vs_A3":1.0,"B2_vs_A1":0.9992517770295548,"B2_vs_A2":0.9945945945945946,"B2_vs_A3":1.0,"B3_vs_A1":0.9995592494648029,"B3_vs_A2":0.9966085271317829,"B3_vs_A3":0.9215686274509803,"B4_vs_A1":0.9992517770295548,"B4_vs_A2":0.9945945945945946,"B4_vs_A3":1.0,"B5_vs_A1":0.9992517770295548,"B5_vs_A2":0.9945945945945946,"B5_vs_A3":1.0,"B6_vs_A1":0.9992517770295548,"B6_vs_A2":0.9945945945945946,"B6_vs_A3":1.0,"B7_vs_A1":0.9982705866702142,"B7_vs_A2":0.9786184210526315,"B7_vs_A3":1.0,"B8_vs_A1":0.9992517770295548,"B8_vs_A2":0.9945945945945946,"B8_vs_A3":1.0,"B9_vs_A1":0.9992517770295548,"B9_vs_A2":0.9945945945945946,"B9_vs_A3":1.0},"repair_runtimes_ms":{"A1":488,"A2":44306,"A3":1131,"B1":1279,"B2":1068,"B3":6084,"B4":151,"B5":483,"B6":294,"B7":241,"B8":602,"B9":479}}

--- stderr ---
SingleTrialExperiment starting: ontology=/workspaces/ontologyutils-ekaw26/repair-power-index-replication-ekaw26/ontologies/inconsistent/PATCT.owl, seed=213119, run_id=20260624134028346645
Loaded ontology.
Normalizing ontology with SROIQ normalization...
Normalized ontology with SROIQ normalization.
Ontology is already inconsistent, skipping make-inconsistent step.
Repairing with A1 (random-removal)...
[2026-06-27 15:54:03.490] Checking precondition...
[2026-06-27 15:54:03.505] Starting the repair...
[2026-06-27 15:54:03.515] Found 363 possible bad axioms.
[2026-06-27 15:54:03.517] Selected the bad axiom SubClassOf(https://pat.nichd.nih.gov/placentalcelltype/CT.05.02 https://pat.nichd.nih.gov/placentalcelltype/CT.05.03.01).
[2026-06-27 15:54:03.529] Found 362 possible bad axioms.
[2026-06-27 15:54:03.529] Selected the bad axiom SubClassOf(https://pat.nichd.nih.gov/placentalcelltype/CT.05.02 https://pat.nichd.nih.gov/placentalcelltype/CT.05.04).
[2026-06-27 15:54:03.535] Found 361 possible bad axioms.
[2026-06-27 15:54:03.535] Selected the bad axiom SubClassOf(https://pat.nichd.nih.gov/placentalcelltype/CT.10.02.01 https://pat.nichd.nih.gov/placentalcelltype/CT.10.02).
[2026-06-27 15:54:03.541] Found 360 possible bad axioms.
[2026-06-27 15:54:03.541] Selected the bad axiom SubClassOf(https://pat.nichd.nih.gov/placentalcelltype/CT.04 https://pat.nichd.nih.gov/placentalcelltype/CT.05.02.03).
[2026-06-27 15:54:03.546] Found 359 possible bad axioms.
[2026-06-27 15:54:03.546] Selected the bad axiom SubClassOf(https://pat.nichd.nih.gov/placentalcelltype/CT.10.02.02 https://pat.nichd.nih.gov/placentalcelltype/CT.10.02.01).
[2026-06-27 15:54:03.553] Found 358 possible bad axioms.
[2026-06-27 15:54:03.554] Selected the bad axiom SubClassOf(https://pat.nichd.nih.gov/placentalcelltype/CT.06.01.03 https://pat.nichd.nih.gov/placentalcelltype/CT.06.01).
[2026-06-27 15:54:03.558] Found 357 possible bad axioms.
[2026-06-27 15:54:03.558] Selected the bad axiom SubClassOf(https://pat.nichd.nih.gov/placentalcelltype/CT.05.05.01 https://pat.nichd.nih.gov/placentalcelltype/CT.05.05).
[2026-06-27 15:54:03.563] Found 356 possible bad axioms.
[2026-06-27 15:54:03.563] Selected the bad axiom SubClassOf(https://pat.nichd.nih.gov/placentalcelltype/CT.03 owl:Thing).
[2026-06-27 15:54:03.567] Found 355 possible bad axioms.
[2026-06-27 15:54:03.567] Selected the bad axiom SubClassOf(https://pat.nichd.nih.gov/placentalcelltype/CT.02.01 https://pat.nichd.nih.gov/placentalcelltype/CT.02).
[2026-06-27 15:54:03.575] Found 354 possible bad axioms.
[2026-06-27 15:54:03.575] Selected the bad axiom SubClassOf(https://pat.nichd.nih.gov/placentalcelltype/CT.05.02.04.01.02 https://pat.nichd.nih.gov/placentalcelltype/CT.05.02.04.01.01).
[2026-06-27 15:54:03.579] Found 353 possible bad axioms.
[2026-06-27 15:54:03.579] Selected the bad axiom SubClassOf(https://pat.nichd.nih.gov/placentalcelltype/CT.02.04.02 https://pat.nichd.nih.gov/placentalcelltype/CT.02.05.02.03).
[2026-06-27 15:54:03.588
...[truncated]
SUCCESS: attempt=16 seed=213119 success_count=12/100
progress: ontology=PATCT attempt=16 success=12/100
----- PATCT attempt=17 seed=227319 at 2026-06-27 15:55:02 -----
--- stdout ---
{"seed":227319,"run_id":"20260624134028346645","trial_status":"success","error_type":null,"failure_stage":null,"error_message":null,"iic_values":{"B1_vs_A1":0.5,"B1_vs_A2":0.5,"B1_vs_A3":0.0,"B2_vs_A1":1.0,"B2_vs_A2":1.0,"B2_vs_A3":0.7041019514137794,"B3_vs_A1":1.0,"B3_vs_A2":1.0,"B3_vs_A3":0.7041019514137794,"B4_vs_A1":0.98568281938326,"B4_vs_A2":0.98568281938326,"B4_vs_A3":0.9212121212121213,"B5_vs_A1":0.9968847352024922,"B5_vs_A2":0.9968847352024922,"B5_vs_A3":0.7193705507680779,"B6_vs_A1":0.9968847352024922,"B6_vs_A2":0.9968847352024922,"B6_vs_A3":0.7193705507680779,"B7_vs_A1":0.9968847352024922,"B7_vs_A2":0.9968847352024922,"B7_vs_A3":0.7193705507680779,"B8_vs_A1":0.9968847352024922,"B8_vs_A2":0.9968847352024922,"B8_vs_A3":0.7193705507680779,"B9_vs_A1":0.9968847352024922,"B9_vs_A2":0.9968847352024922,"B9_vs_A3":0.7193705507680779},"repair_runtimes_ms":{"A1":42,"A2":44472,"A3":677,"B1":493,"B2":1254,"B3":822,"B4":178,"B5":502,"B6":320,"B7":326,"B8":709,"B9":590}}

--- stderr ---
SingleTrialExperiment starting: ontology=/workspaces/ontologyutils-ekaw26/repair-power-index-replication-ekaw26/ontologies/inconsistent/PATCT.owl, seed=227319, run_id=20260624134028346645
Loaded ontology.
Normalizing ontology with SROIQ normalization...
Normalized ontology with SROIQ normalization.
Ontology is already inconsistent, skipping make-inconsistent step.
Repairing with A1 (random-removal)...
[2026-06-27 15:55:02.409] Checking precondition...
[2026-06-27 15:55:02.426] Starting the repair...
[2026-06-27 15:55:02.435] Found 363 possible bad axioms.
[2026-06-27 15:55:02.437] Selected the bad axiom SubClassOf(https://pat.nichd.nih.gov/placentalcelltype/CT.09.02 https://pat.nichd.nih.gov/placentalcelltype/CT.09).
[2026-06-27 15:55:02.447] Finished repairing the ontology.
Repairing with A2 (not-in-largest-mcs-removal)...
[2026-06-27 15:55:02.448] Checking precondition...
[2026-06-27 15:55:02.458] Starting the repair...
[2026-06-27 15:55:46.920] Found 3 possible bad axioms.
[2026-06-27 15:55:46.920] Selected the bad axiom SubClassOf(https://pat.nichd.nih.gov/placentalcelltype/CT.09.02 https://pat.nichd.nih.gov/placentalcelltype/CT.09).
[2026-06-27 15:55:46.920] Finished repairing the ontology.
Repairing with A3 (default-weakening)...
[2026-06-27 15:55:46.921] Checking precondition...
[2026-06-27 15:55:46.925] Starting the repair...
[2026-06-27 15:55:46.947] Selected a reference ontology with 515 axioms.
[2026-06-27 15:55:47.411] Selected the bad axiom SubClassOf(https://pat.nichd.nih.gov/placentalcelltype/CT.09.02 https://pat.nichd.nih.gov/placentalcelltype/CT.09).
[2026-06-27 15:55:47.595] Selected the weaker axiom SubClassOf(https://pat.nichd.nih.gov/placentalcelltype/CT.08.05 https://pat.nichd.nih.gov/placentalcelltype/CT.09).
[2026-06-27 15:55:47.597] Finished repairing the ontology.
Repairing with B1 (bad-in_some_mus-weaker-random)...
[2026-06-27 15:55:47.598] Checking precondition...
[2026-06-27 15:55:47.600] Starting the repair...
[2026-06-27 15:55:47.616] Selected a reference ontology with 515 axioms.
[2026-06-27 15:55:48.024] Selected the bad axiom SubClassOf(https://pat.nichd.nih.gov/placentalcelltype/CT.09.02 https://pat.nichd.nih.gov/placentalcelltype/CT.09).
[2026-06-27 15:55:48.089] Selected the weaker axiom SubClassOf(https://pat.nichd.nih.gov/placentalcelltype/CT.09.04 https://pat.nichd.nih.gov/placentalcelltype/CT.09).
[2026-06-27 15:55:48.091] Finished repairing the ontology.
Repairing with B2 (bad-in_some_mus-weaker-shapley)...
[2026-06-27 15:55:48.092] Checking precondition...
[2026-06-27 15:55:48.095] Starting the repair...
[2026-06-27 15:55:48.114] Selected a reference ontology with 515 axioms.
[2026-06-27 15:55:48.542] Selected the bad axiom SubClassOf(https://pat.nichd.nih.gov/placentalcelltype/CT.09.02 https://pat.nichd.nih.gov/placentalcelltype/CT.09).
[PowerIndexWeakerAxiomSelector] Scoring 9 candidate weakenings for CT.09.02 ⊑ CT.09
[PowerIndexWeakerAxiomSelector] Selected weaker axiom: CT.06 ⊑ CT.09
[2026-06-27 15:5
...[truncated]
SUCCESS: attempt=17 seed=227319 success_count=13/100
progress: ontology=PATCT attempt=17 success=13/100
----- PATCT attempt=18 seed=241519 at 2026-06-27 15:55:53 -----
--- stdout ---
{"seed":241519,"run_id":"20260624134028346645","trial_status":"success","error_type":null,"failure_stage":null,"error_message":null,"iic_values":{"B1_vs_A1":0.9969499279844107,"B1_vs_A2":0.5,"B1_vs_A3":0.9663236669784846,"B2_vs_A1":0.9983669961323592,"B2_vs_A2":0.10588235294117647,"B2_vs_A3":0.902946273830156,"B3_vs_A1":1.0,"B3_vs_A2":0.07377049180327869,"B3_vs_A3":0.8004569687738005,"B4_vs_A1":0.9979251456388157,"B4_vs_A2":1.0,"B4_vs_A3":0.9817287420941673,"B5_vs_A1":0.999113409678611,"B5_vs_A2":1.0,"B5_vs_A3":0.9937205651491365,"B6_vs_A1":0.999113409678611,"B6_vs_A2":1.0,"B6_vs_A3":0.9937205651491365,"B7_vs_A1":0.9979251456388157,"B7_vs_A2":1.0,"B7_vs_A3":0.9817287420941673,"B8_vs_A1":0.999113409678611,"B8_vs_A2":1.0,"B8_vs_A3":0.9937205651491365,"B9_vs_A1":0.999113409678611,"B9_vs_A2":1.0,"B9_vs_A3":0.9937205651491365},"repair_runtimes_ms":{"A1":351,"A2":44380,"A3":1096,"B1":543,"B2":11781,"B3":7569,"B4":181,"B5":1290,"B6":400,"B7":398,"B8":8576,"B9":3474}}

--- stderr ---
SingleTrialExperiment starting: ontology=/workspaces/ontologyutils-ekaw26/repair-power-index-replication-ekaw26/ontologies/inconsistent/PATCT.owl, seed=241519, run_id=20260624134028346645
Loaded ontology.
Normalizing ontology with SROIQ normalization...
Normalized ontology with SROIQ normalization.
Ontology is already inconsistent, skipping make-inconsistent step.
Repairing with A1 (random-removal)...
[2026-06-27 15:55:54.029] Checking precondition...
[2026-06-27 15:55:54.045] Starting the repair...
[2026-06-27 15:55:54.055] Found 363 possible bad axioms.
[2026-06-27 15:55:54.057] Selected the bad axiom SubClassOf(https://pat.nichd.nih.gov/placentalcelltype/CT.02.05.02.02.02 https://pat.nichd.nih.gov/placentalcelltype/CT.02.05.02.02.01).
[2026-06-27 15:55:54.068] Found 362 possible bad axioms.
[2026-06-27 15:55:54.068] Selected the bad axiom SubClassOf(https://pat.nichd.nih.gov/placentalcelltype/CT.05.01.03 https://pat.nichd.nih.gov/placentalcelltype/CT.05.01.03.05).
[2026-06-27 15:55:54.074] Found 361 possible bad axioms.
[2026-06-27 15:55:54.074] Selected the bad axiom SubClassOf(https://pat.nichd.nih.gov/placentalcelltype/CT.05.01.03.06 https://pat.nichd.nih.gov/placentalcelltype/CT.05.01.03.04).
[2026-06-27 15:55:54.079] Found 360 possible bad axioms.
[2026-06-27 15:55:54.079] Selected the bad axiom SubClassOf(https://pat.nichd.nih.gov/placentalcelltype/CT.08.03 https://pat.nichd.nih.gov/placentalcelltype/CT.08).
[2026-06-27 15:55:54.084] Found 359 possible bad axioms.
[2026-06-27 15:55:54.084] Selected the bad axiom SubClassOf(https://pat.nichd.nih.gov/placentalcelltype/CT.07.01 https://pat.nichd.nih.gov/placentalcelltype/CT.07).
[2026-06-27 15:55:54.089] Found 358 possible bad axioms.
[2026-06-27 15:55:54.090] Selected the bad axiom SubClassOf(https://pat.nichd.nih.gov/placentalcelltype/CT.05.03 https://pat.nichd.nih.gov/placentalcelltype/CT.05.05).
[2026-06-27 15:55:54.094] Found 357 possible bad axioms.
[2026-06-27 15:55:54.094] Selected the bad axiom SubClassOf(https://pat.nichd.nih.gov/placentalcelltype/CT.06.02 https://pat.nichd.nih.gov/placentalcelltype/CT.06).
[2026-06-27 15:55:54.098] Found 356 possible bad axioms.
[2026-06-27 15:55:54.098] Selected the bad axiom SubClassOf(https://pat.nichd.nih.gov/placentalcelltype/CT.05.01.03 https://pat.nichd.nih.gov/placentalcelltype/CT.05.01.03.04).
[2026-06-27 15:55:54.106] Found 355 possible bad axioms.
[2026-06-27 15:55:54.106] Selected the bad axiom SubClassOf(https://pat.nichd.nih.gov/placentalcelltype/CT.06.01.01 https://pat.nichd.nih.gov/placentalcelltype/CT.06.02).
[2026-06-27 15:55:54.109] Found 354 possible bad axioms.
[2026-06-27 15:55:54.109] Selected the bad axiom SubClassOf(https://pat.nichd.nih.gov/placentalcelltype/CT.05.01.02.02 https://pat.nichd.nih.gov/placentalcelltype/CT.05.01.02).
[2026-06-27 15:55:54.112] Found 353 possible bad axioms.
[2026-06-27 15:55:54.113] Selected the bad axiom SubClassOf(https://pat.nichd.nih.gov/placentalcelltype/CT.10.04 https://pat.nichd.nih.go
...[truncated]
SUCCESS: attempt=18 seed=241519 success_count=14/100
progress: ontology=PATCT attempt=18 success=14/100
----- PATCT attempt=19 seed=255719 at 2026-06-27 15:57:15 -----
--- stdout ---
{"seed":255719,"run_id":"20260624134028346645","trial_status":"success","error_type":null,"failure_stage":null,"error_message":null,"iic_values":{"B1_vs_A1":1.0,"B1_vs_A2":0.9786184210526315,"B1_vs_A3":0.5,"B2_vs_A1":0.9558334961891733,"B2_vs_A2":0.5,"B2_vs_A3":0.02138157894736842,"B3_vs_A1":0.962301918265221,"B3_vs_A2":1.0,"B3_vs_A3":0.5995962314939435,"B4_vs_A1":1.0,"B4_vs_A2":0.9262295081967213,"B4_vs_A3":0.0,"B5_vs_A1":1.0,"B5_vs_A2":0.9945945945945946,"B5_vs_A3":0.7041139240506329,"B6_vs_A1":1.0,"B6_vs_A2":0.9945945945945946,"B6_vs_A3":0.7041139240506329,"B7_vs_A1":1.0,"B7_vs_A2":0.9380378657487092,"B7_vs_A3":0.06964520367936924,"B8_vs_A1":1.0,"B8_vs_A2":0.9945945945945946,"B8_vs_A3":0.7041139240506329,"B9_vs_A1":1.0,"B9_vs_A2":0.9945945945945946,"B9_vs_A3":0.7041139240506329},"repair_runtimes_ms":{"A1":338,"A2":44320,"A3":1208,"B1":1256,"B2":11444,"B3":4492,"B4":178,"B5":745,"B6":420,"B7":310,"B8":549,"B9":650}}

--- stderr ---
SingleTrialExperiment starting: ontology=/workspaces/ontologyutils-ekaw26/repair-power-index-replication-ekaw26/ontologies/inconsistent/PATCT.owl, seed=255719, run_id=20260624134028346645
Loaded ontology.
Normalizing ontology with SROIQ normalization...
Normalized ontology with SROIQ normalization.
Ontology is already inconsistent, skipping make-inconsistent step.
Repairing with A1 (random-removal)...
[2026-06-27 15:57:15.851] Checking precondition...
[2026-06-27 15:57:15.868] Starting the repair...
[2026-06-27 15:57:15.876] Found 363 possible bad axioms.
[2026-06-27 15:57:15.877] Selected the bad axiom SubClassOf(https://pat.nichd.nih.gov/placentalcelltype/CT.02.05.02.02.02 https://pat.nichd.nih.gov/placentalcelltype/CT.02.05.02.02.01).
[2026-06-27 15:57:15.887] Found 362 possible bad axioms.
[2026-06-27 15:57:15.888] Selected the bad axiom SubClassOf(https://pat.nichd.nih.gov/placentalcelltype/CT.03.01.02.01 https://pat.nichd.nih.gov/placentalcelltype/CT.03.01.02).
[2026-06-27 15:57:15.893] Found 361 possible bad axioms.
[2026-06-27 15:57:15.893] Selected the bad axiom SubClassOf(https://pat.nichd.nih.gov/placentalcelltype/CT.03.01 https://pat.nichd.nih.gov/placentalcelltype/CT.03.01.03).
[2026-06-27 15:57:15.898] Found 360 possible bad axioms.
[2026-06-27 15:57:15.899] Selected the bad axiom SubClassOf(https://pat.nichd.nih.gov/placentalcelltype/CT.01.03 https://pat.nichd.nih.gov/placentalcelltype/CT.04.02).
[2026-06-27 15:57:15.905] Found 359 possible bad axioms.
[2026-06-27 15:57:15.905] Selected the bad axiom SubClassOf(https://pat.nichd.nih.gov/placentalcelltype/CT.05.01.02 https://pat.nichd.nih.gov/placentalcelltype/CT.05.01).
[2026-06-27 15:57:15.909] Found 358 possible bad axioms.
[2026-06-27 15:57:15.909] Selected the bad axiom SubClassOf(https://pat.nichd.nih.gov/placentalcelltype/CT.05.02.06.02.05 https://pat.nichd.nih.gov/placentalcelltype/CT.05.02.06.02).
[2026-06-27 15:57:15.913] Found 357 possible bad axioms.
[2026-06-27 15:57:15.913] Selected the bad axiom SubClassOf(https://pat.nichd.nih.gov/placentalcelltype/CT.05.02.04 https://pat.nichd.nih.gov/placentalcelltype/CT.05.02.02).
[2026-06-27 15:57:15.916] Found 356 possible bad axioms.
[2026-06-27 15:57:15.917] Selected the bad axiom SubClassOf(https://pat.nichd.nih.gov/placentalcelltype/CT.02.04 https://pat.nichd.nih.gov/placentalcelltype/CT.02.02).
[2026-06-27 15:57:15.920] Found 355 possible bad axioms.
[2026-06-27 15:57:15.921] Selected the bad axiom SubClassOf(https://pat.nichd.nih.gov/placentalcelltype/CT.07.04 https://pat.nichd.nih.gov/placentalcelltype/CT.07.06).
[2026-06-27 15:57:15.930] Found 354 possible bad axioms.
[2026-06-27 15:57:15.930] Selected the bad axiom SubClassOf(https://pat.nichd.nih.gov/placentalcelltype/CT.01.03 https://pat.nichd.nih.gov/placentalcelltype/CT.01.01).
[2026-06-27 15:57:15.934] Found 353 possible bad axioms.
[2026-06-27 15:57:15.934] Selected the bad axiom SubClassOf(https://pat.nichd.nih.gov/placentalcelltype/CT.10.02.02 https://pat.nichd.
...[truncated]
SUCCESS: attempt=19 seed=255719 success_count=15/100
progress: ontology=PATCT attempt=19 success=15/100
----- PATCT attempt=20 seed=269919 at 2026-06-27 15:58:22 -----
--- stdout ---
{"seed":269919,"run_id":"20260624134028346645","trial_status":"memory_limit_exceeded","error_type":"failure","failure_stage":"B6","error_message":"Repair failed: ExecutionException: java.lang.IllegalStateException: Could not find a weakening for axiom: ⊤ ⊑ CT.09.02","iic_values":{},"repair_runtimes_ms":{"A1":390,"A2":43952,"A3":2234,"B1":513,"B2":14128,"B3":1018,"B4":179,"B5":581,"B6":2035}}

--- stderr ---
SingleTrialExperiment starting: ontology=/workspaces/ontologyutils-ekaw26/repair-power-index-replication-ekaw26/ontologies/inconsistent/PATCT.owl, seed=269919, run_id=20260624134028346645
Loaded ontology.
Normalizing ontology with SROIQ normalization...
Normalized ontology with SROIQ normalization.
Ontology is already inconsistent, skipping make-inconsistent step.
Repairing with A1 (random-removal)...
[2026-06-27 15:58:23.057] Checking precondition...
[2026-06-27 15:58:23.073] Starting the repair...
[2026-06-27 15:58:23.082] Found 363 possible bad axioms.
[2026-06-27 15:58:23.084] Selected the bad axiom SubClassOf(https://pat.nichd.nih.gov/placentalcelltype/CT.02.05.02.03.02 https://pat.nichd.nih.gov/placentalcelltype/CT.02.05.02.03).
[2026-06-27 15:58:23.094] Found 362 possible bad axioms.
[2026-06-27 15:58:23.094] Selected the bad axiom SubClassOf(https://pat.nichd.nih.gov/placentalcelltype/CT.02.05 https://pat.nichd.nih.gov/placentalcelltype/CT.02.04.01).
[2026-06-27 15:58:23.099] Found 361 possible bad axioms.
[2026-06-27 15:58:23.099] Selected the bad axiom SubClassOf(https://pat.nichd.nih.gov/placentalcelltype/CT.03.02.02 https://pat.nichd.nih.gov/placentalcelltype/CT.03.02).
[2026-06-27 15:58:23.104] Found 360 possible bad axioms.
[2026-06-27 15:58:23.104] Selected the bad axiom SubClassOf(https://pat.nichd.nih.gov/placentalcelltype/CT.02.05.02 https://pat.nichd.nih.gov/placentalcelltype/CT.02.05).
[2026-06-27 15:58:23.110] Found 359 possible bad axioms.
[2026-06-27 15:58:23.110] Selected the bad axiom SubClassOf(https://pat.nichd.nih.gov/placentalcelltype/CT.02.05.03.02 owl:Nothing).
[2026-06-27 15:58:23.115] Found 358 possible bad axioms.
[2026-06-27 15:58:23.115] Selected the bad axiom SubClassOf(https://pat.nichd.nih.gov/placentalcelltype/CT.09.01 https://pat.nichd.nih.gov/placentalcelltype/CT.09.04).
[2026-06-27 15:58:23.119] Found 357 possible bad axioms.
[2026-06-27 15:58:23.119] Selected the bad axiom SubClassOf(https://pat.nichd.nih.gov/placentalcelltype/CT.06.01 https://pat.nichd.nih.gov/placentalcelltype/CT.06).
[2026-06-27 15:58:23.122] Found 356 possible bad axioms.
[2026-06-27 15:58:23.122] Selected the bad axiom SubClassOf(https://pat.nichd.nih.gov/placentalcelltype/CT.05.01.03.06 https://pat.nichd.nih.gov/placentalcelltype/CT.05.01.03).
[2026-06-27 15:58:23.126] Found 355 possible bad axioms.
[2026-06-27 15:58:23.126] Selected the bad axiom SubClassOf(https://pat.nichd.nih.gov/placentalcelltype/CT.08.05 https://pat.nichd.nih.gov/placentalcelltype/CT.08).
[2026-06-27 15:58:23.134] Found 354 possible bad axioms.
[2026-06-27 15:58:23.134] Selected the bad axiom SubClassOf(https://pat.nichd.nih.gov/placentalcelltype/CT.03 https://pat.nichd.nih.gov/placentalcelltype/CT.03.01.03).
[2026-06-27 15:58:23.137] Found 353 possible bad axioms.
[2026-06-27 15:58:23.137] Selected the bad axiom SubClassOf(https://pat.nichd.nih.gov/placentalcelltype/CT.02.05.02.01 https://pat.nichd.nih.gov/placentalcelltype/CT.02.05.02).
[2026-06-27 15:58:2
...[truncated]
FAIL: attempt=20 seed=269919 status=memory_limit_exceeded stage=B6 message=Repair failed: ExecutionException: java.lang.IllegalStateException: Could not find a weakening for axiom: ⊤ ⊑ CT.09.02
progress: ontology=PATCT attempt=20 success=15/100
----- PATCT attempt=21 seed=284119 at 2026-06-27 15:59:29 -----
--- stdout ---
{"seed":284119,"run_id":"20260624134028346645","trial_status":"success","error_type":null,"failure_stage":null,"error_message":null,"iic_values":{"B1_vs_A1":1.0,"B1_vs_A2":0.8335158817086528,"B1_vs_A3":0.9844961240310077,"B2_vs_A1":0.999578710855217,"B2_vs_A2":1.0,"B2_vs_A3":0.9942028985507246,"B3_vs_A1":0.999578710855217,"B3_vs_A2":1.0,"B3_vs_A3":0.9942028985507246,"B4_vs_A1":0.999578710855217,"B4_vs_A2":1.0,"B4_vs_A3":0.9942028985507246,"B5_vs_A1":0.999578710855217,"B5_vs_A2":1.0,"B5_vs_A3":0.9942028985507246,"B6_vs_A1":0.999578710855217,"B6_vs_A2":1.0,"B6_vs_A3":0.9942028985507246,"B7_vs_A1":0.9985583853916387,"B7_vs_A2":0.5,"B7_vs_A3":0.893491124260355,"B8_vs_A1":0.999578710855217,"B8_vs_A2":1.0,"B8_vs_A3":0.9942028985507246,"B9_vs_A1":0.999578710855217,"B9_vs_A2":1.0,"B9_vs_A3":0.9942028985507246},"repair_runtimes_ms":{"A1":410,"A2":44417,"A3":1500,"B1":521,"B2":1022,"B3":4432,"B4":159,"B5":612,"B6":303,"B7":330,"B8":7212,"B9":4106}}

--- stderr ---
SingleTrialExperiment starting: ontology=/workspaces/ontologyutils-ekaw26/repair-power-index-replication-ekaw26/ontologies/inconsistent/PATCT.owl, seed=284119, run_id=20260624134028346645
Loaded ontology.
Normalizing ontology with SROIQ normalization...
Normalized ontology with SROIQ normalization.
Ontology is already inconsistent, skipping make-inconsistent step.
Repairing with A1 (random-removal)...
[2026-06-27 15:59:30.194] Checking precondition...
[2026-06-27 15:59:30.210] Starting the repair...
[2026-06-27 15:59:30.219] Found 363 possible bad axioms.
[2026-06-27 15:59:30.221] Selected the bad axiom SubClassOf(https://pat.nichd.nih.gov/placentalcelltype/CT.03 owl:Thing).
[2026-06-27 15:59:30.232] Found 362 possible bad axioms.
[2026-06-27 15:59:30.233] Selected the bad axiom SubClassOf(https://pat.nichd.nih.gov/placentalcelltype/CT.05.03.02 https://pat.nichd.nih.gov/placentalcelltype/CT.05.03).
[2026-06-27 15:59:30.238] Found 361 possible bad axioms.
[2026-06-27 15:59:30.238] Selected the bad axiom SubClassOf(https://pat.nichd.nih.gov/placentalcelltype/CT.05.02.04.01 https://pat.nichd.nih.gov/placentalcelltype/CT.05.02.04).
[2026-06-27 15:59:30.244] Found 360 possible bad axioms.
[2026-06-27 15:59:30.244] Selected the bad axiom SubClassOf(https://pat.nichd.nih.gov/placentalcelltype/CT.03.02 https://pat.nichd.nih.gov/placentalcelltype/CT.03.01.02).
[2026-06-27 15:59:30.249] Found 359 possible bad axioms.
[2026-06-27 15:59:30.250] Selected the bad axiom SubClassOf(https://pat.nichd.nih.gov/placentalcelltype/CT.07.04 https://pat.nichd.nih.gov/placentalcelltype/CT.10.03).
[2026-06-27 15:59:30.254] Found 358 possible bad axioms.
[2026-06-27 15:59:30.254] Selected the bad axiom SubClassOf(https://pat.nichd.nih.gov/placentalcelltype/CT.01 https://pat.nichd.nih.gov/placentalcelltype/CT.04).
[2026-06-27 15:59:30.258] Found 357 possible bad axioms.
[2026-06-27 15:59:30.259] Selected the bad axiom SubClassOf(https://pat.nichd.nih.gov/placentalcelltype/CT.03.02.04 https://pat.nichd.nih.gov/placentalcelltype/CT.03.01.02.03).
[2026-06-27 15:59:30.262] Found 356 possible bad axioms.
[2026-06-27 15:59:30.263] Selected the bad axiom SubClassOf(https://pat.nichd.nih.gov/placentalcelltype/CT.05.02.06.02.04 https://pat.nichd.nih.gov/placentalcelltype/CT.05.02.06.02.01).
[2026-06-27 15:59:30.267] Found 355 possible bad axioms.
[2026-06-27 15:59:30.267] Selected the bad axiom SubClassOf(https://pat.nichd.nih.gov/placentalcelltype/CT.09.04 https://pat.nichd.nih.gov/placentalcelltype/CT.09.02).
[2026-06-27 15:59:30.276] Found 354 possible bad axioms.
[2026-06-27 15:59:30.277] Selected the bad axiom SubClassOf(https://pat.nichd.nih.gov/placentalcelltype/CT.05.01 https://pat.nichd.nih.gov/placentalcelltype/CT.05).
[2026-06-27 15:59:30.280] Found 353 possible bad axioms.
[2026-06-27 15:59:30.280] Selected the bad axiom SubClassOf(https://pat.nichd.nih.gov/placentalcelltype/CT.06.01.03 owl:Nothing).
[2026-06-27 15:59:30.289] Found 352 possible bad axioms.
[2026-06-27 15
...[truncated]
SUCCESS: attempt=21 seed=284119 success_count=16/100
progress: ontology=PATCT attempt=21 success=16/100
----- PATCT attempt=22 seed=298319 at 2026-06-27 16:00:36 -----
--- stdout ---
{"seed":298319,"run_id":"20260624134028346645","trial_status":"success","error_type":null,"failure_stage":null,"error_message":null,"iic_values":{"B1_vs_A1":1.0,"B1_vs_A2":1.0,"B1_vs_A3":0.7041139240506329,"B2_vs_A1":1.0,"B2_vs_A2":1.0,"B2_vs_A3":0.7041139240506329,"B3_vs_A1":1.0,"B3_vs_A2":1.0,"B3_vs_A3":0.7041139240506329,"B4_vs_A1":1.0,"B4_vs_A2":0.5,"B4_vs_A3":0.0,"B5_vs_A1":1.0,"B5_vs_A2":1.0,"B5_vs_A3":0.7041139240506329,"B6_vs_A1":1.0,"B6_vs_A2":1.0,"B6_vs_A3":0.7041139240506329,"B7_vs_A1":1.0,"B7_vs_A2":0.5,"B7_vs_A3":0.0,"B8_vs_A1":1.0,"B8_vs_A2":1.0,"B8_vs_A3":0.7041139240506329,"B9_vs_A1":1.0,"B9_vs_A2":1.0,"B9_vs_A3":0.7041139240506329},"repair_runtimes_ms":{"A1":200,"A2":45039,"A3":609,"B1":554,"B2":7157,"B3":749,"B4":203,"B5":661,"B6":419,"B7":300,"B8":544,"B9":4143}}

--- stderr ---
SingleTrialExperiment starting: ontology=/workspaces/ontologyutils-ekaw26/repair-power-index-replication-ekaw26/ontologies/inconsistent/PATCT.owl, seed=298319, run_id=20260624134028346645
Loaded ontology.
Normalizing ontology with SROIQ normalization...
Normalized ontology with SROIQ normalization.
Ontology is already inconsistent, skipping make-inconsistent step.
Repairing with A1 (random-removal)...
[2026-06-27 16:00:36.450] Checking precondition...
[2026-06-27 16:00:36.466] Starting the repair...
[2026-06-27 16:00:36.475] Found 363 possible bad axioms.
[2026-06-27 16:00:36.477] Selected the bad axiom SubClassOf(https://pat.nichd.nih.gov/placentalcelltype/CT.05.02.04.01 https://pat.nichd.nih.gov/placentalcelltype/CT.05.02.04).
[2026-06-27 16:00:36.486] Found 362 possible bad axioms.
[2026-06-27 16:00:36.487] Selected the bad axiom SubClassOf(https://pat.nichd.nih.gov/placentalcelltype/CT.02.05.02.01.02 https://pat.nichd.nih.gov/placentalcelltype/CT.02.05.02.01).
[2026-06-27 16:00:36.493] Found 361 possible bad axioms.
[2026-06-27 16:00:36.493] Selected the bad axiom SubClassOf(https://pat.nichd.nih.gov/placentalcelltype/CT.02.05.03 https://pat.nichd.nih.gov/placentalcelltype/CT.02.05.03.04).
[2026-06-27 16:00:36.499] Found 360 possible bad axioms.
[2026-06-27 16:00:36.499] Selected the bad axiom SubClassOf(https://pat.nichd.nih.gov/placentalcelltype/CT.02.05.02.02.01 https://pat.nichd.nih.gov/placentalcelltype/CT.02.05.02.02).
[2026-06-27 16:00:36.504] Found 359 possible bad axioms.
[2026-06-27 16:00:36.505] Selected the bad axiom SubClassOf(https://pat.nichd.nih.gov/placentalcelltype/CT.04 https://pat.nichd.nih.gov/placentalcelltype/CT.04.02).
[2026-06-27 16:00:36.509] Found 358 possible bad axioms.
[2026-06-27 16:00:36.509] Selected the bad axiom SubClassOf(https://pat.nichd.nih.gov/placentalcelltype/CT.05.02.06 https://pat.nichd.nih.gov/placentalcelltype/CT.05.02.06.01).
[2026-06-27 16:00:36.513] Found 357 possible bad axioms.
[2026-06-27 16:00:36.513] Selected the bad axiom SubClassOf(https://pat.nichd.nih.gov/placentalcelltype/CT.02.04 https://pat.nichd.nih.gov/placentalcelltype/CT.02).
[2026-06-27 16:00:36.517] Found 356 possible bad axioms.
[2026-06-27 16:00:36.517] Selected the bad axiom SubClassOf(https://pat.nichd.nih.gov/placentalcelltype/CT.05 https://pat.nichd.nih.gov/placentalcelltype/CT.10.06).
[2026-06-27 16:00:36.525] Found 355 possible bad axioms.
[2026-06-27 16:00:36.526] Selected the bad axiom SubClassOf(https://pat.nichd.nih.gov/placentalcelltype/CT.02.05.03.04 https://pat.nichd.nih.gov/placentalcelltype/CT.02.05.03.02).
[2026-06-27 16:00:36.529] Found 354 possible bad axioms.
[2026-06-27 16:00:36.529] Selected the bad axiom SubClassOf(https://pat.nichd.nih.gov/placentalcelltype/CT.02.01 https://pat.nichd.nih.gov/placentalcelltype/CT.02).
[2026-06-27 16:00:36.532] Found 353 possible bad axioms.
[2026-06-27 16:00:36.532] Selected the bad axiom SubClassOf(https://pat.nichd.nih.gov/placentalcelltype/CT.01.01 https://pat.nichd.
...[truncated]
SUCCESS: attempt=22 seed=298319 success_count=17/100
progress: ontology=PATCT attempt=22 success=17/100
----- PATCT attempt=23 seed=312519 at 2026-06-27 16:01:38 -----
--- stdout ---
{"seed":312519,"run_id":"20260624134028346645","trial_status":"success","error_type":null,"failure_stage":null,"error_message":null,"iic_values":{"B1_vs_A1":0.9975485574203281,"B1_vs_A2":0.9786184210526315,"B1_vs_A3":0.5,"B2_vs_A1":0.998043254376931,"B2_vs_A2":0.940625,"B2_vs_A3":0.014317180616740088,"B3_vs_A1":0.999388859786974,"B3_vs_A2":0.9966085271317829,"B3_vs_A3":0.6655455904334828,"B4_vs_A1":0.9963555375582102,"B4_vs_A2":0.9262295081967213,"B4_vs_A3":0.0,"B5_vs_A1":0.9989664082687338,"B5_vs_A2":0.9945945945945946,"B5_vs_A3":0.7041139240506329,"B6_vs_A1":0.9989664082687338,"B6_vs_A2":0.9945945945945946,"B6_vs_A3":0.7041139240506329,"B7_vs_A1":0.9963895296359443,"B7_vs_A2":0.9380378657487092,"B7_vs_A3":0.06964520367936924,"B8_vs_A1":0.9989664082687338,"B8_vs_A2":0.9945945945945946,"B8_vs_A3":0.7041139240506329,"B9_vs_A1":0.9989664082687338,"B9_vs_A2":0.9945945945945946,"B9_vs_A3":0.7041139240506329},"repair_runtimes_ms":{"A1":403,"A2":44592,"A3":1267,"B1":2906,"B2":12019,"B3":784,"B4":173,"B5":558,"B6":356,"B7":292,"B8":698,"B9":4306}}

--- stderr ---
SingleTrialExperiment starting: ontology=/workspaces/ontologyutils-ekaw26/repair-power-index-replication-ekaw26/ontologies/inconsistent/PATCT.owl, seed=312519, run_id=20260624134028346645
Loaded ontology.
Normalizing ontology with SROIQ normalization...
Normalized ontology with SROIQ normalization.
Ontology is already inconsistent, skipping make-inconsistent step.
Repairing with A1 (random-removal)...
[2026-06-27 16:01:38.817] Checking precondition...
[2026-06-27 16:01:38.833] Starting the repair...
[2026-06-27 16:01:38.841] Found 363 possible bad axioms.
[2026-06-27 16:01:38.843] Selected the bad axiom SubClassOf(https://pat.nichd.nih.gov/placentalcelltype/CT.06.03.01 https://pat.nichd.nih.gov/placentalcelltype/CT.06.03).
[2026-06-27 16:01:38.854] Found 362 possible bad axioms.
[2026-06-27 16:01:38.854] Selected the bad axiom SubClassOf(https://pat.nichd.nih.gov/placentalcelltype/CT.05.01.03.04 https://pat.nichd.nih.gov/placentalcelltype/CT.05.01.03).
[2026-06-27 16:01:38.860] Found 361 possible bad axioms.
[2026-06-27 16:01:38.861] Selected the bad axiom SubClassOf(https://pat.nichd.nih.gov/placentalcelltype/CT.03.02.04 https://pat.nichd.nih.gov/placentalcelltype/CT.03.01.02.03).
[2026-06-27 16:01:38.866] Found 360 possible bad axioms.
[2026-06-27 16:01:38.866] Selected the bad axiom SubClassOf(https://pat.nichd.nih.gov/placentalcelltype/CT.04 https://pat.nichd.nih.gov/placentalcelltype/CT.03.01.02.01).
[2026-06-27 16:01:38.873] Found 359 possible bad axioms.
[2026-06-27 16:01:38.873] Selected the bad axiom SubClassOf(https://pat.nichd.nih.gov/placentalcelltype/CT.05 https://pat.nichd.nih.gov/placentalcelltype/CT.05.03.02).
[2026-06-27 16:01:38.878] Found 358 possible bad axioms.
[2026-06-27 16:01:38.878] Selected the bad axiom SubClassOf(https://pat.nichd.nih.gov/placentalcelltype/CT.05.02.04.01.02 https://pat.nichd.nih.gov/placentalcelltype/CT.05.02.04.01).
[2026-06-27 16:01:38.882] Found 357 possible bad axioms.
[2026-06-27 16:01:38.883] Selected the bad axiom SubClassOf(https://pat.nichd.nih.gov/placentalcelltype/CT.09.01 https://pat.nichd.nih.gov/placentalcelltype/CT.09.04).
[2026-06-27 16:01:38.887] Found 356 possible bad axioms.
[2026-06-27 16:01:38.887] Selected the bad axiom SubClassOf(https://pat.nichd.nih.gov/placentalcelltype/CT.01.04 https://pat.nichd.nih.gov/placentalcelltype/CT.01.02).
[2026-06-27 16:01:38.895] Found 355 possible bad axioms.
[2026-06-27 16:01:38.895] Selected the bad axiom SubClassOf(https://pat.nichd.nih.gov/placentalcelltype/CT.07 https://pat.nichd.nih.gov/placentalcelltype/CT.10).
[2026-06-27 16:01:38.899] Found 354 possible bad axioms.
[2026-06-27 16:01:38.899] Selected the bad axiom SubClassOf(https://pat.nichd.nih.gov/placentalcelltype/CT.02 owl:Thing).
[2026-06-27 16:01:38.902] Found 353 possible bad axioms.
[2026-06-27 16:01:38.903] Selected the bad axiom SubClassOf(https://pat.nichd.nih.gov/placentalcelltype/CT.02.05 https://pat.nichd.nih.gov/placentalcelltype/CT.02.04).
[2026-06-27 16:01:38.911] Found 3
...[truncated]
SUCCESS: attempt=23 seed=312519 success_count=18/100
progress: ontology=PATCT attempt=23 success=18/100
----- PATCT attempt=24 seed=326719 at 2026-06-27 16:02:49 -----
--- stdout ---
{"seed":326719,"run_id":"20260624134028346645","trial_status":"success","error_type":null,"failure_stage":null,"error_message":null,"iic_values":{"B1_vs_A1":1.0,"B1_vs_A2":0.8941176470588236,"B1_vs_A3":0.5,"B2_vs_A1":0.8225363172359639,"B2_vs_A2":0.855009633911368,"B2_vs_A3":0.7985739750445633,"B3_vs_A1":1.0,"B3_vs_A2":0.9968847352024922,"B3_vs_A3":1.0,"B4_vs_A1":1.0,"B4_vs_A2":0.9138755980861244,"B4_vs_A3":1.0,"B5_vs_A1":1.0,"B5_vs_A2":0.9968847352024922,"B5_vs_A3":1.0,"B6_vs_A1":1.0,"B6_vs_A2":0.9968847352024922,"B6_vs_A3":1.0,"B7_vs_A1":1.0,"B7_vs_A2":0.8941176470588236,"B7_vs_A3":0.5,"B8_vs_A1":1.0,"B8_vs_A2":0.9968847352024922,"B8_vs_A3":1.0,"B9_vs_A1":1.0,"B9_vs_A2":0.9968847352024922,"B9_vs_A3":1.0},"repair_runtimes_ms":{"A1":103,"A2":44547,"A3":680,"B1":529,"B2":7173,"B3":4516,"B4":329,"B5":6866,"B6":413,"B7":301,"B8":8550,"B9":815}}

--- stderr ---
SingleTrialExperiment starting: ontology=/workspaces/ontologyutils-ekaw26/repair-power-index-replication-ekaw26/ontologies/inconsistent/PATCT.owl, seed=326719, run_id=20260624134028346645
Loaded ontology.
Normalizing ontology with SROIQ normalization...
Normalized ontology with SROIQ normalization.
Ontology is already inconsistent, skipping make-inconsistent step.
Repairing with A1 (random-removal)...
[2026-06-27 16:02:50.204] Checking precondition...
[2026-06-27 16:02:50.220] Starting the repair...
[2026-06-27 16:02:50.227] Found 363 possible bad axioms.
[2026-06-27 16:02:50.229] Selected the bad axiom SubClassOf(https://pat.nichd.nih.gov/placentalcelltype/CT.03.01.01 https://pat.nichd.nih.gov/placentalcelltype/CT.03.01).
[2026-06-27 16:02:50.240] Found 362 possible bad axioms.
[2026-06-27 16:02:50.241] Selected the bad axiom SubClassOf(https://pat.nichd.nih.gov/placentalcelltype/CT.05.01.03 https://pat.nichd.nih.gov/placentalcelltype/CT.05.01.03.02).
[2026-06-27 16:02:50.246] Found 361 possible bad axioms.
[2026-06-27 16:02:50.246] Selected the bad axiom SubClassOf(https://pat.nichd.nih.gov/placentalcelltype/CT.05.04 https://pat.nichd.nih.gov/placentalcelltype/CT.05).
[2026-06-27 16:02:50.253] Found 360 possible bad axioms.
[2026-06-27 16:02:50.253] Selected the bad axiom SubClassOf(https://pat.nichd.nih.gov/placentalcelltype/CT.04 https://pat.nichd.nih.gov/placentalcelltype/CT.02).
[2026-06-27 16:02:50.258] Found 359 possible bad axioms.
[2026-06-27 16:02:50.259] Selected the bad axiom SubClassOf(https://pat.nichd.nih.gov/placentalcelltype/CT.03.03 https://pat.nichd.nih.gov/placentalcelltype/CT.03).
[2026-06-27 16:02:50.263] Found 358 possible bad axioms.
[2026-06-27 16:02:50.263] Selected the bad axiom SubClassOf(https://pat.nichd.nih.gov/placentalcelltype/CT.05.01.02.02 https://pat.nichd.nih.gov/placentalcelltype/CT.05.01.02).
[2026-06-27 16:02:50.267] Found 357 possible bad axioms.
[2026-06-27 16:02:50.267] Selected the bad axiom SubClassOf(https://pat.nichd.nih.gov/placentalcelltype/CT.05.02.06 https://pat.nichd.nih.gov/placentalcelltype/CT.05.03.01).
[2026-06-27 16:02:50.270] Found 356 possible bad axioms.
[2026-06-27 16:02:50.270] Selected the bad axiom SubClassOf(https://pat.nichd.nih.gov/placentalcelltype/CT.06.03 https://pat.nichd.nih.gov/placentalcelltype/CT.06).
[2026-06-27 16:02:50.278] Found 355 possible bad axioms.
[2026-06-27 16:02:50.278] Selected the bad axiom SubClassOf(https://pat.nichd.nih.gov/placentalcelltype/CT.02.01 https://pat.nichd.nih.gov/placentalcelltype/CT.02.05.02).
[2026-06-27 16:02:50.281] Found 354 possible bad axioms.
[2026-06-27 16:02:50.281] Selected the bad axiom SubClassOf(https://pat.nichd.nih.gov/placentalcelltype/CT.09 https://pat.nichd.nih.gov/placentalcelltype/CT.09.02).
[2026-06-27 16:02:50.284] Found 353 possible bad axioms.
[2026-06-27 16:02:50.284] Selected the bad axiom SubClassOf(https://pat.nichd.nih.gov/placentalcelltype/CT.03.02.01 https://pat.nichd.nih.gov/placentalcelltype/CT.03.02.03).
[2
...[truncated]
SUCCESS: attempt=24 seed=326719 success_count=19/100
progress: ontology=PATCT attempt=24 success=19/100
----- PATCT attempt=25 seed=340919 at 2026-06-27 16:04:06 -----
--- stdout ---
{"seed":340919,"run_id":"20260624134028346645","trial_status":"success","error_type":null,"failure_stage":null,"error_message":null,"iic_values":{"B1_vs_A1":0.998155505107832,"B1_vs_A2":0.98568281938326,"B1_vs_A3":0.5,"B2_vs_A1":0.9992561368708158,"B2_vs_A2":0.9968847352024922,"B2_vs_A3":0.7041139240506329,"B3_vs_A1":1.0,"B3_vs_A2":1.0,"B3_vs_A3":0.6655455904334828,"B4_vs_A1":0.998155505107832,"B4_vs_A2":0.98568281938326,"B4_vs_A3":0.5,"B5_vs_A1":0.9992561368708158,"B5_vs_A2":0.9968847352024922,"B5_vs_A3":0.7041139240506329,"B6_vs_A1":0.9992561368708158,"B6_vs_A2":0.9968847352024922,"B6_vs_A3":0.7041139240506329,"B7_vs_A1":0.998155505107832,"B7_vs_A2":0.98568281938326,"B7_vs_A3":0.5,"B8_vs_A1":0.9992561368708158,"B8_vs_A2":0.9968847352024922,"B8_vs_A3":0.7041139240506329,"B9_vs_A1":0.9992561368708158,"B9_vs_A2":0.9968847352024922,"B9_vs_A3":0.7041139240506329},"repair_runtimes_ms":{"A1":357,"A2":44916,"A3":1246,"B1":2467,"B2":1023,"B3":868,"B4":190,"B5":639,"B6":340,"B7":310,"B8":632,"B9":503}}

--- stderr ---
SingleTrialExperiment starting: ontology=/workspaces/ontologyutils-ekaw26/repair-power-index-replication-ekaw26/ontologies/inconsistent/PATCT.owl, seed=340919, run_id=20260624134028346645
Loaded ontology.
Normalizing ontology with SROIQ normalization...
Normalized ontology with SROIQ normalization.
Ontology is already inconsistent, skipping make-inconsistent step.
Repairing with A1 (random-removal)...
[2026-06-27 16:04:06.677] Checking precondition...
[2026-06-27 16:04:06.694] Starting the repair...
[2026-06-27 16:04:06.704] Found 363 possible bad axioms.
[2026-06-27 16:04:06.706] Selected the bad axiom SubClassOf(https://pat.nichd.nih.gov/placentalcelltype/CT.02.03.02.01 https://pat.nichd.nih.gov/placentalcelltype/CT.02.03.02.02).
[2026-06-27 16:04:06.717] Found 362 possible bad axioms.
[2026-06-27 16:04:06.718] Selected the bad axiom SubClassOf(https://pat.nichd.nih.gov/placentalcelltype/CT.10.04 https://pat.nichd.nih.gov/placentalcelltype/CT.07.03).
[2026-06-27 16:04:06.723] Found 361 possible bad axioms.
[2026-06-27 16:04:06.723] Selected the bad axiom SubClassOf(https://pat.nichd.nih.gov/placentalcelltype/CT.05.01.03.01 https://pat.nichd.nih.gov/placentalcelltype/CT.05.01.03).
[2026-06-27 16:04:06.729] Found 360 possible bad axioms.
[2026-06-27 16:04:06.729] Selected the bad axiom SubClassOf(https://pat.nichd.nih.gov/placentalcelltype/CT.09 https://pat.nichd.nih.gov/placentalcelltype/CT.09.02).
[2026-06-27 16:04:06.734] Found 359 possible bad axioms.
[2026-06-27 16:04:06.734] Selected the bad axiom SubClassOf(https://pat.nichd.nih.gov/placentalcelltype/CT.06.01.01 https://pat.nichd.nih.gov/placentalcelltype/CT.06.01).
[2026-06-27 16:04:06.742] Found 358 possible bad axioms.
[2026-06-27 16:04:06.742] Selected the bad axiom SubClassOf(https://pat.nichd.nih.gov/placentalcelltype/CT.08.02 owl:Nothing).
[2026-06-27 16:04:06.746] Found 357 possible bad axioms.
[2026-06-27 16:04:06.746] Selected the bad axiom SubClassOf(https://pat.nichd.nih.gov/placentalcelltype/CT.02.05.03 https://pat.nichd.nih.gov/placentalcelltype/CT.02.05).
[2026-06-27 16:04:06.750] Found 356 possible bad axioms.
[2026-06-27 16:04:06.750] Selected the bad axiom SubClassOf(https://pat.nichd.nih.gov/placentalcelltype/CT.07.04 https://pat.nichd.nih.gov/placentalcelltype/CT.07).
[2026-06-27 16:04:06.758] Found 355 possible bad axioms.
[2026-06-27 16:04:06.759] Selected the bad axiom SubClassOf(https://pat.nichd.nih.gov/placentalcelltype/CT.05.01.02.01 https://pat.nichd.nih.gov/placentalcelltype/CT.05.01.02).
[2026-06-27 16:04:06.762] Found 354 possible bad axioms.
[2026-06-27 16:04:06.762] Selected the bad axiom SubClassOf(https://pat.nichd.nih.gov/placentalcelltype/CT.02.03.02 https://pat.nichd.nih.gov/placentalcelltype/CT.02.03.01).
[2026-06-27 16:04:06.765] Found 353 possible bad axioms.
[2026-06-27 16:04:06.766] Selected the bad axiom SubClassOf(https://pat.nichd.nih.gov/placentalcelltype/CT.03.01 owl:Nothing).
[2026-06-27 16:04:06.775] Found 352 possible bad axioms.
[2026-06-
...[truncated]
SUCCESS: attempt=25 seed=340919 success_count=20/100
progress: ontology=PATCT attempt=25 success=20/100
----- PATCT attempt=26 seed=355119 at 2026-06-27 16:05:01 -----
--- stdout ---
{"seed":355119,"run_id":"20260624134028346645","trial_status":"memory_limit_exceeded","error_type":"failure","failure_stage":"B2","error_message":"Repair failed: ExecutionException: java.lang.IllegalStateException: Could not find a weakening for axiom: ⊤ ⊑ CT.09.02","iic_values":{},"repair_runtimes_ms":{"A1":210,"A2":44565,"A3":630,"B1":532,"B2":7168}}

--- stderr ---
SingleTrialExperiment starting: ontology=/workspaces/ontologyutils-ekaw26/repair-power-index-replication-ekaw26/ontologies/inconsistent/PATCT.owl, seed=355119, run_id=20260624134028346645
Loaded ontology.
Normalizing ontology with SROIQ normalization...
Normalized ontology with SROIQ normalization.
Ontology is already inconsistent, skipping make-inconsistent step.
Repairing with A1 (random-removal)...
[2026-06-27 16:05:01.418] Checking precondition...
[2026-06-27 16:05:01.435] Starting the repair...
[2026-06-27 16:05:01.443] Found 363 possible bad axioms.
[2026-06-27 16:05:01.445] Selected the bad axiom SubClassOf(https://pat.nichd.nih.gov/placentalcelltype/CT.02.05.02.02 owl:Nothing).
[2026-06-27 16:05:01.455] Found 362 possible bad axioms.
[2026-06-27 16:05:01.456] Selected the bad axiom SubClassOf(https://pat.nichd.nih.gov/placentalcelltype/CT.07.04 https://pat.nichd.nih.gov/placentalcelltype/CT.07).
[2026-06-27 16:05:01.461] Found 361 possible bad axioms.
[2026-06-27 16:05:01.461] Selected the bad axiom SubClassOf(https://pat.nichd.nih.gov/placentalcelltype/CT.09.01 owl:Nothing).
[2026-06-27 16:05:01.466] Found 360 possible bad axioms.
[2026-06-27 16:05:01.467] Selected the bad axiom SubClassOf(https://pat.nichd.nih.gov/placentalcelltype/CT.01.04 https://pat.nichd.nih.gov/placentalcelltype/CT.04.03).
[2026-06-27 16:05:01.471] Found 359 possible bad axioms.
[2026-06-27 16:05:01.471] Selected the bad axiom SubClassOf(https://pat.nichd.nih.gov/placentalcelltype/CT.06.04.01 https://pat.nichd.nih.gov/placentalcelltype/CT.06.04).
[2026-06-27 16:05:01.476] Found 358 possible bad axioms.
[2026-06-27 16:05:01.477] Selected the bad axiom SubClassOf(https://pat.nichd.nih.gov/placentalcelltype/CT.07.02 https://pat.nichd.nih.gov/placentalcelltype/CT.07).
[2026-06-27 16:05:01.481] Found 357 possible bad axioms.
[2026-06-27 16:05:01.481] Selected the bad axiom SubClassOf(https://pat.nichd.nih.gov/placentalcelltype/CT.05.02.06.02.04 https://pat.nichd.nih.gov/placentalcelltype/CT.05.02.06.02.03).
[2026-06-27 16:05:01.485] Found 356 possible bad axioms.
[2026-06-27 16:05:01.486] Selected the bad axiom SubClassOf(https://pat.nichd.nih.gov/placentalcelltype/CT.07.07 https://pat.nichd.nih.gov/placentalcelltype/CT.07).
[2026-06-27 16:05:01.490] Found 355 possible bad axioms.
[2026-06-27 16:05:01.490] Selected the bad axiom SubClassOf(https://pat.nichd.nih.gov/placentalcelltype/CT.02.05.03.02 https://pat.nichd.nih.gov/placentalcelltype/CT.02.05.03).
[2026-06-27 16:05:01.498] Found 354 possible bad axioms.
[2026-06-27 16:05:01.498] Selected the bad axiom SubClassOf(https://pat.nichd.nih.gov/placentalcelltype/CT.02.05 https://pat.nichd.nih.gov/placentalcelltype/CT.02.03).
[2026-06-27 16:05:01.501] Found 353 possible bad axioms.
[2026-06-27 16:05:01.501] Selected the bad axiom SubClassOf(https://pat.nichd.nih.gov/placentalcelltype/CT.05.01.02 https://pat.nichd.nih.gov/placentalcelltype/CT.05.01).
[2026-06-27 16:05:01.510] Found 352 possible bad axioms.
[2026-06-27 16:
...[truncated]
FAIL: attempt=26 seed=355119 status=memory_limit_exceeded stage=B2 message=Repair failed: ExecutionException: java.lang.IllegalStateException: Could not find a weakening for axiom: ⊤ ⊑ CT.09.02
progress: ontology=PATCT attempt=26 success=20/100
----- PATCT attempt=27 seed=369319 at 2026-06-27 16:05:54 -----
--- stdout ---
{"seed":369319,"run_id":"20260624134028346645","trial_status":"success","error_type":null,"failure_stage":null,"error_message":null,"iic_values":{"B1_vs_A1":1.0,"B1_vs_A2":0.9262295081967213,"B1_vs_A3":0.1664841182913472,"B2_vs_A1":0.9734358615868577,"B2_vs_A2":0.9966085271317829,"B2_vs_A3":0.7041019514137794,"B3_vs_A1":0.9615579160343956,"B3_vs_A2":0.940625,"B3_vs_A3":0.0,"B4_vs_A1":1.0,"B4_vs_A2":0.9945945945945946,"B4_vs_A3":0.7193705507680779,"B5_vs_A1":1.0,"B5_vs_A2":0.9945945945945946,"B5_vs_A3":0.7193705507680779,"B6_vs_A1":1.0,"B6_vs_A2":0.9945945945945946,"B6_vs_A3":0.7193705507680779,"B7_vs_A1":1.0,"B7_vs_A2":0.9786184210526315,"B7_vs_A3":0.9212121212121213,"B8_vs_A1":1.0,"B8_vs_A2":0.9945945945945946,"B8_vs_A3":0.7193705507680779,"B9_vs_A1":1.0,"B9_vs_A2":0.9945945945945946,"B9_vs_A3":0.7193705507680779},"repair_runtimes_ms":{"A1":323,"A2":43938,"A3":1281,"B1":527,"B2":1286,"B3":7494,"B4":162,"B5":6852,"B6":488,"B7":381,"B8":7093,"B9":7605}}

--- stderr ---
SingleTrialExperiment starting: ontology=/workspaces/ontologyutils-ekaw26/repair-power-index-replication-ekaw26/ontologies/inconsistent/PATCT.owl, seed=369319, run_id=20260624134028346645
Loaded ontology.
Normalizing ontology with SROIQ normalization...
Normalized ontology with SROIQ normalization.
Ontology is already inconsistent, skipping make-inconsistent step.
Repairing with A1 (random-removal)...
[2026-06-27 16:05:55.029] Checking precondition...
[2026-06-27 16:05:55.045] Starting the repair...
[2026-06-27 16:05:55.054] Found 363 possible bad axioms.
[2026-06-27 16:05:55.055] Selected the bad axiom SubClassOf(https://pat.nichd.nih.gov/placentalcelltype/CT.05.02.04 https://pat.nichd.nih.gov/placentalcelltype/CT.05.03.01).
[2026-06-27 16:05:55.066] Found 362 possible bad axioms.
[2026-06-27 16:05:55.066] Selected the bad axiom SubClassOf(https://pat.nichd.nih.gov/placentalcelltype/CT.06.01.03 https://pat.nichd.nih.gov/placentalcelltype/CT.06.01.01).
[2026-06-27 16:05:55.071] Found 361 possible bad axioms.
[2026-06-27 16:05:55.072] Selected the bad axiom SubClassOf(https://pat.nichd.nih.gov/placentalcelltype/CT.05.05 https://pat.nichd.nih.gov/placentalcelltype/CT.05.01).
[2026-06-27 16:05:55.077] Found 360 possible bad axioms.
[2026-06-27 16:05:55.077] Selected the bad axiom SubClassOf(https://pat.nichd.nih.gov/placentalcelltype/CT.05.02 https://pat.nichd.nih.gov/placentalcelltype/CT.05.01.03).
[2026-06-27 16:05:55.082] Found 359 possible bad axioms.
[2026-06-27 16:05:55.083] Selected the bad axiom SubClassOf(https://pat.nichd.nih.gov/placentalcelltype/CT.07 owl:Thing).
[2026-06-27 16:05:55.088] Found 358 possible bad axioms.
[2026-06-27 16:05:55.089] Selected the bad axiom SubClassOf(https://pat.nichd.nih.gov/placentalcelltype/CT.06.01 https://pat.nichd.nih.gov/placentalcelltype/CT.06.02).
[2026-06-27 16:05:55.093] Found 357 possible bad axioms.
[2026-06-27 16:05:55.093] Selected the bad axiom SubClassOf(https://pat.nichd.nih.gov/placentalcelltype/CT.03.03 https://pat.nichd.nih.gov/placentalcelltype/CT.03).
[2026-06-27 16:05:55.097] Found 356 possible bad axioms.
[2026-06-27 16:05:55.097] Selected the bad axiom SubClassOf(https://pat.nichd.nih.gov/placentalcelltype/CT.06.03 https://pat.nichd.nih.gov/placentalcelltype/CT.06.01).
[2026-06-27 16:05:55.101] Found 355 possible bad axioms.
[2026-06-27 16:05:55.101] Selected the bad axiom SubClassOf(https://pat.nichd.nih.gov/placentalcelltype/CT.03.02.02 https://pat.nichd.nih.gov/placentalcelltype/CT.03.01.02.02).
[2026-06-27 16:05:55.109] Found 354 possible bad axioms.
[2026-06-27 16:05:55.109] Selected the bad axiom SubClassOf(https://pat.nichd.nih.gov/placentalcelltype/CT.05.02.04 https://pat.nichd.nih.gov/placentalcelltype/CT.05.02.05).
[2026-06-27 16:05:55.112] Found 353 possible bad axioms.
[2026-06-27 16:05:55.113] Selected the bad axiom SubClassOf(https://pat.nichd.nih.gov/placentalcelltype/CT.09 owl:Thing).
[2026-06-27 16:05:55.122] Found 352 possible bad axioms.
[2026-06-27 16:05:55.122] Se
...[truncated]
SUCCESS: attempt=27 seed=369319 success_count=21/100
progress: ontology=PATCT attempt=27 success=21/100
----- PATCT attempt=28 seed=383519 at 2026-06-27 16:07:13 -----
--- stdout ---
{"seed":383519,"run_id":"20260624134028346645","trial_status":"memory_limit_exceeded","error_type":"failure","failure_stage":"B7","error_message":"Repair failed: ExecutionException: java.lang.NullPointerException: operands cannot be null or empty","iic_values":{},"repair_runtimes_ms":{"A1":178,"A2":43810,"A3":597,"B1":1938,"B2":7155,"B3":4409,"B4":1325,"B5":409,"B6":6155,"B7":302}}

--- stderr ---
SingleTrialExperiment starting: ontology=/workspaces/ontologyutils-ekaw26/repair-power-index-replication-ekaw26/ontologies/inconsistent/PATCT.owl, seed=383519, run_id=20260624134028346645
Loaded ontology.
Normalizing ontology with SROIQ normalization...
Normalized ontology with SROIQ normalization.
Ontology is already inconsistent, skipping make-inconsistent step.
Repairing with A1 (random-removal)...
[2026-06-27 16:07:14.191] Checking precondition...
[2026-06-27 16:07:14.207] Starting the repair...
[2026-06-27 16:07:14.216] Found 363 possible bad axioms.
[2026-06-27 16:07:14.218] Selected the bad axiom SubClassOf(https://pat.nichd.nih.gov/placentalcelltype/CT.07.02 https://pat.nichd.nih.gov/placentalcelltype/CT.07).
[2026-06-27 16:07:14.228] Found 362 possible bad axioms.
[2026-06-27 16:07:14.229] Selected the bad axiom SubClassOf(https://pat.nichd.nih.gov/placentalcelltype/CT.04 https://pat.nichd.nih.gov/placentalcelltype/CT.03.01.02.01).
[2026-06-27 16:07:14.235] Found 361 possible bad axioms.
[2026-06-27 16:07:14.235] Selected the bad axiom SubClassOf(https://pat.nichd.nih.gov/placentalcelltype/CT.02.01 https://pat.nichd.nih.gov/placentalcelltype/CT.02).
[2026-06-27 16:07:14.240] Found 360 possible bad axioms.
[2026-06-27 16:07:14.240] Selected the bad axiom SubClassOf(https://pat.nichd.nih.gov/placentalcelltype/CT.08.05 https://pat.nichd.nih.gov/placentalcelltype/CT.08).
[2026-06-27 16:07:14.245] Found 359 possible bad axioms.
[2026-06-27 16:07:14.245] Selected the bad axiom SubClassOf(https://pat.nichd.nih.gov/placentalcelltype/CT.07.04 https://pat.nichd.nih.gov/placentalcelltype/CT.03.01.02.01).
[2026-06-27 16:07:14.250] Found 358 possible bad axioms.
[2026-06-27 16:07:14.250] Selected the bad axiom SubClassOf(https://pat.nichd.nih.gov/placentalcelltype/CT.09.04 https://pat.nichd.nih.gov/placentalcelltype/CT.09.02).
[2026-06-27 16:07:14.254] Found 357 possible bad axioms.
[2026-06-27 16:07:14.254] Selected the bad axiom SubClassOf(https://pat.nichd.nih.gov/placentalcelltype/CT.04 https://pat.nichd.nih.gov/placentalcelltype/CT.04.02).
[2026-06-27 16:07:14.258] Found 356 possible bad axioms.
[2026-06-27 16:07:14.258] Selected the bad axiom SubClassOf(https://pat.nichd.nih.gov/placentalcelltype/CT.05.05 https://pat.nichd.nih.gov/placentalcelltype/CT.05.03).
[2026-06-27 16:07:14.262] Found 355 possible bad axioms.
[2026-06-27 16:07:14.262] Selected the bad axiom SubClassOf(https://pat.nichd.nih.gov/placentalcelltype/CT.02.05.02.02 https://pat.nichd.nih.gov/placentalcelltype/CT.02.05.02.03.01).
[2026-06-27 16:07:14.270] Found 354 possible bad axioms.
[2026-06-27 16:07:14.270] Selected the bad axiom SubClassOf(https://pat.nichd.nih.gov/placentalcelltype/CT.10.02.02 https://pat.nichd.nih.gov/placentalcelltype/CT.10.02.01).
[2026-06-27 16:07:14.274] Found 353 possible bad axioms.
[2026-06-27 16:07:14.274] Selected the bad axiom SubClassOf(https://pat.nichd.nih.gov/placentalcelltype/CT.02.05.02.02 https://pat.nichd.nih.gov/placentalcelltype/CT.02.0
...[truncated]
FAIL: attempt=28 seed=383519 status=memory_limit_exceeded stage=B7 message=Repair failed: ExecutionException: java.lang.NullPointerException: operands cannot be null or empty
progress: ontology=PATCT attempt=28 success=21/100
----- PATCT attempt=29 seed=397719 at 2026-06-27 16:08:23 -----
--- stdout ---
{"seed":397719,"run_id":"20260624134028346645","trial_status":"success","error_type":null,"failure_stage":null,"error_message":null,"iic_values":{"B1_vs_A1":0.15464512406231967,"B1_vs_A2":0.06723283793347487,"B1_vs_A3":0.06723283793347487,"B2_vs_A1":1.0,"B2_vs_A2":0.9968847352024922,"B2_vs_A3":0.9968847352024922,"B3_vs_A1":1.0,"B3_vs_A2":0.9968847352024922,"B3_vs_A3":0.9968847352024922,"B4_vs_A1":1.0,"B4_vs_A2":0.8941176470588236,"B4_vs_A3":0.8941176470588236,"B5_vs_A1":1.0,"B5_vs_A2":0.9968847352024922,"B5_vs_A3":0.9968847352024922,"B6_vs_A1":1.0,"B6_vs_A2":0.9968847352024922,"B6_vs_A3":0.9968847352024922,"B7_vs_A1":1.0,"B7_vs_A2":0.98568281938326,"B7_vs_A3":0.98568281938326,"B8_vs_A1":1.0,"B8_vs_A2":0.9968847352024922,"B8_vs_A3":0.9968847352024922,"B9_vs_A1":1.0,"B9_vs_A2":0.9968847352024922,"B9_vs_A3":0.9968847352024922},"repair_runtimes_ms":{"A1":107,"A2":44292,"A3":595,"B1":1374,"B2":1192,"B3":4324,"B4":159,"B5":673,"B6":5718,"B7":241,"B8":672,"B9":411}}

--- stderr ---
SingleTrialExperiment starting: ontology=/workspaces/ontologyutils-ekaw26/repair-power-index-replication-ekaw26/ontologies/inconsistent/PATCT.owl, seed=397719, run_id=20260624134028346645
Loaded ontology.
Normalizing ontology with SROIQ normalization...
Normalized ontology with SROIQ normalization.
Ontology is already inconsistent, skipping make-inconsistent step.
Repairing with A1 (random-removal)...
[2026-06-27 16:08:23.629] Checking precondition...
[2026-06-27 16:08:23.646] Starting the repair...
[2026-06-27 16:08:23.655] Found 363 possible bad axioms.
[2026-06-27 16:08:23.657] Selected the bad axiom SubClassOf(https://pat.nichd.nih.gov/placentalcelltype/CT.05.02 https://pat.nichd.nih.gov/placentalcelltype/CT.05.01).
[2026-06-27 16:08:23.667] Found 362 possible bad axioms.
[2026-06-27 16:08:23.667] Selected the bad axiom SubClassOf(https://pat.nichd.nih.gov/placentalcelltype/CT.01.01.02 https://pat.nichd.nih.gov/placentalcelltype/CT.01.01).
[2026-06-27 16:08:23.673] Found 361 possible bad axioms.
[2026-06-27 16:08:23.673] Selected the bad axiom SubClassOf(https://pat.nichd.nih.gov/placentalcelltype/CT.02.05.02 https://pat.nichd.nih.gov/placentalcelltype/CT.02.04.02).
[2026-06-27 16:08:23.679] Found 360 possible bad axioms.
[2026-06-27 16:08:23.679] Selected the bad axiom SubClassOf(https://pat.nichd.nih.gov/placentalcelltype/CT.05 https://pat.nichd.nih.gov/placentalcelltype/CT.07.03).
[2026-06-27 16:08:23.686] Found 359 possible bad axioms.
[2026-06-27 16:08:23.686] Selected the bad axiom SubClassOf(https://pat.nichd.nih.gov/placentalcelltype/CT.08.03 https://pat.nichd.nih.gov/placentalcelltype/CT.08).
[2026-06-27 16:08:23.692] Found 358 possible bad axioms.
[2026-06-27 16:08:23.692] Selected the bad axiom SubClassOf(https://pat.nichd.nih.gov/placentalcelltype/CT.06.02.02 https://pat.nichd.nih.gov/placentalcelltype/CT.06.03).
[2026-06-27 16:08:23.696] Found 357 possible bad axioms.
[2026-06-27 16:08:23.696] Selected the bad axiom SubClassOf(https://pat.nichd.nih.gov/placentalcelltype/CT.10.02 https://pat.nichd.nih.gov/placentalcelltype/CT.10).
[2026-06-27 16:08:23.700] Found 356 possible bad axioms.
[2026-06-27 16:08:23.700] Selected the bad axiom SubClassOf(https://pat.nichd.nih.gov/placentalcelltype/CT.05.02.05 https://pat.nichd.nih.gov/placentalcelltype/CT.05.02.02).
[2026-06-27 16:08:23.703] Found 355 possible bad axioms.
[2026-06-27 16:08:23.704] Selected the bad axiom SubClassOf(https://pat.nichd.nih.gov/placentalcelltype/CT.02.05.02.02 https://pat.nichd.nih.gov/placentalcelltype/CT.02.05.02.01.03).
[2026-06-27 16:08:23.711] Found 354 possible bad axioms.
[2026-06-27 16:08:23.711] Selected the bad axiom SubClassOf(https://pat.nichd.nih.gov/placentalcelltype/CT.02.02 https://pat.nichd.nih.gov/placentalcelltype/CT.02.05).
[2026-06-27 16:08:23.714] Found 353 possible bad axioms.
[2026-06-27 16:08:23.714] Selected the bad axiom SubClassOf(https://pat.nichd.nih.gov/placentalcelltype/CT.01.03 https://pat.nichd.nih.gov/placentalcelltype/CT.01.0
...[truncated]
SUCCESS: attempt=29 seed=397719 success_count=22/100
progress: ontology=PATCT attempt=29 success=22/100
----- PATCT attempt=30 seed=411919 at 2026-06-27 16:09:24 -----
--- stdout ---
{"seed":411919,"run_id":"20260624134028346645","trial_status":"success","error_type":null,"failure_stage":null,"error_message":null,"iic_values":{"B1_vs_A1":0.5279503105590062,"B1_vs_A2":0.10588235294117647,"B1_vs_A3":0.06844106463878327,"B2_vs_A1":1.0,"B2_vs_A2":1.0,"B2_vs_A3":0.9730790802019069,"B3_vs_A1":0.9272727272727272,"B3_vs_A2":0.9215686274509803,"B3_vs_A3":0.8969603297269448,"B4_vs_A1":1.0,"B4_vs_A2":1.0,"B4_vs_A3":0.9730790802019069,"B5_vs_A1":1.0,"B5_vs_A2":1.0,"B5_vs_A3":0.9730790802019069,"B6_vs_A1":1.0,"B6_vs_A2":1.0,"B6_vs_A3":0.9730790802019069,"B7_vs_A1":1.0,"B7_vs_A2":1.0,"B7_vs_A3":0.37583892617449666,"B8_vs_A1":1.0,"B8_vs_A2":1.0,"B8_vs_A3":0.9730790802019069,"B9_vs_A1":1.0,"B9_vs_A2":1.0,"B9_vs_A3":0.9730790802019069},"repair_runtimes_ms":{"A1":101,"A2":43893,"A3":3854,"B1":508,"B2":7133,"B3":901,"B4":208,"B5":6828,"B6":4097,"B7":524,"B8":11074,"B9":444}}

--- stderr ---
SingleTrialExperiment starting: ontology=/workspaces/ontologyutils-ekaw26/repair-power-index-replication-ekaw26/ontologies/inconsistent/PATCT.owl, seed=411919, run_id=20260624134028346645
Loaded ontology.
Normalizing ontology with SROIQ normalization...
Normalized ontology with SROIQ normalization.
Ontology is already inconsistent, skipping make-inconsistent step.
Repairing with A1 (random-removal)...
[2026-06-27 16:09:24.599] Checking precondition...
[2026-06-27 16:09:24.616] Starting the repair...
[2026-06-27 16:09:24.624] Found 363 possible bad axioms.
[2026-06-27 16:09:24.626] Selected the bad axiom SubClassOf(https://pat.nichd.nih.gov/placentalcelltype/CT.02.03.01.02 https://pat.nichd.nih.gov/placentalcelltype/CT.02.03.02.02).
[2026-06-27 16:09:24.638] Found 362 possible bad axioms.
[2026-06-27 16:09:24.639] Selected the bad axiom SubClassOf(https://pat.nichd.nih.gov/placentalcelltype/CT.09.04 https://pat.nichd.nih.gov/placentalcelltype/CT.09.02).
[2026-06-27 16:09:24.644] Found 361 possible bad axioms.
[2026-06-27 16:09:24.644] Selected the bad axiom SubClassOf(https://pat.nichd.nih.gov/placentalcelltype/CT.03.02 https://pat.nichd.nih.gov/placentalcelltype/CT.03.01.02.03).
[2026-06-27 16:09:24.649] Found 360 possible bad axioms.
[2026-06-27 16:09:24.650] Selected the bad axiom SubClassOf(https://pat.nichd.nih.gov/placentalcelltype/CT.09 https://pat.nichd.nih.gov/placentalcelltype/CT.09.02).
[2026-06-27 16:09:24.654] Found 359 possible bad axioms.
[2026-06-27 16:09:24.655] Selected the bad axiom SubClassOf(https://pat.nichd.nih.gov/placentalcelltype/CT.08.02 https://pat.nichd.nih.gov/placentalcelltype/CT.08.05).
[2026-06-27 16:09:24.661] Found 358 possible bad axioms.
[2026-06-27 16:09:24.661] Selected the bad axiom SubClassOf(https://pat.nichd.nih.gov/placentalcelltype/CT.05.03.01 https://pat.nichd.nih.gov/placentalcelltype/CT.05.03.02).
[2026-06-27 16:09:24.665] Found 357 possible bad axioms.
[2026-06-27 16:09:24.665] Selected the bad axiom SubClassOf(https://pat.nichd.nih.gov/placentalcelltype/CT.02.03.02.01 https://pat.nichd.nih.gov/placentalcelltype/CT.02.03.01.02).
[2026-06-27 16:09:24.669] Found 356 possible bad axioms.
[2026-06-27 16:09:24.670] Selected the bad axiom SubClassOf(https://pat.nichd.nih.gov/placentalcelltype/CT.02.05.02.01.03 https://pat.nichd.nih.gov/placentalcelltype/CT.02.05.02.01).
[2026-06-27 16:09:24.673] Found 355 possible bad axioms.
[2026-06-27 16:09:24.674] Selected the bad axiom SubClassOf(https://pat.nichd.nih.gov/placentalcelltype/CT.05.02 https://pat.nichd.nih.gov/placentalcelltype/CT.05.03.02).
[2026-06-27 16:09:24.682] Found 354 possible bad axioms.
[2026-06-27 16:09:24.682] Selected the bad axiom SubClassOf(https://pat.nichd.nih.gov/placentalcelltype/CT.10.02.02 https://pat.nichd.nih.gov/placentalcelltype/CT.10.02).
[2026-06-27 16:09:24.686] Found 353 possible bad axioms.
[2026-06-27 16:09:24.686] Selected the bad axiom SubClassOf(owl:Thing https://pat.nichd.nih.gov/placentalcelltype/CT.09.02).
[2026-06-
...[truncated]
SUCCESS: attempt=30 seed=411919 success_count=23/100
progress: ontology=PATCT attempt=30 success=23/100
----- PATCT attempt=31 seed=426119 at 2026-06-27 16:10:45 -----
--- stdout ---
{"seed":426119,"run_id":"20260624134028346645","trial_status":"success","error_type":null,"failure_stage":null,"error_message":null,"iic_values":{"B1_vs_A1":0.9976482884766136,"B1_vs_A2":0.9262295081967213,"B1_vs_A3":0.8941176470588236,"B2_vs_A1":1.0,"B2_vs_A2":0.9966085271317829,"B2_vs_A3":0.9241842610364683,"B3_vs_A1":0.9614300358790364,"B3_vs_A2":0.5,"B3_vs_A3":0.2857142857142857,"B4_vs_A1":0.9984509056244042,"B4_vs_A2":0.9786184210526315,"B4_vs_A3":0.98568281938326,"B5_vs_A1":0.9993623804463337,"B5_vs_A2":0.9945945945945946,"B5_vs_A3":0.9968847352024922,"B6_vs_A1":0.9993623804463337,"B6_vs_A2":0.9945945945945946,"B6_vs_A3":0.9968847352024922,"B7_vs_A1":0.9976602105810477,"B7_vs_A2":0.9316888045540797,"B7_vs_A3":0.9138755980861244,"B8_vs_A1":0.9993623804463337,"B8_vs_A2":0.9945945945945946,"B8_vs_A3":0.9968847352024922,"B9_vs_A1":0.9993623804463337,"B9_vs_A2":0.9945945945945946,"B9_vs_A3":0.9968847352024922},"repair_runtimes_ms":{"A1":352,"A2":43840,"A3":3133,"B1":541,"B2":7105,"B3":7734,"B4":176,"B5":717,"B6":4272,"B7":515,"B8":523,"B9":573}}

--- stderr ---
SingleTrialExperiment starting: ontology=/workspaces/ontologyutils-ekaw26/repair-power-index-replication-ekaw26/ontologies/inconsistent/PATCT.owl, seed=426119, run_id=20260624134028346645
Loaded ontology.
Normalizing ontology with SROIQ normalization...
Normalized ontology with SROIQ normalization.
Ontology is already inconsistent, skipping make-inconsistent step.
Repairing with A1 (random-removal)...
[2026-06-27 16:10:45.898] Checking precondition...
[2026-06-27 16:10:45.913] Starting the repair...
[2026-06-27 16:10:45.922] Found 363 possible bad axioms.
[2026-06-27 16:10:45.924] Selected the bad axiom SubClassOf(https://pat.nichd.nih.gov/placentalcelltype/CT.05.02.01 https://pat.nichd.nih.gov/placentalcelltype/CT.05.02).
[2026-06-27 16:10:45.936] Found 362 possible bad axioms.
[2026-06-27 16:10:45.936] Selected the bad axiom SubClassOf(https://pat.nichd.nih.gov/placentalcelltype/CT.05.01.03.04 https://pat.nichd.nih.gov/placentalcelltype/CT.05.01.03.01).
[2026-06-27 16:10:45.942] Found 361 possible bad axioms.
[2026-06-27 16:10:45.942] Selected the bad axiom SubClassOf(https://pat.nichd.nih.gov/placentalcelltype/CT.05.02.03 https://pat.nichd.nih.gov/placentalcelltype/CT.05.02).
[2026-06-27 16:10:45.948] Found 360 possible bad axioms.
[2026-06-27 16:10:45.948] Selected the bad axiom SubClassOf(https://pat.nichd.nih.gov/placentalcelltype/CT.02.03.01.02 https://pat.nichd.nih.gov/placentalcelltype/CT.02.03.01.01).
[2026-06-27 16:10:45.953] Found 359 possible bad axioms.
[2026-06-27 16:10:45.953] Selected the bad axiom SubClassOf(https://pat.nichd.nih.gov/placentalcelltype/CT.01.03 https://pat.nichd.nih.gov/placentalcelltype/CT.01).
[2026-06-27 16:10:45.958] Found 358 possible bad axioms.
[2026-06-27 16:10:45.959] Selected the bad axiom SubClassOf(https://pat.nichd.nih.gov/placentalcelltype/CT.06.01.01 https://pat.nichd.nih.gov/placentalcelltype/CT.06.02).
[2026-06-27 16:10:45.963] Found 357 possible bad axioms.
[2026-06-27 16:10:45.963] Selected the bad axiom SubClassOf(https://pat.nichd.nih.gov/placentalcelltype/CT.07.02 https://pat.nichd.nih.gov/placentalcelltype/CT.07.03).
[2026-06-27 16:10:45.966] Found 356 possible bad axioms.
[2026-06-27 16:10:45.967] Selected the bad axiom SubClassOf(https://pat.nichd.nih.gov/placentalcelltype/CT.05.02.06 https://pat.nichd.nih.gov/placentalcelltype/CT.05.03.01).
[2026-06-27 16:10:45.975] Found 355 possible bad axioms.
[2026-06-27 16:10:45.975] Selected the bad axiom SubClassOf(https://pat.nichd.nih.gov/placentalcelltype/CT.07.01 https://pat.nichd.nih.gov/placentalcelltype/CT.07).
[2026-06-27 16:10:45.978] Found 354 possible bad axioms.
[2026-06-27 16:10:45.979] Selected the bad axiom SubClassOf(https://pat.nichd.nih.gov/placentalcelltype/CT.01.01.02 https://pat.nichd.nih.gov/placentalcelltype/CT.01.01).
[2026-06-27 16:10:45.981] Found 353 possible bad axioms.
[2026-06-27 16:10:45.982] Selected the bad axiom SubClassOf(https://pat.nichd.nih.gov/placentalcelltype/CT.03.02 https://pat.nichd.nih.gov/placentalcell
...[truncated]
SUCCESS: attempt=31 seed=426119 success_count=24/100
progress: ontology=PATCT attempt=31 success=24/100
----- PATCT attempt=32 seed=440319 at 2026-06-27 16:11:56 -----
--- stdout ---
{"seed":440319,"run_id":"20260624134028346645","trial_status":"memory_limit_exceeded","error_type":"failure","failure_stage":"B4","error_message":"Repair failed: ExecutionException: java.lang.NullPointerException: operands cannot be null or empty","iic_values":{},"repair_runtimes_ms":{"A1":531,"A2":43728,"A3":621,"B1":3108,"B2":1323,"B3":730,"B4":471}}

--- stderr ---
SingleTrialExperiment starting: ontology=/workspaces/ontologyutils-ekaw26/repair-power-index-replication-ekaw26/ontologies/inconsistent/PATCT.owl, seed=440319, run_id=20260624134028346645
Loaded ontology.
Normalizing ontology with SROIQ normalization...
Normalized ontology with SROIQ normalization.
Ontology is already inconsistent, skipping make-inconsistent step.
Repairing with A1 (random-removal)...
[2026-06-27 16:11:56.780] Checking precondition...
[2026-06-27 16:11:56.798] Starting the repair...
[2026-06-27 16:11:56.806] Found 363 possible bad axioms.
[2026-06-27 16:11:56.808] Selected the bad axiom SubClassOf(https://pat.nichd.nih.gov/placentalcelltype/CT.03.02.04 https://pat.nichd.nih.gov/placentalcelltype/CT.03.01.02.03).
[2026-06-27 16:11:56.819] Found 362 possible bad axioms.
[2026-06-27 16:11:56.819] Selected the bad axiom SubClassOf(https://pat.nichd.nih.gov/placentalcelltype/CT.03.02.04 https://pat.nichd.nih.gov/placentalcelltype/CT.03.01.02.01).
[2026-06-27 16:11:56.825] Found 361 possible bad axioms.
[2026-06-27 16:11:56.826] Selected the bad axiom SubClassOf(https://pat.nichd.nih.gov/placentalcelltype/CT.01.04 https://pat.nichd.nih.gov/placentalcelltype/CT.01.02).
[2026-06-27 16:11:56.831] Found 360 possible bad axioms.
[2026-06-27 16:11:56.831] Selected the bad axiom SubClassOf(https://pat.nichd.nih.gov/placentalcelltype/CT.05.02.06.02.02 https://pat.nichd.nih.gov/placentalcelltype/CT.05.02.06.02.04).
[2026-06-27 16:11:56.838] Found 359 possible bad axioms.
[2026-06-27 16:11:56.839] Selected the bad axiom SubClassOf(https://pat.nichd.nih.gov/placentalcelltype/CT.10.02 https://pat.nichd.nih.gov/placentalcelltype/CT.10).
[2026-06-27 16:11:56.844] Found 358 possible bad axioms.
[2026-06-27 16:11:56.845] Selected the bad axiom SubClassOf(https://pat.nichd.nih.gov/placentalcelltype/CT.02.03.01.02 https://pat.nichd.nih.gov/placentalcelltype/CT.02.03.01).
[2026-06-27 16:11:56.848] Found 357 possible bad axioms.
[2026-06-27 16:11:56.848] Selected the bad axiom SubClassOf(https://pat.nichd.nih.gov/placentalcelltype/CT.02.03.02 https://pat.nichd.nih.gov/placentalcelltype/CT.02.03.02.02).
[2026-06-27 16:11:56.852] Found 356 possible bad axioms.
[2026-06-27 16:11:56.853] Selected the bad axiom SubClassOf(https://pat.nichd.nih.gov/placentalcelltype/CT.03.02.02 https://pat.nichd.nih.gov/placentalcelltype/CT.03.02).
[2026-06-27 16:11:56.856] Found 355 possible bad axioms.
[2026-06-27 16:11:56.856] Selected the bad axiom SubClassOf(https://pat.nichd.nih.gov/placentalcelltype/CT.05 https://pat.nichd.nih.gov/placentalcelltype/CT.05.03.02).
[2026-06-27 16:11:56.865] Found 354 possible bad axioms.
[2026-06-27 16:11:56.865] Selected the bad axiom SubClassOf(https://pat.nichd.nih.gov/placentalcelltype/CT.02.02 https://pat.nichd.nih.gov/placentalcelltype/CT.02.05.03).
[2026-06-27 16:11:56.869] Found 353 possible bad axioms.
[2026-06-27 16:11:56.869] Selected the bad axiom SubClassOf(https://pat.nichd.nih.gov/placentalcelltype/CT.10 https://pat.nichd.nih
...[truncated]
FAIL: attempt=32 seed=440319 status=memory_limit_exceeded stage=B4 message=Repair failed: ExecutionException: java.lang.NullPointerException: operands cannot be null or empty
progress: ontology=PATCT attempt=32 success=24/100
----- PATCT attempt=33 seed=454519 at 2026-06-27 16:12:47 -----
--- stdout ---
{"seed":454519,"run_id":"20260624134028346645","trial_status":"success","error_type":null,"failure_stage":null,"error_message":null,"iic_values":{"B1_vs_A1":1.0,"B1_vs_A2":0.98568281938326,"B1_vs_A3":0.5,"B2_vs_A1":0.9727842003853564,"B2_vs_A2":0.059375,"B2_vs_A3":0.02138157894736842,"B3_vs_A1":1.0,"B3_vs_A2":0.9968847352024922,"B3_vs_A3":0.7041139240506329,"B4_vs_A1":1.0,"B4_vs_A2":0.8941176470588236,"B4_vs_A3":0.0,"B5_vs_A1":1.0,"B5_vs_A2":0.9968847352024922,"B5_vs_A3":0.7041139240506329,"B6_vs_A1":1.0,"B6_vs_A2":0.9968847352024922,"B6_vs_A3":0.7041139240506329,"B7_vs_A1":1.0,"B7_vs_A2":0.9968847352024922,"B7_vs_A3":0.7041139240506329,"B8_vs_A1":1.0,"B8_vs_A2":0.9968847352024922,"B8_vs_A3":0.7041139240506329,"B9_vs_A1":1.0,"B9_vs_A2":0.9968847352024922,"B9_vs_A3":0.7041139240506329},"repair_runtimes_ms":{"A1":483,"A2":44189,"A3":594,"B1":512,"B2":11769,"B3":740,"B4":162,"B5":478,"B6":364,"B7":320,"B8":630,"B9":4534}}

--- stderr ---
SingleTrialExperiment starting: ontology=/workspaces/ontologyutils-ekaw26/repair-power-index-replication-ekaw26/ontologies/inconsistent/PATCT.owl, seed=454519, run_id=20260624134028346645
Loaded ontology.
Normalizing ontology with SROIQ normalization...
Normalized ontology with SROIQ normalization.
Ontology is already inconsistent, skipping make-inconsistent step.
Repairing with A1 (random-removal)...
[2026-06-27 16:12:47.757] Checking precondition...
[2026-06-27 16:12:47.774] Starting the repair...
[2026-06-27 16:12:47.784] Found 363 possible bad axioms.
[2026-06-27 16:12:47.786] Selected the bad axiom SubClassOf(https://pat.nichd.nih.gov/placentalcelltype/CT.07.04 https://pat.nichd.nih.gov/placentalcelltype/CT.03.01.02.01).
[2026-06-27 16:12:47.796] Found 362 possible bad axioms.
[2026-06-27 16:12:47.797] Selected the bad axiom SubClassOf(https://pat.nichd.nih.gov/placentalcelltype/CT.02.03.03 https://pat.nichd.nih.gov/placentalcelltype/CT.02.03.02).
[2026-06-27 16:12:47.803] Found 361 possible bad axioms.
[2026-06-27 16:12:47.803] Selected the bad axiom SubClassOf(https://pat.nichd.nih.gov/placentalcelltype/CT.06 owl:Thing).
[2026-06-27 16:12:47.808] Found 360 possible bad axioms.
[2026-06-27 16:12:47.808] Selected the bad axiom SubClassOf(https://pat.nichd.nih.gov/placentalcelltype/CT.02.03.01.02 https://pat.nichd.nih.gov/placentalcelltype/CT.02.03.01).
[2026-06-27 16:12:47.814] Found 359 possible bad axioms.
[2026-06-27 16:12:47.814] Selected the bad axiom SubClassOf(https://pat.nichd.nih.gov/placentalcelltype/CT.08.02 https://pat.nichd.nih.gov/placentalcelltype/CT.08.05).
[2026-06-27 16:12:47.820] Found 358 possible bad axioms.
[2026-06-27 16:12:47.820] Selected the bad axiom SubClassOf(https://pat.nichd.nih.gov/placentalcelltype/CT.04.03 https://pat.nichd.nih.gov/placentalcelltype/CT.04).
[2026-06-27 16:12:47.824] Found 357 possible bad axioms.
[2026-06-27 16:12:47.825] Selected the bad axiom SubClassOf(https://pat.nichd.nih.gov/placentalcelltype/CT.01 https://pat.nichd.nih.gov/placentalcelltype/CT.04.02).
[2026-06-27 16:12:47.829] Found 356 possible bad axioms.
[2026-06-27 16:12:47.829] Selected the bad axiom SubClassOf(https://pat.nichd.nih.gov/placentalcelltype/CT.06.03.02 https://pat.nichd.nih.gov/placentalcelltype/CT.06.03).
[2026-06-27 16:12:47.832] Found 355 possible bad axioms.
[2026-06-27 16:12:47.832] Selected the bad axiom SubClassOf(https://pat.nichd.nih.gov/placentalcelltype/CT.02.05.02.01 https://pat.nichd.nih.gov/placentalcelltype/CT.02.05.02).
[2026-06-27 16:12:47.841] Found 354 possible bad axioms.
[2026-06-27 16:12:47.841] Selected the bad axiom SubClassOf(https://pat.nichd.nih.gov/placentalcelltype/CT.07.04 https://pat.nichd.nih.gov/placentalcelltype/CT.07).
[2026-06-27 16:12:47.845] Found 353 possible bad axioms.
[2026-06-27 16:12:47.845] Selected the bad axiom SubClassOf(https://pat.nichd.nih.gov/placentalcelltype/CT.02.05.03.03 https://pat.nichd.nih.gov/placentalcelltype/CT.02.05.03.04).
[2026-06-27 16:12:47.854] Foun
...[truncated]
SUCCESS: attempt=33 seed=454519 success_count=25/100
progress: ontology=PATCT attempt=33 success=25/100
----- PATCT attempt=34 seed=468719 at 2026-06-27 16:13:53 -----
--- stdout ---
{"seed":468719,"run_id":"20260624134028346645","trial_status":"success","error_type":null,"failure_stage":null,"error_message":null,"iic_values":{"B1_vs_A1":0.9984904784022295,"B1_vs_A2":0.9786184210526315,"B1_vs_A3":0.9212121212121213,"B2_vs_A1":0.9993416721527321,"B2_vs_A2":0.9945945945945946,"B2_vs_A3":0.7193705507680779,"B3_vs_A1":0.9996126604692341,"B3_vs_A2":0.9966085271317829,"B3_vs_A3":0.7041019514137794,"B4_vs_A1":0.9984904784022295,"B4_vs_A2":0.9786184210526315,"B4_vs_A3":0.9212121212121213,"B5_vs_A1":0.9993416721527321,"B5_vs_A2":0.9945945945945946,"B5_vs_A3":0.7193705507680779,"B6_vs_A1":0.9993416721527321,"B6_vs_A2":0.9945945945945946,"B6_vs_A3":0.7193705507680779,"B7_vs_A1":0.9984904784022295,"B7_vs_A2":0.9786184210526315,"B7_vs_A3":0.9212121212121213,"B8_vs_A1":0.9993416721527321,"B8_vs_A2":0.9945945945945946,"B8_vs_A3":0.7193705507680779,"B9_vs_A1":0.9993416721527321,"B9_vs_A2":0.9945945945945946,"B9_vs_A3":0.7193705507680779},"repair_runtimes_ms":{"A1":498,"A2":44526,"A3":584,"B1":2138,"B2":7251,"B3":4321,"B4":148,"B5":433,"B6":308,"B7":403,"B8":6737,"B9":570}}

--- stderr ---
SingleTrialExperiment starting: ontology=/workspaces/ontologyutils-ekaw26/repair-power-index-replication-ekaw26/ontologies/inconsistent/PATCT.owl, seed=468719, run_id=20260624134028346645
Loaded ontology.
Normalizing ontology with SROIQ normalization...
Normalized ontology with SROIQ normalization.
Ontology is already inconsistent, skipping make-inconsistent step.
Repairing with A1 (random-removal)...
[2026-06-27 16:13:53.899] Checking precondition...
[2026-06-27 16:13:53.915] Starting the repair...
[2026-06-27 16:13:53.923] Found 363 possible bad axioms.
[2026-06-27 16:13:53.925] Selected the bad axiom SubClassOf(https://pat.nichd.nih.gov/placentalcelltype/CT.05.01.03.03 https://pat.nichd.nih.gov/placentalcelltype/CT.05.01.03.07).
[2026-06-27 16:13:53.935] Found 362 possible bad axioms.
[2026-06-27 16:13:53.935] Selected the bad axiom SubClassOf(https://pat.nichd.nih.gov/placentalcelltype/CT.02.02 https://pat.nichd.nih.gov/placentalcelltype/CT.02.05.03.02).
[2026-06-27 16:13:53.940] Found 361 possible bad axioms.
[2026-06-27 16:13:53.941] Selected the bad axiom SubClassOf(https://pat.nichd.nih.gov/placentalcelltype/CT.05.02.06.02 https://pat.nichd.nih.gov/placentalcelltype/CT.05.02.06.01).
[2026-06-27 16:13:53.946] Found 360 possible bad axioms.
[2026-06-27 16:13:53.946] Selected the bad axiom SubClassOf(https://pat.nichd.nih.gov/placentalcelltype/CT.03.02 https://pat.nichd.nih.gov/placentalcelltype/CT.03.01).
[2026-06-27 16:13:53.952] Found 359 possible bad axioms.
[2026-06-27 16:13:53.952] Selected the bad axiom SubClassOf(https://pat.nichd.nih.gov/placentalcelltype/CT.05.01.03.05 https://pat.nichd.nih.gov/placentalcelltype/CT.05.01.03).
[2026-06-27 16:13:53.957] Found 358 possible bad axioms.
[2026-06-27 16:13:53.958] Selected the bad axiom SubClassOf(https://pat.nichd.nih.gov/placentalcelltype/CT.01.02 https://pat.nichd.nih.gov/placentalcelltype/CT.01).
[2026-06-27 16:13:53.962] Found 357 possible bad axioms.
[2026-06-27 16:13:53.962] Selected the bad axiom SubClassOf(https://pat.nichd.nih.gov/placentalcelltype/CT.03.02.01 https://pat.nichd.nih.gov/placentalcelltype/CT.03.02).
[2026-06-27 16:13:53.966] Found 356 possible bad axioms.
[2026-06-27 16:13:53.966] Selected the bad axiom SubClassOf(https://pat.nichd.nih.gov/placentalcelltype/CT.02.03.03 https://pat.nichd.nih.gov/placentalcelltype/CT.02.03.02).
[2026-06-27 16:13:53.975] Found 355 possible bad axioms.
[2026-06-27 16:13:53.975] Selected the bad axiom SubClassOf(https://pat.nichd.nih.gov/placentalcelltype/CT.03.01 https://pat.nichd.nih.gov/placentalcelltype/CT.03).
[2026-06-27 16:13:53.978] Found 354 possible bad axioms.
[2026-06-27 16:13:53.978] Selected the bad axiom SubClassOf(https://pat.nichd.nih.gov/placentalcelltype/CT.05 https://pat.nichd.nih.gov/placentalcelltype/CT.07.03).
[2026-06-27 16:13:53.981] Found 353 possible bad axioms.
[2026-06-27 16:13:53.981] Selected the bad axiom SubClassOf(https://pat.nichd.nih.gov/placentalcelltype/CT.05.01.03 https://pat.nichd.nih.gov/placent
...[truncated]
SUCCESS: attempt=34 seed=468719 success_count=26/100
progress: ontology=PATCT attempt=34 success=26/100
----- PATCT attempt=35 seed=482919 at 2026-06-27 16:15:04 -----
--- stdout ---
{"seed":482919,"run_id":"20260624134028346645","trial_status":"success","error_type":null,"failure_stage":null,"error_message":null,"iic_values":{"B1_vs_A1":0.9616204690831557,"B1_vs_A2":0.8941176470588236,"B1_vs_A3":0.0,"B2_vs_A1":0.9955056179775281,"B2_vs_A2":0.9968847352024922,"B2_vs_A3":0.7041139240506329,"B3_vs_A1":0.9753246753246754,"B3_vs_A2":0.5,"B3_vs_A3":0.014317180616740088,"B4_vs_A1":0.965082444228904,"B4_vs_A2":0.9315589353612167,"B4_vs_A3":0.06964520367936924,"B5_vs_A1":0.9955056179775281,"B5_vs_A2":0.9968847352024922,"B5_vs_A3":0.7041139240506329,"B6_vs_A1":0.9955056179775281,"B6_vs_A2":0.9968847352024922,"B6_vs_A3":0.7041139240506329,"B7_vs_A1":0.9637826961770624,"B7_vs_A2":0.9203539823008849,"B7_vs_A3":0.06532663316582915,"B8_vs_A1":0.9955056179775281,"B8_vs_A2":0.9968847352024922,"B8_vs_A3":0.7041139240506329,"B9_vs_A1":0.9955056179775281,"B9_vs_A2":0.9968847352024922,"B9_vs_A3":0.7041139240506329},"repair_runtimes_ms":{"A1":162,"A2":44780,"A3":598,"B1":551,"B2":7312,"B3":7634,"B4":1246,"B5":7407,"B6":6451,"B7":552,"B8":559,"B9":506}}

--- stderr ---
SingleTrialExperiment starting: ontology=/workspaces/ontologyutils-ekaw26/repair-power-index-replication-ekaw26/ontologies/inconsistent/PATCT.owl, seed=482919, run_id=20260624134028346645
Loaded ontology.
Normalizing ontology with SROIQ normalization...
Normalized ontology with SROIQ normalization.
Ontology is already inconsistent, skipping make-inconsistent step.
Repairing with A1 (random-removal)...
[2026-06-27 16:15:04.840] Checking precondition...
[2026-06-27 16:15:04.856] Starting the repair...
[2026-06-27 16:15:04.864] Found 363 possible bad axioms.
[2026-06-27 16:15:04.866] Selected the bad axiom SubClassOf(https://pat.nichd.nih.gov/placentalcelltype/CT.03.03.02 https://pat.nichd.nih.gov/placentalcelltype/CT.03.03.03).
[2026-06-27 16:15:04.878] Found 362 possible bad axioms.
[2026-06-27 16:15:04.879] Selected the bad axiom SubClassOf(https://pat.nichd.nih.gov/placentalcelltype/CT.10.02 https://pat.nichd.nih.gov/placentalcelltype/CT.10.01).
[2026-06-27 16:15:04.884] Found 361 possible bad axioms.
[2026-06-27 16:15:04.884] Selected the bad axiom SubClassOf(https://pat.nichd.nih.gov/placentalcelltype/CT.02.05.02.02.01 https://pat.nichd.nih.gov/placentalcelltype/CT.02.05.02.02.02).
[2026-06-27 16:15:04.890] Found 360 possible bad axioms.
[2026-06-27 16:15:04.890] Selected the bad axiom SubClassOf(https://pat.nichd.nih.gov/placentalcelltype/CT.05.02 https://pat.nichd.nih.gov/placentalcelltype/CT.05.01.03).
[2026-06-27 16:15:04.895] Found 359 possible bad axioms.
[2026-06-27 16:15:04.896] Selected the bad axiom SubClassOf(https://pat.nichd.nih.gov/placentalcelltype/CT.02.05.02.03 https://pat.nichd.nih.gov/placentalcelltype/CT.02.05.02).
[2026-06-27 16:15:04.900] Found 358 possible bad axioms.
[2026-06-27 16:15:04.900] Selected the bad axiom SubClassOf(https://pat.nichd.nih.gov/placentalcelltype/CT.02 https://pat.nichd.nih.gov/placentalcelltype/CT.02.01).
[2026-06-27 16:15:04.904] Found 357 possible bad axioms.
[2026-06-27 16:15:04.904] Selected the bad axiom SubClassOf(https://pat.nichd.nih.gov/placentalcelltype/CT.02.05 https://pat.nichd.nih.gov/placentalcelltype/CT.02.03.01.02).
[2026-06-27 16:15:04.908] Found 356 possible bad axioms.
[2026-06-27 16:15:04.908] Selected the bad axiom SubClassOf(https://pat.nichd.nih.gov/placentalcelltype/CT.02.05.02.03.01 https://pat.nichd.nih.gov/placentalcelltype/CT.02.05.02.03).
[2026-06-27 16:15:04.916] Found 355 possible bad axioms.
[2026-06-27 16:15:04.916] Selected the bad axiom SubClassOf(https://pat.nichd.nih.gov/placentalcelltype/CT.04.01 https://pat.nichd.nih.gov/placentalcelltype/CT.04.03).
[2026-06-27 16:15:04.920] Found 354 possible bad axioms.
[2026-06-27 16:15:04.920] Selected the bad axiom SubClassOf(https://pat.nichd.nih.gov/placentalcelltype/CT.10.03 https://pat.nichd.nih.gov/placentalcelltype/CT.10.04).
[2026-06-27 16:15:04.923] Found 353 possible bad axioms.
[2026-06-27 16:15:04.923] Selected the bad axiom SubClassOf(https://pat.nichd.nih.gov/placentalcelltype/CT.03.02.01 https://pat.nichd.
...[truncated]
SUCCESS: attempt=35 seed=482919 success_count=27/100
progress: ontology=PATCT attempt=35 success=27/100
----- PATCT attempt=36 seed=497119 at 2026-06-27 16:16:24 -----
--- stdout ---
{"seed":497119,"run_id":"20260624134028346645","trial_status":"success","error_type":null,"failure_stage":null,"error_message":null,"iic_values":{"B1_vs_A1":0.9907407407407407,"B1_vs_A2":0.9262295081967213,"B1_vs_A3":0.8941176470588236,"B2_vs_A1":0.997864768683274,"B2_vs_A2":0.9945945945945946,"B2_vs_A3":0.9968847352024922,"B3_vs_A1":0.9948924731182796,"B3_vs_A2":0.940625,"B3_vs_A3":0.5,"B4_vs_A1":0.994367417677643,"B4_vs_A2":0.9786184210526315,"B4_vs_A3":0.98568281938326,"B5_vs_A1":0.997864768683274,"B5_vs_A2":0.9945945945945946,"B5_vs_A3":0.9968847352024922,"B6_vs_A1":0.997864768683274,"B6_vs_A2":0.9945945945945946,"B6_vs_A3":0.9968847352024922,"B7_vs_A1":0.994367417677643,"B7_vs_A2":0.9786184210526315,"B7_vs_A3":0.98568281938326,"B8_vs_A1":0.997864768683274,"B8_vs_A2":0.9945945945945946,"B8_vs_A3":0.9968847352024922,"B9_vs_A1":0.997864768683274,"B9_vs_A2":0.9945945945945946,"B9_vs_A3":0.9968847352024922},"repair_runtimes_ms":{"A1":206,"A2":44637,"A3":553,"B1":1040,"B2":7325,"B3":8168,"B4":162,"B5":432,"B6":6438,"B7":280,"B8":887,"B9":616}}

--- stderr ---
SingleTrialExperiment starting: ontology=/workspaces/ontologyutils-ekaw26/repair-power-index-replication-ekaw26/ontologies/inconsistent/PATCT.owl, seed=497119, run_id=20260624134028346645
Loaded ontology.
Normalizing ontology with SROIQ normalization...
Normalized ontology with SROIQ normalization.
Ontology is already inconsistent, skipping make-inconsistent step.
Repairing with A1 (random-removal)...
[2026-06-27 16:16:25.006] Checking precondition...
[2026-06-27 16:16:25.023] Starting the repair...
[2026-06-27 16:16:25.032] Found 363 possible bad axioms.
[2026-06-27 16:16:25.034] Selected the bad axiom SubClassOf(https://pat.nichd.nih.gov/placentalcelltype/CT.01.01 owl:Nothing).
[2026-06-27 16:16:25.045] Found 362 possible bad axioms.
[2026-06-27 16:16:25.046] Selected the bad axiom SubClassOf(https://pat.nichd.nih.gov/placentalcelltype/CT.06.01.02 https://pat.nichd.nih.gov/placentalcelltype/CT.06.01).
[2026-06-27 16:16:25.051] Found 361 possible bad axioms.
[2026-06-27 16:16:25.051] Selected the bad axiom SubClassOf(https://pat.nichd.nih.gov/placentalcelltype/CT.01 https://pat.nichd.nih.gov/placentalcelltype/CT.04.02).
[2026-06-27 16:16:25.057] Found 360 possible bad axioms.
[2026-06-27 16:16:25.057] Selected the bad axiom SubClassOf(https://pat.nichd.nih.gov/placentalcelltype/CT.02.03.01.02 https://pat.nichd.nih.gov/placentalcelltype/CT.02.03.02).
[2026-06-27 16:16:25.063] Found 359 possible bad axioms.
[2026-06-27 16:16:25.063] Selected the bad axiom SubClassOf(https://pat.nichd.nih.gov/placentalcelltype/CT.02.05 https://pat.nichd.nih.gov/placentalcelltype/CT.02.01).
[2026-06-27 16:16:25.068] Found 358 possible bad axioms.
[2026-06-27 16:16:25.068] Selected the bad axiom SubClassOf(https://pat.nichd.nih.gov/placentalcelltype/CT.03.02.01 https://pat.nichd.nih.gov/placentalcelltype/CT.03.02.05).
[2026-06-27 16:16:25.072] Found 357 possible bad axioms.
[2026-06-27 16:16:25.072] Selected the bad axiom SubClassOf(https://pat.nichd.nih.gov/placentalcelltype/CT.01.03 https://pat.nichd.nih.gov/placentalcelltype/CT.01).
[2026-06-27 16:16:25.076] Found 356 possible bad axioms.
[2026-06-27 16:16:25.076] Selected the bad axiom SubClassOf(https://pat.nichd.nih.gov/placentalcelltype/CT.02.05.03.02.03 owl:Nothing).
[2026-06-27 16:16:25.080] Found 355 possible bad axioms.
[2026-06-27 16:16:25.080] Selected the bad axiom SubClassOf(https://pat.nichd.nih.gov/placentalcelltype/CT.03.02.02 https://pat.nichd.nih.gov/placentalcelltype/CT.03.02.05).
[2026-06-27 16:16:25.088] Found 354 possible bad axioms.
[2026-06-27 16:16:25.088] Selected the bad axiom SubClassOf(https://pat.nichd.nih.gov/placentalcelltype/CT.01.01 https://pat.nichd.nih.gov/placentalcelltype/CT.01.01.01).
[2026-06-27 16:16:25.091] Found 353 possible bad axioms.
[2026-06-27 16:16:25.092] Selected the bad axiom SubClassOf(https://pat.nichd.nih.gov/placentalcelltype/CT.03.03.02 https://pat.nichd.nih.gov/placentalcelltype/CT.03.03.06).
[2026-06-27 16:16:25.100] Found 352 possible bad axioms.
[2026-06-
...[truncated]
SUCCESS: attempt=36 seed=497119 success_count=28/100
progress: ontology=PATCT attempt=36 success=28/100
----- PATCT attempt=37 seed=511319 at 2026-06-27 16:17:36 -----
--- stdout ---
{"seed":511319,"run_id":"20260624134028346645","trial_status":"success","error_type":null,"failure_stage":null,"error_message":null,"iic_values":{"B1_vs_A1":0.998568203094884,"B1_vs_A2":1.0,"B1_vs_A3":0.9786184210526315,"B2_vs_A1":1.0,"B2_vs_A2":0.07377049180327869,"B2_vs_A3":0.5,"B3_vs_A1":0.9993737932474038,"B3_vs_A2":1.0,"B3_vs_A3":0.9945945945945946,"B4_vs_A1":0.9979347140152601,"B4_vs_A2":0.5,"B4_vs_A3":0.9262295081967213,"B5_vs_A1":0.9993737932474038,"B5_vs_A2":1.0,"B5_vs_A3":0.9945945945945946,"B6_vs_A1":0.9993737932474038,"B6_vs_A2":1.0,"B6_vs_A3":0.9945945945945946,"B7_vs_A1":0.998568203094884,"B7_vs_A2":1.0,"B7_vs_A3":0.9786184210526315,"B8_vs_A1":0.9993737932474038,"B8_vs_A2":1.0,"B8_vs_A3":0.9945945945945946,"B9_vs_A1":0.9993737932474038,"B9_vs_A2":1.0,"B9_vs_A3":0.9945945945945946},"repair_runtimes_ms":{"A1":485,"A2":43976,"A3":561,"B1":551,"B2":11493,"B3":777,"B4":160,"B5":452,"B6":4270,"B7":408,"B8":11459,"B9":547}}

--- stderr ---
SingleTrialExperiment starting: ontology=/workspaces/ontologyutils-ekaw26/repair-power-index-replication-ekaw26/ontologies/inconsistent/PATCT.owl, seed=511319, run_id=20260624134028346645
Loaded ontology.
Normalizing ontology with SROIQ normalization...
Normalized ontology with SROIQ normalization.
Ontology is already inconsistent, skipping make-inconsistent step.
Repairing with A1 (random-removal)...
[2026-06-27 16:17:37.285] Checking precondition...
[2026-06-27 16:17:37.302] Starting the repair...
[2026-06-27 16:17:37.311] Found 363 possible bad axioms.
[2026-06-27 16:17:37.313] Selected the bad axiom SubClassOf(https://pat.nichd.nih.gov/placentalcelltype/CT.07.03 https://pat.nichd.nih.gov/placentalcelltype/CT.07).
[2026-06-27 16:17:37.324] Found 362 possible bad axioms.
[2026-06-27 16:17:37.325] Selected the bad axiom SubClassOf(https://pat.nichd.nih.gov/placentalcelltype/CT.04.01 https://pat.nichd.nih.gov/placentalcelltype/CT.04.03).
[2026-06-27 16:17:37.331] Found 361 possible bad axioms.
[2026-06-27 16:17:37.331] Selected the bad axiom SubClassOf(https://pat.nichd.nih.gov/placentalcelltype/CT.05.04.01 https://pat.nichd.nih.gov/placentalcelltype/CT.05.04).
[2026-06-27 16:17:37.336] Found 360 possible bad axioms.
[2026-06-27 16:17:37.337] Selected the bad axiom SubClassOf(https://pat.nichd.nih.gov/placentalcelltype/CT.10.01.02 https://pat.nichd.nih.gov/placentalcelltype/CT.10.01).
[2026-06-27 16:17:37.342] Found 359 possible bad axioms.
[2026-06-27 16:17:37.342] Selected the bad axiom SubClassOf(https://pat.nichd.nih.gov/placentalcelltype/CT.01 https://pat.nichd.nih.gov/placentalcelltype/CT.04.02).
[2026-06-27 16:17:37.347] Found 358 possible bad axioms.
[2026-06-27 16:17:37.347] Selected the bad axiom SubClassOf(https://pat.nichd.nih.gov/placentalcelltype/CT.03 https://pat.nichd.nih.gov/placentalcelltype/CT.03.01.03).
[2026-06-27 16:17:37.351] Found 357 possible bad axioms.
[2026-06-27 16:17:37.351] Selected the bad axiom SubClassOf(https://pat.nichd.nih.gov/placentalcelltype/CT.05.01.02.02 https://pat.nichd.nih.gov/placentalcelltype/CT.05.01.02.01).
[2026-06-27 16:17:37.355] Found 356 possible bad axioms.
[2026-06-27 16:17:37.355] Selected the bad axiom SubClassOf(https://pat.nichd.nih.gov/placentalcelltype/CT.07.03 https://pat.nichd.nih.gov/placentalcelltype/CT.10).
[2026-06-27 16:17:37.358] Found 355 possible bad axioms.
[2026-06-27 16:17:37.359] Selected the bad axiom SubClassOf(https://pat.nichd.nih.gov/placentalcelltype/CT.05.01.03.06 https://pat.nichd.nih.gov/placentalcelltype/CT.05.01.03.04).
[2026-06-27 16:17:37.367] Found 354 possible bad axioms.
[2026-06-27 16:17:37.367] Selected the bad axiom SubClassOf(https://pat.nichd.nih.gov/placentalcelltype/CT.06.03.02 https://pat.nichd.nih.gov/placentalcelltype/CT.06.03).
[2026-06-27 16:17:37.370] Found 353 possible bad axioms.
[2026-06-27 16:17:37.371] Selected the bad axiom SubClassOf(https://pat.nichd.nih.gov/placentalcelltype/CT.02.05.03.02.01 https://pat.nichd.nih.gov/placentalcelltyp
...[truncated]
SUCCESS: attempt=37 seed=511319 success_count=29/100
progress: ontology=PATCT attempt=37 success=29/100
----- PATCT attempt=38 seed=525519 at 2026-06-27 16:18:53 -----
--- stderr ---
SingleTrialExperiment starting: ontology=/workspaces/ontologyutils-ekaw26/repair-power-index-replication-ekaw26/ontologies/inconsistent/PATCT.owl, seed=525519, run_id=20260624134028346645
Loaded ontology.
Normalizing ontology with SROIQ normalization...
Normalized ontology with SROIQ normalization.
Ontology is already inconsistent, skipping make-inconsistent step.
Repairing with A1 (random-removal)...
[2026-06-27 16:18:54.039] Checking precondition...
[2026-06-27 16:18:54.056] Starting the repair...
[2026-06-27 16:18:54.064] Found 363 possible bad axioms.
[2026-06-27 16:18:54.065] Selected the bad axiom SubClassOf(https://pat.nichd.nih.gov/placentalcelltype/CT.06.02.02 https://pat.nichd.nih.gov/placentalcelltype/CT.06.03).
[2026-06-27 16:18:54.076] Found 362 possible bad axioms.
[2026-06-27 16:18:54.076] Selected the bad axiom SubClassOf(https://pat.nichd.nih.gov/placentalcelltype/CT.08 https://pat.nichd.nih.gov/placentalcelltype/CT.08.05).
[2026-06-27 16:18:54.083] Found 361 possible bad axioms.
[2026-06-27 16:18:54.083] Selected the bad axiom SubClassOf(https://pat.nichd.nih.gov/placentalcelltype/CT.06.01 https://pat.nichd.nih.gov/placentalcelltype/CT.06).
[2026-06-27 16:18:54.088] Found 360 possible bad axioms.
[2026-06-27 16:18:54.088] Selected the bad axiom SubClassOf(https://pat.nichd.nih.gov/placentalcelltype/CT.05.03.01 https://pat.nichd.nih.gov/placentalcelltype/CT.05.03.02).
[2026-06-27 16:18:54.094] Found 359 possible bad axioms.
[2026-06-27 16:18:54.094] Selected the bad axiom SubClassOf(https://pat.nichd.nih.gov/placentalcelltype/CT.03.02 https://pat.nichd.nih.gov/placentalcelltype/CT.03.03.05).
[2026-06-27 16:18:54.099] Found 358 possible bad axioms.
[2026-06-27 16:18:54.099] Selected the bad axiom SubClassOf(https://pat.nichd.nih.gov/placentalcelltype/CT.05.02.06 https://pat.nichd.nih.gov/placentalcelltype/CT.05.03.01).
[2026-06-27 16:18:54.102] Found 357 possible bad axioms.
[2026-06-27 16:18:54.103] Selected the bad axiom SubClassOf(https://pat.nichd.nih.gov/placentalcelltype/CT.03.03 https://pat.nichd.nih.gov/placentalcelltype/CT.03.01.02).
[2026-06-27 16:18:54.106] Found 356 possible bad axioms.
[2026-06-27 16:18:54.106] Selected the bad axiom SubClassOf(https://pat.nichd.nih.gov/placentalcelltype/CT.03.01 https://pat.nichd.nih.gov/placentalcelltype/CT.03).
[2026-06-27 16:18:54.110] Found 355 possible bad axioms.
[2026-06-27 16:18:54.110] Selected the bad axiom SubClassOf(https://pat.nichd.nih.gov/placentalcelltype/CT.10 owl:Thing).
[2026-06-27 16:18:54.118] Found 354 possible bad axioms.
[2026-06-27 16:18:54.119] Selected the bad axiom SubClassOf(https://pat.nichd.nih.gov/placentalcelltype/CT.06.03.03 https://pat.nichd.nih.gov/placentalcelltype/CT.06.03).
[2026-06-27 16:18:54.122] Found 353 possible bad axioms.
[2026-06-27 16:18:54.122] Selected the bad axiom SubClassOf(https://pat.nichd.nih.gov/placentalcelltype/CT.05.02.05 https://pat.nichd.nih.gov/placentalcelltype/CT.05.02).
[2026-06-27 16:18:54.131] Found 352 possible bad
...[truncated]
FAIL: attempt=38 seed=525519 - negative return code -9
progress: ontology=PATCT attempt=38 success=29/100
----- PATCT attempt=39 seed=539719 at 2026-06-27 16:20:11 -----
--- stdout ---
{"seed":539719,"run_id":"20260624134028346645","trial_status":"success","error_type":null,"failure_stage":null,"error_message":null,"iic_values":{"B1_vs_A1":1.0,"B1_vs_A2":0.5,"B1_vs_A3":0.888235294117647,"B2_vs_A1":0.5207006369426752,"B2_vs_A2":0.059375,"B2_vs_A3":0.3469387755102041,"B3_vs_A1":0.5207006369426752,"B3_vs_A2":0.059375,"B3_vs_A3":0.3469387755102041,"B4_vs_A1":0.9653846153846154,"B4_vs_A2":0.9150943396226415,"B4_vs_A3":0.9052631578947369,"B5_vs_A1":0.9973142345568488,"B5_vs_A2":0.9968847352024922,"B5_vs_A3":0.9942028985507246,"B6_vs_A1":0.9973142345568488,"B6_vs_A2":0.9968847352024922,"B6_vs_A3":0.9942028985507246,"B7_vs_A1":0.9893092105263158,"B7_vs_A2":0.98568281938326,"B7_vs_A3":0.975609756097561,"B8_vs_A1":0.9973142345568488,"B8_vs_A2":0.9968847352024922,"B8_vs_A3":0.9942028985507246,"B9_vs_A1":0.9973142345568488,"B9_vs_A2":0.9968847352024922,"B9_vs_A3":0.9942028985507246},"repair_runtimes_ms":{"A1":78,"A2":44148,"A3":4019,"B1":527,"B2":11567,"B3":7588,"B4":350,"B5":705,"B6":374,"B7":526,"B8":781,"B9":542}}

--- stderr ---
SingleTrialExperiment starting: ontology=/workspaces/ontologyutils-ekaw26/repair-power-index-replication-ekaw26/ontologies/inconsistent/PATCT.owl, seed=539719, run_id=20260624134028346645
Loaded ontology.
Normalizing ontology with SROIQ normalization...
Normalized ontology with SROIQ normalization.
Ontology is already inconsistent, skipping make-inconsistent step.
Repairing with A1 (random-removal)...
[2026-06-27 16:20:11.719] Checking precondition...
[2026-06-27 16:20:11.736] Starting the repair...
[2026-06-27 16:20:11.744] Found 363 possible bad axioms.
[2026-06-27 16:20:11.746] Selected the bad axiom SubClassOf(https://pat.nichd.nih.gov/placentalcelltype/CT.05.02.05 https://pat.nichd.nih.gov/placentalcelltype/CT.05.02.06).
[2026-06-27 16:20:11.756] Found 362 possible bad axioms.
[2026-06-27 16:20:11.757] Selected the bad axiom SubClassOf(https://pat.nichd.nih.gov/placentalcelltype/CT.10.04 https://pat.nichd.nih.gov/placentalcelltype/CT.10.02.01).
[2026-06-27 16:20:11.762] Found 361 possible bad axioms.
[2026-06-27 16:20:11.763] Selected the bad axiom SubClassOf(https://pat.nichd.nih.gov/placentalcelltype/CT.02.05.02.02 owl:Nothing).
[2026-06-27 16:20:11.768] Found 360 possible bad axioms.
[2026-06-27 16:20:11.768] Selected the bad axiom SubClassOf(https://pat.nichd.nih.gov/placentalcelltype/CT.10.06 https://pat.nichd.nih.gov/placentalcelltype/CT.10.03).
[2026-06-27 16:20:11.773] Found 359 possible bad axioms.
[2026-06-27 16:20:11.773] Selected the bad axiom SubClassOf(https://pat.nichd.nih.gov/placentalcelltype/CT.05.02.02 https://pat.nichd.nih.gov/placentalcelltype/CT.05.02).
[2026-06-27 16:20:11.778] Found 358 possible bad axioms.
[2026-06-27 16:20:11.779] Selected the bad axiom SubClassOf(https://pat.nichd.nih.gov/placentalcelltype/CT.06.03 https://pat.nichd.nih.gov/placentalcelltype/CT.06.03.01).
[2026-06-27 16:20:11.783] Found 357 possible bad axioms.
[2026-06-27 16:20:11.783] Selected the bad axiom SubClassOf(https://pat.nichd.nih.gov/placentalcelltype/CT.02.05.02.03.01 https://pat.nichd.nih.gov/placentalcelltype/CT.02.05.02.03).
[2026-06-27 16:20:11.787] Found 356 possible bad axioms.
[2026-06-27 16:20:11.787] Selected the bad axiom SubClassOf(https://pat.nichd.nih.gov/placentalcelltype/CT.09.02 https://pat.nichd.nih.gov/placentalcelltype/CT.09).
[2026-06-27 16:20:11.791] Finished repairing the ontology.
Repairing with A2 (not-in-largest-mcs-removal)...
[2026-06-27 16:20:11.792] Checking precondition...
[2026-06-27 16:20:11.804] Starting the repair...
[2026-06-27 16:20:55.939] Found 3 possible bad axioms.
[2026-06-27 16:20:55.940] Selected the bad axiom SubClassOf(https://pat.nichd.nih.gov/placentalcelltype/CT.09.02 https://pat.nichd.nih.gov/placentalcelltype/CT.09).
[2026-06-27 16:20:55.940] Finished repairing the ontology.
Repairing with A3 (default-weakening)...
[2026-06-27 16:20:55.941] Checking precondition...
[2026-06-27 16:20:55.945] Starting the repair...
[2026-06-27 16:20:55.964] Selected a reference ontology with 515 axioms.
[
...[truncated]
SUCCESS: attempt=39 seed=539719 success_count=30/100
progress: ontology=PATCT attempt=39 success=30/100
----- PATCT attempt=40 seed=553919 at 2026-06-27 16:21:24 -----
--- stderr ---
SingleTrialExperiment starting: ontology=/workspaces/ontologyutils-ekaw26/repair-power-index-replication-ekaw26/ontologies/inconsistent/PATCT.owl, seed=553919, run_id=20260624134028346645
Loaded ontology.
Normalizing ontology with SROIQ normalization...
Normalized ontology with SROIQ normalization.
Ontology is already inconsistent, skipping make-inconsistent step.
Repairing with A1 (random-removal)...
[2026-06-27 16:21:24.615] Checking precondition...
[2026-06-27 16:21:24.630] Starting the repair...
[2026-06-27 16:21:24.640] Found 363 possible bad axioms.
[2026-06-27 16:21:24.642] Selected the bad axiom SubClassOf(https://pat.nichd.nih.gov/placentalcelltype/CT.02.05.03.02 https://pat.nichd.nih.gov/placentalcelltype/CT.02.05.03).
[2026-06-27 16:21:24.652] Found 362 possible bad axioms.
[2026-06-27 16:21:24.652] Selected the bad axiom SubClassOf(https://pat.nichd.nih.gov/placentalcelltype/CT.05.03.02 https://pat.nichd.nih.gov/placentalcelltype/CT.05.03.01).
[2026-06-27 16:21:24.658] Found 361 possible bad axioms.
[2026-06-27 16:21:24.658] Selected the bad axiom SubClassOf(https://pat.nichd.nih.gov/placentalcelltype/CT.05.02.05 https://pat.nichd.nih.gov/placentalcelltype/CT.05.02.06).
[2026-06-27 16:21:24.663] Found 360 possible bad axioms.
[2026-06-27 16:21:24.663] Selected the bad axiom SubClassOf(https://pat.nichd.nih.gov/placentalcelltype/CT.10 owl:Nothing).
[2026-06-27 16:21:24.668] Found 359 possible bad axioms.
[2026-06-27 16:21:24.669] Selected the bad axiom SubClassOf(https://pat.nichd.nih.gov/placentalcelltype/CT.05.01.02.02 https://pat.nichd.nih.gov/placentalcelltype/CT.05.01.02).
[2026-06-27 16:21:24.674] Found 358 possible bad axioms.
[2026-06-27 16:21:24.674] Selected the bad axiom SubClassOf(https://pat.nichd.nih.gov/placentalcelltype/CT.05.02.05 https://pat.nichd.nih.gov/placentalcelltype/CT.05.02.02).
[2026-06-27 16:21:24.679] Found 357 possible bad axioms.
[2026-06-27 16:21:24.679] Selected the bad axiom SubClassOf(https://pat.nichd.nih.gov/placentalcelltype/CT.03.03.04 https://pat.nichd.nih.gov/placentalcelltype/CT.03.03.03).
[2026-06-27 16:21:24.682] Found 356 possible bad axioms.
[2026-06-27 16:21:24.682] Selected the bad axiom SubClassOf(https://pat.nichd.nih.gov/placentalcelltype/CT.03.01.01 https://pat.nichd.nih.gov/placentalcelltype/CT.03.01).
[2026-06-27 16:21:24.686] Found 355 possible bad axioms.
[2026-06-27 16:21:24.686] Selected the bad axiom SubClassOf(https://pat.nichd.nih.gov/placentalcelltype/CT.02.04.02 https://pat.nichd.nih.gov/placentalcelltype/CT.02.05.02.03).
[2026-06-27 16:21:24.694] Found 354 possible bad axioms.
[2026-06-27 16:21:24.694] Selected the bad axiom SubClassOf(https://pat.nichd.nih.gov/placentalcelltype/CT.03.03.03 https://pat.nichd.nih.gov/placentalcelltype/CT.03.03).
[2026-06-27 16:21:24.698] Found 353 possible bad axioms.
[2026-06-27 16:21:24.698] Selected the bad axiom SubClassOf(https://pat.nichd.nih.gov/placentalcelltype/CT.02.02 https://pat.nichd.nih.gov/placentalcelltype/CT.02.05.03.02).
[
...[truncated]
FAIL: attempt=40 seed=553919 - negative return code -9
progress: ontology=PATCT attempt=40 success=30/100
----- PATCT attempt=41 seed=568119 at 2026-06-27 16:22:58 -----
--- stderr ---
SingleTrialExperiment starting: ontology=/workspaces/ontologyutils-ekaw26/repair-power-index-replication-ekaw26/ontologies/inconsistent/PATCT.owl, seed=568119, run_id=20260624134028346645
Loaded ontology.
Normalizing ontology with SROIQ normalization...
Normalized ontology with SROIQ normalization.
Ontology is already inconsistent, skipping make-inconsistent step.
Repairing with A1 (random-removal)...
[2026-06-27 16:22:58.745] Checking precondition...
[2026-06-27 16:22:58.761] Starting the repair...
[2026-06-27 16:22:58.769] Found 363 possible bad axioms.
[2026-06-27 16:22:58.771] Selected the bad axiom SubClassOf(https://pat.nichd.nih.gov/placentalcelltype/CT.03.02.04 https://pat.nichd.nih.gov/placentalcelltype/CT.03.02).
[2026-06-27 16:22:58.783] Found 362 possible bad axioms.
[2026-06-27 16:22:58.784] Selected the bad axiom SubClassOf(https://pat.nichd.nih.gov/placentalcelltype/CT.02.05.03.02.03 https://pat.nichd.nih.gov/placentalcelltype/CT.02.05.03.02).
[2026-06-27 16:22:58.789] Found 361 possible bad axioms.
[2026-06-27 16:22:58.789] Selected the bad axiom SubClassOf(https://pat.nichd.nih.gov/placentalcelltype/CT.02.05.02.02.02 owl:Nothing).
[2026-06-27 16:22:58.795] Found 360 possible bad axioms.
[2026-06-27 16:22:58.795] Selected the bad axiom SubClassOf(https://pat.nichd.nih.gov/placentalcelltype/CT.06.01.02 https://pat.nichd.nih.gov/placentalcelltype/CT.06.01).
[2026-06-27 16:22:58.801] Found 359 possible bad axioms.
[2026-06-27 16:22:58.801] Selected the bad axiom SubClassOf(https://pat.nichd.nih.gov/placentalcelltype/CT.06.01 https://pat.nichd.nih.gov/placentalcelltype/CT.06.02).
[2026-06-27 16:22:58.805] Found 358 possible bad axioms.
[2026-06-27 16:22:58.806] Selected the bad axiom SubClassOf(https://pat.nichd.nih.gov/placentalcelltype/CT.05 https://pat.nichd.nih.gov/placentalcelltype/CT.10.06).
[2026-06-27 16:22:58.810] Found 357 possible bad axioms.
[2026-06-27 16:22:58.810] Selected the bad axiom SubClassOf(https://pat.nichd.nih.gov/placentalcelltype/CT.05.02.04 https://pat.nichd.nih.gov/placentalcelltype/CT.05.02.02).
[2026-06-27 16:22:58.813] Found 356 possible bad axioms.
[2026-06-27 16:22:58.813] Selected the bad axiom SubClassOf(https://pat.nichd.nih.gov/placentalcelltype/CT.06.04 https://pat.nichd.nih.gov/placentalcelltype/CT.06).
[2026-06-27 16:22:58.817] Found 355 possible bad axioms.
[2026-06-27 16:22:58.817] Selected the bad axiom SubClassOf(https://pat.nichd.nih.gov/placentalcelltype/CT.02.03.01.01 https://pat.nichd.nih.gov/placentalcelltype/CT.02.03.01).
[2026-06-27 16:22:58.826] Found 354 possible bad axioms.
[2026-06-27 16:22:58.826] Selected the bad axiom SubClassOf(https://pat.nichd.nih.gov/placentalcelltype/CT.05.01.03.03 https://pat.nichd.nih.gov/placentalcelltype/CT.05.01.03.07).
[2026-06-27 16:22:58.830] Found 353 possible bad axioms.
[2026-06-27 16:22:58.830] Selected the bad axiom SubClassOf(https://pat.nichd.nih.gov/placentalcelltype/CT.05.01.03.02 https://pat.nichd.nih.gov/placentalcelltype/CT.05.01.03).
[
...[truncated]
FAIL: attempt=41 seed=568119 - negative return code -9
progress: ontology=PATCT attempt=41 success=30/100
----- PATCT attempt=42 seed=582319 at 2026-06-27 16:24:19 -----
--- stdout ---
{"seed":582319,"run_id":"20260624134028346645","trial_status":"success","error_type":null,"failure_stage":null,"error_message":null,"iic_values":{"B1_vs_A1":0.9485714285714286,"B1_vs_A2":1.0,"B1_vs_A3":0.06532663316582915,"B2_vs_A1":1.0,"B2_vs_A2":0.7985739750445633,"B2_vs_A3":0.5995962314939435,"B3_vs_A1":0.9949494949494949,"B3_vs_A2":1.0,"B3_vs_A3":0.7041139240506329,"B4_vs_A1":0.9810495626822158,"B4_vs_A2":1.0,"B4_vs_A3":0.5,"B5_vs_A1":0.9949494949494949,"B5_vs_A2":1.0,"B5_vs_A3":0.7041139240506329,"B6_vs_A1":0.9949494949494949,"B6_vs_A2":1.0,"B6_vs_A3":0.7041139240506329,"B7_vs_A1":0.9440993788819876,"B7_vs_A2":0.5,"B7_vs_A3":0.0,"B8_vs_A1":0.9949494949494949,"B8_vs_A2":1.0,"B8_vs_A3":0.7041139240506329,"B9_vs_A1":0.9949494949494949,"B9_vs_A2":1.0,"B9_vs_A3":0.7041139240506329},"repair_runtimes_ms":{"A1":140,"A2":43970,"A3":609,"B1":3112,"B2":21465,"B3":729,"B4":156,"B5":396,"B6":278,"B7":229,"B8":683,"B9":401}}

--- stderr ---
SingleTrialExperiment starting: ontology=/workspaces/ontologyutils-ekaw26/repair-power-index-replication-ekaw26/ontologies/inconsistent/PATCT.owl, seed=582319, run_id=20260624134028346645
Loaded ontology.
Normalizing ontology with SROIQ normalization...
Normalized ontology with SROIQ normalization.
Ontology is already inconsistent, skipping make-inconsistent step.
Repairing with A1 (random-removal)...
[2026-06-27 16:24:19.904] Checking precondition...
[2026-06-27 16:24:19.920] Starting the repair...
[2026-06-27 16:24:19.928] Found 363 possible bad axioms.
[2026-06-27 16:24:19.930] Selected the bad axiom SubClassOf(https://pat.nichd.nih.gov/placentalcelltype/CT.04.01 https://pat.nichd.nih.gov/placentalcelltype/CT.04.03).
[2026-06-27 16:24:19.940] Found 362 possible bad axioms.
[2026-06-27 16:24:19.940] Selected the bad axiom SubClassOf(https://pat.nichd.nih.gov/placentalcelltype/CT.09.04 https://pat.nichd.nih.gov/placentalcelltype/CT.09.02).
[2026-06-27 16:24:19.946] Found 361 possible bad axioms.
[2026-06-27 16:24:19.946] Selected the bad axiom SubClassOf(https://pat.nichd.nih.gov/placentalcelltype/CT.01.01 https://pat.nichd.nih.gov/placentalcelltype/CT.04.03).
[2026-06-27 16:24:19.951] Found 360 possible bad axioms.
[2026-06-27 16:24:19.952] Selected the bad axiom SubClassOf(https://pat.nichd.nih.gov/placentalcelltype/CT.10.04 https://pat.nichd.nih.gov/placentalcelltype/CT.10.02).
[2026-06-27 16:24:19.957] Found 359 possible bad axioms.
[2026-06-27 16:24:19.957] Selected the bad axiom SubClassOf(https://pat.nichd.nih.gov/placentalcelltype/CT.10.01 https://pat.nichd.nih.gov/placentalcelltype/CT.10.01.02).
[2026-06-27 16:24:19.961] Found 358 possible bad axioms.
[2026-06-27 16:24:19.962] Selected the bad axiom SubClassOf(https://pat.nichd.nih.gov/placentalcelltype/CT.05.01.03 https://pat.nichd.nih.gov/placentalcelltype/CT.05.01.03.05).
[2026-06-27 16:24:19.966] Found 357 possible bad axioms.
[2026-06-27 16:24:19.966] Selected the bad axiom SubClassOf(https://pat.nichd.nih.gov/placentalcelltype/CT.05.02 https://pat.nichd.nih.gov/placentalcelltype/CT.05.03.02).
[2026-06-27 16:24:19.970] Found 356 possible bad axioms.
[2026-06-27 16:24:19.970] Selected the bad axiom SubClassOf(https://pat.nichd.nih.gov/placentalcelltype/CT.02.05.02.01.01 https://pat.nichd.nih.gov/placentalcelltype/CT.02.05.02.01).
[2026-06-27 16:24:19.974] Found 355 possible bad axioms.
[2026-06-27 16:24:19.974] Selected the bad axiom SubClassOf(https://pat.nichd.nih.gov/placentalcelltype/CT.05.03 https://pat.nichd.nih.gov/placentalcelltype/CT.05.04).
[2026-06-27 16:24:19.983] Found 354 possible bad axioms.
[2026-06-27 16:24:19.983] Selected the bad axiom SubClassOf(https://pat.nichd.nih.gov/placentalcelltype/CT.05.02.06.02.01 https://pat.nichd.nih.gov/placentalcelltype/CT.05.02.06.02).
[2026-06-27 16:24:19.987] Found 353 possible bad axioms.
[2026-06-27 16:24:19.987] Selected the bad axiom SubClassOf(https://pat.nichd.nih.gov/placentalcelltype/CT.05.03.01 https://pat.nichd.nih.gov/p
...[truncated]
SUCCESS: attempt=42 seed=582319 success_count=31/100
progress: ontology=PATCT attempt=42 success=31/100
----- PATCT attempt=43 seed=596519 at 2026-06-27 16:25:33 -----
--- stdout ---
{"seed":596519,"run_id":"20260624134028346645","trial_status":"success","error_type":null,"failure_stage":null,"error_message":null,"iic_values":{"B1_vs_A1":0.9750082209799408,"B1_vs_A2":1.0,"B1_vs_A3":1.0,"B2_vs_A1":0.920098992398798,"B2_vs_A2":0.059375,"B2_vs_A3":0.059375,"B3_vs_A1":1.0,"B3_vs_A2":0.9968847352024922,"B3_vs_A3":0.9968847352024922,"B4_vs_A1":1.0,"B4_vs_A2":0.9968847352024922,"B4_vs_A3":0.9968847352024922,"B5_vs_A1":1.0,"B5_vs_A2":0.9968847352024922,"B5_vs_A3":0.9968847352024922,"B6_vs_A1":1.0,"B6_vs_A2":0.9968847352024922,"B6_vs_A3":0.9968847352024922,"B7_vs_A1":1.0,"B7_vs_A2":0.9203539823008849,"B7_vs_A3":0.9203539823008849,"B8_vs_A1":1.0,"B8_vs_A2":0.9968847352024922,"B8_vs_A3":0.9968847352024922,"B9_vs_A1":1.0,"B9_vs_A2":0.9968847352024922,"B9_vs_A3":0.9968847352024922},"repair_runtimes_ms":{"A1":362,"A2":44357,"A3":571,"B1":535,"B2":11595,"B3":783,"B4":158,"B5":548,"B6":420,"B7":534,"B8":7561,"B9":8356}}

--- stderr ---
SingleTrialExperiment starting: ontology=/workspaces/ontologyutils-ekaw26/repair-power-index-replication-ekaw26/ontologies/inconsistent/PATCT.owl, seed=596519, run_id=20260624134028346645
Loaded ontology.
Normalizing ontology with SROIQ normalization...
Normalized ontology with SROIQ normalization.
Ontology is already inconsistent, skipping make-inconsistent step.
Repairing with A1 (random-removal)...
[2026-06-27 16:25:33.558] Checking precondition...
[2026-06-27 16:25:33.574] Starting the repair...
[2026-06-27 16:25:33.582] Found 363 possible bad axioms.
[2026-06-27 16:25:33.584] Selected the bad axiom SubClassOf(https://pat.nichd.nih.gov/placentalcelltype/CT.05.01.02 https://pat.nichd.nih.gov/placentalcelltype/CT.05.01).
[2026-06-27 16:25:33.596] Found 362 possible bad axioms.
[2026-06-27 16:25:33.596] Selected the bad axiom SubClassOf(https://pat.nichd.nih.gov/placentalcelltype/CT.05.02.06.02 https://pat.nichd.nih.gov/placentalcelltype/CT.05.02.06.01).
[2026-06-27 16:25:33.601] Found 361 possible bad axioms.
[2026-06-27 16:25:33.602] Selected the bad axiom SubClassOf(https://pat.nichd.nih.gov/placentalcelltype/CT.07 https://pat.nichd.nih.gov/placentalcelltype/CT.10).
[2026-06-27 16:25:33.607] Found 360 possible bad axioms.
[2026-06-27 16:25:33.607] Selected the bad axiom SubClassOf(https://pat.nichd.nih.gov/placentalcelltype/CT.10 https://pat.nichd.nih.gov/placentalcelltype/CT.10.01.01).
[2026-06-27 16:25:33.612] Found 359 possible bad axioms.
[2026-06-27 16:25:33.612] Selected the bad axiom SubClassOf(https://pat.nichd.nih.gov/placentalcelltype/CT.06.03.02 https://pat.nichd.nih.gov/placentalcelltype/CT.06.03).
[2026-06-27 16:25:33.617] Found 358 possible bad axioms.
[2026-06-27 16:25:33.618] Selected the bad axiom SubClassOf(https://pat.nichd.nih.gov/placentalcelltype/CT.05.02.06.02.04 owl:Nothing).
[2026-06-27 16:25:33.622] Found 357 possible bad axioms.
[2026-06-27 16:25:33.622] Selected the bad axiom SubClassOf(https://pat.nichd.nih.gov/placentalcelltype/CT.02.03.02 https://pat.nichd.nih.gov/placentalcelltype/CT.02.03).
[2026-06-27 16:25:33.625] Found 356 possible bad axioms.
[2026-06-27 16:25:33.626] Selected the bad axiom SubClassOf(https://pat.nichd.nih.gov/placentalcelltype/CT.05.02.04.01 https://pat.nichd.nih.gov/placentalcelltype/CT.05.02.04).
[2026-06-27 16:25:33.629] Found 355 possible bad axioms.
[2026-06-27 16:25:33.629] Selected the bad axiom SubClassOf(https://pat.nichd.nih.gov/placentalcelltype/CT.05.02.04 https://pat.nichd.nih.gov/placentalcelltype/CT.05.02.05).
[2026-06-27 16:25:33.637] Found 354 possible bad axioms.
[2026-06-27 16:25:33.637] Selected the bad axiom SubClassOf(https://pat.nichd.nih.gov/placentalcelltype/CT.10.01.02 https://pat.nichd.nih.gov/placentalcelltype/CT.10.01).
[2026-06-27 16:25:33.640] Found 353 possible bad axioms.
[2026-06-27 16:25:33.640] Selected the bad axiom SubClassOf(https://pat.nichd.nih.gov/placentalcelltype/CT.05.02 https://pat.nichd.nih.gov/placentalcelltype/CT.05.02.06.01).
[2026-06-27 1
...[truncated]
SUCCESS: attempt=43 seed=596519 success_count=32/100
progress: ontology=PATCT attempt=43 success=32/100
----- PATCT attempt=44 seed=610719 at 2026-06-27 16:26:50 -----
--- stdout ---
{"seed":610719,"run_id":"20260624134028346645","trial_status":"success","error_type":null,"failure_stage":null,"error_message":null,"iic_values":{"B1_vs_A1":0.99788508988368,"B1_vs_A2":0.9945945945945946,"B1_vs_A3":0.9908443540183113,"B2_vs_A1":0.7554833468724614,"B2_vs_A2":0.5,"B2_vs_A3":0.8387622149837134,"B3_vs_A1":0.99788508988368,"B3_vs_A2":0.9945945945945946,"B3_vs_A3":0.9908443540183113,"B4_vs_A1":0.9841688654353562,"B4_vs_A2":0.9338235294117647,"B4_vs_A3":0.9540816326530612,"B5_vs_A1":0.99788508988368,"B5_vs_A2":0.9945945945945946,"B5_vs_A3":0.9908443540183113,"B6_vs_A1":0.99788508988368,"B6_vs_A2":0.9945945945945946,"B6_vs_A3":0.9908443540183113,"B7_vs_A1":0.9846678023850085,"B7_vs_A2":0.9380378657487092,"B7_vs_A3":0.9547928003348681,"B8_vs_A1":0.99788508988368,"B8_vs_A2":0.9945945945945946,"B8_vs_A3":0.9908443540183113,"B9_vs_A1":0.99788508988368,"B9_vs_A2":0.9945945945945946,"B9_vs_A3":0.9908443540183113},"repair_runtimes_ms":{"A1":190,"A2":44920,"A3":2034,"B1":542,"B2":11548,"B3":826,"B4":159,"B5":477,"B6":345,"B7":523,"B8":7277,"B9":569}}

--- stderr ---
SingleTrialExperiment starting: ontology=/workspaces/ontologyutils-ekaw26/repair-power-index-replication-ekaw26/ontologies/inconsistent/PATCT.owl, seed=610719, run_id=20260624134028346645
Loaded ontology.
Normalizing ontology with SROIQ normalization...
Normalized ontology with SROIQ normalization.
Ontology is already inconsistent, skipping make-inconsistent step.
Repairing with A1 (random-removal)...
[2026-06-27 16:26:50.878] Checking precondition...
[2026-06-27 16:26:50.894] Starting the repair...
[2026-06-27 16:26:50.902] Found 363 possible bad axioms.
[2026-06-27 16:26:50.904] Selected the bad axiom SubClassOf(https://pat.nichd.nih.gov/placentalcelltype/CT.02.05.03.05 https://pat.nichd.nih.gov/placentalcelltype/CT.02.05.03).
[2026-06-27 16:26:50.915] Found 362 possible bad axioms.
[2026-06-27 16:26:50.916] Selected the bad axiom SubClassOf(https://pat.nichd.nih.gov/placentalcelltype/CT.05.01.01.02 https://pat.nichd.nih.gov/placentalcelltype/CT.05.01.01).
[2026-06-27 16:26:50.921] Found 361 possible bad axioms.
[2026-06-27 16:26:50.922] Selected the bad axiom SubClassOf(https://pat.nichd.nih.gov/placentalcelltype/CT.06.02.02 https://pat.nichd.nih.gov/placentalcelltype/CT.06.02).
[2026-06-27 16:26:50.927] Found 360 possible bad axioms.
[2026-06-27 16:26:50.927] Selected the bad axiom SubClassOf(https://pat.nichd.nih.gov/placentalcelltype/CT.03.03 https://pat.nichd.nih.gov/placentalcelltype/CT.03).
[2026-06-27 16:26:50.931] Found 359 possible bad axioms.
[2026-06-27 16:26:50.932] Selected the bad axiom SubClassOf(https://pat.nichd.nih.gov/placentalcelltype/CT.02.05.03.03 https://pat.nichd.nih.gov/placentalcelltype/CT.02.05.03).
[2026-06-27 16:26:50.936] Found 358 possible bad axioms.
[2026-06-27 16:26:50.937] Selected the bad axiom SubClassOf(https://pat.nichd.nih.gov/placentalcelltype/CT.06.03 https://pat.nichd.nih.gov/placentalcelltype/CT.06.01.01).
[2026-06-27 16:26:50.941] Found 357 possible bad axioms.
[2026-06-27 16:26:50.942] Selected the bad axiom SubClassOf(https://pat.nichd.nih.gov/placentalcelltype/CT.02.04 https://pat.nichd.nih.gov/placentalcelltype/CT.02).
[2026-06-27 16:26:50.946] Found 356 possible bad axioms.
[2026-06-27 16:26:50.946] Selected the bad axiom SubClassOf(https://pat.nichd.nih.gov/placentalcelltype/CT.02.02 https://pat.nichd.nih.gov/placentalcelltype/CT.02).
[2026-06-27 16:26:50.950] Found 355 possible bad axioms.
[2026-06-27 16:26:50.950] Selected the bad axiom SubClassOf(https://pat.nichd.nih.gov/placentalcelltype/CT.02.05.03.02 https://pat.nichd.nih.gov/placentalcelltype/CT.02.05.03).
[2026-06-27 16:26:50.959] Found 354 possible bad axioms.
[2026-06-27 16:26:50.959] Selected the bad axiom SubClassOf(https://pat.nichd.nih.gov/placentalcelltype/CT.02.05.02.01.02 https://pat.nichd.nih.gov/placentalcelltype/CT.02.05.02.01).
[2026-06-27 16:26:50.963] Found 353 possible bad axioms.
[2026-06-27 16:26:50.963] Selected the bad axiom SubClassOf(https://pat.nichd.nih.gov/placentalcelltype/CT.10 https://pat.nichd.nih.gov/plac
...[truncated]
SUCCESS: attempt=44 seed=610719 success_count=33/100
progress: ontology=PATCT attempt=44 success=33/100
----- PATCT attempt=45 seed=624919 at 2026-06-27 16:28:03 -----
--- stdout ---
{"seed":624919,"run_id":"20260624134028346645","trial_status":"success","error_type":null,"failure_stage":null,"error_message":null,"iic_values":{"B1_vs_A1":1.0,"B1_vs_A2":1.0,"B1_vs_A3":0.0125,"B2_vs_A1":1.0,"B2_vs_A2":1.0,"B2_vs_A3":0.0379746835443038,"B3_vs_A1":0.9335980586807854,"B3_vs_A2":0.059375,"B3_vs_A3":0.005405405405405406,"B4_vs_A1":0.9959322033898305,"B4_vs_A2":0.9150943396226415,"B4_vs_A3":0.013437849944008958,"B5_vs_A1":0.9990226421241245,"B5_vs_A2":0.9968847352024922,"B5_vs_A3":0.5,"B6_vs_A1":0.9990226421241245,"B6_vs_A2":0.9968847352024922,"B6_vs_A3":0.5,"B7_vs_A1":0.9959450326650147,"B7_vs_A2":0.9203539823008849,"B7_vs_A3":0.004597701149425287,"B8_vs_A1":0.9990226421241245,"B8_vs_A2":0.9968847352024922,"B8_vs_A3":0.5,"B9_vs_A1":0.9990226421241245,"B9_vs_A2":0.9968847352024922,"B9_vs_A3":0.5},"repair_runtimes_ms":{"A1":273,"A2":44444,"A3":1833,"B1":498,"B2":1272,"B3":7312,"B4":161,"B5":486,"B6":435,"B7":544,"B8":600,"B9":4272}}

--- stderr ---
SingleTrialExperiment starting: ontology=/workspaces/ontologyutils-ekaw26/repair-power-index-replication-ekaw26/ontologies/inconsistent/PATCT.owl, seed=624919, run_id=20260624134028346645
Loaded ontology.
Normalizing ontology with SROIQ normalization...
Normalized ontology with SROIQ normalization.
Ontology is already inconsistent, skipping make-inconsistent step.
Repairing with A1 (random-removal)...
[2026-06-27 16:28:03.955] Checking precondition...
[2026-06-27 16:28:03.971] Starting the repair...
[2026-06-27 16:28:03.979] Found 363 possible bad axioms.
[2026-06-27 16:28:03.981] Selected the bad axiom SubClassOf(https://pat.nichd.nih.gov/placentalcelltype/CT.01.04 https://pat.nichd.nih.gov/placentalcelltype/CT.01.03).
[2026-06-27 16:28:03.991] Found 362 possible bad axioms.
[2026-06-27 16:28:03.991] Selected the bad axiom SubClassOf(https://pat.nichd.nih.gov/placentalcelltype/CT.03.02.01 https://pat.nichd.nih.gov/placentalcelltype/CT.03.02.05).
[2026-06-27 16:28:03.997] Found 361 possible bad axioms.
[2026-06-27 16:28:03.997] Selected the bad axiom SubClassOf(https://pat.nichd.nih.gov/placentalcelltype/CT.05.02.06.02.04 https://pat.nichd.nih.gov/placentalcelltype/CT.05.02.06.02.01).
[2026-06-27 16:28:04.002] Found 360 possible bad axioms.
[2026-06-27 16:28:04.002] Selected the bad axiom SubClassOf(https://pat.nichd.nih.gov/placentalcelltype/CT.03.02.01 https://pat.nichd.nih.gov/placentalcelltype/CT.03.02.03).
[2026-06-27 16:28:04.007] Found 359 possible bad axioms.
[2026-06-27 16:28:04.007] Selected the bad axiom SubClassOf(https://pat.nichd.nih.gov/placentalcelltype/CT.02.03.01.01 https://pat.nichd.nih.gov/placentalcelltype/CT.02.03.01).
[2026-06-27 16:28:04.012] Found 358 possible bad axioms.
[2026-06-27 16:28:04.013] Selected the bad axiom SubClassOf(https://pat.nichd.nih.gov/placentalcelltype/CT.05.01.01.02 https://pat.nichd.nih.gov/placentalcelltype/CT.05.01.01).
[2026-06-27 16:28:04.016] Found 357 possible bad axioms.
[2026-06-27 16:28:04.017] Selected the bad axiom SubClassOf(https://pat.nichd.nih.gov/placentalcelltype/CT.04 https://pat.nichd.nih.gov/placentalcelltype/CT.04.02).
[2026-06-27 16:28:04.020] Found 356 possible bad axioms.
[2026-06-27 16:28:04.021] Selected the bad axiom SubClassOf(https://pat.nichd.nih.gov/placentalcelltype/CT.06.03 https://pat.nichd.nih.gov/placentalcelltype/CT.06.02).
[2026-06-27 16:28:04.024] Found 355 possible bad axioms.
[2026-06-27 16:28:04.025] Selected the bad axiom SubClassOf(https://pat.nichd.nih.gov/placentalcelltype/CT.05.02.06 https://pat.nichd.nih.gov/placentalcelltype/CT.05.02).
[2026-06-27 16:28:04.033] Found 354 possible bad axioms.
[2026-06-27 16:28:04.033] Selected the bad axiom SubClassOf(https://pat.nichd.nih.gov/placentalcelltype/CT.05.01.03.01 https://pat.nichd.nih.gov/placentalcelltype/CT.05.01.03).
[2026-06-27 16:28:04.036] Found 353 possible bad axioms.
[2026-06-27 16:28:04.037] Selected the bad axiom SubClassOf(https://pat.nichd.nih.gov/placentalcelltype/CT.10.01.01 https://pat.nic
...[truncated]
SUCCESS: attempt=45 seed=624919 success_count=34/100
progress: ontology=PATCT attempt=45 success=34/100
----- PATCT attempt=46 seed=639119 at 2026-06-27 16:29:07 -----
--- stdout ---
{"seed":639119,"run_id":"20260624134028346645","trial_status":"success","error_type":null,"failure_stage":null,"error_message":null,"iic_values":{"B1_vs_A1":0.5969566913772922,"B1_vs_A2":0.19954303122619954,"B1_vs_A3":0.06775157754898704,"B2_vs_A1":0.8699654775604143,"B2_vs_A2":0.5,"B2_vs_A3":0.013295346628679962,"B3_vs_A1":0.9136085626911316,"B3_vs_A2":1.0,"B3_vs_A3":0.6301174795300819,"B4_vs_A1":1.0,"B4_vs_A2":0.9945945945945946,"B4_vs_A3":0.7193705507680779,"B5_vs_A1":1.0,"B5_vs_A2":0.9945945945945946,"B5_vs_A3":0.7193705507680779,"B6_vs_A1":1.0,"B6_vs_A2":0.9945945945945946,"B6_vs_A3":0.7193705507680779,"B7_vs_A1":1.0,"B7_vs_A2":0.9262295081967213,"B7_vs_A3":0.1664841182913472,"B8_vs_A1":1.0,"B8_vs_A2":0.9945945945945946,"B8_vs_A3":0.7193705507680779,"B9_vs_A1":1.0,"B9_vs_A2":0.9945945945945946,"B9_vs_A3":0.7193705507680779},"repair_runtimes_ms":{"A1":176,"A2":44270,"A3":1351,"B1":6862,"B2":11567,"B3":4487,"B4":147,"B5":676,"B6":4797,"B7":236,"B8":729,"B9":506}}

--- stderr ---
SingleTrialExperiment starting: ontology=/workspaces/ontologyutils-ekaw26/repair-power-index-replication-ekaw26/ontologies/inconsistent/PATCT.owl, seed=639119, run_id=20260624134028346645
Loaded ontology.
Normalizing ontology with SROIQ normalization...
Normalized ontology with SROIQ normalization.
Ontology is already inconsistent, skipping make-inconsistent step.
Repairing with A1 (random-removal)...
[2026-06-27 16:29:07.606] Checking precondition...
[2026-06-27 16:29:07.622] Starting the repair...
[2026-06-27 16:29:07.632] Found 363 possible bad axioms.
[2026-06-27 16:29:07.634] Selected the bad axiom SubClassOf(https://pat.nichd.nih.gov/placentalcelltype/CT.03.03.02 https://pat.nichd.nih.gov/placentalcelltype/CT.03.03).
[2026-06-27 16:29:07.645] Found 362 possible bad axioms.
[2026-06-27 16:29:07.645] Selected the bad axiom SubClassOf(https://pat.nichd.nih.gov/placentalcelltype/CT.01.01 https://pat.nichd.nih.gov/placentalcelltype/CT.01).
[2026-06-27 16:29:07.651] Found 361 possible bad axioms.
[2026-06-27 16:29:07.652] Selected the bad axiom SubClassOf(https://pat.nichd.nih.gov/placentalcelltype/CT.02.05.02.03.02 https://pat.nichd.nih.gov/placentalcelltype/CT.02.05.02.03).
[2026-06-27 16:29:07.657] Found 360 possible bad axioms.
[2026-06-27 16:29:07.657] Selected the bad axiom SubClassOf(https://pat.nichd.nih.gov/placentalcelltype/CT.02.05.02.01.02 https://pat.nichd.nih.gov/placentalcelltype/CT.02.05.02.01).
[2026-06-27 16:29:07.662] Found 359 possible bad axioms.
[2026-06-27 16:29:07.662] Selected the bad axiom SubClassOf(https://pat.nichd.nih.gov/placentalcelltype/CT.05 https://pat.nichd.nih.gov/placentalcelltype/CT.10).
[2026-06-27 16:29:07.668] Found 358 possible bad axioms.
[2026-06-27 16:29:07.668] Selected the bad axiom SubClassOf(https://pat.nichd.nih.gov/placentalcelltype/CT.02.05.02 https://pat.nichd.nih.gov/placentalcelltype/CT.02.04.02).
[2026-06-27 16:29:07.672] Found 357 possible bad axioms.
[2026-06-27 16:29:07.673] Selected the bad axiom SubClassOf(https://pat.nichd.nih.gov/placentalcelltype/CT.02.05 https://pat.nichd.nih.gov/placentalcelltype/CT.02).
[2026-06-27 16:29:07.676] Found 356 possible bad axioms.
[2026-06-27 16:29:07.677] Selected the bad axiom SubClassOf(https://pat.nichd.nih.gov/placentalcelltype/CT.10 owl:Nothing).
[2026-06-27 16:29:07.681] Found 355 possible bad axioms.
[2026-06-27 16:29:07.681] Selected the bad axiom SubClassOf(https://pat.nichd.nih.gov/placentalcelltype/CT.02.03.02 https://pat.nichd.nih.gov/placentalcelltype/CT.02.03).
[2026-06-27 16:29:07.692] Found 354 possible bad axioms.
[2026-06-27 16:29:07.692] Selected the bad axiom SubClassOf(https://pat.nichd.nih.gov/placentalcelltype/CT.05.04.01 https://pat.nichd.nih.gov/placentalcelltype/CT.05.04).
[2026-06-27 16:29:07.697] Found 353 possible bad axioms.
[2026-06-27 16:29:07.697] Selected the bad axiom SubClassOf(https://pat.nichd.nih.gov/placentalcelltype/CT.05.01.01 https://pat.nichd.nih.gov/placentalcelltype/CT.05.01).
[2026-06-27 16:29:07.705] Fo
...[truncated]
SUCCESS: attempt=46 seed=639119 success_count=35/100
progress: ontology=PATCT attempt=46 success=35/100
----- PATCT attempt=47 seed=653319 at 2026-06-27 16:30:24 -----
--- stdout ---
{"seed":653319,"run_id":"20260624134028346645","trial_status":"success","error_type":null,"failure_stage":null,"error_message":null,"iic_values":{"B1_vs_A1":1.0,"B1_vs_A2":0.940625,"B1_vs_A3":0.5,"B2_vs_A1":0.992228512609367,"B2_vs_A2":0.5,"B2_vs_A3":0.059375,"B3_vs_A1":0.999718785151856,"B3_vs_A2":0.9945945945945946,"B3_vs_A3":0.9968847352024922,"B4_vs_A1":0.999718785151856,"B4_vs_A2":0.9945945945945946,"B4_vs_A3":0.9968847352024922,"B5_vs_A1":0.999718785151856,"B5_vs_A2":0.9945945945945946,"B5_vs_A3":0.9968847352024922,"B6_vs_A1":0.999718785151856,"B6_vs_A2":0.9945945945945946,"B6_vs_A3":0.9968847352024922,"B7_vs_A1":0.999718785151856,"B7_vs_A2":0.9945945945945946,"B7_vs_A3":0.9968847352024922,"B8_vs_A1":0.999718785151856,"B8_vs_A2":0.9945945945945946,"B8_vs_A3":0.9968847352024922,"B9_vs_A1":0.999718785151856,"B9_vs_A2":0.9945945945945946,"B9_vs_A3":0.9968847352024922},"repair_runtimes_ms":{"A1":535,"A2":44455,"A3":563,"B1":534,"B2":11528,"B3":4511,"B4":152,"B5":425,"B6":439,"B7":318,"B8":7492,"B9":4870}}

--- stderr ---
SingleTrialExperiment starting: ontology=/workspaces/ontologyutils-ekaw26/repair-power-index-replication-ekaw26/ontologies/inconsistent/PATCT.owl, seed=653319, run_id=20260624134028346645
Loaded ontology.
Normalizing ontology with SROIQ normalization...
Normalized ontology with SROIQ normalization.
Ontology is already inconsistent, skipping make-inconsistent step.
Repairing with A1 (random-removal)...
[2026-06-27 16:30:24.859] Checking precondition...
[2026-06-27 16:30:24.876] Starting the repair...
[2026-06-27 16:30:24.885] Found 363 possible bad axioms.
[2026-06-27 16:30:24.887] Selected the bad axiom SubClassOf(https://pat.nichd.nih.gov/placentalcelltype/CT.02.03.03 https://pat.nichd.nih.gov/placentalcelltype/CT.02.03.02).
[2026-06-27 16:30:24.897] Found 362 possible bad axioms.
[2026-06-27 16:30:24.898] Selected the bad axiom SubClassOf(https://pat.nichd.nih.gov/placentalcelltype/CT.05.02.06 https://pat.nichd.nih.gov/placentalcelltype/CT.05.02.06.01).
[2026-06-27 16:30:24.903] Found 361 possible bad axioms.
[2026-06-27 16:30:24.903] Selected the bad axiom SubClassOf(https://pat.nichd.nih.gov/placentalcelltype/CT.03.03.05 https://pat.nichd.nih.gov/placentalcelltype/CT.03.03.01).
[2026-06-27 16:30:24.909] Found 360 possible bad axioms.
[2026-06-27 16:30:24.910] Selected the bad axiom SubClassOf(https://pat.nichd.nih.gov/placentalcelltype/CT.02.03.03 https://pat.nichd.nih.gov/placentalcelltype/CT.02.03).
[2026-06-27 16:30:24.914] Found 359 possible bad axioms.
[2026-06-27 16:30:24.915] Selected the bad axiom SubClassOf(https://pat.nichd.nih.gov/placentalcelltype/CT.10 owl:Thing).
[2026-06-27 16:30:24.921] Found 358 possible bad axioms.
[2026-06-27 16:30:24.922] Selected the bad axiom SubClassOf(https://pat.nichd.nih.gov/placentalcelltype/CT.02.03.02 https://pat.nichd.nih.gov/placentalcelltype/CT.02.03.03).
[2026-06-27 16:30:24.926] Found 357 possible bad axioms.
[2026-06-27 16:30:24.926] Selected the bad axiom SubClassOf(https://pat.nichd.nih.gov/placentalcelltype/CT.01.04 https://pat.nichd.nih.gov/placentalcelltype/CT.01.02).
[2026-06-27 16:30:24.930] Found 356 possible bad axioms.
[2026-06-27 16:30:24.930] Selected the bad axiom SubClassOf(https://pat.nichd.nih.gov/placentalcelltype/CT.05 https://pat.nichd.nih.gov/placentalcelltype/CT.10.06).
[2026-06-27 16:30:24.934] Found 355 possible bad axioms.
[2026-06-27 16:30:24.934] Selected the bad axiom SubClassOf(https://pat.nichd.nih.gov/placentalcelltype/CT.05.03.02 https://pat.nichd.nih.gov/placentalcelltype/CT.05.03).
[2026-06-27 16:30:24.942] Found 354 possible bad axioms.
[2026-06-27 16:30:24.943] Selected the bad axiom SubClassOf(https://pat.nichd.nih.gov/placentalcelltype/CT.06.03 https://pat.nichd.nih.gov/placentalcelltype/CT.06.01.01).
[2026-06-27 16:30:24.946] Found 353 possible bad axioms.
[2026-06-27 16:30:24.946] Selected the bad axiom SubClassOf(https://pat.nichd.nih.gov/placentalcelltype/CT.02.05.02.02.01 https://pat.nichd.nih.gov/placentalcelltype/CT.02.05.02.02).
[2026-06-27 16:30:
...[truncated]
SUCCESS: attempt=47 seed=653319 success_count=36/100
progress: ontology=PATCT attempt=47 success=36/100
----- PATCT attempt=48 seed=667519 at 2026-06-27 16:31:42 -----
--- stdout ---
{"seed":667519,"run_id":"20260624134028346645","trial_status":"success","error_type":null,"failure_stage":null,"error_message":null,"iic_values":{"B1_vs_A1":0.9822429906542056,"B1_vs_A2":0.10588235294117647,"B1_vs_A3":0.014317180616740088,"B2_vs_A1":0.9959595959595959,"B2_vs_A2":1.0,"B2_vs_A3":0.7041139240506329,"B3_vs_A1":0.9959595959595959,"B3_vs_A2":1.0,"B3_vs_A3":0.7041139240506329,"B4_vs_A1":0.9709208400646203,"B4_vs_A2":0.5,"B4_vs_A3":0.0,"B5_vs_A1":0.9959595959595959,"B5_vs_A2":1.0,"B5_vs_A3":0.7041139240506329,"B6_vs_A1":0.9959595959595959,"B6_vs_A2":1.0,"B6_vs_A3":0.7041139240506329,"B7_vs_A1":0.9709208400646203,"B7_vs_A2":0.5,"B7_vs_A3":0.0,"B8_vs_A1":0.9959595959595959,"B8_vs_A2":1.0,"B8_vs_A3":0.7041139240506329,"B9_vs_A1":0.9959595959595959,"B9_vs_A2":1.0,"B9_vs_A3":0.7041139240506329},"repair_runtimes_ms":{"A1":171,"A2":44313,"A3":4421,"B1":521,"B2":1203,"B3":916,"B4":164,"B5":469,"B6":5716,"B7":264,"B8":541,"B9":545}}

--- stderr ---
SingleTrialExperiment starting: ontology=/workspaces/ontologyutils-ekaw26/repair-power-index-replication-ekaw26/ontologies/inconsistent/PATCT.owl, seed=667519, run_id=20260624134028346645
Loaded ontology.
Normalizing ontology with SROIQ normalization...
Normalized ontology with SROIQ normalization.
Ontology is already inconsistent, skipping make-inconsistent step.
Repairing with A1 (random-removal)...
[2026-06-27 16:31:42.853] Checking precondition...
[2026-06-27 16:31:42.869] Starting the repair...
[2026-06-27 16:31:42.877] Found 363 possible bad axioms.
[2026-06-27 16:31:42.879] Selected the bad axiom SubClassOf(https://pat.nichd.nih.gov/placentalcelltype/CT.02.02 https://pat.nichd.nih.gov/placentalcelltype/CT.02.05.03).
[2026-06-27 16:31:42.889] Found 362 possible bad axioms.
[2026-06-27 16:31:42.890] Selected the bad axiom SubClassOf(https://pat.nichd.nih.gov/placentalcelltype/CT.02.05 https://pat.nichd.nih.gov/placentalcelltype/CT.02.04.01).
[2026-06-27 16:31:42.894] Found 361 possible bad axioms.
[2026-06-27 16:31:42.895] Selected the bad axiom SubClassOf(https://pat.nichd.nih.gov/placentalcelltype/CT.02.05.03.03 https://pat.nichd.nih.gov/placentalcelltype/CT.02.05.03.04).
[2026-06-27 16:31:42.901] Found 360 possible bad axioms.
[2026-06-27 16:31:42.901] Selected the bad axiom SubClassOf(https://pat.nichd.nih.gov/placentalcelltype/CT.04 https://pat.nichd.nih.gov/placentalcelltype/CT.01).
[2026-06-27 16:31:42.907] Found 359 possible bad axioms.
[2026-06-27 16:31:42.907] Selected the bad axiom SubClassOf(https://pat.nichd.nih.gov/placentalcelltype/CT.05.02 https://pat.nichd.nih.gov/placentalcelltype/CT.05.02.06.01).
[2026-06-27 16:31:42.912] Found 358 possible bad axioms.
[2026-06-27 16:31:42.912] Selected the bad axiom SubClassOf(https://pat.nichd.nih.gov/placentalcelltype/CT.03.03.04 https://pat.nichd.nih.gov/placentalcelltype/CT.03.03.05).
[2026-06-27 16:31:42.916] Found 357 possible bad axioms.
[2026-06-27 16:31:42.916] Selected the bad axiom SubClassOf(https://pat.nichd.nih.gov/placentalcelltype/CT.08.05 https://pat.nichd.nih.gov/placentalcelltype/CT.08.04).
[2026-06-27 16:31:42.920] Found 356 possible bad axioms.
[2026-06-27 16:31:42.920] Selected the bad axiom SubClassOf(https://pat.nichd.nih.gov/placentalcelltype/CT.02.03.02 https://pat.nichd.nih.gov/placentalcelltype/CT.02.03.01).
[2026-06-27 16:31:42.928] Found 355 possible bad axioms.
[2026-06-27 16:31:42.928] Selected the bad axiom SubClassOf(https://pat.nichd.nih.gov/placentalcelltype/CT.04 https://pat.nichd.nih.gov/placentalcelltype/CT.05.02).
[2026-06-27 16:31:42.932] Found 354 possible bad axioms.
[2026-06-27 16:31:42.932] Selected the bad axiom SubClassOf(https://pat.nichd.nih.gov/placentalcelltype/CT.05.04.01 https://pat.nichd.nih.gov/placentalcelltype/CT.05.04).
[2026-06-27 16:31:42.935] Found 353 possible bad axioms.
[2026-06-27 16:31:42.935] Selected the bad axiom SubClassOf(https://pat.nichd.nih.gov/placentalcelltype/CT.03.03.04 https://pat.nichd.nih.gov/placentalcelltyp
...[truncated]
SUCCESS: attempt=48 seed=667519 success_count=37/100
progress: ontology=PATCT attempt=48 success=37/100
----- PATCT attempt=49 seed=681719 at 2026-06-27 16:32:44 -----
--- stdout ---
{"seed":681719,"run_id":"20260624134028346645","trial_status":"success","error_type":null,"failure_stage":null,"error_message":null,"iic_values":{"B1_vs_A1":1.0,"B1_vs_A2":0.9867046533713201,"B1_vs_A3":0.8335158817086528,"B2_vs_A1":1.0,"B2_vs_A2":0.940625,"B2_vs_A3":0.10588235294117647,"B3_vs_A1":0.7814088598402323,"B3_vs_A2":0.5,"B3_vs_A3":0.07377049180327869,"B4_vs_A1":0.9933842239185751,"B4_vs_A2":0.9786184210526315,"B4_vs_A3":1.0,"B5_vs_A1":0.9979886020784445,"B5_vs_A2":0.9945945945945946,"B5_vs_A3":1.0,"B6_vs_A1":0.9979886020784445,"B6_vs_A2":0.9945945945945946,"B6_vs_A3":1.0,"B7_vs_A1":0.9859703819173812,"B7_vs_A2":0.9338235294117647,"B7_vs_A3":1.0,"B8_vs_A1":0.9979886020784445,"B8_vs_A2":0.9945945945945946,"B8_vs_A3":1.0,"B9_vs_A1":0.9979886020784445,"B9_vs_A2":0.9945945945945946,"B9_vs_A3":1.0},"repair_runtimes_ms":{"A1":217,"A2":44854,"A3":2268,"B1":1114,"B2":11965,"B3":8405,"B4":605,"B5":682,"B6":3832,"B7":723,"B8":1071,"B9":394}}

--- stderr ---
SingleTrialExperiment starting: ontology=/workspaces/ontologyutils-ekaw26/repair-power-index-replication-ekaw26/ontologies/inconsistent/PATCT.owl, seed=681719, run_id=20260624134028346645
Loaded ontology.
Normalizing ontology with SROIQ normalization...
Normalized ontology with SROIQ normalization.
Ontology is already inconsistent, skipping make-inconsistent step.
Repairing with A1 (random-removal)...
[2026-06-27 16:32:44.833] Checking precondition...
[2026-06-27 16:32:44.852] Starting the repair...
[2026-06-27 16:32:44.862] Found 363 possible bad axioms.
[2026-06-27 16:32:44.864] Selected the bad axiom SubClassOf(https://pat.nichd.nih.gov/placentalcelltype/CT.07.02 https://pat.nichd.nih.gov/placentalcelltype/CT.07).
[2026-06-27 16:32:44.876] Found 362 possible bad axioms.
[2026-06-27 16:32:44.877] Selected the bad axiom SubClassOf(https://pat.nichd.nih.gov/placentalcelltype/CT.03.03.06 https://pat.nichd.nih.gov/placentalcelltype/CT.03.03.01).
[2026-06-27 16:32:44.882] Found 361 possible bad axioms.
[2026-06-27 16:32:44.883] Selected the bad axiom SubClassOf(https://pat.nichd.nih.gov/placentalcelltype/CT.02.05.03.02.02 https://pat.nichd.nih.gov/placentalcelltype/CT.02.05.03.02).
[2026-06-27 16:32:44.888] Found 360 possible bad axioms.
[2026-06-27 16:32:44.888] Selected the bad axiom SubClassOf(https://pat.nichd.nih.gov/placentalcelltype/CT.06.03.02 https://pat.nichd.nih.gov/placentalcelltype/CT.06.03).
[2026-06-27 16:32:44.894] Found 359 possible bad axioms.
[2026-06-27 16:32:44.894] Selected the bad axiom SubClassOf(https://pat.nichd.nih.gov/placentalcelltype/CT.02.05 https://pat.nichd.nih.gov/placentalcelltype/CT.02).
[2026-06-27 16:32:44.900] Found 358 possible bad axioms.
[2026-06-27 16:32:44.901] Selected the bad axiom SubClassOf(https://pat.nichd.nih.gov/placentalcelltype/CT.03.01.02 https://pat.nichd.nih.gov/placentalcelltype/CT.03.01).
[2026-06-27 16:32:44.904] Found 357 possible bad axioms.
[2026-06-27 16:32:44.905] Selected the bad axiom SubClassOf(https://pat.nichd.nih.gov/placentalcelltype/CT.09.01 https://pat.nichd.nih.gov/placentalcelltype/CT.09).
[2026-06-27 16:32:44.908] Found 356 possible bad axioms.
[2026-06-27 16:32:44.908] Selected the bad axiom SubClassOf(https://pat.nichd.nih.gov/placentalcelltype/CT.01.04 https://pat.nichd.nih.gov/placentalcelltype/CT.01).
[2026-06-27 16:32:44.912] Found 355 possible bad axioms.
[2026-06-27 16:32:44.912] Selected the bad axiom SubClassOf(https://pat.nichd.nih.gov/placentalcelltype/CT.02.05.02.02 https://pat.nichd.nih.gov/placentalcelltype/CT.02.05.02).
[2026-06-27 16:32:44.920] Found 354 possible bad axioms.
[2026-06-27 16:32:44.920] Selected the bad axiom SubClassOf(https://pat.nichd.nih.gov/placentalcelltype/CT.05.02 https://pat.nichd.nih.gov/placentalcelltype/CT.05.01).
[2026-06-27 16:32:44.924] Found 353 possible bad axioms.
[2026-06-27 16:32:44.924] Selected the bad axiom SubClassOf(https://pat.nichd.nih.gov/placentalcelltype/CT.07.03 https://pat.nichd.nih.gov/placentalcelltype/CT.10.0
...[truncated]
SUCCESS: attempt=49 seed=681719 success_count=38/100
progress: ontology=PATCT attempt=49 success=38/100
----- PATCT attempt=50 seed=695919 at 2026-06-27 16:34:02 -----
--- stdout ---
{"seed":695919,"run_id":"20260624134028346645","trial_status":"success","error_type":null,"failure_stage":null,"error_message":null,"iic_values":{"B1_vs_A1":1.0,"B1_vs_A2":0.5,"B1_vs_A3":0.5,"B2_vs_A1":0.9995455922447744,"B2_vs_A2":0.9968847352024922,"B2_vs_A3":0.9968847352024922,"B3_vs_A1":1.0,"B3_vs_A2":1.0,"B3_vs_A3":0.9241842610364683,"B4_vs_A1":0.9984276729559748,"B4_vs_A2":0.8941176470588236,"B4_vs_A3":0.8941176470588236,"B5_vs_A1":0.9995455922447744,"B5_vs_A2":0.9968847352024922,"B5_vs_A3":0.9968847352024922,"B6_vs_A1":0.9995455922447744,"B6_vs_A2":0.9968847352024922,"B6_vs_A3":0.9968847352024922,"B7_vs_A1":0.9984403431245126,"B7_vs_A2":0.9315589353612167,"B7_vs_A3":0.9315589353612167,"B8_vs_A1":0.9995455922447744,"B8_vs_A2":0.9968847352024922,"B8_vs_A3":0.9968847352024922,"B9_vs_A1":0.9995455922447744,"B9_vs_A2":0.9968847352024922,"B9_vs_A3":0.9968847352024922},"repair_runtimes_ms":{"A1":385,"A2":44835,"A3":1218,"B1":511,"B2":1235,"B3":853,"B4":168,"B5":622,"B6":341,"B7":371,"B8":749,"B9":490}}

--- stderr ---
SingleTrialExperiment starting: ontology=/workspaces/ontologyutils-ekaw26/repair-power-index-replication-ekaw26/ontologies/inconsistent/PATCT.owl, seed=695919, run_id=20260624134028346645
Loaded ontology.
Normalizing ontology with SROIQ normalization...
Normalized ontology with SROIQ normalization.
Ontology is already inconsistent, skipping make-inconsistent step.
Repairing with A1 (random-removal)...
[2026-06-27 16:34:02.488] Checking precondition...
[2026-06-27 16:34:02.505] Starting the repair...
[2026-06-27 16:34:02.516] Found 363 possible bad axioms.
[2026-06-27 16:34:02.518] Selected the bad axiom SubClassOf(https://pat.nichd.nih.gov/placentalcelltype/CT.05.01.03.07 https://pat.nichd.nih.gov/placentalcelltype/CT.05.01.03.02).
[2026-06-27 16:34:02.528] Found 362 possible bad axioms.
[2026-06-27 16:34:02.529] Selected the bad axiom SubClassOf(https://pat.nichd.nih.gov/placentalcelltype/CT.04.01 https://pat.nichd.nih.gov/placentalcelltype/CT.04.03).
[2026-06-27 16:34:02.535] Found 361 possible bad axioms.
[2026-06-27 16:34:02.535] Selected the bad axiom SubClassOf(https://pat.nichd.nih.gov/placentalcelltype/CT.05.01.03.07 https://pat.nichd.nih.gov/placentalcelltype/CT.05.01.03).
[2026-06-27 16:34:02.539] Found 360 possible bad axioms.
[2026-06-27 16:34:02.540] Selected the bad axiom SubClassOf(https://pat.nichd.nih.gov/placentalcelltype/CT.07.04 https://pat.nichd.nih.gov/placentalcelltype/CT.03.01.02.01).
[2026-06-27 16:34:02.544] Found 359 possible bad axioms.
[2026-06-27 16:34:02.544] Selected the bad axiom SubClassOf(https://pat.nichd.nih.gov/placentalcelltype/CT.02.04 https://pat.nichd.nih.gov/placentalcelltype/CT.02).
[2026-06-27 16:34:02.550] Found 358 possible bad axioms.
[2026-06-27 16:34:02.550] Selected the bad axiom SubClassOf(https://pat.nichd.nih.gov/placentalcelltype/CT.05.02 https://pat.nichd.nih.gov/placentalcelltype/CT.05.01).
[2026-06-27 16:34:02.554] Found 357 possible bad axioms.
[2026-06-27 16:34:02.555] Selected the bad axiom SubClassOf(https://pat.nichd.nih.gov/placentalcelltype/CT.05.03 https://pat.nichd.nih.gov/placentalcelltype/CT.05.04).
[2026-06-27 16:34:02.558] Found 356 possible bad axioms.
[2026-06-27 16:34:02.559] Selected the bad axiom SubClassOf(https://pat.nichd.nih.gov/placentalcelltype/CT.06.03 https://pat.nichd.nih.gov/placentalcelltype/CT.06.01).
[2026-06-27 16:34:02.562] Found 355 possible bad axioms.
[2026-06-27 16:34:02.562] Selected the bad axiom SubClassOf(https://pat.nichd.nih.gov/placentalcelltype/CT.10 https://pat.nichd.nih.gov/placentalcelltype/CT.10.02.01).
[2026-06-27 16:34:02.570] Found 354 possible bad axioms.
[2026-06-27 16:34:02.571] Selected the bad axiom SubClassOf(https://pat.nichd.nih.gov/placentalcelltype/CT.02.05.03.05 https://pat.nichd.nih.gov/placentalcelltype/CT.02.05.03).
[2026-06-27 16:34:02.574] Found 353 possible bad axioms.
[2026-06-27 16:34:02.574] Selected the bad axiom SubClassOf(https://pat.nichd.nih.gov/placentalcelltype/CT.05.02.06.01 https://pat.nichd.nih.gov/placentalc
...[truncated]
SUCCESS: attempt=50 seed=695919 success_count=39/100
progress: ontology=PATCT attempt=50 success=39/100
----- PATCT attempt=51 seed=710119 at 2026-06-27 16:34:55 -----
--- stdout ---
{"seed":710119,"run_id":"20260624134028346645","trial_status":"memory_limit_exceeded","error_type":"failure","failure_stage":"B3","error_message":"Repair failed: ExecutionException: java.lang.IllegalStateException: Could not find a weakening for axiom: CT.09 ⊑ ⊥","iic_values":{},"repair_runtimes_ms":{"A1":212,"A2":45162,"A3":585,"B1":1245,"B2":11835,"B3":3491}}

--- stderr ---
SingleTrialExperiment starting: ontology=/workspaces/ontologyutils-ekaw26/repair-power-index-replication-ekaw26/ontologies/inconsistent/PATCT.owl, seed=710119, run_id=20260624134028346645
Loaded ontology.
Normalizing ontology with SROIQ normalization...
Normalized ontology with SROIQ normalization.
Ontology is already inconsistent, skipping make-inconsistent step.
Repairing with A1 (random-removal)...
[2026-06-27 16:34:55.510] Checking precondition...
[2026-06-27 16:34:55.526] Starting the repair...
[2026-06-27 16:34:55.534] Found 363 possible bad axioms.
[2026-06-27 16:34:55.536] Selected the bad axiom SubClassOf(https://pat.nichd.nih.gov/placentalcelltype/CT.03.03.05 owl:Nothing).
[2026-06-27 16:34:55.546] Found 362 possible bad axioms.
[2026-06-27 16:34:55.546] Selected the bad axiom SubClassOf(https://pat.nichd.nih.gov/placentalcelltype/CT.02.05.02.02 https://pat.nichd.nih.gov/placentalcelltype/CT.02.05.02.03).
[2026-06-27 16:34:55.552] Found 361 possible bad axioms.
[2026-06-27 16:34:55.552] Selected the bad axiom SubClassOf(https://pat.nichd.nih.gov/placentalcelltype/CT.06 owl:Thing).
[2026-06-27 16:34:55.558] Found 360 possible bad axioms.
[2026-06-27 16:34:55.558] Selected the bad axiom SubClassOf(https://pat.nichd.nih.gov/placentalcelltype/CT.05.01.02.02 https://pat.nichd.nih.gov/placentalcelltype/CT.05.01.02.01).
[2026-06-27 16:34:55.563] Found 359 possible bad axioms.
[2026-06-27 16:34:55.563] Selected the bad axiom SubClassOf(https://pat.nichd.nih.gov/placentalcelltype/CT.05.02.06.02.02 https://pat.nichd.nih.gov/placentalcelltype/CT.05.02.06.02.04).
[2026-06-27 16:34:55.568] Found 358 possible bad axioms.
[2026-06-27 16:34:55.569] Selected the bad axiom SubClassOf(https://pat.nichd.nih.gov/placentalcelltype/CT.10.01.01 https://pat.nichd.nih.gov/placentalcelltype/CT.10.01).
[2026-06-27 16:34:55.574] Found 357 possible bad axioms.
[2026-06-27 16:34:55.574] Selected the bad axiom SubClassOf(https://pat.nichd.nih.gov/placentalcelltype/CT.02.05.03.02 owl:Nothing).
[2026-06-27 16:34:55.578] Found 356 possible bad axioms.
[2026-06-27 16:34:55.578] Selected the bad axiom SubClassOf(https://pat.nichd.nih.gov/placentalcelltype/CT.02.03.01.02 https://pat.nichd.nih.gov/placentalcelltype/CT.02.03.02.02).
[2026-06-27 16:34:55.586] Found 355 possible bad axioms.
[2026-06-27 16:34:55.587] Selected the bad axiom SubClassOf(https://pat.nichd.nih.gov/placentalcelltype/CT.05.03 https://pat.nichd.nih.gov/placentalcelltype/CT.05.04).
[2026-06-27 16:34:55.590] Found 354 possible bad axioms.
[2026-06-27 16:34:55.590] Selected the bad axiom SubClassOf(https://pat.nichd.nih.gov/placentalcelltype/CT.04 https://pat.nichd.nih.gov/placentalcelltype/CT.05).
[2026-06-27 16:34:55.594] Found 353 possible bad axioms.
[2026-06-27 16:34:55.594] Selected the bad axiom SubClassOf(https://pat.nichd.nih.gov/placentalcelltype/CT.03.02.02 https://pat.nichd.nih.gov/placentalcelltype/CT.03.02.05).
[2026-06-27 16:34:55.602] Found 352 possible bad axioms.
[2026-06-27 16:34:55.603]
...[truncated]
FAIL: attempt=51 seed=710119 status=memory_limit_exceeded stage=B3 message=Repair failed: ExecutionException: java.lang.IllegalStateException: Could not find a weakening for axiom: CT.09 ⊑ ⊥
progress: ontology=PATCT attempt=51 success=39/100
----- PATCT attempt=52 seed=724319 at 2026-06-27 16:35:58 -----
--- stdout ---
{"seed":724319,"run_id":"20260624134028346645","trial_status":"success","error_type":null,"failure_stage":null,"error_message":null,"iic_values":{"B1_vs_A1":0.9977730539528292,"B1_vs_A2":0.3700787401574803,"B1_vs_A3":0.3700787401574803,"B2_vs_A1":1.0,"B2_vs_A2":0.9968847352024922,"B2_vs_A3":0.9968847352024922,"B3_vs_A1":0.9633859862292427,"B3_vs_A2":0.855009633911368,"B3_vs_A3":0.855009633911368,"B4_vs_A1":1.0,"B4_vs_A2":0.98568281938326,"B4_vs_A3":0.98568281938326,"B5_vs_A1":1.0,"B5_vs_A2":0.9968847352024922,"B5_vs_A3":0.9968847352024922,"B6_vs_A1":1.0,"B6_vs_A2":0.9968847352024922,"B6_vs_A3":0.9968847352024922,"B7_vs_A1":1.0,"B7_vs_A2":0.98568281938326,"B7_vs_A3":0.98568281938326,"B8_vs_A1":1.0,"B8_vs_A2":0.9968847352024922,"B8_vs_A3":0.9968847352024922,"B9_vs_A1":1.0,"B9_vs_A2":0.9968847352024922,"B9_vs_A3":0.9968847352024922},"repair_runtimes_ms":{"A1":358,"A2":44100,"A3":594,"B1":3714,"B2":7179,"B3":6369,"B4":155,"B5":567,"B6":319,"B7":247,"B8":721,"B9":499}}

--- stderr ---
SingleTrialExperiment starting: ontology=/workspaces/ontologyutils-ekaw26/repair-power-index-replication-ekaw26/ontologies/inconsistent/PATCT.owl, seed=724319, run_id=20260624134028346645
Loaded ontology.
Normalizing ontology with SROIQ normalization...
Normalized ontology with SROIQ normalization.
Ontology is already inconsistent, skipping make-inconsistent step.
Repairing with A1 (random-removal)...
[2026-06-27 16:35:58.564] Checking precondition...
[2026-06-27 16:35:58.580] Starting the repair...
[2026-06-27 16:35:58.588] Found 363 possible bad axioms.
[2026-06-27 16:35:58.590] Selected the bad axiom SubClassOf(https://pat.nichd.nih.gov/placentalcelltype/CT.10.02 https://pat.nichd.nih.gov/placentalcelltype/CT.10.01).
[2026-06-27 16:35:58.601] Found 362 possible bad axioms.
[2026-06-27 16:35:58.602] Selected the bad axiom SubClassOf(https://pat.nichd.nih.gov/placentalcelltype/CT.04 https://pat.nichd.nih.gov/placentalcelltype/CT.03.01.02.01).
[2026-06-27 16:35:58.607] Found 361 possible bad axioms.
[2026-06-27 16:35:58.608] Selected the bad axiom SubClassOf(https://pat.nichd.nih.gov/placentalcelltype/CT.06.01.01 https://pat.nichd.nih.gov/placentalcelltype/CT.06.02).
[2026-06-27 16:35:58.612] Found 360 possible bad axioms.
[2026-06-27 16:35:58.613] Selected the bad axiom SubClassOf(https://pat.nichd.nih.gov/placentalcelltype/CT.03.02.04 https://pat.nichd.nih.gov/placentalcelltype/CT.03.01.02.01).
[2026-06-27 16:35:58.618] Found 359 possible bad axioms.
[2026-06-27 16:35:58.618] Selected the bad axiom SubClassOf(https://pat.nichd.nih.gov/placentalcelltype/CT.03.02.04 https://pat.nichd.nih.gov/placentalcelltype/CT.03.02).
[2026-06-27 16:35:58.622] Found 358 possible bad axioms.
[2026-06-27 16:35:58.623] Selected the bad axiom SubClassOf(https://pat.nichd.nih.gov/placentalcelltype/CT.05.02.06.02 https://pat.nichd.nih.gov/placentalcelltype/CT.05.02.06.01).
[2026-06-27 16:35:58.626] Found 357 possible bad axioms.
[2026-06-27 16:35:58.627] Selected the bad axiom SubClassOf(https://pat.nichd.nih.gov/placentalcelltype/CT.03.03 https://pat.nichd.nih.gov/placentalcelltype/CT.03).
[2026-06-27 16:35:58.630] Found 356 possible bad axioms.
[2026-06-27 16:35:58.631] Selected the bad axiom SubClassOf(https://pat.nichd.nih.gov/placentalcelltype/CT.05.02.06.02.04 https://pat.nichd.nih.gov/placentalcelltype/CT.05.02.06.02.03).
[2026-06-27 16:35:58.639] Found 355 possible bad axioms.
[2026-06-27 16:35:58.639] Selected the bad axiom SubClassOf(https://pat.nichd.nih.gov/placentalcelltype/CT.02.05 https://pat.nichd.nih.gov/placentalcelltype/CT.02.04.01).
[2026-06-27 16:35:58.643] Found 354 possible bad axioms.
[2026-06-27 16:35:58.643] Selected the bad axiom SubClassOf(https://pat.nichd.nih.gov/placentalcelltype/CT.04 owl:Thing).
[2026-06-27 16:35:58.646] Found 353 possible bad axioms.
[2026-06-27 16:35:58.647] Selected the bad axiom SubClassOf(https://pat.nichd.nih.gov/placentalcelltype/CT.03.02.01 https://pat.nichd.nih.gov/placentalcelltype/CT.03.02).
[2026-06-27 16:
...[truncated]
SUCCESS: attempt=52 seed=724319 success_count=40/100
progress: ontology=PATCT attempt=52 success=40/100
----- PATCT attempt=53 seed=738519 at 2026-06-27 16:37:05 -----
--- stdout ---
{"seed":738519,"run_id":"20260624134028346645","trial_status":"success","error_type":null,"failure_stage":null,"error_message":null,"iic_values":{"B1_vs_A1":0.9344638949671772,"B1_vs_A2":0.08269525267993874,"B1_vs_A3":0.12280701754385964,"B2_vs_A1":0.9496378830083565,"B2_vs_A2":0.07377049180327869,"B2_vs_A3":0.5,"B3_vs_A1":0.95787904202777,"B3_vs_A2":0.7985739750445633,"B3_vs_A3":1.0,"B4_vs_A1":1.0,"B4_vs_A2":1.0,"B4_vs_A3":0.9945945945945946,"B5_vs_A1":1.0,"B5_vs_A2":1.0,"B5_vs_A3":0.9945945945945946,"B6_vs_A1":1.0,"B6_vs_A2":1.0,"B6_vs_A3":0.9945945945945946,"B7_vs_A1":1.0,"B7_vs_A2":0.5,"B7_vs_A3":0.9262295081967213,"B8_vs_A1":1.0,"B8_vs_A2":1.0,"B8_vs_A3":0.9945945945945946,"B9_vs_A1":1.0,"B9_vs_A2":1.0,"B9_vs_A3":0.9945945945945946},"repair_runtimes_ms":{"A1":429,"A2":44163,"A3":569,"B1":1300,"B2":11672,"B3":5981,"B4":150,"B5":551,"B6":359,"B7":244,"B8":8879,"B9":442}}

--- stderr ---
SingleTrialExperiment starting: ontology=/workspaces/ontologyutils-ekaw26/repair-power-index-replication-ekaw26/ontologies/inconsistent/PATCT.owl, seed=738519, run_id=20260624134028346645
Loaded ontology.
Normalizing ontology with SROIQ normalization...
Normalized ontology with SROIQ normalization.
Ontology is already inconsistent, skipping make-inconsistent step.
Repairing with A1 (random-removal)...
[2026-06-27 16:37:05.584] Checking precondition...
[2026-06-27 16:37:05.600] Starting the repair...
[2026-06-27 16:37:05.608] Found 363 possible bad axioms.
[2026-06-27 16:37:05.610] Selected the bad axiom SubClassOf(https://pat.nichd.nih.gov/placentalcelltype/CT.08.02 https://pat.nichd.nih.gov/placentalcelltype/CT.08.05).
[2026-06-27 16:37:05.620] Found 362 possible bad axioms.
[2026-06-27 16:37:05.620] Selected the bad axiom SubClassOf(https://pat.nichd.nih.gov/placentalcelltype/CT.10.01.02 https://pat.nichd.nih.gov/placentalcelltype/CT.10.01).
[2026-06-27 16:37:05.626] Found 361 possible bad axioms.
[2026-06-27 16:37:05.626] Selected the bad axiom SubClassOf(https://pat.nichd.nih.gov/placentalcelltype/CT.04.01 https://pat.nichd.nih.gov/placentalcelltype/CT.04).
[2026-06-27 16:37:05.632] Found 360 possible bad axioms.
[2026-06-27 16:37:05.632] Selected the bad axiom SubClassOf(https://pat.nichd.nih.gov/placentalcelltype/CT.04.03 https://pat.nichd.nih.gov/placentalcelltype/CT.01.01).
[2026-06-27 16:37:05.638] Found 359 possible bad axioms.
[2026-06-27 16:37:05.639] Selected the bad axiom SubClassOf(https://pat.nichd.nih.gov/placentalcelltype/CT.05.01 https://pat.nichd.nih.gov/placentalcelltype/CT.05.05).
[2026-06-27 16:37:05.644] Found 358 possible bad axioms.
[2026-06-27 16:37:05.644] Selected the bad axiom SubClassOf(https://pat.nichd.nih.gov/placentalcelltype/CT.10 https://pat.nichd.nih.gov/placentalcelltype/CT.10.02.01).
[2026-06-27 16:37:05.648] Found 357 possible bad axioms.
[2026-06-27 16:37:05.648] Selected the bad axiom SubClassOf(https://pat.nichd.nih.gov/placentalcelltype/CT.01.03 owl:Nothing).
[2026-06-27 16:37:05.652] Found 356 possible bad axioms.
[2026-06-27 16:37:05.652] Selected the bad axiom SubClassOf(https://pat.nichd.nih.gov/placentalcelltype/CT.05.01.01.02 https://pat.nichd.nih.gov/placentalcelltype/CT.05.01.01).
[2026-06-27 16:37:05.656] Found 355 possible bad axioms.
[2026-06-27 16:37:05.656] Selected the bad axiom SubClassOf(https://pat.nichd.nih.gov/placentalcelltype/CT.03.03.05 owl:Nothing).
[2026-06-27 16:37:05.665] Found 354 possible bad axioms.
[2026-06-27 16:37:05.665] Selected the bad axiom SubClassOf(https://pat.nichd.nih.gov/placentalcelltype/CT.03.02.05 https://pat.nichd.nih.gov/placentalcelltype/CT.03.02).
[2026-06-27 16:37:05.668] Found 353 possible bad axioms.
[2026-06-27 16:37:05.669] Selected the bad axiom SubClassOf(https://pat.nichd.nih.gov/placentalcelltype/CT.04.03 https://pat.nichd.nih.gov/placentalcelltype/CT.04).
[2026-06-27 16:37:05.677] Found 352 possible bad axioms.
[2026-06-27 16:37:05.678] Selecte
...[truncated]
SUCCESS: attempt=53 seed=738519 success_count=41/100
progress: ontology=PATCT attempt=53 success=41/100
----- PATCT attempt=54 seed=752719 at 2026-06-27 16:38:21 -----
--- stdout ---
{"seed":752719,"run_id":"20260624134028346645","trial_status":"success","error_type":null,"failure_stage":null,"error_message":null,"iic_values":{"B1_vs_A1":0.7578172900061312,"B1_vs_A2":0.04451733833177132,"B1_vs_A3":0.30970724191063176,"B2_vs_A1":0.9981264637002342,"B2_vs_A2":0.9968847352024922,"B2_vs_A3":0.993230537796164,"B3_vs_A1":0.9957824639289679,"B3_vs_A2":0.5,"B3_vs_A3":0.8162355040142729,"B4_vs_A1":0.9981264637002342,"B4_vs_A2":0.9968847352024922,"B4_vs_A3":0.993230537796164,"B5_vs_A1":0.9981264637002342,"B5_vs_A2":0.9968847352024922,"B5_vs_A3":0.993230537796164,"B6_vs_A1":0.9981264637002342,"B6_vs_A2":0.9968847352024922,"B6_vs_A3":0.993230537796164,"B7_vs_A1":0.9981264637002342,"B7_vs_A2":0.9968847352024922,"B7_vs_A3":0.993230537796164,"B8_vs_A1":0.9981264637002342,"B8_vs_A2":0.9968847352024922,"B8_vs_A3":0.993230537796164,"B9_vs_A1":0.9981264637002342,"B9_vs_A2":0.9968847352024922,"B9_vs_A3":0.993230537796164},"repair_runtimes_ms":{"A1":276,"A2":44054,"A3":3349,"B1":1119,"B2":1194,"B3":7348,"B4":155,"B5":6964,"B6":357,"B7":231,"B8":649,"B9":424}}

--- stderr ---
SingleTrialExperiment starting: ontology=/workspaces/ontologyutils-ekaw26/repair-power-index-replication-ekaw26/ontologies/inconsistent/PATCT.owl, seed=752719, run_id=20260624134028346645
Loaded ontology.
Normalizing ontology with SROIQ normalization...
Normalized ontology with SROIQ normalization.
Ontology is already inconsistent, skipping make-inconsistent step.
Repairing with A1 (random-removal)...
[2026-06-27 16:38:22.023] Checking precondition...
[2026-06-27 16:38:22.039] Starting the repair...
[2026-06-27 16:38:22.047] Found 363 possible bad axioms.
[2026-06-27 16:38:22.050] Selected the bad axiom SubClassOf(https://pat.nichd.nih.gov/placentalcelltype/CT.02.05.02.02 https://pat.nichd.nih.gov/placentalcelltype/CT.02.05.02.01.03).
[2026-06-27 16:38:22.060] Found 362 possible bad axioms.
[2026-06-27 16:38:22.061] Selected the bad axiom SubClassOf(https://pat.nichd.nih.gov/placentalcelltype/CT.05.01.03.03 https://pat.nichd.nih.gov/placentalcelltype/CT.05.01.03.05).
[2026-06-27 16:38:22.066] Found 361 possible bad axioms.
[2026-06-27 16:38:22.066] Selected the bad axiom SubClassOf(https://pat.nichd.nih.gov/placentalcelltype/CT.02.05.02.02 https://pat.nichd.nih.gov/placentalcelltype/CT.02.05.02.01).
[2026-06-27 16:38:22.072] Found 360 possible bad axioms.
[2026-06-27 16:38:22.072] Selected the bad axiom SubClassOf(https://pat.nichd.nih.gov/placentalcelltype/CT.05.01.03.04 https://pat.nichd.nih.gov/placentalcelltype/CT.05.01.03.01).
[2026-06-27 16:38:22.077] Found 359 possible bad axioms.
[2026-06-27 16:38:22.078] Selected the bad axiom SubClassOf(https://pat.nichd.nih.gov/placentalcelltype/CT.02.05.03 https://pat.nichd.nih.gov/placentalcelltype/CT.02.05.03.04).
[2026-06-27 16:38:22.082] Found 358 possible bad axioms.
[2026-06-27 16:38:22.082] Selected the bad axiom SubClassOf(https://pat.nichd.nih.gov/placentalcelltype/CT.05.01.03 https://pat.nichd.nih.gov/placentalcelltype/CT.05.01.03.02).
[2026-06-27 16:38:22.086] Found 357 possible bad axioms.
[2026-06-27 16:38:22.086] Selected the bad axiom SubClassOf(https://pat.nichd.nih.gov/placentalcelltype/CT.05 https://pat.nichd.nih.gov/placentalcelltype/CT.07.03).
[2026-06-27 16:38:22.089] Found 356 possible bad axioms.
[2026-06-27 16:38:22.090] Selected the bad axiom SubClassOf(https://pat.nichd.nih.gov/placentalcelltype/CT.05.02.06 https://pat.nichd.nih.gov/placentalcelltype/CT.05.03.01).
[2026-06-27 16:38:22.093] Found 355 possible bad axioms.
[2026-06-27 16:38:22.093] Selected the bad axiom SubClassOf(https://pat.nichd.nih.gov/placentalcelltype/CT.02.05.03.02.01 https://pat.nichd.nih.gov/placentalcelltype/CT.02.05.03.02.03).
[2026-06-27 16:38:22.101] Found 354 possible bad axioms.
[2026-06-27 16:38:22.101] Selected the bad axiom SubClassOf(https://pat.nichd.nih.gov/placentalcelltype/CT.05.02 https://pat.nichd.nih.gov/placentalcelltype/CT.05.02.06.01).
[2026-06-27 16:38:22.105] Found 353 possible bad axioms.
[2026-06-27 16:38:22.105] Selected the bad axiom SubClassOf(https://pat.nichd.nih.gov/placen
...[truncated]
SUCCESS: attempt=54 seed=752719 success_count=42/100
progress: ontology=PATCT attempt=54 success=42/100
----- PATCT attempt=55 seed=766919 at 2026-06-27 16:39:29 -----
--- stdout ---
{"seed":766919,"run_id":"20260624134028346645","trial_status":"success","error_type":null,"failure_stage":null,"error_message":null,"iic_values":{"B1_vs_A1":0.9996712905134442,"B1_vs_A2":0.7142857142857143,"B1_vs_A3":0.7142857142857143,"B2_vs_A1":0.9912001389451746,"B2_vs_A2":0.9966085271317829,"B2_vs_A3":0.9966085271317829,"B3_vs_A1":0.9714339884977564,"B3_vs_A2":0.5,"B3_vs_A3":0.5,"B4_vs_A1":1.0,"B4_vs_A2":0.9262295081967213,"B4_vs_A3":0.9262295081967213,"B5_vs_A1":1.0,"B5_vs_A2":0.9945945945945946,"B5_vs_A3":0.9945945945945946,"B6_vs_A1":1.0,"B6_vs_A2":0.9945945945945946,"B6_vs_A3":0.9945945945945946,"B7_vs_A1":1.0,"B7_vs_A2":0.9262295081967213,"B7_vs_A3":0.9262295081967213,"B8_vs_A1":1.0,"B8_vs_A2":0.9945945945945946,"B8_vs_A3":0.9945945945945946,"B9_vs_A1":1.0,"B9_vs_A2":0.9945945945945946,"B9_vs_A3":0.9945945945945946},"repair_runtimes_ms":{"A1":350,"A2":44764,"A3":580,"B1":3619,"B2":10744,"B3":7984,"B4":152,"B5":431,"B6":367,"B7":232,"B8":662,"B9":417}}

--- stderr ---
SingleTrialExperiment starting: ontology=/workspaces/ontologyutils-ekaw26/repair-power-index-replication-ekaw26/ontologies/inconsistent/PATCT.owl, seed=766919, run_id=20260624134028346645
Loaded ontology.
Normalizing ontology with SROIQ normalization...
Normalized ontology with SROIQ normalization.
Ontology is already inconsistent, skipping make-inconsistent step.
Repairing with A1 (random-removal)...
[2026-06-27 16:39:29.622] Checking precondition...
[2026-06-27 16:39:29.638] Starting the repair...
[2026-06-27 16:39:29.646] Found 363 possible bad axioms.
[2026-06-27 16:39:29.648] Selected the bad axiom SubClassOf(https://pat.nichd.nih.gov/placentalcelltype/CT.05.03 https://pat.nichd.nih.gov/placentalcelltype/CT.05).
[2026-06-27 16:39:29.658] Found 362 possible bad axioms.
[2026-06-27 16:39:29.658] Selected the bad axiom SubClassOf(https://pat.nichd.nih.gov/placentalcelltype/CT.02.05.02 https://pat.nichd.nih.gov/placentalcelltype/CT.02.05).
[2026-06-27 16:39:29.663] Found 361 possible bad axioms.
[2026-06-27 16:39:29.663] Selected the bad axiom SubClassOf(https://pat.nichd.nih.gov/placentalcelltype/CT.05.04.01 https://pat.nichd.nih.gov/placentalcelltype/CT.05.04).
[2026-06-27 16:39:29.669] Found 360 possible bad axioms.
[2026-06-27 16:39:29.669] Selected the bad axiom SubClassOf(https://pat.nichd.nih.gov/placentalcelltype/CT.06.03 https://pat.nichd.nih.gov/placentalcelltype/CT.06.03.01).
[2026-06-27 16:39:29.675] Found 359 possible bad axioms.
[2026-06-27 16:39:29.675] Selected the bad axiom SubClassOf(https://pat.nichd.nih.gov/placentalcelltype/CT.01 https://pat.nichd.nih.gov/placentalcelltype/CT.04.02).
[2026-06-27 16:39:29.679] Found 358 possible bad axioms.
[2026-06-27 16:39:29.680] Selected the bad axiom SubClassOf(https://pat.nichd.nih.gov/placentalcelltype/CT.10.02 https://pat.nichd.nih.gov/placentalcelltype/CT.10.02.01).
[2026-06-27 16:39:29.684] Found 357 possible bad axioms.
[2026-06-27 16:39:29.684] Selected the bad axiom SubClassOf(https://pat.nichd.nih.gov/placentalcelltype/CT.02.05.03 https://pat.nichd.nih.gov/placentalcelltype/CT.02.05).
[2026-06-27 16:39:29.687] Found 356 possible bad axioms.
[2026-06-27 16:39:29.688] Selected the bad axiom SubClassOf(https://pat.nichd.nih.gov/placentalcelltype/CT.10.01.01 https://pat.nichd.nih.gov/placentalcelltype/CT.10.01).
[2026-06-27 16:39:29.691] Found 355 possible bad axioms.
[2026-06-27 16:39:29.691] Selected the bad axiom SubClassOf(https://pat.nichd.nih.gov/placentalcelltype/CT.08.05 https://pat.nichd.nih.gov/placentalcelltype/CT.08.04).
[2026-06-27 16:39:29.700] Found 354 possible bad axioms.
[2026-06-27 16:39:29.700] Selected the bad axiom SubClassOf(https://pat.nichd.nih.gov/placentalcelltype/CT.02.01 https://pat.nichd.nih.gov/placentalcelltype/CT.02).
[2026-06-27 16:39:29.704] Found 353 possible bad axioms.
[2026-06-27 16:39:29.704] Selected the bad axiom SubClassOf(https://pat.nichd.nih.gov/placentalcelltype/CT.05.03 https://pat.nichd.nih.gov/placentalcelltype/CT.05.04).
[2026-06-27
...[truncated]
SUCCESS: attempt=55 seed=766919 success_count=43/100
progress: ontology=PATCT attempt=55 success=43/100
----- PATCT attempt=56 seed=781119 at 2026-06-27 16:40:40 -----
--- stdout ---
{"seed":781119,"run_id":"20260624134028346645","trial_status":"success","error_type":null,"failure_stage":null,"error_message":null,"iic_values":{"B1_vs_A1":0.9687949086429891,"B1_vs_A2":1.0,"B1_vs_A3":0.07878787878787878,"B2_vs_A1":0.8983355825461089,"B2_vs_A2":0.059375,"B2_vs_A3":0.02138157894736842,"B3_vs_A1":0.8983355825461089,"B3_vs_A2":0.059375,"B3_vs_A3":0.02138157894736842,"B4_vs_A1":1.0,"B4_vs_A2":0.8941176470588236,"B4_vs_A3":0.0,"B5_vs_A1":1.0,"B5_vs_A2":0.9968847352024922,"B5_vs_A3":0.7041139240506329,"B6_vs_A1":1.0,"B6_vs_A2":0.9968847352024922,"B6_vs_A3":0.7041139240506329,"B7_vs_A1":1.0,"B7_vs_A2":0.9315589353612167,"B7_vs_A3":0.06964520367936924,"B8_vs_A1":1.0,"B8_vs_A2":0.9968847352024922,"B8_vs_A3":0.7041139240506329,"B9_vs_A1":1.0,"B9_vs_A2":0.9968847352024922,"B9_vs_A3":0.7041139240506329},"repair_runtimes_ms":{"A1":291,"A2":44448,"A3":1961,"B1":497,"B2":11964,"B3":7769,"B4":156,"B5":562,"B6":3924,"B7":244,"B8":8302,"B9":3951}}

--- stderr ---
SingleTrialExperiment starting: ontology=/workspaces/ontologyutils-ekaw26/repair-power-index-replication-ekaw26/ontologies/inconsistent/PATCT.owl, seed=781119, run_id=20260624134028346645
Loaded ontology.
Normalizing ontology with SROIQ normalization...
Normalized ontology with SROIQ normalization.
Ontology is already inconsistent, skipping make-inconsistent step.
Repairing with A1 (random-removal)...
[2026-06-27 16:40:41.260] Checking precondition...
[2026-06-27 16:40:41.276] Starting the repair...
[2026-06-27 16:40:41.286] Found 363 possible bad axioms.
[2026-06-27 16:40:41.288] Selected the bad axiom SubClassOf(https://pat.nichd.nih.gov/placentalcelltype/CT.05.02 https://pat.nichd.nih.gov/placentalcelltype/CT.05.03).
[2026-06-27 16:40:41.298] Found 362 possible bad axioms.
[2026-06-27 16:40:41.298] Selected the bad axiom SubClassOf(https://pat.nichd.nih.gov/placentalcelltype/CT.10.04 https://pat.nichd.nih.gov/placentalcelltype/CT.07.03).
[2026-06-27 16:40:41.303] Found 361 possible bad axioms.
[2026-06-27 16:40:41.304] Selected the bad axiom SubClassOf(https://pat.nichd.nih.gov/placentalcelltype/CT.09.04 https://pat.nichd.nih.gov/placentalcelltype/CT.09.02).
[2026-06-27 16:40:41.310] Found 360 possible bad axioms.
[2026-06-27 16:40:41.311] Selected the bad axiom SubClassOf(https://pat.nichd.nih.gov/placentalcelltype/CT.10.02 https://pat.nichd.nih.gov/placentalcelltype/CT.10.01.01).
[2026-06-27 16:40:41.316] Found 359 possible bad axioms.
[2026-06-27 16:40:41.316] Selected the bad axiom SubClassOf(https://pat.nichd.nih.gov/placentalcelltype/CT.10 https://pat.nichd.nih.gov/placentalcelltype/CT.10.01.02).
[2026-06-27 16:40:41.321] Found 358 possible bad axioms.
[2026-06-27 16:40:41.321] Selected the bad axiom SubClassOf(https://pat.nichd.nih.gov/placentalcelltype/CT.04 https://pat.nichd.nih.gov/placentalcelltype/CT.01).
[2026-06-27 16:40:41.325] Found 357 possible bad axioms.
[2026-06-27 16:40:41.325] Selected the bad axiom SubClassOf(https://pat.nichd.nih.gov/placentalcelltype/CT.02.05.02.02.01 https://pat.nichd.nih.gov/placentalcelltype/CT.02.05.02.02.02).
[2026-06-27 16:40:41.329] Found 356 possible bad axioms.
[2026-06-27 16:40:41.329] Selected the bad axiom SubClassOf(https://pat.nichd.nih.gov/placentalcelltype/CT.05.01.01.01 https://pat.nichd.nih.gov/placentalcelltype/CT.05.01.01).
[2026-06-27 16:40:41.337] Found 355 possible bad axioms.
[2026-06-27 16:40:41.337] Selected the bad axiom SubClassOf(https://pat.nichd.nih.gov/placentalcelltype/CT.01 owl:Thing).
[2026-06-27 16:40:41.341] Found 354 possible bad axioms.
[2026-06-27 16:40:41.341] Selected the bad axiom SubClassOf(https://pat.nichd.nih.gov/placentalcelltype/CT.02.05 https://pat.nichd.nih.gov/placentalcelltype/CT.02.01).
[2026-06-27 16:40:41.345] Found 353 possible bad axioms.
[2026-06-27 16:40:41.345] Selected the bad axiom SubClassOf(https://pat.nichd.nih.gov/placentalcelltype/CT.04 https://pat.nichd.nih.gov/placentalcelltype/CT.05.02.03).
[2026-06-27 16:40:41.354] Found 352 possib
...[truncated]
SUCCESS: attempt=56 seed=781119 success_count=44/100
progress: ontology=PATCT attempt=56 success=44/100
----- PATCT attempt=57 seed=795319 at 2026-06-27 16:42:06 -----
--- stdout ---
{"seed":795319,"run_id":"20260624134028346645","trial_status":"memory_limit_exceeded","error_type":"failure","failure_stage":"B4","error_message":"Repair failed: ExecutionException: java.lang.NullPointerException: operands cannot be null or empty","iic_values":{},"repair_runtimes_ms":{"A1":405,"A2":43938,"A3":595,"B1":3975,"B2":11833,"B3":10860,"B4":468}}

--- stderr ---
SingleTrialExperiment starting: ontology=/workspaces/ontologyutils-ekaw26/repair-power-index-replication-ekaw26/ontologies/inconsistent/PATCT.owl, seed=795319, run_id=20260624134028346645
Loaded ontology.
Normalizing ontology with SROIQ normalization...
Normalized ontology with SROIQ normalization.
Ontology is already inconsistent, skipping make-inconsistent step.
Repairing with A1 (random-removal)...
[2026-06-27 16:42:06.997] Checking precondition...
[2026-06-27 16:42:07.013] Starting the repair...
[2026-06-27 16:42:07.023] Found 363 possible bad axioms.
[2026-06-27 16:42:07.025] Selected the bad axiom SubClassOf(https://pat.nichd.nih.gov/placentalcelltype/CT.05.01.03.05.01 https://pat.nichd.nih.gov/placentalcelltype/CT.05.01.03.05).
[2026-06-27 16:42:07.035] Found 362 possible bad axioms.
[2026-06-27 16:42:07.035] Selected the bad axiom SubClassOf(https://pat.nichd.nih.gov/placentalcelltype/CT.02.04.02 https://pat.nichd.nih.gov/placentalcelltype/CT.02.05.02.03).
[2026-06-27 16:42:07.041] Found 361 possible bad axioms.
[2026-06-27 16:42:07.041] Selected the bad axiom SubClassOf(https://pat.nichd.nih.gov/placentalcelltype/CT.02.05.02.02.02 https://pat.nichd.nih.gov/placentalcelltype/CT.02.05.02.02).
[2026-06-27 16:42:07.046] Found 360 possible bad axioms.
[2026-06-27 16:42:07.046] Selected the bad axiom SubClassOf(https://pat.nichd.nih.gov/placentalcelltype/CT.10.01.02 https://pat.nichd.nih.gov/placentalcelltype/CT.10.01).
[2026-06-27 16:42:07.052] Found 359 possible bad axioms.
[2026-06-27 16:42:07.052] Selected the bad axiom SubClassOf(https://pat.nichd.nih.gov/placentalcelltype/CT.10.06 https://pat.nichd.nih.gov/placentalcelltype/CT.07.04).
[2026-06-27 16:42:07.057] Found 358 possible bad axioms.
[2026-06-27 16:42:07.058] Selected the bad axiom SubClassOf(https://pat.nichd.nih.gov/placentalcelltype/CT.09.04 https://pat.nichd.nih.gov/placentalcelltype/CT.09).
[2026-06-27 16:42:07.061] Found 357 possible bad axioms.
[2026-06-27 16:42:07.062] Selected the bad axiom SubClassOf(https://pat.nichd.nih.gov/placentalcelltype/CT.05.01.01.02 https://pat.nichd.nih.gov/placentalcelltype/CT.05.01.01).
[2026-06-27 16:42:07.066] Found 356 possible bad axioms.
[2026-06-27 16:42:07.066] Selected the bad axiom SubClassOf(https://pat.nichd.nih.gov/placentalcelltype/CT.01.01 owl:Nothing).
[2026-06-27 16:42:07.069] Found 355 possible bad axioms.
[2026-06-27 16:42:07.070] Selected the bad axiom SubClassOf(https://pat.nichd.nih.gov/placentalcelltype/CT.08 owl:Thing).
[2026-06-27 16:42:07.077] Found 354 possible bad axioms.
[2026-06-27 16:42:07.078] Selected the bad axiom SubClassOf(https://pat.nichd.nih.gov/placentalcelltype/CT.02.05.02.01.01 https://pat.nichd.nih.gov/placentalcelltype/CT.02.05.02.01).
[2026-06-27 16:42:07.081] Found 353 possible bad axioms.
[2026-06-27 16:42:07.081] Selected the bad axiom SubClassOf(https://pat.nichd.nih.gov/placentalcelltype/CT.06.03 https://pat.nichd.nih.gov/placentalcelltype/CT.06).
[2026-06-27 16:42:07.090] Found 352 possible ba
...[truncated]
FAIL: attempt=57 seed=795319 status=memory_limit_exceeded stage=B4 message=Repair failed: ExecutionException: java.lang.NullPointerException: operands cannot be null or empty
progress: ontology=PATCT attempt=57 success=44/100
----- PATCT attempt=58 seed=809519 at 2026-06-27 16:43:22 -----
--- stdout ---
{"seed":809519,"run_id":"20260624134028346645","trial_status":"success","error_type":null,"failure_stage":null,"error_message":null,"iic_values":{"B1_vs_A1":0.9984372182484823,"B1_vs_A2":0.98568281938326,"B1_vs_A3":0.5,"B2_vs_A1":1.0,"B2_vs_A2":0.855009633911368,"B2_vs_A3":0.5995962314939435,"B3_vs_A1":0.9993197664531489,"B3_vs_A2":0.9968847352024922,"B3_vs_A3":0.7041139240506329,"B4_vs_A1":0.9977430882076359,"B4_vs_A2":0.9150943396226415,"B4_vs_A3":0.029333333333333333,"B5_vs_A1":0.9993197664531489,"B5_vs_A2":0.9968847352024922,"B5_vs_A3":0.7041139240506329,"B6_vs_A1":0.9993197664531489,"B6_vs_A2":0.9968847352024922,"B6_vs_A3":0.7041139240506329,"B7_vs_A1":0.9984372182484823,"B7_vs_A2":0.98568281938326,"B7_vs_A3":0.5,"B8_vs_A1":0.9993197664531489,"B8_vs_A2":0.9968847352024922,"B8_vs_A3":0.7041139240506329,"B9_vs_A1":0.9993197664531489,"B9_vs_A2":0.9968847352024922,"B9_vs_A3":0.7041139240506329},"repair_runtimes_ms":{"A1":419,"A2":44073,"A3":1299,"B1":1134,"B2":10434,"B3":845,"B4":257,"B5":422,"B6":300,"B7":664,"B8":626,"B9":404}}

--- stderr ---
SingleTrialExperiment starting: ontology=/workspaces/ontologyutils-ekaw26/repair-power-index-replication-ekaw26/ontologies/inconsistent/PATCT.owl, seed=809519, run_id=20260624134028346645
Loaded ontology.
Normalizing ontology with SROIQ normalization...
Normalized ontology with SROIQ normalization.
Ontology is already inconsistent, skipping make-inconsistent step.
Repairing with A1 (random-removal)...
[2026-06-27 16:43:23.370] Checking precondition...
[2026-06-27 16:43:23.386] Starting the repair...
[2026-06-27 16:43:23.394] Found 363 possible bad axioms.
[2026-06-27 16:43:23.396] Selected the bad axiom SubClassOf(https://pat.nichd.nih.gov/placentalcelltype/CT.01.03 https://pat.nichd.nih.gov/placentalcelltype/CT.01.02).
[2026-06-27 16:43:23.406] Found 362 possible bad axioms.
[2026-06-27 16:43:23.406] Selected the bad axiom SubClassOf(https://pat.nichd.nih.gov/placentalcelltype/CT.05.02.06.02.04 https://pat.nichd.nih.gov/placentalcelltype/CT.05.02.06.02).
[2026-06-27 16:43:23.412] Found 361 possible bad axioms.
[2026-06-27 16:43:23.412] Selected the bad axiom SubClassOf(https://pat.nichd.nih.gov/placentalcelltype/CT.02.05.02 https://pat.nichd.nih.gov/placentalcelltype/CT.02.05).
[2026-06-27 16:43:23.418] Found 360 possible bad axioms.
[2026-06-27 16:43:23.418] Selected the bad axiom SubClassOf(https://pat.nichd.nih.gov/placentalcelltype/CT.06.01.03 https://pat.nichd.nih.gov/placentalcelltype/CT.06.01).
[2026-06-27 16:43:23.422] Found 359 possible bad axioms.
[2026-06-27 16:43:23.423] Selected the bad axiom SubClassOf(https://pat.nichd.nih.gov/placentalcelltype/CT.02.05 https://pat.nichd.nih.gov/placentalcelltype/CT.02.03.01).
[2026-06-27 16:43:23.428] Found 358 possible bad axioms.
[2026-06-27 16:43:23.428] Selected the bad axiom SubClassOf(https://pat.nichd.nih.gov/placentalcelltype/CT.02.05.02.03 https://pat.nichd.nih.gov/placentalcelltype/CT.02.05.02.01).
[2026-06-27 16:43:23.432] Found 357 possible bad axioms.
[2026-06-27 16:43:23.432] Selected the bad axiom SubClassOf(https://pat.nichd.nih.gov/placentalcelltype/CT.05.01.03.04 https://pat.nichd.nih.gov/placentalcelltype/CT.05.01.03.01).
[2026-06-27 16:43:23.436] Found 356 possible bad axioms.
[2026-06-27 16:43:23.436] Selected the bad axiom SubClassOf(https://pat.nichd.nih.gov/placentalcelltype/CT.05 owl:Thing).
[2026-06-27 16:43:23.445] Found 355 possible bad axioms.
[2026-06-27 16:43:23.445] Selected the bad axiom SubClassOf(https://pat.nichd.nih.gov/placentalcelltype/CT.10.02.01 https://pat.nichd.nih.gov/placentalcelltype/CT.10.02).
[2026-06-27 16:43:23.449] Found 354 possible bad axioms.
[2026-06-27 16:43:23.449] Selected the bad axiom SubClassOf(https://pat.nichd.nih.gov/placentalcelltype/CT.02.05.02.02 https://pat.nichd.nih.gov/placentalcelltype/CT.02.05.02.01).
[2026-06-27 16:43:23.453] Found 353 possible bad axioms.
[2026-06-27 16:43:23.453] Selected the bad axiom SubClassOf(https://pat.nichd.nih.gov/placentalcelltype/CT.01.03 https://pat.nichd.nih.gov/placentalcelltype/CT.01.01).
[20
...[truncated]
SUCCESS: attempt=58 seed=809519 success_count=45/100
progress: ontology=PATCT attempt=58 success=45/100
----- PATCT attempt=59 seed=823719 at 2026-06-27 16:44:25 -----
--- stdout ---
{"seed":823719,"run_id":"20260624134028346645","trial_status":"success","error_type":null,"failure_stage":null,"error_message":null,"iic_values":{"B1_vs_A1":0.13900437053619016,"B1_vs_A2":0.08029280567310991,"B1_vs_A3":0.15134663613564497,"B2_vs_A1":0.9949367088607595,"B2_vs_A2":1.0,"B2_vs_A3":0.9892241379310345,"B3_vs_A1":0.9595744680851064,"B3_vs_A2":0.10588235294117647,"B3_vs_A3":0.920997920997921,"B4_vs_A1":0.9809663250366032,"B4_vs_A2":1.0,"B4_vs_A3":0.964324917672887,"B5_vs_A1":0.9949367088607595,"B5_vs_A2":1.0,"B5_vs_A3":0.9892241379310345,"B6_vs_A1":0.9949367088607595,"B6_vs_A2":1.0,"B6_vs_A3":0.9892241379310345,"B7_vs_A1":0.9809663250366032,"B7_vs_A2":1.0,"B7_vs_A3":0.964324917672887,"B8_vs_A1":0.9949367088607595,"B8_vs_A2":1.0,"B8_vs_A3":0.9892241379310345,"B9_vs_A1":0.9949367088607595,"B9_vs_A2":1.0,"B9_vs_A3":0.9892241379310345},"repair_runtimes_ms":{"A1":82,"A2":44147,"A3":2999,"B1":1973,"B2":1173,"B3":7604,"B4":155,"B5":617,"B6":6243,"B7":235,"B8":11082,"B9":576}}

--- stderr ---
SingleTrialExperiment starting: ontology=/workspaces/ontologyutils-ekaw26/repair-power-index-replication-ekaw26/ontologies/inconsistent/PATCT.owl, seed=823719, run_id=20260624134028346645
Loaded ontology.
Normalizing ontology with SROIQ normalization...
Normalized ontology with SROIQ normalization.
Ontology is already inconsistent, skipping make-inconsistent step.
Repairing with A1 (random-removal)...
[2026-06-27 16:44:25.453] Checking precondition...
[2026-06-27 16:44:25.469] Starting the repair...
[2026-06-27 16:44:25.477] Found 363 possible bad axioms.
[2026-06-27 16:44:25.479] Selected the bad axiom SubClassOf(https://pat.nichd.nih.gov/placentalcelltype/CT.09 https://pat.nichd.nih.gov/placentalcelltype/CT.09.02).
[2026-06-27 16:44:25.489] Found 362 possible bad axioms.
[2026-06-27 16:44:25.490] Selected the bad axiom SubClassOf(https://pat.nichd.nih.gov/placentalcelltype/CT.03.03 https://pat.nichd.nih.gov/placentalcelltype/CT.03.01).
[2026-06-27 16:44:25.496] Found 361 possible bad axioms.
[2026-06-27 16:44:25.497] Selected the bad axiom SubClassOf(https://pat.nichd.nih.gov/placentalcelltype/CT.02.05.02.02.02 owl:Nothing).
[2026-06-27 16:44:25.501] Found 360 possible bad axioms.
[2026-06-27 16:44:25.501] Selected the bad axiom SubClassOf(https://pat.nichd.nih.gov/placentalcelltype/CT.05.02.06.02.04 https://pat.nichd.nih.gov/placentalcelltype/CT.05.02.06.02.03).
[2026-06-27 16:44:25.506] Found 359 possible bad axioms.
[2026-06-27 16:44:25.506] Selected the bad axiom SubClassOf(https://pat.nichd.nih.gov/placentalcelltype/CT.08 owl:Thing).
[2026-06-27 16:44:25.511] Found 358 possible bad axioms.
[2026-06-27 16:44:25.511] Selected the bad axiom SubClassOf(https://pat.nichd.nih.gov/placentalcelltype/CT.02.05.02.02.02 https://pat.nichd.nih.gov/placentalcelltype/CT.02.05.02.02).
[2026-06-27 16:44:25.515] Found 357 possible bad axioms.
[2026-06-27 16:44:25.515] Selected the bad axiom SubClassOf(https://pat.nichd.nih.gov/placentalcelltype/CT.02 owl:Thing).
[2026-06-27 16:44:25.519] Found 356 possible bad axioms.
[2026-06-27 16:44:25.519] Selected the bad axiom SubClassOf(https://pat.nichd.nih.gov/placentalcelltype/CT.07.01 https://pat.nichd.nih.gov/placentalcelltype/CT.07).
[2026-06-27 16:44:25.522] Found 355 possible bad axioms.
[2026-06-27 16:44:25.522] Selected the bad axiom SubClassOf(https://pat.nichd.nih.gov/placentalcelltype/CT.09 owl:Nothing).
[2026-06-27 16:44:25.530] Finished repairing the ontology.
Repairing with A2 (not-in-largest-mcs-removal)...
[2026-06-27 16:44:25.531] Checking precondition...
[2026-06-27 16:44:25.543] Starting the repair...
[2026-06-27 16:45:09.677] Found 3 possible bad axioms.
[2026-06-27 16:45:09.677] Selected the bad axiom SubClassOf(owl:Thing https://pat.nichd.nih.gov/placentalcelltype/CT.09.02).
[2026-06-27 16:45:09.679] Finished repairing the ontology.
Repairing with A3 (default-weakening)...
[2026-06-27 16:45:09.680] Checking precondition...
[2026-06-27 16:45:09.683] Starting the repair...
[2026-06-27 16:45:09.6
...[truncated]
SUCCESS: attempt=59 seed=823719 success_count=46/100
progress: ontology=PATCT attempt=59 success=46/100
----- PATCT attempt=60 seed=837919 at 2026-06-27 16:45:44 -----
--- stdout ---
{"seed":837919,"run_id":"20260624134028346645","trial_status":"memory_limit_exceeded","error_type":"failure","failure_stage":"B7","error_message":"Repair failed: ExecutionException: java.lang.NullPointerException: operands cannot be null or empty","iic_values":{},"repair_runtimes_ms":{"A1":179,"A2":44073,"A3":577,"B1":2054,"B2":11933,"B3":8339,"B4":154,"B5":6943,"B6":667,"B7":594}}

--- stderr ---
SingleTrialExperiment starting: ontology=/workspaces/ontologyutils-ekaw26/repair-power-index-replication-ekaw26/ontologies/inconsistent/PATCT.owl, seed=837919, run_id=20260624134028346645
Loaded ontology.
Normalizing ontology with SROIQ normalization...
Normalized ontology with SROIQ normalization.
Ontology is already inconsistent, skipping make-inconsistent step.
Repairing with A1 (random-removal)...
[2026-06-27 16:45:45.178] Checking precondition...
[2026-06-27 16:45:45.194] Starting the repair...
[2026-06-27 16:45:45.202] Found 363 possible bad axioms.
[2026-06-27 16:45:45.203] Selected the bad axiom SubClassOf(https://pat.nichd.nih.gov/placentalcelltype/CT.10.01 https://pat.nichd.nih.gov/placentalcelltype/CT.10.06).
[2026-06-27 16:45:45.214] Found 362 possible bad axioms.
[2026-06-27 16:45:45.214] Selected the bad axiom SubClassOf(https://pat.nichd.nih.gov/placentalcelltype/CT.03.02 https://pat.nichd.nih.gov/placentalcelltype/CT.03.01.02).
[2026-06-27 16:45:45.220] Found 361 possible bad axioms.
[2026-06-27 16:45:45.220] Selected the bad axiom SubClassOf(https://pat.nichd.nih.gov/placentalcelltype/CT.02.05 https://pat.nichd.nih.gov/placentalcelltype/CT.02.05.01).
[2026-06-27 16:45:45.226] Found 360 possible bad axioms.
[2026-06-27 16:45:45.226] Selected the bad axiom SubClassOf(https://pat.nichd.nih.gov/placentalcelltype/CT.10.06 https://pat.nichd.nih.gov/placentalcelltype/CT.10).
[2026-06-27 16:45:45.231] Found 359 possible bad axioms.
[2026-06-27 16:45:45.232] Selected the bad axiom SubClassOf(https://pat.nichd.nih.gov/placentalcelltype/CT.02.03.02 https://pat.nichd.nih.gov/placentalcelltype/CT.02.03.01).
[2026-06-27 16:45:45.236] Found 358 possible bad axioms.
[2026-06-27 16:45:45.236] Selected the bad axiom SubClassOf(https://pat.nichd.nih.gov/placentalcelltype/CT.01 https://pat.nichd.nih.gov/placentalcelltype/CT.04).
[2026-06-27 16:45:45.240] Found 357 possible bad axioms.
[2026-06-27 16:45:45.240] Selected the bad axiom SubClassOf(https://pat.nichd.nih.gov/placentalcelltype/CT.01.03 https://pat.nichd.nih.gov/placentalcelltype/CT.01).
[2026-06-27 16:45:45.244] Found 356 possible bad axioms.
[2026-06-27 16:45:45.244] Selected the bad axiom SubClassOf(https://pat.nichd.nih.gov/placentalcelltype/CT.08.02 https://pat.nichd.nih.gov/placentalcelltype/CT.08.05).
[2026-06-27 16:45:45.248] Found 355 possible bad axioms.
[2026-06-27 16:45:45.248] Selected the bad axiom SubClassOf(https://pat.nichd.nih.gov/placentalcelltype/CT.05.03 https://pat.nichd.nih.gov/placentalcelltype/CT.05).
[2026-06-27 16:45:45.256] Found 354 possible bad axioms.
[2026-06-27 16:45:45.257] Selected the bad axiom SubClassOf(https://pat.nichd.nih.gov/placentalcelltype/CT.10.04 https://pat.nichd.nih.gov/placentalcelltype/CT.10).
[2026-06-27 16:45:45.260] Found 353 possible bad axioms.
[2026-06-27 16:45:45.260] Selected the bad axiom SubClassOf(https://pat.nichd.nih.gov/placentalcelltype/CT.02.03.01.02 https://pat.nichd.nih.gov/placentalcelltype/CT.02.03.01.01).
[2026-06-27 16
...[truncated]
FAIL: attempt=60 seed=837919 status=memory_limit_exceeded stage=B7 message=Repair failed: ExecutionException: java.lang.NullPointerException: operands cannot be null or empty
progress: ontology=PATCT attempt=60 success=46/100
----- PATCT attempt=61 seed=852119 at 2026-06-27 16:47:04 -----
--- stdout ---
{"seed":852119,"run_id":"20260624134028346645","trial_status":"success","error_type":null,"failure_stage":null,"error_message":null,"iic_values":{"B1_vs_A1":0.9899575125531093,"B1_vs_A2":0.9786184210526315,"B1_vs_A3":1.0,"B2_vs_A1":0.9979633401221996,"B2_vs_A2":0.9966085271317829,"B2_vs_A3":0.9215686274509803,"B3_vs_A1":1.0,"B3_vs_A2":0.5,"B3_vs_A3":0.07377049180327869,"B4_vs_A1":0.9899575125531093,"B4_vs_A2":0.9786184210526315,"B4_vs_A3":1.0,"B5_vs_A1":0.9966601725577512,"B5_vs_A2":0.9945945945945946,"B5_vs_A3":1.0,"B6_vs_A1":0.9966601725577512,"B6_vs_A2":0.9945945945945946,"B6_vs_A3":1.0,"B7_vs_A1":0.9899575125531093,"B7_vs_A2":0.9786184210526315,"B7_vs_A3":1.0,"B8_vs_A1":0.9966601725577512,"B8_vs_A2":0.9945945945945946,"B8_vs_A3":1.0,"B9_vs_A1":0.9966601725577512,"B9_vs_A2":0.9945945945945946,"B9_vs_A3":1.0},"repair_runtimes_ms":{"A1":263,"A2":44138,"A3":601,"B1":1266,"B2":10642,"B3":7910,"B4":156,"B5":552,"B6":474,"B7":281,"B8":6541,"B9":7989}}

--- stderr ---
SingleTrialExperiment starting: ontology=/workspaces/ontologyutils-ekaw26/repair-power-index-replication-ekaw26/ontologies/inconsistent/PATCT.owl, seed=852119, run_id=20260624134028346645
Loaded ontology.
Normalizing ontology with SROIQ normalization...
Normalized ontology with SROIQ normalization.
Ontology is already inconsistent, skipping make-inconsistent step.
Repairing with A1 (random-removal)...
[2026-06-27 16:47:04.706] Checking precondition...
[2026-06-27 16:47:04.723] Starting the repair...
[2026-06-27 16:47:04.730] Found 363 possible bad axioms.
[2026-06-27 16:47:04.732] Selected the bad axiom SubClassOf(https://pat.nichd.nih.gov/placentalcelltype/CT.01.01 https://pat.nichd.nih.gov/placentalcelltype/CT.01.01.02).
[2026-06-27 16:47:04.744] Found 362 possible bad axioms.
[2026-06-27 16:47:04.744] Selected the bad axiom SubClassOf(https://pat.nichd.nih.gov/placentalcelltype/CT.03.02 https://pat.nichd.nih.gov/placentalcelltype/CT.03.03.06).
[2026-06-27 16:47:04.749] Found 361 possible bad axioms.
[2026-06-27 16:47:04.749] Selected the bad axiom SubClassOf(https://pat.nichd.nih.gov/placentalcelltype/CT.03.02 https://pat.nichd.nih.gov/placentalcelltype/CT.03).
[2026-06-27 16:47:04.754] Found 360 possible bad axioms.
[2026-06-27 16:47:04.754] Selected the bad axiom SubClassOf(https://pat.nichd.nih.gov/placentalcelltype/CT.02.05.02 https://pat.nichd.nih.gov/placentalcelltype/CT.02.05.01).
[2026-06-27 16:47:04.761] Found 359 possible bad axioms.
[2026-06-27 16:47:04.762] Selected the bad axiom SubClassOf(https://pat.nichd.nih.gov/placentalcelltype/CT.02.05.02.02.02 https://pat.nichd.nih.gov/placentalcelltype/CT.02.05.02.02.01).
[2026-06-27 16:47:04.767] Found 358 possible bad axioms.
[2026-06-27 16:47:04.767] Selected the bad axiom SubClassOf(https://pat.nichd.nih.gov/placentalcelltype/CT.02.05.02.01.01 https://pat.nichd.nih.gov/placentalcelltype/CT.02.05.02.01).
[2026-06-27 16:47:04.771] Found 357 possible bad axioms.
[2026-06-27 16:47:04.771] Selected the bad axiom SubClassOf(https://pat.nichd.nih.gov/placentalcelltype/CT.02.04.03 https://pat.nichd.nih.gov/placentalcelltype/CT.02.04).
[2026-06-27 16:47:04.774] Found 356 possible bad axioms.
[2026-06-27 16:47:04.775] Selected the bad axiom SubClassOf(https://pat.nichd.nih.gov/placentalcelltype/CT.06.01 https://pat.nichd.nih.gov/placentalcelltype/CT.06.02).
[2026-06-27 16:47:04.778] Found 355 possible bad axioms.
[2026-06-27 16:47:04.779] Selected the bad axiom SubClassOf(https://pat.nichd.nih.gov/placentalcelltype/CT.05.01.03.01 https://pat.nichd.nih.gov/placentalcelltype/CT.05.01.03.04).
[2026-06-27 16:47:04.787] Found 354 possible bad axioms.
[2026-06-27 16:47:04.787] Selected the bad axiom SubClassOf(https://pat.nichd.nih.gov/placentalcelltype/CT.02.03 https://pat.nichd.nih.gov/placentalcelltype/CT.02).
[2026-06-27 16:47:04.791] Found 353 possible bad axioms.
[2026-06-27 16:47:04.791] Selected the bad axiom SubClassOf(https://pat.nichd.nih.gov/placentalcelltype/CT.03.03.04 https://pat.nichd.
...[truncated]
SUCCESS: attempt=61 seed=852119 success_count=47/100
progress: ontology=PATCT attempt=61 success=47/100
----- PATCT attempt=62 seed=866319 at 2026-06-27 16:48:26 -----
--- stdout ---
{"seed":866319,"run_id":"20260624134028346645","trial_status":"success","error_type":null,"failure_stage":null,"error_message":null,"iic_values":{"B1_vs_A1":0.8578052550231839,"B1_vs_A2":0.735632183908046,"B1_vs_A3":0.5608465608465608,"B2_vs_A1":0.9957416607523066,"B2_vs_A2":0.9945945945945946,"B2_vs_A3":0.9968847352024922,"B3_vs_A1":0.9957416607523066,"B3_vs_A2":0.9945945945945946,"B3_vs_A3":0.9968847352024922,"B4_vs_A1":0.9668508287292817,"B4_vs_A2":0.9262295081967213,"B4_vs_A3":0.8941176470588236,"B5_vs_A1":0.9957416607523066,"B5_vs_A2":0.9945945945945946,"B5_vs_A3":0.9968847352024922,"B6_vs_A1":0.9957416607523066,"B6_vs_A2":0.9945945945945946,"B6_vs_A3":0.9968847352024922,"B7_vs_A1":0.9694656488549618,"B7_vs_A2":0.9380378657487092,"B7_vs_A3":0.9315589353612167,"B8_vs_A1":0.9957416607523066,"B8_vs_A2":0.9945945945945946,"B8_vs_A3":0.9968847352024922,"B9_vs_A1":0.9957416607523066,"B9_vs_A2":0.9945945945945946,"B9_vs_A3":0.9968847352024922},"repair_runtimes_ms":{"A1":184,"A2":44563,"A3":1316,"B1":5980,"B2":1249,"B3":762,"B4":180,"B5":607,"B6":3907,"B7":915,"B8":7109,"B9":6219}}

--- stderr ---
SingleTrialExperiment starting: ontology=/workspaces/ontologyutils-ekaw26/repair-power-index-replication-ekaw26/ontologies/inconsistent/PATCT.owl, seed=866319, run_id=20260624134028346645
Loaded ontology.
Normalizing ontology with SROIQ normalization...
Normalized ontology with SROIQ normalization.
Ontology is already inconsistent, skipping make-inconsistent step.
Repairing with A1 (random-removal)...
[2026-06-27 16:48:27.329] Checking precondition...
[2026-06-27 16:48:27.347] Starting the repair...
[2026-06-27 16:48:27.355] Found 363 possible bad axioms.
[2026-06-27 16:48:27.357] Selected the bad axiom SubClassOf(https://pat.nichd.nih.gov/placentalcelltype/CT.05 https://pat.nichd.nih.gov/placentalcelltype/CT.10.06).
[2026-06-27 16:48:27.368] Found 362 possible bad axioms.
[2026-06-27 16:48:27.368] Selected the bad axiom SubClassOf(https://pat.nichd.nih.gov/placentalcelltype/CT.04 https://pat.nichd.nih.gov/placentalcelltype/CT.10).
[2026-06-27 16:48:27.373] Found 361 possible bad axioms.
[2026-06-27 16:48:27.374] Selected the bad axiom SubClassOf(https://pat.nichd.nih.gov/placentalcelltype/CT.08.03 https://pat.nichd.nih.gov/placentalcelltype/CT.08).
[2026-06-27 16:48:27.379] Found 360 possible bad axioms.
[2026-06-27 16:48:27.379] Selected the bad axiom SubClassOf(https://pat.nichd.nih.gov/placentalcelltype/CT.10.06 https://pat.nichd.nih.gov/placentalcelltype/CT.07.04).
[2026-06-27 16:48:27.384] Found 359 possible bad axioms.
[2026-06-27 16:48:27.384] Selected the bad axiom SubClassOf(https://pat.nichd.nih.gov/placentalcelltype/CT.02.05.03.04 https://pat.nichd.nih.gov/placentalcelltype/CT.02.05.03.02).
[2026-06-27 16:48:27.390] Found 358 possible bad axioms.
[2026-06-27 16:48:27.390] Selected the bad axiom SubClassOf(https://pat.nichd.nih.gov/placentalcelltype/CT.07.04 https://pat.nichd.nih.gov/placentalcelltype/CT.07).
[2026-06-27 16:48:27.394] Found 357 possible bad axioms.
[2026-06-27 16:48:27.395] Selected the bad axiom SubClassOf(https://pat.nichd.nih.gov/placentalcelltype/CT.02.05.03.02 https://pat.nichd.nih.gov/placentalcelltype/CT.02.05.03).
[2026-06-27 16:48:27.399] Found 356 possible bad axioms.
[2026-06-27 16:48:27.399] Selected the bad axiom SubClassOf(https://pat.nichd.nih.gov/placentalcelltype/CT.02.05.02.03 https://pat.nichd.nih.gov/placentalcelltype/CT.02.05.02).
[2026-06-27 16:48:27.407] Found 355 possible bad axioms.
[2026-06-27 16:48:27.407] Selected the bad axiom SubClassOf(https://pat.nichd.nih.gov/placentalcelltype/CT.05.01.03 https://pat.nichd.nih.gov/placentalcelltype/CT.05.01.03.05).
[2026-06-27 16:48:27.411] Found 354 possible bad axioms.
[2026-06-27 16:48:27.411] Selected the bad axiom SubClassOf(https://pat.nichd.nih.gov/placentalcelltype/CT.05 https://pat.nichd.nih.gov/placentalcelltype/CT.07.03).
[2026-06-27 16:48:27.414] Found 353 possible bad axioms.
[2026-06-27 16:48:27.414] Selected the bad axiom SubClassOf(https://pat.nichd.nih.gov/placentalcelltype/CT.06.04.01 https://pat.nichd.nih.gov/placentalcelltype/CT.06.0
...[truncated]
SUCCESS: attempt=62 seed=866319 success_count=48/100
progress: ontology=PATCT attempt=62 success=48/100
----- PATCT attempt=63 seed=880519 at 2026-06-27 16:49:41 -----
--- stdout ---
{"seed":880519,"run_id":"20260624134028346645","trial_status":"memory_limit_exceeded","error_type":"failure","failure_stage":"B7","error_message":"Repair failed: ExecutionException: java.lang.NullPointerException: operands cannot be null or empty","iic_values":{},"repair_runtimes_ms":{"A1":194,"A2":45072,"A3":1269,"B1":517,"B2":1272,"B3":7942,"B4":407,"B5":468,"B6":466,"B7":682}}

--- stderr ---
SingleTrialExperiment starting: ontology=/workspaces/ontologyutils-ekaw26/repair-power-index-replication-ekaw26/ontologies/inconsistent/PATCT.owl, seed=880519, run_id=20260624134028346645
Loaded ontology.
Normalizing ontology with SROIQ normalization...
Normalized ontology with SROIQ normalization.
Ontology is already inconsistent, skipping make-inconsistent step.
Repairing with A1 (random-removal)...
[2026-06-27 16:49:41.732] Checking precondition...
[2026-06-27 16:49:41.748] Starting the repair...
[2026-06-27 16:49:41.756] Found 363 possible bad axioms.
[2026-06-27 16:49:41.758] Selected the bad axiom SubClassOf(https://pat.nichd.nih.gov/placentalcelltype/CT.06.03 https://pat.nichd.nih.gov/placentalcelltype/CT.06.03.01).
[2026-06-27 16:49:41.769] Found 362 possible bad axioms.
[2026-06-27 16:49:41.770] Selected the bad axiom SubClassOf(https://pat.nichd.nih.gov/placentalcelltype/CT.03.02.01 https://pat.nichd.nih.gov/placentalcelltype/CT.03.02).
[2026-06-27 16:49:41.775] Found 361 possible bad axioms.
[2026-06-27 16:49:41.775] Selected the bad axiom SubClassOf(https://pat.nichd.nih.gov/placentalcelltype/CT.03.02 https://pat.nichd.nih.gov/placentalcelltype/CT.03.03.05).
[2026-06-27 16:49:41.781] Found 360 possible bad axioms.
[2026-06-27 16:49:41.781] Selected the bad axiom SubClassOf(https://pat.nichd.nih.gov/placentalcelltype/CT.02.05.02.02.02 https://pat.nichd.nih.gov/placentalcelltype/CT.02.05.02.02.01).
[2026-06-27 16:49:41.786] Found 359 possible bad axioms.
[2026-06-27 16:49:41.786] Selected the bad axiom SubClassOf(https://pat.nichd.nih.gov/placentalcelltype/CT.03 https://pat.nichd.nih.gov/placentalcelltype/CT.03.01.03).
[2026-06-27 16:49:41.792] Found 358 possible bad axioms.
[2026-06-27 16:49:41.792] Selected the bad axiom SubClassOf(https://pat.nichd.nih.gov/placentalcelltype/CT.04 https://pat.nichd.nih.gov/placentalcelltype/CT.02).
[2026-06-27 16:49:41.796] Found 357 possible bad axioms.
[2026-06-27 16:49:41.796] Selected the bad axiom SubClassOf(https://pat.nichd.nih.gov/placentalcelltype/CT.08 https://pat.nichd.nih.gov/placentalcelltype/CT.08.05).
[2026-06-27 16:49:41.800] Found 356 possible bad axioms.
[2026-06-27 16:49:41.801] Selected the bad axiom SubClassOf(https://pat.nichd.nih.gov/placentalcelltype/CT.05.02.06.01 https://pat.nichd.nih.gov/placentalcelltype/CT.05.02.06).
[2026-06-27 16:49:41.809] Found 355 possible bad axioms.
[2026-06-27 16:49:41.809] Selected the bad axiom SubClassOf(https://pat.nichd.nih.gov/placentalcelltype/CT.05.03 https://pat.nichd.nih.gov/placentalcelltype/CT.05.02).
[2026-06-27 16:49:41.813] Found 354 possible bad axioms.
[2026-06-27 16:49:41.813] Selected the bad axiom SubClassOf(https://pat.nichd.nih.gov/placentalcelltype/CT.03.03.04 https://pat.nichd.nih.gov/placentalcelltype/CT.03.03.05).
[2026-06-27 16:49:41.816] Found 353 possible bad axioms.
[2026-06-27 16:49:41.817] Selected the bad axiom SubClassOf(https://pat.nichd.nih.gov/placentalcelltype/CT.04.02 https://pat.nichd.nih.gov/placentalcelltyp
...[truncated]
FAIL: attempt=63 seed=880519 status=memory_limit_exceeded stage=B7 message=Repair failed: ExecutionException: java.lang.NullPointerException: operands cannot be null or empty
progress: ontology=PATCT attempt=63 success=48/100
----- PATCT attempt=64 seed=894719 at 2026-06-27 16:50:40 -----
--- stdout ---
{"seed":894719,"run_id":"20260624134028346645","trial_status":"success","error_type":null,"failure_stage":null,"error_message":null,"iic_values":{"B1_vs_A1":0.9064430714916152,"B1_vs_A2":0.073537163943068,"B1_vs_A3":0.050211811612260154,"B2_vs_A1":0.997920997920998,"B2_vs_A2":0.10588235294117647,"B2_vs_A3":0.014317180616740088,"B3_vs_A1":1.0,"B3_vs_A2":0.07377049180327869,"B3_vs_A3":0.02138157894736842,"B4_vs_A1":0.9961319436982916,"B4_vs_A2":0.5,"B4_vs_A3":0.0,"B5_vs_A1":0.9989129450131352,"B5_vs_A2":1.0,"B5_vs_A3":0.7041139240506329,"B6_vs_A1":0.9989129450131352,"B6_vs_A2":1.0,"B6_vs_A3":0.7041139240506329,"B7_vs_A1":0.9961319436982916,"B7_vs_A2":0.5,"B7_vs_A3":0.0,"B8_vs_A1":0.9989129450131352,"B8_vs_A2":1.0,"B8_vs_A3":0.7041139240506329,"B9_vs_A1":0.9989129450131352,"B9_vs_A2":1.0,"B9_vs_A3":0.7041139240506329},"repair_runtimes_ms":{"A1":287,"A2":44613,"A3":575,"B1":15304,"B2":11845,"B3":8324,"B4":154,"B5":502,"B6":3777,"B7":317,"B8":7960,"B9":597}}

--- stderr ---
SingleTrialExperiment starting: ontology=/workspaces/ontologyutils-ekaw26/repair-power-index-replication-ekaw26/ontologies/inconsistent/PATCT.owl, seed=894719, run_id=20260624134028346645
Loaded ontology.
Normalizing ontology with SROIQ normalization...
Normalized ontology with SROIQ normalization.
Ontology is already inconsistent, skipping make-inconsistent step.
Repairing with A1 (random-removal)...
[2026-06-27 16:50:40.950] Checking precondition...
[2026-06-27 16:50:40.967] Starting the repair...
[2026-06-27 16:50:40.975] Found 363 possible bad axioms.
[2026-06-27 16:50:40.977] Selected the bad axiom SubClassOf(https://pat.nichd.nih.gov/placentalcelltype/CT.05.01.03.01 https://pat.nichd.nih.gov/placentalcelltype/CT.05.01.03).
[2026-06-27 16:50:40.988] Found 362 possible bad axioms.
[2026-06-27 16:50:40.988] Selected the bad axiom SubClassOf(https://pat.nichd.nih.gov/placentalcelltype/CT.01.04 https://pat.nichd.nih.gov/placentalcelltype/CT.01.03).
[2026-06-27 16:50:40.993] Found 361 possible bad axioms.
[2026-06-27 16:50:40.993] Selected the bad axiom SubClassOf(https://pat.nichd.nih.gov/placentalcelltype/CT.03.03.05 https://pat.nichd.nih.gov/placentalcelltype/CT.03.03).
[2026-06-27 16:50:40.999] Found 360 possible bad axioms.
[2026-06-27 16:50:40.999] Selected the bad axiom SubClassOf(https://pat.nichd.nih.gov/placentalcelltype/CT.05.02.04 https://pat.nichd.nih.gov/placentalcelltype/CT.05.03.01).
[2026-06-27 16:50:41.004] Found 359 possible bad axioms.
[2026-06-27 16:50:41.005] Selected the bad axiom SubClassOf(https://pat.nichd.nih.gov/placentalcelltype/CT.05.02.06.01 https://pat.nichd.nih.gov/placentalcelltype/CT.05.02.06).
[2026-06-27 16:50:41.010] Found 358 possible bad axioms.
[2026-06-27 16:50:41.011] Selected the bad axiom SubClassOf(https://pat.nichd.nih.gov/placentalcelltype/CT.10.01.01 https://pat.nichd.nih.gov/placentalcelltype/CT.10.01).
[2026-06-27 16:50:41.014] Found 357 possible bad axioms.
[2026-06-27 16:50:41.014] Selected the bad axiom SubClassOf(https://pat.nichd.nih.gov/placentalcelltype/CT.05.02.04 https://pat.nichd.nih.gov/placentalcelltype/CT.05.02.05).
[2026-06-27 16:50:41.018] Found 356 possible bad axioms.
[2026-06-27 16:50:41.018] Selected the bad axiom SubClassOf(https://pat.nichd.nih.gov/placentalcelltype/CT.02.05.03.02.01 https://pat.nichd.nih.gov/placentalcelltype/CT.02.05.03.02.02).
[2026-06-27 16:50:41.022] Found 355 possible bad axioms.
[2026-06-27 16:50:41.022] Selected the bad axiom SubClassOf(https://pat.nichd.nih.gov/placentalcelltype/CT.10.03 https://pat.nichd.nih.gov/placentalcelltype/CT.10).
[2026-06-27 16:50:41.031] Found 354 possible bad axioms.
[2026-06-27 16:50:41.031] Selected the bad axiom SubClassOf(https://pat.nichd.nih.gov/placentalcelltype/CT.02.03.01 https://pat.nichd.nih.gov/placentalcelltype/CT.02.03.02.02).
[2026-06-27 16:50:41.034] Found 353 possible bad axioms.
[2026-06-27 16:50:41.034] Selected the bad axiom SubClassOf(https://pat.nichd.nih.gov/placentalcelltype/CT.03.02.02 https://pat.
...[truncated]
SUCCESS: attempt=64 seed=894719 success_count=49/100
progress: ontology=PATCT attempt=64 success=49/100
----- PATCT attempt=65 seed=908919 at 2026-06-27 16:52:19 -----
--- stdout ---
{"seed":908919,"run_id":"20260624134028346645","trial_status":"success","error_type":null,"failure_stage":null,"error_message":null,"iic_values":{"B1_vs_A1":0.9365609348914858,"B1_vs_A2":1.0,"B1_vs_A3":0.9215686274509803,"B2_vs_A1":0.5221987315010571,"B2_vs_A2":0.059375,"B2_vs_A3":0.07377049180327869,"B3_vs_A1":0.8327165062916358,"B3_vs_A2":0.855009633911368,"B3_vs_A3":0.7985739750445633,"B4_vs_A1":1.0,"B4_vs_A2":0.98568281938326,"B4_vs_A3":1.0,"B5_vs_A1":1.0,"B5_vs_A2":0.9968847352024922,"B5_vs_A3":1.0,"B6_vs_A1":1.0,"B6_vs_A2":0.9968847352024922,"B6_vs_A3":1.0,"B7_vs_A1":1.0,"B7_vs_A2":0.8941176470588236,"B7_vs_A3":0.5,"B8_vs_A1":1.0,"B8_vs_A2":0.9968847352024922,"B8_vs_A3":1.0,"B9_vs_A1":1.0,"B9_vs_A2":0.9968847352024922,"B9_vs_A3":1.0},"repair_runtimes_ms":{"A1":105,"A2":43926,"A3":586,"B1":560,"B2":10930,"B3":4212,"B4":177,"B5":559,"B6":447,"B7":236,"B8":498,"B9":524}}

--- stderr ---
SingleTrialExperiment starting: ontology=/workspaces/ontologyutils-ekaw26/repair-power-index-replication-ekaw26/ontologies/inconsistent/PATCT.owl, seed=908919, run_id=20260624134028346645
Loaded ontology.
Normalizing ontology with SROIQ normalization...
Normalized ontology with SROIQ normalization.
Ontology is already inconsistent, skipping make-inconsistent step.
Repairing with A1 (random-removal)...
[2026-06-27 16:52:19.747] Checking precondition...
[2026-06-27 16:52:19.763] Starting the repair...
[2026-06-27 16:52:19.771] Found 363 possible bad axioms.
[2026-06-27 16:52:19.773] Selected the bad axiom SubClassOf(https://pat.nichd.nih.gov/placentalcelltype/CT.03.01.02 https://pat.nichd.nih.gov/placentalcelltype/CT.03.01.03).
[2026-06-27 16:52:19.782] Found 362 possible bad axioms.
[2026-06-27 16:52:19.783] Selected the bad axiom SubClassOf(https://pat.nichd.nih.gov/placentalcelltype/CT.01.02 https://pat.nichd.nih.gov/placentalcelltype/CT.01).
[2026-06-27 16:52:19.789] Found 361 possible bad axioms.
[2026-06-27 16:52:19.789] Selected the bad axiom SubClassOf(https://pat.nichd.nih.gov/placentalcelltype/CT.01.04 https://pat.nichd.nih.gov/placentalcelltype/CT.01).
[2026-06-27 16:52:19.795] Found 360 possible bad axioms.
[2026-06-27 16:52:19.795] Selected the bad axiom SubClassOf(https://pat.nichd.nih.gov/placentalcelltype/CT.05.02.01 https://pat.nichd.nih.gov/placentalcelltype/CT.05.02).
[2026-06-27 16:52:19.800] Found 359 possible bad axioms.
[2026-06-27 16:52:19.801] Selected the bad axiom SubClassOf(https://pat.nichd.nih.gov/placentalcelltype/CT.05.02.04.01.02 https://pat.nichd.nih.gov/placentalcelltype/CT.05.02.04.01.01).
[2026-06-27 16:52:19.805] Found 358 possible bad axioms.
[2026-06-27 16:52:19.806] Selected the bad axiom SubClassOf(https://pat.nichd.nih.gov/placentalcelltype/CT.10.04 https://pat.nichd.nih.gov/placentalcelltype/CT.10.02).
[2026-06-27 16:52:19.809] Found 357 possible bad axioms.
[2026-06-27 16:52:19.809] Selected the bad axiom SubClassOf(https://pat.nichd.nih.gov/placentalcelltype/CT.02.03.02 https://pat.nichd.nih.gov/placentalcelltype/CT.02.03.01).
[2026-06-27 16:52:19.812] Found 356 possible bad axioms.
[2026-06-27 16:52:19.813] Selected the bad axiom SubClassOf(https://pat.nichd.nih.gov/placentalcelltype/CT.06.04.01 https://pat.nichd.nih.gov/placentalcelltype/CT.06.04).
[2026-06-27 16:52:19.817] Found 355 possible bad axioms.
[2026-06-27 16:52:19.817] Selected the bad axiom SubClassOf(https://pat.nichd.nih.gov/placentalcelltype/CT.05.01.03.04 https://pat.nichd.nih.gov/placentalcelltype/CT.05.01.03).
[2026-06-27 16:52:19.825] Found 354 possible bad axioms.
[2026-06-27 16:52:19.825] Selected the bad axiom SubClassOf(https://pat.nichd.nih.gov/placentalcelltype/CT.05.02.06.02.01 https://pat.nichd.nih.gov/placentalcelltype/CT.05.02.06.02).
[2026-06-27 16:52:19.829] Found 353 possible bad axioms.
[2026-06-27 16:52:19.830] Selected the bad axiom SubClassOf(https://pat.nichd.nih.gov/placentalcelltype/CT.02.05.02.02.02 https://pat.
...[truncated]
SUCCESS: attempt=65 seed=908919 success_count=50/100
progress: ontology=PATCT attempt=65 success=50/100
----- PATCT attempt=66 seed=923119 at 2026-06-27 16:53:25 -----
--- stdout ---
{"seed":923119,"run_id":"20260624134028346645","trial_status":"memory_limit_exceeded","error_type":"failure","failure_stage":"B7","error_message":"Repair failed: ExecutionException: java.lang.NullPointerException: operands cannot be null or empty","iic_values":{},"repair_runtimes_ms":{"A1":220,"A2":43941,"A3":561,"B1":1986,"B2":1269,"B3":771,"B4":186,"B5":9678,"B6":4015,"B7":412}}

--- stderr ---
SingleTrialExperiment starting: ontology=/workspaces/ontologyutils-ekaw26/repair-power-index-replication-ekaw26/ontologies/inconsistent/PATCT.owl, seed=923119, run_id=20260624134028346645
Loaded ontology.
Normalizing ontology with SROIQ normalization...
Normalized ontology with SROIQ normalization.
Ontology is already inconsistent, skipping make-inconsistent step.
Repairing with A1 (random-removal)...
[2026-06-27 16:53:25.696] Checking precondition...
[2026-06-27 16:53:25.712] Starting the repair...
[2026-06-27 16:53:25.720] Found 363 possible bad axioms.
[2026-06-27 16:53:25.722] Selected the bad axiom SubClassOf(https://pat.nichd.nih.gov/placentalcelltype/CT.05.01.03.03 https://pat.nichd.nih.gov/placentalcelltype/CT.05.01.03.05).
[2026-06-27 16:53:25.731] Found 362 possible bad axioms.
[2026-06-27 16:53:25.732] Selected the bad axiom SubClassOf(https://pat.nichd.nih.gov/placentalcelltype/CT.05.02 https://pat.nichd.nih.gov/placentalcelltype/CT.05).
[2026-06-27 16:53:25.737] Found 361 possible bad axioms.
[2026-06-27 16:53:25.738] Selected the bad axiom SubClassOf(https://pat.nichd.nih.gov/placentalcelltype/CT.05.02 https://pat.nichd.nih.gov/placentalcelltype/CT.05.04).
[2026-06-27 16:53:25.743] Found 360 possible bad axioms.
[2026-06-27 16:53:25.743] Selected the bad axiom SubClassOf(https://pat.nichd.nih.gov/placentalcelltype/CT.01.03 owl:Nothing).
[2026-06-27 16:53:25.748] Found 359 possible bad axioms.
[2026-06-27 16:53:25.748] Selected the bad axiom SubClassOf(https://pat.nichd.nih.gov/placentalcelltype/CT.03.02.04 https://pat.nichd.nih.gov/placentalcelltype/CT.03.02.01).
[2026-06-27 16:53:25.754] Found 358 possible bad axioms.
[2026-06-27 16:53:25.754] Selected the bad axiom SubClassOf(https://pat.nichd.nih.gov/placentalcelltype/CT.05.02.04 https://pat.nichd.nih.gov/placentalcelltype/CT.05.03.01).
[2026-06-27 16:53:25.758] Found 357 possible bad axioms.
[2026-06-27 16:53:25.758] Selected the bad axiom SubClassOf(https://pat.nichd.nih.gov/placentalcelltype/CT.02.02 https://pat.nichd.nih.gov/placentalcelltype/CT.02.05.03).
[2026-06-27 16:53:25.762] Found 356 possible bad axioms.
[2026-06-27 16:53:25.762] Selected the bad axiom SubClassOf(https://pat.nichd.nih.gov/placentalcelltype/CT.05.02.06.02.01 https://pat.nichd.nih.gov/placentalcelltype/CT.05.02.06.02).
[2026-06-27 16:53:25.771] Found 355 possible bad axioms.
[2026-06-27 16:53:25.771] Selected the bad axiom SubClassOf(https://pat.nichd.nih.gov/placentalcelltype/CT.02.05.02.03.01 https://pat.nichd.nih.gov/placentalcelltype/CT.02.05.02.03).
[2026-06-27 16:53:25.775] Found 354 possible bad axioms.
[2026-06-27 16:53:25.775] Selected the bad axiom SubClassOf(https://pat.nichd.nih.gov/placentalcelltype/CT.05.01.01 https://pat.nichd.nih.gov/placentalcelltype/CT.05.01).
[2026-06-27 16:53:25.778] Found 353 possible bad axioms.
[2026-06-27 16:53:25.778] Selected the bad axiom SubClassOf(https://pat.nichd.nih.gov/placentalcelltype/CT.03.02 https://pat.nichd.nih.gov/placentalcelltype/CT.03.03.05).
[
...[truncated]
FAIL: attempt=66 seed=923119 status=memory_limit_exceeded stage=B7 message=Repair failed: ExecutionException: java.lang.NullPointerException: operands cannot be null or empty
progress: ontology=PATCT attempt=66 success=50/100
----- PATCT attempt=67 seed=937319 at 2026-06-27 16:54:29 -----
--- stdout ---
{"seed":937319,"run_id":"20260624134028346645","trial_status":"success","error_type":null,"failure_stage":null,"error_message":null,"iic_values":{"B1_vs_A1":1.0,"B1_vs_A2":0.5,"B1_vs_A3":0.014317180616740088,"B2_vs_A1":1.0,"B2_vs_A2":1.0,"B2_vs_A3":0.6655455904334828,"B3_vs_A1":1.0,"B3_vs_A2":1.0,"B3_vs_A3":0.6655455904334828,"B4_vs_A1":0.9914417379855168,"B4_vs_A2":0.98568281938326,"B4_vs_A3":0.5,"B5_vs_A1":0.9976350019708317,"B5_vs_A2":0.9968847352024922,"B5_vs_A3":0.7041139240506329,"B6_vs_A1":0.9976350019708317,"B6_vs_A2":0.9968847352024922,"B6_vs_A3":0.7041139240506329,"B7_vs_A1":0.9914417379855168,"B7_vs_A2":0.98568281938326,"B7_vs_A3":0.5,"B8_vs_A1":0.9976350019708317,"B8_vs_A2":0.9968847352024922,"B8_vs_A3":0.7041139240506329,"B9_vs_A1":0.9976350019708317,"B9_vs_A2":0.9968847352024922,"B9_vs_A3":0.7041139240506329},"repair_runtimes_ms":{"A1":226,"A2":44116,"A3":4364,"B1":555,"B2":1223,"B3":4337,"B4":163,"B5":600,"B6":5828,"B7":434,"B8":520,"B9":402}}

--- stderr ---
SingleTrialExperiment starting: ontology=/workspaces/ontologyutils-ekaw26/repair-power-index-replication-ekaw26/ontologies/inconsistent/PATCT.owl, seed=937319, run_id=20260624134028346645
Loaded ontology.
Normalizing ontology with SROIQ normalization...
Normalized ontology with SROIQ normalization.
Ontology is already inconsistent, skipping make-inconsistent step.
Repairing with A1 (random-removal)...
[2026-06-27 16:54:30.051] Checking precondition...
[2026-06-27 16:54:30.067] Starting the repair...
[2026-06-27 16:54:30.076] Found 363 possible bad axioms.
[2026-06-27 16:54:30.078] Selected the bad axiom SubClassOf(https://pat.nichd.nih.gov/placentalcelltype/CT.01.01 https://pat.nichd.nih.gov/placentalcelltype/CT.01).
[2026-06-27 16:54:30.089] Found 362 possible bad axioms.
[2026-06-27 16:54:30.089] Selected the bad axiom SubClassOf(https://pat.nichd.nih.gov/placentalcelltype/CT.10.04 https://pat.nichd.nih.gov/placentalcelltype/CT.10).
[2026-06-27 16:54:30.095] Found 361 possible bad axioms.
[2026-06-27 16:54:30.095] Selected the bad axiom SubClassOf(https://pat.nichd.nih.gov/placentalcelltype/CT.03.02 https://pat.nichd.nih.gov/placentalcelltype/CT.03.01.02).
[2026-06-27 16:54:30.101] Found 360 possible bad axioms.
[2026-06-27 16:54:30.101] Selected the bad axiom SubClassOf(https://pat.nichd.nih.gov/placentalcelltype/CT.06.02 https://pat.nichd.nih.gov/placentalcelltype/CT.06).
[2026-06-27 16:54:30.106] Found 359 possible bad axioms.
[2026-06-27 16:54:30.106] Selected the bad axiom SubClassOf(https://pat.nichd.nih.gov/placentalcelltype/CT.03.03.02 https://pat.nichd.nih.gov/placentalcelltype/CT.03.03).
[2026-06-27 16:54:30.112] Found 358 possible bad axioms.
[2026-06-27 16:54:30.112] Selected the bad axiom SubClassOf(https://pat.nichd.nih.gov/placentalcelltype/CT.03.02 https://pat.nichd.nih.gov/placentalcelltype/CT.03.03).
[2026-06-27 16:54:30.116] Found 357 possible bad axioms.
[2026-06-27 16:54:30.116] Selected the bad axiom SubClassOf(https://pat.nichd.nih.gov/placentalcelltype/CT.06.01 https://pat.nichd.nih.gov/placentalcelltype/CT.06).
[2026-06-27 16:54:30.120] Found 356 possible bad axioms.
[2026-06-27 16:54:30.121] Selected the bad axiom SubClassOf(https://pat.nichd.nih.gov/placentalcelltype/CT.06.01.01 https://pat.nichd.nih.gov/placentalcelltype/CT.06.02).
[2026-06-27 16:54:30.125] Found 355 possible bad axioms.
[2026-06-27 16:54:30.125] Selected the bad axiom SubClassOf(https://pat.nichd.nih.gov/placentalcelltype/CT.02.05.02.02.01 https://pat.nichd.nih.gov/placentalcelltype/CT.02.05.02.02).
[2026-06-27 16:54:30.133] Found 354 possible bad axioms.
[2026-06-27 16:54:30.133] Selected the bad axiom SubClassOf(https://pat.nichd.nih.gov/placentalcelltype/CT.06.04 https://pat.nichd.nih.gov/placentalcelltype/CT.06).
[2026-06-27 16:54:30.137] Found 353 possible bad axioms.
[2026-06-27 16:54:30.137] Selected the bad axiom SubClassOf(https://pat.nichd.nih.gov/placentalcelltype/CT.02.05.02.01.03 https://pat.nichd.nih.gov/placentalcelltype/CT.02.05.02.0
...[truncated]
SUCCESS: attempt=67 seed=937319 success_count=51/100
progress: ontology=PATCT attempt=67 success=51/100
----- PATCT attempt=68 seed=951519 at 2026-06-27 16:55:33 -----
--- stdout ---
{"seed":951519,"run_id":"20260624134028346645","trial_status":"success","error_type":null,"failure_stage":null,"error_message":null,"iic_values":{"B1_vs_A1":0.999061767005473,"B1_vs_A2":0.9968847352024922,"B1_vs_A3":0.5,"B2_vs_A1":0.9982552800734619,"B2_vs_A2":0.5,"B2_vs_A3":0.003115264797507788,"B3_vs_A1":0.9994459395282571,"B3_vs_A2":1.0,"B3_vs_A3":0.0379746835443038,"B4_vs_A1":0.9977939928729,"B4_vs_A2":0.98568281938326,"B4_vs_A3":0.2958860759493671,"B5_vs_A1":0.999061767005473,"B5_vs_A2":0.9968847352024922,"B5_vs_A3":0.5,"B6_vs_A1":0.999061767005473,"B6_vs_A2":0.9968847352024922,"B6_vs_A3":0.5,"B7_vs_A1":0.999061767005473,"B7_vs_A2":0.9968847352024922,"B7_vs_A3":0.5,"B8_vs_A1":0.999061767005473,"B8_vs_A2":0.9968847352024922,"B8_vs_A3":0.5,"B9_vs_A1":0.999061767005473,"B9_vs_A2":0.9968847352024922,"B9_vs_A3":0.5},"repair_runtimes_ms":{"A1":331,"A2":44510,"A3":619,"B1":534,"B2":11922,"B3":834,"B4":187,"B5":680,"B6":4020,"B7":389,"B8":1299,"B9":7436}}

--- stderr ---
SingleTrialExperiment starting: ontology=/workspaces/ontologyutils-ekaw26/repair-power-index-replication-ekaw26/ontologies/inconsistent/PATCT.owl, seed=951519, run_id=20260624134028346645
Loaded ontology.
Normalizing ontology with SROIQ normalization...
Normalized ontology with SROIQ normalization.
Ontology is already inconsistent, skipping make-inconsistent step.
Repairing with A1 (random-removal)...
[2026-06-27 16:55:34.137] Checking precondition...
[2026-06-27 16:55:34.154] Starting the repair...
[2026-06-27 16:55:34.163] Found 363 possible bad axioms.
[2026-06-27 16:55:34.165] Selected the bad axiom SubClassOf(https://pat.nichd.nih.gov/placentalcelltype/CT.05.02.05 https://pat.nichd.nih.gov/placentalcelltype/CT.05.02.06).
[2026-06-27 16:55:34.175] Found 362 possible bad axioms.
[2026-06-27 16:55:34.175] Selected the bad axiom SubClassOf(https://pat.nichd.nih.gov/placentalcelltype/CT.10.02 https://pat.nichd.nih.gov/placentalcelltype/CT.10.02.01).
[2026-06-27 16:55:34.181] Found 361 possible bad axioms.
[2026-06-27 16:55:34.181] Selected the bad axiom SubClassOf(https://pat.nichd.nih.gov/placentalcelltype/CT.02.05 https://pat.nichd.nih.gov/placentalcelltype/CT.02.03.01).
[2026-06-27 16:55:34.186] Found 360 possible bad axioms.
[2026-06-27 16:55:34.187] Selected the bad axiom SubClassOf(https://pat.nichd.nih.gov/placentalcelltype/CT.05.02.03 https://pat.nichd.nih.gov/placentalcelltype/CT.05.02).
[2026-06-27 16:55:34.191] Found 359 possible bad axioms.
[2026-06-27 16:55:34.192] Selected the bad axiom SubClassOf(https://pat.nichd.nih.gov/placentalcelltype/CT.07.01 https://pat.nichd.nih.gov/placentalcelltype/CT.07).
[2026-06-27 16:55:34.196] Found 358 possible bad axioms.
[2026-06-27 16:55:34.196] Selected the bad axiom SubClassOf(https://pat.nichd.nih.gov/placentalcelltype/CT.02.02 https://pat.nichd.nih.gov/placentalcelltype/CT.02.05.03).
[2026-06-27 16:55:34.200] Found 357 possible bad axioms.
[2026-06-27 16:55:34.200] Selected the bad axiom SubClassOf(https://pat.nichd.nih.gov/placentalcelltype/CT.05.03.01 https://pat.nichd.nih.gov/placentalcelltype/CT.05.03.02).
[2026-06-27 16:55:34.204] Found 356 possible bad axioms.
[2026-06-27 16:55:34.204] Selected the bad axiom SubClassOf(https://pat.nichd.nih.gov/placentalcelltype/CT.05.02.05 https://pat.nichd.nih.gov/placentalcelltype/CT.05.02.02).
[2026-06-27 16:55:34.207] Found 355 possible bad axioms.
[2026-06-27 16:55:34.208] Selected the bad axiom SubClassOf(https://pat.nichd.nih.gov/placentalcelltype/CT.05 https://pat.nichd.nih.gov/placentalcelltype/CT.10).
[2026-06-27 16:55:34.216] Found 354 possible bad axioms.
[2026-06-27 16:55:34.216] Selected the bad axiom SubClassOf(https://pat.nichd.nih.gov/placentalcelltype/CT.05.02.06.02.04 https://pat.nichd.nih.gov/placentalcelltype/CT.05.02.06.02.02).
[2026-06-27 16:55:34.219] Found 353 possible bad axioms.
[2026-06-27 16:55:34.219] Selected the bad axiom SubClassOf(https://pat.nichd.nih.gov/placentalcelltype/CT.09.01 https://pat.nichd.nih.gov/placentalc
...[truncated]
SUCCESS: attempt=68 seed=951519 success_count=52/100
progress: ontology=PATCT attempt=68 success=52/100
----- PATCT attempt=69 seed=965719 at 2026-06-27 16:56:48 -----
--- stdout ---
{"seed":965719,"run_id":"20260624134028346645","trial_status":"success","error_type":null,"failure_stage":null,"error_message":null,"iic_values":{"B1_vs_A1":1.0,"B1_vs_A2":0.940625,"B1_vs_A3":0.014317180616740088,"B2_vs_A1":0.9996255850234009,"B2_vs_A2":0.9945945945945946,"B2_vs_A3":0.7041139240506329,"B3_vs_A1":0.9791247659338373,"B3_vs_A2":0.5,"B3_vs_A3":0.02138157894736842,"B4_vs_A1":0.999133737589125,"B4_vs_A2":0.9786184210526315,"B4_vs_A3":0.5,"B5_vs_A1":0.9996255850234009,"B5_vs_A2":0.9945945945945946,"B5_vs_A3":0.7041139240506329,"B6_vs_A1":0.9996255850234009,"B6_vs_A2":0.9945945945945946,"B6_vs_A3":0.7041139240506329,"B7_vs_A1":0.999133737589125,"B7_vs_A2":0.9786184210526315,"B7_vs_A3":0.5,"B8_vs_A1":0.9996255850234009,"B8_vs_A2":0.9945945945945946,"B8_vs_A3":0.7041139240506329,"B9_vs_A1":0.9996255850234009,"B9_vs_A2":0.9945945945945946,"B9_vs_A3":0.7041139240506329},"repair_runtimes_ms":{"A1":379,"A2":44190,"A3":592,"B1":514,"B2":10589,"B3":8014,"B4":146,"B5":7621,"B6":412,"B7":339,"B8":728,"B9":6439}}

--- stderr ---
SingleTrialExperiment starting: ontology=/workspaces/ontologyutils-ekaw26/repair-power-index-replication-ekaw26/ontologies/inconsistent/PATCT.owl, seed=965719, run_id=20260624134028346645
Loaded ontology.
Normalizing ontology with SROIQ normalization...
Normalized ontology with SROIQ normalization.
Ontology is already inconsistent, skipping make-inconsistent step.
Repairing with A1 (random-removal)...
[2026-06-27 16:56:48.774] Checking precondition...
[2026-06-27 16:56:48.790] Starting the repair...
[2026-06-27 16:56:48.798] Found 363 possible bad axioms.
[2026-06-27 16:56:48.800] Selected the bad axiom SubClassOf(https://pat.nichd.nih.gov/placentalcelltype/CT.03.02.04 https://pat.nichd.nih.gov/placentalcelltype/CT.03.02.01).
[2026-06-27 16:56:48.811] Found 362 possible bad axioms.
[2026-06-27 16:56:48.811] Selected the bad axiom SubClassOf(https://pat.nichd.nih.gov/placentalcelltype/CT.02.05.02.02 https://pat.nichd.nih.gov/placentalcelltype/CT.02.05.02).
[2026-06-27 16:56:48.818] Found 361 possible bad axioms.
[2026-06-27 16:56:48.818] Selected the bad axiom SubClassOf(https://pat.nichd.nih.gov/placentalcelltype/CT.03.01.01 https://pat.nichd.nih.gov/placentalcelltype/CT.03.01).
[2026-06-27 16:56:48.822] Found 360 possible bad axioms.
[2026-06-27 16:56:48.823] Selected the bad axiom SubClassOf(https://pat.nichd.nih.gov/placentalcelltype/CT.05.03 https://pat.nichd.nih.gov/placentalcelltype/CT.05.03.02).
[2026-06-27 16:56:48.827] Found 359 possible bad axioms.
[2026-06-27 16:56:48.827] Selected the bad axiom SubClassOf(https://pat.nichd.nih.gov/placentalcelltype/CT.03.01.01 https://pat.nichd.nih.gov/placentalcelltype/CT.03.01.02).
[2026-06-27 16:56:48.832] Found 358 possible bad axioms.
[2026-06-27 16:56:48.833] Selected the bad axiom SubClassOf(https://pat.nichd.nih.gov/placentalcelltype/CT.05.03.01 https://pat.nichd.nih.gov/placentalcelltype/CT.05.03).
[2026-06-27 16:56:48.837] Found 357 possible bad axioms.
[2026-06-27 16:56:48.837] Selected the bad axiom SubClassOf(https://pat.nichd.nih.gov/placentalcelltype/CT.01.04 https://pat.nichd.nih.gov/placentalcelltype/CT.01.03).
[2026-06-27 16:56:48.841] Found 356 possible bad axioms.
[2026-06-27 16:56:48.841] Selected the bad axiom SubClassOf(https://pat.nichd.nih.gov/placentalcelltype/CT.02.03.02 owl:Nothing).
[2026-06-27 16:56:48.845] Found 355 possible bad axioms.
[2026-06-27 16:56:48.845] Selected the bad axiom SubClassOf(https://pat.nichd.nih.gov/placentalcelltype/CT.03.01.01.01 https://pat.nichd.nih.gov/placentalcelltype/CT.03.01.01).
[2026-06-27 16:56:48.853] Found 354 possible bad axioms.
[2026-06-27 16:56:48.853] Selected the bad axiom SubClassOf(https://pat.nichd.nih.gov/placentalcelltype/CT.05.04.01 https://pat.nichd.nih.gov/placentalcelltype/CT.05.04).
[2026-06-27 16:56:48.856] Found 353 possible bad axioms.
[2026-06-27 16:56:48.857] Selected the bad axiom SubClassOf(https://pat.nichd.nih.gov/placentalcelltype/CT.01 https://pat.nichd.nih.gov/placentalcelltype/CT.04.02).
[2026-06-27 16:56:4
...[truncated]
SUCCESS: attempt=69 seed=965719 success_count=53/100
progress: ontology=PATCT attempt=69 success=53/100
----- PATCT attempt=70 seed=979919 at 2026-06-27 16:58:10 -----
--- stdout ---
{"seed":979919,"run_id":"20260624134028346645","trial_status":"success","error_type":null,"failure_stage":null,"error_message":null,"iic_values":{"B1_vs_A1":0.9978471474703983,"B1_vs_A2":0.6530612244897959,"B1_vs_A3":0.6530612244897959,"B2_vs_A1":0.9989399293286219,"B2_vs_A2":0.9945945945945946,"B2_vs_A3":0.9945945945945946,"B3_vs_A1":0.9989399293286219,"B3_vs_A2":0.9945945945945946,"B3_vs_A3":0.9945945945945946,"B4_vs_A1":0.9962453066332916,"B4_vs_A2":0.9262295081967213,"B4_vs_A3":0.9262295081967213,"B5_vs_A1":0.9989399293286219,"B5_vs_A2":0.9945945945945946,"B5_vs_A3":0.9945945945945946,"B6_vs_A1":0.9989399293286219,"B6_vs_A2":0.9945945945945946,"B6_vs_A3":0.9945945945945946,"B7_vs_A1":0.9989399293286219,"B7_vs_A2":0.9945945945945946,"B7_vs_A3":0.9945945945945946,"B8_vs_A1":0.9989399293286219,"B8_vs_A2":0.9945945945945946,"B8_vs_A3":0.9945945945945946,"B9_vs_A1":0.9989399293286219,"B9_vs_A2":0.9945945945945946,"B9_vs_A3":0.9945945945945946},"repair_runtimes_ms":{"A1":404,"A2":43920,"A3":562,"B1":2426,"B2":1071,"B3":6118,"B4":180,"B5":6688,"B6":6604,"B7":243,"B8":483,"B9":413}}

--- stderr ---
SingleTrialExperiment starting: ontology=/workspaces/ontologyutils-ekaw26/repair-power-index-replication-ekaw26/ontologies/inconsistent/PATCT.owl, seed=979919, run_id=20260624134028346645
Loaded ontology.
Normalizing ontology with SROIQ normalization...
Normalized ontology with SROIQ normalization.
Ontology is already inconsistent, skipping make-inconsistent step.
Repairing with A1 (random-removal)...
[2026-06-27 16:58:10.445] Checking precondition...
[2026-06-27 16:58:10.461] Starting the repair...
[2026-06-27 16:58:10.469] Found 363 possible bad axioms.
[2026-06-27 16:58:10.471] Selected the bad axiom SubClassOf(https://pat.nichd.nih.gov/placentalcelltype/CT.08 https://pat.nichd.nih.gov/placentalcelltype/CT.08.05).
[2026-06-27 16:58:10.482] Found 362 possible bad axioms.
[2026-06-27 16:58:10.483] Selected the bad axiom SubClassOf(https://pat.nichd.nih.gov/placentalcelltype/CT.10.06 https://pat.nichd.nih.gov/placentalcelltype/CT.10.03).
[2026-06-27 16:58:10.488] Found 361 possible bad axioms.
[2026-06-27 16:58:10.488] Selected the bad axiom SubClassOf(https://pat.nichd.nih.gov/placentalcelltype/CT.05.02 https://pat.nichd.nih.gov/placentalcelltype/CT.05.03.01).
[2026-06-27 16:58:10.494] Found 360 possible bad axioms.
[2026-06-27 16:58:10.494] Selected the bad axiom SubClassOf(https://pat.nichd.nih.gov/placentalcelltype/CT.01.01.02 https://pat.nichd.nih.gov/placentalcelltype/CT.01.01).
[2026-06-27 16:58:10.499] Found 359 possible bad axioms.
[2026-06-27 16:58:10.499] Selected the bad axiom SubClassOf(https://pat.nichd.nih.gov/placentalcelltype/CT.05.01.03.02 https://pat.nichd.nih.gov/placentalcelltype/CT.05.01.03).
[2026-06-27 16:58:10.504] Found 358 possible bad axioms.
[2026-06-27 16:58:10.504] Selected the bad axiom SubClassOf(https://pat.nichd.nih.gov/placentalcelltype/CT.02.01 https://pat.nichd.nih.gov/placentalcelltype/CT.02.05).
[2026-06-27 16:58:10.508] Found 357 possible bad axioms.
[2026-06-27 16:58:10.508] Selected the bad axiom SubClassOf(https://pat.nichd.nih.gov/placentalcelltype/CT.03.01.02.03 https://pat.nichd.nih.gov/placentalcelltype/CT.03.01.02).
[2026-06-27 16:58:10.511] Found 356 possible bad axioms.
[2026-06-27 16:58:10.512] Selected the bad axiom SubClassOf(https://pat.nichd.nih.gov/placentalcelltype/CT.02.05.03.02 owl:Nothing).
[2026-06-27 16:58:10.519] Found 355 possible bad axioms.
[2026-06-27 16:58:10.520] Selected the bad axiom SubClassOf(https://pat.nichd.nih.gov/placentalcelltype/CT.02.05.02.01.02 https://pat.nichd.nih.gov/placentalcelltype/CT.02.05.02.01).
[2026-06-27 16:58:10.523] Found 354 possible bad axioms.
[2026-06-27 16:58:10.524] Selected the bad axiom SubClassOf(https://pat.nichd.nih.gov/placentalcelltype/CT.05.02.06.02.02 https://pat.nichd.nih.gov/placentalcelltype/CT.05.02.06.02.04).
[2026-06-27 16:58:10.527] Found 353 possible bad axioms.
[2026-06-27 16:58:10.527] Selected the bad axiom SubClassOf(https://pat.nichd.nih.gov/placentalcelltype/CT.02.05.02.02.01 https://pat.nichd.nih.gov/placentalcelltype/CT.
...[truncated]
SUCCESS: attempt=70 seed=979919 success_count=54/100
progress: ontology=PATCT attempt=70 success=54/100
----- PATCT attempt=71 seed=994119 at 2026-06-27 16:59:20 -----
--- stdout ---
{"seed":994119,"run_id":"20260624134028346645","trial_status":"success","error_type":null,"failure_stage":null,"error_message":null,"iic_values":{"B1_vs_A1":1.0,"B1_vs_A2":0.5,"B1_vs_A3":0.5,"B2_vs_A1":1.0,"B2_vs_A2":1.0,"B2_vs_A3":1.0,"B3_vs_A1":0.8768412438625205,"B3_vs_A2":0.059375,"B3_vs_A3":0.059375,"B4_vs_A1":0.992153443766347,"B4_vs_A2":0.8941176470588236,"B4_vs_A3":0.8941176470588236,"B5_vs_A1":0.9985185185185185,"B5_vs_A2":0.9968847352024922,"B5_vs_A3":0.9968847352024922,"B6_vs_A1":0.9985185185185185,"B6_vs_A2":0.9968847352024922,"B6_vs_A3":0.9968847352024922,"B7_vs_A1":0.9957124010554089,"B7_vs_A2":0.98568281938326,"B7_vs_A3":0.98568281938326,"B8_vs_A1":0.9985185185185185,"B8_vs_A2":0.9968847352024922,"B8_vs_A3":0.9968847352024922,"B9_vs_A1":0.9985185185185185,"B9_vs_A2":0.9968847352024922,"B9_vs_A3":0.9968847352024922},"repair_runtimes_ms":{"A1":238,"A2":44279,"A3":589,"B1":1467,"B2":10743,"B3":7572,"B4":152,"B5":10599,"B6":291,"B7":238,"B8":6151,"B9":512}}

--- stderr ---
SingleTrialExperiment starting: ontology=/workspaces/ontologyutils-ekaw26/repair-power-index-replication-ekaw26/ontologies/inconsistent/PATCT.owl, seed=994119, run_id=20260624134028346645
Loaded ontology.
Normalizing ontology with SROIQ normalization...
Normalized ontology with SROIQ normalization.
Ontology is already inconsistent, skipping make-inconsistent step.
Repairing with A1 (random-removal)...
[2026-06-27 16:59:21.156] Checking precondition...
[2026-06-27 16:59:21.172] Starting the repair...
[2026-06-27 16:59:21.180] Found 363 possible bad axioms.
[2026-06-27 16:59:21.182] Selected the bad axiom SubClassOf(https://pat.nichd.nih.gov/placentalcelltype/CT.01.04 https://pat.nichd.nih.gov/placentalcelltype/CT.01.02).
[2026-06-27 16:59:21.192] Found 362 possible bad axioms.
[2026-06-27 16:59:21.193] Selected the bad axiom SubClassOf(https://pat.nichd.nih.gov/placentalcelltype/CT.04 https://pat.nichd.nih.gov/placentalcelltype/CT.05.02.03).
[2026-06-27 16:59:21.198] Found 361 possible bad axioms.
[2026-06-27 16:59:21.199] Selected the bad axiom SubClassOf(https://pat.nichd.nih.gov/placentalcelltype/CT.03.01.01 https://pat.nichd.nih.gov/placentalcelltype/CT.03.01.02).
[2026-06-27 16:59:21.205] Found 360 possible bad axioms.
[2026-06-27 16:59:21.205] Selected the bad axiom SubClassOf(https://pat.nichd.nih.gov/placentalcelltype/CT.01.01.02 https://pat.nichd.nih.gov/placentalcelltype/CT.01.01).
[2026-06-27 16:59:21.211] Found 359 possible bad axioms.
[2026-06-27 16:59:21.211] Selected the bad axiom SubClassOf(https://pat.nichd.nih.gov/placentalcelltype/CT.01.01.01 https://pat.nichd.nih.gov/placentalcelltype/CT.01.01).
[2026-06-27 16:59:21.216] Found 358 possible bad axioms.
[2026-06-27 16:59:21.216] Selected the bad axiom SubClassOf(https://pat.nichd.nih.gov/placentalcelltype/CT.03.03 https://pat.nichd.nih.gov/placentalcelltype/CT.03).
[2026-06-27 16:59:21.220] Found 357 possible bad axioms.
[2026-06-27 16:59:21.220] Selected the bad axiom SubClassOf(https://pat.nichd.nih.gov/placentalcelltype/CT.02.05.02.02 https://pat.nichd.nih.gov/placentalcelltype/CT.02.05.02.03.01).
[2026-06-27 16:59:21.223] Found 356 possible bad axioms.
[2026-06-27 16:59:21.224] Selected the bad axiom SubClassOf(https://pat.nichd.nih.gov/placentalcelltype/CT.05.01.03.05 https://pat.nichd.nih.gov/placentalcelltype/CT.05.01.03).
[2026-06-27 16:59:21.232] Found 355 possible bad axioms.
[2026-06-27 16:59:21.232] Selected the bad axiom SubClassOf(https://pat.nichd.nih.gov/placentalcelltype/CT.01.01 https://pat.nichd.nih.gov/placentalcelltype/CT.04.03).
[2026-06-27 16:59:21.236] Found 354 possible bad axioms.
[2026-06-27 16:59:21.236] Selected the bad axiom SubClassOf(https://pat.nichd.nih.gov/placentalcelltype/CT.03.03.05 https://pat.nichd.nih.gov/placentalcelltype/CT.03.03).
[2026-06-27 16:59:21.239] Found 353 possible bad axioms.
[2026-06-27 16:59:21.239] Selected the bad axiom SubClassOf(https://pat.nichd.nih.gov/placentalcelltype/CT.05.01 https://pat.nichd.nih.gov/placentalcell
...[truncated]
SUCCESS: attempt=71 seed=994119 success_count=55/100
progress: ontology=PATCT attempt=71 success=55/100
----- PATCT attempt=72 seed=1008319 at 2026-06-27 17:00:45 -----
--- stdout ---
{"seed":1008319,"run_id":"20260624134028346645","trial_status":"success","error_type":null,"failure_stage":null,"error_message":null,"iic_values":{"B1_vs_A1":0.9447674418604651,"B1_vs_A2":0.10588235294117647,"B1_vs_A3":0.0,"B2_vs_A1":0.9663716814159292,"B2_vs_A2":0.9215686274509803,"B2_vs_A3":0.7041019514137794,"B3_vs_A1":0.9063406547865728,"B3_vs_A2":0.7985739750445633,"B3_vs_A3":0.6301174795300819,"B4_vs_A1":1.0,"B4_vs_A2":0.5,"B4_vs_A3":0.1664841182913472,"B5_vs_A1":1.0,"B5_vs_A2":1.0,"B5_vs_A3":0.7193705507680779,"B6_vs_A1":1.0,"B6_vs_A2":1.0,"B6_vs_A3":0.7193705507680779,"B7_vs_A1":1.0,"B7_vs_A2":1.0,"B7_vs_A3":0.7193705507680779,"B8_vs_A1":1.0,"B8_vs_A2":1.0,"B8_vs_A3":0.7193705507680779,"B9_vs_A1":1.0,"B9_vs_A2":1.0,"B9_vs_A3":0.7193705507680779},"repair_runtimes_ms":{"A1":268,"A2":44805,"A3":1750,"B1":507,"B2":10668,"B3":4204,"B4":154,"B5":563,"B6":3983,"B7":399,"B8":488,"B9":507}}

--- stderr ---
SingleTrialExperiment starting: ontology=/workspaces/ontologyutils-ekaw26/repair-power-index-replication-ekaw26/ontologies/inconsistent/PATCT.owl, seed=1008319, run_id=20260624134028346645
Loaded ontology.
Normalizing ontology with SROIQ normalization...
Normalized ontology with SROIQ normalization.
Ontology is already inconsistent, skipping make-inconsistent step.
Repairing with A1 (random-removal)...
[2026-06-27 17:00:45.642] Checking precondition...
[2026-06-27 17:00:45.660] Starting the repair...
[2026-06-27 17:00:45.668] Found 363 possible bad axioms.
[2026-06-27 17:00:45.670] Selected the bad axiom SubClassOf(https://pat.nichd.nih.gov/placentalcelltype/CT.05.01.02 https://pat.nichd.nih.gov/placentalcelltype/CT.05.01).
[2026-06-27 17:00:45.680] Found 362 possible bad axioms.
[2026-06-27 17:00:45.681] Selected the bad axiom SubClassOf(https://pat.nichd.nih.gov/placentalcelltype/CT.09 owl:Thing).
[2026-06-27 17:00:45.686] Found 361 possible bad axioms.
[2026-06-27 17:00:45.687] Selected the bad axiom SubClassOf(https://pat.nichd.nih.gov/placentalcelltype/CT.08.04 https://pat.nichd.nih.gov/placentalcelltype/CT.08).
[2026-06-27 17:00:45.692] Found 360 possible bad axioms.
[2026-06-27 17:00:45.693] Selected the bad axiom SubClassOf(https://pat.nichd.nih.gov/placentalcelltype/CT.03.02.04 https://pat.nichd.nih.gov/placentalcelltype/CT.03.01.02.03).
[2026-06-27 17:00:45.698] Found 359 possible bad axioms.
[2026-06-27 17:00:45.698] Selected the bad axiom SubClassOf(https://pat.nichd.nih.gov/placentalcelltype/CT.02.05.03 https://pat.nichd.nih.gov/placentalcelltype/CT.02.05.03.04).
[2026-06-27 17:00:45.704] Found 358 possible bad axioms.
[2026-06-27 17:00:45.705] Selected the bad axiom SubClassOf(https://pat.nichd.nih.gov/placentalcelltype/CT.02 https://pat.nichd.nih.gov/placentalcelltype/CT.02.03).
[2026-06-27 17:00:45.709] Found 357 possible bad axioms.
[2026-06-27 17:00:45.709] Selected the bad axiom SubClassOf(https://pat.nichd.nih.gov/placentalcelltype/CT.03.03.06 https://pat.nichd.nih.gov/placentalcelltype/CT.03.03.01).
[2026-06-27 17:00:45.713] Found 356 possible bad axioms.
[2026-06-27 17:00:45.713] Selected the bad axiom SubClassOf(https://pat.nichd.nih.gov/placentalcelltype/CT.02.04.02 https://pat.nichd.nih.gov/placentalcelltype/CT.02.05.02.03).
[2026-06-27 17:00:45.717] Found 355 possible bad axioms.
[2026-06-27 17:00:45.717] Selected the bad axiom SubClassOf(https://pat.nichd.nih.gov/placentalcelltype/CT.05.01.03 https://pat.nichd.nih.gov/placentalcelltype/CT.05.01.03.04).
[2026-06-27 17:00:45.725] Found 354 possible bad axioms.
[2026-06-27 17:00:45.725] Selected the bad axiom SubClassOf(https://pat.nichd.nih.gov/placentalcelltype/CT.04 https://pat.nichd.nih.gov/placentalcelltype/CT.04.02).
[2026-06-27 17:00:45.729] Found 353 possible bad axioms.
[2026-06-27 17:00:45.729] Selected the bad axiom SubClassOf(https://pat.nichd.nih.gov/placentalcelltype/CT.05.01.01 https://pat.nichd.nih.gov/placentalcelltype/CT.05.01).
[2026-06-27 17:00:45.738] 
...[truncated]
SUCCESS: attempt=72 seed=1008319 success_count=56/100
progress: ontology=PATCT attempt=72 success=56/100
----- PATCT attempt=73 seed=1022519 at 2026-06-27 17:01:54 -----
--- stdout ---
{"seed":1022519,"run_id":"20260624134028346645","trial_status":"success","error_type":null,"failure_stage":null,"error_message":null,"iic_values":{"B1_vs_A1":0.9921649484536083,"B1_vs_A2":0.940625,"B1_vs_A3":0.0,"B2_vs_A1":0.9972254335260116,"B2_vs_A2":0.9945945945945946,"B2_vs_A3":0.9925611052072264,"B3_vs_A1":0.9972254335260116,"B3_vs_A2":0.9945945945945946,"B3_vs_A3":0.9925611052072264,"B4_vs_A1":0.9921710328214394,"B4_vs_A2":0.9786184210526315,"B4_vs_A3":0.9317226890756303,"B5_vs_A1":0.9972254335260116,"B5_vs_A2":0.9945945945945946,"B5_vs_A3":0.9925611052072264,"B6_vs_A1":0.9972254335260116,"B6_vs_A2":0.9945945945945946,"B6_vs_A3":0.9925611052072264,"B7_vs_A1":0.9972254335260116,"B7_vs_A2":0.9945945945945946,"B7_vs_A3":0.9925611052072264,"B8_vs_A1":0.9972254335260116,"B8_vs_A2":0.9945945945945946,"B8_vs_A3":0.9925611052072264,"B9_vs_A1":0.9972254335260116,"B9_vs_A2":0.9945945945945946,"B9_vs_A3":0.9925611052072264},"repair_runtimes_ms":{"A1":279,"A2":43832,"A3":607,"B1":2875,"B2":1073,"B3":744,"B4":195,"B5":6507,"B6":5770,"B7":338,"B8":630,"B9":7002}}

--- stderr ---
SingleTrialExperiment starting: ontology=/workspaces/ontologyutils-ekaw26/repair-power-index-replication-ekaw26/ontologies/inconsistent/PATCT.owl, seed=1022519, run_id=20260624134028346645
Loaded ontology.
Normalizing ontology with SROIQ normalization...
Normalized ontology with SROIQ normalization.
Ontology is already inconsistent, skipping make-inconsistent step.
Repairing with A1 (random-removal)...
[2026-06-27 17:01:55.254] Checking precondition...
[2026-06-27 17:01:55.269] Starting the repair...
[2026-06-27 17:01:55.278] Found 363 possible bad axioms.
[2026-06-27 17:01:55.280] Selected the bad axiom SubClassOf(https://pat.nichd.nih.gov/placentalcelltype/CT.05.02.04.01 https://pat.nichd.nih.gov/placentalcelltype/CT.05.02.04).
[2026-06-27 17:01:55.290] Found 362 possible bad axioms.
[2026-06-27 17:01:55.290] Selected the bad axiom SubClassOf(https://pat.nichd.nih.gov/placentalcelltype/CT.05.01.03.01 https://pat.nichd.nih.gov/placentalcelltype/CT.05.01.03).
[2026-06-27 17:01:55.296] Found 361 possible bad axioms.
[2026-06-27 17:01:55.296] Selected the bad axiom SubClassOf(https://pat.nichd.nih.gov/placentalcelltype/CT.03.01.01 https://pat.nichd.nih.gov/placentalcelltype/CT.03.01.02).
[2026-06-27 17:01:55.302] Found 360 possible bad axioms.
[2026-06-27 17:01:55.302] Selected the bad axiom SubClassOf(https://pat.nichd.nih.gov/placentalcelltype/CT.09 owl:Thing).
[2026-06-27 17:01:55.308] Found 359 possible bad axioms.
[2026-06-27 17:01:55.309] Selected the bad axiom SubClassOf(https://pat.nichd.nih.gov/placentalcelltype/CT.05.02.04 https://pat.nichd.nih.gov/placentalcelltype/CT.05.02).
[2026-06-27 17:01:55.313] Found 358 possible bad axioms.
[2026-06-27 17:01:55.314] Selected the bad axiom SubClassOf(https://pat.nichd.nih.gov/placentalcelltype/CT.05.02.06.02.04 https://pat.nichd.nih.gov/placentalcelltype/CT.05.02.06.02.01).
[2026-06-27 17:01:55.318] Found 357 possible bad axioms.
[2026-06-27 17:01:55.318] Selected the bad axiom SubClassOf(https://pat.nichd.nih.gov/placentalcelltype/CT.10.02.02 https://pat.nichd.nih.gov/placentalcelltype/CT.10.02.01).
[2026-06-27 17:01:55.322] Found 356 possible bad axioms.
[2026-06-27 17:01:55.322] Selected the bad axiom SubClassOf(https://pat.nichd.nih.gov/placentalcelltype/CT.05.01.02.02 https://pat.nichd.nih.gov/placentalcelltype/CT.05.01.02).
[2026-06-27 17:01:55.331] Found 355 possible bad axioms.
[2026-06-27 17:01:55.331] Selected the bad axiom SubClassOf(https://pat.nichd.nih.gov/placentalcelltype/CT.02.05.03 https://pat.nichd.nih.gov/placentalcelltype/CT.02.05.02).
[2026-06-27 17:01:55.334] Found 354 possible bad axioms.
[2026-06-27 17:01:55.334] Selected the bad axiom SubClassOf(https://pat.nichd.nih.gov/placentalcelltype/CT.01.01.02 https://pat.nichd.nih.gov/placentalcelltype/CT.01.01).
[2026-06-27 17:01:55.337] Found 353 possible bad axioms.
[2026-06-27 17:01:55.337] Selected the bad axiom SubClassOf(https://pat.nichd.nih.gov/placentalcelltype/CT.02.05.02.03 https://pat.nichd.nih.gov/placentalcelltype/C
...[truncated]
SUCCESS: attempt=73 seed=1022519 success_count=57/100
progress: ontology=PATCT attempt=73 success=57/100
----- PATCT attempt=74 seed=1036719 at 2026-06-27 17:03:06 -----
--- stdout ---
{"seed":1036719,"run_id":"20260624134028346645","trial_status":"success","error_type":null,"failure_stage":null,"error_message":null,"iic_values":{"B1_vs_A1":0.9470588235294117,"B1_vs_A2":1.0,"B1_vs_A3":0.9525899912203687,"B2_vs_A1":0.9949367088607595,"B2_vs_A2":1.0,"B2_vs_A3":0.9935828877005347,"B3_vs_A1":0.9968383017163505,"B3_vs_A2":0.9215686274509803,"B3_vs_A3":0.994718973972086,"B4_vs_A1":0.9435736677115988,"B4_vs_A2":0.5,"B4_vs_A3":0.95077484047402,"B5_vs_A1":0.9949367088607595,"B5_vs_A2":1.0,"B5_vs_A3":0.9935828877005347,"B6_vs_A1":0.9949367088607595,"B6_vs_A2":1.0,"B6_vs_A3":0.9935828877005347,"B7_vs_A1":0.9809663250366032,"B7_vs_A2":1.0,"B7_vs_A3":0.9785123966942149,"B8_vs_A1":0.9949367088607595,"B8_vs_A2":1.0,"B8_vs_A3":0.9935828877005347,"B9_vs_A1":0.9949367088607595,"B9_vs_A2":1.0,"B9_vs_A3":0.9935828877005347},"repair_runtimes_ms":{"A1":68,"A2":43705,"A3":3441,"B1":7373,"B2":1156,"B3":6125,"B4":151,"B5":610,"B6":365,"B7":543,"B8":7041,"B9":4211}}

--- stderr ---
SingleTrialExperiment starting: ontology=/workspaces/ontologyutils-ekaw26/repair-power-index-replication-ekaw26/ontologies/inconsistent/PATCT.owl, seed=1036719, run_id=20260624134028346645
Loaded ontology.
Normalizing ontology with SROIQ normalization...
Normalized ontology with SROIQ normalization.
Ontology is already inconsistent, skipping make-inconsistent step.
Repairing with A1 (random-removal)...
[2026-06-27 17:03:06.623] Checking precondition...
[2026-06-27 17:03:06.639] Starting the repair...
[2026-06-27 17:03:06.647] Found 363 possible bad axioms.
[2026-06-27 17:03:06.649] Selected the bad axiom SubClassOf(https://pat.nichd.nih.gov/placentalcelltype/CT.04 https://pat.nichd.nih.gov/placentalcelltype/CT.05).
[2026-06-27 17:03:06.659] Found 362 possible bad axioms.
[2026-06-27 17:03:06.660] Selected the bad axiom SubClassOf(https://pat.nichd.nih.gov/placentalcelltype/CT.02.05 https://pat.nichd.nih.gov/placentalcelltype/CT.02.03.01.02).
[2026-06-27 17:03:06.665] Found 361 possible bad axioms.
[2026-06-27 17:03:06.665] Selected the bad axiom SubClassOf(https://pat.nichd.nih.gov/placentalcelltype/CT.02.03.02 https://pat.nichd.nih.gov/placentalcelltype/CT.02.03.01).
[2026-06-27 17:03:06.671] Found 360 possible bad axioms.
[2026-06-27 17:03:06.671] Selected the bad axiom SubClassOf(https://pat.nichd.nih.gov/placentalcelltype/CT.05.01.03.02 https://pat.nichd.nih.gov/placentalcelltype/CT.05.01.03).
[2026-06-27 17:03:06.677] Found 359 possible bad axioms.
[2026-06-27 17:03:06.677] Selected the bad axiom SubClassOf(https://pat.nichd.nih.gov/placentalcelltype/CT.02.01 https://pat.nichd.nih.gov/placentalcelltype/CT.02.05).
[2026-06-27 17:03:06.682] Found 358 possible bad axioms.
[2026-06-27 17:03:06.683] Selected the bad axiom SubClassOf(https://pat.nichd.nih.gov/placentalcelltype/CT.09 owl:Nothing).
[2026-06-27 17:03:06.687] Finished repairing the ontology.
Repairing with A2 (not-in-largest-mcs-removal)...
[2026-06-27 17:03:06.688] Checking precondition...
[2026-06-27 17:03:06.697] Starting the repair...
[2026-06-27 17:03:50.391] Found 3 possible bad axioms.
[2026-06-27 17:03:50.391] Selected the bad axiom SubClassOf(owl:Thing https://pat.nichd.nih.gov/placentalcelltype/CT.09.02).
[2026-06-27 17:03:50.393] Finished repairing the ontology.
Repairing with A3 (default-weakening)...
[2026-06-27 17:03:50.395] Checking precondition...
[2026-06-27 17:03:50.397] Starting the repair...
[2026-06-27 17:03:50.415] Selected a reference ontology with 515 axioms.
[2026-06-27 17:03:50.843] Selected the bad axiom SubClassOf(https://pat.nichd.nih.gov/placentalcelltype/CT.09 owl:Nothing).
[2026-06-27 17:03:50.952] Selected the weaker axiom SubClassOf(https://pat.nichd.nih.gov/placentalcelltype/CT.09 https://pat.nichd.nih.gov/placentalcelltype/CT.01.01.02).
[2026-06-27 17:03:51.620] Selected the bad axiom SubClassOf(https://pat.nichd.nih.gov/placentalcelltype/CT.09 https://pat.nichd.nih.gov/placentalcelltype/CT.01.01.02).
[2026-06-27 17:03:51.622] Selected the weaker ax
...[truncated]
SUCCESS: attempt=74 seed=1036719 success_count=58/100
progress: ontology=PATCT attempt=74 success=58/100
----- PATCT attempt=75 seed=1050919 at 2026-06-27 17:04:22 -----
--- stdout ---
{"seed":1050919,"run_id":"20260624134028346645","trial_status":"success","error_type":null,"failure_stage":null,"error_message":null,"iic_values":{"B1_vs_A1":0.9953294001966568,"B1_vs_A2":0.7142857142857143,"B1_vs_A3":0.014317180616740088,"B2_vs_A1":0.9987997599519904,"B2_vs_A2":0.9945945945945946,"B2_vs_A3":0.7041139240506329,"B3_vs_A1":0.9987997599519904,"B3_vs_A2":0.9945945945945946,"B3_vs_A3":0.7041139240506329,"B4_vs_A1":0.9956448100653279,"B4_vs_A2":0.9262295081967213,"B4_vs_A3":0.0,"B5_vs_A1":0.9987997599519904,"B5_vs_A2":0.9945945945945946,"B5_vs_A3":0.7041139240506329,"B6_vs_A1":0.9987997599519904,"B6_vs_A2":0.9945945945945946,"B6_vs_A3":0.7041139240506329,"B7_vs_A1":0.9956448100653279,"B7_vs_A2":0.9262295081967213,"B7_vs_A3":0.0,"B8_vs_A1":0.9987997599519904,"B8_vs_A2":0.9945945945945946,"B8_vs_A3":0.7041139240506329,"B9_vs_A1":0.9987997599519904,"B9_vs_A2":0.9945945945945946,"B9_vs_A3":0.7041139240506329},"repair_runtimes_ms":{"A1":387,"A2":44909,"A3":622,"B1":1079,"B2":1033,"B3":900,"B4":171,"B5":6742,"B6":299,"B7":314,"B8":7204,"B9":5267}}

--- stderr ---
SingleTrialExperiment starting: ontology=/workspaces/ontologyutils-ekaw26/repair-power-index-replication-ekaw26/ontologies/inconsistent/PATCT.owl, seed=1050919, run_id=20260624134028346645
Loaded ontology.
Normalizing ontology with SROIQ normalization...
Normalized ontology with SROIQ normalization.
Ontology is already inconsistent, skipping make-inconsistent step.
Repairing with A1 (random-removal)...
[2026-06-27 17:04:23.134] Checking precondition...
[2026-06-27 17:04:23.150] Starting the repair...
[2026-06-27 17:04:23.158] Found 363 possible bad axioms.
[2026-06-27 17:04:23.160] Selected the bad axiom SubClassOf(https://pat.nichd.nih.gov/placentalcelltype/CT.03.03.02 https://pat.nichd.nih.gov/placentalcelltype/CT.03.03.06).
[2026-06-27 17:04:23.171] Found 362 possible bad axioms.
[2026-06-27 17:04:23.171] Selected the bad axiom SubClassOf(https://pat.nichd.nih.gov/placentalcelltype/CT.02.05.02.01.02 https://pat.nichd.nih.gov/placentalcelltype/CT.02.05.02.01.03).
[2026-06-27 17:04:23.178] Found 361 possible bad axioms.
[2026-06-27 17:04:23.178] Selected the bad axiom SubClassOf(https://pat.nichd.nih.gov/placentalcelltype/CT.08.02 https://pat.nichd.nih.gov/placentalcelltype/CT.08.05).
[2026-06-27 17:04:23.185] Found 360 possible bad axioms.
[2026-06-27 17:04:23.186] Selected the bad axiom SubClassOf(https://pat.nichd.nih.gov/placentalcelltype/CT.05.02.04.01 https://pat.nichd.nih.gov/placentalcelltype/CT.05.02.04).
[2026-06-27 17:04:23.191] Found 359 possible bad axioms.
[2026-06-27 17:04:23.191] Selected the bad axiom SubClassOf(https://pat.nichd.nih.gov/placentalcelltype/CT.02.05 https://pat.nichd.nih.gov/placentalcelltype/CT.02.04).
[2026-06-27 17:04:23.196] Found 358 possible bad axioms.
[2026-06-27 17:04:23.196] Selected the bad axiom SubClassOf(https://pat.nichd.nih.gov/placentalcelltype/CT.04.03 https://pat.nichd.nih.gov/placentalcelltype/CT.01.01).
[2026-06-27 17:04:23.201] Found 357 possible bad axioms.
[2026-06-27 17:04:23.201] Selected the bad axiom SubClassOf(https://pat.nichd.nih.gov/placentalcelltype/CT.02.04.01 https://pat.nichd.nih.gov/placentalcelltype/CT.02.04).
[2026-06-27 17:04:23.205] Found 356 possible bad axioms.
[2026-06-27 17:04:23.205] Selected the bad axiom SubClassOf(https://pat.nichd.nih.gov/placentalcelltype/CT.03.03 https://pat.nichd.nih.gov/placentalcelltype/CT.03.01).
[2026-06-27 17:04:23.213] Found 355 possible bad axioms.
[2026-06-27 17:04:23.213] Selected the bad axiom SubClassOf(https://pat.nichd.nih.gov/placentalcelltype/CT.02.05 https://pat.nichd.nih.gov/placentalcelltype/CT.02.03.01).
[2026-06-27 17:04:23.217] Found 354 possible bad axioms.
[2026-06-27 17:04:23.217] Selected the bad axiom SubClassOf(https://pat.nichd.nih.gov/placentalcelltype/CT.10.01 https://pat.nichd.nih.gov/placentalcelltype/CT.10.06).
[2026-06-27 17:04:23.221] Found 353 possible bad axioms.
[2026-06-27 17:04:23.221] Selected the bad axiom SubClassOf(https://pat.nichd.nih.gov/placentalcelltype/CT.02.05.02 https://pat.nichd.nih.gov/placen
...[truncated]
SUCCESS: attempt=75 seed=1050919 success_count=59/100
progress: ontology=PATCT attempt=75 success=59/100
----- PATCT attempt=76 seed=1065119 at 2026-06-27 17:05:33 -----
--- stdout ---
{"seed":1065119,"run_id":"20260624134028346645","trial_status":"success","error_type":null,"failure_stage":null,"error_message":null,"iic_values":{"B1_vs_A1":1.0,"B1_vs_A2":0.07377049180327869,"B1_vs_A3":0.5,"B2_vs_A1":0.9945994599459946,"B2_vs_A2":1.0,"B2_vs_A3":0.9945945945945946,"B3_vs_A1":0.9945994599459946,"B3_vs_A2":1.0,"B3_vs_A3":0.9945945945945946,"B4_vs_A1":0.926530612244898,"B4_vs_A2":0.5,"B4_vs_A3":0.9262295081967213,"B5_vs_A1":0.9945994599459946,"B5_vs_A2":1.0,"B5_vs_A3":0.9945945945945946,"B6_vs_A1":0.9945994599459946,"B6_vs_A2":1.0,"B6_vs_A3":0.9945945945945946,"B7_vs_A1":0.9945994599459946,"B7_vs_A2":1.0,"B7_vs_A3":0.9945945945945946,"B8_vs_A1":0.9945994599459946,"B8_vs_A2":1.0,"B8_vs_A3":0.9945945945945946,"B9_vs_A1":0.9945994599459946,"B9_vs_A2":1.0,"B9_vs_A3":0.9945945945945946},"repair_runtimes_ms":{"A1":105,"A2":44035,"A3":2791,"B1":474,"B2":7153,"B3":826,"B4":164,"B5":427,"B6":4142,"B7":297,"B8":869,"B9":464}}

--- stderr ---
SingleTrialExperiment starting: ontology=/workspaces/ontologyutils-ekaw26/repair-power-index-replication-ekaw26/ontologies/inconsistent/PATCT.owl, seed=1065119, run_id=20260624134028346645
Loaded ontology.
Normalizing ontology with SROIQ normalization...
Normalized ontology with SROIQ normalization.
Ontology is already inconsistent, skipping make-inconsistent step.
Repairing with A1 (random-removal)...
[2026-06-27 17:05:33.525] Checking precondition...
[2026-06-27 17:05:33.542] Starting the repair...
[2026-06-27 17:05:33.549] Found 363 possible bad axioms.
[2026-06-27 17:05:33.551] Selected the bad axiom SubClassOf(https://pat.nichd.nih.gov/placentalcelltype/CT.05.02.06.02 https://pat.nichd.nih.gov/placentalcelltype/CT.05.02.06.01).
[2026-06-27 17:05:33.563] Found 362 possible bad axioms.
[2026-06-27 17:05:33.564] Selected the bad axiom SubClassOf(https://pat.nichd.nih.gov/placentalcelltype/CT.05 https://pat.nichd.nih.gov/placentalcelltype/CT.05.03).
[2026-06-27 17:05:33.569] Found 361 possible bad axioms.
[2026-06-27 17:05:33.569] Selected the bad axiom SubClassOf(https://pat.nichd.nih.gov/placentalcelltype/CT.10.01 https://pat.nichd.nih.gov/placentalcelltype/CT.10).
[2026-06-27 17:05:33.575] Found 360 possible bad axioms.
[2026-06-27 17:05:33.575] Selected the bad axiom SubClassOf(https://pat.nichd.nih.gov/placentalcelltype/CT.08.04 https://pat.nichd.nih.gov/placentalcelltype/CT.08).
[2026-06-27 17:05:33.580] Found 359 possible bad axioms.
[2026-06-27 17:05:33.580] Selected the bad axiom SubClassOf(https://pat.nichd.nih.gov/placentalcelltype/CT.05.01.03.04 https://pat.nichd.nih.gov/placentalcelltype/CT.05.01.03).
[2026-06-27 17:05:33.584] Found 358 possible bad axioms.
[2026-06-27 17:05:33.584] Selected the bad axiom SubClassOf(https://pat.nichd.nih.gov/placentalcelltype/CT.02.05.03.05 https://pat.nichd.nih.gov/placentalcelltype/CT.02.05.03).
[2026-06-27 17:05:33.588] Found 357 possible bad axioms.
[2026-06-27 17:05:33.588] Selected the bad axiom SubClassOf(https://pat.nichd.nih.gov/placentalcelltype/CT.02.05.03.02.03 owl:Nothing).
[2026-06-27 17:05:33.592] Found 356 possible bad axioms.
[2026-06-27 17:05:33.592] Selected the bad axiom SubClassOf(https://pat.nichd.nih.gov/placentalcelltype/CT.02.05.02.01.01 https://pat.nichd.nih.gov/placentalcelltype/CT.02.05.02.01.02).
[2026-06-27 17:05:33.595] Found 355 possible bad axioms.
[2026-06-27 17:05:33.595] Selected the bad axiom SubClassOf(https://pat.nichd.nih.gov/placentalcelltype/CT.05.01 https://pat.nichd.nih.gov/placentalcelltype/CT.05.05).
[2026-06-27 17:05:33.604] Found 354 possible bad axioms.
[2026-06-27 17:05:33.604] Selected the bad axiom SubClassOf(https://pat.nichd.nih.gov/placentalcelltype/CT.02.05.02.02 https://pat.nichd.nih.gov/placentalcelltype/CT.02.05.02).
[2026-06-27 17:05:33.607] Found 353 possible bad axioms.
[2026-06-27 17:05:33.607] Selected the bad axiom SubClassOf(https://pat.nichd.nih.gov/placentalcelltype/CT.03.02 https://pat.nichd.nih.gov/placentalcelltype/CT.03.01).
[20
...[truncated]
SUCCESS: attempt=76 seed=1065119 success_count=60/100
progress: ontology=PATCT attempt=76 success=60/100
----- PATCT attempt=77 seed=1079319 at 2026-06-27 17:06:36 -----
--- stdout ---
{"seed":1079319,"run_id":"20260624134028346645","trial_status":"success","error_type":null,"failure_stage":null,"error_message":null,"iic_values":{"B1_vs_A1":1.0,"B1_vs_A2":0.9786184210526315,"B1_vs_A3":0.9680851063829787,"B2_vs_A1":0.8936470588235295,"B2_vs_A2":0.5,"B2_vs_A3":0.4899193548387097,"B3_vs_A1":0.9613428280773143,"B3_vs_A2":0.940625,"B3_vs_A3":0.6943620178041543,"B4_vs_A1":1.0,"B4_vs_A2":0.9945945945945946,"B4_vs_A3":0.9918625678119349,"B5_vs_A1":1.0,"B5_vs_A2":0.9945945945945946,"B5_vs_A3":0.9918625678119349,"B6_vs_A1":1.0,"B6_vs_A2":0.9945945945945946,"B6_vs_A3":0.9918625678119349,"B7_vs_A1":1.0,"B7_vs_A2":0.9786184210526315,"B7_vs_A3":0.9680851063829787,"B8_vs_A1":1.0,"B8_vs_A2":0.9945945945945946,"B8_vs_A3":0.9918625678119349,"B9_vs_A1":1.0,"B9_vs_A2":0.9945945945945946,"B9_vs_A3":0.9918625678119349},"repair_runtimes_ms":{"A1":260,"A2":44546,"A3":2714,"B1":501,"B2":11874,"B3":7878,"B4":176,"B5":491,"B6":409,"B7":276,"B8":851,"B9":421}}

--- stderr ---
SingleTrialExperiment starting: ontology=/workspaces/ontologyutils-ekaw26/repair-power-index-replication-ekaw26/ontologies/inconsistent/PATCT.owl, seed=1079319, run_id=20260624134028346645
Loaded ontology.
Normalizing ontology with SROIQ normalization...
Normalized ontology with SROIQ normalization.
Ontology is already inconsistent, skipping make-inconsistent step.
Repairing with A1 (random-removal)...
[2026-06-27 17:06:36.497] Checking precondition...
[2026-06-27 17:06:36.513] Starting the repair...
[2026-06-27 17:06:36.523] Found 363 possible bad axioms.
[2026-06-27 17:06:36.525] Selected the bad axiom SubClassOf(https://pat.nichd.nih.gov/placentalcelltype/CT.02.05.02 https://pat.nichd.nih.gov/placentalcelltype/CT.02.05.01).
[2026-06-27 17:06:36.535] Found 362 possible bad axioms.
[2026-06-27 17:06:36.536] Selected the bad axiom SubClassOf(https://pat.nichd.nih.gov/placentalcelltype/CT.01.03 https://pat.nichd.nih.gov/placentalcelltype/CT.01.01).
[2026-06-27 17:06:36.541] Found 361 possible bad axioms.
[2026-06-27 17:06:36.541] Selected the bad axiom SubClassOf(https://pat.nichd.nih.gov/placentalcelltype/CT.01.02 https://pat.nichd.nih.gov/placentalcelltype/CT.01).
[2026-06-27 17:06:36.547] Found 360 possible bad axioms.
[2026-06-27 17:06:36.547] Selected the bad axiom SubClassOf(https://pat.nichd.nih.gov/placentalcelltype/CT.02.05.02.02.02 https://pat.nichd.nih.gov/placentalcelltype/CT.02.05.02.02).
[2026-06-27 17:06:36.553] Found 359 possible bad axioms.
[2026-06-27 17:06:36.553] Selected the bad axiom SubClassOf(https://pat.nichd.nih.gov/placentalcelltype/CT.06.03 https://pat.nichd.nih.gov/placentalcelltype/CT.06).
[2026-06-27 17:06:36.558] Found 358 possible bad axioms.
[2026-06-27 17:06:36.559] Selected the bad axiom SubClassOf(https://pat.nichd.nih.gov/placentalcelltype/CT.07.04 https://pat.nichd.nih.gov/placentalcelltype/CT.10.03).
[2026-06-27 17:06:36.563] Found 357 possible bad axioms.
[2026-06-27 17:06:36.563] Selected the bad axiom SubClassOf(https://pat.nichd.nih.gov/placentalcelltype/CT.09.01 owl:Nothing).
[2026-06-27 17:06:36.567] Found 356 possible bad axioms.
[2026-06-27 17:06:36.567] Selected the bad axiom SubClassOf(https://pat.nichd.nih.gov/placentalcelltype/CT.02.05.02.03 https://pat.nichd.nih.gov/placentalcelltype/CT.02.05.02.01).
[2026-06-27 17:06:36.575] Found 355 possible bad axioms.
[2026-06-27 17:06:36.575] Selected the bad axiom SubClassOf(https://pat.nichd.nih.gov/placentalcelltype/CT.08.02 owl:Nothing).
[2026-06-27 17:06:36.579] Found 354 possible bad axioms.
[2026-06-27 17:06:36.580] Selected the bad axiom SubClassOf(https://pat.nichd.nih.gov/placentalcelltype/CT.03.03.03 https://pat.nichd.nih.gov/placentalcelltype/CT.03.03).
[2026-06-27 17:06:36.583] Found 353 possible bad axioms.
[2026-06-27 17:06:36.583] Selected the bad axiom SubClassOf(https://pat.nichd.nih.gov/placentalcelltype/CT.02.03.01.02 https://pat.nichd.nih.gov/placentalcelltype/CT.02.03.01).
[2026-06-27 17:06:36.591] Found 352 possible bad axioms.
[2026
...[truncated]
SUCCESS: attempt=77 seed=1079319 success_count=61/100
progress: ontology=PATCT attempt=77 success=61/100
----- PATCT attempt=78 seed=1093519 at 2026-06-27 17:07:51 -----
--- stdout ---
{"seed":1093519,"run_id":"20260624134028346645","trial_status":"success","error_type":null,"failure_stage":null,"error_message":null,"iic_values":{"B1_vs_A1":0.979305146303022,"B1_vs_A2":0.059375,"B1_vs_A3":0.8884892086330936,"B2_vs_A1":0.9906993819984091,"B2_vs_A2":1.0,"B2_vs_A3":0.972605561277034,"B3_vs_A1":0.979305146303022,"B3_vs_A2":0.059375,"B3_vs_A3":0.8884892086330936,"B4_vs_A1":1.0,"B4_vs_A2":0.9968847352024922,"B4_vs_A3":0.9766871165644172,"B5_vs_A1":1.0,"B5_vs_A2":0.9968847352024922,"B5_vs_A3":0.9766871165644172,"B6_vs_A1":1.0,"B6_vs_A2":0.9968847352024922,"B6_vs_A3":0.9766871165644172,"B7_vs_A1":1.0,"B7_vs_A2":0.8941176470588236,"B7_vs_A3":0.9232495511669659,"B8_vs_A1":1.0,"B8_vs_A2":0.9968847352024922,"B8_vs_A3":0.9766871165644172,"B9_vs_A1":1.0,"B9_vs_A2":0.9968847352024922,"B9_vs_A3":0.9766871165644172},"repair_runtimes_ms":{"A1":429,"A2":43930,"A3":8090,"B1":1094,"B2":1179,"B3":7339,"B4":145,"B5":7041,"B6":4609,"B7":244,"B8":666,"B9":4520}}

--- stderr ---
SingleTrialExperiment starting: ontology=/workspaces/ontologyutils-ekaw26/repair-power-index-replication-ekaw26/ontologies/inconsistent/PATCT.owl, seed=1093519, run_id=20260624134028346645
Loaded ontology.
Normalizing ontology with SROIQ normalization...
Normalized ontology with SROIQ normalization.
Ontology is already inconsistent, skipping make-inconsistent step.
Repairing with A1 (random-removal)...
[2026-06-27 17:07:51.723] Checking precondition...
[2026-06-27 17:07:51.742] Starting the repair...
[2026-06-27 17:07:51.750] Found 363 possible bad axioms.
[2026-06-27 17:07:51.752] Selected the bad axiom SubClassOf(https://pat.nichd.nih.gov/placentalcelltype/CT.05.02.01 https://pat.nichd.nih.gov/placentalcelltype/CT.05.02).
[2026-06-27 17:07:51.761] Found 362 possible bad axioms.
[2026-06-27 17:07:51.762] Selected the bad axiom SubClassOf(https://pat.nichd.nih.gov/placentalcelltype/CT.10.02 https://pat.nichd.nih.gov/placentalcelltype/CT.10.01).
[2026-06-27 17:07:51.767] Found 361 possible bad axioms.
[2026-06-27 17:07:51.767] Selected the bad axiom SubClassOf(https://pat.nichd.nih.gov/placentalcelltype/CT.03.02 https://pat.nichd.nih.gov/placentalcelltype/CT.03.01.02).
[2026-06-27 17:07:51.772] Found 360 possible bad axioms.
[2026-06-27 17:07:51.772] Selected the bad axiom SubClassOf(https://pat.nichd.nih.gov/placentalcelltype/CT.07.03 https://pat.nichd.nih.gov/placentalcelltype/CT.10.03).
[2026-06-27 17:07:51.777] Found 359 possible bad axioms.
[2026-06-27 17:07:51.778] Selected the bad axiom SubClassOf(https://pat.nichd.nih.gov/placentalcelltype/CT.02.03.01.01 https://pat.nichd.nih.gov/placentalcelltype/CT.02.03.01).
[2026-06-27 17:07:51.783] Found 358 possible bad axioms.
[2026-06-27 17:07:51.783] Selected the bad axiom SubClassOf(https://pat.nichd.nih.gov/placentalcelltype/CT.02.05.02.03.02 https://pat.nichd.nih.gov/placentalcelltype/CT.02.05.02.03).
[2026-06-27 17:07:51.788] Found 357 possible bad axioms.
[2026-06-27 17:07:51.788] Selected the bad axiom SubClassOf(https://pat.nichd.nih.gov/placentalcelltype/CT.02.03.03 https://pat.nichd.nih.gov/placentalcelltype/CT.02.03.02).
[2026-06-27 17:07:51.792] Found 356 possible bad axioms.
[2026-06-27 17:07:51.793] Selected the bad axiom SubClassOf(https://pat.nichd.nih.gov/placentalcelltype/CT.10.02 https://pat.nichd.nih.gov/placentalcelltype/CT.10.01.01).
[2026-06-27 17:07:51.801] Found 355 possible bad axioms.
[2026-06-27 17:07:51.801] Selected the bad axiom SubClassOf(https://pat.nichd.nih.gov/placentalcelltype/CT.09.04 https://pat.nichd.nih.gov/placentalcelltype/CT.09.02).
[2026-06-27 17:07:51.804] Found 354 possible bad axioms.
[2026-06-27 17:07:51.804] Selected the bad axiom SubClassOf(https://pat.nichd.nih.gov/placentalcelltype/CT.03.02.05 https://pat.nichd.nih.gov/placentalcelltype/CT.03.02).
[2026-06-27 17:07:51.807] Found 353 possible bad axioms.
[2026-06-27 17:07:51.808] Selected the bad axiom SubClassOf(https://pat.nichd.nih.gov/placentalcelltype/CT.05.01.03.03 https://pat.nichd.nih.gov/
...[truncated]
SUCCESS: attempt=78 seed=1093519 success_count=62/100
progress: ontology=PATCT attempt=78 success=62/100
----- PATCT attempt=79 seed=1107719 at 2026-06-27 17:09:13 -----
--- stdout ---
{"seed":1107719,"run_id":"20260624134028346645","trial_status":"memory_limit_exceeded","error_type":"failure","failure_stage":"B2","error_message":"Repair failed: ExecutionException: java.lang.IllegalStateException: Could not find a weakening for axiom: ⊤ ⊑ CT.09.02","iic_values":{},"repair_runtimes_ms":{"A1":283,"A2":44342,"A3":568,"B1":534,"B2":7020}}

--- stderr ---
SingleTrialExperiment starting: ontology=/workspaces/ontologyutils-ekaw26/repair-power-index-replication-ekaw26/ontologies/inconsistent/PATCT.owl, seed=1107719, run_id=20260624134028346645
Loaded ontology.
Normalizing ontology with SROIQ normalization...
Normalized ontology with SROIQ normalization.
Ontology is already inconsistent, skipping make-inconsistent step.
Repairing with A1 (random-removal)...
[2026-06-27 17:09:14.115] Checking precondition...
[2026-06-27 17:09:14.132] Starting the repair...
[2026-06-27 17:09:14.140] Found 363 possible bad axioms.
[2026-06-27 17:09:14.142] Selected the bad axiom SubClassOf(https://pat.nichd.nih.gov/placentalcelltype/CT.04 https://pat.nichd.nih.gov/placentalcelltype/CT.10).
[2026-06-27 17:09:14.152] Found 362 possible bad axioms.
[2026-06-27 17:09:14.152] Selected the bad axiom SubClassOf(https://pat.nichd.nih.gov/placentalcelltype/CT.05.01.03.02 https://pat.nichd.nih.gov/placentalcelltype/CT.05.01.03).
[2026-06-27 17:09:14.158] Found 361 possible bad axioms.
[2026-06-27 17:09:14.158] Selected the bad axiom SubClassOf(https://pat.nichd.nih.gov/placentalcelltype/CT.02.05.03.02.02 https://pat.nichd.nih.gov/placentalcelltype/CT.02.05.03.02).
[2026-06-27 17:09:14.164] Found 360 possible bad axioms.
[2026-06-27 17:09:14.164] Selected the bad axiom SubClassOf(https://pat.nichd.nih.gov/placentalcelltype/CT.02.03.02.01 https://pat.nichd.nih.gov/placentalcelltype/CT.02.03.01.02).
[2026-06-27 17:09:14.169] Found 359 possible bad axioms.
[2026-06-27 17:09:14.169] Selected the bad axiom SubClassOf(https://pat.nichd.nih.gov/placentalcelltype/CT.03.01.02 https://pat.nichd.nih.gov/placentalcelltype/CT.03.01).
[2026-06-27 17:09:14.174] Found 358 possible bad axioms.
[2026-06-27 17:09:14.175] Selected the bad axiom SubClassOf(https://pat.nichd.nih.gov/placentalcelltype/CT.07.07 https://pat.nichd.nih.gov/placentalcelltype/CT.07).
[2026-06-27 17:09:14.178] Found 357 possible bad axioms.
[2026-06-27 17:09:14.178] Selected the bad axiom SubClassOf(https://pat.nichd.nih.gov/placentalcelltype/CT.07.03 https://pat.nichd.nih.gov/placentalcelltype/CT.07).
[2026-06-27 17:09:14.182] Found 356 possible bad axioms.
[2026-06-27 17:09:14.182] Selected the bad axiom SubClassOf(https://pat.nichd.nih.gov/placentalcelltype/CT.03.01 https://pat.nichd.nih.gov/placentalcelltype/CT.03).
[2026-06-27 17:09:14.185] Found 355 possible bad axioms.
[2026-06-27 17:09:14.186] Selected the bad axiom SubClassOf(https://pat.nichd.nih.gov/placentalcelltype/CT.02.05.02.03.02 https://pat.nichd.nih.gov/placentalcelltype/CT.02.05.02.03).
[2026-06-27 17:09:14.193] Found 354 possible bad axioms.
[2026-06-27 17:09:14.194] Selected the bad axiom SubClassOf(https://pat.nichd.nih.gov/placentalcelltype/CT.04 https://pat.nichd.nih.gov/placentalcelltype/CT.01).
[2026-06-27 17:09:14.197] Found 353 possible bad axioms.
[2026-06-27 17:09:14.197] Selected the bad axiom SubClassOf(https://pat.nichd.nih.gov/placentalcelltype/CT.03.01 https://pat.nichd.nih.gov/placentalcellty
...[truncated]
FAIL: attempt=79 seed=1107719 status=memory_limit_exceeded stage=B2 message=Repair failed: ExecutionException: java.lang.IllegalStateException: Could not find a weakening for axiom: ⊤ ⊑ CT.09.02
progress: ontology=PATCT attempt=79 success=62/100
----- PATCT attempt=80 seed=1121919 at 2026-06-27 17:10:06 -----
--- stdout ---
{"seed":1121919,"run_id":"20260624134028346645","trial_status":"success","error_type":null,"failure_stage":null,"error_message":null,"iic_values":{"B1_vs_A1":1.0,"B1_vs_A2":0.9262295081967213,"B1_vs_A3":0.9262295081967213,"B2_vs_A1":0.9849751243781094,"B2_vs_A2":1.0,"B2_vs_A3":1.0,"B3_vs_A1":1.0,"B3_vs_A2":0.9945945945945946,"B3_vs_A3":0.9945945945945946,"B4_vs_A1":1.0,"B4_vs_A2":0.9262295081967213,"B4_vs_A3":0.9262295081967213,"B5_vs_A1":1.0,"B5_vs_A2":0.9945945945945946,"B5_vs_A3":0.9945945945945946,"B6_vs_A1":1.0,"B6_vs_A2":0.9945945945945946,"B6_vs_A3":0.9945945945945946,"B7_vs_A1":1.0,"B7_vs_A2":0.9262295081967213,"B7_vs_A3":0.9262295081967213,"B8_vs_A1":1.0,"B8_vs_A2":0.9945945945945946,"B8_vs_A3":0.9945945945945946,"B9_vs_A1":1.0,"B9_vs_A2":0.9945945945945946,"B9_vs_A3":0.9945945945945946},"repair_runtimes_ms":{"A1":503,"A2":44133,"A3":558,"B1":543,"B2":10715,"B3":744,"B4":240,"B5":449,"B6":4092,"B7":406,"B8":591,"B9":570}}

--- stderr ---
SingleTrialExperiment starting: ontology=/workspaces/ontologyutils-ekaw26/repair-power-index-replication-ekaw26/ontologies/inconsistent/PATCT.owl, seed=1121919, run_id=20260624134028346645
Loaded ontology.
Normalizing ontology with SROIQ normalization...
Normalized ontology with SROIQ normalization.
Ontology is already inconsistent, skipping make-inconsistent step.
Repairing with A1 (random-removal)...
[2026-06-27 17:10:07.355] Checking precondition...
[2026-06-27 17:10:07.370] Starting the repair...
[2026-06-27 17:10:07.380] Found 363 possible bad axioms.
[2026-06-27 17:10:07.382] Selected the bad axiom SubClassOf(https://pat.nichd.nih.gov/placentalcelltype/CT.03.01.02.03 https://pat.nichd.nih.gov/placentalcelltype/CT.03.01.01).
[2026-06-27 17:10:07.392] Found 362 possible bad axioms.
[2026-06-27 17:10:07.393] Selected the bad axiom SubClassOf(https://pat.nichd.nih.gov/placentalcelltype/CT.06.02 https://pat.nichd.nih.gov/placentalcelltype/CT.06).
[2026-06-27 17:10:07.399] Found 361 possible bad axioms.
[2026-06-27 17:10:07.399] Selected the bad axiom SubClassOf(https://pat.nichd.nih.gov/placentalcelltype/CT.03.02.04 https://pat.nichd.nih.gov/placentalcelltype/CT.03.01.02.01).
[2026-06-27 17:10:07.404] Found 360 possible bad axioms.
[2026-06-27 17:10:07.404] Selected the bad axiom SubClassOf(https://pat.nichd.nih.gov/placentalcelltype/CT.02.03.03 https://pat.nichd.nih.gov/placentalcelltype/CT.02.03.02).
[2026-06-27 17:10:07.409] Found 359 possible bad axioms.
[2026-06-27 17:10:07.409] Selected the bad axiom SubClassOf(https://pat.nichd.nih.gov/placentalcelltype/CT.01.04 https://pat.nichd.nih.gov/placentalcelltype/CT.01).
[2026-06-27 17:10:07.415] Found 358 possible bad axioms.
[2026-06-27 17:10:07.415] Selected the bad axiom SubClassOf(https://pat.nichd.nih.gov/placentalcelltype/CT.01.01 https://pat.nichd.nih.gov/placentalcelltype/CT.01.01.01).
[2026-06-27 17:10:07.419] Found 357 possible bad axioms.
[2026-06-27 17:10:07.419] Selected the bad axiom SubClassOf(https://pat.nichd.nih.gov/placentalcelltype/CT.05.03.01 https://pat.nichd.nih.gov/placentalcelltype/CT.05.03.02).
[2026-06-27 17:10:07.423] Found 356 possible bad axioms.
[2026-06-27 17:10:07.423] Selected the bad axiom SubClassOf(https://pat.nichd.nih.gov/placentalcelltype/CT.02.05 https://pat.nichd.nih.gov/placentalcelltype/CT.02.03).
[2026-06-27 17:10:07.426] Found 355 possible bad axioms.
[2026-06-27 17:10:07.427] Selected the bad axiom SubClassOf(https://pat.nichd.nih.gov/placentalcelltype/CT.10.01 https://pat.nichd.nih.gov/placentalcelltype/CT.10.01.02).
[2026-06-27 17:10:07.434] Found 354 possible bad axioms.
[2026-06-27 17:10:07.434] Selected the bad axiom SubClassOf(https://pat.nichd.nih.gov/placentalcelltype/CT.06.02.02 https://pat.nichd.nih.gov/placentalcelltype/CT.06.03).
[2026-06-27 17:10:07.437] Found 353 possible bad axioms.
[2026-06-27 17:10:07.438] Selected the bad axiom SubClassOf(https://pat.nichd.nih.gov/placentalcelltype/CT.02.05.02.02 https://pat.nichd.nih.gov/placental
...[truncated]
SUCCESS: attempt=80 seed=1121919 success_count=63/100
progress: ontology=PATCT attempt=80 success=63/100
----- PATCT attempt=81 seed=1136119 at 2026-06-27 17:11:12 -----
--- stdout ---
{"seed":1136119,"run_id":"20260624134028346645","trial_status":"success","error_type":null,"failure_stage":null,"error_message":null,"iic_values":{"B1_vs_A1":0.9975369458128078,"B1_vs_A2":0.9786184210526315,"B1_vs_A3":0.5,"B2_vs_A1":0.9980331262939959,"B2_vs_A2":0.940625,"B2_vs_A3":0.014317180616740088,"B3_vs_A1":0.9980331262939959,"B3_vs_A2":0.940625,"B3_vs_A3":0.014317180616740088,"B4_vs_A1":0.9975369458128078,"B4_vs_A2":0.9786184210526315,"B4_vs_A3":0.5,"B5_vs_A1":0.998961937716263,"B5_vs_A2":0.9945945945945946,"B5_vs_A3":0.7041139240506329,"B6_vs_A1":0.998961937716263,"B6_vs_A2":0.9945945945945946,"B6_vs_A3":0.7041139240506329,"B7_vs_A1":0.9963369963369964,"B7_vs_A2":0.9262295081967213,"B7_vs_A3":0.0,"B8_vs_A1":0.998961937716263,"B8_vs_A2":0.9945945945945946,"B8_vs_A3":0.7041139240506329,"B9_vs_A1":0.998961937716263,"B9_vs_A2":0.9945945945945946,"B9_vs_A3":0.7041139240506329},"repair_runtimes_ms":{"A1":365,"A2":44257,"A3":670,"B1":510,"B2":11841,"B3":8696,"B4":242,"B5":645,"B6":464,"B7":243,"B8":495,"B9":416}}

--- stderr ---
SingleTrialExperiment starting: ontology=/workspaces/ontologyutils-ekaw26/repair-power-index-replication-ekaw26/ontologies/inconsistent/PATCT.owl, seed=1136119, run_id=20260624134028346645
Loaded ontology.
Normalizing ontology with SROIQ normalization...
Normalized ontology with SROIQ normalization.
Ontology is already inconsistent, skipping make-inconsistent step.
Repairing with A1 (random-removal)...
[2026-06-27 17:11:13.354] Checking precondition...
[2026-06-27 17:11:13.370] Starting the repair...
[2026-06-27 17:11:13.378] Found 363 possible bad axioms.
[2026-06-27 17:11:13.380] Selected the bad axiom SubClassOf(https://pat.nichd.nih.gov/placentalcelltype/CT.02.05.03.02 https://pat.nichd.nih.gov/placentalcelltype/CT.02.05.03).
[2026-06-27 17:11:13.391] Found 362 possible bad axioms.
[2026-06-27 17:11:13.392] Selected the bad axiom SubClassOf(https://pat.nichd.nih.gov/placentalcelltype/CT.06.03 https://pat.nichd.nih.gov/placentalcelltype/CT.06.02).
[2026-06-27 17:11:13.397] Found 361 possible bad axioms.
[2026-06-27 17:11:13.397] Selected the bad axiom SubClassOf(https://pat.nichd.nih.gov/placentalcelltype/CT.03.01.03 https://pat.nichd.nih.gov/placentalcelltype/CT.03.01).
[2026-06-27 17:11:13.403] Found 360 possible bad axioms.
[2026-06-27 17:11:13.403] Selected the bad axiom SubClassOf(https://pat.nichd.nih.gov/placentalcelltype/CT.10 https://pat.nichd.nih.gov/placentalcelltype/CT.10.01.02).
[2026-06-27 17:11:13.408] Found 359 possible bad axioms.
[2026-06-27 17:11:13.408] Selected the bad axiom SubClassOf(https://pat.nichd.nih.gov/placentalcelltype/CT.05.02.04 https://pat.nichd.nih.gov/placentalcelltype/CT.05.03.01).
[2026-06-27 17:11:13.413] Found 358 possible bad axioms.
[2026-06-27 17:11:13.413] Selected the bad axiom SubClassOf(https://pat.nichd.nih.gov/placentalcelltype/CT.05.01 https://pat.nichd.nih.gov/placentalcelltype/CT.05).
[2026-06-27 17:11:13.418] Found 357 possible bad axioms.
[2026-06-27 17:11:13.418] Selected the bad axiom SubClassOf(https://pat.nichd.nih.gov/placentalcelltype/CT.02.04.01 https://pat.nichd.nih.gov/placentalcelltype/CT.02.04).
[2026-06-27 17:11:13.422] Found 356 possible bad axioms.
[2026-06-27 17:11:13.423] Selected the bad axiom SubClassOf(https://pat.nichd.nih.gov/placentalcelltype/CT.03.02 https://pat.nichd.nih.gov/placentalcelltype/CT.03.03.06).
[2026-06-27 17:11:13.426] Found 355 possible bad axioms.
[2026-06-27 17:11:13.426] Selected the bad axiom SubClassOf(https://pat.nichd.nih.gov/placentalcelltype/CT.05.02.02 https://pat.nichd.nih.gov/placentalcelltype/CT.05.02).
[2026-06-27 17:11:13.434] Found 354 possible bad axioms.
[2026-06-27 17:11:13.434] Selected the bad axiom SubClassOf(https://pat.nichd.nih.gov/placentalcelltype/CT.05.05 https://pat.nichd.nih.gov/placentalcelltype/CT.05.03).
[2026-06-27 17:11:13.438] Found 353 possible bad axioms.
[2026-06-27 17:11:13.438] Selected the bad axiom SubClassOf(https://pat.nichd.nih.gov/placentalcelltype/CT.02.03.02.01 https://pat.nichd.nih.gov/placentalcelltype/
...[truncated]
SUCCESS: attempt=81 seed=1136119 success_count=64/100
progress: ontology=PATCT attempt=81 success=64/100
----- PATCT attempt=82 seed=1150319 at 2026-06-27 17:12:23 -----
--- stdout ---
{"seed":1150319,"run_id":"20260624134028346645","trial_status":"memory_limit_exceeded","error_type":"failure","failure_stage":"B3","error_message":"Repair failed: ExecutionException: java.lang.IllegalStateException: Could not find a weakening for axiom: CT.09 ⊑ ⊥","iic_values":{},"repair_runtimes_ms":{"A1":118,"A2":44862,"A3":665,"B1":507,"B2":1246,"B3":3652}}

--- stderr ---
SingleTrialExperiment starting: ontology=/workspaces/ontologyutils-ekaw26/repair-power-index-replication-ekaw26/ontologies/inconsistent/PATCT.owl, seed=1150319, run_id=20260624134028346645
Loaded ontology.
Normalizing ontology with SROIQ normalization...
Normalized ontology with SROIQ normalization.
Ontology is already inconsistent, skipping make-inconsistent step.
Repairing with A1 (random-removal)...
[2026-06-27 17:12:23.689] Checking precondition...
[2026-06-27 17:12:23.706] Starting the repair...
[2026-06-27 17:12:23.714] Found 363 possible bad axioms.
[2026-06-27 17:12:23.716] Selected the bad axiom SubClassOf(https://pat.nichd.nih.gov/placentalcelltype/CT.10.06 https://pat.nichd.nih.gov/placentalcelltype/CT.07.03).
[2026-06-27 17:12:23.726] Found 362 possible bad axioms.
[2026-06-27 17:12:23.726] Selected the bad axiom SubClassOf(https://pat.nichd.nih.gov/placentalcelltype/CT.04 https://pat.nichd.nih.gov/placentalcelltype/CT.05).
[2026-06-27 17:12:23.732] Found 361 possible bad axioms.
[2026-06-27 17:12:23.732] Selected the bad axiom SubClassOf(https://pat.nichd.nih.gov/placentalcelltype/CT.02.05 https://pat.nichd.nih.gov/placentalcelltype/CT.02.05.02).
[2026-06-27 17:12:23.737] Found 360 possible bad axioms.
[2026-06-27 17:12:23.737] Selected the bad axiom SubClassOf(https://pat.nichd.nih.gov/placentalcelltype/CT.06.01.01 https://pat.nichd.nih.gov/placentalcelltype/CT.06.01).
[2026-06-27 17:12:23.742] Found 359 possible bad axioms.
[2026-06-27 17:12:23.743] Selected the bad axiom SubClassOf(https://pat.nichd.nih.gov/placentalcelltype/CT.03.03 https://pat.nichd.nih.gov/placentalcelltype/CT.03).
[2026-06-27 17:12:23.747] Found 358 possible bad axioms.
[2026-06-27 17:12:23.747] Selected the bad axiom SubClassOf(https://pat.nichd.nih.gov/placentalcelltype/CT.07.07 https://pat.nichd.nih.gov/placentalcelltype/CT.07.03).
[2026-06-27 17:12:23.751] Found 357 possible bad axioms.
[2026-06-27 17:12:23.751] Selected the bad axiom SubClassOf(https://pat.nichd.nih.gov/placentalcelltype/CT.05.02.06.02.04 owl:Nothing).
[2026-06-27 17:12:23.755] Found 356 possible bad axioms.
[2026-06-27 17:12:23.755] Selected the bad axiom SubClassOf(https://pat.nichd.nih.gov/placentalcelltype/CT.01.01 https://pat.nichd.nih.gov/placentalcelltype/CT.01).
[2026-06-27 17:12:23.759] Found 355 possible bad axioms.
[2026-06-27 17:12:23.760] Selected the bad axiom SubClassOf(https://pat.nichd.nih.gov/placentalcelltype/CT.10.01.02 https://pat.nichd.nih.gov/placentalcelltype/CT.10.01).
[2026-06-27 17:12:23.769] Found 354 possible bad axioms.
[2026-06-27 17:12:23.769] Selected the bad axiom SubClassOf(https://pat.nichd.nih.gov/placentalcelltype/CT.03.01.01 https://pat.nichd.nih.gov/placentalcelltype/CT.03.01).
[2026-06-27 17:12:23.773] Found 353 possible bad axioms.
[2026-06-27 17:12:23.773] Selected the bad axiom SubClassOf(https://pat.nichd.nih.gov/placentalcelltype/CT.04 https://pat.nichd.nih.gov/placentalcelltype/CT.03.01.02.01).
[2026-06-27 17:12:23.782] Found 352 possible bad
...[truncated]
FAIL: attempt=82 seed=1150319 status=memory_limit_exceeded stage=B3 message=Repair failed: ExecutionException: java.lang.IllegalStateException: Could not find a weakening for axiom: CT.09 ⊑ ⊥
progress: ontology=PATCT attempt=82 success=64/100
----- PATCT attempt=83 seed=1164519 at 2026-06-27 17:13:14 -----
--- stdout ---
{"seed":1164519,"run_id":"20260624134028346645","trial_status":"success","error_type":null,"failure_stage":null,"error_message":null,"iic_values":{"B1_vs_A1":0.9701684836471755,"B1_vs_A2":0.07377049180327869,"B1_vs_A3":0.8771929824561403,"B2_vs_A1":0.9994870041039672,"B2_vs_A2":1.0,"B2_vs_A3":0.9923761118170267,"B3_vs_A1":0.9745905790984298,"B3_vs_A2":0.7985739750445633,"B3_vs_A3":0.9952706253284288,"B4_vs_A1":0.9981891348088531,"B4_vs_A2":0.5,"B4_vs_A3":0.9173047473200613,"B5_vs_A1":0.9994870041039672,"B5_vs_A2":1.0,"B5_vs_A3":0.9923761118170267,"B6_vs_A1":0.9994870041039672,"B6_vs_A2":1.0,"B6_vs_A3":0.9923761118170267,"B7_vs_A1":0.9987825435474808,"B7_vs_A2":1.0,"B7_vs_A3":0.9715536105032823,"B8_vs_A1":0.9994870041039672,"B8_vs_A2":1.0,"B8_vs_A3":0.9923761118170267,"B9_vs_A1":0.9994870041039672,"B9_vs_A2":1.0,"B9_vs_A3":0.9923761118170267},"repair_runtimes_ms":{"A1":404,"A2":44185,"A3":1438,"B1":533,"B2":1316,"B3":8437,"B4":205,"B5":772,"B6":4077,"B7":353,"B8":1071,"B9":413}}

--- stderr ---
SingleTrialExperiment starting: ontology=/workspaces/ontologyutils-ekaw26/repair-power-index-replication-ekaw26/ontologies/inconsistent/PATCT.owl, seed=1164519, run_id=20260624134028346645
Loaded ontology.
Normalizing ontology with SROIQ normalization...
Normalized ontology with SROIQ normalization.
Ontology is already inconsistent, skipping make-inconsistent step.
Repairing with A1 (random-removal)...
[2026-06-27 17:13:15.201] Checking precondition...
[2026-06-27 17:13:15.218] Starting the repair...
[2026-06-27 17:13:15.225] Found 363 possible bad axioms.
[2026-06-27 17:13:15.228] Selected the bad axiom SubClassOf(https://pat.nichd.nih.gov/placentalcelltype/CT.05.01.03.02 https://pat.nichd.nih.gov/placentalcelltype/CT.05.01.03).
[2026-06-27 17:13:15.239] Found 362 possible bad axioms.
[2026-06-27 17:13:15.240] Selected the bad axiom SubClassOf(https://pat.nichd.nih.gov/placentalcelltype/CT.02.03.01.02 https://pat.nichd.nih.gov/placentalcelltype/CT.02.03.02).
[2026-06-27 17:13:15.245] Found 361 possible bad axioms.
[2026-06-27 17:13:15.245] Selected the bad axiom SubClassOf(https://pat.nichd.nih.gov/placentalcelltype/CT.10.02.01 https://pat.nichd.nih.gov/placentalcelltype/CT.10.02).
[2026-06-27 17:13:15.251] Found 360 possible bad axioms.
[2026-06-27 17:13:15.251] Selected the bad axiom SubClassOf(https://pat.nichd.nih.gov/placentalcelltype/CT.03.03.02 https://pat.nichd.nih.gov/placentalcelltype/CT.03.03).
[2026-06-27 17:13:15.256] Found 359 possible bad axioms.
[2026-06-27 17:13:15.256] Selected the bad axiom SubClassOf(https://pat.nichd.nih.gov/placentalcelltype/CT.05.02.06 https://pat.nichd.nih.gov/placentalcelltype/CT.05.02).
[2026-06-27 17:13:15.260] Found 358 possible bad axioms.
[2026-06-27 17:13:15.261] Selected the bad axiom SubClassOf(https://pat.nichd.nih.gov/placentalcelltype/CT.05.03.01 https://pat.nichd.nih.gov/placentalcelltype/CT.05.03.02).
[2026-06-27 17:13:15.264] Found 357 possible bad axioms.
[2026-06-27 17:13:15.265] Selected the bad axiom SubClassOf(https://pat.nichd.nih.gov/placentalcelltype/CT.03.02.04 https://pat.nichd.nih.gov/placentalcelltype/CT.03.01.02.03).
[2026-06-27 17:13:15.269] Found 356 possible bad axioms.
[2026-06-27 17:13:15.269] Selected the bad axiom SubClassOf(https://pat.nichd.nih.gov/placentalcelltype/CT.03.03 https://pat.nichd.nih.gov/placentalcelltype/CT.03.01).
[2026-06-27 17:13:15.273] Found 355 possible bad axioms.
[2026-06-27 17:13:15.273] Selected the bad axiom SubClassOf(https://pat.nichd.nih.gov/placentalcelltype/CT.05.02 https://pat.nichd.nih.gov/placentalcelltype/CT.05.01.03).
[2026-06-27 17:13:15.281] Found 354 possible bad axioms.
[2026-06-27 17:13:15.282] Selected the bad axiom SubClassOf(https://pat.nichd.nih.gov/placentalcelltype/CT.03 owl:Thing).
[2026-06-27 17:13:15.285] Found 353 possible bad axioms.
[2026-06-27 17:13:15.286] Selected the bad axiom SubClassOf(https://pat.nichd.nih.gov/placentalcelltype/CT.02.03.01.02 https://pat.nichd.nih.gov/placentalcelltype/CT.02.03.02.02).
[2026-06
...[truncated]
SUCCESS: attempt=83 seed=1164519 success_count=65/100
progress: ontology=PATCT attempt=83 success=65/100
----- PATCT attempt=84 seed=1178719 at 2026-06-27 17:14:19 -----
--- stdout ---
{"seed":1178719,"run_id":"20260624134028346645","trial_status":"success","error_type":null,"failure_stage":null,"error_message":null,"iic_values":{"B1_vs_A1":0.9932139491046182,"B1_vs_A2":0.5,"B1_vs_A3":0.5,"B2_vs_A1":0.9989827060020345,"B2_vs_A2":0.9215686274509803,"B2_vs_A3":0.9215686274509803,"B3_vs_A1":1.0,"B3_vs_A2":0.7985739750445633,"B3_vs_A3":0.7985739750445633,"B4_vs_A1":0.9933308632826973,"B4_vs_A2":1.0,"B4_vs_A3":1.0,"B5_vs_A1":0.9982947278669888,"B5_vs_A2":1.0,"B5_vs_A3":1.0,"B6_vs_A1":0.9982947278669888,"B6_vs_A2":1.0,"B6_vs_A3":1.0,"B7_vs_A1":0.9956903696336814,"B7_vs_A2":1.0,"B7_vs_A3":1.0,"B8_vs_A1":0.9982947278669888,"B8_vs_A2":1.0,"B8_vs_A3":1.0,"B9_vs_A1":0.9982947278669888,"B9_vs_A2":1.0,"B9_vs_A3":1.0},"repair_runtimes_ms":{"A1":403,"A2":44360,"A3":650,"B1":510,"B2":1298,"B3":6233,"B4":307,"B5":615,"B6":382,"B7":294,"B8":549,"B9":6605}}

--- stderr ---
SingleTrialExperiment starting: ontology=/workspaces/ontologyutils-ekaw26/repair-power-index-replication-ekaw26/ontologies/inconsistent/PATCT.owl, seed=1178719, run_id=20260624134028346645
Loaded ontology.
Normalizing ontology with SROIQ normalization...
Normalized ontology with SROIQ normalization.
Ontology is already inconsistent, skipping make-inconsistent step.
Repairing with A1 (random-removal)...
[2026-06-27 17:14:19.707] Checking precondition...
[2026-06-27 17:14:19.723] Starting the repair...
[2026-06-27 17:14:19.731] Found 363 possible bad axioms.
[2026-06-27 17:14:19.733] Selected the bad axiom SubClassOf(https://pat.nichd.nih.gov/placentalcelltype/CT.08.03 https://pat.nichd.nih.gov/placentalcelltype/CT.08).
[2026-06-27 17:14:19.744] Found 362 possible bad axioms.
[2026-06-27 17:14:19.745] Selected the bad axiom SubClassOf(https://pat.nichd.nih.gov/placentalcelltype/CT.02.05.03.02 owl:Nothing).
[2026-06-27 17:14:19.750] Found 361 possible bad axioms.
[2026-06-27 17:14:19.751] Selected the bad axiom SubClassOf(https://pat.nichd.nih.gov/placentalcelltype/CT.02.02 https://pat.nichd.nih.gov/placentalcelltype/CT.02).
[2026-06-27 17:14:19.756] Found 360 possible bad axioms.
[2026-06-27 17:14:19.756] Selected the bad axiom SubClassOf(https://pat.nichd.nih.gov/placentalcelltype/CT.02.05.03.02.01 https://pat.nichd.nih.gov/placentalcelltype/CT.02.05.03.02.03).
[2026-06-27 17:14:19.761] Found 359 possible bad axioms.
[2026-06-27 17:14:19.761] Selected the bad axiom SubClassOf(https://pat.nichd.nih.gov/placentalcelltype/CT.06.01.01 https://pat.nichd.nih.gov/placentalcelltype/CT.06.01).
[2026-06-27 17:14:19.766] Found 358 possible bad axioms.
[2026-06-27 17:14:19.767] Selected the bad axiom SubClassOf(https://pat.nichd.nih.gov/placentalcelltype/CT.02.05.03.03 https://pat.nichd.nih.gov/placentalcelltype/CT.02.05.03.04).
[2026-06-27 17:14:19.771] Found 357 possible bad axioms.
[2026-06-27 17:14:19.771] Selected the bad axiom SubClassOf(https://pat.nichd.nih.gov/placentalcelltype/CT.10.06 https://pat.nichd.nih.gov/placentalcelltype/CT.07.04).
[2026-06-27 17:14:19.776] Found 356 possible bad axioms.
[2026-06-27 17:14:19.776] Selected the bad axiom SubClassOf(https://pat.nichd.nih.gov/placentalcelltype/CT.03 owl:Thing).
[2026-06-27 17:14:19.780] Found 355 possible bad axioms.
[2026-06-27 17:14:19.780] Selected the bad axiom SubClassOf(https://pat.nichd.nih.gov/placentalcelltype/CT.04.03 https://pat.nichd.nih.gov/placentalcelltype/CT.01.01).
[2026-06-27 17:14:19.788] Found 354 possible bad axioms.
[2026-06-27 17:14:19.789] Selected the bad axiom SubClassOf(https://pat.nichd.nih.gov/placentalcelltype/CT.02.04 https://pat.nichd.nih.gov/placentalcelltype/CT.02.02).
[2026-06-27 17:14:19.792] Found 353 possible bad axioms.
[2026-06-27 17:14:19.792] Selected the bad axiom SubClassOf(https://pat.nichd.nih.gov/placentalcelltype/CT.02.05.03 https://pat.nichd.nih.gov/placentalcelltype/CT.02.05.03.04).
[2026-06-27 17:14:19.801] Found 352 possible bad axioms.
[2026-0
...[truncated]
SUCCESS: attempt=84 seed=1178719 success_count=66/100
progress: ontology=PATCT attempt=84 success=66/100
----- PATCT attempt=85 seed=1192919 at 2026-06-27 17:15:22 -----
--- stdout ---
{"seed":1192919,"run_id":"20260624134028346645","trial_status":"success","error_type":null,"failure_stage":null,"error_message":null,"iic_values":{"B1_vs_A1":0.9990037229301033,"B1_vs_A2":0.940625,"B1_vs_A3":0.014317180616740088,"B2_vs_A1":0.9990037229301033,"B2_vs_A2":0.940625,"B2_vs_A3":0.014317180616740088,"B3_vs_A1":1.0,"B3_vs_A2":0.5,"B3_vs_A3":0.02138157894736842,"B4_vs_A1":0.9981288008732263,"B4_vs_A2":0.9262295081967213,"B4_vs_A3":0.0,"B5_vs_A1":0.9994277812216871,"B5_vs_A2":0.9945945945945946,"B5_vs_A3":0.7041139240506329,"B6_vs_A1":0.9994277812216871,"B6_vs_A2":0.9945945945945946,"B6_vs_A3":0.7041139240506329,"B7_vs_A1":0.9994277812216871,"B7_vs_A2":0.9945945945945946,"B7_vs_A3":0.7041139240506329,"B8_vs_A1":0.9994277812216871,"B8_vs_A2":0.9945945945945946,"B8_vs_A3":0.7041139240506329,"B9_vs_A1":0.9994277812216871,"B9_vs_A2":0.9945945945945946,"B9_vs_A3":0.7041139240506329},"repair_runtimes_ms":{"A1":512,"A2":44662,"A3":1419,"B1":499,"B2":11848,"B3":8501,"B4":244,"B5":701,"B6":324,"B7":242,"B8":667,"B9":447}}

--- stderr ---
SingleTrialExperiment starting: ontology=/workspaces/ontologyutils-ekaw26/repair-power-index-replication-ekaw26/ontologies/inconsistent/PATCT.owl, seed=1192919, run_id=20260624134028346645
Loaded ontology.
Normalizing ontology with SROIQ normalization...
Normalized ontology with SROIQ normalization.
Ontology is already inconsistent, skipping make-inconsistent step.
Repairing with A1 (random-removal)...
[2026-06-27 17:15:23.211] Checking precondition...
[2026-06-27 17:15:23.227] Starting the repair...
[2026-06-27 17:15:23.235] Found 363 possible bad axioms.
[2026-06-27 17:15:23.236] Selected the bad axiom SubClassOf(https://pat.nichd.nih.gov/placentalcelltype/CT.02.05.03.05 https://pat.nichd.nih.gov/placentalcelltype/CT.02.05.03).
[2026-06-27 17:15:23.247] Found 362 possible bad axioms.
[2026-06-27 17:15:23.247] Selected the bad axiom SubClassOf(https://pat.nichd.nih.gov/placentalcelltype/CT.02.05.03 https://pat.nichd.nih.gov/placentalcelltype/CT.02.05.03.04).
[2026-06-27 17:15:23.253] Found 361 possible bad axioms.
[2026-06-27 17:15:23.253] Selected the bad axiom SubClassOf(https://pat.nichd.nih.gov/placentalcelltype/CT.05.01.03.07 https://pat.nichd.nih.gov/placentalcelltype/CT.05.01.03).
[2026-06-27 17:15:23.259] Found 360 possible bad axioms.
[2026-06-27 17:15:23.259] Selected the bad axiom SubClassOf(https://pat.nichd.nih.gov/placentalcelltype/CT.02.05.03.02.01 https://pat.nichd.nih.gov/placentalcelltype/CT.02.05.03.02.02).
[2026-06-27 17:15:23.265] Found 359 possible bad axioms.
[2026-06-27 17:15:23.265] Selected the bad axiom SubClassOf(https://pat.nichd.nih.gov/placentalcelltype/CT.06.02.02 https://pat.nichd.nih.gov/placentalcelltype/CT.06.03).
[2026-06-27 17:15:23.270] Found 358 possible bad axioms.
[2026-06-27 17:15:23.270] Selected the bad axiom SubClassOf(https://pat.nichd.nih.gov/placentalcelltype/CT.09 owl:Thing).
[2026-06-27 17:15:23.274] Found 357 possible bad axioms.
[2026-06-27 17:15:23.274] Selected the bad axiom SubClassOf(https://pat.nichd.nih.gov/placentalcelltype/CT.05.02.06.02.05 https://pat.nichd.nih.gov/placentalcelltype/CT.05.02.06.02).
[2026-06-27 17:15:23.278] Found 356 possible bad axioms.
[2026-06-27 17:15:23.278] Selected the bad axiom SubClassOf(https://pat.nichd.nih.gov/placentalcelltype/CT.05.01.03.03 https://pat.nichd.nih.gov/placentalcelltype/CT.05.01.03.05).
[2026-06-27 17:15:23.282] Found 355 possible bad axioms.
[2026-06-27 17:15:23.282] Selected the bad axiom SubClassOf(https://pat.nichd.nih.gov/placentalcelltype/CT.02.05.02.01.03 https://pat.nichd.nih.gov/placentalcelltype/CT.02.05.02.01).
[2026-06-27 17:15:23.291] Found 354 possible bad axioms.
[2026-06-27 17:15:23.291] Selected the bad axiom SubClassOf(https://pat.nichd.nih.gov/placentalcelltype/CT.03.02 https://pat.nichd.nih.gov/placentalcelltype/CT.03.01.02).
[2026-06-27 17:15:23.295] Found 353 possible bad axioms.
[2026-06-27 17:15:23.296] Selected the bad axiom SubClassOf(https://pat.nichd.nih.gov/placentalcelltype/CT.03.02.04 https://pat.nichd.nih.go
...[truncated]
SUCCESS: attempt=85 seed=1192919 success_count=67/100
progress: ontology=PATCT attempt=85 success=67/100
----- PATCT attempt=86 seed=1207119 at 2026-06-27 17:16:34 -----
--- stdout ---
{"seed":1207119,"run_id":"20260624134028346645","trial_status":"success","error_type":null,"failure_stage":null,"error_message":null,"iic_values":{"B1_vs_A1":0.8513759946949602,"B1_vs_A2":0.09599254426840634,"B1_vs_A3":0.20535714285714285,"B2_vs_A1":1.0,"B2_vs_A2":1.0,"B2_vs_A3":0.9966085271317829,"B3_vs_A1":0.9755045572916666,"B3_vs_A2":0.855009633911368,"B3_vs_A3":1.0,"B4_vs_A1":0.9988309352517986,"B4_vs_A2":0.98568281938326,"B4_vs_A3":0.9786184210526315,"B5_vs_A1":0.9995056846267919,"B5_vs_A2":0.9968847352024922,"B5_vs_A3":0.9945945945945946,"B6_vs_A1":0.9995056846267919,"B6_vs_A2":0.9968847352024922,"B6_vs_A3":0.9945945945945946,"B7_vs_A1":0.9995056846267919,"B7_vs_A2":0.9968847352024922,"B7_vs_A3":0.9945945945945946,"B8_vs_A1":0.9995056846267919,"B8_vs_A2":0.9968847352024922,"B8_vs_A3":0.9945945945945946,"B9_vs_A1":0.9995056846267919,"B9_vs_A2":0.9968847352024922,"B9_vs_A3":0.9945945945945946},"repair_runtimes_ms":{"A1":318,"A2":43970,"A3":587,"B1":2354,"B2":7574,"B3":4598,"B4":158,"B5":461,"B6":388,"B7":254,"B8":1103,"B9":4254}}

--- stderr ---
SingleTrialExperiment starting: ontology=/workspaces/ontologyutils-ekaw26/repair-power-index-replication-ekaw26/ontologies/inconsistent/PATCT.owl, seed=1207119, run_id=20260624134028346645
Loaded ontology.
Normalizing ontology with SROIQ normalization...
Normalized ontology with SROIQ normalization.
Ontology is already inconsistent, skipping make-inconsistent step.
Repairing with A1 (random-removal)...
[2026-06-27 17:16:34.771] Checking precondition...
[2026-06-27 17:16:34.787] Starting the repair...
[2026-06-27 17:16:34.795] Found 363 possible bad axioms.
[2026-06-27 17:16:34.797] Selected the bad axiom SubClassOf(https://pat.nichd.nih.gov/placentalcelltype/CT.02.05 https://pat.nichd.nih.gov/placentalcelltype/CT.02.01).
[2026-06-27 17:16:34.808] Found 362 possible bad axioms.
[2026-06-27 17:16:34.808] Selected the bad axiom SubClassOf(https://pat.nichd.nih.gov/placentalcelltype/CT.04 https://pat.nichd.nih.gov/placentalcelltype/CT.01).
[2026-06-27 17:16:34.814] Found 361 possible bad axioms.
[2026-06-27 17:16:34.814] Selected the bad axiom SubClassOf(https://pat.nichd.nih.gov/placentalcelltype/CT.02.03.02 https://pat.nichd.nih.gov/placentalcelltype/CT.02.03.01.02).
[2026-06-27 17:16:34.819] Found 360 possible bad axioms.
[2026-06-27 17:16:34.819] Selected the bad axiom SubClassOf(https://pat.nichd.nih.gov/placentalcelltype/CT.02.03.02.02 https://pat.nichd.nih.gov/placentalcelltype/CT.02.03.02).
[2026-06-27 17:16:34.825] Found 359 possible bad axioms.
[2026-06-27 17:16:34.825] Selected the bad axiom SubClassOf(https://pat.nichd.nih.gov/placentalcelltype/CT.07.04 https://pat.nichd.nih.gov/placentalcelltype/CT.03.01.02.01).
[2026-06-27 17:16:34.831] Found 358 possible bad axioms.
[2026-06-27 17:16:34.831] Selected the bad axiom SubClassOf(https://pat.nichd.nih.gov/placentalcelltype/CT.05.02.06.02.04 owl:Nothing).
[2026-06-27 17:16:34.835] Found 357 possible bad axioms.
[2026-06-27 17:16:34.836] Selected the bad axiom SubClassOf(https://pat.nichd.nih.gov/placentalcelltype/CT.05 https://pat.nichd.nih.gov/placentalcelltype/CT.05.03.02).
[2026-06-27 17:16:34.839] Found 356 possible bad axioms.
[2026-06-27 17:16:34.840] Selected the bad axiom SubClassOf(https://pat.nichd.nih.gov/placentalcelltype/CT.04 https://pat.nichd.nih.gov/placentalcelltype/CT.02).
[2026-06-27 17:16:34.843] Found 355 possible bad axioms.
[2026-06-27 17:16:34.843] Selected the bad axiom SubClassOf(https://pat.nichd.nih.gov/placentalcelltype/CT.02.05 https://pat.nichd.nih.gov/placentalcelltype/CT.02.04).
[2026-06-27 17:16:34.852] Found 354 possible bad axioms.
[2026-06-27 17:16:34.852] Selected the bad axiom SubClassOf(https://pat.nichd.nih.gov/placentalcelltype/CT.01 owl:Thing).
[2026-06-27 17:16:34.855] Found 353 possible bad axioms.
[2026-06-27 17:16:34.856] Selected the bad axiom SubClassOf(https://pat.nichd.nih.gov/placentalcelltype/CT.07 https://pat.nichd.nih.gov/placentalcelltype/CT.10).
[2026-06-27 17:16:34.863] Found 352 possible bad axioms.
[2026-06-27 17:16:34.864] Selected
...[truncated]
SUCCESS: attempt=86 seed=1207119 success_count=68/100
progress: ontology=PATCT attempt=86 success=68/100
----- PATCT attempt=87 seed=1221319 at 2026-06-27 17:17:41 -----
--- stdout ---
{"seed":1221319,"run_id":"20260624134028346645","trial_status":"success","error_type":null,"failure_stage":null,"error_message":null,"iic_values":{"B1_vs_A1":1.0,"B1_vs_A2":0.059375,"B1_vs_A3":0.7,"B2_vs_A1":0.9964932787843367,"B2_vs_A2":0.9968847352024922,"B2_vs_A3":0.9699074074074074,"B3_vs_A1":0.9964932787843367,"B3_vs_A2":0.9968847352024922,"B3_vs_A3":0.9699074074074074,"B4_vs_A1":0.989247311827957,"B4_vs_A2":0.98568281938326,"B4_vs_A3":0.9280487804878049,"B5_vs_A1":0.9964932787843367,"B5_vs_A2":0.9968847352024922,"B5_vs_A3":0.9699074074074074,"B6_vs_A1":0.9964932787843367,"B6_vs_A2":0.9968847352024922,"B6_vs_A3":0.9699074074074074,"B7_vs_A1":0.989247311827957,"B7_vs_A2":0.98568281938326,"B7_vs_A3":0.9280487804878049,"B8_vs_A1":0.9964932787843367,"B8_vs_A2":0.9968847352024922,"B8_vs_A3":0.9699074074074074,"B9_vs_A1":0.9964932787843367,"B9_vs_A2":0.9968847352024922,"B9_vs_A3":0.9699074074074074},"repair_runtimes_ms":{"A1":185,"A2":44228,"A3":1369,"B1":527,"B2":10579,"B3":948,"B4":172,"B5":425,"B6":357,"B7":339,"B8":643,"B9":542}}

--- stderr ---
SingleTrialExperiment starting: ontology=/workspaces/ontologyutils-ekaw26/repair-power-index-replication-ekaw26/ontologies/inconsistent/PATCT.owl, seed=1221319, run_id=20260624134028346645
Loaded ontology.
Normalizing ontology with SROIQ normalization...
Normalized ontology with SROIQ normalization.
Ontology is already inconsistent, skipping make-inconsistent step.
Repairing with A1 (random-removal)...
[2026-06-27 17:17:42.137] Checking precondition...
[2026-06-27 17:17:42.153] Starting the repair...
[2026-06-27 17:17:42.163] Found 363 possible bad axioms.
[2026-06-27 17:17:42.165] Selected the bad axiom SubClassOf(https://pat.nichd.nih.gov/placentalcelltype/CT.01.03 https://pat.nichd.nih.gov/placentalcelltype/CT.01).
[2026-06-27 17:17:42.176] Found 362 possible bad axioms.
[2026-06-27 17:17:42.176] Selected the bad axiom SubClassOf(https://pat.nichd.nih.gov/placentalcelltype/CT.02.05 https://pat.nichd.nih.gov/placentalcelltype/CT.02.03.01.02).
[2026-06-27 17:17:42.182] Found 361 possible bad axioms.
[2026-06-27 17:17:42.182] Selected the bad axiom SubClassOf(https://pat.nichd.nih.gov/placentalcelltype/CT.02.03.02.01 https://pat.nichd.nih.gov/placentalcelltype/CT.02.03.01.02).
[2026-06-27 17:17:42.187] Found 360 possible bad axioms.
[2026-06-27 17:17:42.187] Selected the bad axiom SubClassOf(https://pat.nichd.nih.gov/placentalcelltype/CT.10.02.02 https://pat.nichd.nih.gov/placentalcelltype/CT.10.02).
[2026-06-27 17:17:42.192] Found 359 possible bad axioms.
[2026-06-27 17:17:42.193] Selected the bad axiom SubClassOf(https://pat.nichd.nih.gov/placentalcelltype/CT.02.05.02.01.01 https://pat.nichd.nih.gov/placentalcelltype/CT.02.05.02.01).
[2026-06-27 17:17:42.198] Found 358 possible bad axioms.
[2026-06-27 17:17:42.198] Selected the bad axiom SubClassOf(https://pat.nichd.nih.gov/placentalcelltype/CT.03.02 https://pat.nichd.nih.gov/placentalcelltype/CT.03).
[2026-06-27 17:17:42.203] Found 357 possible bad axioms.
[2026-06-27 17:17:42.203] Selected the bad axiom SubClassOf(https://pat.nichd.nih.gov/placentalcelltype/CT.05.01.03.03 https://pat.nichd.nih.gov/placentalcelltype/CT.05.01.03.05).
[2026-06-27 17:17:42.207] Found 356 possible bad axioms.
[2026-06-27 17:17:42.207] Selected the bad axiom SubClassOf(https://pat.nichd.nih.gov/placentalcelltype/CT.03.02.04 https://pat.nichd.nih.gov/placentalcelltype/CT.03.02.01).
[2026-06-27 17:17:42.216] Found 355 possible bad axioms.
[2026-06-27 17:17:42.216] Selected the bad axiom SubClassOf(https://pat.nichd.nih.gov/placentalcelltype/CT.03.02 https://pat.nichd.nih.gov/placentalcelltype/CT.03.01.02).
[2026-06-27 17:17:42.219] Found 354 possible bad axioms.
[2026-06-27 17:17:42.220] Selected the bad axiom SubClassOf(https://pat.nichd.nih.gov/placentalcelltype/CT.05 https://pat.nichd.nih.gov/placentalcelltype/CT.05.03.02).
[2026-06-27 17:17:42.223] Found 353 possible bad axioms.
[2026-06-27 17:17:42.223] Selected the bad axiom SubClassOf(https://pat.nichd.nih.gov/placentalcelltype/CT.02.05.03.03 https://pat.nichd
...[truncated]
SUCCESS: attempt=87 seed=1221319 success_count=69/100
progress: ontology=PATCT attempt=87 success=69/100
----- PATCT attempt=88 seed=1235519 at 2026-06-27 17:18:44 -----
--- stdout ---
{"seed":1235519,"run_id":"20260624134028346645","trial_status":"memory_limit_exceeded","error_type":"failure","failure_stage":"B4","error_message":"Repair failed: ExecutionException: java.lang.NullPointerException: operands cannot be null or empty","iic_values":{},"repair_runtimes_ms":{"A1":222,"A2":44152,"A3":4130,"B1":575,"B2":10534,"B3":7578,"B4":360}}

--- stderr ---
SingleTrialExperiment starting: ontology=/workspaces/ontologyutils-ekaw26/repair-power-index-replication-ekaw26/ontologies/inconsistent/PATCT.owl, seed=1235519, run_id=20260624134028346645
Loaded ontology.
Normalizing ontology with SROIQ normalization...
Normalized ontology with SROIQ normalization.
Ontology is already inconsistent, skipping make-inconsistent step.
Repairing with A1 (random-removal)...
[2026-06-27 17:18:44.887] Checking precondition...
[2026-06-27 17:18:44.903] Starting the repair...
[2026-06-27 17:18:44.912] Found 363 possible bad axioms.
[2026-06-27 17:18:44.914] Selected the bad axiom SubClassOf(https://pat.nichd.nih.gov/placentalcelltype/CT.02.05.02.02.01 https://pat.nichd.nih.gov/placentalcelltype/CT.02.05.02.02.02).
[2026-06-27 17:18:44.924] Found 362 possible bad axioms.
[2026-06-27 17:18:44.925] Selected the bad axiom SubClassOf(https://pat.nichd.nih.gov/placentalcelltype/CT.09.01 https://pat.nichd.nih.gov/placentalcelltype/CT.09).
[2026-06-27 17:18:44.930] Found 361 possible bad axioms.
[2026-06-27 17:18:44.930] Selected the bad axiom SubClassOf(https://pat.nichd.nih.gov/placentalcelltype/CT.05.02 https://pat.nichd.nih.gov/placentalcelltype/CT.05.03).
[2026-06-27 17:18:44.936] Found 360 possible bad axioms.
[2026-06-27 17:18:44.936] Selected the bad axiom SubClassOf(https://pat.nichd.nih.gov/placentalcelltype/CT.02.05.03.02 https://pat.nichd.nih.gov/placentalcelltype/CT.02.05.03).
[2026-06-27 17:18:44.941] Found 359 possible bad axioms.
[2026-06-27 17:18:44.941] Selected the bad axiom SubClassOf(https://pat.nichd.nih.gov/placentalcelltype/CT.08.03 https://pat.nichd.nih.gov/placentalcelltype/CT.08).
[2026-06-27 17:18:44.947] Found 358 possible bad axioms.
[2026-06-27 17:18:44.947] Selected the bad axiom SubClassOf(https://pat.nichd.nih.gov/placentalcelltype/CT.05.02 https://pat.nichd.nih.gov/placentalcelltype/CT.05.01).
[2026-06-27 17:18:44.951] Found 357 possible bad axioms.
[2026-06-27 17:18:44.952] Selected the bad axiom SubClassOf(https://pat.nichd.nih.gov/placentalcelltype/CT.10.04 https://pat.nichd.nih.gov/placentalcelltype/CT.07.03).
[2026-06-27 17:18:44.956] Found 356 possible bad axioms.
[2026-06-27 17:18:44.956] Selected the bad axiom SubClassOf(https://pat.nichd.nih.gov/placentalcelltype/CT.01.01 https://pat.nichd.nih.gov/placentalcelltype/CT.01.01.01).
[2026-06-27 17:18:44.960] Found 355 possible bad axioms.
[2026-06-27 17:18:44.961] Selected the bad axiom SubClassOf(https://pat.nichd.nih.gov/placentalcelltype/CT.04.03 https://pat.nichd.nih.gov/placentalcelltype/CT.04).
[2026-06-27 17:18:44.968] Found 354 possible bad axioms.
[2026-06-27 17:18:44.969] Selected the bad axiom SubClassOf(https://pat.nichd.nih.gov/placentalcelltype/CT.05.01.03.02 https://pat.nichd.nih.gov/placentalcelltype/CT.05.01.03).
[2026-06-27 17:18:44.972] Found 353 possible bad axioms.
[2026-06-27 17:18:44.972] Selected the bad axiom SubClassOf(https://pat.nichd.nih.gov/placentalcelltype/CT.05.02.06.02.04 https://pat.nichd.nih.gov/placental
...[truncated]
FAIL: attempt=88 seed=1235519 status=memory_limit_exceeded stage=B4 message=Repair failed: ExecutionException: java.lang.NullPointerException: operands cannot be null or empty
progress: ontology=PATCT attempt=88 success=69/100
----- PATCT attempt=89 seed=1249719 at 2026-06-27 17:19:53 -----
--- stdout ---
{"seed":1249719,"run_id":"20260624134028346645","trial_status":"memory_limit_exceeded","error_type":"failure","failure_stage":"B2","error_message":"Repair failed: ExecutionException: java.lang.IllegalStateException: Could not find a weakening for axiom: CT.09.02 ⊑ CT.09","iic_values":{},"repair_runtimes_ms":{"A1":331,"A2":44639,"A3":1432,"B1":526,"B2":7125}}

--- stderr ---
SingleTrialExperiment starting: ontology=/workspaces/ontologyutils-ekaw26/repair-power-index-replication-ekaw26/ontologies/inconsistent/PATCT.owl, seed=1249719, run_id=20260624134028346645
Loaded ontology.
Normalizing ontology with SROIQ normalization...
Normalized ontology with SROIQ normalization.
Ontology is already inconsistent, skipping make-inconsistent step.
Repairing with A1 (random-removal)...
[2026-06-27 17:19:54.307] Checking precondition...
[2026-06-27 17:19:54.323] Starting the repair...
[2026-06-27 17:19:54.333] Found 363 possible bad axioms.
[2026-06-27 17:19:54.335] Selected the bad axiom SubClassOf(https://pat.nichd.nih.gov/placentalcelltype/CT.02.02 https://pat.nichd.nih.gov/placentalcelltype/CT.02.05.03.02).
[2026-06-27 17:19:54.345] Found 362 possible bad axioms.
[2026-06-27 17:19:54.345] Selected the bad axiom SubClassOf(https://pat.nichd.nih.gov/placentalcelltype/CT.02.05.01 https://pat.nichd.nih.gov/placentalcelltype/CT.02.05).
[2026-06-27 17:19:54.351] Found 361 possible bad axioms.
[2026-06-27 17:19:54.351] Selected the bad axiom SubClassOf(https://pat.nichd.nih.gov/placentalcelltype/CT.03.03 https://pat.nichd.nih.gov/placentalcelltype/CT.03.01).
[2026-06-27 17:19:54.356] Found 360 possible bad axioms.
[2026-06-27 17:19:54.356] Selected the bad axiom SubClassOf(https://pat.nichd.nih.gov/placentalcelltype/CT.07 owl:Thing).
[2026-06-27 17:19:54.363] Found 359 possible bad axioms.
[2026-06-27 17:19:54.364] Selected the bad axiom SubClassOf(https://pat.nichd.nih.gov/placentalcelltype/CT.10 https://pat.nichd.nih.gov/placentalcelltype/CT.10.02.01).
[2026-06-27 17:19:54.368] Found 358 possible bad axioms.
[2026-06-27 17:19:54.369] Selected the bad axiom SubClassOf(https://pat.nichd.nih.gov/placentalcelltype/CT.10 owl:Nothing).
[2026-06-27 17:19:54.372] Found 357 possible bad axioms.
[2026-06-27 17:19:54.373] Selected the bad axiom SubClassOf(https://pat.nichd.nih.gov/placentalcelltype/CT.05.03.02 https://pat.nichd.nih.gov/placentalcelltype/CT.05.03.01).
[2026-06-27 17:19:54.376] Found 356 possible bad axioms.
[2026-06-27 17:19:54.376] Selected the bad axiom SubClassOf(https://pat.nichd.nih.gov/placentalcelltype/CT.03.02.04 https://pat.nichd.nih.gov/placentalcelltype/CT.03.01.02.03).
[2026-06-27 17:19:54.384] Found 355 possible bad axioms.
[2026-06-27 17:19:54.384] Selected the bad axiom SubClassOf(https://pat.nichd.nih.gov/placentalcelltype/CT.05.02.04 https://pat.nichd.nih.gov/placentalcelltype/CT.05.02.02).
[2026-06-27 17:19:54.388] Found 354 possible bad axioms.
[2026-06-27 17:19:54.388] Selected the bad axiom SubClassOf(https://pat.nichd.nih.gov/placentalcelltype/CT.05.02 https://pat.nichd.nih.gov/placentalcelltype/CT.05).
[2026-06-27 17:19:54.392] Found 353 possible bad axioms.
[2026-06-27 17:19:54.392] Selected the bad axiom SubClassOf(https://pat.nichd.nih.gov/placentalcelltype/CT.10.06 https://pat.nichd.nih.gov/placentalcelltype/CT.10).
[2026-06-27 17:19:54.400] Found 352 possible bad axioms.
[2026-06-27 17:19:54.400] Se
...[truncated]
FAIL: attempt=89 seed=1249719 status=memory_limit_exceeded stage=B2 message=Repair failed: ExecutionException: java.lang.IllegalStateException: Could not find a weakening for axiom: CT.09.02 ⊑ CT.09
progress: ontology=PATCT attempt=89 success=69/100
----- PATCT attempt=90 seed=1263919 at 2026-06-27 17:20:48 -----
--- stdout ---
{"seed":1263919,"run_id":"20260624134028346645","trial_status":"success","error_type":null,"failure_stage":null,"error_message":null,"iic_values":{"B1_vs_A1":0.9987039170506913,"B1_vs_A2":0.9150943396226415,"B1_vs_A3":0.9150943396226415,"B2_vs_A1":1.0,"B2_vs_A2":1.0,"B2_vs_A3":1.0,"B3_vs_A1":0.9889748831775701,"B3_vs_A2":0.059375,"B3_vs_A3":0.059375,"B4_vs_A1":0.9996154339187283,"B4_vs_A2":0.9968847352024922,"B4_vs_A3":0.9968847352024922,"B5_vs_A1":0.9996154339187283,"B5_vs_A2":0.9968847352024922,"B5_vs_A3":0.9968847352024922,"B6_vs_A1":0.9996154339187283,"B6_vs_A2":0.9968847352024922,"B6_vs_A3":0.9968847352024922,"B7_vs_A1":0.9987086591577589,"B7_vs_A2":0.9315589353612167,"B7_vs_A3":0.9315589353612167,"B8_vs_A1":0.9996154339187283,"B8_vs_A2":0.9968847352024922,"B8_vs_A3":0.9968847352024922,"B9_vs_A1":0.9996154339187283,"B9_vs_A2":0.9968847352024922,"B9_vs_A3":0.9968847352024922},"repair_runtimes_ms":{"A1":372,"A2":44427,"A3":1912,"B1":1101,"B2":1229,"B3":7352,"B4":171,"B5":677,"B6":3763,"B7":311,"B8":546,"B9":393}}

--- stderr ---
SingleTrialExperiment starting: ontology=/workspaces/ontologyutils-ekaw26/repair-power-index-replication-ekaw26/ontologies/inconsistent/PATCT.owl, seed=1263919, run_id=20260624134028346645
Loaded ontology.
Normalizing ontology with SROIQ normalization...
Normalized ontology with SROIQ normalization.
Ontology is already inconsistent, skipping make-inconsistent step.
Repairing with A1 (random-removal)...
[2026-06-27 17:20:48.840] Checking precondition...
[2026-06-27 17:20:48.856] Starting the repair...
[2026-06-27 17:20:48.865] Found 363 possible bad axioms.
[2026-06-27 17:20:48.868] Selected the bad axiom SubClassOf(https://pat.nichd.nih.gov/placentalcelltype/CT.08.02 https://pat.nichd.nih.gov/placentalcelltype/CT.08).
[2026-06-27 17:20:48.879] Found 362 possible bad axioms.
[2026-06-27 17:20:48.880] Selected the bad axiom SubClassOf(https://pat.nichd.nih.gov/placentalcelltype/CT.06.01.03 https://pat.nichd.nih.gov/placentalcelltype/CT.06.01).
[2026-06-27 17:20:48.885] Found 361 possible bad axioms.
[2026-06-27 17:20:48.885] Selected the bad axiom SubClassOf(https://pat.nichd.nih.gov/placentalcelltype/CT.03.01.03 https://pat.nichd.nih.gov/placentalcelltype/CT.03.01).
[2026-06-27 17:20:48.890] Found 360 possible bad axioms.
[2026-06-27 17:20:48.890] Selected the bad axiom SubClassOf(https://pat.nichd.nih.gov/placentalcelltype/CT.02.03.03 https://pat.nichd.nih.gov/placentalcelltype/CT.02.03.02).
[2026-06-27 17:20:48.895] Found 359 possible bad axioms.
[2026-06-27 17:20:48.895] Selected the bad axiom SubClassOf(https://pat.nichd.nih.gov/placentalcelltype/CT.03.02.05 https://pat.nichd.nih.gov/placentalcelltype/CT.03.02).
[2026-06-27 17:20:48.900] Found 358 possible bad axioms.
[2026-06-27 17:20:48.901] Selected the bad axiom SubClassOf(https://pat.nichd.nih.gov/placentalcelltype/CT.10.03 https://pat.nichd.nih.gov/placentalcelltype/CT.10).
[2026-06-27 17:20:48.905] Found 357 possible bad axioms.
[2026-06-27 17:20:48.905] Selected the bad axiom SubClassOf(https://pat.nichd.nih.gov/placentalcelltype/CT.08.05 https://pat.nichd.nih.gov/placentalcelltype/CT.08).
[2026-06-27 17:20:48.909] Found 356 possible bad axioms.
[2026-06-27 17:20:48.910] Selected the bad axiom SubClassOf(https://pat.nichd.nih.gov/placentalcelltype/CT.01.03 https://pat.nichd.nih.gov/placentalcelltype/CT.01).
[2026-06-27 17:20:48.913] Found 355 possible bad axioms.
[2026-06-27 17:20:48.913] Selected the bad axiom SubClassOf(https://pat.nichd.nih.gov/placentalcelltype/CT.06.02 https://pat.nichd.nih.gov/placentalcelltype/CT.06).
[2026-06-27 17:20:48.922] Found 354 possible bad axioms.
[2026-06-27 17:20:48.922] Selected the bad axiom SubClassOf(https://pat.nichd.nih.gov/placentalcelltype/CT.02.05.03.04 https://pat.nichd.nih.gov/placentalcelltype/CT.02.05.03.02).
[2026-06-27 17:20:48.926] Found 353 possible bad axioms.
[2026-06-27 17:20:48.926] Selected the bad axiom SubClassOf(https://pat.nichd.nih.gov/placentalcelltype/CT.02.03.02 owl:Nothing).
[2026-06-27 17:20:48.934] Found 352 possible 
...[truncated]
SUCCESS: attempt=90 seed=1263919 success_count=70/100
progress: ontology=PATCT attempt=90 success=70/100
----- PATCT attempt=91 seed=1278119 at 2026-06-27 17:21:52 -----
--- stdout ---
{"seed":1278119,"run_id":"20260624134028346645","trial_status":"success","error_type":null,"failure_stage":null,"error_message":null,"iic_values":{"B1_vs_A1":0.8905056384139687,"B1_vs_A2":0.059375,"B1_vs_A3":0.052486187845303865,"B2_vs_A1":0.9986222732491389,"B2_vs_A2":0.9968847352024922,"B2_vs_A3":0.9875,"B3_vs_A1":0.9986222732491389,"B3_vs_A2":0.9968847352024922,"B3_vs_A3":0.9875,"B4_vs_A1":0.9961042852861852,"B4_vs_A2":0.98568281938326,"B4_vs_A3":0.9595185995623632,"B5_vs_A1":0.9986222732491389,"B5_vs_A2":0.9968847352024922,"B5_vs_A3":0.9875,"B6_vs_A1":0.9986222732491389,"B6_vs_A2":0.9968847352024922,"B6_vs_A3":0.9875,"B7_vs_A1":0.9930742593305117,"B7_vs_A2":0.8941176470588236,"B7_vs_A3":0.7233009708737864,"B8_vs_A1":0.9986222732491389,"B8_vs_A2":0.9968847352024922,"B8_vs_A3":0.9875,"B9_vs_A1":0.9986222732491389,"B9_vs_A2":0.9968847352024922,"B9_vs_A3":0.9875},"repair_runtimes_ms":{"A1":306,"A2":44070,"A3":1289,"B1":1277,"B2":10228,"B3":805,"B4":182,"B5":730,"B6":4213,"B7":394,"B8":533,"B9":399}}

--- stderr ---
SingleTrialExperiment starting: ontology=/workspaces/ontologyutils-ekaw26/repair-power-index-replication-ekaw26/ontologies/inconsistent/PATCT.owl, seed=1278119, run_id=20260624134028346645
Loaded ontology.
Normalizing ontology with SROIQ normalization...
Normalized ontology with SROIQ normalization.
Ontology is already inconsistent, skipping make-inconsistent step.
Repairing with A1 (random-removal)...
[2026-06-27 17:21:52.422] Checking precondition...
[2026-06-27 17:21:52.439] Starting the repair...
[2026-06-27 17:21:52.447] Found 363 possible bad axioms.
[2026-06-27 17:21:52.449] Selected the bad axiom SubClassOf(https://pat.nichd.nih.gov/placentalcelltype/CT.08.05 https://pat.nichd.nih.gov/placentalcelltype/CT.08).
[2026-06-27 17:21:52.459] Found 362 possible bad axioms.
[2026-06-27 17:21:52.460] Selected the bad axiom SubClassOf(https://pat.nichd.nih.gov/placentalcelltype/CT.08.05 https://pat.nichd.nih.gov/placentalcelltype/CT.08.04).
[2026-06-27 17:21:52.465] Found 361 possible bad axioms.
[2026-06-27 17:21:52.466] Selected the bad axiom SubClassOf(https://pat.nichd.nih.gov/placentalcelltype/CT.05.02 https://pat.nichd.nih.gov/placentalcelltype/CT.05).
[2026-06-27 17:21:52.471] Found 360 possible bad axioms.
[2026-06-27 17:21:52.471] Selected the bad axiom SubClassOf(https://pat.nichd.nih.gov/placentalcelltype/CT.05.02.04.01.02 https://pat.nichd.nih.gov/placentalcelltype/CT.05.02.04.01.01).
[2026-06-27 17:21:52.477] Found 359 possible bad axioms.
[2026-06-27 17:21:52.477] Selected the bad axiom SubClassOf(https://pat.nichd.nih.gov/placentalcelltype/CT.04.03 https://pat.nichd.nih.gov/placentalcelltype/CT.04.02).
[2026-06-27 17:21:52.481] Found 358 possible bad axioms.
[2026-06-27 17:21:52.482] Selected the bad axiom SubClassOf(https://pat.nichd.nih.gov/placentalcelltype/CT.10 https://pat.nichd.nih.gov/placentalcelltype/CT.10.02.01).
[2026-06-27 17:21:52.486] Found 357 possible bad axioms.
[2026-06-27 17:21:52.486] Selected the bad axiom SubClassOf(https://pat.nichd.nih.gov/placentalcelltype/CT.10.02 https://pat.nichd.nih.gov/placentalcelltype/CT.10).
[2026-06-27 17:21:52.489] Found 356 possible bad axioms.
[2026-06-27 17:21:52.489] Selected the bad axiom SubClassOf(https://pat.nichd.nih.gov/placentalcelltype/CT.09.01 https://pat.nichd.nih.gov/placentalcelltype/CT.09).
[2026-06-27 17:21:52.497] Found 355 possible bad axioms.
[2026-06-27 17:21:52.497] Selected the bad axiom SubClassOf(https://pat.nichd.nih.gov/placentalcelltype/CT.02.05.03.02.03 owl:Nothing).
[2026-06-27 17:21:52.501] Found 354 possible bad axioms.
[2026-06-27 17:21:52.501] Selected the bad axiom SubClassOf(https://pat.nichd.nih.gov/placentalcelltype/CT.01.03 https://pat.nichd.nih.gov/placentalcelltype/CT.04.02).
[2026-06-27 17:21:52.504] Found 353 possible bad axioms.
[2026-06-27 17:21:52.504] Selected the bad axiom SubClassOf(https://pat.nichd.nih.gov/placentalcelltype/CT.02.03.01.02 https://pat.nichd.nih.gov/placentalcelltype/CT.02.03.01).
[2026-06-27 17:21:52.513] Found 352 
...[truncated]
SUCCESS: attempt=91 seed=1278119 success_count=71/100
progress: ontology=PATCT attempt=91 success=71/100
----- PATCT attempt=92 seed=1292319 at 2026-06-27 17:22:57 -----
--- stdout ---
{"seed":1292319,"run_id":"20260624134028346645","trial_status":"memory_limit_exceeded","error_type":"failure","failure_stage":"B6","error_message":"Repair failed: ExecutionException: java.lang.IllegalStateException: Could not find a weakening for axiom: ⊤ ⊑ CT.09.02","iic_values":{},"repair_runtimes_ms":{"A1":146,"A2":44476,"A3":598,"B1":2269,"B2":11465,"B3":881,"B4":507,"B5":455,"B6":3946}}

--- stderr ---
SingleTrialExperiment starting: ontology=/workspaces/ontologyutils-ekaw26/repair-power-index-replication-ekaw26/ontologies/inconsistent/PATCT.owl, seed=1292319, run_id=20260624134028346645
Loaded ontology.
Normalizing ontology with SROIQ normalization...
Normalized ontology with SROIQ normalization.
Ontology is already inconsistent, skipping make-inconsistent step.
Repairing with A1 (random-removal)...
[2026-06-27 17:22:58.200] Checking precondition...
[2026-06-27 17:22:58.217] Starting the repair...
[2026-06-27 17:22:58.228] Found 363 possible bad axioms.
[2026-06-27 17:22:58.230] Selected the bad axiom SubClassOf(https://pat.nichd.nih.gov/placentalcelltype/CT.06.01.03 https://pat.nichd.nih.gov/placentalcelltype/CT.06.01).
[2026-06-27 17:22:58.240] Found 362 possible bad axioms.
[2026-06-27 17:22:58.240] Selected the bad axiom SubClassOf(https://pat.nichd.nih.gov/placentalcelltype/CT.02.01 https://pat.nichd.nih.gov/placentalcelltype/CT.02).
[2026-06-27 17:22:58.245] Found 361 possible bad axioms.
[2026-06-27 17:22:58.246] Selected the bad axiom SubClassOf(https://pat.nichd.nih.gov/placentalcelltype/CT.02.05.02.02 https://pat.nichd.nih.gov/placentalcelltype/CT.02.05.02).
[2026-06-27 17:22:58.250] Found 360 possible bad axioms.
[2026-06-27 17:22:58.251] Selected the bad axiom SubClassOf(https://pat.nichd.nih.gov/placentalcelltype/CT.02.05.02.02 https://pat.nichd.nih.gov/placentalcelltype/CT.02.05.02.01).
[2026-06-27 17:22:58.257] Found 359 possible bad axioms.
[2026-06-27 17:22:58.257] Selected the bad axiom SubClassOf(https://pat.nichd.nih.gov/placentalcelltype/CT.06.01.03 https://pat.nichd.nih.gov/placentalcelltype/CT.06.03).
[2026-06-27 17:22:58.262] Found 358 possible bad axioms.
[2026-06-27 17:22:58.262] Selected the bad axiom SubClassOf(https://pat.nichd.nih.gov/placentalcelltype/CT.02.05 https://pat.nichd.nih.gov/placentalcelltype/CT.02.01).
[2026-06-27 17:22:58.266] Found 357 possible bad axioms.
[2026-06-27 17:22:58.266] Selected the bad axiom SubClassOf(https://pat.nichd.nih.gov/placentalcelltype/CT.03.03.03 https://pat.nichd.nih.gov/placentalcelltype/CT.03.03).
[2026-06-27 17:22:58.270] Found 356 possible bad axioms.
[2026-06-27 17:22:58.270] Selected the bad axiom SubClassOf(https://pat.nichd.nih.gov/placentalcelltype/CT.02.05.03.04 https://pat.nichd.nih.gov/placentalcelltype/CT.02.05.03.02).
[2026-06-27 17:22:58.278] Found 355 possible bad axioms.
[2026-06-27 17:22:58.278] Selected the bad axiom SubClassOf(https://pat.nichd.nih.gov/placentalcelltype/CT.04.02 https://pat.nichd.nih.gov/placentalcelltype/CT.04).
[2026-06-27 17:22:58.282] Found 354 possible bad axioms.
[2026-06-27 17:22:58.282] Selected the bad axiom SubClassOf(https://pat.nichd.nih.gov/placentalcelltype/CT.05.02.05 https://pat.nichd.nih.gov/placentalcelltype/CT.05.02).
[2026-06-27 17:22:58.286] Found 353 possible bad axioms.
[2026-06-27 17:22:58.286] Selected the bad axiom SubClassOf(https://pat.nichd.nih.gov/placentalcelltype/CT.03.02 https://pat.nichd.nih.gov/placental
...[truncated]
FAIL: attempt=92 seed=1292319 status=memory_limit_exceeded stage=B6 message=Repair failed: ExecutionException: java.lang.IllegalStateException: Could not find a weakening for axiom: ⊤ ⊑ CT.09.02
progress: ontology=PATCT attempt=92 success=71/100
----- PATCT attempt=93 seed=1306519 at 2026-06-27 17:24:03 -----
--- stdout ---
{"seed":1306519,"run_id":"20260624134028346645","trial_status":"success","error_type":null,"failure_stage":null,"error_message":null,"iic_values":{"B1_vs_A1":0.9948377581120944,"B1_vs_A2":1.0,"B1_vs_A3":0.9867046533713201,"B2_vs_A1":1.0,"B2_vs_A2":0.059375,"B2_vs_A3":0.5,"B3_vs_A1":0.9969064191802011,"B3_vs_A2":0.9968847352024922,"B3_vs_A3":0.9945945945945946,"B4_vs_A1":0.9909565217391304,"B4_vs_A2":0.98568281938326,"B4_vs_A3":0.9786184210526315,"B5_vs_A1":0.9969064191802011,"B5_vs_A2":0.9968847352024922,"B5_vs_A3":0.9945945945945946,"B6_vs_A1":0.9969064191802011,"B6_vs_A2":0.9968847352024922,"B6_vs_A3":0.9945945945945946,"B7_vs_A1":0.9909565217391304,"B7_vs_A2":0.98568281938326,"B7_vs_A3":0.9786184210526315,"B8_vs_A1":0.9969064191802011,"B8_vs_A2":0.9968847352024922,"B8_vs_A3":0.9945945945945946,"B9_vs_A1":0.9969064191802011,"B9_vs_A2":0.9968847352024922,"B9_vs_A3":0.9945945945945946},"repair_runtimes_ms":{"A1":196,"A2":44571,"A3":559,"B1":1221,"B2":11763,"B3":5898,"B4":167,"B5":690,"B6":294,"B7":243,"B8":657,"B9":715}}

--- stderr ---
SingleTrialExperiment starting: ontology=/workspaces/ontologyutils-ekaw26/repair-power-index-replication-ekaw26/ontologies/inconsistent/PATCT.owl, seed=1306519, run_id=20260624134028346645
Loaded ontology.
Normalizing ontology with SROIQ normalization...
Normalized ontology with SROIQ normalization.
Ontology is already inconsistent, skipping make-inconsistent step.
Repairing with A1 (random-removal)...
[2026-06-27 17:24:03.575] Checking precondition...
[2026-06-27 17:24:03.591] Starting the repair...
[2026-06-27 17:24:03.600] Found 363 possible bad axioms.
[2026-06-27 17:24:03.601] Selected the bad axiom SubClassOf(https://pat.nichd.nih.gov/placentalcelltype/CT.06.02.02 https://pat.nichd.nih.gov/placentalcelltype/CT.06.03).
[2026-06-27 17:24:03.612] Found 362 possible bad axioms.
[2026-06-27 17:24:03.612] Selected the bad axiom SubClassOf(https://pat.nichd.nih.gov/placentalcelltype/CT.02.05 https://pat.nichd.nih.gov/placentalcelltype/CT.02).
[2026-06-27 17:24:03.618] Found 361 possible bad axioms.
[2026-06-27 17:24:03.618] Selected the bad axiom SubClassOf(https://pat.nichd.nih.gov/placentalcelltype/CT.02.03.02.02 https://pat.nichd.nih.gov/placentalcelltype/CT.02.03.02).
[2026-06-27 17:24:03.623] Found 360 possible bad axioms.
[2026-06-27 17:24:03.623] Selected the bad axiom SubClassOf(https://pat.nichd.nih.gov/placentalcelltype/CT.06.03 https://pat.nichd.nih.gov/placentalcelltype/CT.06.01.01).
[2026-06-27 17:24:03.628] Found 359 possible bad axioms.
[2026-06-27 17:24:03.629] Selected the bad axiom SubClassOf(https://pat.nichd.nih.gov/placentalcelltype/CT.05.05 https://pat.nichd.nih.gov/placentalcelltype/CT.05.01).
[2026-06-27 17:24:03.634] Found 358 possible bad axioms.
[2026-06-27 17:24:03.635] Selected the bad axiom SubClassOf(https://pat.nichd.nih.gov/placentalcelltype/CT.02.05.02.02.01 https://pat.nichd.nih.gov/placentalcelltype/CT.02.05.02.02.02).
[2026-06-27 17:24:03.638] Found 357 possible bad axioms.
[2026-06-27 17:24:03.638] Selected the bad axiom SubClassOf(https://pat.nichd.nih.gov/placentalcelltype/CT.02.05.03.05 https://pat.nichd.nih.gov/placentalcelltype/CT.02.05.03.04).
[2026-06-27 17:24:03.642] Found 356 possible bad axioms.
[2026-06-27 17:24:03.642] Selected the bad axiom SubClassOf(https://pat.nichd.nih.gov/placentalcelltype/CT.02.01 https://pat.nichd.nih.gov/placentalcelltype/CT.02).
[2026-06-27 17:24:03.646] Found 355 possible bad axioms.
[2026-06-27 17:24:03.646] Selected the bad axiom SubClassOf(https://pat.nichd.nih.gov/placentalcelltype/CT.10.01 https://pat.nichd.nih.gov/placentalcelltype/CT.10.06).
[2026-06-27 17:24:03.654] Found 354 possible bad axioms.
[2026-06-27 17:24:03.654] Selected the bad axiom SubClassOf(https://pat.nichd.nih.gov/placentalcelltype/CT.02.05.02.01 https://pat.nichd.nih.gov/placentalcelltype/CT.02.05.02).
[2026-06-27 17:24:03.657] Found 353 possible bad axioms.
[2026-06-27 17:24:03.657] Selected the bad axiom SubClassOf(https://pat.nichd.nih.gov/placentalcelltype/CT.06.03.01 https://pat.nichd.nih.g
...[truncated]
SUCCESS: attempt=93 seed=1306519 success_count=72/100
progress: ontology=PATCT attempt=93 success=72/100
----- PATCT attempt=94 seed=1320719 at 2026-06-27 17:25:13 -----
--- stdout ---
{"seed":1320719,"run_id":"20260624134028346645","trial_status":"success","error_type":null,"failure_stage":null,"error_message":null,"iic_values":{"B1_vs_A1":0.9941735663906777,"B1_vs_A2":0.10588235294117647,"B1_vs_A3":0.10588235294117647,"B2_vs_A1":0.9941735663906777,"B2_vs_A2":0.10588235294117647,"B2_vs_A3":0.10588235294117647,"B3_vs_A1":1.0,"B3_vs_A2":0.07377049180327869,"B3_vs_A3":0.07377049180327869,"B4_vs_A1":0.9937454895357228,"B4_vs_A2":1.0,"B4_vs_A3":1.0,"B5_vs_A1":0.9976748692113931,"B5_vs_A2":1.0,"B5_vs_A3":1.0,"B6_vs_A1":0.9976748692113931,"B6_vs_A2":1.0,"B6_vs_A3":1.0,"B7_vs_A1":0.989501312335958,"B7_vs_A2":0.5,"B7_vs_A3":0.5,"B8_vs_A1":0.9976748692113931,"B8_vs_A2":1.0,"B8_vs_A3":1.0,"B9_vs_A1":0.9976748692113931,"B9_vs_A2":1.0,"B9_vs_A3":1.0},"repair_runtimes_ms":{"A1":198,"A2":44010,"A3":3394,"B1":489,"B2":12083,"B3":7569,"B4":191,"B5":694,"B6":735,"B7":274,"B8":7642,"B9":5824}}

--- stderr ---
SingleTrialExperiment starting: ontology=/workspaces/ontologyutils-ekaw26/repair-power-index-replication-ekaw26/ontologies/inconsistent/PATCT.owl, seed=1320719, run_id=20260624134028346645
Loaded ontology.
Normalizing ontology with SROIQ normalization...
Normalized ontology with SROIQ normalization.
Ontology is already inconsistent, skipping make-inconsistent step.
Repairing with A1 (random-removal)...
[2026-06-27 17:25:14.267] Checking precondition...
[2026-06-27 17:25:14.283] Starting the repair...
[2026-06-27 17:25:14.291] Found 363 possible bad axioms.
[2026-06-27 17:25:14.293] Selected the bad axiom SubClassOf(https://pat.nichd.nih.gov/placentalcelltype/CT.02.05.03.02 https://pat.nichd.nih.gov/placentalcelltype/CT.02.05.03.02.02).
[2026-06-27 17:25:14.303] Found 362 possible bad axioms.
[2026-06-27 17:25:14.303] Selected the bad axiom SubClassOf(https://pat.nichd.nih.gov/placentalcelltype/CT.05.05 https://pat.nichd.nih.gov/placentalcelltype/CT.05.03).
[2026-06-27 17:25:14.308] Found 361 possible bad axioms.
[2026-06-27 17:25:14.308] Selected the bad axiom SubClassOf(https://pat.nichd.nih.gov/placentalcelltype/CT.05.01.03.01 https://pat.nichd.nih.gov/placentalcelltype/CT.05.01.03.04).
[2026-06-27 17:25:14.313] Found 360 possible bad axioms.
[2026-06-27 17:25:14.313] Selected the bad axiom SubClassOf(https://pat.nichd.nih.gov/placentalcelltype/CT.03.03.04 https://pat.nichd.nih.gov/placentalcelltype/CT.03.03).
[2026-06-27 17:25:14.320] Found 359 possible bad axioms.
[2026-06-27 17:25:14.320] Selected the bad axiom SubClassOf(https://pat.nichd.nih.gov/placentalcelltype/CT.09.04 https://pat.nichd.nih.gov/placentalcelltype/CT.09.02).
[2026-06-27 17:25:14.325] Found 358 possible bad axioms.
[2026-06-27 17:25:14.325] Selected the bad axiom SubClassOf(https://pat.nichd.nih.gov/placentalcelltype/CT.08.03 https://pat.nichd.nih.gov/placentalcelltype/CT.08).
[2026-06-27 17:25:14.329] Found 357 possible bad axioms.
[2026-06-27 17:25:14.329] Selected the bad axiom SubClassOf(https://pat.nichd.nih.gov/placentalcelltype/CT.01.04 https://pat.nichd.nih.gov/placentalcelltype/CT.04.03).
[2026-06-27 17:25:14.334] Found 356 possible bad axioms.
[2026-06-27 17:25:14.334] Selected the bad axiom SubClassOf(https://pat.nichd.nih.gov/placentalcelltype/CT.04 https://pat.nichd.nih.gov/placentalcelltype/CT.10).
[2026-06-27 17:25:14.342] Found 355 possible bad axioms.
[2026-06-27 17:25:14.342] Selected the bad axiom SubClassOf(https://pat.nichd.nih.gov/placentalcelltype/CT.03.03.01 https://pat.nichd.nih.gov/placentalcelltype/CT.03.03).
[2026-06-27 17:25:14.346] Found 354 possible bad axioms.
[2026-06-27 17:25:14.346] Selected the bad axiom SubClassOf(https://pat.nichd.nih.gov/placentalcelltype/CT.02.03.02 https://pat.nichd.nih.gov/placentalcelltype/CT.02.03.01).
[2026-06-27 17:25:14.349] Found 353 possible bad axioms.
[2026-06-27 17:25:14.349] Selected the bad axiom SubClassOf(https://pat.nichd.nih.gov/placentalcelltype/CT.02.05.02.03.01 https://pat.nichd.nih.gov/placental
...[truncated]
SUCCESS: attempt=94 seed=1320719 success_count=73/100
progress: ontology=PATCT attempt=94 success=73/100
----- PATCT attempt=95 seed=1334919 at 2026-06-27 17:26:38 -----
--- stdout ---
{"seed":1334919,"run_id":"20260624134028346645","trial_status":"success","error_type":null,"failure_stage":null,"error_message":null,"iic_values":{"B1_vs_A1":0.8046272493573264,"B1_vs_A2":0.7142857142857143,"B1_vs_A3":0.003115264797507788,"B2_vs_A1":1.0,"B2_vs_A2":0.9945945945945946,"B2_vs_A3":0.5,"B3_vs_A1":0.9402985074626866,"B3_vs_A2":0.9966085271317829,"B3_vs_A3":0.0379746835443038,"B4_vs_A1":1.0,"B4_vs_A2":0.9786184210526315,"B4_vs_A3":0.2958860759493671,"B5_vs_A1":1.0,"B5_vs_A2":0.9945945945945946,"B5_vs_A3":0.5,"B6_vs_A1":1.0,"B6_vs_A2":0.9945945945945946,"B6_vs_A3":0.5,"B7_vs_A1":1.0,"B7_vs_A2":0.9786184210526315,"B7_vs_A3":0.2958860759493671,"B8_vs_A1":1.0,"B8_vs_A2":0.9945945945945946,"B8_vs_A3":0.5,"B9_vs_A1":1.0,"B9_vs_A2":0.9945945945945946,"B9_vs_A3":0.5},"repair_runtimes_ms":{"A1":152,"A2":44366,"A3":616,"B1":1626,"B2":1065,"B3":6282,"B4":158,"B5":564,"B6":331,"B7":246,"B8":531,"B9":480}}

--- stderr ---
SingleTrialExperiment starting: ontology=/workspaces/ontologyutils-ekaw26/repair-power-index-replication-ekaw26/ontologies/inconsistent/PATCT.owl, seed=1334919, run_id=20260624134028346645
Loaded ontology.
Normalizing ontology with SROIQ normalization...
Normalized ontology with SROIQ normalization.
Ontology is already inconsistent, skipping make-inconsistent step.
Repairing with A1 (random-removal)...
[2026-06-27 17:26:39.129] Checking precondition...
[2026-06-27 17:26:39.145] Starting the repair...
[2026-06-27 17:26:39.153] Found 363 possible bad axioms.
[2026-06-27 17:26:39.154] Selected the bad axiom SubClassOf(https://pat.nichd.nih.gov/placentalcelltype/CT.02.05 https://pat.nichd.nih.gov/placentalcelltype/CT.02.05.01).
[2026-06-27 17:26:39.165] Found 362 possible bad axioms.
[2026-06-27 17:26:39.166] Selected the bad axiom SubClassOf(https://pat.nichd.nih.gov/placentalcelltype/CT.05.01.01.02 https://pat.nichd.nih.gov/placentalcelltype/CT.05.01.01).
[2026-06-27 17:26:39.171] Found 361 possible bad axioms.
[2026-06-27 17:26:39.171] Selected the bad axiom SubClassOf(https://pat.nichd.nih.gov/placentalcelltype/CT.02.05.02.02.02 https://pat.nichd.nih.gov/placentalcelltype/CT.02.05.02.02.01).
[2026-06-27 17:26:39.177] Found 360 possible bad axioms.
[2026-06-27 17:26:39.177] Selected the bad axiom SubClassOf(https://pat.nichd.nih.gov/placentalcelltype/CT.02.05.03.02.03 https://pat.nichd.nih.gov/placentalcelltype/CT.02.05.03.02).
[2026-06-27 17:26:39.182] Found 359 possible bad axioms.
[2026-06-27 17:26:39.183] Selected the bad axiom SubClassOf(https://pat.nichd.nih.gov/placentalcelltype/CT.05 https://pat.nichd.nih.gov/placentalcelltype/CT.10.06).
[2026-06-27 17:26:39.187] Found 358 possible bad axioms.
[2026-06-27 17:26:39.187] Selected the bad axiom SubClassOf(https://pat.nichd.nih.gov/placentalcelltype/CT.06.03 https://pat.nichd.nih.gov/placentalcelltype/CT.06.02).
[2026-06-27 17:26:39.191] Found 357 possible bad axioms.
[2026-06-27 17:26:39.191] Selected the bad axiom SubClassOf(https://pat.nichd.nih.gov/placentalcelltype/CT.05.02.05 https://pat.nichd.nih.gov/placentalcelltype/CT.05.02).
[2026-06-27 17:26:39.195] Found 356 possible bad axioms.
[2026-06-27 17:26:39.195] Selected the bad axiom SubClassOf(https://pat.nichd.nih.gov/placentalcelltype/CT.02.05 https://pat.nichd.nih.gov/placentalcelltype/CT.02.03.01).
[2026-06-27 17:26:39.198] Found 355 possible bad axioms.
[2026-06-27 17:26:39.198] Selected the bad axiom SubClassOf(https://pat.nichd.nih.gov/placentalcelltype/CT.02.05.02.02 owl:Nothing).
[2026-06-27 17:26:39.207] Found 354 possible bad axioms.
[2026-06-27 17:26:39.207] Selected the bad axiom SubClassOf(https://pat.nichd.nih.gov/placentalcelltype/CT.02.05.03.03 https://pat.nichd.nih.gov/placentalcelltype/CT.02.05.03).
[2026-06-27 17:26:39.211] Found 353 possible bad axioms.
[2026-06-27 17:26:39.211] Selected the bad axiom SubClassOf(https://pat.nichd.nih.gov/placentalcelltype/CT.07.01 https://pat.nichd.nih.gov/placentalcelltype/CT.07).

...[truncated]
SUCCESS: attempt=95 seed=1334919 success_count=74/100
progress: ontology=PATCT attempt=95 success=74/100
----- PATCT attempt=96 seed=1349119 at 2026-06-27 17:27:37 -----
--- stdout ---
{"seed":1349119,"run_id":"20260624134028346645","trial_status":"success","error_type":null,"failure_stage":null,"error_message":null,"iic_values":{"B1_vs_A1":0.9780809986935695,"B1_vs_A2":0.059375,"B1_vs_A3":0.7943074003795066,"B2_vs_A1":0.9993177942012507,"B2_vs_A2":0.9968847352024922,"B2_vs_A3":0.9921197793538219,"B3_vs_A1":1.0,"B3_vs_A2":1.0,"B3_vs_A3":0.9540983606557377,"B4_vs_A1":0.9974761637689288,"B4_vs_A2":0.9315589353612167,"B4_vs_A3":0.9598214285714286,"B5_vs_A1":0.9993177942012507,"B5_vs_A2":0.9968847352024922,"B5_vs_A3":0.9921197793538219,"B6_vs_A1":0.9993177942012507,"B6_vs_A2":0.9968847352024922,"B6_vs_A3":0.9921197793538219,"B7_vs_A1":0.9983284042689984,"B7_vs_A2":0.98568281938326,"B7_vs_A3":0.9771528998242531,"B8_vs_A1":0.9993177942012507,"B8_vs_A2":0.9968847352024922,"B8_vs_A3":0.9921197793538219,"B9_vs_A1":0.9993177942012507,"B9_vs_A2":0.9968847352024922,"B9_vs_A3":0.9921197793538219},"repair_runtimes_ms":{"A1":347,"A2":44517,"A3":4856,"B1":525,"B2":1262,"B3":808,"B4":717,"B5":596,"B6":439,"B7":464,"B8":581,"B9":481}}

--- stderr ---
SingleTrialExperiment starting: ontology=/workspaces/ontologyutils-ekaw26/repair-power-index-replication-ekaw26/ontologies/inconsistent/PATCT.owl, seed=1349119, run_id=20260624134028346645
Loaded ontology.
Normalizing ontology with SROIQ normalization...
Normalized ontology with SROIQ normalization.
Ontology is already inconsistent, skipping make-inconsistent step.
Repairing with A1 (random-removal)...
[2026-06-27 17:27:38.189] Checking precondition...
[2026-06-27 17:27:38.206] Starting the repair...
[2026-06-27 17:27:38.214] Found 363 possible bad axioms.
[2026-06-27 17:27:38.216] Selected the bad axiom SubClassOf(https://pat.nichd.nih.gov/placentalcelltype/CT.02 https://pat.nichd.nih.gov/placentalcelltype/CT.02.03).
[2026-06-27 17:27:38.226] Found 362 possible bad axioms.
[2026-06-27 17:27:38.227] Selected the bad axiom SubClassOf(https://pat.nichd.nih.gov/placentalcelltype/CT.05.02.06.02.01 https://pat.nichd.nih.gov/placentalcelltype/CT.05.02.06.02).
[2026-06-27 17:27:38.232] Found 361 possible bad axioms.
[2026-06-27 17:27:38.232] Selected the bad axiom SubClassOf(https://pat.nichd.nih.gov/placentalcelltype/CT.01.03 https://pat.nichd.nih.gov/placentalcelltype/CT.01.02).
[2026-06-27 17:27:38.238] Found 360 possible bad axioms.
[2026-06-27 17:27:38.238] Selected the bad axiom SubClassOf(https://pat.nichd.nih.gov/placentalcelltype/CT.08.02 https://pat.nichd.nih.gov/placentalcelltype/CT.08.05).
[2026-06-27 17:27:38.244] Found 359 possible bad axioms.
[2026-06-27 17:27:38.244] Selected the bad axiom SubClassOf(https://pat.nichd.nih.gov/placentalcelltype/CT.05.01.03.06 https://pat.nichd.nih.gov/placentalcelltype/CT.05.01.03.04).
[2026-06-27 17:27:38.249] Found 358 possible bad axioms.
[2026-06-27 17:27:38.249] Selected the bad axiom SubClassOf(https://pat.nichd.nih.gov/placentalcelltype/CT.01.01.01 https://pat.nichd.nih.gov/placentalcelltype/CT.01.01).
[2026-06-27 17:27:38.254] Found 357 possible bad axioms.
[2026-06-27 17:27:38.254] Selected the bad axiom SubClassOf(https://pat.nichd.nih.gov/placentalcelltype/CT.03.01.02.01 https://pat.nichd.nih.gov/placentalcelltype/CT.03.01.02).
[2026-06-27 17:27:38.258] Found 356 possible bad axioms.
[2026-06-27 17:27:38.258] Selected the bad axiom SubClassOf(https://pat.nichd.nih.gov/placentalcelltype/CT.02.03 https://pat.nichd.nih.gov/placentalcelltype/CT.02).
[2026-06-27 17:27:38.266] Found 355 possible bad axioms.
[2026-06-27 17:27:38.267] Selected the bad axiom SubClassOf(https://pat.nichd.nih.gov/placentalcelltype/CT.03.03.02 https://pat.nichd.nih.gov/placentalcelltype/CT.03.03.03).
[2026-06-27 17:27:38.271] Found 354 possible bad axioms.
[2026-06-27 17:27:38.271] Selected the bad axiom SubClassOf(https://pat.nichd.nih.gov/placentalcelltype/CT.07.06 https://pat.nichd.nih.gov/placentalcelltype/CT.07).
[2026-06-27 17:27:38.275] Found 353 possible bad axioms.
[2026-06-27 17:27:38.275] Selected the bad axiom SubClassOf(https://pat.nichd.nih.gov/placentalcelltype/CT.02.05.02 https://pat.nichd.nih.gov/placental
...[truncated]
SUCCESS: attempt=96 seed=1349119 success_count=75/100
progress: ontology=PATCT attempt=96 success=75/100
----- PATCT attempt=97 seed=1363319 at 2026-06-27 17:28:34 -----
--- stdout ---
{"seed":1363319,"run_id":"20260624134028346645","trial_status":"success","error_type":null,"failure_stage":null,"error_message":null,"iic_values":{"B1_vs_A1":0.9986561918544552,"B1_vs_A2":0.9786184210526315,"B1_vs_A3":0.5,"B2_vs_A1":0.999438832772166,"B2_vs_A2":0.9945945945945946,"B2_vs_A3":0.7041139240506329,"B3_vs_A1":1.0,"B3_vs_A2":0.9966085271317829,"B3_vs_A3":0.6655455904334828,"B4_vs_A1":0.9986561918544552,"B4_vs_A2":0.9786184210526315,"B4_vs_A3":0.5,"B5_vs_A1":0.999438832772166,"B5_vs_A2":0.9945945945945946,"B5_vs_A3":0.7041139240506329,"B6_vs_A1":0.999438832772166,"B6_vs_A2":0.9945945945945946,"B6_vs_A3":0.7041139240506329,"B7_vs_A1":0.9979856759176365,"B7_vs_A2":0.9262295081967213,"B7_vs_A3":0.0,"B8_vs_A1":0.999438832772166,"B8_vs_A2":0.9945945945945946,"B8_vs_A3":0.7041139240506329,"B9_vs_A1":0.999438832772166,"B9_vs_A2":0.9945945945945946,"B9_vs_A3":0.7041139240506329},"repair_runtimes_ms":{"A1":227,"A2":44086,"A3":620,"B1":547,"B2":7171,"B3":6359,"B4":153,"B5":559,"B6":388,"B7":260,"B8":694,"B9":474}}

--- stderr ---
SingleTrialExperiment starting: ontology=/workspaces/ontologyutils-ekaw26/repair-power-index-replication-ekaw26/ontologies/inconsistent/PATCT.owl, seed=1363319, run_id=20260624134028346645
Loaded ontology.
Normalizing ontology with SROIQ normalization...
Normalized ontology with SROIQ normalization.
Ontology is already inconsistent, skipping make-inconsistent step.
Repairing with A1 (random-removal)...
[2026-06-27 17:28:34.965] Checking precondition...
[2026-06-27 17:28:34.980] Starting the repair...
[2026-06-27 17:28:34.989] Found 363 possible bad axioms.
[2026-06-27 17:28:34.991] Selected the bad axiom SubClassOf(https://pat.nichd.nih.gov/placentalcelltype/CT.05.02.02 https://pat.nichd.nih.gov/placentalcelltype/CT.05.02).
[2026-06-27 17:28:35.001] Found 362 possible bad axioms.
[2026-06-27 17:28:35.002] Selected the bad axiom SubClassOf(https://pat.nichd.nih.gov/placentalcelltype/CT.02.05.02.01 https://pat.nichd.nih.gov/placentalcelltype/CT.02.05.02).
[2026-06-27 17:28:35.006] Found 361 possible bad axioms.
[2026-06-27 17:28:35.007] Selected the bad axiom SubClassOf(https://pat.nichd.nih.gov/placentalcelltype/CT.09.04 https://pat.nichd.nih.gov/placentalcelltype/CT.09).
[2026-06-27 17:28:35.012] Found 360 possible bad axioms.
[2026-06-27 17:28:35.012] Selected the bad axiom SubClassOf(https://pat.nichd.nih.gov/placentalcelltype/CT.05.02 https://pat.nichd.nih.gov/placentalcelltype/CT.05.04).
[2026-06-27 17:28:35.017] Found 359 possible bad axioms.
[2026-06-27 17:28:35.018] Selected the bad axiom SubClassOf(https://pat.nichd.nih.gov/placentalcelltype/CT.03.01.02 https://pat.nichd.nih.gov/placentalcelltype/CT.03.01).
[2026-06-27 17:28:35.023] Found 358 possible bad axioms.
[2026-06-27 17:28:35.023] Selected the bad axiom SubClassOf(https://pat.nichd.nih.gov/placentalcelltype/CT.06.01 https://pat.nichd.nih.gov/placentalcelltype/CT.06.02).
[2026-06-27 17:28:35.027] Found 357 possible bad axioms.
[2026-06-27 17:28:35.027] Selected the bad axiom SubClassOf(https://pat.nichd.nih.gov/placentalcelltype/CT.03.03 https://pat.nichd.nih.gov/placentalcelltype/CT.03.01.02).
[2026-06-27 17:28:35.030] Found 356 possible bad axioms.
[2026-06-27 17:28:35.030] Selected the bad axiom SubClassOf(https://pat.nichd.nih.gov/placentalcelltype/CT.05.02.06.01 https://pat.nichd.nih.gov/placentalcelltype/CT.05.02.06).
[2026-06-27 17:28:35.034] Found 355 possible bad axioms.
[2026-06-27 17:28:35.034] Selected the bad axiom SubClassOf(https://pat.nichd.nih.gov/placentalcelltype/CT.03.03.06 https://pat.nichd.nih.gov/placentalcelltype/CT.03.03).
[2026-06-27 17:28:35.042] Found 354 possible bad axioms.
[2026-06-27 17:28:35.042] Selected the bad axiom SubClassOf(https://pat.nichd.nih.gov/placentalcelltype/CT.02.05 https://pat.nichd.nih.gov/placentalcelltype/CT.02.05.01).
[2026-06-27 17:28:35.046] Found 353 possible bad axioms.
[2026-06-27 17:28:35.046] Selected the bad axiom SubClassOf(https://pat.nichd.nih.gov/placentalcelltype/CT.06.02 https://pat.nichd.nih.gov/placentalcelltype/
...[truncated]
SUCCESS: attempt=97 seed=1363319 success_count=76/100
progress: ontology=PATCT attempt=97 success=76/100
----- PATCT attempt=98 seed=1377519 at 2026-06-27 17:29:37 -----
--- stdout ---
{"seed":1377519,"run_id":"20260624134028346645","trial_status":"success","error_type":null,"failure_stage":null,"error_message":null,"iic_values":{"B1_vs_A1":0.9558490566037736,"B1_vs_A2":0.07802874743326489,"B1_vs_A3":0.07802874743326489,"B2_vs_A1":1.0,"B2_vs_A2":0.9968847352024922,"B2_vs_A3":0.9968847352024922,"B3_vs_A1":0.9853550438385201,"B3_vs_A2":0.5,"B3_vs_A3":0.5,"B4_vs_A1":1.0,"B4_vs_A2":0.98568281938326,"B4_vs_A3":0.98568281938326,"B5_vs_A1":1.0,"B5_vs_A2":0.9968847352024922,"B5_vs_A3":0.9968847352024922,"B6_vs_A1":1.0,"B6_vs_A2":0.9968847352024922,"B6_vs_A3":0.9968847352024922,"B7_vs_A1":1.0,"B7_vs_A2":0.8941176470588236,"B7_vs_A3":0.8941176470588236,"B8_vs_A1":1.0,"B8_vs_A2":0.9968847352024922,"B8_vs_A3":0.9968847352024922,"B9_vs_A1":1.0,"B9_vs_A2":0.9968847352024922,"B9_vs_A3":0.9968847352024922},"repair_runtimes_ms":{"A1":303,"A2":43726,"A3":555,"B1":1220,"B2":1071,"B3":7777,"B4":379,"B5":602,"B6":362,"B7":296,"B8":7322,"B9":418}}

--- stderr ---
SingleTrialExperiment starting: ontology=/workspaces/ontologyutils-ekaw26/repair-power-index-replication-ekaw26/ontologies/inconsistent/PATCT.owl, seed=1377519, run_id=20260624134028346645
Loaded ontology.
Normalizing ontology with SROIQ normalization...
Normalized ontology with SROIQ normalization.
Ontology is already inconsistent, skipping make-inconsistent step.
Repairing with A1 (random-removal)...
[2026-06-27 17:29:37.900] Checking precondition...
[2026-06-27 17:29:37.917] Starting the repair...
[2026-06-27 17:29:37.926] Found 363 possible bad axioms.
[2026-06-27 17:29:37.928] Selected the bad axiom SubClassOf(https://pat.nichd.nih.gov/placentalcelltype/CT.03.02.04 https://pat.nichd.nih.gov/placentalcelltype/CT.03.02.01).
[2026-06-27 17:29:37.938] Found 362 possible bad axioms.
[2026-06-27 17:29:37.938] Selected the bad axiom SubClassOf(https://pat.nichd.nih.gov/placentalcelltype/CT.01.01.01 https://pat.nichd.nih.gov/placentalcelltype/CT.01.01).
[2026-06-27 17:29:37.944] Found 361 possible bad axioms.
[2026-06-27 17:29:37.944] Selected the bad axiom SubClassOf(https://pat.nichd.nih.gov/placentalcelltype/CT.05.01.03.04 https://pat.nichd.nih.gov/placentalcelltype/CT.05.01.03).
[2026-06-27 17:29:37.949] Found 360 possible bad axioms.
[2026-06-27 17:29:37.950] Selected the bad axiom SubClassOf(https://pat.nichd.nih.gov/placentalcelltype/CT.10.06 https://pat.nichd.nih.gov/placentalcelltype/CT.07.03).
[2026-06-27 17:29:37.955] Found 359 possible bad axioms.
[2026-06-27 17:29:37.956] Selected the bad axiom SubClassOf(https://pat.nichd.nih.gov/placentalcelltype/CT.08.05 https://pat.nichd.nih.gov/placentalcelltype/CT.08.04).
[2026-06-27 17:29:37.961] Found 358 possible bad axioms.
[2026-06-27 17:29:37.961] Selected the bad axiom SubClassOf(https://pat.nichd.nih.gov/placentalcelltype/CT.02.05 https://pat.nichd.nih.gov/placentalcelltype/CT.02.04.01).
[2026-06-27 17:29:37.965] Found 357 possible bad axioms.
[2026-06-27 17:29:37.965] Selected the bad axiom SubClassOf(https://pat.nichd.nih.gov/placentalcelltype/CT.05.02.04 https://pat.nichd.nih.gov/placentalcelltype/CT.05.02.02).
[2026-06-27 17:29:37.969] Found 356 possible bad axioms.
[2026-06-27 17:29:37.969] Selected the bad axiom SubClassOf(https://pat.nichd.nih.gov/placentalcelltype/CT.05.02 https://pat.nichd.nih.gov/placentalcelltype/CT.05.01).
[2026-06-27 17:29:37.978] Found 355 possible bad axioms.
[2026-06-27 17:29:37.978] Selected the bad axiom SubClassOf(https://pat.nichd.nih.gov/placentalcelltype/CT.05.02 https://pat.nichd.nih.gov/placentalcelltype/CT.05.03.01).
[2026-06-27 17:29:37.982] Found 354 possible bad axioms.
[2026-06-27 17:29:37.982] Selected the bad axiom SubClassOf(https://pat.nichd.nih.gov/placentalcelltype/CT.02.02 https://pat.nichd.nih.gov/placentalcelltype/CT.02.05.03.04).
[2026-06-27 17:29:37.985] Found 353 possible bad axioms.
[2026-06-27 17:29:37.985] Selected the bad axiom SubClassOf(https://pat.nichd.nih.gov/placentalcelltype/CT.10.03 https://pat.nichd.nih.gov/placentalcel
...[truncated]
SUCCESS: attempt=98 seed=1377519 success_count=77/100
progress: ontology=PATCT attempt=98 success=77/100
----- PATCT attempt=99 seed=1391719 at 2026-06-27 17:30:42 -----
--- stdout ---
{"seed":1391719,"run_id":"20260624134028346645","trial_status":"success","error_type":null,"failure_stage":null,"error_message":null,"iic_values":{"B1_vs_A1":0.9959117805271651,"B1_vs_A2":0.10588235294117647,"B1_vs_A3":0.014317180616740088,"B2_vs_A1":0.9989244420543156,"B2_vs_A2":1.0,"B2_vs_A3":0.7041139240506329,"B3_vs_A1":0.9993636942096173,"B3_vs_A2":0.9215686274509803,"B3_vs_A3":0.6655455904334828,"B4_vs_A1":0.9974391805377721,"B4_vs_A2":1.0,"B4_vs_A3":0.5,"B5_vs_A1":0.9989244420543156,"B5_vs_A2":1.0,"B5_vs_A3":0.7041139240506329,"B6_vs_A1":0.9989244420543156,"B6_vs_A2":1.0,"B6_vs_A3":0.7041139240506329,"B7_vs_A1":0.9961803713527851,"B7_vs_A2":0.5,"B7_vs_A3":0.0,"B8_vs_A1":0.9989244420543156,"B8_vs_A2":1.0,"B8_vs_A3":0.7041139240506329,"B9_vs_A1":0.9989244420543156,"B9_vs_A2":1.0,"B9_vs_A3":0.7041139240506329},"repair_runtimes_ms":{"A1":420,"A2":43807,"A3":583,"B1":1760,"B2":7298,"B3":807,"B4":186,"B5":618,"B6":378,"B7":247,"B8":642,"B9":4706}}

--- stderr ---
SingleTrialExperiment starting: ontology=/workspaces/ontologyutils-ekaw26/repair-power-index-replication-ekaw26/ontologies/inconsistent/PATCT.owl, seed=1391719, run_id=20260624134028346645
Loaded ontology.
Normalizing ontology with SROIQ normalization...
Normalized ontology with SROIQ normalization.
Ontology is already inconsistent, skipping make-inconsistent step.
Repairing with A1 (random-removal)...
[2026-06-27 17:30:43.325] Checking precondition...
[2026-06-27 17:30:43.342] Starting the repair...
[2026-06-27 17:30:43.350] Found 363 possible bad axioms.
[2026-06-27 17:30:43.352] Selected the bad axiom SubClassOf(https://pat.nichd.nih.gov/placentalcelltype/CT.10 https://pat.nichd.nih.gov/placentalcelltype/CT.10.01.01).
[2026-06-27 17:30:43.365] Found 362 possible bad axioms.
[2026-06-27 17:30:43.365] Selected the bad axiom SubClassOf(https://pat.nichd.nih.gov/placentalcelltype/CT.07.02 https://pat.nichd.nih.gov/placentalcelltype/CT.07).
[2026-06-27 17:30:43.371] Found 361 possible bad axioms.
[2026-06-27 17:30:43.371] Selected the bad axiom SubClassOf(https://pat.nichd.nih.gov/placentalcelltype/CT.03.03.06 https://pat.nichd.nih.gov/placentalcelltype/CT.03.03.01).
[2026-06-27 17:30:43.376] Found 360 possible bad axioms.
[2026-06-27 17:30:43.376] Selected the bad axiom SubClassOf(https://pat.nichd.nih.gov/placentalcelltype/CT.03.02.05 https://pat.nichd.nih.gov/placentalcelltype/CT.03.02).
[2026-06-27 17:30:43.382] Found 359 possible bad axioms.
[2026-06-27 17:30:43.383] Selected the bad axiom SubClassOf(https://pat.nichd.nih.gov/placentalcelltype/CT.10.04 https://pat.nichd.nih.gov/placentalcelltype/CT.10).
[2026-06-27 17:30:43.387] Found 358 possible bad axioms.
[2026-06-27 17:30:43.387] Selected the bad axiom SubClassOf(https://pat.nichd.nih.gov/placentalcelltype/CT.02.03 https://pat.nichd.nih.gov/placentalcelltype/CT.02).
[2026-06-27 17:30:43.391] Found 357 possible bad axioms.
[2026-06-27 17:30:43.391] Selected the bad axiom SubClassOf(https://pat.nichd.nih.gov/placentalcelltype/CT.03.01.02 https://pat.nichd.nih.gov/placentalcelltype/CT.03.01.03).
[2026-06-27 17:30:43.396] Found 356 possible bad axioms.
[2026-06-27 17:30:43.396] Selected the bad axiom SubClassOf(https://pat.nichd.nih.gov/placentalcelltype/CT.08 owl:Thing).
[2026-06-27 17:30:43.399] Found 355 possible bad axioms.
[2026-06-27 17:30:43.400] Selected the bad axiom SubClassOf(https://pat.nichd.nih.gov/placentalcelltype/CT.03 owl:Thing).
[2026-06-27 17:30:43.409] Found 354 possible bad axioms.
[2026-06-27 17:30:43.409] Selected the bad axiom SubClassOf(https://pat.nichd.nih.gov/placentalcelltype/CT.06.03.01 https://pat.nichd.nih.gov/placentalcelltype/CT.06.03.02).
[2026-06-27 17:30:43.413] Found 353 possible bad axioms.
[2026-06-27 17:30:43.413] Selected the bad axiom SubClassOf(https://pat.nichd.nih.gov/placentalcelltype/CT.05.02.04 https://pat.nichd.nih.gov/placentalcelltype/CT.05.03.01).
[2026-06-27 17:30:43.422] Found 352 possible bad axioms.
[2026-06-27 17:30:43.422] Selected t
...[truncated]
SUCCESS: attempt=99 seed=1391719 success_count=78/100
progress: ontology=PATCT attempt=99 success=78/100
----- PATCT attempt=100 seed=1405919 at 2026-06-27 17:31:45 -----
--- stdout ---
{"seed":1405919,"run_id":"20260624134028346645","trial_status":"success","error_type":null,"failure_stage":null,"error_message":null,"iic_values":{"B1_vs_A1":0.9985556357980112,"B1_vs_A2":1.0,"B1_vs_A3":0.5,"B2_vs_A1":0.9993685872138911,"B2_vs_A2":1.0,"B2_vs_A3":0.7041139240506329,"B3_vs_A1":0.9988892136802104,"B3_vs_A2":0.10588235294117647,"B3_vs_A3":0.014317180616740088,"B4_vs_A1":0.9985556357980112,"B4_vs_A2":1.0,"B4_vs_A3":0.5,"B5_vs_A1":0.9993685872138911,"B5_vs_A2":1.0,"B5_vs_A3":0.7041139240506329,"B6_vs_A1":0.9993685872138911,"B6_vs_A2":1.0,"B6_vs_A3":0.7041139240506329,"B7_vs_A1":0.9979158223817519,"B7_vs_A2":0.5,"B7_vs_A3":0.0,"B8_vs_A1":0.9993685872138911,"B8_vs_A2":1.0,"B8_vs_A3":0.7041139240506329,"B9_vs_A1":0.9993685872138911,"B9_vs_A2":1.0,"B9_vs_A3":0.7041139240506329},"repair_runtimes_ms":{"A1":460,"A2":44720,"A3":2075,"B1":1068,"B2":1040,"B3":7594,"B4":189,"B5":10278,"B6":355,"B7":241,"B8":663,"B9":678}}

--- stderr ---
SingleTrialExperiment starting: ontology=/workspaces/ontologyutils-ekaw26/repair-power-index-replication-ekaw26/ontologies/inconsistent/PATCT.owl, seed=1405919, run_id=20260624134028346645
Loaded ontology.
Normalizing ontology with SROIQ normalization...
Normalized ontology with SROIQ normalization.
Ontology is already inconsistent, skipping make-inconsistent step.
Repairing with A1 (random-removal)...
[2026-06-27 17:31:46.012] Checking precondition...
[2026-06-27 17:31:46.029] Starting the repair...
[2026-06-27 17:31:46.037] Found 363 possible bad axioms.
[2026-06-27 17:31:46.039] Selected the bad axiom SubClassOf(https://pat.nichd.nih.gov/placentalcelltype/CT.10.02.02 https://pat.nichd.nih.gov/placentalcelltype/CT.10.02).
[2026-06-27 17:31:46.049] Found 362 possible bad axioms.
[2026-06-27 17:31:46.050] Selected the bad axiom SubClassOf(https://pat.nichd.nih.gov/placentalcelltype/CT.04 https://pat.nichd.nih.gov/placentalcelltype/CT.05.02).
[2026-06-27 17:31:46.055] Found 361 possible bad axioms.
[2026-06-27 17:31:46.055] Selected the bad axiom SubClassOf(https://pat.nichd.nih.gov/placentalcelltype/CT.03.03.02 https://pat.nichd.nih.gov/placentalcelltype/CT.03.03.03).
[2026-06-27 17:31:46.060] Found 360 possible bad axioms.
[2026-06-27 17:31:46.060] Selected the bad axiom SubClassOf(https://pat.nichd.nih.gov/placentalcelltype/CT.05.03 https://pat.nichd.nih.gov/placentalcelltype/CT.05.03.02).
[2026-06-27 17:31:46.065] Found 359 possible bad axioms.
[2026-06-27 17:31:46.065] Selected the bad axiom SubClassOf(https://pat.nichd.nih.gov/placentalcelltype/CT.01.03 https://pat.nichd.nih.gov/placentalcelltype/CT.01).
[2026-06-27 17:31:46.070] Found 358 possible bad axioms.
[2026-06-27 17:31:46.070] Selected the bad axiom SubClassOf(https://pat.nichd.nih.gov/placentalcelltype/CT.05 https://pat.nichd.nih.gov/placentalcelltype/CT.10.06).
[2026-06-27 17:31:46.074] Found 357 possible bad axioms.
[2026-06-27 17:31:46.074] Selected the bad axiom SubClassOf(https://pat.nichd.nih.gov/placentalcelltype/CT.03.02.02 https://pat.nichd.nih.gov/placentalcelltype/CT.03.02).
[2026-06-27 17:31:46.078] Found 356 possible bad axioms.
[2026-06-27 17:31:46.078] Selected the bad axiom SubClassOf(https://pat.nichd.nih.gov/placentalcelltype/CT.03.03.06 https://pat.nichd.nih.gov/placentalcelltype/CT.03.03).
[2026-06-27 17:31:46.086] Found 355 possible bad axioms.
[2026-06-27 17:31:46.086] Selected the bad axiom SubClassOf(https://pat.nichd.nih.gov/placentalcelltype/CT.01.01 https://pat.nichd.nih.gov/placentalcelltype/CT.04.03).
[2026-06-27 17:31:46.089] Found 354 possible bad axioms.
[2026-06-27 17:31:46.090] Selected the bad axiom SubClassOf(https://pat.nichd.nih.gov/placentalcelltype/CT.05.02 https://pat.nichd.nih.gov/placentalcelltype/CT.05.03.01).
[2026-06-27 17:31:46.093] Found 353 possible bad axioms.
[2026-06-27 17:31:46.093] Selected the bad axiom SubClassOf(https://pat.nichd.nih.gov/placentalcelltype/CT.04 https://pat.nichd.nih.gov/placentalcelltype/CT.01).
[2026-06-27 1
...[truncated]
SUCCESS: attempt=100 seed=1405919 success_count=79/100
progress: ontology=PATCT attempt=100 success=79/100
----- PATCT attempt=101 seed=1420119 at 2026-06-27 17:32:58 -----
--- stdout ---
{"seed":1420119,"run_id":"20260624134028346645","trial_status":"success","error_type":null,"failure_stage":null,"error_message":null,"iic_values":{"B1_vs_A1":1.0,"B1_vs_A2":0.9262295081967213,"B1_vs_A3":0.9745642958078191,"B2_vs_A1":1.0,"B2_vs_A2":0.9945945945945946,"B2_vs_A3":0.995301487862177,"B3_vs_A1":0.9540785498489426,"B3_vs_A2":0.9966085271317829,"B3_vs_A3":0.9573828027074455,"B4_vs_A1":1.0,"B4_vs_A2":0.9786184210526315,"B4_vs_A3":0.986272439281943,"B5_vs_A1":1.0,"B5_vs_A2":0.9945945945945946,"B5_vs_A3":0.995301487862177,"B6_vs_A1":1.0,"B6_vs_A2":0.9945945945945946,"B6_vs_A3":0.995301487862177,"B7_vs_A1":1.0,"B7_vs_A2":0.9786184210526315,"B7_vs_A3":0.986272439281943,"B8_vs_A1":1.0,"B8_vs_A2":0.9945945945945946,"B8_vs_A3":0.995301487862177,"B9_vs_A1":1.0,"B9_vs_A2":0.9945945945945946,"B9_vs_A3":0.995301487862177},"repair_runtimes_ms":{"A1":171,"A2":44109,"A3":3199,"B1":523,"B2":1268,"B3":825,"B4":205,"B5":6505,"B6":419,"B7":252,"B8":659,"B9":554}}

--- stderr ---
SingleTrialExperiment starting: ontology=/workspaces/ontologyutils-ekaw26/repair-power-index-replication-ekaw26/ontologies/inconsistent/PATCT.owl, seed=1420119, run_id=20260624134028346645
Loaded ontology.
Normalizing ontology with SROIQ normalization...
Normalized ontology with SROIQ normalization.
Ontology is already inconsistent, skipping make-inconsistent step.
Repairing with A1 (random-removal)...
[2026-06-27 17:32:58.942] Checking precondition...
[2026-06-27 17:32:58.959] Starting the repair...
[2026-06-27 17:32:58.967] Found 363 possible bad axioms.
[2026-06-27 17:32:58.968] Selected the bad axiom SubClassOf(https://pat.nichd.nih.gov/placentalcelltype/CT.02.03.01.01 https://pat.nichd.nih.gov/placentalcelltype/CT.02.03.01).
[2026-06-27 17:32:58.980] Found 362 possible bad axioms.
[2026-06-27 17:32:58.980] Selected the bad axiom SubClassOf(https://pat.nichd.nih.gov/placentalcelltype/CT.04.03 https://pat.nichd.nih.gov/placentalcelltype/CT.01.01).
[2026-06-27 17:32:58.986] Found 361 possible bad axioms.
[2026-06-27 17:32:58.986] Selected the bad axiom SubClassOf(https://pat.nichd.nih.gov/placentalcelltype/CT.02.05.02.01.02 https://pat.nichd.nih.gov/placentalcelltype/CT.02.05.02.01.03).
[2026-06-27 17:32:58.991] Found 360 possible bad axioms.
[2026-06-27 17:32:58.991] Selected the bad axiom SubClassOf(https://pat.nichd.nih.gov/placentalcelltype/CT.03.01.02.01 https://pat.nichd.nih.gov/placentalcelltype/CT.03.01.02).
[2026-06-27 17:32:58.996] Found 359 possible bad axioms.
[2026-06-27 17:32:58.997] Selected the bad axiom SubClassOf(https://pat.nichd.nih.gov/placentalcelltype/CT.08.02 https://pat.nichd.nih.gov/placentalcelltype/CT.08.01).
[2026-06-27 17:32:59.002] Found 358 possible bad axioms.
[2026-06-27 17:32:59.002] Selected the bad axiom SubClassOf(https://pat.nichd.nih.gov/placentalcelltype/CT.05.02.06.02 https://pat.nichd.nih.gov/placentalcelltype/CT.05.02.06.01).
[2026-06-27 17:32:59.006] Found 357 possible bad axioms.
[2026-06-27 17:32:59.007] Selected the bad axiom SubClassOf(https://pat.nichd.nih.gov/placentalcelltype/CT.10.06 https://pat.nichd.nih.gov/placentalcelltype/CT.07.04).
[2026-06-27 17:32:59.010] Found 356 possible bad axioms.
[2026-06-27 17:32:59.011] Selected the bad axiom SubClassOf(https://pat.nichd.nih.gov/placentalcelltype/CT.02.04.03 https://pat.nichd.nih.gov/placentalcelltype/CT.02.04).
[2026-06-27 17:32:59.014] Found 355 possible bad axioms.
[2026-06-27 17:32:59.015] Selected the bad axiom SubClassOf(https://pat.nichd.nih.gov/placentalcelltype/CT.07.06 https://pat.nichd.nih.gov/placentalcelltype/CT.07).
[2026-06-27 17:32:59.022] Found 354 possible bad axioms.
[2026-06-27 17:32:59.023] Selected the bad axiom SubClassOf(https://pat.nichd.nih.gov/placentalcelltype/CT.07.05 https://pat.nichd.nih.gov/placentalcelltype/CT.07).
[2026-06-27 17:32:59.025] Found 353 possible bad axioms.
[2026-06-27 17:32:59.026] Selected the bad axiom SubClassOf(https://pat.nichd.nih.gov/placentalcelltype/CT.07.07 https://pat.nichd.nih.gov/pla
...[truncated]
SUCCESS: attempt=101 seed=1420119 success_count=80/100
progress: ontology=PATCT attempt=101 success=80/100
----- PATCT attempt=102 seed=1434319 at 2026-06-27 17:33:58 -----
--- stdout ---
{"seed":1434319,"run_id":"20260624134028346645","trial_status":"success","error_type":null,"failure_stage":null,"error_message":null,"iic_values":{"B1_vs_A1":0.9300196206671026,"B1_vs_A2":1.0,"B1_vs_A3":0.2962962962962963,"B2_vs_A1":1.0,"B2_vs_A2":0.9945945945945946,"B2_vs_A3":0.9968847352024922,"B3_vs_A1":0.9797252234227024,"B3_vs_A2":0.9966085271317829,"B3_vs_A3":1.0,"B4_vs_A1":1.0,"B4_vs_A2":0.9945945945945946,"B4_vs_A3":0.9968847352024922,"B5_vs_A1":1.0,"B5_vs_A2":0.9945945945945946,"B5_vs_A3":0.9968847352024922,"B6_vs_A1":1.0,"B6_vs_A2":0.9945945945945946,"B6_vs_A3":0.9968847352024922,"B7_vs_A1":1.0,"B7_vs_A2":0.9786184210526315,"B7_vs_A3":0.98568281938326,"B8_vs_A1":1.0,"B8_vs_A2":0.9945945945945946,"B8_vs_A3":0.9968847352024922,"B9_vs_A1":1.0,"B9_vs_A2":0.9945945945945946,"B9_vs_A3":0.9968847352024922},"repair_runtimes_ms":{"A1":284,"A2":44709,"A3":608,"B1":526,"B2":7177,"B3":6265,"B4":158,"B5":6720,"B6":426,"B7":355,"B8":8486,"B9":582}}

--- stderr ---
SingleTrialExperiment starting: ontology=/workspaces/ontologyutils-ekaw26/repair-power-index-replication-ekaw26/ontologies/inconsistent/PATCT.owl, seed=1434319, run_id=20260624134028346645
Loaded ontology.
Normalizing ontology with SROIQ normalization...
Normalized ontology with SROIQ normalization.
Ontology is already inconsistent, skipping make-inconsistent step.
Repairing with A1 (random-removal)...
[2026-06-27 17:33:58.852] Checking precondition...
[2026-06-27 17:33:58.869] Starting the repair...
[2026-06-27 17:33:58.876] Found 363 possible bad axioms.
[2026-06-27 17:33:58.878] Selected the bad axiom SubClassOf(https://pat.nichd.nih.gov/placentalcelltype/CT.03.02.01 https://pat.nichd.nih.gov/placentalcelltype/CT.03.02.05).
[2026-06-27 17:33:58.888] Found 362 possible bad axioms.
[2026-06-27 17:33:58.889] Selected the bad axiom SubClassOf(https://pat.nichd.nih.gov/placentalcelltype/CT.05 https://pat.nichd.nih.gov/placentalcelltype/CT.10.06).
[2026-06-27 17:33:58.894] Found 361 possible bad axioms.
[2026-06-27 17:33:58.894] Selected the bad axiom SubClassOf(https://pat.nichd.nih.gov/placentalcelltype/CT.05.05 https://pat.nichd.nih.gov/placentalcelltype/CT.05.01).
[2026-06-27 17:33:58.899] Found 360 possible bad axioms.
[2026-06-27 17:33:58.899] Selected the bad axiom SubClassOf(https://pat.nichd.nih.gov/placentalcelltype/CT.08.05 https://pat.nichd.nih.gov/placentalcelltype/CT.08).
[2026-06-27 17:33:58.903] Found 359 possible bad axioms.
[2026-06-27 17:33:58.903] Selected the bad axiom SubClassOf(https://pat.nichd.nih.gov/placentalcelltype/CT.04.03 https://pat.nichd.nih.gov/placentalcelltype/CT.04).
[2026-06-27 17:33:58.908] Found 358 possible bad axioms.
[2026-06-27 17:33:58.908] Selected the bad axiom SubClassOf(https://pat.nichd.nih.gov/placentalcelltype/CT.05 https://pat.nichd.nih.gov/placentalcelltype/CT.05.04).
[2026-06-27 17:33:58.914] Found 357 possible bad axioms.
[2026-06-27 17:33:58.914] Selected the bad axiom SubClassOf(https://pat.nichd.nih.gov/placentalcelltype/CT.05.01.01.01 https://pat.nichd.nih.gov/placentalcelltype/CT.05.01.01).
[2026-06-27 17:33:58.919] Found 356 possible bad axioms.
[2026-06-27 17:33:58.919] Selected the bad axiom SubClassOf(https://pat.nichd.nih.gov/placentalcelltype/CT.04.03 https://pat.nichd.nih.gov/placentalcelltype/CT.01.01).
[2026-06-27 17:33:58.923] Found 355 possible bad axioms.
[2026-06-27 17:33:58.923] Selected the bad axiom SubClassOf(https://pat.nichd.nih.gov/placentalcelltype/CT.01.01 https://pat.nichd.nih.gov/placentalcelltype/CT.01).
[2026-06-27 17:33:58.931] Found 354 possible bad axioms.
[2026-06-27 17:33:58.932] Selected the bad axiom SubClassOf(https://pat.nichd.nih.gov/placentalcelltype/CT.05.01.03.04 https://pat.nichd.nih.gov/placentalcelltype/CT.05.01.03.01).
[2026-06-27 17:33:58.934] Found 353 possible bad axioms.
[2026-06-27 17:33:58.935] Selected the bad axiom SubClassOf(https://pat.nichd.nih.gov/placentalcelltype/CT.02.03.01 https://pat.nichd.nih.gov/placentalcelltype/CT.02.03.02.02)
...[truncated]
SUCCESS: attempt=102 seed=1434319 success_count=81/100
progress: ontology=PATCT attempt=102 success=81/100
----- PATCT attempt=103 seed=1448519 at 2026-06-27 17:35:16 -----
--- stdout ---
{"seed":1448519,"run_id":"20260624134028346645","trial_status":"success","error_type":null,"failure_stage":null,"error_message":null,"iic_values":{"B1_vs_A1":0.9992414074808893,"B1_vs_A2":1.0,"B1_vs_A3":1.0,"B2_vs_A1":0.9996695125309832,"B2_vs_A2":1.0,"B2_vs_A3":1.0,"B3_vs_A1":1.0,"B3_vs_A2":0.9215686274509803,"B3_vs_A3":0.9215686274509803,"B4_vs_A1":0.9992414074808893,"B4_vs_A2":1.0,"B4_vs_A3":1.0,"B5_vs_A1":0.9996695125309832,"B5_vs_A2":1.0,"B5_vs_A3":1.0,"B6_vs_A1":0.9996695125309832,"B6_vs_A2":1.0,"B6_vs_A3":1.0,"B7_vs_A1":0.9989023720958595,"B7_vs_A2":0.5,"B7_vs_A3":0.5,"B8_vs_A1":0.9996695125309832,"B8_vs_A2":1.0,"B8_vs_A3":1.0,"B9_vs_A1":0.9996695125309832,"B9_vs_A2":1.0,"B9_vs_A3":1.0},"repair_runtimes_ms":{"A1":498,"A2":44357,"A3":581,"B1":527,"B2":1060,"B3":6199,"B4":175,"B5":6596,"B6":579,"B7":354,"B8":991,"B9":6722}}

--- stderr ---
SingleTrialExperiment starting: ontology=/workspaces/ontologyutils-ekaw26/repair-power-index-replication-ekaw26/ontologies/inconsistent/PATCT.owl, seed=1448519, run_id=20260624134028346645
Loaded ontology.
Normalizing ontology with SROIQ normalization...
Normalized ontology with SROIQ normalization.
Ontology is already inconsistent, skipping make-inconsistent step.
Repairing with A1 (random-removal)...
[2026-06-27 17:35:17.223] Checking precondition...
[2026-06-27 17:35:17.240] Starting the repair...
[2026-06-27 17:35:17.248] Found 363 possible bad axioms.
[2026-06-27 17:35:17.250] Selected the bad axiom SubClassOf(https://pat.nichd.nih.gov/placentalcelltype/CT.04 owl:Thing).
[2026-06-27 17:35:17.260] Found 362 possible bad axioms.
[2026-06-27 17:35:17.261] Selected the bad axiom SubClassOf(https://pat.nichd.nih.gov/placentalcelltype/CT.05 https://pat.nichd.nih.gov/placentalcelltype/CT.05.04).
[2026-06-27 17:35:17.267] Found 361 possible bad axioms.
[2026-06-27 17:35:17.268] Selected the bad axiom SubClassOf(https://pat.nichd.nih.gov/placentalcelltype/CT.05.01.03.05.01 https://pat.nichd.nih.gov/placentalcelltype/CT.05.01.03.05).
[2026-06-27 17:35:17.273] Found 360 possible bad axioms.
[2026-06-27 17:35:17.273] Selected the bad axiom SubClassOf(https://pat.nichd.nih.gov/placentalcelltype/CT.05.04 https://pat.nichd.nih.gov/placentalcelltype/CT.05).
[2026-06-27 17:35:17.278] Found 359 possible bad axioms.
[2026-06-27 17:35:17.278] Selected the bad axiom SubClassOf(https://pat.nichd.nih.gov/placentalcelltype/CT.01 https://pat.nichd.nih.gov/placentalcelltype/CT.01.01.02).
[2026-06-27 17:35:17.282] Found 358 possible bad axioms.
[2026-06-27 17:35:17.283] Selected the bad axiom SubClassOf(https://pat.nichd.nih.gov/placentalcelltype/CT.06.01.01 https://pat.nichd.nih.gov/placentalcelltype/CT.06.02).
[2026-06-27 17:35:17.287] Found 357 possible bad axioms.
[2026-06-27 17:35:17.287] Selected the bad axiom SubClassOf(https://pat.nichd.nih.gov/placentalcelltype/CT.02.05 https://pat.nichd.nih.gov/placentalcelltype/CT.02.04).
[2026-06-27 17:35:17.291] Found 356 possible bad axioms.
[2026-06-27 17:35:17.291] Selected the bad axiom SubClassOf(https://pat.nichd.nih.gov/placentalcelltype/CT.03.02.04 https://pat.nichd.nih.gov/placentalcelltype/CT.03.02).
[2026-06-27 17:35:17.295] Found 355 possible bad axioms.
[2026-06-27 17:35:17.295] Selected the bad axiom SubClassOf(https://pat.nichd.nih.gov/placentalcelltype/CT.10 https://pat.nichd.nih.gov/placentalcelltype/CT.10.01.01).
[2026-06-27 17:35:17.303] Found 354 possible bad axioms.
[2026-06-27 17:35:17.303] Selected the bad axiom SubClassOf(https://pat.nichd.nih.gov/placentalcelltype/CT.06.02.02 https://pat.nichd.nih.gov/placentalcelltype/CT.06.02).
[2026-06-27 17:35:17.306] Found 353 possible bad axioms.
[2026-06-27 17:35:17.307] Selected the bad axiom SubClassOf(https://pat.nichd.nih.gov/placentalcelltype/CT.10 owl:Nothing).
[2026-06-27 17:35:17.315] Found 352 possible bad axioms.
[2026-06-27 17:35:17.315] Selected
...[truncated]
SUCCESS: attempt=103 seed=1448519 success_count=82/100
progress: ontology=PATCT attempt=103 success=82/100
----- PATCT attempt=104 seed=1462719 at 2026-06-27 17:36:27 -----
--- stdout ---
{"seed":1462719,"run_id":"20260624134028346645","trial_status":"success","error_type":null,"failure_stage":null,"error_message":null,"iic_values":{"B1_vs_A1":0.9703876875121761,"B1_vs_A2":0.5,"B1_vs_A3":0.5,"B2_vs_A1":1.0,"B2_vs_A2":0.9968847352024922,"B2_vs_A3":0.9968847352024922,"B3_vs_A1":0.9779742066367193,"B3_vs_A2":1.0,"B3_vs_A3":1.0,"B4_vs_A1":1.0,"B4_vs_A2":0.98568281938326,"B4_vs_A3":0.98568281938326,"B5_vs_A1":1.0,"B5_vs_A2":0.9968847352024922,"B5_vs_A3":0.9968847352024922,"B6_vs_A1":1.0,"B6_vs_A2":0.9968847352024922,"B6_vs_A3":0.9968847352024922,"B7_vs_A1":1.0,"B7_vs_A2":0.8941176470588236,"B7_vs_A3":0.8941176470588236,"B8_vs_A1":1.0,"B8_vs_A2":0.9968847352024922,"B8_vs_A3":0.9968847352024922,"B9_vs_A1":1.0,"B9_vs_A2":0.9968847352024922,"B9_vs_A3":0.9968847352024922},"repair_runtimes_ms":{"A1":358,"A2":43870,"A3":1448,"B1":527,"B2":1120,"B3":820,"B4":168,"B5":500,"B6":321,"B7":311,"B8":786,"B9":6100}}

--- stderr ---
SingleTrialExperiment starting: ontology=/workspaces/ontologyutils-ekaw26/repair-power-index-replication-ekaw26/ontologies/inconsistent/PATCT.owl, seed=1462719, run_id=20260624134028346645
Loaded ontology.
Normalizing ontology with SROIQ normalization...
Normalized ontology with SROIQ normalization.
Ontology is already inconsistent, skipping make-inconsistent step.
Repairing with A1 (random-removal)...
[2026-06-27 17:36:28.096] Checking precondition...
[2026-06-27 17:36:28.114] Starting the repair...
[2026-06-27 17:36:28.122] Found 363 possible bad axioms.
[2026-06-27 17:36:28.124] Selected the bad axiom SubClassOf(https://pat.nichd.nih.gov/placentalcelltype/CT.03.01.03 https://pat.nichd.nih.gov/placentalcelltype/CT.03.01).
[2026-06-27 17:36:28.135] Found 362 possible bad axioms.
[2026-06-27 17:36:28.135] Selected the bad axiom SubClassOf(https://pat.nichd.nih.gov/placentalcelltype/CT.06.01.01 https://pat.nichd.nih.gov/placentalcelltype/CT.06.01).
[2026-06-27 17:36:28.141] Found 361 possible bad axioms.
[2026-06-27 17:36:28.141] Selected the bad axiom SubClassOf(https://pat.nichd.nih.gov/placentalcelltype/CT.02.03.02 https://pat.nichd.nih.gov/placentalcelltype/CT.02.03.01.02).
[2026-06-27 17:36:28.146] Found 360 possible bad axioms.
[2026-06-27 17:36:28.146] Selected the bad axiom SubClassOf(https://pat.nichd.nih.gov/placentalcelltype/CT.02.05 https://pat.nichd.nih.gov/placentalcelltype/CT.02.05.02).
[2026-06-27 17:36:28.151] Found 359 possible bad axioms.
[2026-06-27 17:36:28.151] Selected the bad axiom SubClassOf(https://pat.nichd.nih.gov/placentalcelltype/CT.05.02 https://pat.nichd.nih.gov/placentalcelltype/CT.05.03.02).
[2026-06-27 17:36:28.156] Found 358 possible bad axioms.
[2026-06-27 17:36:28.157] Selected the bad axiom SubClassOf(https://pat.nichd.nih.gov/placentalcelltype/CT.02.05.03.03 https://pat.nichd.nih.gov/placentalcelltype/CT.02.05.03).
[2026-06-27 17:36:28.161] Found 357 possible bad axioms.
[2026-06-27 17:36:28.162] Selected the bad axiom SubClassOf(https://pat.nichd.nih.gov/placentalcelltype/CT.05.02.06.02.04 https://pat.nichd.nih.gov/placentalcelltype/CT.05.02.06.02.03).
[2026-06-27 17:36:28.165] Found 356 possible bad axioms.
[2026-06-27 17:36:28.166] Selected the bad axiom SubClassOf(https://pat.nichd.nih.gov/placentalcelltype/CT.02.04 https://pat.nichd.nih.gov/placentalcelltype/CT.02.02).
[2026-06-27 17:36:28.170] Found 355 possible bad axioms.
[2026-06-27 17:36:28.170] Selected the bad axiom SubClassOf(https://pat.nichd.nih.gov/placentalcelltype/CT.05.02.05 https://pat.nichd.nih.gov/placentalcelltype/CT.05.02).
[2026-06-27 17:36:28.178] Found 354 possible bad axioms.
[2026-06-27 17:36:28.178] Selected the bad axiom SubClassOf(https://pat.nichd.nih.gov/placentalcelltype/CT.03.03.04 https://pat.nichd.nih.gov/placentalcelltype/CT.03.03.03).
[2026-06-27 17:36:28.182] Found 353 possible bad axioms.
[2026-06-27 17:36:28.182] Selected the bad axiom SubClassOf(https://pat.nichd.nih.gov/placentalcelltype/CT.02.05.02 https://pat.ni
...[truncated]
SUCCESS: attempt=104 seed=1462719 success_count=83/100
progress: ontology=PATCT attempt=104 success=83/100
----- PATCT attempt=105 seed=1476919 at 2026-06-27 17:37:25 -----
--- stdout ---
{"seed":1476919,"run_id":"20260624134028346645","trial_status":"success","error_type":null,"failure_stage":null,"error_message":null,"iic_values":{"B1_vs_A1":0.999079142579424,"B1_vs_A2":0.9262295081967213,"B1_vs_A3":0.8494208494208494,"B2_vs_A1":1.0,"B2_vs_A2":0.940625,"B2_vs_A3":0.8184357541899442,"B3_vs_A1":1.0,"B3_vs_A2":0.940625,"B3_vs_A3":0.8184357541899442,"B4_vs_A1":0.999079142579424,"B4_vs_A2":0.9262295081967213,"B4_vs_A3":0.8494208494208494,"B5_vs_A1":0.9997183495282355,"B5_vs_A2":0.9945945945945946,"B5_vs_A3":0.983739837398374,"B6_vs_A1":0.9997183495282355,"B6_vs_A2":0.9945945945945946,"B6_vs_A3":0.983739837398374,"B7_vs_A1":0.9997183495282355,"B7_vs_A2":0.9945945945945946,"B7_vs_A3":0.983739837398374,"B8_vs_A1":0.9997183495282355,"B8_vs_A2":0.9945945945945946,"B8_vs_A3":0.983739837398374,"B9_vs_A1":0.9997183495282355,"B9_vs_A2":0.9945945945945946,"B9_vs_A3":0.983739837398374},"repair_runtimes_ms":{"A1":537,"A2":44699,"A3":600,"B1":562,"B2":11768,"B3":7794,"B4":202,"B5":1161,"B6":4778,"B7":334,"B8":603,"B9":586}}

--- stderr ---
SingleTrialExperiment starting: ontology=/workspaces/ontologyutils-ekaw26/repair-power-index-replication-ekaw26/ontologies/inconsistent/PATCT.owl, seed=1476919, run_id=20260624134028346645
Loaded ontology.
Normalizing ontology with SROIQ normalization...
Normalized ontology with SROIQ normalization.
Ontology is already inconsistent, skipping make-inconsistent step.
Repairing with A1 (random-removal)...
[2026-06-27 17:37:25.618] Checking precondition...
[2026-06-27 17:37:25.634] Starting the repair...
[2026-06-27 17:37:25.642] Found 363 possible bad axioms.
[2026-06-27 17:37:25.644] Selected the bad axiom SubClassOf(https://pat.nichd.nih.gov/placentalcelltype/CT.02.03.02.02 https://pat.nichd.nih.gov/placentalcelltype/CT.02.03.02).
[2026-06-27 17:37:25.655] Found 362 possible bad axioms.
[2026-06-27 17:37:25.655] Selected the bad axiom SubClassOf(https://pat.nichd.nih.gov/placentalcelltype/CT.05.02 https://pat.nichd.nih.gov/placentalcelltype/CT.05.01).
[2026-06-27 17:37:25.661] Found 361 possible bad axioms.
[2026-06-27 17:37:25.661] Selected the bad axiom SubClassOf(https://pat.nichd.nih.gov/placentalcelltype/CT.02.03.01 https://pat.nichd.nih.gov/placentalcelltype/CT.02.03.02.02).
[2026-06-27 17:37:25.667] Found 360 possible bad axioms.
[2026-06-27 17:37:25.667] Selected the bad axiom SubClassOf(https://pat.nichd.nih.gov/placentalcelltype/CT.01.01.02 https://pat.nichd.nih.gov/placentalcelltype/CT.01.01).
[2026-06-27 17:37:25.672] Found 359 possible bad axioms.
[2026-06-27 17:37:25.672] Selected the bad axiom SubClassOf(https://pat.nichd.nih.gov/placentalcelltype/CT.03.02.02 https://pat.nichd.nih.gov/placentalcelltype/CT.03.01.02.02).
[2026-06-27 17:37:25.676] Found 358 possible bad axioms.
[2026-06-27 17:37:25.677] Selected the bad axiom SubClassOf(https://pat.nichd.nih.gov/placentalcelltype/CT.02.04 https://pat.nichd.nih.gov/placentalcelltype/CT.02.02).
[2026-06-27 17:37:25.681] Found 357 possible bad axioms.
[2026-06-27 17:37:25.681] Selected the bad axiom SubClassOf(https://pat.nichd.nih.gov/placentalcelltype/CT.04.03 https://pat.nichd.nih.gov/placentalcelltype/CT.01.01).
[2026-06-27 17:37:25.685] Found 356 possible bad axioms.
[2026-06-27 17:37:25.685] Selected the bad axiom SubClassOf(https://pat.nichd.nih.gov/placentalcelltype/CT.10.04 https://pat.nichd.nih.gov/placentalcelltype/CT.07.03).
[2026-06-27 17:37:25.689] Found 355 possible bad axioms.
[2026-06-27 17:37:25.689] Selected the bad axiom SubClassOf(https://pat.nichd.nih.gov/placentalcelltype/CT.05.02.06 https://pat.nichd.nih.gov/placentalcelltype/CT.05.02).
[2026-06-27 17:37:25.698] Found 354 possible bad axioms.
[2026-06-27 17:37:25.698] Selected the bad axiom SubClassOf(https://pat.nichd.nih.gov/placentalcelltype/CT.02.05 https://pat.nichd.nih.gov/placentalcelltype/CT.02.03.01).
[2026-06-27 17:37:25.702] Found 353 possible bad axioms.
[2026-06-27 17:37:25.702] Selected the bad axiom SubClassOf(https://pat.nichd.nih.gov/placentalcelltype/CT.02.04 https://pat.nichd.nih.gov/placentalcel
...[truncated]
SUCCESS: attempt=105 seed=1476919 success_count=84/100
progress: ontology=PATCT attempt=105 success=84/100
----- PATCT attempt=106 seed=1491119 at 2026-06-27 17:38:44 -----
--- stdout ---
{"seed":1491119,"run_id":"20260624134028346645","trial_status":"success","error_type":null,"failure_stage":null,"error_message":null,"iic_values":{"B1_vs_A1":0.9877704609595485,"B1_vs_A2":0.98568281938326,"B1_vs_A3":0.2958860759493671,"B2_vs_A1":0.9845528455284552,"B2_vs_A2":0.5,"B2_vs_A3":0.003115264797507788,"B3_vs_A1":0.9976462676529926,"B3_vs_A2":1.0,"B3_vs_A3":0.0379746835443038,"B4_vs_A1":0.9742489270386266,"B4_vs_A2":0.8941176470588236,"B4_vs_A3":0.0,"B5_vs_A1":0.9961661341853035,"B5_vs_A2":0.9968847352024922,"B5_vs_A3":0.5,"B6_vs_A1":0.9961661341853035,"B6_vs_A2":0.9968847352024922,"B6_vs_A3":0.5,"B7_vs_A1":0.9877704609595485,"B7_vs_A2":0.98568281938326,"B7_vs_A3":0.2958860759493671,"B8_vs_A1":0.9961661341853035,"B8_vs_A2":0.9968847352024922,"B8_vs_A3":0.5,"B9_vs_A1":0.9961661341853035,"B9_vs_A2":0.9968847352024922,"B9_vs_A3":0.5},"repair_runtimes_ms":{"A1":174,"A2":44433,"A3":1146,"B1":1102,"B2":12042,"B3":886,"B4":162,"B5":423,"B6":301,"B7":245,"B8":541,"B9":6914}}

--- stderr ---
SingleTrialExperiment starting: ontology=/workspaces/ontologyutils-ekaw26/repair-power-index-replication-ekaw26/ontologies/inconsistent/PATCT.owl, seed=1491119, run_id=20260624134028346645
Loaded ontology.
Normalizing ontology with SROIQ normalization...
Normalized ontology with SROIQ normalization.
Ontology is already inconsistent, skipping make-inconsistent step.
Repairing with A1 (random-removal)...
[2026-06-27 17:38:44.898] Checking precondition...
[2026-06-27 17:38:44.913] Starting the repair...
[2026-06-27 17:38:44.921] Found 363 possible bad axioms.
[2026-06-27 17:38:44.923] Selected the bad axiom SubClassOf(https://pat.nichd.nih.gov/placentalcelltype/CT.02.05.02 https://pat.nichd.nih.gov/placentalcelltype/CT.02.05.01).
[2026-06-27 17:38:44.934] Found 362 possible bad axioms.
[2026-06-27 17:38:44.934] Selected the bad axiom SubClassOf(https://pat.nichd.nih.gov/placentalcelltype/CT.02.01 https://pat.nichd.nih.gov/placentalcelltype/CT.02.05.02).
[2026-06-27 17:38:44.940] Found 361 possible bad axioms.
[2026-06-27 17:38:44.940] Selected the bad axiom SubClassOf(https://pat.nichd.nih.gov/placentalcelltype/CT.05.02.03 https://pat.nichd.nih.gov/placentalcelltype/CT.05.02).
[2026-06-27 17:38:44.946] Found 360 possible bad axioms.
[2026-06-27 17:38:44.946] Selected the bad axiom SubClassOf(https://pat.nichd.nih.gov/placentalcelltype/CT.03.03.03 https://pat.nichd.nih.gov/placentalcelltype/CT.03.03).
[2026-06-27 17:38:44.951] Found 359 possible bad axioms.
[2026-06-27 17:38:44.952] Selected the bad axiom SubClassOf(https://pat.nichd.nih.gov/placentalcelltype/CT.05.02.06.02.04 https://pat.nichd.nih.gov/placentalcelltype/CT.05.02.06.02.02).
[2026-06-27 17:38:44.956] Found 358 possible bad axioms.
[2026-06-27 17:38:44.957] Selected the bad axiom SubClassOf(https://pat.nichd.nih.gov/placentalcelltype/CT.05.01.03.03 https://pat.nichd.nih.gov/placentalcelltype/CT.05.01.03.07).
[2026-06-27 17:38:44.961] Found 357 possible bad axioms.
[2026-06-27 17:38:44.961] Selected the bad axiom SubClassOf(https://pat.nichd.nih.gov/placentalcelltype/CT.05.01 https://pat.nichd.nih.gov/placentalcelltype/CT.05.05).
[2026-06-27 17:38:44.965] Found 356 possible bad axioms.
[2026-06-27 17:38:44.966] Selected the bad axiom SubClassOf(https://pat.nichd.nih.gov/placentalcelltype/CT.06.01.03 https://pat.nichd.nih.gov/placentalcelltype/CT.06.03).
[2026-06-27 17:38:44.975] Found 355 possible bad axioms.
[2026-06-27 17:38:44.975] Selected the bad axiom SubClassOf(https://pat.nichd.nih.gov/placentalcelltype/CT.10.02 https://pat.nichd.nih.gov/placentalcelltype/CT.10.01).
[2026-06-27 17:38:44.978] Found 354 possible bad axioms.
[2026-06-27 17:38:44.979] Selected the bad axiom SubClassOf(https://pat.nichd.nih.gov/placentalcelltype/CT.04.02 https://pat.nichd.nih.gov/placentalcelltype/CT.04).
[2026-06-27 17:38:44.982] Found 353 possible bad axioms.
[2026-06-27 17:38:44.982] Selected the bad axiom SubClassOf(https://pat.nichd.nih.gov/placentalcelltype/CT.05.01.01.02 https://pat.nichd.nih.g
...[truncated]
SUCCESS: attempt=106 seed=1491119 success_count=85/100
progress: ontology=PATCT attempt=106 success=85/100
----- PATCT attempt=107 seed=1505319 at 2026-06-27 17:39:54 -----
--- stdout ---
{"seed":1505319,"run_id":"20260624134028346645","trial_status":"success","error_type":null,"failure_stage":null,"error_message":null,"iic_values":{"B1_vs_A1":1.0,"B1_vs_A2":1.0,"B1_vs_A3":0.7041019514137794,"B2_vs_A1":0.9971112181030333,"B2_vs_A2":0.9968847352024922,"B2_vs_A3":0.7193705507680779,"B3_vs_A1":1.0,"B3_vs_A2":0.5,"B3_vs_A3":0.0,"B4_vs_A1":0.987724268177526,"B4_vs_A2":0.98568281938326,"B4_vs_A3":0.9212121212121213,"B5_vs_A1":0.9971112181030333,"B5_vs_A2":0.9968847352024922,"B5_vs_A3":0.7193705507680779,"B6_vs_A1":0.9971112181030333,"B6_vs_A2":0.9968847352024922,"B6_vs_A3":0.7193705507680779,"B7_vs_A1":0.987724268177526,"B7_vs_A2":0.98568281938326,"B7_vs_A3":0.9212121212121213,"B8_vs_A1":0.9971112181030333,"B8_vs_A2":0.9968847352024922,"B8_vs_A3":0.7193705507680779,"B9_vs_A1":0.9971112181030333,"B9_vs_A2":0.9968847352024922,"B9_vs_A3":0.7193705507680779},"repair_runtimes_ms":{"A1":111,"A2":44106,"A3":590,"B1":519,"B2":1006,"B3":7616,"B4":154,"B5":423,"B6":294,"B7":302,"B8":529,"B9":4220}}

--- stderr ---
SingleTrialExperiment starting: ontology=/workspaces/ontologyutils-ekaw26/repair-power-index-replication-ekaw26/ontologies/inconsistent/PATCT.owl, seed=1505319, run_id=20260624134028346645
Loaded ontology.
Normalizing ontology with SROIQ normalization...
Normalized ontology with SROIQ normalization.
Ontology is already inconsistent, skipping make-inconsistent step.
Repairing with A1 (random-removal)...
[2026-06-27 17:39:54.959] Checking precondition...
[2026-06-27 17:39:54.974] Starting the repair...
[2026-06-27 17:39:54.983] Found 363 possible bad axioms.
[2026-06-27 17:39:54.985] Selected the bad axiom SubClassOf(https://pat.nichd.nih.gov/placentalcelltype/CT.02.05.03.04 https://pat.nichd.nih.gov/placentalcelltype/CT.02.05.03).
[2026-06-27 17:39:54.995] Found 362 possible bad axioms.
[2026-06-27 17:39:54.995] Selected the bad axiom SubClassOf(https://pat.nichd.nih.gov/placentalcelltype/CT.05.03 https://pat.nichd.nih.gov/placentalcelltype/CT.05.04).
[2026-06-27 17:39:55.000] Found 361 possible bad axioms.
[2026-06-27 17:39:55.001] Selected the bad axiom SubClassOf(https://pat.nichd.nih.gov/placentalcelltype/CT.10 https://pat.nichd.nih.gov/placentalcelltype/CT.10.01.01).
[2026-06-27 17:39:55.005] Found 360 possible bad axioms.
[2026-06-27 17:39:55.006] Selected the bad axiom SubClassOf(https://pat.nichd.nih.gov/placentalcelltype/CT.01.03 https://pat.nichd.nih.gov/placentalcelltype/CT.04.02).
[2026-06-27 17:39:55.011] Found 359 possible bad axioms.
[2026-06-27 17:39:55.011] Selected the bad axiom SubClassOf(https://pat.nichd.nih.gov/placentalcelltype/CT.03.01.01 https://pat.nichd.nih.gov/placentalcelltype/CT.03.01.02).
[2026-06-27 17:39:55.016] Found 358 possible bad axioms.
[2026-06-27 17:39:55.016] Selected the bad axiom SubClassOf(https://pat.nichd.nih.gov/placentalcelltype/CT.05.03.01 https://pat.nichd.nih.gov/placentalcelltype/CT.05.03).
[2026-06-27 17:39:55.020] Found 357 possible bad axioms.
[2026-06-27 17:39:55.020] Selected the bad axiom SubClassOf(https://pat.nichd.nih.gov/placentalcelltype/CT.03.03.05 https://pat.nichd.nih.gov/placentalcelltype/CT.03.03.01).
[2026-06-27 17:39:55.024] Found 356 possible bad axioms.
[2026-06-27 17:39:55.024] Selected the bad axiom SubClassOf(https://pat.nichd.nih.gov/placentalcelltype/CT.07.04 https://pat.nichd.nih.gov/placentalcelltype/CT.03.01.02.01).
[2026-06-27 17:39:55.033] Found 355 possible bad axioms.
[2026-06-27 17:39:55.033] Selected the bad axiom SubClassOf(https://pat.nichd.nih.gov/placentalcelltype/CT.04.02 https://pat.nichd.nih.gov/placentalcelltype/CT.04).
[2026-06-27 17:39:55.037] Found 354 possible bad axioms.
[2026-06-27 17:39:55.037] Selected the bad axiom SubClassOf(https://pat.nichd.nih.gov/placentalcelltype/CT.05 https://pat.nichd.nih.gov/placentalcelltype/CT.05.04).
[2026-06-27 17:39:55.040] Found 353 possible bad axioms.
[2026-06-27 17:39:55.040] Selected the bad axiom SubClassOf(https://pat.nichd.nih.gov/placentalcelltype/CT.02.05.02.02 https://pat.nichd.nih.gov/placentalcelltype/
...[truncated]
SUCCESS: attempt=107 seed=1505319 success_count=86/100
progress: ontology=PATCT attempt=107 success=86/100
----- PATCT attempt=108 seed=1519519 at 2026-06-27 17:40:56 -----
--- stdout ---
{"seed":1519519,"run_id":"20260624134028346645","trial_status":"success","error_type":null,"failure_stage":null,"error_message":null,"iic_values":{"B1_vs_A1":0.985266077309759,"B1_vs_A2":0.5,"B1_vs_A3":0.5,"B2_vs_A1":1.0,"B2_vs_A2":1.0,"B2_vs_A3":1.0,"B3_vs_A1":0.986539490105188,"B3_vs_A2":0.059375,"B3_vs_A3":0.059375,"B4_vs_A1":0.9984166080225193,"B4_vs_A2":0.8941176470588236,"B4_vs_A3":0.8941176470588236,"B5_vs_A1":0.9995428223102713,"B5_vs_A2":0.9968847352024922,"B5_vs_A3":0.9968847352024922,"B6_vs_A1":0.9995428223102713,"B6_vs_A2":0.9968847352024922,"B6_vs_A3":0.9968847352024922,"B7_vs_A1":0.9995428223102713,"B7_vs_A2":0.9968847352024922,"B7_vs_A3":0.9968847352024922,"B8_vs_A1":0.9995428223102713,"B8_vs_A2":0.9968847352024922,"B8_vs_A3":0.9968847352024922,"B9_vs_A1":0.9995428223102713,"B9_vs_A2":0.9968847352024922,"B9_vs_A3":0.9968847352024922},"repair_runtimes_ms":{"A1":370,"A2":44280,"A3":1453,"B1":1128,"B2":10396,"B3":7763,"B4":187,"B5":710,"B6":749,"B7":271,"B8":7197,"B9":445}}

--- stderr ---
SingleTrialExperiment starting: ontology=/workspaces/ontologyutils-ekaw26/repair-power-index-replication-ekaw26/ontologies/inconsistent/PATCT.owl, seed=1519519, run_id=20260624134028346645
Loaded ontology.
Normalizing ontology with SROIQ normalization...
Normalized ontology with SROIQ normalization.
Ontology is already inconsistent, skipping make-inconsistent step.
Repairing with A1 (random-removal)...
[2026-06-27 17:40:56.801] Checking precondition...
[2026-06-27 17:40:56.817] Starting the repair...
[2026-06-27 17:40:56.825] Found 363 possible bad axioms.
[2026-06-27 17:40:56.827] Selected the bad axiom SubClassOf(https://pat.nichd.nih.gov/placentalcelltype/CT.05.02.06 https://pat.nichd.nih.gov/placentalcelltype/CT.05.02.06.01).
[2026-06-27 17:40:56.837] Found 362 possible bad axioms.
[2026-06-27 17:40:56.837] Selected the bad axiom SubClassOf(https://pat.nichd.nih.gov/placentalcelltype/CT.03 https://pat.nichd.nih.gov/placentalcelltype/CT.03.01.03).
[2026-06-27 17:40:56.843] Found 361 possible bad axioms.
[2026-06-27 17:40:56.843] Selected the bad axiom SubClassOf(https://pat.nichd.nih.gov/placentalcelltype/CT.10 https://pat.nichd.nih.gov/placentalcelltype/CT.10.01.02).
[2026-06-27 17:40:56.848] Found 360 possible bad axioms.
[2026-06-27 17:40:56.848] Selected the bad axiom SubClassOf(https://pat.nichd.nih.gov/placentalcelltype/CT.03.02.04 https://pat.nichd.nih.gov/placentalcelltype/CT.03.01.02.03).
[2026-06-27 17:40:56.853] Found 359 possible bad axioms.
[2026-06-27 17:40:56.854] Selected the bad axiom SubClassOf(https://pat.nichd.nih.gov/placentalcelltype/CT.02.05.02.01.03 https://pat.nichd.nih.gov/placentalcelltype/CT.02.05.02.01).
[2026-06-27 17:40:56.858] Found 358 possible bad axioms.
[2026-06-27 17:40:56.858] Selected the bad axiom SubClassOf(https://pat.nichd.nih.gov/placentalcelltype/CT.05.01.03.07 https://pat.nichd.nih.gov/placentalcelltype/CT.05.01.03).
[2026-06-27 17:40:56.862] Found 357 possible bad axioms.
[2026-06-27 17:40:56.863] Selected the bad axiom SubClassOf(https://pat.nichd.nih.gov/placentalcelltype/CT.02.01 https://pat.nichd.nih.gov/placentalcelltype/CT.02).
[2026-06-27 17:40:56.866] Found 356 possible bad axioms.
[2026-06-27 17:40:56.867] Selected the bad axiom SubClassOf(https://pat.nichd.nih.gov/placentalcelltype/CT.02.05.02.03 https://pat.nichd.nih.gov/placentalcelltype/CT.02.05.02).
[2026-06-27 17:40:56.870] Found 355 possible bad axioms.
[2026-06-27 17:40:56.870] Selected the bad axiom SubClassOf(https://pat.nichd.nih.gov/placentalcelltype/CT.04 https://pat.nichd.nih.gov/placentalcelltype/CT.05.02).
[2026-06-27 17:40:56.880] Found 354 possible bad axioms.
[2026-06-27 17:40:56.880] Selected the bad axiom SubClassOf(https://pat.nichd.nih.gov/placentalcelltype/CT.04.02 https://pat.nichd.nih.gov/placentalcelltype/CT.04).
[2026-06-27 17:40:56.883] Found 353 possible bad axioms.
[2026-06-27 17:40:56.883] Selected the bad axiom SubClassOf(https://pat.nichd.nih.gov/placentalcelltype/CT.05.01.03.06 https://pat.nichd.nih.gov/
...[truncated]
SUCCESS: attempt=108 seed=1519519 success_count=87/100
progress: ontology=PATCT attempt=108 success=87/100
----- PATCT attempt=109 seed=1533719 at 2026-06-27 17:42:17 -----
--- stdout ---
{"seed":1533719,"run_id":"20260624134028346645","trial_status":"success","error_type":null,"failure_stage":null,"error_message":null,"iic_values":{"B1_vs_A1":0.41494845360824745,"B1_vs_A2":0.038135593220338986,"B1_vs_A3":0.010743801652892562,"B2_vs_A1":1.0,"B2_vs_A2":1.0,"B2_vs_A3":0.7041139240506329,"B3_vs_A1":0.9322033898305084,"B3_vs_A2":0.9215686274509803,"B3_vs_A3":0.6655455904334828,"B4_vs_A1":1.0,"B4_vs_A2":1.0,"B4_vs_A3":0.5,"B5_vs_A1":1.0,"B5_vs_A2":1.0,"B5_vs_A3":0.7041139240506329,"B6_vs_A1":1.0,"B6_vs_A2":1.0,"B6_vs_A3":0.7041139240506329,"B7_vs_A1":1.0,"B7_vs_A2":1.0,"B7_vs_A3":0.5,"B8_vs_A1":1.0,"B8_vs_A2":1.0,"B8_vs_A3":0.7041139240506329,"B9_vs_A1":1.0,"B9_vs_A2":1.0,"B9_vs_A3":0.7041139240506329},"repair_runtimes_ms":{"A1":117,"A2":44448,"A3":1102,"B1":4068,"B2":1063,"B3":6164,"B4":186,"B5":442,"B6":431,"B7":239,"B8":520,"B9":565}}

--- stderr ---
SingleTrialExperiment starting: ontology=/workspaces/ontologyutils-ekaw26/repair-power-index-replication-ekaw26/ontologies/inconsistent/PATCT.owl, seed=1533719, run_id=20260624134028346645
Loaded ontology.
Normalizing ontology with SROIQ normalization...
Normalized ontology with SROIQ normalization.
Ontology is already inconsistent, skipping make-inconsistent step.
Repairing with A1 (random-removal)...
[2026-06-27 17:42:18.292] Checking precondition...
[2026-06-27 17:42:18.308] Starting the repair...
[2026-06-27 17:42:18.315] Found 363 possible bad axioms.
[2026-06-27 17:42:18.318] Selected the bad axiom SubClassOf(https://pat.nichd.nih.gov/placentalcelltype/CT.10.06 https://pat.nichd.nih.gov/placentalcelltype/CT.07.04).
[2026-06-27 17:42:18.328] Found 362 possible bad axioms.
[2026-06-27 17:42:18.329] Selected the bad axiom SubClassOf(https://pat.nichd.nih.gov/placentalcelltype/CT.07.03 https://pat.nichd.nih.gov/placentalcelltype/CT.10.03).
[2026-06-27 17:42:18.334] Found 361 possible bad axioms.
[2026-06-27 17:42:18.334] Selected the bad axiom SubClassOf(https://pat.nichd.nih.gov/placentalcelltype/CT.02.04.02 https://pat.nichd.nih.gov/placentalcelltype/CT.02.05.02.03).
[2026-06-27 17:42:18.340] Found 360 possible bad axioms.
[2026-06-27 17:42:18.340] Selected the bad axiom SubClassOf(https://pat.nichd.nih.gov/placentalcelltype/CT.04.03 https://pat.nichd.nih.gov/placentalcelltype/CT.04.02).
[2026-06-27 17:42:18.345] Found 359 possible bad axioms.
[2026-06-27 17:42:18.345] Selected the bad axiom SubClassOf(https://pat.nichd.nih.gov/placentalcelltype/CT.05.01.03.06 https://pat.nichd.nih.gov/placentalcelltype/CT.05.01.03.04).
[2026-06-27 17:42:18.350] Found 358 possible bad axioms.
[2026-06-27 17:42:18.350] Selected the bad axiom SubClassOf(https://pat.nichd.nih.gov/placentalcelltype/CT.03.02 https://pat.nichd.nih.gov/placentalcelltype/CT.03.01.02.03).
[2026-06-27 17:42:18.354] Found 357 possible bad axioms.
[2026-06-27 17:42:18.355] Selected the bad axiom SubClassOf(https://pat.nichd.nih.gov/placentalcelltype/CT.06.01.03 https://pat.nichd.nih.gov/placentalcelltype/CT.06.03).
[2026-06-27 17:42:18.358] Found 356 possible bad axioms.
[2026-06-27 17:42:18.359] Selected the bad axiom SubClassOf(https://pat.nichd.nih.gov/placentalcelltype/CT.02.05 https://pat.nichd.nih.gov/placentalcelltype/CT.02.04).
[2026-06-27 17:42:18.363] Found 355 possible bad axioms.
[2026-06-27 17:42:18.367] Selected the bad axiom SubClassOf(https://pat.nichd.nih.gov/placentalcelltype/CT.02.05.02.02.02 https://pat.nichd.nih.gov/placentalcelltype/CT.02.05.02.02.01).
[2026-06-27 17:42:18.371] Found 354 possible bad axioms.
[2026-06-27 17:42:18.371] Selected the bad axiom SubClassOf(https://pat.nichd.nih.gov/placentalcelltype/CT.04.01 https://pat.nichd.nih.gov/placentalcelltype/CT.04).
[2026-06-27 17:42:18.374] Found 353 possible bad axioms.
[2026-06-27 17:42:18.375] Selected the bad axiom SubClassOf(https://pat.nichd.nih.gov/placentalcelltype/CT.01.01.02 https://pat.nichd.nih.gov/
...[truncated]
SUCCESS: attempt=109 seed=1533719 success_count=88/100
progress: ontology=PATCT attempt=109 success=88/100
----- PATCT attempt=110 seed=1547919 at 2026-06-27 17:43:18 -----
--- stdout ---
{"seed":1547919,"run_id":"20260624134028346645","trial_status":"success","error_type":null,"failure_stage":null,"error_message":null,"iic_values":{"B1_vs_A1":1.0,"B1_vs_A2":0.5,"B1_vs_A3":0.5,"B2_vs_A1":0.9969088098918083,"B2_vs_A2":0.9945945945945946,"B2_vs_A3":0.9945945945945946,"B3_vs_A1":0.9969088098918083,"B3_vs_A2":0.9945945945945946,"B3_vs_A3":0.9945945945945946,"B4_vs_A1":0.9832558139534884,"B4_vs_A2":0.9262295081967213,"B4_vs_A3":0.9262295081967213,"B5_vs_A1":0.9969088098918083,"B5_vs_A2":0.9945945945945946,"B5_vs_A3":0.9945945945945946,"B6_vs_A1":0.9969088098918083,"B6_vs_A2":0.9945945945945946,"B6_vs_A3":0.9945945945945946,"B7_vs_A1":0.9909659485753995,"B7_vs_A2":0.9786184210526315,"B7_vs_A3":0.9786184210526315,"B8_vs_A1":0.9969088098918083,"B8_vs_A2":0.9945945945945946,"B8_vs_A3":0.9945945945945946,"B9_vs_A1":0.9969088098918083,"B9_vs_A2":0.9945945945945946,"B9_vs_A3":0.9945945945945946},"repair_runtimes_ms":{"A1":223,"A2":44594,"A3":1102,"B1":537,"B2":1024,"B3":785,"B4":168,"B5":641,"B6":340,"B7":298,"B8":624,"B9":541}}

--- stderr ---
SingleTrialExperiment starting: ontology=/workspaces/ontologyutils-ekaw26/repair-power-index-replication-ekaw26/ontologies/inconsistent/PATCT.owl, seed=1547919, run_id=20260624134028346645
Loaded ontology.
Normalizing ontology with SROIQ normalization...
Normalized ontology with SROIQ normalization.
Ontology is already inconsistent, skipping make-inconsistent step.
Repairing with A1 (random-removal)...
[2026-06-27 17:43:18.840] Checking precondition...
[2026-06-27 17:43:18.856] Starting the repair...
[2026-06-27 17:43:18.865] Found 363 possible bad axioms.
[2026-06-27 17:43:18.867] Selected the bad axiom SubClassOf(https://pat.nichd.nih.gov/placentalcelltype/CT.05.02.06.02.05 https://pat.nichd.nih.gov/placentalcelltype/CT.05.02.06.02).
[2026-06-27 17:43:18.878] Found 362 possible bad axioms.
[2026-06-27 17:43:18.879] Selected the bad axiom SubClassOf(https://pat.nichd.nih.gov/placentalcelltype/CT.05.02.04.01.02 https://pat.nichd.nih.gov/placentalcelltype/CT.05.02.04.01).
[2026-06-27 17:43:18.884] Found 361 possible bad axioms.
[2026-06-27 17:43:18.884] Selected the bad axiom SubClassOf(https://pat.nichd.nih.gov/placentalcelltype/CT.02.03.02.02 https://pat.nichd.nih.gov/placentalcelltype/CT.02.03.02).
[2026-06-27 17:43:18.890] Found 360 possible bad axioms.
[2026-06-27 17:43:18.890] Selected the bad axiom SubClassOf(https://pat.nichd.nih.gov/placentalcelltype/CT.02.05.02.02.01 https://pat.nichd.nih.gov/placentalcelltype/CT.02.05.02.02).
[2026-06-27 17:43:18.896] Found 359 possible bad axioms.
[2026-06-27 17:43:18.896] Selected the bad axiom SubClassOf(https://pat.nichd.nih.gov/placentalcelltype/CT.04 https://pat.nichd.nih.gov/placentalcelltype/CT.10).
[2026-06-27 17:43:18.901] Found 358 possible bad axioms.
[2026-06-27 17:43:18.901] Selected the bad axiom SubClassOf(https://pat.nichd.nih.gov/placentalcelltype/CT.02.05.02.02 https://pat.nichd.nih.gov/placentalcelltype/CT.02.05.02.03.01).
[2026-06-27 17:43:18.906] Found 357 possible bad axioms.
[2026-06-27 17:43:18.906] Selected the bad axiom SubClassOf(https://pat.nichd.nih.gov/placentalcelltype/CT.03.02.05 https://pat.nichd.nih.gov/placentalcelltype/CT.03.02).
[2026-06-27 17:43:18.910] Found 356 possible bad axioms.
[2026-06-27 17:43:18.910] Selected the bad axiom SubClassOf(https://pat.nichd.nih.gov/placentalcelltype/CT.06.03 https://pat.nichd.nih.gov/placentalcelltype/CT.06.03.01).
[2026-06-27 17:43:18.914] Found 355 possible bad axioms.
[2026-06-27 17:43:18.914] Selected the bad axiom SubClassOf(https://pat.nichd.nih.gov/placentalcelltype/CT.03.03.05 owl:Nothing).
[2026-06-27 17:43:18.923] Found 354 possible bad axioms.
[2026-06-27 17:43:18.923] Selected the bad axiom SubClassOf(https://pat.nichd.nih.gov/placentalcelltype/CT.02.05.01 https://pat.nichd.nih.gov/placentalcelltype/CT.02.05).
[2026-06-27 17:43:18.927] Found 353 possible bad axioms.
[2026-06-27 17:43:18.928] Selected the bad axiom SubClassOf(https://pat.nichd.nih.gov/placentalcelltype/CT.06.02.02 https://pat.nichd.nih.gov/placentalce
...[truncated]
SUCCESS: attempt=110 seed=1547919 success_count=89/100
progress: ontology=PATCT attempt=110 success=89/100
----- PATCT attempt=111 seed=1562119 at 2026-06-27 17:44:10 -----
--- stdout ---
{"seed":1562119,"run_id":"20260624134028346645","trial_status":"success","error_type":null,"failure_stage":null,"error_message":null,"iic_values":{"B1_vs_A1":0.8572769953051643,"B1_vs_A2":0.9867046533713201,"B1_vs_A3":0.9642384105960264,"B2_vs_A1":0.9272727272727272,"B2_vs_A2":0.9966085271317829,"B2_vs_A3":0.9881221719457014,"B3_vs_A1":0.8113522537562604,"B3_vs_A2":1.0,"B3_vs_A3":0.8448940269749519,"B4_vs_A1":1.0,"B4_vs_A2":0.9262295081967213,"B4_vs_A3":0.7233009708737864,"B5_vs_A1":1.0,"B5_vs_A2":0.9945945945945946,"B5_vs_A3":0.9875,"B6_vs_A1":1.0,"B6_vs_A2":0.9945945945945946,"B6_vs_A3":0.9875,"B7_vs_A1":1.0,"B7_vs_A2":0.9380378657487092,"B7_vs_A3":0.8222996515679443,"B8_vs_A1":1.0,"B8_vs_A2":0.9945945945945946,"B8_vs_A3":0.9875,"B9_vs_A1":1.0,"B9_vs_A2":0.9945945945945946,"B9_vs_A3":0.9875},"repair_runtimes_ms":{"A1":106,"A2":44051,"A3":604,"B1":514,"B2":10371,"B3":6559,"B4":199,"B5":680,"B6":340,"B7":662,"B8":1199,"B9":465}}

--- stderr ---
SingleTrialExperiment starting: ontology=/workspaces/ontologyutils-ekaw26/repair-power-index-replication-ekaw26/ontologies/inconsistent/PATCT.owl, seed=1562119, run_id=20260624134028346645
Loaded ontology.
Normalizing ontology with SROIQ normalization...
Normalized ontology with SROIQ normalization.
Ontology is already inconsistent, skipping make-inconsistent step.
Repairing with A1 (random-removal)...
[2026-06-27 17:44:10.995] Checking precondition...
[2026-06-27 17:44:11.013] Starting the repair...
[2026-06-27 17:44:11.021] Found 363 possible bad axioms.
[2026-06-27 17:44:11.023] Selected the bad axiom SubClassOf(https://pat.nichd.nih.gov/placentalcelltype/CT.10.04 https://pat.nichd.nih.gov/placentalcelltype/CT.10).
[2026-06-27 17:44:11.033] Found 362 possible bad axioms.
[2026-06-27 17:44:11.033] Selected the bad axiom SubClassOf(https://pat.nichd.nih.gov/placentalcelltype/CT.03.03.05 owl:Nothing).
[2026-06-27 17:44:11.038] Found 361 possible bad axioms.
[2026-06-27 17:44:11.039] Selected the bad axiom SubClassOf(https://pat.nichd.nih.gov/placentalcelltype/CT.02.05.03.05 https://pat.nichd.nih.gov/placentalcelltype/CT.02.05.03).
[2026-06-27 17:44:11.044] Found 360 possible bad axioms.
[2026-06-27 17:44:11.044] Selected the bad axiom SubClassOf(https://pat.nichd.nih.gov/placentalcelltype/CT.05.02.05 https://pat.nichd.nih.gov/placentalcelltype/CT.05.02.02).
[2026-06-27 17:44:11.049] Found 359 possible bad axioms.
[2026-06-27 17:44:11.050] Selected the bad axiom SubClassOf(https://pat.nichd.nih.gov/placentalcelltype/CT.03.01.01.01 https://pat.nichd.nih.gov/placentalcelltype/CT.03.01.01).
[2026-06-27 17:44:11.054] Found 358 possible bad axioms.
[2026-06-27 17:44:11.055] Selected the bad axiom SubClassOf(https://pat.nichd.nih.gov/placentalcelltype/CT.02.05.03.02.03 owl:Nothing).
[2026-06-27 17:44:11.058] Found 357 possible bad axioms.
[2026-06-27 17:44:11.059] Selected the bad axiom SubClassOf(https://pat.nichd.nih.gov/placentalcelltype/CT.02 https://pat.nichd.nih.gov/placentalcelltype/CT.02.03).
[2026-06-27 17:44:11.063] Found 356 possible bad axioms.
[2026-06-27 17:44:11.063] Selected the bad axiom SubClassOf(https://pat.nichd.nih.gov/placentalcelltype/CT.05.02.06.02.04 https://pat.nichd.nih.gov/placentalcelltype/CT.05.02.06.02.01).
[2026-06-27 17:44:11.068] Found 355 possible bad axioms.
[2026-06-27 17:44:11.069] Selected the bad axiom SubClassOf(https://pat.nichd.nih.gov/placentalcelltype/CT.02.03.01 https://pat.nichd.nih.gov/placentalcelltype/CT.02.03).
[2026-06-27 17:44:11.077] Found 354 possible bad axioms.
[2026-06-27 17:44:11.077] Selected the bad axiom SubClassOf(https://pat.nichd.nih.gov/placentalcelltype/CT.02.02 https://pat.nichd.nih.gov/placentalcelltype/CT.02.05.03.04).
[2026-06-27 17:44:11.080] Found 353 possible bad axioms.
[2026-06-27 17:44:11.081] Selected the bad axiom SubClassOf(https://pat.nichd.nih.gov/placentalcelltype/CT.05.02.04.01.02 https://pat.nichd.nih.gov/placentalcelltype/CT.05.02.04.01).
[2026-06-27 17:44:11.091] Fou
...[truncated]
SUCCESS: attempt=111 seed=1562119 success_count=90/100
progress: ontology=PATCT attempt=111 success=90/100
----- PATCT attempt=112 seed=1576319 at 2026-06-27 17:45:17 -----
--- stdout ---
{"seed":1576319,"run_id":"20260624134028346645","trial_status":"success","error_type":null,"failure_stage":null,"error_message":null,"iic_values":{"B1_vs_A1":0.9986668641682713,"B1_vs_A2":0.9262295081967213,"B1_vs_A3":0.8941176470588236,"B2_vs_A1":0.9996067636649626,"B2_vs_A2":0.9945945945945946,"B2_vs_A3":0.9968847352024922,"B3_vs_A1":1.0,"B3_vs_A2":0.9966085271317829,"B3_vs_A3":0.9241842610364683,"B4_vs_A1":0.9990870786516854,"B4_vs_A2":0.9786184210526315,"B4_vs_A3":0.98568281938326,"B5_vs_A1":0.9996067636649626,"B5_vs_A2":0.9945945945945946,"B5_vs_A3":0.9968847352024922,"B6_vs_A1":0.9996067636649626,"B6_vs_A2":0.9945945945945946,"B6_vs_A3":0.9968847352024922,"B7_vs_A1":0.9990870786516854,"B7_vs_A2":0.9786184210526315,"B7_vs_A3":0.98568281938326,"B8_vs_A1":0.9996067636649626,"B8_vs_A2":0.9945945945945946,"B8_vs_A3":0.9968847352024922,"B9_vs_A1":0.9996067636649626,"B9_vs_A2":0.9945945945945946,"B9_vs_A3":0.9968847352024922},"repair_runtimes_ms":{"A1":353,"A2":44443,"A3":5005,"B1":506,"B2":1034,"B3":853,"B4":176,"B5":6490,"B6":344,"B7":260,"B8":7449,"B9":6964}}

--- stderr ---
SingleTrialExperiment starting: ontology=/workspaces/ontologyutils-ekaw26/repair-power-index-replication-ekaw26/ontologies/inconsistent/PATCT.owl, seed=1576319, run_id=20260624134028346645
Loaded ontology.
Normalizing ontology with SROIQ normalization...
Normalized ontology with SROIQ normalization.
Ontology is already inconsistent, skipping make-inconsistent step.
Repairing with A1 (random-removal)...
[2026-06-27 17:45:18.108] Checking precondition...
[2026-06-27 17:45:18.124] Starting the repair...
[2026-06-27 17:45:18.133] Found 363 possible bad axioms.
[2026-06-27 17:45:18.135] Selected the bad axiom SubClassOf(https://pat.nichd.nih.gov/placentalcelltype/CT.05.02.06 https://pat.nichd.nih.gov/placentalcelltype/CT.05.02.02).
[2026-06-27 17:45:18.145] Found 362 possible bad axioms.
[2026-06-27 17:45:18.146] Selected the bad axiom SubClassOf(https://pat.nichd.nih.gov/placentalcelltype/CT.05.01.03 https://pat.nichd.nih.gov/placentalcelltype/CT.05.01.03.04).
[2026-06-27 17:45:18.151] Found 361 possible bad axioms.
[2026-06-27 17:45:18.152] Selected the bad axiom SubClassOf(https://pat.nichd.nih.gov/placentalcelltype/CT.05.01.03.01 https://pat.nichd.nih.gov/placentalcelltype/CT.05.01.03).
[2026-06-27 17:45:18.158] Found 360 possible bad axioms.
[2026-06-27 17:45:18.158] Selected the bad axiom SubClassOf(https://pat.nichd.nih.gov/placentalcelltype/CT.02.02 https://pat.nichd.nih.gov/placentalcelltype/CT.02.05.03.02).
[2026-06-27 17:45:18.163] Found 359 possible bad axioms.
[2026-06-27 17:45:18.163] Selected the bad axiom SubClassOf(https://pat.nichd.nih.gov/placentalcelltype/CT.05.02.06.02 https://pat.nichd.nih.gov/placentalcelltype/CT.05.02.06).
[2026-06-27 17:45:18.168] Found 358 possible bad axioms.
[2026-06-27 17:45:18.169] Selected the bad axiom SubClassOf(https://pat.nichd.nih.gov/placentalcelltype/CT.02.05.02.02.02 https://pat.nichd.nih.gov/placentalcelltype/CT.02.05.02.02.01).
[2026-06-27 17:45:18.174] Found 357 possible bad axioms.
[2026-06-27 17:45:18.174] Selected the bad axiom SubClassOf(https://pat.nichd.nih.gov/placentalcelltype/CT.02.05.03.03 https://pat.nichd.nih.gov/placentalcelltype/CT.02.05.03).
[2026-06-27 17:45:18.178] Found 356 possible bad axioms.
[2026-06-27 17:45:18.178] Selected the bad axiom SubClassOf(https://pat.nichd.nih.gov/placentalcelltype/CT.02.05.02.03 https://pat.nichd.nih.gov/placentalcelltype/CT.02.05.02.01).
[2026-06-27 17:45:18.186] Found 355 possible bad axioms.
[2026-06-27 17:45:18.186] Selected the bad axiom SubClassOf(https://pat.nichd.nih.gov/placentalcelltype/CT.10.02 https://pat.nichd.nih.gov/placentalcelltype/CT.10.02.01).
[2026-06-27 17:45:18.189] Found 354 possible bad axioms.
[2026-06-27 17:45:18.189] Selected the bad axiom SubClassOf(https://pat.nichd.nih.gov/placentalcelltype/CT.05 https://pat.nichd.nih.gov/placentalcelltype/CT.10.06).
[2026-06-27 17:45:18.192] Found 353 possible bad axioms.
[2026-06-27 17:45:18.192] Selected the bad axiom SubClassOf(https://pat.nichd.nih.gov/placentalcelltype/CT.07
...[truncated]
SUCCESS: attempt=112 seed=1576319 success_count=91/100
progress: ontology=PATCT attempt=112 success=91/100
----- PATCT attempt=113 seed=1590519 at 2026-06-27 17:46:33 -----
--- stdout ---
{"seed":1590519,"run_id":"20260624134028346645","trial_status":"memory_limit_exceeded","error_type":"failure","failure_stage":"B2","error_message":"Repair failed: ExecutionException: java.lang.IllegalStateException: Could not find a weakening for axiom: CT.09.02 ⊑ CT.09","iic_values":{},"repair_runtimes_ms":{"A1":550,"A2":44819,"A3":3106,"B1":522,"B2":11463}}

--- stderr ---
SingleTrialExperiment starting: ontology=/workspaces/ontologyutils-ekaw26/repair-power-index-replication-ekaw26/ontologies/inconsistent/PATCT.owl, seed=1590519, run_id=20260624134028346645
Loaded ontology.
Normalizing ontology with SROIQ normalization...
Normalized ontology with SROIQ normalization.
Ontology is already inconsistent, skipping make-inconsistent step.
Repairing with A1 (random-removal)...
[2026-06-27 17:46:33.582] Checking precondition...
[2026-06-27 17:46:33.600] Starting the repair...
[2026-06-27 17:46:33.608] Found 363 possible bad axioms.
[2026-06-27 17:46:33.610] Selected the bad axiom SubClassOf(https://pat.nichd.nih.gov/placentalcelltype/CT.02.05.02.02.01 https://pat.nichd.nih.gov/placentalcelltype/CT.02.05.02.02).
[2026-06-27 17:46:33.620] Found 362 possible bad axioms.
[2026-06-27 17:46:33.620] Selected the bad axiom SubClassOf(https://pat.nichd.nih.gov/placentalcelltype/CT.09.04 https://pat.nichd.nih.gov/placentalcelltype/CT.09.02).
[2026-06-27 17:46:33.626] Found 361 possible bad axioms.
[2026-06-27 17:46:33.626] Selected the bad axiom SubClassOf(https://pat.nichd.nih.gov/placentalcelltype/CT.01.03 https://pat.nichd.nih.gov/placentalcelltype/CT.01.01).
[2026-06-27 17:46:33.632] Found 360 possible bad axioms.
[2026-06-27 17:46:33.632] Selected the bad axiom SubClassOf(https://pat.nichd.nih.gov/placentalcelltype/CT.01.01 owl:Nothing).
[2026-06-27 17:46:33.637] Found 359 possible bad axioms.
[2026-06-27 17:46:33.637] Selected the bad axiom SubClassOf(https://pat.nichd.nih.gov/placentalcelltype/CT.02.05 https://pat.nichd.nih.gov/placentalcelltype/CT.02.03.01).
[2026-06-27 17:46:33.644] Found 358 possible bad axioms.
[2026-06-27 17:46:33.645] Selected the bad axiom SubClassOf(https://pat.nichd.nih.gov/placentalcelltype/CT.05.02 https://pat.nichd.nih.gov/placentalcelltype/CT.05.03.01).
[2026-06-27 17:46:33.649] Found 357 possible bad axioms.
[2026-06-27 17:46:33.649] Selected the bad axiom SubClassOf(https://pat.nichd.nih.gov/placentalcelltype/CT.02.03.01.01 https://pat.nichd.nih.gov/placentalcelltype/CT.02.03.01).
[2026-06-27 17:46:33.653] Found 356 possible bad axioms.
[2026-06-27 17:46:33.653] Selected the bad axiom SubClassOf(https://pat.nichd.nih.gov/placentalcelltype/CT.02.05.02.03.02 https://pat.nichd.nih.gov/placentalcelltype/CT.02.05.02.03).
[2026-06-27 17:46:33.657] Found 355 possible bad axioms.
[2026-06-27 17:46:33.657] Selected the bad axiom SubClassOf(https://pat.nichd.nih.gov/placentalcelltype/CT.03.03.05 https://pat.nichd.nih.gov/placentalcelltype/CT.03.03.01).
[2026-06-27 17:46:33.665] Found 354 possible bad axioms.
[2026-06-27 17:46:33.665] Selected the bad axiom SubClassOf(https://pat.nichd.nih.gov/placentalcelltype/CT.02.05 https://pat.nichd.nih.gov/placentalcelltype/CT.02.04.01).
[2026-06-27 17:46:33.668] Found 353 possible bad axioms.
[2026-06-27 17:46:33.669] Selected the bad axiom SubClassOf(https://pat.nichd.nih.gov/placentalcelltype/CT.05 https://pat.nichd.nih.gov/placentalcelltype/CT.05.04).
[2026-06-
...[truncated]
FAIL: attempt=113 seed=1590519 status=memory_limit_exceeded stage=B2 message=Repair failed: ExecutionException: java.lang.IllegalStateException: Could not find a weakening for axiom: CT.09.02 ⊑ CT.09
progress: ontology=PATCT attempt=113 success=91/100
----- PATCT attempt=114 seed=1604719 at 2026-06-27 17:47:34 -----
--- stdout ---
{"seed":1604719,"run_id":"20260624134028346645","trial_status":"success","error_type":null,"failure_stage":null,"error_message":null,"iic_values":{"B1_vs_A1":0.9475138121546961,"B1_vs_A2":0.8335158817086528,"B1_vs_A3":1.0,"B2_vs_A1":0.929400836042731,"B2_vs_A2":0.10588235294117647,"B2_vs_A3":0.5,"B3_vs_A1":0.929400836042731,"B3_vs_A2":0.10588235294117647,"B3_vs_A3":0.5,"B4_vs_A1":1.0,"B4_vs_A2":1.0,"B4_vs_A3":0.9150943396226415,"B5_vs_A1":1.0,"B5_vs_A2":1.0,"B5_vs_A3":0.9968847352024922,"B6_vs_A1":1.0,"B6_vs_A2":1.0,"B6_vs_A3":0.9968847352024922,"B7_vs_A1":1.0,"B7_vs_A2":1.0,"B7_vs_A3":0.9315589353612167,"B8_vs_A1":1.0,"B8_vs_A2":1.0,"B8_vs_A3":0.9968847352024922,"B9_vs_A1":1.0,"B9_vs_A2":1.0,"B9_vs_A3":0.9968847352024922},"repair_runtimes_ms":{"A1":201,"A2":44184,"A3":622,"B1":508,"B2":11849,"B3":8156,"B4":347,"B5":534,"B6":5571,"B7":447,"B8":489,"B9":440}}

--- stderr ---
SingleTrialExperiment starting: ontology=/workspaces/ontologyutils-ekaw26/repair-power-index-replication-ekaw26/ontologies/inconsistent/PATCT.owl, seed=1604719, run_id=20260624134028346645
Loaded ontology.
Normalizing ontology with SROIQ normalization...
Normalized ontology with SROIQ normalization.
Ontology is already inconsistent, skipping make-inconsistent step.
Repairing with A1 (random-removal)...
[2026-06-27 17:47:34.530] Checking precondition...
[2026-06-27 17:47:34.545] Starting the repair...
[2026-06-27 17:47:34.553] Found 363 possible bad axioms.
[2026-06-27 17:47:34.556] Selected the bad axiom SubClassOf(https://pat.nichd.nih.gov/placentalcelltype/CT.07.04 https://pat.nichd.nih.gov/placentalcelltype/CT.07.06).
[2026-06-27 17:47:34.567] Found 362 possible bad axioms.
[2026-06-27 17:47:34.568] Selected the bad axiom SubClassOf(https://pat.nichd.nih.gov/placentalcelltype/CT.10.03.01 https://pat.nichd.nih.gov/placentalcelltype/CT.07.04).
[2026-06-27 17:47:34.573] Found 361 possible bad axioms.
[2026-06-27 17:47:34.573] Selected the bad axiom SubClassOf(https://pat.nichd.nih.gov/placentalcelltype/CT.02.05.03.04 https://pat.nichd.nih.gov/placentalcelltype/CT.02.05.03).
[2026-06-27 17:47:34.578] Found 360 possible bad axioms.
[2026-06-27 17:47:34.578] Selected the bad axiom SubClassOf(https://pat.nichd.nih.gov/placentalcelltype/CT.06.03.02 https://pat.nichd.nih.gov/placentalcelltype/CT.06.03.01).
[2026-06-27 17:47:34.584] Found 359 possible bad axioms.
[2026-06-27 17:47:34.584] Selected the bad axiom SubClassOf(https://pat.nichd.nih.gov/placentalcelltype/CT.01 https://pat.nichd.nih.gov/placentalcelltype/CT.04.02).
[2026-06-27 17:47:34.590] Found 358 possible bad axioms.
[2026-06-27 17:47:34.590] Selected the bad axiom SubClassOf(https://pat.nichd.nih.gov/placentalcelltype/CT.03.03 https://pat.nichd.nih.gov/placentalcelltype/CT.03.01).
[2026-06-27 17:47:34.594] Found 357 possible bad axioms.
[2026-06-27 17:47:34.594] Selected the bad axiom SubClassOf(https://pat.nichd.nih.gov/placentalcelltype/CT.04.03 https://pat.nichd.nih.gov/placentalcelltype/CT.04).
[2026-06-27 17:47:34.598] Found 356 possible bad axioms.
[2026-06-27 17:47:34.598] Selected the bad axiom SubClassOf(https://pat.nichd.nih.gov/placentalcelltype/CT.06.03 https://pat.nichd.nih.gov/placentalcelltype/CT.06.03.01).
[2026-06-27 17:47:34.602] Found 355 possible bad axioms.
[2026-06-27 17:47:34.602] Selected the bad axiom SubClassOf(https://pat.nichd.nih.gov/placentalcelltype/CT.02.05.02.02 https://pat.nichd.nih.gov/placentalcelltype/CT.02.05.02.03.01).
[2026-06-27 17:47:34.610] Found 354 possible bad axioms.
[2026-06-27 17:47:34.610] Selected the bad axiom SubClassOf(https://pat.nichd.nih.gov/placentalcelltype/CT.05.02.04.01.02 https://pat.nichd.nih.gov/placentalcelltype/CT.05.02.04.01).
[2026-06-27 17:47:34.613] Found 353 possible bad axioms.
[2026-06-27 17:47:34.613] Selected the bad axiom SubClassOf(https://pat.nichd.nih.gov/placentalcelltype/CT.05.03.01 https://pat.nichd.nih.gov/
...[truncated]
SUCCESS: attempt=114 seed=1604719 success_count=92/100
progress: ontology=PATCT attempt=114 success=92/100
----- PATCT attempt=115 seed=1618919 at 2026-06-27 17:48:49 -----
--- stdout ---
{"seed":1618919,"run_id":"20260624134028346645","trial_status":"success","error_type":null,"failure_stage":null,"error_message":null,"iic_values":{"B1_vs_A1":1.0,"B1_vs_A2":1.0,"B1_vs_A3":1.0,"B2_vs_A1":0.967623964719802,"B2_vs_A2":0.855009633911368,"B2_vs_A3":0.855009633911368,"B3_vs_A1":0.9600848693807187,"B3_vs_A2":0.059375,"B3_vs_A3":0.059375,"B4_vs_A1":0.9984007873047115,"B4_vs_A2":0.98568281938326,"B4_vs_A3":0.98568281938326,"B5_vs_A1":0.9993440472285995,"B5_vs_A2":0.9968847352024922,"B5_vs_A3":0.9968847352024922,"B6_vs_A1":0.9993440472285995,"B6_vs_A2":0.9968847352024922,"B6_vs_A3":0.9968847352024922,"B7_vs_A1":0.9984007873047115,"B7_vs_A2":0.98568281938326,"B7_vs_A3":0.98568281938326,"B8_vs_A1":0.9993440472285995,"B8_vs_A2":0.9968847352024922,"B8_vs_A3":0.9968847352024922,"B9_vs_A1":0.9993440472285995,"B9_vs_A2":0.9968847352024922,"B9_vs_A3":0.9968847352024922},"repair_runtimes_ms":{"A1":320,"A2":43954,"A3":581,"B1":569,"B2":17302,"B3":9072,"B4":149,"B5":381,"B6":278,"B7":246,"B8":486,"B9":598}}

--- stderr ---
SingleTrialExperiment starting: ontology=/workspaces/ontologyutils-ekaw26/repair-power-index-replication-ekaw26/ontologies/inconsistent/PATCT.owl, seed=1618919, run_id=20260624134028346645
Loaded ontology.
Normalizing ontology with SROIQ normalization...
Normalized ontology with SROIQ normalization.
Ontology is already inconsistent, skipping make-inconsistent step.
Repairing with A1 (random-removal)...
[2026-06-27 17:48:49.541] Checking precondition...
[2026-06-27 17:48:49.559] Starting the repair...
[2026-06-27 17:48:49.568] Found 363 possible bad axioms.
[2026-06-27 17:48:49.570] Selected the bad axiom SubClassOf(https://pat.nichd.nih.gov/placentalcelltype/CT.05 https://pat.nichd.nih.gov/placentalcelltype/CT.10.06).
[2026-06-27 17:48:49.580] Found 362 possible bad axioms.
[2026-06-27 17:48:49.581] Selected the bad axiom SubClassOf(https://pat.nichd.nih.gov/placentalcelltype/CT.02 https://pat.nichd.nih.gov/placentalcelltype/CT.02.03).
[2026-06-27 17:48:49.586] Found 361 possible bad axioms.
[2026-06-27 17:48:49.586] Selected the bad axiom SubClassOf(https://pat.nichd.nih.gov/placentalcelltype/CT.02.05 https://pat.nichd.nih.gov/placentalcelltype/CT.02.03.01.02).
[2026-06-27 17:48:49.592] Found 360 possible bad axioms.
[2026-06-27 17:48:49.592] Selected the bad axiom SubClassOf(https://pat.nichd.nih.gov/placentalcelltype/CT.05.01.03.06 https://pat.nichd.nih.gov/placentalcelltype/CT.05.01.03.04).
[2026-06-27 17:48:49.599] Found 359 possible bad axioms.
[2026-06-27 17:48:49.599] Selected the bad axiom SubClassOf(https://pat.nichd.nih.gov/placentalcelltype/CT.10.03 https://pat.nichd.nih.gov/placentalcelltype/CT.10).
[2026-06-27 17:48:49.603] Found 358 possible bad axioms.
[2026-06-27 17:48:49.603] Selected the bad axiom SubClassOf(https://pat.nichd.nih.gov/placentalcelltype/CT.06.01.01 https://pat.nichd.nih.gov/placentalcelltype/CT.06.02).
[2026-06-27 17:48:49.607] Found 357 possible bad axioms.
[2026-06-27 17:48:49.608] Selected the bad axiom SubClassOf(https://pat.nichd.nih.gov/placentalcelltype/CT.04 https://pat.nichd.nih.gov/placentalcelltype/CT.10).
[2026-06-27 17:48:49.612] Found 356 possible bad axioms.
[2026-06-27 17:48:49.612] Selected the bad axiom SubClassOf(https://pat.nichd.nih.gov/placentalcelltype/CT.07.04 https://pat.nichd.nih.gov/placentalcelltype/CT.03.01.02.01).
[2026-06-27 17:48:49.620] Found 355 possible bad axioms.
[2026-06-27 17:48:49.620] Selected the bad axiom SubClassOf(https://pat.nichd.nih.gov/placentalcelltype/CT.02.05 https://pat.nichd.nih.gov/placentalcelltype/CT.02.05.01).
[2026-06-27 17:48:49.624] Found 354 possible bad axioms.
[2026-06-27 17:48:49.624] Selected the bad axiom SubClassOf(https://pat.nichd.nih.gov/placentalcelltype/CT.02.05.02.02.02 https://pat.nichd.nih.gov/placentalcelltype/CT.02.05.02.02.01).
[2026-06-27 17:48:49.628] Found 353 possible bad axioms.
[2026-06-27 17:48:49.628] Selected the bad axiom SubClassOf(https://pat.nichd.nih.gov/placentalcelltype/CT.06.01 https://pat.nichd.nih.gov/placentalcellty
...[truncated]
SUCCESS: attempt=115 seed=1618919 success_count=93/100
progress: ontology=PATCT attempt=115 success=93/100
----- PATCT attempt=116 seed=1633119 at 2026-06-27 17:50:04 -----
--- stdout ---
{"seed":1633119,"run_id":"20260624134028346645","trial_status":"success","error_type":null,"failure_stage":null,"error_message":null,"iic_values":{"B1_vs_A1":0.7074954296160878,"B1_vs_A2":0.07377049180327869,"B1_vs_A3":0.003391472868217054,"B2_vs_A1":1.0,"B2_vs_A2":0.07377049180327869,"B2_vs_A3":0.003391472868217054,"B3_vs_A1":0.9955123410620793,"B3_vs_A2":1.0,"B3_vs_A3":0.9620253164556962,"B4_vs_A1":0.9617834394904459,"B4_vs_A2":0.5,"B4_vs_A3":0.0784313725490196,"B5_vs_A1":0.9955123410620793,"B5_vs_A2":1.0,"B5_vs_A3":0.9620253164556962,"B6_vs_A1":0.9955123410620793,"B6_vs_A2":1.0,"B6_vs_A3":0.9620253164556962,"B7_vs_A1":0.9617834394904459,"B7_vs_A2":0.5,"B7_vs_A3":0.0784313725490196,"B8_vs_A1":0.9955123410620793,"B8_vs_A2":1.0,"B8_vs_A3":0.9620253164556962,"B9_vs_A1":0.9955123410620793,"B9_vs_A2":1.0,"B9_vs_A3":0.9620253164556962},"repair_runtimes_ms":{"A1":148,"A2":44489,"A3":564,"B1":1216,"B2":11579,"B3":4188,"B4":150,"B5":564,"B6":484,"B7":267,"B8":669,"B9":477}}

--- stderr ---
SingleTrialExperiment starting: ontology=/workspaces/ontologyutils-ekaw26/repair-power-index-replication-ekaw26/ontologies/inconsistent/PATCT.owl, seed=1633119, run_id=20260624134028346645
Loaded ontology.
Normalizing ontology with SROIQ normalization...
Normalized ontology with SROIQ normalization.
Ontology is already inconsistent, skipping make-inconsistent step.
Repairing with A1 (random-removal)...
[2026-06-27 17:50:05.007] Checking precondition...
[2026-06-27 17:50:05.024] Starting the repair...
[2026-06-27 17:50:05.032] Found 363 possible bad axioms.
[2026-06-27 17:50:05.034] Selected the bad axiom SubClassOf(https://pat.nichd.nih.gov/placentalcelltype/CT.02.05.02.03.02 https://pat.nichd.nih.gov/placentalcelltype/CT.02.05.02.03).
[2026-06-27 17:50:05.045] Found 362 possible bad axioms.
[2026-06-27 17:50:05.045] Selected the bad axiom SubClassOf(https://pat.nichd.nih.gov/placentalcelltype/CT.02.05.03.02.01 https://pat.nichd.nih.gov/placentalcelltype/CT.02.05.03.02.03).
[2026-06-27 17:50:05.051] Found 361 possible bad axioms.
[2026-06-27 17:50:05.051] Selected the bad axiom SubClassOf(https://pat.nichd.nih.gov/placentalcelltype/CT.03.02.04 https://pat.nichd.nih.gov/placentalcelltype/CT.03.01.02.03).
[2026-06-27 17:50:05.056] Found 360 possible bad axioms.
[2026-06-27 17:50:05.056] Selected the bad axiom SubClassOf(https://pat.nichd.nih.gov/placentalcelltype/CT.02.03.01.02 https://pat.nichd.nih.gov/placentalcelltype/CT.02.03.01).
[2026-06-27 17:50:05.061] Found 359 possible bad axioms.
[2026-06-27 17:50:05.061] Selected the bad axiom SubClassOf(https://pat.nichd.nih.gov/placentalcelltype/CT.01.01 https://pat.nichd.nih.gov/placentalcelltype/CT.01.01.02).
[2026-06-27 17:50:05.067] Found 358 possible bad axioms.
[2026-06-27 17:50:05.067] Selected the bad axiom SubClassOf(https://pat.nichd.nih.gov/placentalcelltype/CT.03.02.01 https://pat.nichd.nih.gov/placentalcelltype/CT.03.02.03).
[2026-06-27 17:50:05.072] Found 357 possible bad axioms.
[2026-06-27 17:50:05.072] Selected the bad axiom SubClassOf(https://pat.nichd.nih.gov/placentalcelltype/CT.05.02.06.02.03 https://pat.nichd.nih.gov/placentalcelltype/CT.05.02.06.02).
[2026-06-27 17:50:05.076] Found 356 possible bad axioms.
[2026-06-27 17:50:05.077] Selected the bad axiom SubClassOf(https://pat.nichd.nih.gov/placentalcelltype/CT.02.05.03.02.03 https://pat.nichd.nih.gov/placentalcelltype/CT.02.05.03.02.02).
[2026-06-27 17:50:05.081] Found 355 possible bad axioms.
[2026-06-27 17:50:05.081] Selected the bad axiom SubClassOf(https://pat.nichd.nih.gov/placentalcelltype/CT.02.05.03.02 https://pat.nichd.nih.gov/placentalcelltype/CT.02.05.03.02.02).
[2026-06-27 17:50:05.089] Found 354 possible bad axioms.
[2026-06-27 17:50:05.089] Selected the bad axiom SubClassOf(https://pat.nichd.nih.gov/placentalcelltype/CT.02.02 https://pat.nichd.nih.gov/placentalcelltype/CT.02.05.03).
[2026-06-27 17:50:05.092] Found 353 possible bad axioms.
[2026-06-27 17:50:05.092] Selected the bad axiom SubClassOf(https://pat.nich
...[truncated]
SUCCESS: attempt=116 seed=1633119 success_count=94/100
progress: ontology=PATCT attempt=116 success=94/100
----- PATCT attempt=117 seed=1647319 at 2026-06-27 17:51:10 -----
--- stdout ---
{"seed":1647319,"run_id":"20260624134028346645","trial_status":"success","error_type":null,"failure_stage":null,"error_message":null,"iic_values":{"B1_vs_A1":1.0,"B1_vs_A2":1.0,"B1_vs_A3":0.9532554257095158,"B2_vs_A1":0.9719451952651692,"B2_vs_A2":0.059375,"B2_vs_A3":0.8979875086745316,"B3_vs_A1":0.9719451952651692,"B3_vs_A2":0.059375,"B3_vs_A3":0.8979875086745316,"B4_vs_A1":0.9983074753173484,"B4_vs_A2":0.9203539823008849,"B4_vs_A3":0.9166237776634071,"B5_vs_A1":0.9995135792460478,"B5_vs_A2":0.9968847352024922,"B5_vs_A3":0.984352361634309,"B6_vs_A1":0.9995135792460478,"B6_vs_A2":0.9968847352024922,"B6_vs_A3":0.984352361634309,"B7_vs_A1":0.9995135792460478,"B7_vs_A2":0.9968847352024922,"B7_vs_A3":0.984352361634309,"B8_vs_A1":0.9995135792460478,"B8_vs_A2":0.9968847352024922,"B8_vs_A3":0.984352361634309,"B9_vs_A1":0.9995135792460478,"B9_vs_A2":0.9968847352024922,"B9_vs_A3":0.984352361634309},"repair_runtimes_ms":{"A1":346,"A2":45240,"A3":2279,"B1":2018,"B2":11744,"B3":7180,"B4":346,"B5":7287,"B6":577,"B7":386,"B8":1297,"B9":447}}

--- stderr ---
SingleTrialExperiment starting: ontology=/workspaces/ontologyutils-ekaw26/repair-power-index-replication-ekaw26/ontologies/inconsistent/PATCT.owl, seed=1647319, run_id=20260624134028346645
Loaded ontology.
Normalizing ontology with SROIQ normalization...
Normalized ontology with SROIQ normalization.
Ontology is already inconsistent, skipping make-inconsistent step.
Repairing with A1 (random-removal)...
[2026-06-27 17:51:11.148] Checking precondition...
[2026-06-27 17:51:11.165] Starting the repair...
[2026-06-27 17:51:11.174] Found 363 possible bad axioms.
[2026-06-27 17:51:11.176] Selected the bad axiom SubClassOf(https://pat.nichd.nih.gov/placentalcelltype/CT.10.06 https://pat.nichd.nih.gov/placentalcelltype/CT.10).
[2026-06-27 17:51:11.187] Found 362 possible bad axioms.
[2026-06-27 17:51:11.187] Selected the bad axiom SubClassOf(https://pat.nichd.nih.gov/placentalcelltype/CT.01.01 https://pat.nichd.nih.gov/placentalcelltype/CT.01).
[2026-06-27 17:51:11.194] Found 361 possible bad axioms.
[2026-06-27 17:51:11.194] Selected the bad axiom SubClassOf(https://pat.nichd.nih.gov/placentalcelltype/CT.02.03 https://pat.nichd.nih.gov/placentalcelltype/CT.02).
[2026-06-27 17:51:11.199] Found 360 possible bad axioms.
[2026-06-27 17:51:11.199] Selected the bad axiom SubClassOf(https://pat.nichd.nih.gov/placentalcelltype/CT.07.01 https://pat.nichd.nih.gov/placentalcelltype/CT.09).
[2026-06-27 17:51:11.206] Found 359 possible bad axioms.
[2026-06-27 17:51:11.206] Selected the bad axiom SubClassOf(https://pat.nichd.nih.gov/placentalcelltype/CT.03.02.04 https://pat.nichd.nih.gov/placentalcelltype/CT.03.01.02.03).
[2026-06-27 17:51:11.210] Found 358 possible bad axioms.
[2026-06-27 17:51:11.210] Selected the bad axiom SubClassOf(https://pat.nichd.nih.gov/placentalcelltype/CT.01.01 https://pat.nichd.nih.gov/placentalcelltype/CT.01.01.02).
[2026-06-27 17:51:11.214] Found 357 possible bad axioms.
[2026-06-27 17:51:11.214] Selected the bad axiom SubClassOf(https://pat.nichd.nih.gov/placentalcelltype/CT.01.04 https://pat.nichd.nih.gov/placentalcelltype/CT.01.02).
[2026-06-27 17:51:11.218] Found 356 possible bad axioms.
[2026-06-27 17:51:11.219] Selected the bad axiom SubClassOf(https://pat.nichd.nih.gov/placentalcelltype/CT.02.05.03.04 https://pat.nichd.nih.gov/placentalcelltype/CT.02.05.03.02).
[2026-06-27 17:51:11.227] Found 355 possible bad axioms.
[2026-06-27 17:51:11.227] Selected the bad axiom SubClassOf(https://pat.nichd.nih.gov/placentalcelltype/CT.02.04 https://pat.nichd.nih.gov/placentalcelltype/CT.02).
[2026-06-27 17:51:11.231] Found 354 possible bad axioms.
[2026-06-27 17:51:11.231] Selected the bad axiom SubClassOf(https://pat.nichd.nih.gov/placentalcelltype/CT.01 https://pat.nichd.nih.gov/placentalcelltype/CT.04.02).
[2026-06-27 17:51:11.234] Found 353 possible bad axioms.
[2026-06-27 17:51:11.234] Selected the bad axiom SubClassOf(https://pat.nichd.nih.gov/placentalcelltype/CT.02.05.02.02.02 https://pat.nichd.nih.gov/placentalcelltype/CT.02.05.02.02.
...[truncated]
SUCCESS: attempt=117 seed=1647319 success_count=95/100
progress: ontology=PATCT attempt=117 success=95/100
----- PATCT attempt=118 seed=1661519 at 2026-06-27 17:52:31 -----
--- stdout ---
{"seed":1661519,"run_id":"20260624134028346645","trial_status":"success","error_type":null,"failure_stage":null,"error_message":null,"iic_values":{"B1_vs_A1":1.0,"B1_vs_A2":0.5,"B1_vs_A3":0.0,"B2_vs_A1":0.9481759290828503,"B2_vs_A2":0.10588235294117647,"B2_vs_A3":0.003115264797507788,"B3_vs_A1":0.967666453945969,"B3_vs_A2":0.9215686274509803,"B3_vs_A3":0.0379746835443038,"B4_vs_A1":1.0,"B4_vs_A2":1.0,"B4_vs_A3":0.5,"B5_vs_A1":1.0,"B5_vs_A2":1.0,"B5_vs_A3":0.5,"B6_vs_A1":1.0,"B6_vs_A2":1.0,"B6_vs_A3":0.5,"B7_vs_A1":1.0,"B7_vs_A2":1.0,"B7_vs_A3":0.2958860759493671,"B8_vs_A1":1.0,"B8_vs_A2":1.0,"B8_vs_A3":0.5,"B9_vs_A1":1.0,"B9_vs_A2":1.0,"B9_vs_A3":0.5},"repair_runtimes_ms":{"A1":335,"A2":44358,"A3":582,"B1":1245,"B2":11958,"B3":4435,"B4":338,"B5":7323,"B6":412,"B7":291,"B8":571,"B9":529}}

--- stderr ---
SingleTrialExperiment starting: ontology=/workspaces/ontologyutils-ekaw26/repair-power-index-replication-ekaw26/ontologies/inconsistent/PATCT.owl, seed=1661519, run_id=20260624134028346645
Loaded ontology.
Normalizing ontology with SROIQ normalization...
Normalized ontology with SROIQ normalization.
Ontology is already inconsistent, skipping make-inconsistent step.
Repairing with A1 (random-removal)...
[2026-06-27 17:52:32.030] Checking precondition...
[2026-06-27 17:52:32.047] Starting the repair...
[2026-06-27 17:52:32.057] Found 363 possible bad axioms.
[2026-06-27 17:52:32.058] Selected the bad axiom SubClassOf(https://pat.nichd.nih.gov/placentalcelltype/CT.02.03.02.01 https://pat.nichd.nih.gov/placentalcelltype/CT.02.03.02.02).
[2026-06-27 17:52:32.069] Found 362 possible bad axioms.
[2026-06-27 17:52:32.069] Selected the bad axiom SubClassOf(https://pat.nichd.nih.gov/placentalcelltype/CT.03.03.05 https://pat.nichd.nih.gov/placentalcelltype/CT.03.03.01).
[2026-06-27 17:52:32.076] Found 361 possible bad axioms.
[2026-06-27 17:52:32.076] Selected the bad axiom SubClassOf(https://pat.nichd.nih.gov/placentalcelltype/CT.01 https://pat.nichd.nih.gov/placentalcelltype/CT.04).
[2026-06-27 17:52:32.081] Found 360 possible bad axioms.
[2026-06-27 17:52:32.081] Selected the bad axiom SubClassOf(https://pat.nichd.nih.gov/placentalcelltype/CT.05.02.04.01.02 https://pat.nichd.nih.gov/placentalcelltype/CT.05.02.04.01.01).
[2026-06-27 17:52:32.087] Found 359 possible bad axioms.
[2026-06-27 17:52:32.088] Selected the bad axiom SubClassOf(https://pat.nichd.nih.gov/placentalcelltype/CT.05.02.06.02.05 https://pat.nichd.nih.gov/placentalcelltype/CT.05.02.06.02).
[2026-06-27 17:52:32.092] Found 358 possible bad axioms.
[2026-06-27 17:52:32.093] Selected the bad axiom SubClassOf(https://pat.nichd.nih.gov/placentalcelltype/CT.10.06 https://pat.nichd.nih.gov/placentalcelltype/CT.10).
[2026-06-27 17:52:32.097] Found 357 possible bad axioms.
[2026-06-27 17:52:32.097] Selected the bad axiom SubClassOf(https://pat.nichd.nih.gov/placentalcelltype/CT.05.02.04 https://pat.nichd.nih.gov/placentalcelltype/CT.05.02).
[2026-06-27 17:52:32.101] Found 356 possible bad axioms.
[2026-06-27 17:52:32.101] Selected the bad axiom SubClassOf(https://pat.nichd.nih.gov/placentalcelltype/CT.01.01 https://pat.nichd.nih.gov/placentalcelltype/CT.01.01.02).
[2026-06-27 17:52:32.105] Found 355 possible bad axioms.
[2026-06-27 17:52:32.105] Selected the bad axiom SubClassOf(https://pat.nichd.nih.gov/placentalcelltype/CT.01.03 https://pat.nichd.nih.gov/placentalcelltype/CT.01.02).
[2026-06-27 17:52:32.113] Found 354 possible bad axioms.
[2026-06-27 17:52:32.113] Selected the bad axiom SubClassOf(https://pat.nichd.nih.gov/placentalcelltype/CT.10.03.01 https://pat.nichd.nih.gov/placentalcelltype/CT.10.03).
[2026-06-27 17:52:32.117] Found 353 possible bad axioms.
[2026-06-27 17:52:32.117] Selected the bad axiom SubClassOf(https://pat.nichd.nih.gov/placentalcelltype/CT.03.02 https://pat.nichd.nih.g
...[truncated]
SUCCESS: attempt=118 seed=1661519 success_count=96/100
progress: ontology=PATCT attempt=118 success=96/100
----- PATCT attempt=119 seed=1675719 at 2026-06-27 17:53:47 -----
--- stdout ---
{"seed":1675719,"run_id":"20260624134028346645","trial_status":"success","error_type":null,"failure_stage":null,"error_message":null,"iic_values":{"B1_vs_A1":0.9883624272651704,"B1_vs_A2":1.0,"B1_vs_A3":0.9867046533713201,"B2_vs_A1":1.0,"B2_vs_A2":0.059375,"B2_vs_A3":0.5,"B3_vs_A1":1.0,"B3_vs_A2":0.059375,"B3_vs_A3":0.5,"B4_vs_A1":0.9809663250366032,"B4_vs_A2":0.98568281938326,"B4_vs_A3":0.9786184210526315,"B5_vs_A1":0.9949367088607595,"B5_vs_A2":0.9968847352024922,"B5_vs_A3":0.9945945945945946,"B6_vs_A1":0.9949367088607595,"B6_vs_A2":0.9968847352024922,"B6_vs_A3":0.9945945945945946,"B7_vs_A1":0.9481268011527377,"B7_vs_A2":0.9203539823008849,"B7_vs_A3":0.9338235294117647,"B8_vs_A1":0.9949367088607595,"B8_vs_A2":0.9968847352024922,"B8_vs_A3":0.9945945945945946,"B9_vs_A1":0.9949367088607595,"B9_vs_A2":0.9968847352024922,"B9_vs_A3":0.9945945945945946},"repair_runtimes_ms":{"A1":122,"A2":44432,"A3":1122,"B1":2631,"B2":11455,"B3":7818,"B4":186,"B5":651,"B6":743,"B7":459,"B8":857,"B9":4631}}

--- stderr ---
SingleTrialExperiment starting: ontology=/workspaces/ontologyutils-ekaw26/repair-power-index-replication-ekaw26/ontologies/inconsistent/PATCT.owl, seed=1675719, run_id=20260624134028346645
Loaded ontology.
Normalizing ontology with SROIQ normalization...
Normalized ontology with SROIQ normalization.
Ontology is already inconsistent, skipping make-inconsistent step.
Repairing with A1 (random-removal)...
[2026-06-27 17:53:47.704] Checking precondition...
[2026-06-27 17:53:47.719] Starting the repair...
[2026-06-27 17:53:47.726] Found 363 possible bad axioms.
[2026-06-27 17:53:47.729] Selected the bad axiom SubClassOf(https://pat.nichd.nih.gov/placentalcelltype/CT.02.04.02 https://pat.nichd.nih.gov/placentalcelltype/CT.02.04).
[2026-06-27 17:53:47.740] Found 362 possible bad axioms.
[2026-06-27 17:53:47.740] Selected the bad axiom SubClassOf(https://pat.nichd.nih.gov/placentalcelltype/CT.09.04 https://pat.nichd.nih.gov/placentalcelltype/CT.09).
[2026-06-27 17:53:47.746] Found 361 possible bad axioms.
[2026-06-27 17:53:47.747] Selected the bad axiom SubClassOf(https://pat.nichd.nih.gov/placentalcelltype/CT.05.01.03.01 https://pat.nichd.nih.gov/placentalcelltype/CT.05.01.03).
[2026-06-27 17:53:47.758] Found 360 possible bad axioms.
[2026-06-27 17:53:47.758] Selected the bad axiom SubClassOf(https://pat.nichd.nih.gov/placentalcelltype/CT.09.01 https://pat.nichd.nih.gov/placentalcelltype/CT.09).
[2026-06-27 17:53:47.764] Found 359 possible bad axioms.
[2026-06-27 17:53:47.764] Selected the bad axiom SubClassOf(https://pat.nichd.nih.gov/placentalcelltype/CT.01.04 https://pat.nichd.nih.gov/placentalcelltype/CT.01.02).
[2026-06-27 17:53:47.769] Found 358 possible bad axioms.
[2026-06-27 17:53:47.769] Selected the bad axiom SubClassOf(https://pat.nichd.nih.gov/placentalcelltype/CT.10.03 https://pat.nichd.nih.gov/placentalcelltype/CT.10.04).
[2026-06-27 17:53:47.773] Found 357 possible bad axioms.
[2026-06-27 17:53:47.774] Selected the bad axiom SubClassOf(https://pat.nichd.nih.gov/placentalcelltype/CT.01.03 https://pat.nichd.nih.gov/placentalcelltype/CT.01.01).
[2026-06-27 17:53:47.777] Found 356 possible bad axioms.
[2026-06-27 17:53:47.778] Selected the bad axiom SubClassOf(https://pat.nichd.nih.gov/placentalcelltype/CT.06.03.02 https://pat.nichd.nih.gov/placentalcelltype/CT.06.03.01).
[2026-06-27 17:53:47.786] Found 355 possible bad axioms.
[2026-06-27 17:53:47.786] Selected the bad axiom SubClassOf(https://pat.nichd.nih.gov/placentalcelltype/CT.03.01.02.02 https://pat.nichd.nih.gov/placentalcelltype/CT.03.01.02).
[2026-06-27 17:53:47.790] Found 354 possible bad axioms.
[2026-06-27 17:53:47.790] Selected the bad axiom SubClassOf(https://pat.nichd.nih.gov/placentalcelltype/CT.02.05.02.01.01 https://pat.nichd.nih.gov/placentalcelltype/CT.02.05.02.01).
[2026-06-27 17:53:47.793] Found 353 possible bad axioms.
[2026-06-27 17:53:47.793] Selected the bad axiom SubClassOf(https://pat.nichd.nih.gov/placentalcelltype/CT.05.03.02 https://pat.nichd.nih.gov/placental
...[truncated]
SUCCESS: attempt=119 seed=1675719 success_count=97/100
progress: ontology=PATCT attempt=119 success=97/100
----- PATCT attempt=120 seed=1689919 at 2026-06-27 17:55:05 -----
--- stdout ---
{"seed":1689919,"run_id":"20260624134028346645","trial_status":"success","error_type":null,"failure_stage":null,"error_message":null,"iic_values":{"B1_vs_A1":1.0,"B1_vs_A2":0.10588235294117647,"B1_vs_A3":0.5,"B2_vs_A1":0.9243486973947895,"B2_vs_A2":0.07377049180327869,"B2_vs_A3":0.059375,"B3_vs_A1":0.9984623270117888,"B3_vs_A2":1.0,"B3_vs_A3":0.9968847352024922,"B4_vs_A1":0.9916123019571296,"B4_vs_A2":0.5,"B4_vs_A3":0.8941176470588236,"B5_vs_A1":0.9984623270117888,"B5_vs_A2":1.0,"B5_vs_A3":0.9968847352024922,"B6_vs_A1":0.9984623270117888,"B6_vs_A2":1.0,"B6_vs_A3":0.9968847352024922,"B7_vs_A1":0.9954923717059639,"B7_vs_A2":1.0,"B7_vs_A3":0.98568281938326,"B8_vs_A1":0.9984623270117888,"B8_vs_A2":1.0,"B8_vs_A3":0.9968847352024922,"B9_vs_A1":0.9984623270117888,"B9_vs_A2":1.0,"B9_vs_A3":0.9968847352024922},"repair_runtimes_ms":{"A1":254,"A2":44731,"A3":581,"B1":554,"B2":11631,"B3":904,"B4":161,"B5":568,"B6":289,"B7":252,"B8":657,"B9":4254}}

--- stderr ---
SingleTrialExperiment starting: ontology=/workspaces/ontologyutils-ekaw26/repair-power-index-replication-ekaw26/ontologies/inconsistent/PATCT.owl, seed=1689919, run_id=20260624134028346645
Loaded ontology.
Normalizing ontology with SROIQ normalization...
Normalized ontology with SROIQ normalization.
Ontology is already inconsistent, skipping make-inconsistent step.
Repairing with A1 (random-removal)...
[2026-06-27 17:55:05.774] Checking precondition...
[2026-06-27 17:55:05.790] Starting the repair...
[2026-06-27 17:55:05.798] Found 363 possible bad axioms.
[2026-06-27 17:55:05.800] Selected the bad axiom SubClassOf(https://pat.nichd.nih.gov/placentalcelltype/CT.03.01 https://pat.nichd.nih.gov/placentalcelltype/CT.03.01.03).
[2026-06-27 17:55:05.810] Found 362 possible bad axioms.
[2026-06-27 17:55:05.811] Selected the bad axiom SubClassOf(https://pat.nichd.nih.gov/placentalcelltype/CT.05.01.03.03 https://pat.nichd.nih.gov/placentalcelltype/CT.05.01.03).
[2026-06-27 17:55:05.816] Found 361 possible bad axioms.
[2026-06-27 17:55:05.816] Selected the bad axiom SubClassOf(https://pat.nichd.nih.gov/placentalcelltype/CT.03.03.05 https://pat.nichd.nih.gov/placentalcelltype/CT.03.03.01).
[2026-06-27 17:55:05.821] Found 360 possible bad axioms.
[2026-06-27 17:55:05.822] Selected the bad axiom SubClassOf(https://pat.nichd.nih.gov/placentalcelltype/CT.02.05.03 https://pat.nichd.nih.gov/placentalcelltype/CT.02.05).
[2026-06-27 17:55:05.827] Found 359 possible bad axioms.
[2026-06-27 17:55:05.827] Selected the bad axiom SubClassOf(https://pat.nichd.nih.gov/placentalcelltype/CT.02 https://pat.nichd.nih.gov/placentalcelltype/CT.02.01).
[2026-06-27 17:55:05.832] Found 358 possible bad axioms.
[2026-06-27 17:55:05.833] Selected the bad axiom SubClassOf(https://pat.nichd.nih.gov/placentalcelltype/CT.03.01.02.02 https://pat.nichd.nih.gov/placentalcelltype/CT.03.01.02).
[2026-06-27 17:55:05.837] Found 357 possible bad axioms.
[2026-06-27 17:55:05.837] Selected the bad axiom SubClassOf(https://pat.nichd.nih.gov/placentalcelltype/CT.01.03 https://pat.nichd.nih.gov/placentalcelltype/CT.01).
[2026-06-27 17:55:05.841] Found 356 possible bad axioms.
[2026-06-27 17:55:05.841] Selected the bad axiom SubClassOf(https://pat.nichd.nih.gov/placentalcelltype/CT.10.02 https://pat.nichd.nih.gov/placentalcelltype/CT.10.02.01).
[2026-06-27 17:55:05.849] Found 355 possible bad axioms.
[2026-06-27 17:55:05.849] Selected the bad axiom SubClassOf(https://pat.nichd.nih.gov/placentalcelltype/CT.05.03 https://pat.nichd.nih.gov/placentalcelltype/CT.05).
[2026-06-27 17:55:05.852] Found 354 possible bad axioms.
[2026-06-27 17:55:05.853] Selected the bad axiom SubClassOf(https://pat.nichd.nih.gov/placentalcelltype/CT.09.04 https://pat.nichd.nih.gov/placentalcelltype/CT.09).
[2026-06-27 17:55:05.856] Found 353 possible bad axioms.
[2026-06-27 17:55:05.856] Selected the bad axiom SubClassOf(https://pat.nichd.nih.gov/placentalcelltype/CT.07.04 https://pat.nichd.nih.gov/placentalcelltype/CT.07).
[
...[truncated]
SUCCESS: attempt=120 seed=1689919 success_count=98/100
progress: ontology=PATCT attempt=120 success=98/100
----- PATCT attempt=121 seed=1704119 at 2026-06-27 17:56:12 -----
--- stdout ---
{"seed":1704119,"run_id":"20260624134028346645","trial_status":"success","error_type":null,"failure_stage":null,"error_message":null,"iic_values":{"B1_vs_A1":0.7105093488072212,"B1_vs_A2":0.07802874743326489,"B1_vs_A3":0.2503037667071689,"B2_vs_A1":0.904140127388535,"B2_vs_A2":0.855009633911368,"B2_vs_A3":0.80836820083682,"B3_vs_A1":0.9979933110367893,"B3_vs_A2":0.9968847352024922,"B3_vs_A3":0.9968847352024922,"B4_vs_A1":0.9864355689525245,"B4_vs_A2":0.9315589353612167,"B4_vs_A3":0.9315589353612167,"B5_vs_A1":0.9979933110367893,"B5_vs_A2":0.9968847352024922,"B5_vs_A3":0.9968847352024922,"B6_vs_A1":0.9979933110367893,"B6_vs_A2":0.9968847352024922,"B6_vs_A3":0.9968847352024922,"B7_vs_A1":0.9934077079107505,"B7_vs_A2":0.98568281938326,"B7_vs_A3":0.98568281938326,"B8_vs_A1":0.9979933110367893,"B8_vs_A2":0.9968847352024922,"B8_vs_A3":0.9968847352024922,"B9_vs_A1":0.9979933110367893,"B9_vs_A2":0.9968847352024922,"B9_vs_A3":0.9968847352024922},"repair_runtimes_ms":{"A1":218,"A2":44740,"A3":2014,"B1":1274,"B2":10512,"B3":4406,"B4":585,"B5":490,"B6":6871,"B7":241,"B8":549,"B9":610}}

--- stderr ---
SingleTrialExperiment starting: ontology=/workspaces/ontologyutils-ekaw26/repair-power-index-replication-ekaw26/ontologies/inconsistent/PATCT.owl, seed=1704119, run_id=20260624134028346645
Loaded ontology.
Normalizing ontology with SROIQ normalization...
Normalized ontology with SROIQ normalization.
Ontology is already inconsistent, skipping make-inconsistent step.
Repairing with A1 (random-removal)...
[2026-06-27 17:56:13.311] Checking precondition...
[2026-06-27 17:56:13.327] Starting the repair...
[2026-06-27 17:56:13.335] Found 363 possible bad axioms.
[2026-06-27 17:56:13.338] Selected the bad axiom SubClassOf(https://pat.nichd.nih.gov/placentalcelltype/CT.05.02.06.02.04 https://pat.nichd.nih.gov/placentalcelltype/CT.05.02.06.02.02).
[2026-06-27 17:56:13.350] Found 362 possible bad axioms.
[2026-06-27 17:56:13.350] Selected the bad axiom SubClassOf(https://pat.nichd.nih.gov/placentalcelltype/CT.03.01.02.03 https://pat.nichd.nih.gov/placentalcelltype/CT.03.01.02).
[2026-06-27 17:56:13.356] Found 361 possible bad axioms.
[2026-06-27 17:56:13.356] Selected the bad axiom SubClassOf(https://pat.nichd.nih.gov/placentalcelltype/CT.03.01.02.01 https://pat.nichd.nih.gov/placentalcelltype/CT.03.01.02).
[2026-06-27 17:56:13.361] Found 360 possible bad axioms.
[2026-06-27 17:56:13.361] Selected the bad axiom SubClassOf(https://pat.nichd.nih.gov/placentalcelltype/CT.09.01 https://pat.nichd.nih.gov/placentalcelltype/CT.09.04).
[2026-06-27 17:56:13.366] Found 359 possible bad axioms.
[2026-06-27 17:56:13.366] Selected the bad axiom SubClassOf(https://pat.nichd.nih.gov/placentalcelltype/CT.02.05.03 https://pat.nichd.nih.gov/placentalcelltype/CT.02.05).
[2026-06-27 17:56:13.370] Found 358 possible bad axioms.
[2026-06-27 17:56:13.370] Selected the bad axiom SubClassOf(https://pat.nichd.nih.gov/placentalcelltype/CT.10.02 https://pat.nichd.nih.gov/placentalcelltype/CT.10).
[2026-06-27 17:56:13.374] Found 357 possible bad axioms.
[2026-06-27 17:56:13.374] Selected the bad axiom SubClassOf(https://pat.nichd.nih.gov/placentalcelltype/CT.03.03.05 https://pat.nichd.nih.gov/placentalcelltype/CT.03.03.01).
[2026-06-27 17:56:13.377] Found 356 possible bad axioms.
[2026-06-27 17:56:13.378] Selected the bad axiom SubClassOf(https://pat.nichd.nih.gov/placentalcelltype/CT.05.01.03 https://pat.nichd.nih.gov/placentalcelltype/CT.05.01.03.02).
[2026-06-27 17:56:13.381] Found 355 possible bad axioms.
[2026-06-27 17:56:13.381] Selected the bad axiom SubClassOf(https://pat.nichd.nih.gov/placentalcelltype/CT.03.03.04 https://pat.nichd.nih.gov/placentalcelltype/CT.03.03).
[2026-06-27 17:56:13.389] Found 354 possible bad axioms.
[2026-06-27 17:56:13.389] Selected the bad axiom SubClassOf(https://pat.nichd.nih.gov/placentalcelltype/CT.10.01.01 https://pat.nichd.nih.gov/placentalcelltype/CT.10.01).
[2026-06-27 17:56:13.393] Found 353 possible bad axioms.
[2026-06-27 17:56:13.393] Selected the bad axiom SubClassOf(https://pat.nichd.nih.gov/placentalcelltype/CT.08.04 https://pat.nichd
...[truncated]
SUCCESS: attempt=121 seed=1704119 success_count=99/100
progress: ontology=PATCT attempt=121 success=99/100
----- PATCT attempt=122 seed=1718319 at 2026-06-27 17:57:26 -----
--- stdout ---
{"seed":1718319,"run_id":"20260624134028346645","trial_status":"success","error_type":null,"failure_stage":null,"error_message":null,"iic_values":{"B1_vs_A1":1.0,"B1_vs_A2":0.8335158817086528,"B1_vs_A3":0.07878787878787878,"B2_vs_A1":0.931653042688465,"B2_vs_A2":0.07377049180327869,"B2_vs_A3":0.02138157894736842,"B3_vs_A1":1.0,"B3_vs_A2":0.10588235294117647,"B3_vs_A3":0.014317180616740088,"B4_vs_A1":0.995768688293371,"B4_vs_A2":0.5,"B4_vs_A3":0.0,"B5_vs_A1":0.9990016638935109,"B5_vs_A2":1.0,"B5_vs_A3":0.7041139240506329,"B6_vs_A1":0.9990016638935109,"B6_vs_A2":1.0,"B6_vs_A3":0.7041139240506329,"B7_vs_A1":0.9973958333333334,"B7_vs_A2":1.0,"B7_vs_A3":0.5,"B8_vs_A1":0.9990016638935109,"B8_vs_A2":1.0,"B8_vs_A3":0.7041139240506329,"B9_vs_A1":0.9990016638935109,"B9_vs_A2":1.0,"B9_vs_A3":0.7041139240506329},"repair_runtimes_ms":{"A1":333,"A2":44211,"A3":613,"B1":3072,"B2":11784,"B3":7573,"B4":227,"B5":995,"B6":7146,"B7":347,"B8":775,"B9":3964}}

--- stderr ---
SingleTrialExperiment starting: ontology=/workspaces/ontologyutils-ekaw26/repair-power-index-replication-ekaw26/ontologies/inconsistent/PATCT.owl, seed=1718319, run_id=20260624134028346645
Loaded ontology.
Normalizing ontology with SROIQ normalization...
Normalized ontology with SROIQ normalization.
Ontology is already inconsistent, skipping make-inconsistent step.
Repairing with A1 (random-removal)...
[2026-06-27 17:57:27.316] Checking precondition...
[2026-06-27 17:57:27.332] Starting the repair...
[2026-06-27 17:57:27.342] Found 363 possible bad axioms.
[2026-06-27 17:57:27.344] Selected the bad axiom SubClassOf(https://pat.nichd.nih.gov/placentalcelltype/CT.06.02.02 https://pat.nichd.nih.gov/placentalcelltype/CT.06.02).
[2026-06-27 17:57:27.354] Found 362 possible bad axioms.
[2026-06-27 17:57:27.354] Selected the bad axiom SubClassOf(https://pat.nichd.nih.gov/placentalcelltype/CT.10.02.02 https://pat.nichd.nih.gov/placentalcelltype/CT.10.02.01).
[2026-06-27 17:57:27.360] Found 361 possible bad axioms.
[2026-06-27 17:57:27.360] Selected the bad axiom SubClassOf(https://pat.nichd.nih.gov/placentalcelltype/CT.05.03.01 https://pat.nichd.nih.gov/placentalcelltype/CT.05.03).
[2026-06-27 17:57:27.365] Found 360 possible bad axioms.
[2026-06-27 17:57:27.365] Selected the bad axiom SubClassOf(https://pat.nichd.nih.gov/placentalcelltype/CT.05.03 https://pat.nichd.nih.gov/placentalcelltype/CT.05.02).
[2026-06-27 17:57:27.370] Found 359 possible bad axioms.
[2026-06-27 17:57:27.371] Selected the bad axiom SubClassOf(https://pat.nichd.nih.gov/placentalcelltype/CT.10.02 https://pat.nichd.nih.gov/placentalcelltype/CT.10).
[2026-06-27 17:57:27.376] Found 358 possible bad axioms.
[2026-06-27 17:57:27.376] Selected the bad axiom SubClassOf(https://pat.nichd.nih.gov/placentalcelltype/CT.02.05.02.02 https://pat.nichd.nih.gov/placentalcelltype/CT.02.05.02).
[2026-06-27 17:57:27.380] Found 357 possible bad axioms.
[2026-06-27 17:57:27.381] Selected the bad axiom SubClassOf(https://pat.nichd.nih.gov/placentalcelltype/CT.03.01.02.02 https://pat.nichd.nih.gov/placentalcelltype/CT.03.01.02).
[2026-06-27 17:57:27.384] Found 356 possible bad axioms.
[2026-06-27 17:57:27.384] Selected the bad axiom SubClassOf(https://pat.nichd.nih.gov/placentalcelltype/CT.09.01 owl:Nothing).
[2026-06-27 17:57:27.393] Found 355 possible bad axioms.
[2026-06-27 17:57:27.393] Selected the bad axiom SubClassOf(https://pat.nichd.nih.gov/placentalcelltype/CT.03.02.01 https://pat.nichd.nih.gov/placentalcelltype/CT.03.02).
[2026-06-27 17:57:27.396] Found 354 possible bad axioms.
[2026-06-27 17:57:27.396] Selected the bad axiom SubClassOf(https://pat.nichd.nih.gov/placentalcelltype/CT.05.05 https://pat.nichd.nih.gov/placentalcelltype/CT.05.01).
[2026-06-27 17:57:27.399] Found 353 possible bad axioms.
[2026-06-27 17:57:27.400] Selected the bad axiom SubClassOf(https://pat.nichd.nih.gov/placentalcelltype/CT.04 https://pat.nichd.nih.gov/placentalcelltype/CT.02).
[2026-06-27 17:57:27.409] Found 352 
...[truncated]
SUCCESS: attempt=122 seed=1718319 success_count=100/100
progress: ontology=PATCT attempt=122 success=100/100
=== run_trials finished at 2026-06-28 17:53:08 for PATCT - 100 successes, 22 failures, 122 attempts ===
Failed attempts:
  attempt=2 seed=14319 msg=Repair failed: ExecutionException: java.lang.IllegalStateException: Could not find a weakening for axiom: ⊤ ⊑ CT.09.02
  attempt=3 seed=28519 msg=Repair failed: ExecutionException: java.lang.IllegalStateException: Could not find a weakening for axiom: CT.09 ⊑ ⊥
  attempt=11 seed=142119 msg=Repair failed: ExecutionException: java.lang.NullPointerException: operands cannot be null or empty
  attempt=15 seed=198919 msg=Repair failed: ExecutionException: java.lang.NullPointerException: operands cannot be null or empty
  attempt=20 seed=269919 msg=Repair failed: ExecutionException: java.lang.IllegalStateException: Could not find a weakening for axiom: ⊤ ⊑ CT.09.02
  attempt=26 seed=355119 msg=Repair failed: ExecutionException: java.lang.IllegalStateException: Could not find a weakening for axiom: ⊤ ⊑ CT.09.02
  attempt=28 seed=383519 msg=Repair failed: ExecutionException: java.lang.NullPointerException: operands cannot be null or empty
  attempt=32 seed=440319 msg=Repair failed: ExecutionException: java.lang.NullPointerException: operands cannot be null or empty
  attempt=38 seed=525519 msg=negative return code -9
  attempt=40 seed=553919 msg=negative return code -9
  attempt=41 seed=568119 msg=negative return code -9
  attempt=51 seed=710119 msg=Repair failed: ExecutionException: java.lang.IllegalStateException: Could not find a weakening for axiom: CT.09 ⊑ ⊥
  attempt=57 seed=795319 msg=Repair failed: ExecutionException: java.lang.NullPointerException: operands cannot be null or empty
  attempt=60 seed=837919 msg=Repair failed: ExecutionException: java.lang.NullPointerException: operands cannot be null or empty
  attempt=63 seed=880519 msg=Repair failed: ExecutionException: java.lang.NullPointerException: operands cannot be null or empty
  attempt=66 seed=923119 msg=Repair failed: ExecutionException: java.lang.NullPointerException: operands cannot be null or empty
  attempt=79 seed=1107719 msg=Repair failed: ExecutionException: java.lang.IllegalStateException: Could not find a weakening for axiom: ⊤ ⊑ CT.09.02
  attempt=82 seed=1150319 msg=Repair failed: ExecutionException: java.lang.IllegalStateException: Could not find a weakening for axiom: CT.09 ⊑ ⊥
  attempt=88 seed=1235519 msg=Repair failed: ExecutionException: java.lang.NullPointerException: operands cannot be null or empty
  attempt=89 seed=1249719 msg=Repair failed: ExecutionException: java.lang.IllegalStateException: Could not find a weakening for axiom: CT.09.02 ⊑ CT.09
  attempt=92 seed=1292319 msg=Repair failed: ExecutionException: java.lang.IllegalStateException: Could not find a weakening for axiom: ⊤ ⊑ CT.09.02
  attempt=113 seed=1590519 msg=Repair failed: ExecutionException: java.lang.IllegalStateException: Could not find a weakening for axiom: CT.09.02 ⊑ CT.09
Timing summary:
  success: count=100 total_seconds=7065.560002 avg_seconds=70.655600
  time_limit_exceeded: count=0 total_seconds=0.000000 avg_seconds=0.000000
  memory_limit_exceeded: count=3 total_seconds=252.665839 avg_seconds=84.221946
  success_rate=0.8197
  wall_clock_seconds_total_run=360698.251834
