=== run_trials started at 2026-06-24 13:41:30 run_id=20260624134028346645 ===
ontology_path=/workspaces/ontologyutils-ekaw26/repair-power-index-replication-ekaw26/ontologies/inconsistent/MEDEON.owl
iic_csv=/workspaces/ontologyutils-ekaw26/repair-power-index-replication-ekaw26/data/data-20260624134028346645/iic-MEDEON.csv
runtime_csv=/workspaces/ontologyutils-ekaw26/repair-power-index-replication-ekaw26/data/data-20260624134028346645/runtime-MEDEON.csv

=== Starting sequential trials for MEDEON at 2026-06-25 08:18:41 ===
----- MEDEON attempt=1 seed=47 at 2026-06-25 08:18:41 -----
--- stdout ---
{"seed":47,"run_id":"20260624134028346645","trial_status":"time_limit_exceeded","error_type":"timeout","failure_stage":"B7","error_message":"Repair timeout: B7 exceeded 300 seconds","iic_values":{},"repair_runtimes_ms":{"A1":104,"A2":1209,"A3":319,"B1":242,"B2":4594,"B3":3272,"B4":224,"B5":1754,"B6":1150,"B7":300001}}

--- stderr ---
SingleTrialExperiment starting: ontology=/workspaces/ontologyutils-ekaw26/repair-power-index-replication-ekaw26/ontologies/inconsistent/MEDEON.owl, seed=47, run_id=20260624134028346645
Loaded ontology.
Normalizing ontology with SROIQ normalization...
Normalized ontology with SROIQ normalization.
Ontology is already inconsistent, skipping make-inconsistent step.
Repairing with A1 (random-removal)...
[2026-06-25 08:18:41.456] Checking precondition...
[2026-06-25 08:18:41.472] Starting the repair...
[2026-06-25 08:18:41.478] Found 78 possible bad axioms.
[2026-06-25 08:18:41.479] Selected the bad axiom SubClassOf(TypeOfHarm PatientOutcome).
[2026-06-25 08:18:41.485] Found 77 possible bad axioms.
[2026-06-25 08:18:41.485] Selected the bad axiom SubClassOf(Nutrition IncidentType).
[2026-06-25 08:18:41.490] Found 76 possible bad axioms.
[2026-06-25 08:18:41.490] Selected the bad axiom SubClassOf(NotifyManufacturer MitigatingFactor).
[2026-06-25 08:18:41.494] Found 75 possible bad axioms.
[2026-06-25 08:18:41.494] Selected the bad axiom ObjectPropertyAssertion(hasParticipant fracture pt).
[2026-06-25 08:18:41.496] Found 74 possible bad axioms.
[2026-06-25 08:18:41.496] Selected the bad axiom SubClassOf(ErrorType IncidentCharacteristic).
[2026-06-25 08:18:41.499] Found 73 possible bad axioms.
[2026-06-25 08:18:41.499] Selected the bad axiom SubClassOf(PhysicalCondition PatientCharacteristic).
[2026-06-25 08:18:41.502] Found 72 possible bad axioms.
[2026-06-25 08:18:41.503] Selected the bad axiom SubClassOf(Fall ObjectSomeValuesFrom(hasOutcome ObjectSomeValuesFrom(hasParticipant Patient))).
[2026-06-25 08:18:41.505] Found 71 possible bad axioms.
[2026-06-25 08:18:41.506] Selected the bad axiom ClassAssertion(SkinTear skin_tear).
[2026-06-25 08:18:41.506] Found 70 possible bad axioms.
[2026-06-25 08:18:41.507] Selected the bad axiom SubClassOf(PhysicianActivity Activity).
[2026-06-25 08:18:41.509] Found 69 possible bad axioms.
[2026-06-25 08:18:41.509] Selected the bad axiom SubClassOf(IncidentHistory PatientCharacteristic).
[2026-06-25 08:18:41.512] Found 68 possible bad axioms.
[2026-06-25 08:18:41.512] Selected the bad axiom SubClassOf(StopUse ChangeOfInstrument).
[2026-06-25 08:18:41.519] Found 67 possible bad axioms.
[2026-06-25 08:18:41.519] Selected the bad axiom SubClassOf(Resource-OrganizationalManagement IncidentType).
[2026-06-25 08:18:41.521] Found 66 possible bad axioms.
[2026-06-25 08:18:41.521] Selected the bad axiom SubClassOf(InjuryAssessment Assessment).
[2026-06-25 08:18:41.528] Found 65 possible bad axioms.
[2026-06-25 08:18:41.528] Selected the bad axiom SubClassOf(ObjectSomeValuesFrom(hasOutcome ObjectSomeValuesFrom(hasParticipant Patient)) Fall).
[2026-06-25 08:18:41.530] Found 64 possible bad axioms.
[2026-06-25 08:18:41.531] Selected the bad axiom SubClassOf(Patient Person).
[2026-06-25 08:18:41.533] Found 63 possible bad axioms.
[2026-06-25 08:18:41.533] Selected the bad axiom SubClassOf(StopUse MitigatingFactor).
[2026-06-25 08:1
...[truncated]
FAIL: attempt=1 seed=47 status=time_limit_exceeded stage=B7 message=Repair timeout: B7 exceeded 300 seconds
progress: ontology=MEDEON attempt=1 success=0/100
----- MEDEON attempt=2 seed=14247 at 2026-06-25 08:23:54 -----
--- stdout ---
{"seed":14247,"run_id":"20260624134028346645","trial_status":"time_limit_exceeded","error_type":"timeout","failure_stage":"B7","error_message":"Repair timeout: B7 exceeded 300 seconds","iic_values":{},"repair_runtimes_ms":{"A1":112,"A2":1197,"A3":502,"B1":251,"B2":4782,"B3":3203,"B4":209,"B5":7750,"B6":5576,"B7":300001}}

--- stderr ---
SingleTrialExperiment starting: ontology=/workspaces/ontologyutils-ekaw26/repair-power-index-replication-ekaw26/ontologies/inconsistent/MEDEON.owl, seed=14247, run_id=20260624134028346645
Loaded ontology.
Normalizing ontology with SROIQ normalization...
Normalized ontology with SROIQ normalization.
Ontology is already inconsistent, skipping make-inconsistent step.
Repairing with A1 (random-removal)...
[2026-06-25 08:23:54.817] Checking precondition...
[2026-06-25 08:23:54.832] Starting the repair...
[2026-06-25 08:23:54.839] Found 78 possible bad axioms.
[2026-06-25 08:23:54.840] Selected the bad axiom SubClassOf(Process IncidentCharacteristic).
[2026-06-25 08:23:54.846] Found 77 possible bad axioms.
[2026-06-25 08:23:54.846] Selected the bad axiom SubClassOf(ClinicalAdministration IncidentType).
[2026-06-25 08:23:54.850] Found 76 possible bad axioms.
[2026-06-25 08:23:54.850] Selected the bad axiom SubClassOf(MentalStatus PhysicalCondition).
[2026-06-25 08:23:54.854] Found 75 possible bad axioms.
[2026-06-25 08:23:54.854] Selected the bad axiom SubClassOf(InjuryAssessment Assessment).
[2026-06-25 08:23:54.858] Found 74 possible bad axioms.
[2026-06-25 08:23:54.858] Selected the bad axiom SubClassOf(RiskAssessment Assessment).
[2026-06-25 08:23:54.861] Found 73 possible bad axioms.
[2026-06-25 08:23:54.861] Selected the bad axiom SubClassOf(Documentation IncidentType).
[2026-06-25 08:23:54.864] Found 72 possible bad axioms.
[2026-06-25 08:23:54.864] Selected the bad axiom ObjectPropertyAssertion(hasParticipant fracture pt).
[2026-06-25 08:23:54.865] Found 71 possible bad axioms.
[2026-06-25 08:23:54.866] Selected the bad axiom SubClassOf(NotifyManufacturer MitigatingFactor).
[2026-06-25 08:23:54.869] Found 70 possible bad axioms.
[2026-06-25 08:23:54.869] Selected the bad axiom SubClassOf(ObjectSomeValuesFrom(hasOutcome ObjectSomeValuesFrom(hasParticipant Person)) Fall).
[2026-06-25 08:23:54.871] Found 69 possible bad axioms.
[2026-06-25 08:23:54.871] Selected the bad axiom SubClassOf(Resource-OrganizationalManagement IncidentType).
[2026-06-25 08:23:54.877] Found 68 possible bad axioms.
[2026-06-25 08:23:54.877] Selected the bad axiom SubClassOf(ImmediateAction Action).
[2026-06-25 08:23:54.880] Found 67 possible bad axioms.
[2026-06-25 08:23:54.880] Selected the bad axiom SubClassOf(Patient Person).
[2026-06-25 08:23:54.887] Found 66 possible bad axioms.
[2026-06-25 08:23:54.888] Selected the bad axiom SubClassOf(Timing StateOfCare).
[2026-06-25 08:23:54.890] Found 65 possible bad axioms.
[2026-06-25 08:23:54.890] Selected the bad axiom ObjectPropertyAssertion(causes slip_down fracture).
[2026-06-25 08:23:54.891] Found 64 possible bad axioms.
[2026-06-25 08:23:54.891] Selected the bad axiom SubClassOf(Timing TemporalInfo).
[2026-06-25 08:23:54.894] Found 63 possible bad axioms.
[2026-06-25 08:23:54.894] Selected the bad axiom ClassAssertion(TypeOfHarm fracture).
[2026-06-25 08:23:54.894] Found 62 possible bad axioms.
[2026-06-25 08:23:54.894] S
...[truncated]
FAIL: attempt=2 seed=14247 status=time_limit_exceeded stage=B7 message=Repair timeout: B7 exceeded 300 seconds
progress: ontology=MEDEON attempt=2 success=0/100
----- MEDEON attempt=3 seed=28447 at 2026-06-25 08:29:18 -----
--- stdout ---
{"seed":28447,"run_id":"20260624134028346645","trial_status":"time_limit_exceeded","error_type":"timeout","failure_stage":"B7","error_message":"Repair timeout: B7 exceeded 300 seconds","iic_values":{},"repair_runtimes_ms":{"A1":66,"A2":1218,"A3":263,"B1":443,"B2":715,"B3":3523,"B4":72,"B5":7841,"B6":5691,"B7":300001}}

--- stderr ---
SingleTrialExperiment starting: ontology=/workspaces/ontologyutils-ekaw26/repair-power-index-replication-ekaw26/ontologies/inconsistent/MEDEON.owl, seed=28447, run_id=20260624134028346645
Loaded ontology.
Normalizing ontology with SROIQ normalization...
Normalized ontology with SROIQ normalization.
Ontology is already inconsistent, skipping make-inconsistent step.
Repairing with A1 (random-removal)...
[2026-06-25 08:29:18.904] Checking precondition...
[2026-06-25 08:29:18.921] Starting the repair...
[2026-06-25 08:29:18.927] Found 78 possible bad axioms.
[2026-06-25 08:29:18.928] Selected the bad axiom SubClassOf(Patient Person).
[2026-06-25 08:29:18.934] Found 77 possible bad axioms.
[2026-06-25 08:29:18.934] Selected the bad axiom SubClassOf(PatientBehaviour IncidentType).
[2026-06-25 08:29:18.939] Found 76 possible bad axioms.
[2026-06-25 08:29:18.939] Selected the bad axiom ObjectPropertyAssertion(hasParticipant skin_tear pt).
[2026-06-25 08:29:18.940] Found 75 possible bad axioms.
[2026-06-25 08:29:18.941] Selected the bad axiom SubClassOf(StateOfCare TemporalInfo).
[2026-06-25 08:29:18.945] Found 74 possible bad axioms.
[2026-06-25 08:29:18.945] Selected the bad axiom SubClassOf(MissingInstrument ErrorType).
[2026-06-25 08:29:18.948] Found 73 possible bad axioms.
[2026-06-25 08:29:18.948] Selected the bad axiom SubClassOf(Pathology-Laboratory IncidentType).
[2026-06-25 08:29:18.951] Found 72 possible bad axioms.
[2026-06-25 08:29:18.952] Selected the bad axiom SubClassOf(Infrastructure-Building-Fixture PatientBehaviour).
[2026-06-25 08:29:18.954] Found 71 possible bad axioms.
[2026-06-25 08:29:18.955] Selected the bad axiom SubClassOf(PhysicianActivity Activity).
[2026-06-25 08:29:18.957] Found 70 possible bad axioms.
[2026-06-25 08:29:18.957] Selected the bad axiom SubClassOf(ClinicalProcess IncidentType).
[2026-06-25 08:29:18.959] Found 69 possible bad axioms.
[2026-06-25 08:29:18.960] Selected the bad axiom SubClassOf(Fall ObjectSomeValuesFrom(involvesActivity owl:Nothing)).
[2026-06-25 08:29:18.966] Finished repairing the ontology.
Repairing with A2 (not-in-largest-mcs-removal)...
[2026-06-25 08:29:18.967] Checking precondition...
[2026-06-25 08:29:18.978] Starting the repair...
[2026-06-25 08:29:20.184] Found 2 possible bad axioms.
[2026-06-25 08:29:20.185] Selected the bad axiom SubClassOf(Fall ObjectSomeValuesFrom(involvesActivity owl:Nothing)).
[2026-06-25 08:29:20.185] Finished repairing the ontology.
Repairing with A3 (default-weakening)...
[2026-06-25 08:29:20.187] Checking precondition...
[2026-06-25 08:29:20.189] Starting the repair...
[2026-06-25 08:29:20.204] Selected a reference ontology with 150 axioms.
[2026-06-25 08:29:20.426] Selected the bad axiom ClassAssertion(Patient pt).
[2026-06-25 08:29:20.446] Selected the weaker axiom ClassAssertion(owl:Thing pt).
[2026-06-25 08:29:20.448] Finished repairing the ontology.
Repairing with B1 (bad-in_some_mus-weaker-random)...
[2026-06-25 08:29:20.449] Checking precondition...
[202
...[truncated]
FAIL: attempt=3 seed=28447 status=time_limit_exceeded stage=B7 message=Repair timeout: B7 exceeded 300 seconds
progress: ontology=MEDEON attempt=3 success=0/100
----- MEDEON attempt=4 seed=42647 at 2026-06-25 08:34:38 -----
--- stdout ---
{"seed":42647,"run_id":"20260624134028346645","trial_status":"success","error_type":null,"failure_stage":null,"error_message":null,"iic_values":{"B1_vs_A1":1.0,"B1_vs_A2":1.0,"B1_vs_A3":1.0,"B2_vs_A1":1.0,"B2_vs_A2":1.0,"B2_vs_A3":1.0,"B3_vs_A1":0.29213483146067415,"B3_vs_A2":1.0,"B3_vs_A3":0.5,"B4_vs_A1":1.0,"B4_vs_A2":1.0,"B4_vs_A3":1.0,"B5_vs_A1":1.0,"B5_vs_A2":1.0,"B5_vs_A3":1.0,"B6_vs_A1":1.0,"B6_vs_A2":1.0,"B6_vs_A3":1.0,"B7_vs_A1":1.0,"B7_vs_A2":1.0,"B7_vs_A3":1.0,"B8_vs_A1":1.0,"B8_vs_A2":1.0,"B8_vs_A3":1.0,"B9_vs_A1":1.0,"B9_vs_A2":1.0,"B9_vs_A3":1.0},"repair_runtimes_ms":{"A1":98,"A2":1209,"A3":317,"B1":440,"B2":1284,"B3":3277,"B4":199,"B5":8917,"B6":5586,"B7":212,"B8":7826,"B9":1327}}

--- stderr ---
SingleTrialExperiment starting: ontology=/workspaces/ontologyutils-ekaw26/repair-power-index-replication-ekaw26/ontologies/inconsistent/MEDEON.owl, seed=42647, run_id=20260624134028346645
Loaded ontology.
Normalizing ontology with SROIQ normalization...
Normalized ontology with SROIQ normalization.
Ontology is already inconsistent, skipping make-inconsistent step.
Repairing with A1 (random-removal)...
[2026-06-25 08:34:39.230] Checking precondition...
[2026-06-25 08:34:39.247] Starting the repair...
[2026-06-25 08:34:39.252] Found 78 possible bad axioms.
[2026-06-25 08:34:39.254] Selected the bad axiom SubClassOf(CheckDevice StuffActivity).
[2026-06-25 08:34:39.259] Found 77 possible bad axioms.
[2026-06-25 08:34:39.259] Selected the bad axiom SubClassOf(ChangeOfInstrument MitigatingFactor).
[2026-06-25 08:34:39.265] Found 76 possible bad axioms.
[2026-06-25 08:34:39.265] Selected the bad axiom ObjectPropertyAssertion(hasOutcome patient_fall fracture).
[2026-06-25 08:34:39.267] Found 75 possible bad axioms.
[2026-06-25 08:34:39.267] Selected the bad axiom SubClassOf(Medication-IVFluid IncidentType).
[2026-06-25 08:34:39.271] Found 74 possible bad axioms.
[2026-06-25 08:34:39.272] Selected the bad axiom SubClassOf(UseError ErrorType).
[2026-06-25 08:34:39.274] Found 73 possible bad axioms.
[2026-06-25 08:34:39.275] Selected the bad axiom SubClassOf(Nutrition IncidentType).
[2026-06-25 08:34:39.277] Found 72 possible bad axioms.
[2026-06-25 08:34:39.277] Selected the bad axiom SubClassOf(PatientBehaviour IncidentType).
[2026-06-25 08:34:39.280] Found 71 possible bad axioms.
[2026-06-25 08:34:39.280] Selected the bad axiom SubClassOf(ErrorType IncidentCharacteristic).
[2026-06-25 08:34:39.283] Found 70 possible bad axioms.
[2026-06-25 08:34:39.284] Selected the bad axiom SubClassOf(NotifyManufacturer MitigatingFactor).
[2026-06-25 08:34:39.286] Found 69 possible bad axioms.
[2026-06-25 08:34:39.286] Selected the bad axiom SubClassOf(DeviceName DeviceCharacteristic).
[2026-06-25 08:34:39.293] Found 68 possible bad axioms.
[2026-06-25 08:34:39.293] Selected the bad axiom SubClassOf(DeviceType DeviceCharacteristic).
[2026-06-25 08:34:39.295] Found 67 possible bad axioms.
[2026-06-25 08:34:39.295] Selected the bad axiom SubClassOf(Management Action).
[2026-06-25 08:34:39.302] Found 66 possible bad axioms.
[2026-06-25 08:34:39.303] Selected the bad axiom SubClassOf(DegreeOfHarm PatientOutcome).
[2026-06-25 08:34:39.305] Found 65 possible bad axioms.
[2026-06-25 08:34:39.305] Selected the bad axiom SubClassOf(PatientActivity Activity).
[2026-06-25 08:34:39.308] Found 64 possible bad axioms.
[2026-06-25 08:34:39.308] Selected the bad axiom SubClassOf(StuffActivity Activity).
[2026-06-25 08:34:39.311] Found 63 possible bad axioms.
[2026-06-25 08:34:39.311] Selected the bad axiom SubClassOf(InappropriateUse ErrorType).
[2026-06-25 08:34:39.314] Found 62 possible bad axioms.
[2026-06-25 08:34:39.314] Selected the bad axiom SubClassOf(Infrastructure-Building-F
...[truncated]
SUCCESS: attempt=4 seed=42647 success_count=1/100
progress: ontology=MEDEON attempt=4 success=1/100
----- MEDEON attempt=5 seed=56847 at 2026-06-25 08:35:10 -----
--- stdout ---
{"seed":56847,"run_id":"20260624134028346645","trial_status":"success","error_type":null,"failure_stage":null,"error_message":null,"iic_values":{"B1_vs_A1":0.25287356321839083,"B1_vs_A2":0.5,"B1_vs_A3":0.5,"B2_vs_A1":1.0,"B2_vs_A2":1.0,"B2_vs_A3":1.0,"B3_vs_A1":0.25882352941176473,"B3_vs_A2":1.0,"B3_vs_A3":1.0,"B4_vs_A1":1.0,"B4_vs_A2":1.0,"B4_vs_A3":1.0,"B5_vs_A1":1.0,"B5_vs_A2":1.0,"B5_vs_A3":1.0,"B6_vs_A1":1.0,"B6_vs_A2":1.0,"B6_vs_A3":1.0,"B7_vs_A1":1.0,"B7_vs_A2":1.0,"B7_vs_A3":1.0,"B8_vs_A1":1.0,"B8_vs_A2":1.0,"B8_vs_A3":1.0,"B9_vs_A1":1.0,"B9_vs_A2":1.0,"B9_vs_A3":1.0},"repair_runtimes_ms":{"A1":102,"A2":1215,"A3":306,"B1":260,"B2":765,"B3":3465,"B4":95,"B5":1725,"B6":5242,"B7":148,"B8":8013,"B9":1361}}

--- stderr ---
SingleTrialExperiment starting: ontology=/workspaces/ontologyutils-ekaw26/repair-power-index-replication-ekaw26/ontologies/inconsistent/MEDEON.owl, seed=56847, run_id=20260624134028346645
Loaded ontology.
Normalizing ontology with SROIQ normalization...
Normalized ontology with SROIQ normalization.
Ontology is already inconsistent, skipping make-inconsistent step.
Repairing with A1 (random-removal)...
[2026-06-25 08:35:10.684] Checking precondition...
[2026-06-25 08:35:10.699] Starting the repair...
[2026-06-25 08:35:10.706] Found 78 possible bad axioms.
[2026-06-25 08:35:10.707] Selected the bad axiom SubClassOf(ImmediateAction Action).
[2026-06-25 08:35:10.713] Found 77 possible bad axioms.
[2026-06-25 08:35:10.714] Selected the bad axiom SubClassOf(Timing TemporalInfo).
[2026-06-25 08:35:10.718] Found 76 possible bad axioms.
[2026-06-25 08:35:10.718] Selected the bad axiom SubClassOf(UseError ErrorType).
[2026-06-25 08:35:10.723] Found 75 possible bad axioms.
[2026-06-25 08:35:10.723] Selected the bad axiom SubClassOf(PressureUlcer IncidentType).
[2026-06-25 08:35:10.726] Found 74 possible bad axioms.
[2026-06-25 08:35:10.727] Selected the bad axiom SubClassOf(Therapy Action).
[2026-06-25 08:35:10.729] Found 73 possible bad axioms.
[2026-06-25 08:35:10.730] Selected the bad axiom SubClassOf(Documentation IncidentType).
[2026-06-25 08:35:10.732] Found 72 possible bad axioms.
[2026-06-25 08:35:10.732] Selected the bad axiom SubClassOf(Social/EconomicalImpact PatientOutcome).
[2026-06-25 08:35:10.736] Found 71 possible bad axioms.
[2026-06-25 08:35:10.736] Selected the bad axiom SubClassOf(MentalStatus PhysicalCondition).
[2026-06-25 08:35:10.738] Found 70 possible bad axioms.
[2026-06-25 08:35:10.739] Selected the bad axiom SubClassOf(Site PatientOutcome).
[2026-06-25 08:35:10.745] Found 69 possible bad axioms.
[2026-06-25 08:35:10.745] Selected the bad axiom ClassAssertion(SkinTear skin_tear).
[2026-06-25 08:35:10.746] Found 68 possible bad axioms.
[2026-06-25 08:35:10.746] Selected the bad axiom SubClassOf(PhysicalCondition PatientCharacteristic).
[2026-06-25 08:35:10.749] Found 67 possible bad axioms.
[2026-06-25 08:35:10.749] Selected the bad axiom SubClassOf(MonitoringDevice Device/Equipment).
[2026-06-25 08:35:10.756] Found 66 possible bad axioms.
[2026-06-25 08:35:10.756] Selected the bad axiom SubClassOf(PatientBehaviour IncidentType).
[2026-06-25 08:35:10.759] Found 65 possible bad axioms.
[2026-06-25 08:35:10.759] Selected the bad axiom SubClassOf(DeviceAvailability ErrorType).
[2026-06-25 08:35:10.762] Found 64 possible bad axioms.
[2026-06-25 08:35:10.762] Selected the bad axiom SubClassOf(Patient Person).
[2026-06-25 08:35:10.764] Found 63 possible bad axioms.
[2026-06-25 08:35:10.764] Selected the bad axiom SubClassOf(TypeOfHarm PatientOutcome).
[2026-06-25 08:35:10.767] Found 62 possible bad axioms.
[2026-06-25 08:35:10.767] Selected the bad axiom SubClassOf(StopUse MitigatingFactor).
[2026-06-25 08:35:10.769] Found 61 possible ba
...[truncated]
SUCCESS: attempt=5 seed=56847 success_count=2/100
progress: ontology=MEDEON attempt=5 success=2/100
----- MEDEON attempt=6 seed=71047 at 2026-06-25 08:35:33 -----
--- stdout ---
{"seed":71047,"run_id":"20260624134028346645","trial_status":"success","error_type":null,"failure_stage":null,"error_message":null,"iic_values":{"B1_vs_A1":1.0,"B1_vs_A2":0.5,"B1_vs_A3":0.5,"B2_vs_A1":1.0,"B2_vs_A2":1.0,"B2_vs_A3":1.0,"B3_vs_A1":1.0,"B3_vs_A2":1.0,"B3_vs_A3":1.0,"B4_vs_A1":1.0,"B4_vs_A2":1.0,"B4_vs_A3":1.0,"B5_vs_A1":1.0,"B5_vs_A2":1.0,"B5_vs_A3":1.0,"B6_vs_A1":1.0,"B6_vs_A2":1.0,"B6_vs_A3":1.0,"B7_vs_A1":1.0,"B7_vs_A2":1.0,"B7_vs_A3":1.0,"B8_vs_A1":1.0,"B8_vs_A2":1.0,"B8_vs_A3":1.0,"B9_vs_A1":1.0,"B9_vs_A2":1.0,"B9_vs_A3":1.0},"repair_runtimes_ms":{"A1":39,"A2":1250,"A3":310,"B1":233,"B2":4632,"B3":3272,"B4":242,"B5":7860,"B6":6561,"B7":175,"B8":7833,"B9":5339}}

--- stderr ---
SingleTrialExperiment starting: ontology=/workspaces/ontologyutils-ekaw26/repair-power-index-replication-ekaw26/ontologies/inconsistent/MEDEON.owl, seed=71047, run_id=20260624134028346645
Loaded ontology.
Normalizing ontology with SROIQ normalization...
Normalized ontology with SROIQ normalization.
Ontology is already inconsistent, skipping make-inconsistent step.
Repairing with A1 (random-removal)...
[2026-06-25 08:35:34.092] Checking precondition...
[2026-06-25 08:35:34.108] Starting the repair...
[2026-06-25 08:35:34.115] Found 78 possible bad axioms.
[2026-06-25 08:35:34.116] Selected the bad axiom SubClassOf(Documentation IncidentType).
[2026-06-25 08:35:34.122] Found 77 possible bad axioms.
[2026-06-25 08:35:34.122] Selected the bad axiom SubClassOf(Fall ObjectSomeValuesFrom(involvesActivity owl:Nothing)).
[2026-06-25 08:35:34.127] Finished repairing the ontology.
Repairing with A2 (not-in-largest-mcs-removal)...
[2026-06-25 08:35:34.128] Checking precondition...
[2026-06-25 08:35:34.136] Starting the repair...
[2026-06-25 08:35:35.377] Found 2 possible bad axioms.
[2026-06-25 08:35:35.377] Selected the bad axiom SubClassOf(Fall ObjectSomeValuesFrom(involvesActivity owl:Nothing)).
[2026-06-25 08:35:35.377] Finished repairing the ontology.
Repairing with A3 (default-weakening)...
[2026-06-25 08:35:35.379] Checking precondition...
[2026-06-25 08:35:35.382] Starting the repair...
[2026-06-25 08:35:35.392] Selected a reference ontology with 152 axioms.
[2026-06-25 08:35:35.617] Selected the bad axiom SubClassOf(Fall ObjectSomeValuesFrom(involvesActivity owl:Nothing)).
[2026-06-25 08:35:35.686] Selected the weaker axiom SubClassOf(Fall ObjectSomeValuesFrom(involvesActivity DeviceAvailability)).
[2026-06-25 08:35:35.688] Finished repairing the ontology.
Repairing with B1 (bad-in_some_mus-weaker-random)...
[2026-06-25 08:35:35.688] Checking precondition...
[2026-06-25 08:35:35.690] Starting the repair...
[2026-06-25 08:35:35.697] Selected a reference ontology with 152 axioms.
[2026-06-25 08:35:35.878] Selected the bad axiom SubClassOf(Fall ObjectSomeValuesFrom(involvesActivity owl:Nothing)).
[2026-06-25 08:35:35.920] Selected the weaker axiom SubClassOf(Fall ObjectSomeValuesFrom(involvesActivity Fall)).
[2026-06-25 08:35:35.921] Finished repairing the ontology.
Repairing with B2 (bad-in_some_mus-weaker-shapley)...
[2026-06-25 08:35:35.923] Checking precondition...
[2026-06-25 08:35:35.925] Starting the repair...
[2026-06-25 08:35:35.931] Selected a reference ontology with 152 axioms.
[2026-06-25 08:35:36.110] Selected the bad axiom SubClassOf(Fall ObjectSomeValuesFrom(involvesActivity owl:Nothing)).
[PowerIndexWeakerAxiomSelector] Scoring 108 candidate weakenings for Fall ⊑ ∃ involvesActivity.⊥
[PowerIndexWeakerAxiomSelector] Selected weaker axiom: Fall ⊑ AssistiveDevice
[2026-06-25 08:35:40.539] Selected the weaker axiom SubClassOf(Fall AssistiveDevice).
[2026-06-25 08:35:40.554] Finished repairing the ontology.
Repairing with B3 (bad-in_some_mus
...[truncated]
SUCCESS: attempt=6 seed=71047 success_count=3/100
progress: ontology=MEDEON attempt=6 success=3/100
----- MEDEON attempt=7 seed=85247 at 2026-06-25 08:36:14 -----
--- stdout ---
{"seed":85247,"run_id":"20260624134028346645","trial_status":"success","error_type":null,"failure_stage":null,"error_message":null,"iic_values":{"B1_vs_A1":0.4090909090909091,"B1_vs_A2":0.0,"B1_vs_A3":0.0,"B2_vs_A1":0.4166666666666667,"B2_vs_A2":0.0,"B2_vs_A3":0.0,"B3_vs_A1":0.4166666666666667,"B3_vs_A2":0.0,"B3_vs_A3":0.0,"B4_vs_A1":1.0,"B4_vs_A2":0.5,"B4_vs_A3":0.5,"B5_vs_A1":1.0,"B5_vs_A2":0.5,"B5_vs_A3":0.5,"B6_vs_A1":1.0,"B6_vs_A2":0.5,"B6_vs_A3":0.5,"B7_vs_A1":1.0,"B7_vs_A2":0.5,"B7_vs_A3":0.5,"B8_vs_A1":1.0,"B8_vs_A2":0.5,"B8_vs_A3":0.5,"B9_vs_A1":1.0,"B9_vs_A2":0.5,"B9_vs_A3":0.5},"repair_runtimes_ms":{"A1":141,"A2":1174,"A3":450,"B1":230,"B2":4622,"B3":3266,"B4":185,"B5":7807,"B6":1081,"B7":289,"B8":7736,"B9":5660}}

--- stderr ---
SingleTrialExperiment starting: ontology=/workspaces/ontologyutils-ekaw26/repair-power-index-replication-ekaw26/ontologies/inconsistent/MEDEON.owl, seed=85247, run_id=20260624134028346645
Loaded ontology.
Normalizing ontology with SROIQ normalization...
Normalized ontology with SROIQ normalization.
Ontology is already inconsistent, skipping make-inconsistent step.
Repairing with A1 (random-removal)...
[2026-06-25 08:36:14.465] Checking precondition...
[2026-06-25 08:36:14.481] Starting the repair...
[2026-06-25 08:36:14.487] Found 78 possible bad axioms.
[2026-06-25 08:36:14.489] Selected the bad axiom ClassAssertion(SkinTear skin_tear).
[2026-06-25 08:36:14.491] Found 77 possible bad axioms.
[2026-06-25 08:36:14.491] Selected the bad axiom SubClassOf(Social/EconomicalImpact PatientOutcome).
[2026-06-25 08:36:14.496] Found 76 possible bad axioms.
[2026-06-25 08:36:14.496] Selected the bad axiom SubClassOf(PatientAccident IncidentType).
[2026-06-25 08:36:14.502] Found 75 possible bad axioms.
[2026-06-25 08:36:14.502] Selected the bad axiom SubClassOf(Infrastructure-Building-Fixture IncidentType).
[2026-06-25 08:36:14.506] Found 74 possible bad axioms.
[2026-06-25 08:36:14.506] Selected the bad axiom SubClassOf(RiskAssessment Assessment).
[2026-06-25 08:36:14.509] Found 73 possible bad axioms.
[2026-06-25 08:36:14.510] Selected the bad axiom SubClassOf(DeviceAvailability ErrorType).
[2026-06-25 08:36:14.512] Found 72 possible bad axioms.
[2026-06-25 08:36:14.513] Selected the bad axiom SubClassOf(InappropriateUse ErrorType).
[2026-06-25 08:36:14.515] Found 71 possible bad axioms.
[2026-06-25 08:36:14.515] Selected the bad axiom SubClassOf(Nutrition IncidentType).
[2026-06-25 08:36:14.518] Found 70 possible bad axioms.
[2026-06-25 08:36:14.518] Selected the bad axiom SubClassOf(PatientBehaviour IncidentType).
[2026-06-25 08:36:14.522] Found 69 possible bad axioms.
[2026-06-25 08:36:14.522] Selected the bad axiom SubClassOf(Documentation IncidentType).
[2026-06-25 08:36:14.529] Found 68 possible bad axioms.
[2026-06-25 08:36:14.529] Selected the bad axiom SubClassOf(Process IncidentCharacteristic).
[2026-06-25 08:36:14.531] Found 67 possible bad axioms.
[2026-06-25 08:36:14.532] Selected the bad axiom ObjectPropertyAssertion(hasParticipant fracture pt).
[2026-06-25 08:36:14.532] Found 66 possible bad axioms.
[2026-06-25 08:36:14.533] Selected the bad axiom SubClassOf(ObjectSomeValuesFrom(hasOutcome ObjectSomeValuesFrom(hasParticipant Person)) Fall).
[2026-06-25 08:36:14.539] Found 65 possible bad axioms.
[2026-06-25 08:36:14.539] Selected the bad axiom SubClassOf(Treatment Action).
[2026-06-25 08:36:14.541] Found 64 possible bad axioms.
[2026-06-25 08:36:14.541] Selected the bad axiom SubClassOf(NotifyManufacturer MitigatingFactor).
[2026-06-25 08:36:14.544] Found 63 possible bad axioms.
[2026-06-25 08:36:14.544] Selected the bad axiom SubClassOf(MentalStatus PatientCharacteristic).
[2026-06-25 08:36:14.547] Found 62 possible bad axioms.
[2026-06-25 
...[truncated]
SUCCESS: attempt=7 seed=85247 success_count=4/100
progress: ontology=MEDEON attempt=7 success=4/100
----- MEDEON attempt=8 seed=99447 at 2026-06-25 08:36:47 -----
--- stdout ---
{"seed":99447,"run_id":"20260624134028346645","trial_status":"time_limit_exceeded","error_type":"timeout","failure_stage":"B4","error_message":"Repair timeout: B4 exceeded 300 seconds","iic_values":{},"repair_runtimes_ms":{"A1":54,"A2":1253,"A3":489,"B1":403,"B2":4632,"B3":3426,"B4":300001}}

--- stderr ---
SingleTrialExperiment starting: ontology=/workspaces/ontologyutils-ekaw26/repair-power-index-replication-ekaw26/ontologies/inconsistent/MEDEON.owl, seed=99447, run_id=20260624134028346645
Loaded ontology.
Normalizing ontology with SROIQ normalization...
Normalized ontology with SROIQ normalization.
Ontology is already inconsistent, skipping make-inconsistent step.
Repairing with A1 (random-removal)...
[2026-06-25 08:36:47.866] Checking precondition...
[2026-06-25 08:36:47.882] Starting the repair...
[2026-06-25 08:36:47.888] Found 78 possible bad axioms.
[2026-06-25 08:36:47.890] Selected the bad axiom SubClassOf(Treatment Action).
[2026-06-25 08:36:47.895] Found 77 possible bad axioms.
[2026-06-25 08:36:47.895] Selected the bad axiom SubClassOf(Time TemporalInfo).
[2026-06-25 08:36:47.899] Found 76 possible bad axioms.
[2026-06-25 08:36:47.900] Selected the bad axiom ObjectPropertyAssertion(hasParticipant fracture pt).
[2026-06-25 08:36:47.901] Found 75 possible bad axioms.
[2026-06-25 08:36:47.901] Selected the bad axiom SubClassOf(Timing StateOfCare).
[2026-06-25 08:36:47.906] Found 74 possible bad axioms.
[2026-06-25 08:36:47.906] Selected the bad axiom SubClassOf(Defect ErrorType).
[2026-06-25 08:36:47.909] Found 73 possible bad axioms.
[2026-06-25 08:36:47.909] Selected the bad axiom SubClassOf(Documentation IncidentType).
[2026-06-25 08:36:47.912] Found 72 possible bad axioms.
[2026-06-25 08:36:47.912] Selected the bad axiom ClassAssertion(TypeOfHarm skin_tear).
[2026-06-25 08:36:47.913] Found 71 possible bad axioms.
[2026-06-25 08:36:47.913] Selected the bad axiom SubClassOf(Fall ObjectSomeValuesFrom(involvesActivity owl:Nothing)).
[2026-06-25 08:36:47.916] Finished repairing the ontology.
Repairing with A2 (not-in-largest-mcs-removal)...
[2026-06-25 08:36:47.917] Checking precondition...
[2026-06-25 08:36:47.924] Starting the repair...
[2026-06-25 08:36:49.169] Found 2 possible bad axioms.
[2026-06-25 08:36:49.169] Selected the bad axiom SubClassOf(Fall ObjectSomeValuesFrom(involvesActivity owl:Nothing)).
[2026-06-25 08:36:49.170] Finished repairing the ontology.
Repairing with A3 (default-weakening)...
[2026-06-25 08:36:49.171] Checking precondition...
[2026-06-25 08:36:49.173] Starting the repair...
[2026-06-25 08:36:49.182] Selected a reference ontology with 152 axioms.
[2026-06-25 08:36:49.389] Selected the bad axiom ClassAssertion(Patient pt).
[2026-06-25 08:36:49.411] Selected the weaker axiom ClassAssertion(Person pt).
[2026-06-25 08:36:49.612] Selected the bad axiom SubClassOf(Fall ObjectSomeValuesFrom(involvesActivity owl:Nothing)).
[2026-06-25 08:36:49.658] Selected the weaker axiom SubClassOf(Fall ObjectSomeValuesFrom(involvesActivity IncidentHistory)).
[2026-06-25 08:36:49.659] Finished repairing the ontology.
Repairing with B1 (bad-in_some_mus-weaker-random)...
[2026-06-25 08:36:49.659] Checking precondition...
[2026-06-25 08:36:49.661] Starting the repair...
[2026-06-25 08:36:49.667] Selected a reference ontology with 152 a
...[truncated]
FAIL: attempt=8 seed=99447 status=time_limit_exceeded stage=B4 message=Repair timeout: B4 exceeded 300 seconds
progress: ontology=MEDEON attempt=8 success=4/100
----- MEDEON attempt=9 seed=113647 at 2026-06-25 08:41:58 -----
--- stdout ---
{"seed":113647,"run_id":"20260624134028346645","trial_status":"success","error_type":null,"failure_stage":null,"error_message":null,"iic_values":{"B1_vs_A1":0.23170731707317074,"B1_vs_A2":0.0,"B1_vs_A3":0.5,"B2_vs_A1":0.23170731707317074,"B2_vs_A2":0.0,"B2_vs_A3":0.5,"B3_vs_A1":1.0,"B3_vs_A2":0.5,"B3_vs_A3":1.0,"B4_vs_A1":1.0,"B4_vs_A2":0.5,"B4_vs_A3":1.0,"B5_vs_A1":1.0,"B5_vs_A2":0.5,"B5_vs_A3":1.0,"B6_vs_A1":1.0,"B6_vs_A2":0.5,"B6_vs_A3":1.0,"B7_vs_A1":1.0,"B7_vs_A2":0.5,"B7_vs_A3":1.0,"B8_vs_A1":1.0,"B8_vs_A2":0.5,"B8_vs_A3":1.0,"B9_vs_A1":1.0,"B9_vs_A2":0.5,"B9_vs_A3":1.0},"repair_runtimes_ms":{"A1":103,"A2":1221,"A3":309,"B1":254,"B2":4467,"B3":762,"B4":147,"B5":8064,"B6":1204,"B7":148,"B8":1644,"B9":1143}}

--- stderr ---
SingleTrialExperiment starting: ontology=/workspaces/ontologyutils-ekaw26/repair-power-index-replication-ekaw26/ontologies/inconsistent/MEDEON.owl, seed=113647, run_id=20260624134028346645
Loaded ontology.
Normalizing ontology with SROIQ normalization...
Normalized ontology with SROIQ normalization.
Ontology is already inconsistent, skipping make-inconsistent step.
Repairing with A1 (random-removal)...
[2026-06-25 08:41:58.594] Checking precondition...
[2026-06-25 08:41:58.610] Starting the repair...
[2026-06-25 08:41:58.617] Found 78 possible bad axioms.
[2026-06-25 08:41:58.618] Selected the bad axiom SubClassOf(Blood-BloodProduct IncidentType).
[2026-06-25 08:41:58.624] Found 77 possible bad axioms.
[2026-06-25 08:41:58.624] Selected the bad axiom SubClassOf(NotifyManufacturer MitigatingFactor).
[2026-06-25 08:41:58.629] Found 76 possible bad axioms.
[2026-06-25 08:41:58.629] Selected the bad axiom SubClassOf(InappropriateUse ErrorType).
[2026-06-25 08:41:58.633] Found 75 possible bad axioms.
[2026-06-25 08:41:58.633] Selected the bad axiom SubClassOf(StuffActivity Activity).
[2026-06-25 08:41:58.637] Found 74 possible bad axioms.
[2026-06-25 08:41:58.637] Selected the bad axiom SubClassOf(Infrastructure-Building-Fixture IncidentType).
[2026-06-25 08:41:58.639] Found 73 possible bad axioms.
[2026-06-25 08:41:58.640] Selected the bad axiom SubClassOf(ObjectSomeValuesFrom(hasOutcome ObjectSomeValuesFrom(hasParticipant Patient)) Fall).
[2026-06-25 08:41:58.642] Found 72 possible bad axioms.
[2026-06-25 08:41:58.643] Selected the bad axiom ObjectPropertyAssertion(hasParticipant slip_down pt).
[2026-06-25 08:41:58.644] Found 71 possible bad axioms.
[2026-06-25 08:41:58.644] Selected the bad axiom SubClassOf(Delay ErrorType).
[2026-06-25 08:41:58.649] Found 70 possible bad axioms.
[2026-06-25 08:41:58.649] Selected the bad axiom ObjectPropertyAssertion(causes slip_down fracture).
[2026-06-25 08:41:58.649] Found 69 possible bad axioms.
[2026-06-25 08:41:58.650] Selected the bad axiom SubClassOf(Therapy Action).
[2026-06-25 08:41:58.656] Found 68 possible bad axioms.
[2026-06-25 08:41:58.656] Selected the bad axiom SubClassOf(Pathology-Laboratory IncidentType).
[2026-06-25 08:41:58.659] Found 67 possible bad axioms.
[2026-06-25 08:41:58.659] Selected the bad axiom SubClassOf(ObjectSomeValuesFrom(involvesActivity ObjectSomeValuesFrom(hasParticipant Patient)) Fall).
[2026-06-25 08:41:58.662] Found 66 possible bad axioms.
[2026-06-25 08:41:58.662] Selected the bad axiom SubClassOf(StopUse MitigatingFactor).
[2026-06-25 08:41:58.668] Found 65 possible bad axioms.
[2026-06-25 08:41:58.669] Selected the bad axiom ClassAssertion(IncidentType patient_fall).
[2026-06-25 08:41:58.669] Found 64 possible bad axioms.
[2026-06-25 08:41:58.669] Selected the bad axiom SubClassOf(HealthcareAssociatedInfection IncidentType).
[2026-06-25 08:41:58.672] Found 63 possible bad axioms.
[2026-06-25 08:41:58.672] Selected the bad axiom SubClassOf(CheckDevice StuffActivity).
[2
...[truncated]
SUCCESS: attempt=9 seed=113647 success_count=5/100
progress: ontology=MEDEON attempt=9 success=5/100
----- MEDEON attempt=10 seed=127847 at 2026-06-25 08:42:18 -----
--- stdout ---
{"seed":127847,"run_id":"20260624134028346645","trial_status":"success","error_type":null,"failure_stage":null,"error_message":null,"iic_values":{"B1_vs_A1":0.3627450980392157,"B1_vs_A2":0.5,"B1_vs_A3":0.0,"B2_vs_A1":1.0,"B2_vs_A2":1.0,"B2_vs_A3":1.0,"B3_vs_A1":1.0,"B3_vs_A2":1.0,"B3_vs_A3":1.0,"B4_vs_A1":1.0,"B4_vs_A2":1.0,"B4_vs_A3":1.0,"B5_vs_A1":1.0,"B5_vs_A2":1.0,"B5_vs_A3":1.0,"B6_vs_A1":1.0,"B6_vs_A2":1.0,"B6_vs_A3":1.0,"B7_vs_A1":1.0,"B7_vs_A2":1.0,"B7_vs_A3":1.0,"B8_vs_A1":1.0,"B8_vs_A2":1.0,"B8_vs_A3":1.0,"B9_vs_A1":1.0,"B9_vs_A2":1.0,"B9_vs_A3":1.0},"repair_runtimes_ms":{"A1":126,"A2":1155,"A3":486,"B1":250,"B2":3294,"B3":2040,"B4":219,"B5":1702,"B6":1120,"B7":249,"B8":7800,"B9":1122}}

--- stderr ---
SingleTrialExperiment starting: ontology=/workspaces/ontologyutils-ekaw26/repair-power-index-replication-ekaw26/ontologies/inconsistent/MEDEON.owl, seed=127847, run_id=20260624134028346645
Loaded ontology.
Normalizing ontology with SROIQ normalization...
Normalized ontology with SROIQ normalization.
Ontology is already inconsistent, skipping make-inconsistent step.
Repairing with A1 (random-removal)...
[2026-06-25 08:42:18.783] Checking precondition...
[2026-06-25 08:42:18.799] Starting the repair...
[2026-06-25 08:42:18.806] Found 78 possible bad axioms.
[2026-06-25 08:42:18.807] Selected the bad axiom SubClassOf(Delay ErrorType).
[2026-06-25 08:42:18.813] Found 77 possible bad axioms.
[2026-06-25 08:42:18.814] Selected the bad axiom SubClassOf(ObjectSomeValuesFrom(hasOutcome ObjectSomeValuesFrom(hasParticipant Patient)) Fall).
[2026-06-25 08:42:18.818] Found 76 possible bad axioms.
[2026-06-25 08:42:18.818] Selected the bad axiom SubClassOf(InappropriateUse ErrorType).
[2026-06-25 08:42:18.822] Found 75 possible bad axioms.
[2026-06-25 08:42:18.822] Selected the bad axiom SubClassOf(MedicalDevice-Equipment IncidentType).
[2026-06-25 08:42:18.825] Found 74 possible bad axioms.
[2026-06-25 08:42:18.826] Selected the bad axiom SubClassOf(DegreeOfHarm PatientOutcome).
[2026-06-25 08:42:18.828] Found 73 possible bad axioms.
[2026-06-25 08:42:18.829] Selected the bad axiom SubClassOf(PressureUlcer IncidentType).
[2026-06-25 08:42:18.831] Found 72 possible bad axioms.
[2026-06-25 08:42:18.831] Selected the bad axiom SubClassOf(StateOfCare TemporalInfo).
[2026-06-25 08:42:18.835] Found 71 possible bad axioms.
[2026-06-25 08:42:18.835] Selected the bad axiom SubClassOf(UseError ErrorType).
[2026-06-25 08:42:18.837] Found 70 possible bad axioms.
[2026-06-25 08:42:18.837] Selected the bad axiom SubClassOf(ErrorType IncidentCharacteristic).
[2026-06-25 08:42:18.840] Found 69 possible bad axioms.
[2026-06-25 08:42:18.840] Selected the bad axiom ClassAssertion(TypeOfHarm fracture).
[2026-06-25 08:42:18.845] Found 68 possible bad axioms.
[2026-06-25 08:42:18.845] Selected the bad axiom SubClassOf(NotifyManufacturer MitigatingFactor).
[2026-06-25 08:42:18.847] Found 67 possible bad axioms.
[2026-06-25 08:42:18.848] Selected the bad axiom SubClassOf(Infrastructure-Building-Fixture PatientBehaviour).
[2026-06-25 08:42:18.854] Found 66 possible bad axioms.
[2026-06-25 08:42:18.855] Selected the bad axiom SubClassOf(DeviceType DeviceCharacteristic).
[2026-06-25 08:42:18.857] Found 65 possible bad axioms.
[2026-06-25 08:42:18.857] Selected the bad axiom SubClassOf(Documentation IncidentType).
[2026-06-25 08:42:18.859] Found 64 possible bad axioms.
[2026-06-25 08:42:18.859] Selected the bad axiom ClassAssertion(IncidentType patient_fall).
[2026-06-25 08:42:18.860] Found 63 possible bad axioms.
[2026-06-25 08:42:18.860] Selected the bad axiom SubClassOf(IncidentHistory PatientCharacteristic).
[2026-06-25 08:42:18.862] Found 62 possible bad axioms.
[2026-06-25 08:42:1
...[truncated]
SUCCESS: attempt=10 seed=127847 success_count=6/100
progress: ontology=MEDEON attempt=10 success=6/100
----- MEDEON attempt=11 seed=142047 at 2026-06-25 08:42:39 -----
--- stdout ---
{"seed":142047,"run_id":"20260624134028346645","trial_status":"success","error_type":null,"failure_stage":null,"error_message":null,"iic_values":{"B1_vs_A1":0.375,"B1_vs_A2":0.5,"B1_vs_A3":0.5,"B2_vs_A1":1.0,"B2_vs_A2":1.0,"B2_vs_A3":1.0,"B3_vs_A1":1.0,"B3_vs_A2":1.0,"B3_vs_A3":1.0,"B4_vs_A1":1.0,"B4_vs_A2":1.0,"B4_vs_A3":1.0,"B5_vs_A1":1.0,"B5_vs_A2":1.0,"B5_vs_A3":1.0,"B6_vs_A1":1.0,"B6_vs_A2":1.0,"B6_vs_A3":1.0,"B7_vs_A1":1.0,"B7_vs_A2":1.0,"B7_vs_A3":1.0,"B8_vs_A1":1.0,"B8_vs_A2":1.0,"B8_vs_A3":1.0,"B9_vs_A1":1.0,"B9_vs_A2":1.0,"B9_vs_A3":1.0},"repair_runtimes_ms":{"A1":129,"A2":1181,"A3":520,"B1":240,"B2":3318,"B3":2059,"B4":82,"B5":1736,"B6":1065,"B7":175,"B8":7848,"B9":6409}}

--- stderr ---
SingleTrialExperiment starting: ontology=/workspaces/ontologyutils-ekaw26/repair-power-index-replication-ekaw26/ontologies/inconsistent/MEDEON.owl, seed=142047, run_id=20260624134028346645
Loaded ontology.
Normalizing ontology with SROIQ normalization...
Normalized ontology with SROIQ normalization.
Ontology is already inconsistent, skipping make-inconsistent step.
Repairing with A1 (random-removal)...
[2026-06-25 08:42:39.999] Checking precondition...
[2026-06-25 08:42:40.017] Starting the repair...
[2026-06-25 08:42:40.024] Found 78 possible bad axioms.
[2026-06-25 08:42:40.025] Selected the bad axiom ObjectPropertyAssertion(causes slip_down skin_tear).
[2026-06-25 08:42:40.027] Found 77 possible bad axioms.
[2026-06-25 08:42:40.028] Selected the bad axiom ObjectPropertyAssertion(causes slip_down fracture).
[2026-06-25 08:42:40.029] Found 76 possible bad axioms.
[2026-06-25 08:42:40.029] Selected the bad axiom SubClassOf(MonitoringDevice Device/Equipment).
[2026-06-25 08:42:40.035] Found 75 possible bad axioms.
[2026-06-25 08:42:40.036] Selected the bad axiom SubClassOf(DeviceType DeviceCharacteristic).
[2026-06-25 08:42:40.040] Found 74 possible bad axioms.
[2026-06-25 08:42:40.040] Selected the bad axiom ObjectPropertyAssertion(involvesActivity patient_fall slip_down).
[2026-06-25 08:42:40.041] Found 73 possible bad axioms.
[2026-06-25 08:42:40.041] Selected the bad axiom SubClassOf(ErrorType IncidentCharacteristic).
[2026-06-25 08:42:40.045] Found 72 possible bad axioms.
[2026-06-25 08:42:40.045] Selected the bad axiom SubClassOf(Resource-OrganizationalManagement IncidentType).
[2026-06-25 08:42:40.049] Found 71 possible bad axioms.
[2026-06-25 08:42:40.049] Selected the bad axiom SubClassOf(Fall ObjectSomeValuesFrom(hasOutcome ObjectSomeValuesFrom(hasParticipant Patient))).
[2026-06-25 08:42:40.051] Found 70 possible bad axioms.
[2026-06-25 08:42:40.051] Selected the bad axiom SubClassOf(UseError ErrorType).
[2026-06-25 08:42:40.054] Found 69 possible bad axioms.
[2026-06-25 08:42:40.054] Selected the bad axiom SubClassOf(Time TemporalInfo).
[2026-06-25 08:42:40.057] Found 68 possible bad axioms.
[2026-06-25 08:42:40.057] Selected the bad axiom SubClassOf(DegreeOfHarm PatientOutcome).
[2026-06-25 08:42:40.064] Found 67 possible bad axioms.
[2026-06-25 08:42:40.064] Selected the bad axiom SubClassOf(ObjectSomeValuesFrom(involvesActivity ObjectSomeValuesFrom(hasParticipant Patient)) Fall).
[2026-06-25 08:42:40.067] Found 66 possible bad axioms.
[2026-06-25 08:42:40.067] Selected the bad axiom ClassAssertion(PatientActivity slip_down).
[2026-06-25 08:42:40.067] Found 65 possible bad axioms.
[2026-06-25 08:42:40.067] Selected the bad axiom SubClassOf(CheckDevice StuffActivity).
[2026-06-25 08:42:40.070] Found 64 possible bad axioms.
[2026-06-25 08:42:40.070] Selected the bad axiom SubClassOf(Pathology-Laboratory IncidentType).
[2026-06-25 08:42:40.077] Found 63 possible bad axioms.
[2026-06-25 08:42:40.077] Selected the bad axiom SubClassOf(Dev
...[truncated]
SUCCESS: attempt=11 seed=142047 success_count=7/100
progress: ontology=MEDEON attempt=11 success=7/100
----- MEDEON attempt=12 seed=156247 at 2026-06-25 08:43:07 -----
--- stdout ---
{"seed":156247,"run_id":"20260624134028346645","trial_status":"success","error_type":null,"failure_stage":null,"error_message":null,"iic_values":{"B1_vs_A1":1.0,"B1_vs_A2":0.5,"B1_vs_A3":0.5,"B2_vs_A1":1.0,"B2_vs_A2":0.5,"B2_vs_A3":0.5,"B3_vs_A1":1.0,"B3_vs_A2":0.0,"B3_vs_A3":0.0,"B4_vs_A1":1.0,"B4_vs_A2":0.5,"B4_vs_A3":0.5,"B5_vs_A1":1.0,"B5_vs_A2":0.5,"B5_vs_A3":0.5,"B6_vs_A1":1.0,"B6_vs_A2":0.5,"B6_vs_A3":0.5,"B7_vs_A1":1.0,"B7_vs_A2":0.5,"B7_vs_A3":0.5,"B8_vs_A1":1.0,"B8_vs_A2":0.5,"B8_vs_A3":0.5,"B9_vs_A1":1.0,"B9_vs_A2":0.5,"B9_vs_A3":0.5},"repair_runtimes_ms":{"A1":122,"A2":1208,"A3":454,"B1":631,"B2":1236,"B3":3599,"B4":146,"B5":7394,"B6":5538,"B7":122,"B8":7482,"B9":5619}}

--- stderr ---
SingleTrialExperiment starting: ontology=/workspaces/ontologyutils-ekaw26/repair-power-index-replication-ekaw26/ontologies/inconsistent/MEDEON.owl, seed=156247, run_id=20260624134028346645
Loaded ontology.
Normalizing ontology with SROIQ normalization...
Normalized ontology with SROIQ normalization.
Ontology is already inconsistent, skipping make-inconsistent step.
Repairing with A1 (random-removal)...
[2026-06-25 08:43:07.351] Checking precondition...
[2026-06-25 08:43:07.368] Starting the repair...
[2026-06-25 08:43:07.375] Found 78 possible bad axioms.
[2026-06-25 08:43:07.376] Selected the bad axiom SubClassOf(DeviceName DeviceCharacteristic).
[2026-06-25 08:43:07.381] Found 77 possible bad axioms.
[2026-06-25 08:43:07.381] Selected the bad axiom SubClassOf(PhysicalCondition PatientCharacteristic).
[2026-06-25 08:43:07.386] Found 76 possible bad axioms.
[2026-06-25 08:43:07.386] Selected the bad axiom ObjectPropertyAssertion(involvesActivity patient_fall slip_down).
[2026-06-25 08:43:07.387] Found 75 possible bad axioms.
[2026-06-25 08:43:07.388] Selected the bad axiom SubClassOf(Fall ObjectSomeValuesFrom(involvesActivity ObjectSomeValuesFrom(hasParticipant Patient))).
[2026-06-25 08:43:07.392] Found 74 possible bad axioms.
[2026-06-25 08:43:07.392] Selected the bad axiom SubClassOf(Timing TemporalInfo).
[2026-06-25 08:43:07.395] Found 73 possible bad axioms.
[2026-06-25 08:43:07.396] Selected the bad axiom SubClassOf(AssistiveDevice Device/Equipment).
[2026-06-25 08:43:07.398] Found 72 possible bad axioms.
[2026-06-25 08:43:07.398] Selected the bad axiom SubClassOf(PatientActivity Activity).
[2026-06-25 08:43:07.401] Found 71 possible bad axioms.
[2026-06-25 08:43:07.401] Selected the bad axiom SubClassOf(InjuryAssessment Assessment).
[2026-06-25 08:43:07.404] Found 70 possible bad axioms.
[2026-06-25 08:43:07.404] Selected the bad axiom ObjectPropertyAssertion(hasParticipant skin_tear pt).
[2026-06-25 08:43:07.404] Found 69 possible bad axioms.
[2026-06-25 08:43:07.404] Selected the bad axiom SubClassOf(Site PatientOutcome).
[2026-06-25 08:43:07.406] Found 68 possible bad axioms.
[2026-06-25 08:43:07.407] Selected the bad axiom SubClassOf(ImmediateAction Action).
[2026-06-25 08:43:07.414] Found 67 possible bad axioms.
[2026-06-25 08:43:07.414] Selected the bad axiom SubClassOf(Timing StateOfCare).
[2026-06-25 08:43:07.417] Found 66 possible bad axioms.
[2026-06-25 08:43:07.417] Selected the bad axiom SubClassOf(Blood-BloodProduct IncidentType).
[2026-06-25 08:43:07.424] Found 65 possible bad axioms.
[2026-06-25 08:43:07.424] Selected the bad axiom SubClassOf(PressureUlcer IncidentType).
[2026-06-25 08:43:07.426] Found 64 possible bad axioms.
[2026-06-25 08:43:07.427] Selected the bad axiom SubClassOf(ErrorType IncidentCharacteristic).
[2026-06-25 08:43:07.429] Found 63 possible bad axioms.
[2026-06-25 08:43:07.429] Selected the bad axiom SubClassOf(Therapy Action).
[2026-06-25 08:43:07.432] Found 62 possible bad axioms.
[2026-06-25 08:43:07
...[truncated]
SUCCESS: attempt=12 seed=156247 success_count=8/100
progress: ontology=MEDEON attempt=12 success=8/100
----- MEDEON attempt=13 seed=170447 at 2026-06-25 08:43:41 -----
--- stdout ---
{"seed":170447,"run_id":"20260624134028346645","trial_status":"time_limit_exceeded","error_type":"timeout","failure_stage":"B7","error_message":"Repair timeout: B7 exceeded 300 seconds","iic_values":{},"repair_runtimes_ms":{"A1":45,"A2":1260,"A3":306,"B1":439,"B2":4887,"B3":3241,"B4":194,"B5":7837,"B6":1060,"B7":300001}}

--- stderr ---
SingleTrialExperiment starting: ontology=/workspaces/ontologyutils-ekaw26/repair-power-index-replication-ekaw26/ontologies/inconsistent/MEDEON.owl, seed=170447, run_id=20260624134028346645
Loaded ontology.
Normalizing ontology with SROIQ normalization...
Normalized ontology with SROIQ normalization.
Ontology is already inconsistent, skipping make-inconsistent step.
Repairing with A1 (random-removal)...
[2026-06-25 08:43:41.697] Checking precondition...
[2026-06-25 08:43:41.713] Starting the repair...
[2026-06-25 08:43:41.719] Found 78 possible bad axioms.
[2026-06-25 08:43:41.721] Selected the bad axiom SubClassOf(Delay ErrorType).
[2026-06-25 08:43:41.726] Found 77 possible bad axioms.
[2026-06-25 08:43:41.727] Selected the bad axiom SubClassOf(InappropriateUse ErrorType).
[2026-06-25 08:43:41.732] Found 76 possible bad axioms.
[2026-06-25 08:43:41.732] Selected the bad axiom SubClassOf(Fall ObjectSomeValuesFrom(involvesActivity owl:Nothing)).
[2026-06-25 08:43:41.737] Finished repairing the ontology.
Repairing with A2 (not-in-largest-mcs-removal)...
[2026-06-25 08:43:41.738] Checking precondition...
[2026-06-25 08:43:41.745] Starting the repair...
[2026-06-25 08:43:42.996] Found 2 possible bad axioms.
[2026-06-25 08:43:42.996] Selected the bad axiom ClassAssertion(Patient pt).
[2026-06-25 08:43:42.998] Finished repairing the ontology.
Repairing with A3 (default-weakening)...
[2026-06-25 08:43:43.000] Checking precondition...
[2026-06-25 08:43:43.002] Starting the repair...
[2026-06-25 08:43:43.016] Selected a reference ontology with 150 axioms.
[2026-06-25 08:43:43.236] Selected the bad axiom SubClassOf(Fall ObjectSomeValuesFrom(involvesActivity owl:Nothing)).
[2026-06-25 08:43:43.303] Selected the weaker axiom SubClassOf(Fall ObjectSomeValuesFrom(involvesActivity InappropriateUse)).
[2026-06-25 08:43:43.305] Finished repairing the ontology.
Repairing with B1 (bad-in_some_mus-weaker-random)...
[2026-06-25 08:43:43.306] Checking precondition...
[2026-06-25 08:43:43.308] Starting the repair...
[2026-06-25 08:43:43.316] Selected a reference ontology with 152 axioms.
[2026-06-25 08:43:43.509] Selected the bad axiom ClassAssertion(Patient pt).
[2026-06-25 08:43:43.516] Selected the weaker axiom ClassAssertion(Person pt).
[2026-06-25 08:43:43.706] Selected the bad axiom SubClassOf(Fall ObjectSomeValuesFrom(involvesActivity owl:Nothing)).
[2026-06-25 08:43:43.743] Selected the weaker axiom SubClassOf(Fall PhysicianActivity).
[2026-06-25 08:43:43.744] Finished repairing the ontology.
Repairing with B2 (bad-in_some_mus-weaker-shapley)...
[2026-06-25 08:43:43.746] Checking precondition...
[2026-06-25 08:43:43.748] Starting the repair...
[2026-06-25 08:43:43.753] Selected a reference ontology with 152 axioms.
[2026-06-25 08:43:43.934] Selected the bad axiom ClassAssertion(Patient pt).
[PowerIndexWeakerAxiomSelector] Scoring 1 candidate weakenings for Patient(pt)
[PowerIndexWeakerAxiomSelector] Selected weaker axiom: Person(pt)
[2026-06-25 08:43:44.177] Se
...[truncated]
FAIL: attempt=13 seed=170447 status=time_limit_exceeded stage=B7 message=Repair timeout: B7 exceeded 300 seconds
progress: ontology=MEDEON attempt=13 success=8/100
----- MEDEON attempt=14 seed=184647 at 2026-06-25 08:49:01 -----
--- stdout ---
{"seed":184647,"run_id":"20260624134028346645","trial_status":"time_limit_exceeded","error_type":"timeout","failure_stage":"B7","error_message":"Repair timeout: B7 exceeded 300 seconds","iic_values":{},"repair_runtimes_ms":{"A1":119,"A2":1196,"A3":318,"B1":448,"B2":4617,"B3":3296,"B4":305,"B5":1742,"B6":5582,"B7":300001}}

--- stderr ---
SingleTrialExperiment starting: ontology=/workspaces/ontologyutils-ekaw26/repair-power-index-replication-ekaw26/ontologies/inconsistent/MEDEON.owl, seed=184647, run_id=20260624134028346645
Loaded ontology.
Normalizing ontology with SROIQ normalization...
Normalized ontology with SROIQ normalization.
Ontology is already inconsistent, skipping make-inconsistent step.
Repairing with A1 (random-removal)...
[2026-06-25 08:49:01.467] Checking precondition...
[2026-06-25 08:49:01.483] Starting the repair...
[2026-06-25 08:49:01.490] Found 78 possible bad axioms.
[2026-06-25 08:49:01.491] Selected the bad axiom SubClassOf(StuffActivity Activity).
[2026-06-25 08:49:01.497] Found 77 possible bad axioms.
[2026-06-25 08:49:01.498] Selected the bad axiom ObjectPropertyAssertion(hasParticipant fracture pt).
[2026-06-25 08:49:01.499] Found 76 possible bad axioms.
[2026-06-25 08:49:01.500] Selected the bad axiom SubClassOf(Pathology-Laboratory IncidentType).
[2026-06-25 08:49:01.504] Found 75 possible bad axioms.
[2026-06-25 08:49:01.504] Selected the bad axiom SubClassOf(InappropriateUse ErrorType).
[2026-06-25 08:49:01.509] Found 74 possible bad axioms.
[2026-06-25 08:49:01.509] Selected the bad axiom SubClassOf(NotifyManufacturer MitigatingFactor).
[2026-06-25 08:49:01.512] Found 73 possible bad axioms.
[2026-06-25 08:49:01.512] Selected the bad axiom SubClassOf(Timing TemporalInfo).
[2026-06-25 08:49:01.515] Found 72 possible bad axioms.
[2026-06-25 08:49:01.515] Selected the bad axiom ObjectPropertyAssertion(causes slip_down fracture).
[2026-06-25 08:49:01.516] Found 71 possible bad axioms.
[2026-06-25 08:49:01.516] Selected the bad axiom ObjectPropertyAssertion(hasParticipant slip_down pt).
[2026-06-25 08:49:01.517] Found 70 possible bad axioms.
[2026-06-25 08:49:01.518] Selected the bad axiom SubClassOf(DeviceFailure ErrorType).
[2026-06-25 08:49:01.520] Found 69 possible bad axioms.
[2026-06-25 08:49:01.520] Selected the bad axiom SubClassOf(MissingInstrument ErrorType).
[2026-06-25 08:49:01.523] Found 68 possible bad axioms.
[2026-06-25 08:49:01.523] Selected the bad axiom SubClassOf(MentalStatus PatientCharacteristic).
[2026-06-25 08:49:01.529] Found 67 possible bad axioms.
[2026-06-25 08:49:01.529] Selected the bad axiom SubClassOf(Patient Person).
[2026-06-25 08:49:01.532] Found 66 possible bad axioms.
[2026-06-25 08:49:01.532] Selected the bad axiom ClassAssertion(TypeOfHarm skin_tear).
[2026-06-25 08:49:01.533] Found 65 possible bad axioms.
[2026-06-25 08:49:01.533] Selected the bad axiom SubClassOf(Timing StateOfCare).
[2026-06-25 08:49:01.535] Found 64 possible bad axioms.
[2026-06-25 08:49:01.535] Selected the bad axiom SubClassOf(StopUse MitigatingFactor).
[2026-06-25 08:49:01.542] Found 63 possible bad axioms.
[2026-06-25 08:49:01.542] Selected the bad axiom SubClassOf(Social/EconomicalImpact PatientOutcome).
[2026-06-25 08:49:01.544] Found 62 possible bad axioms.
[2026-06-25 08:49:01.544] Selected the bad axiom SubClassOf(IncidentHistory Pati
...[truncated]
FAIL: attempt=14 seed=184647 status=time_limit_exceeded stage=B7 message=Repair timeout: B7 exceeded 300 seconds
progress: ontology=MEDEON attempt=14 success=8/100
----- MEDEON attempt=15 seed=198847 at 2026-06-25 08:54:19 -----
--- stdout ---
{"seed":198847,"run_id":"20260624134028346645","trial_status":"success","error_type":null,"failure_stage":null,"error_message":null,"iic_values":{"B1_vs_A1":1.0,"B1_vs_A2":1.0,"B1_vs_A3":1.0,"B2_vs_A1":0.17105263157894737,"B2_vs_A2":1.0,"B2_vs_A3":0.5,"B3_vs_A1":0.17105263157894737,"B3_vs_A2":1.0,"B3_vs_A3":0.5,"B4_vs_A1":1.0,"B4_vs_A2":1.0,"B4_vs_A3":1.0,"B5_vs_A1":1.0,"B5_vs_A2":1.0,"B5_vs_A3":1.0,"B6_vs_A1":1.0,"B6_vs_A2":1.0,"B6_vs_A3":1.0,"B7_vs_A1":1.0,"B7_vs_A2":1.0,"B7_vs_A3":1.0,"B8_vs_A1":1.0,"B8_vs_A2":1.0,"B8_vs_A3":1.0,"B9_vs_A1":1.0,"B9_vs_A2":1.0,"B9_vs_A3":1.0},"repair_runtimes_ms":{"A1":90,"A2":1210,"A3":306,"B1":388,"B2":4927,"B3":3343,"B4":276,"B5":1693,"B6":1065,"B7":207,"B8":7675,"B9":5641}}

--- stderr ---
SingleTrialExperiment starting: ontology=/workspaces/ontologyutils-ekaw26/repair-power-index-replication-ekaw26/ontologies/inconsistent/MEDEON.owl, seed=198847, run_id=20260624134028346645
Loaded ontology.
Normalizing ontology with SROIQ normalization...
Normalized ontology with SROIQ normalization.
Ontology is already inconsistent, skipping make-inconsistent step.
Repairing with A1 (random-removal)...
[2026-06-25 08:54:19.573] Checking precondition...
[2026-06-25 08:54:19.590] Starting the repair...
[2026-06-25 08:54:19.597] Found 78 possible bad axioms.
[2026-06-25 08:54:19.599] Selected the bad axiom SubClassOf(HealthcareAssociatedInfection IncidentType).
[2026-06-25 08:54:19.606] Found 77 possible bad axioms.
[2026-06-25 08:54:19.606] Selected the bad axiom SubClassOf(Pathology-Laboratory IncidentType).
[2026-06-25 08:54:19.612] Found 76 possible bad axioms.
[2026-06-25 08:54:19.612] Selected the bad axiom SubClassOf(IncidentHistory PatientCharacteristic).
[2026-06-25 08:54:19.616] Found 75 possible bad axioms.
[2026-06-25 08:54:19.616] Selected the bad axiom SubClassOf(CheckDevice StuffActivity).
[2026-06-25 08:54:19.620] Found 74 possible bad axioms.
[2026-06-25 08:54:19.620] Selected the bad axiom SubClassOf(MedicalDevice-Equipment IncidentType).
[2026-06-25 08:54:19.623] Found 73 possible bad axioms.
[2026-06-25 08:54:19.623] Selected the bad axiom SubClassOf(DeviceName DeviceCharacteristic).
[2026-06-25 08:54:19.626] Found 72 possible bad axioms.
[2026-06-25 08:54:19.626] Selected the bad axiom SubClassOf(Documentation IncidentType).
[2026-06-25 08:54:19.628] Found 71 possible bad axioms.
[2026-06-25 08:54:19.629] Selected the bad axiom SubClassOf(Social/EconomicalImpact PatientOutcome).
[2026-06-25 08:54:19.631] Found 70 possible bad axioms.
[2026-06-25 08:54:19.631] Selected the bad axiom SubClassOf(Infrastructure-Building-Fixture IncidentType).
[2026-06-25 08:54:19.639] Found 69 possible bad axioms.
[2026-06-25 08:54:19.639] Selected the bad axiom SubClassOf(SkinTear TypeOfHarm).
[2026-06-25 08:54:19.642] Found 68 possible bad axioms.
[2026-06-25 08:54:19.642] Selected the bad axiom SubClassOf(Fall ObjectSomeValuesFrom(involvesActivity ObjectSomeValuesFrom(hasParticipant Patient))).
[2026-06-25 08:54:19.649] Found 67 possible bad axioms.
[2026-06-25 08:54:19.650] Selected the bad axiom SubClassOf(Resource-OrganizationalManagement IncidentType).
[2026-06-25 08:54:19.652] Found 66 possible bad axioms.
[2026-06-25 08:54:19.653] Selected the bad axiom ClassAssertion(TypeOfHarm fracture).
[2026-06-25 08:54:19.654] Found 65 possible bad axioms.
[2026-06-25 08:54:19.654] Selected the bad axiom SubClassOf(PatientAccident IncidentType).
[2026-06-25 08:54:19.656] Found 64 possible bad axioms.
[2026-06-25 08:54:19.657] Selected the bad axiom ClassAssertion(SkinTear skin_tear).
[2026-06-25 08:54:19.657] Found 63 possible bad axioms.
[2026-06-25 08:54:19.658] Selected the bad axiom ClassAssertion(Patient pt).
[2026-06-25 08:54:19.659] Finished rep
...[truncated]
SUCCESS: attempt=15 seed=198847 success_count=9/100
progress: ontology=MEDEON attempt=15 success=9/100
----- MEDEON attempt=16 seed=213047 at 2026-06-25 08:54:46 -----
--- stdout ---
{"seed":213047,"run_id":"20260624134028346645","trial_status":"success","error_type":null,"failure_stage":null,"error_message":null,"iic_values":{"B1_vs_A1":0.029850746268656716,"B1_vs_A2":0.5,"B1_vs_A3":0.5,"B2_vs_A1":1.0,"B2_vs_A2":1.0,"B2_vs_A3":1.0,"B3_vs_A1":0.03076923076923077,"B3_vs_A2":1.0,"B3_vs_A3":1.0,"B4_vs_A1":1.0,"B4_vs_A2":1.0,"B4_vs_A3":1.0,"B5_vs_A1":1.0,"B5_vs_A2":1.0,"B5_vs_A3":1.0,"B6_vs_A1":1.0,"B6_vs_A2":1.0,"B6_vs_A3":1.0,"B7_vs_A1":1.0,"B7_vs_A2":1.0,"B7_vs_A3":1.0,"B8_vs_A1":1.0,"B8_vs_A2":1.0,"B8_vs_A3":1.0,"B9_vs_A1":1.0,"B9_vs_A2":1.0,"B9_vs_A3":1.0},"repair_runtimes_ms":{"A1":35,"A2":1259,"A3":318,"B1":259,"B2":739,"B3":3445,"B4":323,"B5":1710,"B6":5382,"B7":226,"B8":7870,"B9":1074}}

--- stderr ---
SingleTrialExperiment starting: ontology=/workspaces/ontologyutils-ekaw26/repair-power-index-replication-ekaw26/ontologies/inconsistent/MEDEON.owl, seed=213047, run_id=20260624134028346645
Loaded ontology.
Normalizing ontology with SROIQ normalization...
Normalized ontology with SROIQ normalization.
Ontology is already inconsistent, skipping make-inconsistent step.
Repairing with A1 (random-removal)...
[2026-06-25 08:54:47.107] Checking precondition...
[2026-06-25 08:54:47.122] Starting the repair...
[2026-06-25 08:54:47.129] Found 78 possible bad axioms.
[2026-06-25 08:54:47.130] Selected the bad axiom SubClassOf(CheckDevice StuffActivity).
[2026-06-25 08:54:47.136] Found 77 possible bad axioms.
[2026-06-25 08:54:47.137] Selected the bad axiom ClassAssertion(Patient pt).
[2026-06-25 08:54:47.138] Finished repairing the ontology.
Repairing with A2 (not-in-largest-mcs-removal)...
[2026-06-25 08:54:47.139] Checking precondition...
[2026-06-25 08:54:47.148] Starting the repair...
[2026-06-25 08:54:48.397] Found 2 possible bad axioms.
[2026-06-25 08:54:48.397] Selected the bad axiom SubClassOf(Fall ObjectSomeValuesFrom(involvesActivity owl:Nothing)).
[2026-06-25 08:54:48.397] Finished repairing the ontology.
Repairing with A3 (default-weakening)...
[2026-06-25 08:54:48.399] Checking precondition...
[2026-06-25 08:54:48.402] Starting the repair...
[2026-06-25 08:54:48.412] Selected a reference ontology with 152 axioms.
[2026-06-25 08:54:48.649] Selected the bad axiom SubClassOf(Fall ObjectSomeValuesFrom(involvesActivity owl:Nothing)).
[2026-06-25 08:54:48.714] Selected the weaker axiom SubClassOf(Fall ObjectSomeValuesFrom(involvesActivity Infrastructure-Building-Fixture)).
[2026-06-25 08:54:48.716] Finished repairing the ontology.
Repairing with B1 (bad-in_some_mus-weaker-random)...
[2026-06-25 08:54:48.716] Checking precondition...
[2026-06-25 08:54:48.718] Starting the repair...
[2026-06-25 08:54:48.725] Selected a reference ontology with 152 axioms.
[2026-06-25 08:54:48.925] Selected the bad axiom SubClassOf(Fall ObjectSomeValuesFrom(involvesActivity owl:Nothing)).
[2026-06-25 08:54:48.973] Selected the weaker axiom SubClassOf(Fall ObjectSomeValuesFrom(involvesActivity Site)).
[2026-06-25 08:54:48.975] Finished repairing the ontology.
Repairing with B2 (bad-in_some_mus-weaker-shapley)...
[2026-06-25 08:54:48.976] Checking precondition...
[2026-06-25 08:54:48.978] Starting the repair...
[2026-06-25 08:54:48.983] Selected a reference ontology with 152 axioms.
[2026-06-25 08:54:49.160] Selected the bad axiom ClassAssertion(Patient pt).
[PowerIndexWeakerAxiomSelector] Scoring 1 candidate weakenings for Patient(pt)
[PowerIndexWeakerAxiomSelector] Selected weaker axiom: Person(pt)
[2026-06-25 08:54:49.395] Selected the weaker axiom ClassAssertion(Person pt).
[2026-06-25 08:54:49.619] Selected the bad axiom ClassAssertion(Person pt).
[PowerIndexWeakerAxiomSelector] Scoring 1 candidate weakenings for Person(pt)
[PowerIndexWeakerAxiomSelector] Selected weak
...[truncated]
SUCCESS: attempt=16 seed=213047 success_count=10/100
progress: ontology=MEDEON attempt=16 success=10/100
----- MEDEON attempt=17 seed=227247 at 2026-06-25 08:55:10 -----
--- stdout ---
{"seed":227247,"run_id":"20260624134028346645","trial_status":"success","error_type":null,"failure_stage":null,"error_message":null,"iic_values":{"B1_vs_A1":1.0,"B1_vs_A2":0.5,"B1_vs_A3":0.5,"B2_vs_A1":0.38235294117647056,"B2_vs_A2":0.0,"B2_vs_A3":0.0,"B3_vs_A1":1.0,"B3_vs_A2":0.5,"B3_vs_A3":0.5,"B4_vs_A1":1.0,"B4_vs_A2":0.5,"B4_vs_A3":0.5,"B5_vs_A1":1.0,"B5_vs_A2":0.5,"B5_vs_A3":0.5,"B6_vs_A1":1.0,"B6_vs_A2":0.5,"B6_vs_A3":0.5,"B7_vs_A1":1.0,"B7_vs_A2":0.5,"B7_vs_A3":0.5,"B8_vs_A1":1.0,"B8_vs_A2":0.5,"B8_vs_A3":0.5,"B9_vs_A1":1.0,"B9_vs_A2":0.5,"B9_vs_A3":0.5},"repair_runtimes_ms":{"A1":134,"A2":1175,"A3":479,"B1":397,"B2":4618,"B3":538,"B4":137,"B5":7816,"B6":5153,"B7":79,"B8":1632,"B9":5607}}

--- stderr ---
SingleTrialExperiment starting: ontology=/workspaces/ontologyutils-ekaw26/repair-power-index-replication-ekaw26/ontologies/inconsistent/MEDEON.owl, seed=227247, run_id=20260624134028346645
Loaded ontology.
Normalizing ontology with SROIQ normalization...
Normalized ontology with SROIQ normalization.
Ontology is already inconsistent, skipping make-inconsistent step.
Repairing with A1 (random-removal)...
[2026-06-25 08:55:10.492] Checking precondition...
[2026-06-25 08:55:10.508] Starting the repair...
[2026-06-25 08:55:10.514] Found 78 possible bad axioms.
[2026-06-25 08:55:10.516] Selected the bad axiom SubClassOf(Social/EconomicalImpact PatientOutcome).
[2026-06-25 08:55:10.522] Found 77 possible bad axioms.
[2026-06-25 08:55:10.522] Selected the bad axiom SubClassOf(Resource-OrganizationalManagement IncidentType).
[2026-06-25 08:55:10.527] Found 76 possible bad axioms.
[2026-06-25 08:55:10.528] Selected the bad axiom ObjectPropertyAssertion(causes slip_down fracture).
[2026-06-25 08:55:10.529] Found 75 possible bad axioms.
[2026-06-25 08:55:10.529] Selected the bad axiom ClassAssertion(SkinTear skin_tear).
[2026-06-25 08:55:10.530] Found 74 possible bad axioms.
[2026-06-25 08:55:10.530] Selected the bad axiom SubClassOf(Time TemporalInfo).
[2026-06-25 08:55:10.534] Found 73 possible bad axioms.
[2026-06-25 08:55:10.534] Selected the bad axiom SubClassOf(Blood-BloodProduct IncidentType).
[2026-06-25 08:55:10.537] Found 72 possible bad axioms.
[2026-06-25 08:55:10.537] Selected the bad axiom SubClassOf(DeviceAvailability ErrorType).
[2026-06-25 08:55:10.540] Found 71 possible bad axioms.
[2026-06-25 08:55:10.540] Selected the bad axiom SubClassOf(StuffActivity Activity).
[2026-06-25 08:55:10.542] Found 70 possible bad axioms.
[2026-06-25 08:55:10.542] Selected the bad axiom SubClassOf(Timing TemporalInfo).
[2026-06-25 08:55:10.545] Found 69 possible bad axioms.
[2026-06-25 08:55:10.545] Selected the bad axiom SubClassOf(PhysicalCondition PatientCharacteristic).
[2026-06-25 08:55:10.547] Found 68 possible bad axioms.
[2026-06-25 08:55:10.548] Selected the bad axiom SubClassOf(Infrastructure-Building-Fixture IncidentType).
[2026-06-25 08:55:10.555] Found 67 possible bad axioms.
[2026-06-25 08:55:10.555] Selected the bad axiom SubClassOf(SkinTear TypeOfHarm).
[2026-06-25 08:55:10.558] Found 66 possible bad axioms.
[2026-06-25 08:55:10.558] Selected the bad axiom SubClassOf(IncidentHistory PatientCharacteristic).
[2026-06-25 08:55:10.565] Found 65 possible bad axioms.
[2026-06-25 08:55:10.565] Selected the bad axiom ObjectPropertyAssertion(hasParticipant skin_tear pt).
[2026-06-25 08:55:10.566] Found 64 possible bad axioms.
[2026-06-25 08:55:10.566] Selected the bad axiom SubClassOf(Therapy Action).
[2026-06-25 08:55:10.568] Found 63 possible bad axioms.
[2026-06-25 08:55:10.569] Selected the bad axiom SubClassOf(TypeOfHarm PatientOutcome).
[2026-06-25 08:55:10.571] Found 62 possible bad axioms.
[2026-06-25 08:55:10.571] Selected the bad axiom SubCla
...[truncated]
SUCCESS: attempt=17 seed=227247 success_count=11/100
progress: ontology=MEDEON attempt=17 success=11/100
----- MEDEON attempt=18 seed=241447 at 2026-06-25 08:55:38 -----
--- stdout ---
{"seed":241447,"run_id":"20260624134028346645","trial_status":"success","error_type":null,"failure_stage":null,"error_message":null,"iic_values":{"B1_vs_A1":1.0,"B1_vs_A2":1.0,"B1_vs_A3":1.0,"B2_vs_A1":1.0,"B2_vs_A2":1.0,"B2_vs_A3":1.0,"B3_vs_A1":1.0,"B3_vs_A2":1.0,"B3_vs_A3":1.0,"B4_vs_A1":1.0,"B4_vs_A2":1.0,"B4_vs_A3":1.0,"B5_vs_A1":1.0,"B5_vs_A2":1.0,"B5_vs_A3":1.0,"B6_vs_A1":1.0,"B6_vs_A2":1.0,"B6_vs_A3":1.0,"B7_vs_A1":1.0,"B7_vs_A2":1.0,"B7_vs_A3":1.0,"B8_vs_A1":1.0,"B8_vs_A2":1.0,"B8_vs_A3":1.0,"B9_vs_A1":1.0,"B9_vs_A2":1.0,"B9_vs_A3":1.0},"repair_runtimes_ms":{"A1":61,"A2":1231,"A3":511,"B1":423,"B2":4825,"B3":2071,"B4":175,"B5":7852,"B6":5628,"B7":99,"B8":7527,"B9":5633}}

--- stderr ---
SingleTrialExperiment starting: ontology=/workspaces/ontologyutils-ekaw26/repair-power-index-replication-ekaw26/ontologies/inconsistent/MEDEON.owl, seed=241447, run_id=20260624134028346645
Loaded ontology.
Normalizing ontology with SROIQ normalization...
Normalized ontology with SROIQ normalization.
Ontology is already inconsistent, skipping make-inconsistent step.
Repairing with A1 (random-removal)...
[2026-06-25 08:55:39.046] Checking precondition...
[2026-06-25 08:55:39.062] Starting the repair...
[2026-06-25 08:55:39.069] Found 78 possible bad axioms.
[2026-06-25 08:55:39.070] Selected the bad axiom SubClassOf(MentalStatus PhysicalCondition).
[2026-06-25 08:55:39.076] Found 77 possible bad axioms.
[2026-06-25 08:55:39.076] Selected the bad axiom SubClassOf(DeviceAvailability ErrorType).
[2026-06-25 08:55:39.082] Found 76 possible bad axioms.
[2026-06-25 08:55:39.082] Selected the bad axiom SubClassOf(Oxigen-GasVapour IncidentType).
[2026-06-25 08:55:39.087] Found 75 possible bad axioms.
[2026-06-25 08:55:39.087] Selected the bad axiom SubClassOf(Fall IncidentType).
[2026-06-25 08:55:39.091] Found 74 possible bad axioms.
[2026-06-25 08:55:39.091] Selected the bad axiom SubClassOf(PhysicalCondition PatientCharacteristic).
[2026-06-25 08:55:39.094] Found 73 possible bad axioms.
[2026-06-25 08:55:39.094] Selected the bad axiom SubClassOf(NotifyManufacturer MitigatingFactor).
[2026-06-25 08:55:39.097] Found 72 possible bad axioms.
[2026-06-25 08:55:39.097] Selected the bad axiom SubClassOf(Patient Person).
[2026-06-25 08:55:39.100] Found 71 possible bad axioms.
[2026-06-25 08:55:39.100] Selected the bad axiom SubClassOf(Fall ObjectSomeValuesFrom(involvesActivity owl:Nothing)).
[2026-06-25 08:55:39.103] Finished repairing the ontology.
Repairing with A2 (not-in-largest-mcs-removal)...
[2026-06-25 08:55:39.104] Checking precondition...
[2026-06-25 08:55:39.115] Starting the repair...
[2026-06-25 08:55:40.334] Found 2 possible bad axioms.
[2026-06-25 08:55:40.335] Selected the bad axiom SubClassOf(Fall ObjectSomeValuesFrom(involvesActivity owl:Nothing)).
[2026-06-25 08:55:40.335] Finished repairing the ontology.
Repairing with A3 (default-weakening)...
[2026-06-25 08:55:40.336] Checking precondition...
[2026-06-25 08:55:40.338] Starting the repair...
[2026-06-25 08:55:40.350] Selected a reference ontology with 150 axioms.
[2026-06-25 08:55:40.575] Selected the bad axiom ClassAssertion(Patient pt).
[2026-06-25 08:55:40.595] Selected the weaker axiom ClassAssertion(Person pt).
[2026-06-25 08:55:40.791] Selected the bad axiom SubClassOf(Fall ObjectSomeValuesFrom(involvesActivity owl:Nothing)).
[2026-06-25 08:55:40.845] Selected the weaker axiom SubClassOf(Fall ObjectSomeValuesFrom(hasOutcome ObjectSomeValuesFrom(hasParticipant Patient))).
[2026-06-25 08:55:40.847] Finished repairing the ontology.
Repairing with B1 (bad-in_some_mus-weaker-random)...
[2026-06-25 08:55:40.847] Checking precondition...
[2026-06-25 08:55:40.849] Starting the repair...
[2026-
...[truncated]
SUCCESS: attempt=18 seed=241447 success_count=12/100
progress: ontology=MEDEON attempt=18 success=12/100
----- MEDEON attempt=19 seed=255647 at 2026-06-25 08:56:15 -----
--- stdout ---
{"seed":255647,"run_id":"20260624134028346645","trial_status":"success","error_type":null,"failure_stage":null,"error_message":null,"iic_values":{"B1_vs_A1":1.0,"B1_vs_A2":0.5,"B1_vs_A3":1.0,"B2_vs_A1":1.0,"B2_vs_A2":0.5,"B2_vs_A3":1.0,"B3_vs_A1":1.0,"B3_vs_A2":0.5,"B3_vs_A3":1.0,"B4_vs_A1":1.0,"B4_vs_A2":0.5,"B4_vs_A3":1.0,"B5_vs_A1":1.0,"B5_vs_A2":0.5,"B5_vs_A3":1.0,"B6_vs_A1":1.0,"B6_vs_A2":0.5,"B6_vs_A3":1.0,"B7_vs_A1":1.0,"B7_vs_A2":0.5,"B7_vs_A3":1.0,"B8_vs_A1":1.0,"B8_vs_A2":0.5,"B8_vs_A3":1.0,"B9_vs_A1":1.0,"B9_vs_A2":0.5,"B9_vs_A3":1.0},"repair_runtimes_ms":{"A1":85,"A2":1228,"A3":307,"B1":383,"B2":725,"B3":2153,"B4":388,"B5":8079,"B6":5629,"B7":260,"B8":7653,"B9":5751}}

--- stderr ---
SingleTrialExperiment starting: ontology=/workspaces/ontologyutils-ekaw26/repair-power-index-replication-ekaw26/ontologies/inconsistent/MEDEON.owl, seed=255647, run_id=20260624134028346645
Loaded ontology.
Normalizing ontology with SROIQ normalization...
Normalized ontology with SROIQ normalization.
Ontology is already inconsistent, skipping make-inconsistent step.
Repairing with A1 (random-removal)...
[2026-06-25 08:56:15.814] Checking precondition...
[2026-06-25 08:56:15.831] Starting the repair...
[2026-06-25 08:56:15.838] Found 78 possible bad axioms.
[2026-06-25 08:56:15.839] Selected the bad axiom SubClassOf(Social/EconomicalImpact PatientOutcome).
[2026-06-25 08:56:15.847] Found 77 possible bad axioms.
[2026-06-25 08:56:15.847] Selected the bad axiom SubClassOf(IncidentHistory PatientCharacteristic).
[2026-06-25 08:56:15.852] Found 76 possible bad axioms.
[2026-06-25 08:56:15.852] Selected the bad axiom SubClassOf(Medication-IVFluid IncidentType).
[2026-06-25 08:56:15.855] Found 75 possible bad axioms.
[2026-06-25 08:56:15.856] Selected the bad axiom SubClassOf(Delay ErrorType).
[2026-06-25 08:56:15.859] Found 74 possible bad axioms.
[2026-06-25 08:56:15.859] Selected the bad axiom SubClassOf(Process IncidentCharacteristic).
[2026-06-25 08:56:15.862] Found 73 possible bad axioms.
[2026-06-25 08:56:15.862] Selected the bad axiom SubClassOf(UseError ErrorType).
[2026-06-25 08:56:15.865] Found 72 possible bad axioms.
[2026-06-25 08:56:15.865] Selected the bad axiom SubClassOf(DeviceFailure ErrorType).
[2026-06-25 08:56:15.868] Found 71 possible bad axioms.
[2026-06-25 08:56:15.869] Selected the bad axiom SubClassOf(Fall ObjectSomeValuesFrom(involvesActivity ObjectSomeValuesFrom(hasParticipant Patient))).
[2026-06-25 08:56:15.872] Found 70 possible bad axioms.
[2026-06-25 08:56:15.872] Selected the bad axiom SubClassOf(StopUse ChangeOfInstrument).
[2026-06-25 08:56:15.879] Found 69 possible bad axioms.
[2026-06-25 08:56:15.879] Selected the bad axiom SubClassOf(Management Action).
[2026-06-25 08:56:15.881] Found 68 possible bad axioms.
[2026-06-25 08:56:15.882] Selected the bad axiom SubClassOf(Site PatientOutcome).
[2026-06-25 08:56:15.888] Found 67 possible bad axioms.
[2026-06-25 08:56:15.889] Selected the bad axiom SubClassOf(PhysicalCondition PatientCharacteristic).
[2026-06-25 08:56:15.891] Found 66 possible bad axioms.
[2026-06-25 08:56:15.892] Selected the bad axiom SubClassOf(InappropriateUse ErrorType).
[2026-06-25 08:56:15.894] Found 65 possible bad axioms.
[2026-06-25 08:56:15.894] Selected the bad axiom ClassAssertion(Patient pt).
[2026-06-25 08:56:15.895] Finished repairing the ontology.
Repairing with A2 (not-in-largest-mcs-removal)...
[2026-06-25 08:56:15.896] Checking precondition...
[2026-06-25 08:56:15.902] Starting the repair...
[2026-06-25 08:56:17.121] Found 2 possible bad axioms.
[2026-06-25 08:56:17.122] Selected the bad axiom ClassAssertion(Patient pt).
[2026-06-25 08:56:17.123] Finished repairing the ontology.
Repairi
...[truncated]
SUCCESS: attempt=19 seed=255647 success_count=13/100
progress: ontology=MEDEON attempt=19 success=13/100
----- MEDEON attempt=20 seed=269847 at 2026-06-25 08:56:51 -----
--- stdout ---
{"seed":269847,"run_id":"20260624134028346645","trial_status":"time_limit_exceeded","error_type":"timeout","failure_stage":"B7","error_message":"Repair timeout: B7 exceeded 300 seconds","iic_values":{},"repair_runtimes_ms":{"A1":124,"A2":1209,"A3":472,"B1":243,"B2":3348,"B3":3239,"B4":304,"B5":7844,"B6":5501,"B7":300001}}

--- stderr ---
SingleTrialExperiment starting: ontology=/workspaces/ontologyutils-ekaw26/repair-power-index-replication-ekaw26/ontologies/inconsistent/MEDEON.owl, seed=269847, run_id=20260624134028346645
Loaded ontology.
Normalizing ontology with SROIQ normalization...
Normalized ontology with SROIQ normalization.
Ontology is already inconsistent, skipping make-inconsistent step.
Repairing with A1 (random-removal)...
[2026-06-25 08:56:51.459] Checking precondition...
[2026-06-25 08:56:51.476] Starting the repair...
[2026-06-25 08:56:51.483] Found 78 possible bad axioms.
[2026-06-25 08:56:51.484] Selected the bad axiom SubClassOf(CheckDevice StuffActivity).
[2026-06-25 08:56:51.492] Found 77 possible bad axioms.
[2026-06-25 08:56:51.492] Selected the bad axiom SubClassOf(NotifyManufacturer MitigatingFactor).
[2026-06-25 08:56:51.497] Found 76 possible bad axioms.
[2026-06-25 08:56:51.497] Selected the bad axiom SubClassOf(Medication-IVFluid IncidentType).
[2026-06-25 08:56:51.501] Found 75 possible bad axioms.
[2026-06-25 08:56:51.501] Selected the bad axiom SubClassOf(DeviceFailure ErrorType).
[2026-06-25 08:56:51.504] Found 74 possible bad axioms.
[2026-06-25 08:56:51.504] Selected the bad axiom ObjectPropertyAssertion(hasParticipant skin_tear pt).
[2026-06-25 08:56:51.506] Found 73 possible bad axioms.
[2026-06-25 08:56:51.506] Selected the bad axiom SubClassOf(TypeOfHarm PatientOutcome).
[2026-06-25 08:56:51.509] Found 72 possible bad axioms.
[2026-06-25 08:56:51.509] Selected the bad axiom SubClassOf(Documentation IncidentType).
[2026-06-25 08:56:51.512] Found 71 possible bad axioms.
[2026-06-25 08:56:51.512] Selected the bad axiom SubClassOf(Management Action).
[2026-06-25 08:56:51.516] Found 70 possible bad axioms.
[2026-06-25 08:56:51.516] Selected the bad axiom SubClassOf(MonitoringDevice Device/Equipment).
[2026-06-25 08:56:51.519] Found 69 possible bad axioms.
[2026-06-25 08:56:51.519] Selected the bad axiom SubClassOf(PhysicalCondition PatientCharacteristic).
[2026-06-25 08:56:51.526] Found 68 possible bad axioms.
[2026-06-25 08:56:51.526] Selected the bad axiom SubClassOf(ErrorType IncidentCharacteristic).
[2026-06-25 08:56:51.529] Found 67 possible bad axioms.
[2026-06-25 08:56:51.529] Selected the bad axiom SubClassOf(ObjectSomeValuesFrom(hasOutcome ObjectSomeValuesFrom(hasParticipant Patient)) Fall).
[2026-06-25 08:56:51.536] Found 66 possible bad axioms.
[2026-06-25 08:56:51.536] Selected the bad axiom SubClassOf(Treatment Action).
[2026-06-25 08:56:51.538] Found 65 possible bad axioms.
[2026-06-25 08:56:51.539] Selected the bad axiom SubClassOf(Process IncidentCharacteristic).
[2026-06-25 08:56:51.541] Found 64 possible bad axioms.
[2026-06-25 08:56:51.541] Selected the bad axiom SubClassOf(Nutrition IncidentType).
[2026-06-25 08:56:51.543] Found 63 possible bad axioms.
[2026-06-25 08:56:51.544] Selected the bad axiom ObjectPropertyAssertion(hasParticipant fracture pt).
[2026-06-25 08:56:51.544] Found 62 possible bad axioms.
[2026-06-25 08:56:5
...[truncated]
FAIL: attempt=20 seed=269847 status=time_limit_exceeded stage=B7 message=Repair timeout: B7 exceeded 300 seconds
progress: ontology=MEDEON attempt=20 success=13/100
----- MEDEON attempt=21 seed=284047 at 2026-06-25 09:02:13 -----
--- stdout ---
{"seed":284047,"run_id":"20260624134028346645","trial_status":"time_limit_exceeded","error_type":"timeout","failure_stage":"B7","error_message":"Repair timeout: B7 exceeded 300 seconds","iic_values":{},"repair_runtimes_ms":{"A1":91,"A2":1225,"A3":301,"B1":455,"B2":4564,"B3":3270,"B4":242,"B5":8938,"B6":1059,"B7":300001}}

--- stderr ---
SingleTrialExperiment starting: ontology=/workspaces/ontologyutils-ekaw26/repair-power-index-replication-ekaw26/ontologies/inconsistent/MEDEON.owl, seed=284047, run_id=20260624134028346645
Loaded ontology.
Normalizing ontology with SROIQ normalization...
Normalized ontology with SROIQ normalization.
Ontology is already inconsistent, skipping make-inconsistent step.
Repairing with A1 (random-removal)...
[2026-06-25 09:02:14.248] Checking precondition...
[2026-06-25 09:02:14.263] Starting the repair...
[2026-06-25 09:02:14.270] Found 78 possible bad axioms.
[2026-06-25 09:02:14.271] Selected the bad axiom SubClassOf(RiskAssessment Assessment).
[2026-06-25 09:02:14.277] Found 77 possible bad axioms.
[2026-06-25 09:02:14.277] Selected the bad axiom ClassAssertion(IncidentType patient_fall).
[2026-06-25 09:02:14.279] Found 76 possible bad axioms.
[2026-06-25 09:02:14.279] Selected the bad axiom ObjectPropertyAssertion(hasParticipant skin_tear pt).
[2026-06-25 09:02:14.280] Found 75 possible bad axioms.
[2026-06-25 09:02:14.281] Selected the bad axiom SubClassOf(Blood-BloodProduct IncidentType).
[2026-06-25 09:02:14.285] Found 74 possible bad axioms.
[2026-06-25 09:02:14.285] Selected the bad axiom SubClassOf(Fall ObjectSomeValuesFrom(involvesActivity ObjectSomeValuesFrom(hasParticipant Patient))).
[2026-06-25 09:02:14.289] Found 73 possible bad axioms.
[2026-06-25 09:02:14.290] Selected the bad axiom SubClassOf(StateOfCare TemporalInfo).
[2026-06-25 09:02:14.293] Found 72 possible bad axioms.
[2026-06-25 09:02:14.293] Selected the bad axiom SubClassOf(ChangeOfInstrument MitigatingFactor).
[2026-06-25 09:02:14.295] Found 71 possible bad axioms.
[2026-06-25 09:02:14.296] Selected the bad axiom SubClassOf(Process IncidentCharacteristic).
[2026-06-25 09:02:14.298] Found 70 possible bad axioms.
[2026-06-25 09:02:14.298] Selected the bad axiom SubClassOf(Management Action).
[2026-06-25 09:02:14.300] Found 69 possible bad axioms.
[2026-06-25 09:02:14.300] Selected the bad axiom ObjectPropertyAssertion(hasOutcome patient_fall skin_tear).
[2026-06-25 09:02:14.301] Found 68 possible bad axioms.
[2026-06-25 09:02:14.302] Selected the bad axiom SubClassOf(Timing StateOfCare).
[2026-06-25 09:02:14.308] Found 67 possible bad axioms.
[2026-06-25 09:02:14.308] Selected the bad axiom SubClassOf(ImmediateAction Action).
[2026-06-25 09:02:14.311] Found 66 possible bad axioms.
[2026-06-25 09:02:14.312] Selected the bad axiom SubClassOf(StuffActivity Activity).
[2026-06-25 09:02:14.314] Found 65 possible bad axioms.
[2026-06-25 09:02:14.314] Selected the bad axiom SubClassOf(Fall ObjectSomeValuesFrom(hasOutcome ObjectSomeValuesFrom(hasParticipant Patient))).
[2026-06-25 09:02:14.321] Found 64 possible bad axioms.
[2026-06-25 09:02:14.321] Selected the bad axiom SubClassOf(Therapy Action).
[2026-06-25 09:02:14.324] Found 63 possible bad axioms.
[2026-06-25 09:02:14.324] Selected the bad axiom SubClassOf(StopUse ChangeOfInstrument).
[2026-06-25 09:02:14.326] Found 62 possib
...[truncated]
FAIL: attempt=21 seed=284047 status=time_limit_exceeded stage=B7 message=Repair timeout: B7 exceeded 300 seconds
progress: ontology=MEDEON attempt=21 success=13/100
----- MEDEON attempt=22 seed=298247 at 2026-06-25 09:07:34 -----
--- stdout ---
{"seed":298247,"run_id":"20260624134028346645","trial_status":"time_limit_exceeded","error_type":"timeout","failure_stage":"B7","error_message":"Repair timeout: B7 exceeded 300 seconds","iic_values":{},"repair_runtimes_ms":{"A1":37,"A2":1258,"A3":475,"B1":369,"B2":4559,"B3":3372,"B4":135,"B5":1693,"B6":5576,"B7":300000}}

--- stderr ---
SingleTrialExperiment starting: ontology=/workspaces/ontologyutils-ekaw26/repair-power-index-replication-ekaw26/ontologies/inconsistent/MEDEON.owl, seed=298247, run_id=20260624134028346645
Loaded ontology.
Normalizing ontology with SROIQ normalization...
Normalized ontology with SROIQ normalization.
Ontology is already inconsistent, skipping make-inconsistent step.
Repairing with A1 (random-removal)...
[2026-06-25 09:07:34.850] Checking precondition...
[2026-06-25 09:07:34.867] Starting the repair...
[2026-06-25 09:07:34.873] Found 78 possible bad axioms.
[2026-06-25 09:07:34.874] Selected the bad axiom SubClassOf(Timing StateOfCare).
[2026-06-25 09:07:34.881] Found 77 possible bad axioms.
[2026-06-25 09:07:34.881] Selected the bad axiom ClassAssertion(Patient pt).
[2026-06-25 09:07:34.883] Finished repairing the ontology.
Repairing with A2 (not-in-largest-mcs-removal)...
[2026-06-25 09:07:34.883] Checking precondition...
[2026-06-25 09:07:34.891] Starting the repair...
[2026-06-25 09:07:36.139] Found 2 possible bad axioms.
[2026-06-25 09:07:36.140] Selected the bad axiom ClassAssertion(Patient pt).
[2026-06-25 09:07:36.141] Finished repairing the ontology.
Repairing with A3 (default-weakening)...
[2026-06-25 09:07:36.143] Checking precondition...
[2026-06-25 09:07:36.146] Starting the repair...
[2026-06-25 09:07:36.156] Selected a reference ontology with 152 axioms.
[2026-06-25 09:07:36.393] Selected the bad axiom ClassAssertion(Patient pt).
[2026-06-25 09:07:36.415] Selected the weaker axiom ClassAssertion(Person pt).
[2026-06-25 09:07:36.613] Selected the bad axiom ClassAssertion(Person pt).
[2026-06-25 09:07:36.615] Selected the weaker axiom ClassAssertion(owl:Thing pt).
[2026-06-25 09:07:36.617] Finished repairing the ontology.
Repairing with B1 (bad-in_some_mus-weaker-random)...
[2026-06-25 09:07:36.618] Checking precondition...
[2026-06-25 09:07:36.619] Starting the repair...
[2026-06-25 09:07:36.626] Selected a reference ontology with 152 axioms.
[2026-06-25 09:07:36.808] Selected the bad axiom ClassAssertion(Patient pt).
[2026-06-25 09:07:36.815] Selected the weaker axiom ClassAssertion(Person pt).
[2026-06-25 09:07:36.985] Selected the bad axiom ClassAssertion(Person pt).
[2026-06-25 09:07:36.985] Selected the weaker axiom ClassAssertion(owl:Thing pt).
[2026-06-25 09:07:36.986] Finished repairing the ontology.
Repairing with B2 (bad-in_some_mus-weaker-shapley)...
[2026-06-25 09:07:36.988] Checking precondition...
[2026-06-25 09:07:36.989] Starting the repair...
[2026-06-25 09:07:36.993] Selected a reference ontology with 152 axioms.
[2026-06-25 09:07:37.175] Selected the bad axiom SubClassOf(Fall ObjectSomeValuesFrom(involvesActivity owl:Nothing)).
[PowerIndexWeakerAxiomSelector] Scoring 108 candidate weakenings for Fall ⊑ ∃ involvesActivity.⊥
[PowerIndexWeakerAxiomSelector] Selected weaker axiom: Fall ⊑ AssistiveDevice
[2026-06-25 09:07:41.532] Selected the weaker axiom SubClassOf(Fall AssistiveDevice).
[2026-06-25 09:07:41.546] Finish
...[truncated]
FAIL: attempt=22 seed=298247 status=time_limit_exceeded stage=B7 message=Repair timeout: B7 exceeded 300 seconds
progress: ontology=MEDEON attempt=22 success=13/100
----- MEDEON attempt=23 seed=312447 at 2026-06-25 09:12:52 -----
--- stdout ---
{"seed":312447,"run_id":"20260624134028346645","trial_status":"time_limit_exceeded","error_type":"timeout","failure_stage":"B7","error_message":"Repair timeout: B7 exceeded 300 seconds","iic_values":{},"repair_runtimes_ms":{"A1":44,"A2":1233,"A3":347,"B1":420,"B2":4675,"B3":3527,"B4":185,"B5":7658,"B6":1090,"B7":300001}}

--- stderr ---
SingleTrialExperiment starting: ontology=/workspaces/ontologyutils-ekaw26/repair-power-index-replication-ekaw26/ontologies/inconsistent/MEDEON.owl, seed=312447, run_id=20260624134028346645
Loaded ontology.
Normalizing ontology with SROIQ normalization...
Normalized ontology with SROIQ normalization.
Ontology is already inconsistent, skipping make-inconsistent step.
Repairing with A1 (random-removal)...
[2026-06-25 09:12:52.834] Checking precondition...
[2026-06-25 09:12:52.850] Starting the repair...
[2026-06-25 09:12:52.856] Found 78 possible bad axioms.
[2026-06-25 09:12:52.858] Selected the bad axiom SubClassOf(MentalStatus PhysicalCondition).
[2026-06-25 09:12:52.864] Found 77 possible bad axioms.
[2026-06-25 09:12:52.864] Selected the bad axiom SubClassOf(NotifyManufacturer MitigatingFactor).
[2026-06-25 09:12:52.868] Found 76 possible bad axioms.
[2026-06-25 09:12:52.868] Selected the bad axiom SubClassOf(InjuryAssessment Assessment).
[2026-06-25 09:12:52.872] Found 75 possible bad axioms.
[2026-06-25 09:12:52.872] Selected the bad axiom ClassAssertion(Patient pt).
[2026-06-25 09:12:52.874] Finished repairing the ontology.
Repairing with A2 (not-in-largest-mcs-removal)...
[2026-06-25 09:12:52.875] Checking precondition...
[2026-06-25 09:12:52.883] Starting the repair...
[2026-06-25 09:12:54.107] Found 2 possible bad axioms.
[2026-06-25 09:12:54.108] Selected the bad axiom SubClassOf(Fall ObjectSomeValuesFrom(involvesActivity owl:Nothing)).
[2026-06-25 09:12:54.108] Finished repairing the ontology.
Repairing with A3 (default-weakening)...
[2026-06-25 09:12:54.109] Checking precondition...
[2026-06-25 09:12:54.112] Starting the repair...
[2026-06-25 09:12:54.128] Selected a reference ontology with 150 axioms.
[2026-06-25 09:12:54.365] Selected the bad axiom SubClassOf(Fall ObjectSomeValuesFrom(involvesActivity owl:Nothing)).
[2026-06-25 09:12:54.454] Selected the weaker axiom SubClassOf(Fall MonitoringDevice).
[2026-06-25 09:12:54.455] Finished repairing the ontology.
Repairing with B1 (bad-in_some_mus-weaker-random)...
[2026-06-25 09:12:54.456] Checking precondition...
[2026-06-25 09:12:54.458] Starting the repair...
[2026-06-25 09:12:54.464] Selected a reference ontology with 152 axioms.
[2026-06-25 09:12:54.666] Selected the bad axiom ClassAssertion(Patient pt).
[2026-06-25 09:12:54.672] Selected the weaker axiom ClassAssertion(Person pt).
[2026-06-25 09:12:54.836] Selected the bad axiom SubClassOf(ObjectSomeValuesFrom(hasOutcome ObjectSomeValuesFrom(hasParticipant Person)) Fall).
[2026-06-25 09:12:54.875] Selected the weaker axiom SubClassOf(ObjectSomeValuesFrom(hasOutcome ObjectSomeValuesFrom(hasParticipant Person)) Infrastructure-Building-Fixture).
[2026-06-25 09:12:54.876] Finished repairing the ontology.
Repairing with B2 (bad-in_some_mus-weaker-shapley)...
[2026-06-25 09:12:54.878] Checking precondition...
[2026-06-25 09:12:54.879] Starting the repair...
[2026-06-25 09:12:54.885] Selected a reference ontology with 152 axioms.
[2026-0
...[truncated]
FAIL: attempt=23 seed=312447 status=time_limit_exceeded stage=B7 message=Repair timeout: B7 exceeded 300 seconds
progress: ontology=MEDEON attempt=23 success=13/100
----- MEDEON attempt=24 seed=326647 at 2026-06-25 09:18:12 -----
--- stdout ---
{"seed":326647,"run_id":"20260624134028346645","trial_status":"success","error_type":null,"failure_stage":null,"error_message":null,"iic_values":{"B1_vs_A1":1.0,"B1_vs_A2":1.0,"B1_vs_A3":0.0,"B2_vs_A1":1.0,"B2_vs_A2":1.0,"B2_vs_A3":0.0,"B3_vs_A1":1.0,"B3_vs_A2":1.0,"B3_vs_A3":0.5,"B4_vs_A1":1.0,"B4_vs_A2":1.0,"B4_vs_A3":0.5,"B5_vs_A1":1.0,"B5_vs_A2":1.0,"B5_vs_A3":0.5,"B6_vs_A1":1.0,"B6_vs_A2":1.0,"B6_vs_A3":0.5,"B7_vs_A1":1.0,"B7_vs_A2":1.0,"B7_vs_A3":0.5,"B8_vs_A1":1.0,"B8_vs_A2":1.0,"B8_vs_A3":0.5,"B9_vs_A1":1.0,"B9_vs_A2":1.0,"B9_vs_A3":0.5},"repair_runtimes_ms":{"A1":33,"A2":1268,"A3":470,"B1":426,"B2":4759,"B3":489,"B4":113,"B5":7794,"B6":7317,"B7":274,"B8":1704,"B9":1060}}

--- stderr ---
SingleTrialExperiment starting: ontology=/workspaces/ontologyutils-ekaw26/repair-power-index-replication-ekaw26/ontologies/inconsistent/MEDEON.owl, seed=326647, run_id=20260624134028346645
Loaded ontology.
Normalizing ontology with SROIQ normalization...
Normalized ontology with SROIQ normalization.
Ontology is already inconsistent, skipping make-inconsistent step.
Repairing with A1 (random-removal)...
[2026-06-25 09:18:12.505] Checking precondition...
[2026-06-25 09:18:12.521] Starting the repair...
[2026-06-25 09:18:12.527] Found 78 possible bad axioms.
[2026-06-25 09:18:12.528] Selected the bad axiom SubClassOf(Fall ObjectSomeValuesFrom(involvesActivity owl:Nothing)).
[2026-06-25 09:18:12.534] Finished repairing the ontology.
Repairing with A2 (not-in-largest-mcs-removal)...
[2026-06-25 09:18:12.535] Checking precondition...
[2026-06-25 09:18:12.543] Starting the repair...
[2026-06-25 09:18:13.802] Found 2 possible bad axioms.
[2026-06-25 09:18:13.803] Selected the bad axiom SubClassOf(Fall ObjectSomeValuesFrom(involvesActivity owl:Nothing)).
[2026-06-25 09:18:13.803] Finished repairing the ontology.
Repairing with A3 (default-weakening)...
[2026-06-25 09:18:13.804] Checking precondition...
[2026-06-25 09:18:13.808] Starting the repair...
[2026-06-25 09:18:13.817] Selected a reference ontology with 152 axioms.
[2026-06-25 09:18:14.050] Selected the bad axiom ClassAssertion(Patient pt).
[2026-06-25 09:18:14.073] Selected the weaker axiom ClassAssertion(Person pt).
[2026-06-25 09:18:14.269] Selected the bad axiom ClassAssertion(Person pt).
[2026-06-25 09:18:14.272] Selected the weaker axiom ClassAssertion(owl:Thing pt).
[2026-06-25 09:18:14.274] Finished repairing the ontology.
Repairing with B1 (bad-in_some_mus-weaker-random)...
[2026-06-25 09:18:14.274] Checking precondition...
[2026-06-25 09:18:14.276] Starting the repair...
[2026-06-25 09:18:14.288] Selected a reference ontology with 150 axioms.
[2026-06-25 09:18:14.460] Selected the bad axiom ClassAssertion(Patient pt).
[2026-06-25 09:18:14.470] Selected the weaker axiom ClassAssertion(Person pt).
[2026-06-25 09:18:14.649] Selected the bad axiom SubClassOf(Fall ObjectSomeValuesFrom(involvesActivity owl:Nothing)).
[2026-06-25 09:18:14.699] Selected the weaker axiom SubClassOf(Fall Pathology-Laboratory).
[2026-06-25 09:18:14.700] Finished repairing the ontology.
Repairing with B2 (bad-in_some_mus-weaker-shapley)...
[2026-06-25 09:18:14.702] Checking precondition...
[2026-06-25 09:18:14.703] Starting the repair...
[2026-06-25 09:18:14.712] Selected a reference ontology with 150 axioms.
[2026-06-25 09:18:14.886] Selected the bad axiom ClassAssertion(Patient pt).
[PowerIndexWeakerAxiomSelector] Scoring 1 candidate weakenings for Patient(pt)
[PowerIndexWeakerAxiomSelector] Selected weaker axiom: Person(pt)
[2026-06-25 09:18:15.126] Selected the weaker axiom ClassAssertion(Person pt).
[2026-06-25 09:18:15.333] Selected the bad axiom SubClassOf(Fall ObjectSomeValuesFrom(involvesActivity owl:Nothing
...[truncated]
SUCCESS: attempt=24 seed=326647 success_count=14/100
progress: ontology=MEDEON attempt=24 success=14/100
----- MEDEON attempt=25 seed=340847 at 2026-06-25 09:18:38 -----
--- stdout ---
{"seed":340847,"run_id":"20260624134028346645","trial_status":"success","error_type":null,"failure_stage":null,"error_message":null,"iic_values":{"B1_vs_A1":1.0,"B1_vs_A2":1.0,"B1_vs_A3":0.0,"B2_vs_A1":1.0,"B2_vs_A2":1.0,"B2_vs_A3":0.0,"B3_vs_A1":1.0,"B3_vs_A2":1.0,"B3_vs_A3":0.5,"B4_vs_A1":1.0,"B4_vs_A2":1.0,"B4_vs_A3":0.5,"B5_vs_A1":1.0,"B5_vs_A2":1.0,"B5_vs_A3":0.5,"B6_vs_A1":1.0,"B6_vs_A2":1.0,"B6_vs_A3":0.5,"B7_vs_A1":1.0,"B7_vs_A2":1.0,"B7_vs_A3":0.5,"B8_vs_A1":1.0,"B8_vs_A2":1.0,"B8_vs_A3":0.5,"B9_vs_A1":1.0,"B9_vs_A2":1.0,"B9_vs_A3":0.5},"repair_runtimes_ms":{"A1":131,"A2":1176,"A3":498,"B1":260,"B2":4849,"B3":506,"B4":101,"B5":7803,"B6":5806,"B7":117,"B8":7424,"B9":1143}}

--- stderr ---
SingleTrialExperiment starting: ontology=/workspaces/ontologyutils-ekaw26/repair-power-index-replication-ekaw26/ontologies/inconsistent/MEDEON.owl, seed=340847, run_id=20260624134028346645
Loaded ontology.
Normalizing ontology with SROIQ normalization...
Normalized ontology with SROIQ normalization.
Ontology is already inconsistent, skipping make-inconsistent step.
Repairing with A1 (random-removal)...
[2026-06-25 09:18:38.982] Checking precondition...
[2026-06-25 09:18:38.999] Starting the repair...
[2026-06-25 09:18:39.005] Found 78 possible bad axioms.
[2026-06-25 09:18:39.007] Selected the bad axiom SubClassOf(Infrastructure-Building-Fixture IncidentType).
[2026-06-25 09:18:39.012] Found 77 possible bad axioms.
[2026-06-25 09:18:39.013] Selected the bad axiom SubClassOf(MedicalDevice-Equipment IncidentType).
[2026-06-25 09:18:39.017] Found 76 possible bad axioms.
[2026-06-25 09:18:39.018] Selected the bad axiom SubClassOf(Fall IncidentType).
[2026-06-25 09:18:39.022] Found 75 possible bad axioms.
[2026-06-25 09:18:39.022] Selected the bad axiom SubClassOf(Delay ErrorType).
[2026-06-25 09:18:39.025] Found 74 possible bad axioms.
[2026-06-25 09:18:39.026] Selected the bad axiom SubClassOf(Site PatientOutcome).
[2026-06-25 09:18:39.028] Found 73 possible bad axioms.
[2026-06-25 09:18:39.029] Selected the bad axiom SubClassOf(Nutrition IncidentType).
[2026-06-25 09:18:39.031] Found 72 possible bad axioms.
[2026-06-25 09:18:39.032] Selected the bad axiom SubClassOf(SkinTear TypeOfHarm).
[2026-06-25 09:18:39.034] Found 71 possible bad axioms.
[2026-06-25 09:18:39.034] Selected the bad axiom SubClassOf(TypeOfHarm PatientOutcome).
[2026-06-25 09:18:39.037] Found 70 possible bad axioms.
[2026-06-25 09:18:39.037] Selected the bad axiom SubClassOf(PressureUlcer IncidentType).
[2026-06-25 09:18:39.044] Found 69 possible bad axioms.
[2026-06-25 09:18:39.044] Selected the bad axiom SubClassOf(UseError ErrorType).
[2026-06-25 09:18:39.046] Found 68 possible bad axioms.
[2026-06-25 09:18:39.047] Selected the bad axiom SubClassOf(DeviceType DeviceCharacteristic).
[2026-06-25 09:18:39.054] Found 67 possible bad axioms.
[2026-06-25 09:18:39.054] Selected the bad axiom SubClassOf(MissingInstrument ErrorType).
[2026-06-25 09:18:39.056] Found 66 possible bad axioms.
[2026-06-25 09:18:39.056] Selected the bad axiom SubClassOf(ClinicalProcess IncidentType).
[2026-06-25 09:18:39.058] Found 65 possible bad axioms.
[2026-06-25 09:18:39.059] Selected the bad axiom SubClassOf(Medication-IVFluid IncidentType).
[2026-06-25 09:18:39.061] Found 64 possible bad axioms.
[2026-06-25 09:18:39.061] Selected the bad axiom SubClassOf(Treatment Action).
[2026-06-25 09:18:39.063] Found 63 possible bad axioms.
[2026-06-25 09:18:39.064] Selected the bad axiom SubClassOf(StateOfCare TemporalInfo).
[2026-06-25 09:18:39.066] Found 62 possible bad axioms.
[2026-06-25 09:18:39.066] Selected the bad axiom SubClassOf(ChangeOfInstrument MitigatingFactor).
[2026-06-25 09:18:39.068] Found 61 pos
...[truncated]
SUCCESS: attempt=25 seed=340847 success_count=15/100
progress: ontology=MEDEON attempt=25 success=15/100
----- MEDEON attempt=26 seed=355047 at 2026-06-25 09:19:09 -----
--- stdout ---
{"seed":355047,"run_id":"20260624134028346645","trial_status":"time_limit_exceeded","error_type":"timeout","failure_stage":"B4","error_message":"Repair timeout: B4 exceeded 300 seconds","iic_values":{},"repair_runtimes_ms":{"A1":125,"A2":1169,"A3":496,"B1":248,"B2":4860,"B3":3250,"B4":300001}}

--- stderr ---
SingleTrialExperiment starting: ontology=/workspaces/ontologyutils-ekaw26/repair-power-index-replication-ekaw26/ontologies/inconsistent/MEDEON.owl, seed=355047, run_id=20260624134028346645
Loaded ontology.
Normalizing ontology with SROIQ normalization...
Normalized ontology with SROIQ normalization.
Ontology is already inconsistent, skipping make-inconsistent step.
Repairing with A1 (random-removal)...
[2026-06-25 09:19:09.578] Checking precondition...
[2026-06-25 09:19:09.593] Starting the repair...
[2026-06-25 09:19:09.600] Found 78 possible bad axioms.
[2026-06-25 09:19:09.602] Selected the bad axiom SubClassOf(ErrorType IncidentCharacteristic).
[2026-06-25 09:19:09.607] Found 77 possible bad axioms.
[2026-06-25 09:19:09.607] Selected the bad axiom SubClassOf(Pathology-Laboratory IncidentType).
[2026-06-25 09:19:09.613] Found 76 possible bad axioms.
[2026-06-25 09:19:09.613] Selected the bad axiom SubClassOf(ImmediateAction Action).
[2026-06-25 09:19:09.618] Found 75 possible bad axioms.
[2026-06-25 09:19:09.618] Selected the bad axiom SubClassOf(Social/EconomicalImpact PatientOutcome).
[2026-06-25 09:19:09.621] Found 74 possible bad axioms.
[2026-06-25 09:19:09.621] Selected the bad axiom SubClassOf(DeviceType DeviceCharacteristic).
[2026-06-25 09:19:09.624] Found 73 possible bad axioms.
[2026-06-25 09:19:09.624] Selected the bad axiom SubClassOf(Timing StateOfCare).
[2026-06-25 09:19:09.627] Found 72 possible bad axioms.
[2026-06-25 09:19:09.627] Selected the bad axiom SubClassOf(PhysicianActivity Activity).
[2026-06-25 09:19:09.631] Found 71 possible bad axioms.
[2026-06-25 09:19:09.631] Selected the bad axiom SubClassOf(IncidentHistory PatientCharacteristic).
[2026-06-25 09:19:09.634] Found 70 possible bad axioms.
[2026-06-25 09:19:09.634] Selected the bad axiom SubClassOf(MentalStatus PatientCharacteristic).
[2026-06-25 09:19:09.637] Found 69 possible bad axioms.
[2026-06-25 09:19:09.637] Selected the bad axiom SubClassOf(StopUse ChangeOfInstrument).
[2026-06-25 09:19:09.643] Found 68 possible bad axioms.
[2026-06-25 09:19:09.644] Selected the bad axiom SubClassOf(PatientBehaviour IncidentType).
[2026-06-25 09:19:09.651] Found 67 possible bad axioms.
[2026-06-25 09:19:09.651] Selected the bad axiom SubClassOf(PatientAccident IncidentType).
[2026-06-25 09:19:09.654] Found 66 possible bad axioms.
[2026-06-25 09:19:09.654] Selected the bad axiom SubClassOf(Nutrition IncidentType).
[2026-06-25 09:19:09.656] Found 65 possible bad axioms.
[2026-06-25 09:19:09.656] Selected the bad axiom SubClassOf(InjuryAssessment Assessment).
[2026-06-25 09:19:09.659] Found 64 possible bad axioms.
[2026-06-25 09:19:09.659] Selected the bad axiom SubClassOf(ObjectSomeValuesFrom(hasOutcome ObjectSomeValuesFrom(hasParticipant Person)) Fall).
[2026-06-25 09:19:09.662] Found 63 possible bad axioms.
[2026-06-25 09:19:09.662] Selected the bad axiom ClassAssertion(IncidentType patient_fall).
[2026-06-25 09:19:09.663] Found 62 possible bad axioms.
[2026-06-25 09:19:09.
...[truncated]
FAIL: attempt=26 seed=355047 status=time_limit_exceeded stage=B4 message=Repair timeout: B4 exceeded 300 seconds
progress: ontology=MEDEON attempt=26 success=15/100
----- MEDEON attempt=27 seed=369247 at 2026-06-25 09:24:19 -----
--- stdout ---
{"seed":369247,"run_id":"20260624134028346645","trial_status":"time_limit_exceeded","error_type":"timeout","failure_stage":"B4","error_message":"Repair timeout: B4 exceeded 300 seconds","iic_values":{},"repair_runtimes_ms":{"A1":143,"A2":1173,"A3":476,"B1":411,"B2":4905,"B3":3192,"B4":300001}}

--- stderr ---
SingleTrialExperiment starting: ontology=/workspaces/ontologyutils-ekaw26/repair-power-index-replication-ekaw26/ontologies/inconsistent/MEDEON.owl, seed=369247, run_id=20260624134028346645
Loaded ontology.
Normalizing ontology with SROIQ normalization...
Normalized ontology with SROIQ normalization.
Ontology is already inconsistent, skipping make-inconsistent step.
Repairing with A1 (random-removal)...
[2026-06-25 09:24:20.216] Checking precondition...
[2026-06-25 09:24:20.234] Starting the repair...
[2026-06-25 09:24:20.240] Found 78 possible bad axioms.
[2026-06-25 09:24:20.241] Selected the bad axiom SubClassOf(Fall ObjectSomeValuesFrom(involvesActivity ObjectSomeValuesFrom(hasParticipant Patient))).
[2026-06-25 09:24:20.247] Found 77 possible bad axioms.
[2026-06-25 09:24:20.247] Selected the bad axiom ClassAssertion(SkinTear skin_tear).
[2026-06-25 09:24:20.250] Found 76 possible bad axioms.
[2026-06-25 09:24:20.250] Selected the bad axiom SubClassOf(Defect ErrorType).
[2026-06-25 09:24:20.254] Found 75 possible bad axioms.
[2026-06-25 09:24:20.254] Selected the bad axiom ObjectPropertyAssertion(causes slip_down skin_tear).
[2026-06-25 09:24:20.255] Found 74 possible bad axioms.
[2026-06-25 09:24:20.255] Selected the bad axiom SubClassOf(Social/EconomicalImpact PatientOutcome).
[2026-06-25 09:24:20.259] Found 73 possible bad axioms.
[2026-06-25 09:24:20.259] Selected the bad axiom ClassAssertion(TypeOfHarm skin_tear).
[2026-06-25 09:24:20.260] Found 72 possible bad axioms.
[2026-06-25 09:24:20.261] Selected the bad axiom ObjectPropertyAssertion(hasOutcome patient_fall skin_tear).
[2026-06-25 09:24:20.261] Found 71 possible bad axioms.
[2026-06-25 09:24:20.261] Selected the bad axiom SubClassOf(PatientActivity Activity).
[2026-06-25 09:24:20.265] Found 70 possible bad axioms.
[2026-06-25 09:24:20.265] Selected the bad axiom SubClassOf(Management Action).
[2026-06-25 09:24:20.267] Found 69 possible bad axioms.
[2026-06-25 09:24:20.268] Selected the bad axiom SubClassOf(Site PatientOutcome).
[2026-06-25 09:24:20.270] Found 68 possible bad axioms.
[2026-06-25 09:24:20.270] Selected the bad axiom SubClassOf(StopUse MitigatingFactor).
[2026-06-25 09:24:20.273] Found 67 possible bad axioms.
[2026-06-25 09:24:20.273] Selected the bad axiom SubClassOf(Blood-BloodProduct IncidentType).
[2026-06-25 09:24:20.279] Found 66 possible bad axioms.
[2026-06-25 09:24:20.279] Selected the bad axiom SubClassOf(PatientAccident IncidentType).
[2026-06-25 09:24:20.282] Found 65 possible bad axioms.
[2026-06-25 09:24:20.282] Selected the bad axiom ClassAssertion(PatientActivity slip_down).
[2026-06-25 09:24:20.283] Found 64 possible bad axioms.
[2026-06-25 09:24:20.283] Selected the bad axiom SubClassOf(StateOfCare TemporalInfo).
[2026-06-25 09:24:20.285] Found 63 possible bad axioms.
[2026-06-25 09:24:20.286] Selected the bad axiom SubClassOf(Infrastructure-Building-Fixture IncidentType).
[2026-06-25 09:24:20.292] Found 62 possible bad axioms.
[2026-06-25 09:24:20.
...[truncated]
FAIL: attempt=27 seed=369247 status=time_limit_exceeded stage=B4 message=Repair timeout: B4 exceeded 300 seconds
progress: ontology=MEDEON attempt=27 success=15/100
----- MEDEON attempt=28 seed=383447 at 2026-06-25 09:29:30 -----
--- stdout ---
{"seed":383447,"run_id":"20260624134028346645","trial_status":"time_limit_exceeded","error_type":"timeout","failure_stage":"B4","error_message":"Repair timeout: B4 exceeded 300 seconds","iic_values":{},"repair_runtimes_ms":{"A1":94,"A2":1226,"A3":470,"B1":250,"B2":4888,"B3":3295,"B4":300001}}

--- stderr ---
SingleTrialExperiment starting: ontology=/workspaces/ontologyutils-ekaw26/repair-power-index-replication-ekaw26/ontologies/inconsistent/MEDEON.owl, seed=383447, run_id=20260624134028346645
Loaded ontology.
Normalizing ontology with SROIQ normalization...
Normalized ontology with SROIQ normalization.
Ontology is already inconsistent, skipping make-inconsistent step.
Repairing with A1 (random-removal)...
[2026-06-25 09:29:30.999] Checking precondition...
[2026-06-25 09:29:31.016] Starting the repair...
[2026-06-25 09:29:31.023] Found 78 possible bad axioms.
[2026-06-25 09:29:31.024] Selected the bad axiom SubClassOf(Nutrition IncidentType).
[2026-06-25 09:29:31.030] Found 77 possible bad axioms.
[2026-06-25 09:29:31.031] Selected the bad axiom SubClassOf(DeviceType DeviceCharacteristic).
[2026-06-25 09:29:31.035] Found 76 possible bad axioms.
[2026-06-25 09:29:31.035] Selected the bad axiom SubClassOf(StuffActivity Activity).
[2026-06-25 09:29:31.039] Found 75 possible bad axioms.
[2026-06-25 09:29:31.040] Selected the bad axiom SubClassOf(Fall ObjectSomeValuesFrom(involvesActivity ObjectSomeValuesFrom(hasParticipant Patient))).
[2026-06-25 09:29:31.043] Found 74 possible bad axioms.
[2026-06-25 09:29:31.043] Selected the bad axiom SubClassOf(Management Action).
[2026-06-25 09:29:31.046] Found 73 possible bad axioms.
[2026-06-25 09:29:31.046] Selected the bad axiom SubClassOf(MentalStatus PatientCharacteristic).
[2026-06-25 09:29:31.049] Found 72 possible bad axioms.
[2026-06-25 09:29:31.049] Selected the bad axiom ClassAssertion(TypeOfHarm fracture).
[2026-06-25 09:29:31.051] Found 71 possible bad axioms.
[2026-06-25 09:29:31.051] Selected the bad axiom SubClassOf(InappropriateUse ErrorType).
[2026-06-25 09:29:31.054] Found 70 possible bad axioms.
[2026-06-25 09:29:31.054] Selected the bad axiom SubClassOf(SkinTear TypeOfHarm).
[2026-06-25 09:29:31.056] Found 69 possible bad axioms.
[2026-06-25 09:29:31.056] Selected the bad axiom SubClassOf(Patient Person).
[2026-06-25 09:29:31.063] Found 68 possible bad axioms.
[2026-06-25 09:29:31.063] Selected the bad axiom ClassAssertion(PatientActivity slip_down).
[2026-06-25 09:29:31.064] Found 67 possible bad axioms.
[2026-06-25 09:29:31.064] Selected the bad axiom ObjectPropertyAssertion(hasOutcome patient_fall skin_tear).
[2026-06-25 09:29:31.065] Found 66 possible bad axioms.
[2026-06-25 09:29:31.065] Selected the bad axiom SubClassOf(MonitoringDevice Device/Equipment).
[2026-06-25 09:29:31.067] Found 65 possible bad axioms.
[2026-06-25 09:29:31.068] Selected the bad axiom ObjectPropertyAssertion(causes slip_down fracture).
[2026-06-25 09:29:31.068] Found 64 possible bad axioms.
[2026-06-25 09:29:31.068] Selected the bad axiom SubClassOf(ChangeOfInstrument MitigatingFactor).
[2026-06-25 09:29:31.075] Found 63 possible bad axioms.
[2026-06-25 09:29:31.075] Selected the bad axiom ObjectPropertyAssertion(hasParticipant slip_down pt).
[2026-06-25 09:29:31.076] Found 62 possible bad axioms.
[2026-06-25 09:29
...[truncated]
FAIL: attempt=28 seed=383447 status=time_limit_exceeded stage=B4 message=Repair timeout: B4 exceeded 300 seconds
progress: ontology=MEDEON attempt=28 success=15/100
----- MEDEON attempt=29 seed=397647 at 2026-06-25 09:34:41 -----
--- stdout ---
{"seed":397647,"run_id":"20260624134028346645","trial_status":"success","error_type":null,"failure_stage":null,"error_message":null,"iic_values":{"B1_vs_A1":1.0,"B1_vs_A2":0.0,"B1_vs_A3":0.0,"B2_vs_A1":1.0,"B2_vs_A2":0.5,"B2_vs_A3":1.0,"B3_vs_A1":1.0,"B3_vs_A2":0.0,"B3_vs_A3":0.4,"B4_vs_A1":1.0,"B4_vs_A2":0.5,"B4_vs_A3":1.0,"B5_vs_A1":1.0,"B5_vs_A2":0.5,"B5_vs_A3":1.0,"B6_vs_A1":1.0,"B6_vs_A2":0.5,"B6_vs_A3":1.0,"B7_vs_A1":1.0,"B7_vs_A2":0.5,"B7_vs_A3":1.0,"B8_vs_A1":1.0,"B8_vs_A2":0.5,"B8_vs_A3":1.0,"B9_vs_A1":1.0,"B9_vs_A2":0.5,"B9_vs_A3":1.0},"repair_runtimes_ms":{"A1":48,"A2":1248,"A3":339,"B1":234,"B2":3240,"B3":3192,"B4":202,"B5":7832,"B6":6302,"B7":284,"B8":7752,"B9":5572}}

--- stderr ---
SingleTrialExperiment starting: ontology=/workspaces/ontologyutils-ekaw26/repair-power-index-replication-ekaw26/ontologies/inconsistent/MEDEON.owl, seed=397647, run_id=20260624134028346645
Loaded ontology.
Normalizing ontology with SROIQ normalization...
Normalized ontology with SROIQ normalization.
Ontology is already inconsistent, skipping make-inconsistent step.
Repairing with A1 (random-removal)...
[2026-06-25 09:34:41.701] Checking precondition...
[2026-06-25 09:34:41.717] Starting the repair...
[2026-06-25 09:34:41.723] Found 78 possible bad axioms.
[2026-06-25 09:34:41.725] Selected the bad axiom SubClassOf(PressureUlcer IncidentType).
[2026-06-25 09:34:41.730] Found 77 possible bad axioms.
[2026-06-25 09:34:41.731] Selected the bad axiom SubClassOf(Timing TemporalInfo).
[2026-06-25 09:34:41.735] Found 76 possible bad axioms.
[2026-06-25 09:34:41.736] Selected the bad axiom ObjectPropertyAssertion(hasOutcome patient_fall skin_tear).
[2026-06-25 09:34:41.737] Found 75 possible bad axioms.
[2026-06-25 09:34:41.737] Selected the bad axiom SubClassOf(RiskAssessment Assessment).
[2026-06-25 09:34:41.741] Found 74 possible bad axioms.
[2026-06-25 09:34:41.741] Selected the bad axiom SubClassOf(Fall ObjectSomeValuesFrom(involvesActivity owl:Nothing)).
[2026-06-25 09:34:41.745] Finished repairing the ontology.
Repairing with A2 (not-in-largest-mcs-removal)...
[2026-06-25 09:34:41.745] Checking precondition...
[2026-06-25 09:34:41.753] Starting the repair...
[2026-06-25 09:34:42.991] Found 2 possible bad axioms.
[2026-06-25 09:34:42.991] Selected the bad axiom ClassAssertion(Patient pt).
[2026-06-25 09:34:42.993] Finished repairing the ontology.
Repairing with A3 (default-weakening)...
[2026-06-25 09:34:42.995] Checking precondition...
[2026-06-25 09:34:42.997] Starting the repair...
[2026-06-25 09:34:43.012] Selected a reference ontology with 150 axioms.
[2026-06-25 09:34:43.256] Selected the bad axiom SubClassOf(Fall ObjectSomeValuesFrom(involvesActivity owl:Nothing)).
[2026-06-25 09:34:43.331] Selected the weaker axiom SubClassOf(Fall Defect).
[2026-06-25 09:34:43.333] Finished repairing the ontology.
Repairing with B1 (bad-in_some_mus-weaker-random)...
[2026-06-25 09:34:43.333] Checking precondition...
[2026-06-25 09:34:43.335] Starting the repair...
[2026-06-25 09:34:43.342] Selected a reference ontology with 150 axioms.
[2026-06-25 09:34:43.522] Selected the bad axiom SubClassOf(Fall ObjectSomeValuesFrom(involvesActivity owl:Nothing)).
[2026-06-25 09:34:43.565] Selected the weaker axiom SubClassOf(Fall ObjectSomeValuesFrom(involvesActivity Blood-BloodProduct)).
[2026-06-25 09:34:43.567] Finished repairing the ontology.
Repairing with B2 (bad-in_some_mus-weaker-shapley)...
[2026-06-25 09:34:43.568] Checking precondition...
[2026-06-25 09:34:43.570] Starting the repair...
[2026-06-25 09:34:43.574] Selected a reference ontology with 152 axioms.
[2026-06-25 09:34:43.760] Selected the bad axiom ClassAssertion(Patient pt).
[PowerIndexWeakerAxiomSel
...[truncated]
SUCCESS: attempt=29 seed=397647 success_count=16/100
progress: ontology=MEDEON attempt=29 success=16/100
----- MEDEON attempt=30 seed=411847 at 2026-06-25 09:35:18 -----
--- stdout ---
{"seed":411847,"run_id":"20260624134028346645","trial_status":"time_limit_exceeded","error_type":"timeout","failure_stage":"B4","error_message":"Repair timeout: B4 exceeded 300 seconds","iic_values":{},"repair_runtimes_ms":{"A1":90,"A2":1224,"A3":331,"B1":265,"B2":4517,"B3":3216,"B4":300001}}

--- stderr ---
SingleTrialExperiment starting: ontology=/workspaces/ontologyutils-ekaw26/repair-power-index-replication-ekaw26/ontologies/inconsistent/MEDEON.owl, seed=411847, run_id=20260624134028346645
Loaded ontology.
Normalizing ontology with SROIQ normalization...
Normalized ontology with SROIQ normalization.
Ontology is already inconsistent, skipping make-inconsistent step.
Repairing with A1 (random-removal)...
[2026-06-25 09:35:18.957] Checking precondition...
[2026-06-25 09:35:18.974] Starting the repair...
[2026-06-25 09:35:18.981] Found 78 possible bad axioms.
[2026-06-25 09:35:18.982] Selected the bad axiom SubClassOf(RiskAssessment Assessment).
[2026-06-25 09:35:18.987] Found 77 possible bad axioms.
[2026-06-25 09:35:18.988] Selected the bad axiom ObjectPropertyAssertion(hasOutcome patient_fall fracture).
[2026-06-25 09:35:18.989] Found 76 possible bad axioms.
[2026-06-25 09:35:18.989] Selected the bad axiom SubClassOf(ObjectSomeValuesFrom(hasOutcome ObjectSomeValuesFrom(hasParticipant Patient)) Fall).
[2026-06-25 09:35:18.994] Found 75 possible bad axioms.
[2026-06-25 09:35:18.994] Selected the bad axiom SubClassOf(NotifyManufacturer MitigatingFactor).
[2026-06-25 09:35:18.998] Found 74 possible bad axioms.
[2026-06-25 09:35:18.998] Selected the bad axiom SubClassOf(ClinicalProcess IncidentType).
[2026-06-25 09:35:19.002] Found 73 possible bad axioms.
[2026-06-25 09:35:19.002] Selected the bad axiom ClassAssertion(PatientActivity slip_down).
[2026-06-25 09:35:19.003] Found 72 possible bad axioms.
[2026-06-25 09:35:19.003] Selected the bad axiom SubClassOf(IncidentHistory PatientCharacteristic).
[2026-06-25 09:35:19.005] Found 71 possible bad axioms.
[2026-06-25 09:35:19.006] Selected the bad axiom SubClassOf(MentalStatus PatientCharacteristic).
[2026-06-25 09:35:19.008] Found 70 possible bad axioms.
[2026-06-25 09:35:19.008] Selected the bad axiom SubClassOf(Documentation IncidentType).
[2026-06-25 09:35:19.011] Found 69 possible bad axioms.
[2026-06-25 09:35:19.011] Selected the bad axiom SubClassOf(MentalStatus PhysicalCondition).
[2026-06-25 09:35:19.015] Found 68 possible bad axioms.
[2026-06-25 09:35:19.015] Selected the bad axiom SubClassOf(Blood-BloodProduct IncidentType).
[2026-06-25 09:35:19.023] Found 67 possible bad axioms.
[2026-06-25 09:35:19.023] Selected the bad axiom ObjectPropertyAssertion(hasOutcome patient_fall skin_tear).
[2026-06-25 09:35:19.024] Found 66 possible bad axioms.
[2026-06-25 09:35:19.024] Selected the bad axiom SubClassOf(HealthcareAssociatedInfection IncidentType).
[2026-06-25 09:35:19.026] Found 65 possible bad axioms.
[2026-06-25 09:35:19.026] Selected the bad axiom SubClassOf(StuffActivity Activity).
[2026-06-25 09:35:19.034] Found 64 possible bad axioms.
[2026-06-25 09:35:19.034] Selected the bad axiom SubClassOf(ClinicalAdministration IncidentType).
[2026-06-25 09:35:19.037] Found 63 possible bad axioms.
[2026-06-25 09:35:19.037] Selected the bad axiom SubClassOf(MissingInstrument ErrorType).
[2026-06-25 09:3
...[truncated]
FAIL: attempt=30 seed=411847 status=time_limit_exceeded stage=B4 message=Repair timeout: B4 exceeded 300 seconds
progress: ontology=MEDEON attempt=30 success=16/100
----- MEDEON attempt=31 seed=426047 at 2026-06-25 09:40:28 -----
--- stdout ---
{"seed":426047,"run_id":"20260624134028346645","trial_status":"success","error_type":null,"failure_stage":null,"error_message":null,"iic_values":{"B1_vs_A1":1.0,"B1_vs_A2":0.0,"B1_vs_A3":0.0,"B2_vs_A1":1.0,"B2_vs_A2":0.0,"B2_vs_A3":0.0,"B3_vs_A1":1.0,"B3_vs_A2":0.0,"B3_vs_A3":0.0,"B4_vs_A1":1.0,"B4_vs_A2":0.5,"B4_vs_A3":0.5,"B5_vs_A1":1.0,"B5_vs_A2":0.5,"B5_vs_A3":0.5,"B6_vs_A1":1.0,"B6_vs_A2":0.5,"B6_vs_A3":0.5,"B7_vs_A1":1.0,"B7_vs_A2":0.5,"B7_vs_A3":0.5,"B8_vs_A1":1.0,"B8_vs_A2":0.5,"B8_vs_A3":0.5,"B9_vs_A1":1.0,"B9_vs_A2":0.5,"B9_vs_A3":0.5},"repair_runtimes_ms":{"A1":41,"A2":1275,"A3":446,"B1":234,"B2":4670,"B3":3545,"B4":160,"B5":1657,"B6":5096,"B7":341,"B8":7486,"B9":5431}}

--- stderr ---
SingleTrialExperiment starting: ontology=/workspaces/ontologyutils-ekaw26/repair-power-index-replication-ekaw26/ontologies/inconsistent/MEDEON.owl, seed=426047, run_id=20260624134028346645
Loaded ontology.
Normalizing ontology with SROIQ normalization...
Normalized ontology with SROIQ normalization.
Ontology is already inconsistent, skipping make-inconsistent step.
Repairing with A1 (random-removal)...
[2026-06-25 09:40:29.067] Checking precondition...
[2026-06-25 09:40:29.084] Starting the repair...
[2026-06-25 09:40:29.091] Found 78 possible bad axioms.
[2026-06-25 09:40:29.092] Selected the bad axiom SubClassOf(MissingInstrument ErrorType).
[2026-06-25 09:40:29.098] Found 77 possible bad axioms.
[2026-06-25 09:40:29.099] Selected the bad axiom SubClassOf(Fall ObjectSomeValuesFrom(involvesActivity owl:Nothing)).
[2026-06-25 09:40:29.104] Finished repairing the ontology.
Repairing with A2 (not-in-largest-mcs-removal)...
[2026-06-25 09:40:29.104] Checking precondition...
[2026-06-25 09:40:29.111] Starting the repair...
[2026-06-25 09:40:30.377] Found 2 possible bad axioms.
[2026-06-25 09:40:30.377] Selected the bad axiom ClassAssertion(Patient pt).
[2026-06-25 09:40:30.379] Finished repairing the ontology.
Repairing with A3 (default-weakening)...
[2026-06-25 09:40:30.381] Checking precondition...
[2026-06-25 09:40:30.383] Starting the repair...
[2026-06-25 09:40:30.394] Selected a reference ontology with 152 axioms.
[2026-06-25 09:40:30.617] Selected the bad axiom ClassAssertion(Patient pt).
[2026-06-25 09:40:30.638] Selected the weaker axiom ClassAssertion(Person pt).
[2026-06-25 09:40:30.822] Selected the bad axiom ClassAssertion(Person pt).
[2026-06-25 09:40:30.824] Selected the weaker axiom ClassAssertion(owl:Thing pt).
[2026-06-25 09:40:30.826] Finished repairing the ontology.
Repairing with B1 (bad-in_some_mus-weaker-random)...
[2026-06-25 09:40:30.827] Checking precondition...
[2026-06-25 09:40:30.829] Starting the repair...
[2026-06-25 09:40:30.836] Selected a reference ontology with 152 axioms.
[2026-06-25 09:40:31.009] Selected the bad axiom SubClassOf(Fall ObjectSomeValuesFrom(involvesActivity owl:Nothing)).
[2026-06-25 09:40:31.060] Selected the weaker axiom SubClassOf(Fall ObjectSomeValuesFrom(involvesActivity Management)).
[2026-06-25 09:40:31.061] Finished repairing the ontology.
Repairing with B2 (bad-in_some_mus-weaker-shapley)...
[2026-06-25 09:40:31.062] Checking precondition...
[2026-06-25 09:40:31.064] Starting the repair...
[2026-06-25 09:40:31.072] Selected a reference ontology with 150 axioms.
[2026-06-25 09:40:31.266] Selected the bad axiom SubClassOf(Fall ObjectSomeValuesFrom(involvesActivity owl:Nothing)).
[PowerIndexWeakerAxiomSelector] Scoring 108 candidate weakenings for Fall ⊑ ∃ involvesActivity.⊥
[PowerIndexWeakerAxiomSelector] Selected weaker axiom: Fall ⊑ AssistiveDevice
[2026-06-25 09:40:35.716] Selected the weaker axiom SubClassOf(Fall AssistiveDevice).
[2026-06-25 09:40:35.731] Finished repairing the ontology.
...[truncated]
SUCCESS: attempt=31 seed=426047 success_count=17/100
progress: ontology=MEDEON attempt=31 success=17/100
----- MEDEON attempt=32 seed=440247 at 2026-06-25 09:40:59 -----
--- stdout ---
{"seed":440247,"run_id":"20260624134028346645","trial_status":"time_limit_exceeded","error_type":"timeout","failure_stage":"B7","error_message":"Repair timeout: B7 exceeded 300 seconds","iic_values":{},"repair_runtimes_ms":{"A1":84,"A2":1213,"A3":317,"B1":248,"B2":3264,"B3":3336,"B4":264,"B5":8216,"B6":5061,"B7":300001}}

--- stderr ---
SingleTrialExperiment starting: ontology=/workspaces/ontologyutils-ekaw26/repair-power-index-replication-ekaw26/ontologies/inconsistent/MEDEON.owl, seed=440247, run_id=20260624134028346645
Loaded ontology.
Normalizing ontology with SROIQ normalization...
Normalized ontology with SROIQ normalization.
Ontology is already inconsistent, skipping make-inconsistent step.
Repairing with A1 (random-removal)...
[2026-06-25 09:41:00.306] Checking precondition...
[2026-06-25 09:41:00.323] Starting the repair...
[2026-06-25 09:41:00.329] Found 78 possible bad axioms.
[2026-06-25 09:41:00.331] Selected the bad axiom ClassAssertion(IncidentType patient_fall).
[2026-06-25 09:41:00.333] Found 77 possible bad axioms.
[2026-06-25 09:41:00.333] Selected the bad axiom SubClassOf(DegreeOfHarm PatientOutcome).
[2026-06-25 09:41:00.338] Found 76 possible bad axioms.
[2026-06-25 09:41:00.339] Selected the bad axiom SubClassOf(Infrastructure-Building-Fixture PatientBehaviour).
[2026-06-25 09:41:00.344] Found 75 possible bad axioms.
[2026-06-25 09:41:00.344] Selected the bad axiom SubClassOf(Medication-IVFluid IncidentType).
[2026-06-25 09:41:00.347] Found 74 possible bad axioms.
[2026-06-25 09:41:00.348] Selected the bad axiom SubClassOf(ClinicalAdministration IncidentType).
[2026-06-25 09:41:00.351] Found 73 possible bad axioms.
[2026-06-25 09:41:00.351] Selected the bad axiom ClassAssertion(SkinTear skin_tear).
[2026-06-25 09:41:00.352] Found 72 possible bad axioms.
[2026-06-25 09:41:00.352] Selected the bad axiom SubClassOf(MonitoringDevice Device/Equipment).
[2026-06-25 09:41:00.355] Found 71 possible bad axioms.
[2026-06-25 09:41:00.355] Selected the bad axiom SubClassOf(Timing StateOfCare).
[2026-06-25 09:41:00.358] Found 70 possible bad axioms.
[2026-06-25 09:41:00.358] Selected the bad axiom SubClassOf(MedicalDevice-Equipment IncidentType).
[2026-06-25 09:41:00.361] Found 69 possible bad axioms.
[2026-06-25 09:41:00.361] Selected the bad axiom SubClassOf(DeviceFailure ErrorType).
[2026-06-25 09:41:00.364] Found 68 possible bad axioms.
[2026-06-25 09:41:00.364] Selected the bad axiom SubClassOf(Documentation IncidentType).
[2026-06-25 09:41:00.371] Found 67 possible bad axioms.
[2026-06-25 09:41:00.371] Selected the bad axiom SubClassOf(Defect ErrorType).
[2026-06-25 09:41:00.373] Found 66 possible bad axioms.
[2026-06-25 09:41:00.374] Selected the bad axiom SubClassOf(ObjectSomeValuesFrom(involvesActivity ObjectSomeValuesFrom(hasParticipant Patient)) Fall).
[2026-06-25 09:41:00.380] Found 65 possible bad axioms.
[2026-06-25 09:41:00.381] Selected the bad axiom SubClassOf(DeviceName DeviceCharacteristic).
[2026-06-25 09:41:00.383] Found 64 possible bad axioms.
[2026-06-25 09:41:00.383] Selected the bad axiom SubClassOf(Fall ObjectSomeValuesFrom(involvesActivity owl:Nothing)).
[2026-06-25 09:41:00.386] Finished repairing the ontology.
Repairing with A2 (not-in-largest-mcs-removal)...
[2026-06-25 09:41:00.387] Checking precondition...
[2026-06-25 09:41:00.394] Start
...[truncated]
FAIL: attempt=32 seed=440247 status=time_limit_exceeded stage=B7 message=Repair timeout: B7 exceeded 300 seconds
progress: ontology=MEDEON attempt=32 success=17/100
----- MEDEON attempt=33 seed=454447 at 2026-06-25 09:46:22 -----
--- stdout ---
{"seed":454447,"run_id":"20260624134028346645","trial_status":"success","error_type":null,"failure_stage":null,"error_message":null,"iic_values":{"B1_vs_A1":1.0,"B1_vs_A2":0.5,"B1_vs_A3":0.5,"B2_vs_A1":1.0,"B2_vs_A2":1.0,"B2_vs_A3":1.0,"B3_vs_A1":1.0,"B3_vs_A2":1.0,"B3_vs_A3":1.0,"B4_vs_A1":1.0,"B4_vs_A2":1.0,"B4_vs_A3":1.0,"B5_vs_A1":1.0,"B5_vs_A2":1.0,"B5_vs_A3":1.0,"B6_vs_A1":1.0,"B6_vs_A2":1.0,"B6_vs_A3":1.0,"B7_vs_A1":1.0,"B7_vs_A2":1.0,"B7_vs_A3":1.0,"B8_vs_A1":1.0,"B8_vs_A2":1.0,"B8_vs_A3":1.0,"B9_vs_A1":1.0,"B9_vs_A2":1.0,"B9_vs_A3":1.0},"repair_runtimes_ms":{"A1":107,"A2":1209,"A3":718,"B1":245,"B2":4866,"B3":3445,"B4":173,"B5":7603,"B6":5501,"B7":275,"B8":7919,"B9":5121}}

--- stderr ---
SingleTrialExperiment starting: ontology=/workspaces/ontologyutils-ekaw26/repair-power-index-replication-ekaw26/ontologies/inconsistent/MEDEON.owl, seed=454447, run_id=20260624134028346645
Loaded ontology.
Normalizing ontology with SROIQ normalization...
Normalized ontology with SROIQ normalization.
Ontology is already inconsistent, skipping make-inconsistent step.
Repairing with A1 (random-removal)...
[2026-06-25 09:46:22.773] Checking precondition...
[2026-06-25 09:46:22.789] Starting the repair...
[2026-06-25 09:46:22.795] Found 78 possible bad axioms.
[2026-06-25 09:46:22.797] Selected the bad axiom SubClassOf(Infrastructure-Building-Fixture PatientBehaviour).
[2026-06-25 09:46:22.803] Found 77 possible bad axioms.
[2026-06-25 09:46:22.803] Selected the bad axiom SubClassOf(PatientAccident IncidentType).
[2026-06-25 09:46:22.807] Found 76 possible bad axioms.
[2026-06-25 09:46:22.808] Selected the bad axiom SubClassOf(Fall ObjectSomeValuesFrom(hasOutcome ObjectSomeValuesFrom(hasParticipant Patient))).
[2026-06-25 09:46:22.812] Found 75 possible bad axioms.
[2026-06-25 09:46:22.812] Selected the bad axiom SubClassOf(Treatment Action).
[2026-06-25 09:46:22.815] Found 74 possible bad axioms.
[2026-06-25 09:46:22.815] Selected the bad axiom SubClassOf(ErrorType IncidentCharacteristic).
[2026-06-25 09:46:22.818] Found 73 possible bad axioms.
[2026-06-25 09:46:22.818] Selected the bad axiom ClassAssertion(TypeOfHarm skin_tear).
[2026-06-25 09:46:22.819] Found 72 possible bad axioms.
[2026-06-25 09:46:22.820] Selected the bad axiom SubClassOf(ObjectSomeValuesFrom(hasOutcome ObjectSomeValuesFrom(hasParticipant Person)) Fall).
[2026-06-25 09:46:22.822] Found 71 possible bad axioms.
[2026-06-25 09:46:22.822] Selected the bad axiom SubClassOf(DeviceFailure ErrorType).
[2026-06-25 09:46:22.827] Found 70 possible bad axioms.
[2026-06-25 09:46:22.827] Selected the bad axiom SubClassOf(StopUse MitigatingFactor).
[2026-06-25 09:46:22.829] Found 69 possible bad axioms.
[2026-06-25 09:46:22.829] Selected the bad axiom SubClassOf(PressureUlcer IncidentType).
[2026-06-25 09:46:22.835] Found 68 possible bad axioms.
[2026-06-25 09:46:22.836] Selected the bad axiom SubClassOf(Therapy Action).
[2026-06-25 09:46:22.838] Found 67 possible bad axioms.
[2026-06-25 09:46:22.838] Selected the bad axiom ClassAssertion(TypeOfHarm fracture).
[2026-06-25 09:46:22.839] Found 66 possible bad axioms.
[2026-06-25 09:46:22.839] Selected the bad axiom SubClassOf(ImmediateAction Action).
[2026-06-25 09:46:22.846] Found 65 possible bad axioms.
[2026-06-25 09:46:22.846] Selected the bad axiom SubClassOf(MentalStatus PhysicalCondition).
[2026-06-25 09:46:22.848] Found 64 possible bad axioms.
[2026-06-25 09:46:22.849] Selected the bad axiom SubClassOf(ObjectSomeValuesFrom(involvesActivity ObjectSomeValuesFrom(hasParticipant Patient)) Fall).
[2026-06-25 09:46:22.851] Found 63 possible bad axioms.
[2026-06-25 09:46:22.852] Selected the bad axiom SubClassOf(Fall IncidentType).
[2026-06-25 
...[truncated]
SUCCESS: attempt=33 seed=454447 success_count=18/100
progress: ontology=MEDEON attempt=33 success=18/100
----- MEDEON attempt=34 seed=468647 at 2026-06-25 09:47:00 -----
--- stdout ---
{"seed":468647,"run_id":"20260624134028346645","trial_status":"success","error_type":null,"failure_stage":null,"error_message":null,"iic_values":{"B1_vs_A1":1.0,"B1_vs_A2":1.0,"B1_vs_A3":1.0,"B2_vs_A1":0.08695652173913043,"B2_vs_A2":1.0,"B2_vs_A3":1.0,"B3_vs_A1":0.08695652173913043,"B3_vs_A2":1.0,"B3_vs_A3":1.0,"B4_vs_A1":1.0,"B4_vs_A2":1.0,"B4_vs_A3":1.0,"B5_vs_A1":1.0,"B5_vs_A2":1.0,"B5_vs_A3":1.0,"B6_vs_A1":1.0,"B6_vs_A2":1.0,"B6_vs_A3":1.0,"B7_vs_A1":1.0,"B7_vs_A2":1.0,"B7_vs_A3":1.0,"B8_vs_A1":1.0,"B8_vs_A2":1.0,"B8_vs_A3":1.0,"B9_vs_A1":1.0,"B9_vs_A2":1.0,"B9_vs_A3":1.0},"repair_runtimes_ms":{"A1":64,"A2":1246,"A3":308,"B1":390,"B2":4876,"B3":3193,"B4":138,"B5":1749,"B6":5669,"B7":290,"B8":1670,"B9":1088}}

--- stderr ---
SingleTrialExperiment starting: ontology=/workspaces/ontologyutils-ekaw26/repair-power-index-replication-ekaw26/ontologies/inconsistent/MEDEON.owl, seed=468647, run_id=20260624134028346645
Loaded ontology.
Normalizing ontology with SROIQ normalization...
Normalized ontology with SROIQ normalization.
Ontology is already inconsistent, skipping make-inconsistent step.
Repairing with A1 (random-removal)...
[2026-06-25 09:47:00.709] Checking precondition...
[2026-06-25 09:47:00.725] Starting the repair...
[2026-06-25 09:47:00.732] Found 78 possible bad axioms.
[2026-06-25 09:47:00.733] Selected the bad axiom SubClassOf(Patient Person).
[2026-06-25 09:47:00.739] Found 77 possible bad axioms.
[2026-06-25 09:47:00.739] Selected the bad axiom SubClassOf(PhysicianActivity Activity).
[2026-06-25 09:47:00.744] Found 76 possible bad axioms.
[2026-06-25 09:47:00.744] Selected the bad axiom SubClassOf(PhysicalCondition PatientCharacteristic).
[2026-06-25 09:47:00.749] Found 75 possible bad axioms.
[2026-06-25 09:47:00.749] Selected the bad axiom SubClassOf(Infrastructure-Building-Fixture PatientBehaviour).
[2026-06-25 09:47:00.752] Found 74 possible bad axioms.
[2026-06-25 09:47:00.752] Selected the bad axiom ObjectPropertyAssertion(hasParticipant skin_tear pt).
[2026-06-25 09:47:00.753] Found 73 possible bad axioms.
[2026-06-25 09:47:00.754] Selected the bad axiom SubClassOf(Oxigen-GasVapour IncidentType).
[2026-06-25 09:47:00.757] Found 72 possible bad axioms.
[2026-06-25 09:47:00.757] Selected the bad axiom ClassAssertion(TypeOfHarm fracture).
[2026-06-25 09:47:00.758] Found 71 possible bad axioms.
[2026-06-25 09:47:00.758] Selected the bad axiom SubClassOf(Management Action).
[2026-06-25 09:47:00.760] Found 70 possible bad axioms.
[2026-06-25 09:47:00.760] Selected the bad axiom ObjectPropertyAssertion(hasOutcome patient_fall skin_tear).
[2026-06-25 09:47:00.761] Found 69 possible bad axioms.
[2026-06-25 09:47:00.761] Selected the bad axiom SubClassOf(ObjectSomeValuesFrom(hasOutcome ObjectSomeValuesFrom(hasParticipant Patient)) Fall).
[2026-06-25 09:47:00.764] Found 68 possible bad axioms.
[2026-06-25 09:47:00.764] Selected the bad axiom ObjectPropertyAssertion(involvesActivity patient_fall slip_down).
[2026-06-25 09:47:00.769] Finished repairing the ontology.
Repairing with A2 (not-in-largest-mcs-removal)...
[2026-06-25 09:47:00.770] Checking precondition...
[2026-06-25 09:47:00.776] Starting the repair...
[2026-06-25 09:47:02.015] Found 2 possible bad axioms.
[2026-06-25 09:47:02.016] Selected the bad axiom SubClassOf(Fall ObjectSomeValuesFrom(involvesActivity owl:Nothing)).
[2026-06-25 09:47:02.016] Finished repairing the ontology.
Repairing with A3 (default-weakening)...
[2026-06-25 09:47:02.018] Checking precondition...
[2026-06-25 09:47:02.020] Starting the repair...
[2026-06-25 09:47:02.029] Selected a reference ontology with 152 axioms.
[2026-06-25 09:47:02.250] Selected the bad axiom SubClassOf(Fall ObjectSomeValuesFrom(involvesActivity owl:Nothing
...[truncated]
SUCCESS: attempt=34 seed=468647 success_count=19/100
progress: ontology=MEDEON attempt=34 success=19/100
----- MEDEON attempt=35 seed=482847 at 2026-06-25 09:47:21 -----
--- stdout ---
{"seed":482847,"run_id":"20260624134028346645","trial_status":"time_limit_exceeded","error_type":"timeout","failure_stage":"B4","error_message":"Repair timeout: B4 exceeded 300 seconds","iic_values":{},"repair_runtimes_ms":{"A1":40,"A2":1262,"A3":323,"B1":238,"B2":1354,"B3":3355,"B4":300002}}

--- stderr ---
SingleTrialExperiment starting: ontology=/workspaces/ontologyutils-ekaw26/repair-power-index-replication-ekaw26/ontologies/inconsistent/MEDEON.owl, seed=482847, run_id=20260624134028346645
Loaded ontology.
Normalizing ontology with SROIQ normalization...
Normalized ontology with SROIQ normalization.
Ontology is already inconsistent, skipping make-inconsistent step.
Repairing with A1 (random-removal)...
[2026-06-25 09:47:22.283] Checking precondition...
[2026-06-25 09:47:22.299] Starting the repair...
[2026-06-25 09:47:22.305] Found 78 possible bad axioms.
[2026-06-25 09:47:22.307] Selected the bad axiom SubClassOf(PatientBehaviour IncidentType).
[2026-06-25 09:47:22.313] Found 77 possible bad axioms.
[2026-06-25 09:47:22.313] Selected the bad axiom SubClassOf(ObjectSomeValuesFrom(involvesActivity ObjectSomeValuesFrom(hasParticipant Patient)) Fall).
[2026-06-25 09:47:22.318] Found 76 possible bad axioms.
[2026-06-25 09:47:22.318] Selected the bad axiom ClassAssertion(Patient pt).
[2026-06-25 09:47:22.319] Finished repairing the ontology.
Repairing with A2 (not-in-largest-mcs-removal)...
[2026-06-25 09:47:22.320] Checking precondition...
[2026-06-25 09:47:22.328] Starting the repair...
[2026-06-25 09:47:23.581] Found 2 possible bad axioms.
[2026-06-25 09:47:23.582] Selected the bad axiom SubClassOf(Fall ObjectSomeValuesFrom(involvesActivity owl:Nothing)).
[2026-06-25 09:47:23.582] Finished repairing the ontology.
Repairing with A3 (default-weakening)...
[2026-06-25 09:47:23.584] Checking precondition...
[2026-06-25 09:47:23.587] Starting the repair...
[2026-06-25 09:47:23.599] Selected a reference ontology with 152 axioms.
[2026-06-25 09:47:23.830] Selected the bad axiom SubClassOf(Fall ObjectSomeValuesFrom(involvesActivity owl:Nothing)).
[2026-06-25 09:47:23.904] Selected the weaker axiom SubClassOf(Fall Delay).
[2026-06-25 09:47:23.905] Finished repairing the ontology.
Repairing with B1 (bad-in_some_mus-weaker-random)...
[2026-06-25 09:47:23.906] Checking precondition...
[2026-06-25 09:47:23.908] Starting the repair...
[2026-06-25 09:47:23.915] Selected a reference ontology with 152 axioms.
[2026-06-25 09:47:24.095] Selected the bad axiom SubClassOf(Fall ObjectSomeValuesFrom(involvesActivity owl:Nothing)).
[2026-06-25 09:47:24.142] Selected the weaker axiom SubClassOf(Fall ObjectSomeValuesFrom(involvesActivity MentalStatus)).
[2026-06-25 09:47:24.144] Finished repairing the ontology.
Repairing with B2 (bad-in_some_mus-weaker-shapley)...
[2026-06-25 09:47:24.146] Checking precondition...
[2026-06-25 09:47:24.147] Starting the repair...
[2026-06-25 09:47:24.153] Selected a reference ontology with 152 axioms.
[2026-06-25 09:47:24.347] Selected the bad axiom ClassAssertion(Patient pt).
[PowerIndexWeakerAxiomSelector] Scoring 1 candidate weakenings for Patient(pt)
[PowerIndexWeakerAxiomSelector] Selected weaker axiom: Person(pt)
[2026-06-25 09:47:24.573] Selected the weaker axiom ClassAssertion(Person pt).
[2026-06-25 09:47:24.801] Selected the bad ax
...[truncated]
FAIL: attempt=35 seed=482847 status=time_limit_exceeded stage=B4 message=Repair timeout: B4 exceeded 300 seconds
progress: ontology=MEDEON attempt=35 success=19/100
----- MEDEON attempt=36 seed=497047 at 2026-06-25 09:52:28 -----
--- stdout ---
{"seed":497047,"run_id":"20260624134028346645","trial_status":"success","error_type":null,"failure_stage":null,"error_message":null,"iic_values":{"B1_vs_A1":1.0,"B1_vs_A2":0.0,"B1_vs_A3":0.0,"B2_vs_A1":1.0,"B2_vs_A2":0.5,"B2_vs_A3":1.0,"B3_vs_A1":1.0,"B3_vs_A2":0.0,"B3_vs_A3":0.5,"B4_vs_A1":1.0,"B4_vs_A2":0.5,"B4_vs_A3":1.0,"B5_vs_A1":1.0,"B5_vs_A2":0.5,"B5_vs_A3":1.0,"B6_vs_A1":1.0,"B6_vs_A2":0.5,"B6_vs_A3":1.0,"B7_vs_A1":1.0,"B7_vs_A2":0.5,"B7_vs_A3":1.0,"B8_vs_A1":1.0,"B8_vs_A2":0.5,"B8_vs_A3":1.0,"B9_vs_A1":1.0,"B9_vs_A2":0.5,"B9_vs_A3":1.0},"repair_runtimes_ms":{"A1":85,"A2":1196,"A3":323,"B1":434,"B2":734,"B3":3577,"B4":173,"B5":1700,"B6":5553,"B7":104,"B8":1677,"B9":5669}}

--- stderr ---
SingleTrialExperiment starting: ontology=/workspaces/ontologyutils-ekaw26/repair-power-index-replication-ekaw26/ontologies/inconsistent/MEDEON.owl, seed=497047, run_id=20260624134028346645
Loaded ontology.
Normalizing ontology with SROIQ normalization...
Normalized ontology with SROIQ normalization.
Ontology is already inconsistent, skipping make-inconsistent step.
Repairing with A1 (random-removal)...
[2026-06-25 09:52:29.314] Checking precondition...
[2026-06-25 09:52:29.330] Starting the repair...
[2026-06-25 09:52:29.336] Found 78 possible bad axioms.
[2026-06-25 09:52:29.338] Selected the bad axiom SubClassOf(MedicalDevice-Equipment IncidentType).
[2026-06-25 09:52:29.344] Found 77 possible bad axioms.
[2026-06-25 09:52:29.344] Selected the bad axiom ObjectPropertyAssertion(causes slip_down fracture).
[2026-06-25 09:52:29.346] Found 76 possible bad axioms.
[2026-06-25 09:52:29.346] Selected the bad axiom SubClassOf(Process IncidentCharacteristic).
[2026-06-25 09:52:29.352] Found 75 possible bad axioms.
[2026-06-25 09:52:29.352] Selected the bad axiom SubClassOf(DeviceName DeviceCharacteristic).
[2026-06-25 09:52:29.356] Found 74 possible bad axioms.
[2026-06-25 09:52:29.357] Selected the bad axiom SubClassOf(PhysicianActivity Activity).
[2026-06-25 09:52:29.360] Found 73 possible bad axioms.
[2026-06-25 09:52:29.360] Selected the bad axiom ClassAssertion(PatientActivity slip_down).
[2026-06-25 09:52:29.361] Found 72 possible bad axioms.
[2026-06-25 09:52:29.361] Selected the bad axiom SubClassOf(ClinicalProcess IncidentType).
[2026-06-25 09:52:29.364] Found 71 possible bad axioms.
[2026-06-25 09:52:29.364] Selected the bad axiom SubClassOf(StopUse MitigatingFactor).
[2026-06-25 09:52:29.366] Found 70 possible bad axioms.
[2026-06-25 09:52:29.367] Selected the bad axiom ObjectPropertyAssertion(hasOutcome patient_fall skin_tear).
[2026-06-25 09:52:29.367] Found 69 possible bad axioms.
[2026-06-25 09:52:29.367] Selected the bad axiom SubClassOf(Pathology-Laboratory IncidentType).
[2026-06-25 09:52:29.370] Found 68 possible bad axioms.
[2026-06-25 09:52:29.370] Selected the bad axiom SubClassOf(Time TemporalInfo).
[2026-06-25 09:52:29.377] Found 67 possible bad axioms.
[2026-06-25 09:52:29.377] Selected the bad axiom SubClassOf(HealthcareAssociatedInfection IncidentType).
[2026-06-25 09:52:29.380] Found 66 possible bad axioms.
[2026-06-25 09:52:29.380] Selected the bad axiom SubClassOf(DeviceAvailability ErrorType).
[2026-06-25 09:52:29.382] Found 65 possible bad axioms.
[2026-06-25 09:52:29.382] Selected the bad axiom ObjectPropertyAssertion(hasParticipant slip_down pt).
[2026-06-25 09:52:29.383] Found 64 possible bad axioms.
[2026-06-25 09:52:29.383] Selected the bad axiom SubClassOf(PhysicalCondition PatientCharacteristic).
[2026-06-25 09:52:29.390] Found 63 possible bad axioms.
[2026-06-25 09:52:29.390] Selected the bad axiom SubClassOf(NotifyManufacturer MitigatingFactor).
[2026-06-25 09:52:29.392] Found 62 possible bad axioms.
[2026-06-25 
...[truncated]
SUCCESS: attempt=36 seed=497047 success_count=20/100
progress: ontology=MEDEON attempt=36 success=20/100
----- MEDEON attempt=37 seed=511247 at 2026-06-25 09:52:50 -----
--- stdout ---
{"seed":511247,"run_id":"20260624134028346645","trial_status":"time_limit_exceeded","error_type":"timeout","failure_stage":"B4","error_message":"Repair timeout: B4 exceeded 300 seconds","iic_values":{},"repair_runtimes_ms":{"A1":42,"A2":1264,"A3":302,"B1":424,"B2":3235,"B3":3215,"B4":300001}}

--- stderr ---
SingleTrialExperiment starting: ontology=/workspaces/ontologyutils-ekaw26/repair-power-index-replication-ekaw26/ontologies/inconsistent/MEDEON.owl, seed=511247, run_id=20260624134028346645
Loaded ontology.
Normalizing ontology with SROIQ normalization...
Normalized ontology with SROIQ normalization.
Ontology is already inconsistent, skipping make-inconsistent step.
Repairing with A1 (random-removal)...
[2026-06-25 09:52:51.293] Checking precondition...
[2026-06-25 09:52:51.309] Starting the repair...
[2026-06-25 09:52:51.315] Found 78 possible bad axioms.
[2026-06-25 09:52:51.317] Selected the bad axiom SubClassOf(Oxigen-GasVapour IncidentType).
[2026-06-25 09:52:51.323] Found 77 possible bad axioms.
[2026-06-25 09:52:51.323] Selected the bad axiom SubClassOf(MentalStatus PatientCharacteristic).
[2026-06-25 09:52:51.328] Found 76 possible bad axioms.
[2026-06-25 09:52:51.329] Selected the bad axiom ClassAssertion(TypeOfHarm skin_tear).
[2026-06-25 09:52:51.330] Found 75 possible bad axioms.
[2026-06-25 09:52:51.330] Selected the bad axiom ClassAssertion(Patient pt).
[2026-06-25 09:52:51.331] Finished repairing the ontology.
Repairing with A2 (not-in-largest-mcs-removal)...
[2026-06-25 09:52:51.331] Checking precondition...
[2026-06-25 09:52:51.339] Starting the repair...
[2026-06-25 09:52:52.588] Found 2 possible bad axioms.
[2026-06-25 09:52:52.588] Selected the bad axiom SubClassOf(Fall ObjectSomeValuesFrom(involvesActivity owl:Nothing)).
[2026-06-25 09:52:52.588] Finished repairing the ontology.
Repairing with A3 (default-weakening)...
[2026-06-25 09:52:52.597] Checking precondition...
[2026-06-25 09:52:52.600] Starting the repair...
[2026-06-25 09:52:52.611] Selected a reference ontology with 152 axioms.
[2026-06-25 09:52:52.818] Selected the bad axiom SubClassOf(Fall ObjectSomeValuesFrom(involvesActivity owl:Nothing)).
[2026-06-25 09:52:52.896] Selected the weaker axiom SubClassOf(Fall ObjectSomeValuesFrom(involvesActivity CheckDevice)).
[2026-06-25 09:52:52.898] Finished repairing the ontology.
Repairing with B1 (bad-in_some_mus-weaker-random)...
[2026-06-25 09:52:52.899] Checking precondition...
[2026-06-25 09:52:52.901] Starting the repair...
[2026-06-25 09:52:52.908] Selected a reference ontology with 150 axioms.
[2026-06-25 09:52:53.104] Selected the bad axiom SubClassOf(Fall ObjectSomeValuesFrom(involvesActivity owl:Nothing)).
[2026-06-25 09:52:53.137] Selected the weaker axiom SubClassOf(Fall owl:Nothing).
[2026-06-25 09:52:53.321] Selected the bad axiom SubClassOf(Fall owl:Nothing).
[2026-06-25 09:52:53.322] Selected the weaker axiom SubClassOf(Fall PatientActivity).
[2026-06-25 09:52:53.323] Finished repairing the ontology.
Repairing with B2 (bad-in_some_mus-weaker-shapley)...
[2026-06-25 09:52:53.324] Checking precondition...
[2026-06-25 09:52:53.325] Starting the repair...
[2026-06-25 09:52:53.333] Selected a reference ontology with 150 axioms.
[2026-06-25 09:52:53.502] Selected the bad axiom ClassAssertion(Patient pt).
[PowerInde
...[truncated]
FAIL: attempt=37 seed=511247 status=time_limit_exceeded stage=B4 message=Repair timeout: B4 exceeded 300 seconds
progress: ontology=MEDEON attempt=37 success=20/100
----- MEDEON attempt=38 seed=525447 at 2026-06-25 09:57:59 -----
--- stdout ---
{"seed":525447,"run_id":"20260624134028346645","trial_status":"success","error_type":null,"failure_stage":null,"error_message":null,"iic_values":{"B1_vs_A1":0.2073170731707317,"B1_vs_A2":0.5,"B1_vs_A3":0.0,"B2_vs_A1":0.2125,"B2_vs_A2":1.0,"B2_vs_A3":0.5,"B3_vs_A1":1.0,"B3_vs_A2":1.0,"B3_vs_A3":1.0,"B4_vs_A1":1.0,"B4_vs_A2":1.0,"B4_vs_A3":1.0,"B5_vs_A1":1.0,"B5_vs_A2":1.0,"B5_vs_A3":1.0,"B6_vs_A1":1.0,"B6_vs_A2":1.0,"B6_vs_A3":1.0,"B7_vs_A1":1.0,"B7_vs_A2":1.0,"B7_vs_A3":1.0,"B8_vs_A1":1.0,"B8_vs_A2":1.0,"B8_vs_A3":1.0,"B9_vs_A1":1.0,"B9_vs_A2":1.0,"B9_vs_A3":1.0},"repair_runtimes_ms":{"A1":88,"A2":1225,"A3":308,"B1":438,"B2":4945,"B3":480,"B4":144,"B5":7845,"B6":5593,"B7":299,"B8":7799,"B9":5455}}

--- stderr ---
SingleTrialExperiment starting: ontology=/workspaces/ontologyutils-ekaw26/repair-power-index-replication-ekaw26/ontologies/inconsistent/MEDEON.owl, seed=525447, run_id=20260624134028346645
Loaded ontology.
Normalizing ontology with SROIQ normalization...
Normalized ontology with SROIQ normalization.
Ontology is already inconsistent, skipping make-inconsistent step.
Repairing with A1 (random-removal)...
[2026-06-25 09:58:00.297] Checking precondition...
[2026-06-25 09:58:00.314] Starting the repair...
[2026-06-25 09:58:00.320] Found 78 possible bad axioms.
[2026-06-25 09:58:00.322] Selected the bad axiom SubClassOf(DeviceFailure ErrorType).
[2026-06-25 09:58:00.327] Found 77 possible bad axioms.
[2026-06-25 09:58:00.327] Selected the bad axiom ObjectPropertyAssertion(involvesActivity patient_fall slip_down).
[2026-06-25 09:58:00.329] Found 76 possible bad axioms.
[2026-06-25 09:58:00.330] Selected the bad axiom SubClassOf(AssistiveDevice Device/Equipment).
[2026-06-25 09:58:00.334] Found 75 possible bad axioms.
[2026-06-25 09:58:00.334] Selected the bad axiom SubClassOf(StateOfCare TemporalInfo).
[2026-06-25 09:58:00.338] Found 74 possible bad axioms.
[2026-06-25 09:58:00.338] Selected the bad axiom SubClassOf(PatientActivity Activity).
[2026-06-25 09:58:00.341] Found 73 possible bad axioms.
[2026-06-25 09:58:00.341] Selected the bad axiom SubClassOf(ChangeOfInstrument MitigatingFactor).
[2026-06-25 09:58:00.344] Found 72 possible bad axioms.
[2026-06-25 09:58:00.344] Selected the bad axiom SubClassOf(ClinicalAdministration IncidentType).
[2026-06-25 09:58:00.347] Found 71 possible bad axioms.
[2026-06-25 09:58:00.347] Selected the bad axiom SubClassOf(Pathology-Laboratory IncidentType).
[2026-06-25 09:58:00.350] Found 70 possible bad axioms.
[2026-06-25 09:58:00.350] Selected the bad axiom SubClassOf(MissingInstrument ErrorType).
[2026-06-25 09:58:00.352] Found 69 possible bad axioms.
[2026-06-25 09:58:00.352] Selected the bad axiom ClassAssertion(TypeOfHarm fracture).
[2026-06-25 09:58:00.353] Found 68 possible bad axioms.
[2026-06-25 09:58:00.353] Selected the bad axiom SubClassOf(CheckDevice StuffActivity).
[2026-06-25 09:58:00.361] Found 67 possible bad axioms.
[2026-06-25 09:58:00.361] Selected the bad axiom ObjectPropertyAssertion(hasOutcome patient_fall skin_tear).
[2026-06-25 09:58:00.362] Found 66 possible bad axioms.
[2026-06-25 09:58:00.362] Selected the bad axiom SubClassOf(Fall ObjectSomeValuesFrom(hasOutcome ObjectSomeValuesFrom(hasParticipant Patient))).
[2026-06-25 09:58:00.364] Found 65 possible bad axioms.
[2026-06-25 09:58:00.365] Selected the bad axiom SubClassOf(StopUse MitigatingFactor).
[2026-06-25 09:58:00.371] Found 64 possible bad axioms.
[2026-06-25 09:58:00.372] Selected the bad axiom SubClassOf(MentalStatus PhysicalCondition).
[2026-06-25 09:58:00.374] Found 63 possible bad axioms.
[2026-06-25 09:58:00.375] Selected the bad axiom SubClassOf(Timing StateOfCare).
[2026-06-25 09:58:00.378] Found 62 possible bad axioms.
[
...[truncated]
SUCCESS: attempt=38 seed=525447 success_count=21/100
progress: ontology=MEDEON attempt=38 success=21/100
----- MEDEON attempt=39 seed=539647 at 2026-06-25 09:58:37 -----
--- stdout ---
{"seed":539647,"run_id":"20260624134028346645","trial_status":"time_limit_exceeded","error_type":"timeout","failure_stage":"B7","error_message":"Repair timeout: B7 exceeded 300 seconds","iic_values":{},"repair_runtimes_ms":{"A1":107,"A2":1190,"A3":313,"B1":248,"B2":4975,"B3":510,"B4":67,"B5":7728,"B6":1051,"B7":300001}}

--- stderr ---
SingleTrialExperiment starting: ontology=/workspaces/ontologyutils-ekaw26/repair-power-index-replication-ekaw26/ontologies/inconsistent/MEDEON.owl, seed=539647, run_id=20260624134028346645
Loaded ontology.
Normalizing ontology with SROIQ normalization...
Normalized ontology with SROIQ normalization.
Ontology is already inconsistent, skipping make-inconsistent step.
Repairing with A1 (random-removal)...
[2026-06-25 09:58:37.801] Checking precondition...
[2026-06-25 09:58:37.818] Starting the repair...
[2026-06-25 09:58:37.825] Found 78 possible bad axioms.
[2026-06-25 09:58:37.826] Selected the bad axiom ObjectPropertyAssertion(causes slip_down skin_tear).
[2026-06-25 09:58:37.828] Found 77 possible bad axioms.
[2026-06-25 09:58:37.828] Selected the bad axiom SubClassOf(TypeOfHarm PatientOutcome).
[2026-06-25 09:58:37.835] Found 76 possible bad axioms.
[2026-06-25 09:58:37.835] Selected the bad axiom SubClassOf(Social/EconomicalImpact PatientOutcome).
[2026-06-25 09:58:37.840] Found 75 possible bad axioms.
[2026-06-25 09:58:37.840] Selected the bad axiom SubClassOf(HealthcareAssociatedInfection IncidentType).
[2026-06-25 09:58:37.844] Found 74 possible bad axioms.
[2026-06-25 09:58:37.845] Selected the bad axiom SubClassOf(SkinTear TypeOfHarm).
[2026-06-25 09:58:37.848] Found 73 possible bad axioms.
[2026-06-25 09:58:37.848] Selected the bad axiom SubClassOf(Delay ErrorType).
[2026-06-25 09:58:37.851] Found 72 possible bad axioms.
[2026-06-25 09:58:37.851] Selected the bad axiom SubClassOf(Treatment Action).
[2026-06-25 09:58:37.854] Found 71 possible bad axioms.
[2026-06-25 09:58:37.855] Selected the bad axiom SubClassOf(MissingInstrument ErrorType).
[2026-06-25 09:58:37.857] Found 70 possible bad axioms.
[2026-06-25 09:58:37.858] Selected the bad axiom ObjectPropertyAssertion(hasParticipant slip_down pt).
[2026-06-25 09:58:37.858] Found 69 possible bad axioms.
[2026-06-25 09:58:37.859] Selected the bad axiom SubClassOf(Oxigen-GasVapour IncidentType).
[2026-06-25 09:58:37.861] Found 68 possible bad axioms.
[2026-06-25 09:58:37.861] Selected the bad axiom SubClassOf(Fall IncidentType).
[2026-06-25 09:58:37.868] Found 67 possible bad axioms.
[2026-06-25 09:58:37.868] Selected the bad axiom SubClassOf(UseError ErrorType).
[2026-06-25 09:58:37.871] Found 66 possible bad axioms.
[2026-06-25 09:58:37.871] Selected the bad axiom ClassAssertion(TypeOfHarm skin_tear).
[2026-06-25 09:58:37.872] Found 65 possible bad axioms.
[2026-06-25 09:58:37.872] Selected the bad axiom SubClassOf(Medication-IVFluid IncidentType).
[2026-06-25 09:58:37.879] Found 64 possible bad axioms.
[2026-06-25 09:58:37.879] Selected the bad axiom SubClassOf(ClinicalProcess IncidentType).
[2026-06-25 09:58:37.882] Found 63 possible bad axioms.
[2026-06-25 09:58:37.882] Selected the bad axiom ObjectPropertyAssertion(causes slip_down fracture).
[2026-06-25 09:58:37.883] Found 62 possible bad axioms.
[2026-06-25 09:58:37.883] Selected the bad axiom SubClassOf(Therapy Action).
[2026-06-25
...[truncated]
FAIL: attempt=39 seed=539647 status=time_limit_exceeded stage=B7 message=Repair timeout: B7 exceeded 300 seconds
progress: ontology=MEDEON attempt=39 success=21/100
----- MEDEON attempt=40 seed=553847 at 2026-06-25 10:03:54 -----
--- stdout ---
{"seed":553847,"run_id":"20260624134028346645","trial_status":"time_limit_exceeded","error_type":"timeout","failure_stage":"B7","error_message":"Repair timeout: B7 exceeded 300 seconds","iic_values":{},"repair_runtimes_ms":{"A1":106,"A2":1193,"A3":322,"B1":437,"B2":696,"B3":3527,"B4":254,"B5":7335,"B6":5565,"B7":300001}}

--- stderr ---
SingleTrialExperiment starting: ontology=/workspaces/ontologyutils-ekaw26/repair-power-index-replication-ekaw26/ontologies/inconsistent/MEDEON.owl, seed=553847, run_id=20260624134028346645
Loaded ontology.
Normalizing ontology with SROIQ normalization...
Normalized ontology with SROIQ normalization.
Ontology is already inconsistent, skipping make-inconsistent step.
Repairing with A1 (random-removal)...
[2026-06-25 10:03:54.492] Checking precondition...
[2026-06-25 10:03:54.509] Starting the repair...
[2026-06-25 10:03:54.516] Found 78 possible bad axioms.
[2026-06-25 10:03:54.517] Selected the bad axiom SubClassOf(Delay ErrorType).
[2026-06-25 10:03:54.522] Found 77 possible bad axioms.
[2026-06-25 10:03:54.523] Selected the bad axiom SubClassOf(Timing TemporalInfo).
[2026-06-25 10:03:54.528] Found 76 possible bad axioms.
[2026-06-25 10:03:54.528] Selected the bad axiom ObjectPropertyAssertion(hasOutcome patient_fall skin_tear).
[2026-06-25 10:03:54.529] Found 75 possible bad axioms.
[2026-06-25 10:03:54.529] Selected the bad axiom SubClassOf(Patient Person).
[2026-06-25 10:03:54.534] Found 74 possible bad axioms.
[2026-06-25 10:03:54.534] Selected the bad axiom SubClassOf(Process IncidentCharacteristic).
[2026-06-25 10:03:54.537] Found 73 possible bad axioms.
[2026-06-25 10:03:54.538] Selected the bad axiom SubClassOf(MedicalDevice-Equipment IncidentType).
[2026-06-25 10:03:54.541] Found 72 possible bad axioms.
[2026-06-25 10:03:54.541] Selected the bad axiom SubClassOf(Fall IncidentType).
[2026-06-25 10:03:54.543] Found 71 possible bad axioms.
[2026-06-25 10:03:54.544] Selected the bad axiom ClassAssertion(SkinTear skin_tear).
[2026-06-25 10:03:54.545] Found 70 possible bad axioms.
[2026-06-25 10:03:54.545] Selected the bad axiom ObjectPropertyAssertion(hasOutcome patient_fall fracture).
[2026-06-25 10:03:54.546] Found 69 possible bad axioms.
[2026-06-25 10:03:54.546] Selected the bad axiom SubClassOf(ImmediateAction Action).
[2026-06-25 10:03:54.549] Found 68 possible bad axioms.
[2026-06-25 10:03:54.549] Selected the bad axiom SubClassOf(Site PatientOutcome).
[2026-06-25 10:03:54.556] Found 67 possible bad axioms.
[2026-06-25 10:03:54.556] Selected the bad axiom SubClassOf(NotifyManufacturer MitigatingFactor).
[2026-06-25 10:03:54.558] Found 66 possible bad axioms.
[2026-06-25 10:03:54.559] Selected the bad axiom SubClassOf(StopUse MitigatingFactor).
[2026-06-25 10:03:54.561] Found 65 possible bad axioms.
[2026-06-25 10:03:54.561] Selected the bad axiom SubClassOf(MonitoringDevice Device/Equipment).
[2026-06-25 10:03:54.568] Found 64 possible bad axioms.
[2026-06-25 10:03:54.568] Selected the bad axiom ObjectPropertyAssertion(hasParticipant fracture pt).
[2026-06-25 10:03:54.569] Found 63 possible bad axioms.
[2026-06-25 10:03:54.569] Selected the bad axiom SubClassOf(TypeOfHarm PatientOutcome).
[2026-06-25 10:03:54.572] Found 62 possible bad axioms.
[2026-06-25 10:03:54.572] Selected the bad axiom SubClassOf(PatientAccident IncidentType).
[2
...[truncated]
FAIL: attempt=40 seed=553847 status=time_limit_exceeded stage=B7 message=Repair timeout: B7 exceeded 300 seconds
progress: ontology=MEDEON attempt=40 success=21/100
----- MEDEON attempt=41 seed=568047 at 2026-06-25 10:09:14 -----
--- stdout ---
{"seed":568047,"run_id":"20260624134028346645","trial_status":"success","error_type":null,"failure_stage":null,"error_message":null,"iic_values":{"B1_vs_A1":0.04411764705882353,"B1_vs_A2":0.0,"B1_vs_A3":0.5,"B2_vs_A1":1.0,"B2_vs_A2":0.5,"B2_vs_A3":1.0,"B3_vs_A1":0.045454545454545456,"B3_vs_A2":0.0,"B3_vs_A3":1.0,"B4_vs_A1":1.0,"B4_vs_A2":0.5,"B4_vs_A3":1.0,"B5_vs_A1":1.0,"B5_vs_A2":0.5,"B5_vs_A3":1.0,"B6_vs_A1":1.0,"B6_vs_A2":0.5,"B6_vs_A3":1.0,"B7_vs_A1":1.0,"B7_vs_A2":0.5,"B7_vs_A3":1.0,"B8_vs_A1":1.0,"B8_vs_A2":0.5,"B8_vs_A3":1.0,"B9_vs_A1":1.0,"B9_vs_A2":0.5,"B9_vs_A3":1.0},"repair_runtimes_ms":{"A1":56,"A2":1258,"A3":304,"B1":269,"B2":731,"B3":3395,"B4":342,"B5":7902,"B6":1052,"B7":356,"B8":1649,"B9":5523}}

--- stderr ---
SingleTrialExperiment starting: ontology=/workspaces/ontologyutils-ekaw26/repair-power-index-replication-ekaw26/ontologies/inconsistent/MEDEON.owl, seed=568047, run_id=20260624134028346645
Loaded ontology.
Normalizing ontology with SROIQ normalization...
Normalized ontology with SROIQ normalization.
Ontology is already inconsistent, skipping make-inconsistent step.
Repairing with A1 (random-removal)...
[2026-06-25 10:09:14.415] Checking precondition...
[2026-06-25 10:09:14.431] Starting the repair...
[2026-06-25 10:09:14.441] Found 78 possible bad axioms.
[2026-06-25 10:09:14.442] Selected the bad axiom SubClassOf(IncidentHistory PatientCharacteristic).
[2026-06-25 10:09:14.450] Found 77 possible bad axioms.
[2026-06-25 10:09:14.450] Selected the bad axiom SubClassOf(Timing StateOfCare).
[2026-06-25 10:09:14.455] Found 76 possible bad axioms.
[2026-06-25 10:09:14.455] Selected the bad axiom SubClassOf(Patient Person).
[2026-06-25 10:09:14.460] Found 75 possible bad axioms.
[2026-06-25 10:09:14.460] Selected the bad axiom ClassAssertion(TypeOfHarm skin_tear).
[2026-06-25 10:09:14.462] Found 74 possible bad axioms.
[2026-06-25 10:09:14.462] Selected the bad axiom SubClassOf(ObjectSomeValuesFrom(hasOutcome ObjectSomeValuesFrom(hasParticipant Patient)) Fall).
[2026-06-25 10:09:14.465] Found 73 possible bad axioms.
[2026-06-25 10:09:14.466] Selected the bad axiom ObjectPropertyAssertion(hasParticipant slip_down pt).
[2026-06-25 10:09:14.466] Finished repairing the ontology.
Repairing with A2 (not-in-largest-mcs-removal)...
[2026-06-25 10:09:14.467] Checking precondition...
[2026-06-25 10:09:14.474] Starting the repair...
[2026-06-25 10:09:15.723] Found 2 possible bad axioms.
[2026-06-25 10:09:15.723] Selected the bad axiom ClassAssertion(Patient pt).
[2026-06-25 10:09:15.725] Finished repairing the ontology.
Repairing with A3 (default-weakening)...
[2026-06-25 10:09:15.727] Checking precondition...
[2026-06-25 10:09:15.729] Starting the repair...
[2026-06-25 10:09:15.737] Selected a reference ontology with 152 axioms.
[2026-06-25 10:09:15.959] Selected the bad axiom SubClassOf(Fall ObjectSomeValuesFrom(involvesActivity owl:Nothing)).
[2026-06-25 10:09:16.028] Selected the weaker axiom SubClassOf(Fall ObjectSomeValuesFrom(involvesActivity ImmediateAction)).
[2026-06-25 10:09:16.030] Finished repairing the ontology.
Repairing with B1 (bad-in_some_mus-weaker-random)...
[2026-06-25 10:09:16.030] Checking precondition...
[2026-06-25 10:09:16.032] Starting the repair...
[2026-06-25 10:09:16.047] Selected a reference ontology with 150 axioms.
[2026-06-25 10:09:16.242] Selected the bad axiom SubClassOf(Fall ObjectSomeValuesFrom(involvesActivity owl:Nothing)).
[2026-06-25 10:09:16.298] Selected the weaker axiom SubClassOf(Fall ObjectSomeValuesFrom(involvesActivity Nutrition)).
[2026-06-25 10:09:16.299] Finished repairing the ontology.
Repairing with B2 (bad-in_some_mus-weaker-shapley)...
[2026-06-25 10:09:16.301] Checking precondition...
[2026-06-25 10:09:16.3
...[truncated]
SUCCESS: attempt=41 seed=568047 success_count=22/100
progress: ontology=MEDEON attempt=41 success=22/100
----- MEDEON attempt=42 seed=582247 at 2026-06-25 10:09:37 -----
--- stdout ---
{"seed":582247,"run_id":"20260624134028346645","trial_status":"success","error_type":null,"failure_stage":null,"error_message":null,"iic_values":{"B1_vs_A1":1.0,"B1_vs_A2":1.0,"B1_vs_A3":0.5,"B2_vs_A1":1.0,"B2_vs_A2":1.0,"B2_vs_A3":0.5,"B3_vs_A1":1.0,"B3_vs_A2":1.0,"B3_vs_A3":0.5,"B4_vs_A1":1.0,"B4_vs_A2":1.0,"B4_vs_A3":1.0,"B5_vs_A1":1.0,"B5_vs_A2":1.0,"B5_vs_A3":1.0,"B6_vs_A1":1.0,"B6_vs_A2":1.0,"B6_vs_A3":1.0,"B7_vs_A1":1.0,"B7_vs_A2":1.0,"B7_vs_A3":1.0,"B8_vs_A1":1.0,"B8_vs_A2":1.0,"B8_vs_A3":1.0,"B9_vs_A1":1.0,"B9_vs_A2":1.0,"B9_vs_A3":1.0},"repair_runtimes_ms":{"A1":40,"A2":1254,"A3":321,"B1":260,"B2":4623,"B3":3214,"B4":203,"B5":1689,"B6":5571,"B7":101,"B8":1675,"B9":1193}}

--- stderr ---
SingleTrialExperiment starting: ontology=/workspaces/ontologyutils-ekaw26/repair-power-index-replication-ekaw26/ontologies/inconsistent/MEDEON.owl, seed=582247, run_id=20260624134028346645
Loaded ontology.
Normalizing ontology with SROIQ normalization...
Normalized ontology with SROIQ normalization.
Ontology is already inconsistent, skipping make-inconsistent step.
Repairing with A1 (random-removal)...
[2026-06-25 10:09:38.061] Checking precondition...
[2026-06-25 10:09:38.078] Starting the repair...
[2026-06-25 10:09:38.084] Found 78 possible bad axioms.
[2026-06-25 10:09:38.086] Selected the bad axiom SubClassOf(Management Action).
[2026-06-25 10:09:38.091] Found 77 possible bad axioms.
[2026-06-25 10:09:38.091] Selected the bad axiom SubClassOf(Fall ObjectSomeValuesFrom(involvesActivity owl:Nothing)).
[2026-06-25 10:09:38.097] Finished repairing the ontology.
Repairing with A2 (not-in-largest-mcs-removal)...
[2026-06-25 10:09:38.097] Checking precondition...
[2026-06-25 10:09:38.105] Starting the repair...
[2026-06-25 10:09:39.350] Found 2 possible bad axioms.
[2026-06-25 10:09:39.351] Selected the bad axiom SubClassOf(Fall ObjectSomeValuesFrom(involvesActivity owl:Nothing)).
[2026-06-25 10:09:39.351] Finished repairing the ontology.
Repairing with A3 (default-weakening)...
[2026-06-25 10:09:39.353] Checking precondition...
[2026-06-25 10:09:39.355] Starting the repair...
[2026-06-25 10:09:39.366] Selected a reference ontology with 152 axioms.
[2026-06-25 10:09:39.598] Selected the bad axiom SubClassOf(Fall ObjectSomeValuesFrom(involvesActivity owl:Nothing)).
[2026-06-25 10:09:39.671] Selected the weaker axiom SubClassOf(Fall AssistiveDevice).
[2026-06-25 10:09:39.673] Finished repairing the ontology.
Repairing with B1 (bad-in_some_mus-weaker-random)...
[2026-06-25 10:09:39.673] Checking precondition...
[2026-06-25 10:09:39.675] Starting the repair...
[2026-06-25 10:09:39.682] Selected a reference ontology with 152 axioms.
[2026-06-25 10:09:39.881] Selected the bad axiom SubClassOf(Fall ObjectSomeValuesFrom(involvesActivity owl:Nothing)).
[2026-06-25 10:09:39.931] Selected the weaker axiom SubClassOf(Fall Infrastructure-Building-Fixture).
[2026-06-25 10:09:39.933] Finished repairing the ontology.
Repairing with B2 (bad-in_some_mus-weaker-shapley)...
[2026-06-25 10:09:39.934] Checking precondition...
[2026-06-25 10:09:39.936] Starting the repair...
[2026-06-25 10:09:39.946] Selected a reference ontology with 150 axioms.
[2026-06-25 10:09:40.124] Selected the bad axiom SubClassOf(Fall ObjectSomeValuesFrom(involvesActivity owl:Nothing)).
[PowerIndexWeakerAxiomSelector] Scoring 108 candidate weakenings for Fall ⊑ ∃ involvesActivity.⊥
[PowerIndexWeakerAxiomSelector] Selected weaker axiom: Fall ⊑ AssistiveDevice
[2026-06-25 10:09:44.538] Selected the weaker axiom SubClassOf(Fall AssistiveDevice).
[2026-06-25 10:09:44.556] Finished repairing the ontology.
Repairing with B3 (bad-in_some_mus-weaker-banzhaf)...
[2026-06-25 10:09:44.557] Checking precond
...[truncated]
SUCCESS: attempt=42 seed=582247 success_count=23/100
progress: ontology=MEDEON attempt=42 success=23/100
----- MEDEON attempt=43 seed=596447 at 2026-06-25 10:09:59 -----
--- stdout ---
{"seed":596447,"run_id":"20260624134028346645","trial_status":"time_limit_exceeded","error_type":"timeout","failure_stage":"B4","error_message":"Repair timeout: B4 exceeded 300 seconds","iic_values":{},"repair_runtimes_ms":{"A1":155,"A2":1169,"A3":300,"B1":246,"B2":4488,"B3":551,"B4":300001}}

--- stderr ---
SingleTrialExperiment starting: ontology=/workspaces/ontologyutils-ekaw26/repair-power-index-replication-ekaw26/ontologies/inconsistent/MEDEON.owl, seed=596447, run_id=20260624134028346645
Loaded ontology.
Normalizing ontology with SROIQ normalization...
Normalized ontology with SROIQ normalization.
Ontology is already inconsistent, skipping make-inconsistent step.
Repairing with A1 (random-removal)...
[2026-06-25 10:10:00.296] Checking precondition...
[2026-06-25 10:10:00.313] Starting the repair...
[2026-06-25 10:10:00.319] Found 78 possible bad axioms.
[2026-06-25 10:10:00.321] Selected the bad axiom SubClassOf(Defect ErrorType).
[2026-06-25 10:10:00.327] Found 77 possible bad axioms.
[2026-06-25 10:10:00.328] Selected the bad axiom ObjectPropertyAssertion(causes slip_down skin_tear).
[2026-06-25 10:10:00.330] Found 76 possible bad axioms.
[2026-06-25 10:10:00.330] Selected the bad axiom SubClassOf(RiskAssessment Assessment).
[2026-06-25 10:10:00.335] Found 75 possible bad axioms.
[2026-06-25 10:10:00.335] Selected the bad axiom SubClassOf(InjuryAssessment Assessment).
[2026-06-25 10:10:00.340] Found 74 possible bad axioms.
[2026-06-25 10:10:00.340] Selected the bad axiom SubClassOf(StateOfCare TemporalInfo).
[2026-06-25 10:10:00.344] Found 73 possible bad axioms.
[2026-06-25 10:10:00.344] Selected the bad axiom ObjectPropertyAssertion(hasParticipant fracture pt).
[2026-06-25 10:10:00.345] Found 72 possible bad axioms.
[2026-06-25 10:10:00.345] Selected the bad axiom ClassAssertion(IncidentType patient_fall).
[2026-06-25 10:10:00.346] Found 71 possible bad axioms.
[2026-06-25 10:10:00.346] Selected the bad axiom ObjectPropertyAssertion(causes slip_down fracture).
[2026-06-25 10:10:00.346] Found 70 possible bad axioms.
[2026-06-25 10:10:00.347] Selected the bad axiom SubClassOf(Management Action).
[2026-06-25 10:10:00.349] Found 69 possible bad axioms.
[2026-06-25 10:10:00.349] Selected the bad axiom SubClassOf(CheckDevice StuffActivity).
[2026-06-25 10:10:00.352] Found 68 possible bad axioms.
[2026-06-25 10:10:00.352] Selected the bad axiom ClassAssertion(SkinTear skin_tear).
[2026-06-25 10:10:00.354] Found 67 possible bad axioms.
[2026-06-25 10:10:00.354] Selected the bad axiom SubClassOf(StuffActivity Activity).
[2026-06-25 10:10:00.360] Found 66 possible bad axioms.
[2026-06-25 10:10:00.361] Selected the bad axiom SubClassOf(InappropriateUse ErrorType).
[2026-06-25 10:10:00.363] Found 65 possible bad axioms.
[2026-06-25 10:10:00.363] Selected the bad axiom SubClassOf(Infrastructure-Building-Fixture IncidentType).
[2026-06-25 10:10:00.366] Found 64 possible bad axioms.
[2026-06-25 10:10:00.366] Selected the bad axiom SubClassOf(ClinicalProcess IncidentType).
[2026-06-25 10:10:00.369] Found 63 possible bad axioms.
[2026-06-25 10:10:00.369] Selected the bad axiom SubClassOf(DegreeOfHarm PatientOutcome).
[2026-06-25 10:10:00.376] Found 62 possible bad axioms.
[2026-06-25 10:10:00.376] Selected the bad axiom SubClassOf(ObjectSomeValuesFrom(hasOu
...[truncated]
FAIL: attempt=43 seed=596447 status=time_limit_exceeded stage=B4 message=Repair timeout: B4 exceeded 300 seconds
progress: ontology=MEDEON attempt=43 success=23/100
----- MEDEON attempt=44 seed=610647 at 2026-06-25 10:15:07 -----
--- stdout ---
{"seed":610647,"run_id":"20260624134028346645","trial_status":"time_limit_exceeded","error_type":"timeout","failure_stage":"B4","error_message":"Repair timeout: B4 exceeded 300 seconds","iic_values":{},"repair_runtimes_ms":{"A1":112,"A2":1195,"A3":460,"B1":426,"B2":4673,"B3":3412,"B4":300001}}

--- stderr ---
SingleTrialExperiment starting: ontology=/workspaces/ontologyutils-ekaw26/repair-power-index-replication-ekaw26/ontologies/inconsistent/MEDEON.owl, seed=610647, run_id=20260624134028346645
Loaded ontology.
Normalizing ontology with SROIQ normalization...
Normalized ontology with SROIQ normalization.
Ontology is already inconsistent, skipping make-inconsistent step.
Repairing with A1 (random-removal)...
[2026-06-25 10:15:07.664] Checking precondition...
[2026-06-25 10:15:07.681] Starting the repair...
[2026-06-25 10:15:07.687] Found 78 possible bad axioms.
[2026-06-25 10:15:07.688] Selected the bad axiom SubClassOf(TypeOfHarm PatientOutcome).
[2026-06-25 10:15:07.694] Found 77 possible bad axioms.
[2026-06-25 10:15:07.694] Selected the bad axiom SubClassOf(DegreeOfHarm PatientOutcome).
[2026-06-25 10:15:07.699] Found 76 possible bad axioms.
[2026-06-25 10:15:07.699] Selected the bad axiom SubClassOf(AssistiveDevice Device/Equipment).
[2026-06-25 10:15:07.704] Found 75 possible bad axioms.
[2026-06-25 10:15:07.704] Selected the bad axiom SubClassOf(Documentation IncidentType).
[2026-06-25 10:15:07.707] Found 74 possible bad axioms.
[2026-06-25 10:15:07.707] Selected the bad axiom SubClassOf(DeviceAvailability ErrorType).
[2026-06-25 10:15:07.710] Found 73 possible bad axioms.
[2026-06-25 10:15:07.710] Selected the bad axiom SubClassOf(DeviceType DeviceCharacteristic).
[2026-06-25 10:15:07.713] Found 72 possible bad axioms.
[2026-06-25 10:15:07.713] Selected the bad axiom SubClassOf(Fall ObjectSomeValuesFrom(hasOutcome ObjectSomeValuesFrom(hasParticipant Patient))).
[2026-06-25 10:15:07.716] Found 71 possible bad axioms.
[2026-06-25 10:15:07.716] Selected the bad axiom SubClassOf(Treatment Action).
[2026-06-25 10:15:07.719] Found 70 possible bad axioms.
[2026-06-25 10:15:07.719] Selected the bad axiom SubClassOf(ClinicalProcess IncidentType).
[2026-06-25 10:15:07.722] Found 69 possible bad axioms.
[2026-06-25 10:15:07.722] Selected the bad axiom ObjectPropertyAssertion(involvesActivity patient_fall slip_down).
[2026-06-25 10:15:07.727] Found 68 possible bad axioms.
[2026-06-25 10:15:07.727] Selected the bad axiom SubClassOf(Fall ObjectSomeValuesFrom(involvesActivity ObjectSomeValuesFrom(hasParticipant Patient))).
[2026-06-25 10:15:07.730] Found 67 possible bad axioms.
[2026-06-25 10:15:07.730] Selected the bad axiom SubClassOf(PressureUlcer IncidentType).
[2026-06-25 10:15:07.737] Found 66 possible bad axioms.
[2026-06-25 10:15:07.738] Selected the bad axiom SubClassOf(MentalStatus PhysicalCondition).
[2026-06-25 10:15:07.740] Found 65 possible bad axioms.
[2026-06-25 10:15:07.740] Selected the bad axiom SubClassOf(StopUse MitigatingFactor).
[2026-06-25 10:15:07.742] Found 64 possible bad axioms.
[2026-06-25 10:15:07.742] Selected the bad axiom SubClassOf(MonitoringDevice Device/Equipment).
[2026-06-25 10:15:07.744] Found 63 possible bad axioms.
[2026-06-25 10:15:07.745] Selected the bad axiom SubClassOf(ErrorType IncidentCharacteristic).
[2026-06-2
...[truncated]
FAIL: attempt=44 seed=610647 status=time_limit_exceeded stage=B4 message=Repair timeout: B4 exceeded 300 seconds
progress: ontology=MEDEON attempt=44 success=23/100
----- MEDEON attempt=45 seed=624847 at 2026-06-25 10:20:18 -----
--- stdout ---
{"seed":624847,"run_id":"20260624134028346645","trial_status":"success","error_type":null,"failure_stage":null,"error_message":null,"iic_values":{"B1_vs_A1":1.0,"B1_vs_A2":1.0,"B1_vs_A3":1.0,"B2_vs_A1":0.19230769230769232,"B2_vs_A2":1.0,"B2_vs_A3":1.0,"B3_vs_A1":1.0,"B3_vs_A2":1.0,"B3_vs_A3":1.0,"B4_vs_A1":1.0,"B4_vs_A2":1.0,"B4_vs_A3":1.0,"B5_vs_A1":1.0,"B5_vs_A2":1.0,"B5_vs_A3":1.0,"B6_vs_A1":1.0,"B6_vs_A2":1.0,"B6_vs_A3":1.0,"B7_vs_A1":1.0,"B7_vs_A2":1.0,"B7_vs_A3":1.0,"B8_vs_A1":1.0,"B8_vs_A2":1.0,"B8_vs_A3":1.0,"B9_vs_A1":1.0,"B9_vs_A2":1.0,"B9_vs_A3":1.0},"repair_runtimes_ms":{"A1":90,"A2":1206,"A3":312,"B1":225,"B2":4593,"B3":555,"B4":269,"B5":7525,"B6":1099,"B7":301,"B8":7902,"B9":5731}}

--- stderr ---
SingleTrialExperiment starting: ontology=/workspaces/ontologyutils-ekaw26/repair-power-index-replication-ekaw26/ontologies/inconsistent/MEDEON.owl, seed=624847, run_id=20260624134028346645
Loaded ontology.
Normalizing ontology with SROIQ normalization...
Normalized ontology with SROIQ normalization.
Ontology is already inconsistent, skipping make-inconsistent step.
Repairing with A1 (random-removal)...
[2026-06-25 10:20:18.422] Checking precondition...
[2026-06-25 10:20:18.438] Starting the repair...
[2026-06-25 10:20:18.445] Found 78 possible bad axioms.
[2026-06-25 10:20:18.446] Selected the bad axiom SubClassOf(Therapy Action).
[2026-06-25 10:20:18.452] Found 77 possible bad axioms.
[2026-06-25 10:20:18.452] Selected the bad axiom SubClassOf(StopUse MitigatingFactor).
[2026-06-25 10:20:18.457] Found 76 possible bad axioms.
[2026-06-25 10:20:18.457] Selected the bad axiom SubClassOf(StateOfCare TemporalInfo).
[2026-06-25 10:20:18.462] Found 75 possible bad axioms.
[2026-06-25 10:20:18.462] Selected the bad axiom SubClassOf(DeviceAvailability ErrorType).
[2026-06-25 10:20:18.465] Found 74 possible bad axioms.
[2026-06-25 10:20:18.465] Selected the bad axiom SubClassOf(PhysicianActivity Activity).
[2026-06-25 10:20:18.468] Found 73 possible bad axioms.
[2026-06-25 10:20:18.469] Selected the bad axiom SubClassOf(RiskAssessment Assessment).
[2026-06-25 10:20:18.471] Found 72 possible bad axioms.
[2026-06-25 10:20:18.471] Selected the bad axiom SubClassOf(PatientActivity Activity).
[2026-06-25 10:20:18.474] Found 71 possible bad axioms.
[2026-06-25 10:20:18.475] Selected the bad axiom SubClassOf(MissingInstrument ErrorType).
[2026-06-25 10:20:18.478] Found 70 possible bad axioms.
[2026-06-25 10:20:18.478] Selected the bad axiom SubClassOf(Infrastructure-Building-Fixture IncidentType).
[2026-06-25 10:20:18.480] Found 69 possible bad axioms.
[2026-06-25 10:20:18.480] Selected the bad axiom SubClassOf(ObjectSomeValuesFrom(hasOutcome ObjectSomeValuesFrom(hasParticipant Person)) Fall).
[2026-06-25 10:20:18.487] Found 68 possible bad axioms.
[2026-06-25 10:20:18.487] Selected the bad axiom SubClassOf(Management Action).
[2026-06-25 10:20:18.494] Found 67 possible bad axioms.
[2026-06-25 10:20:18.494] Selected the bad axiom SubClassOf(PatientAccident IncidentType).
[2026-06-25 10:20:18.497] Found 66 possible bad axioms.
[2026-06-25 10:20:18.497] Selected the bad axiom SubClassOf(Social/EconomicalImpact PatientOutcome).
[2026-06-25 10:20:18.499] Found 65 possible bad axioms.
[2026-06-25 10:20:18.499] Selected the bad axiom SubClassOf(Site PatientOutcome).
[2026-06-25 10:20:18.501] Found 64 possible bad axioms.
[2026-06-25 10:20:18.502] Selected the bad axiom SubClassOf(Blood-BloodProduct IncidentType).
[2026-06-25 10:20:18.504] Found 63 possible bad axioms.
[2026-06-25 10:20:18.504] Selected the bad axiom SubClassOf(MonitoringDevice Device/Equipment).
[2026-06-25 10:20:18.506] Found 62 possible bad axioms.
[2026-06-25 10:20:18.507] Selected the bad axiom Cl
...[truncated]
SUCCESS: attempt=45 seed=624847 success_count=24/100
progress: ontology=MEDEON attempt=45 success=24/100
----- MEDEON attempt=46 seed=639047 at 2026-06-25 10:20:48 -----
--- stdout ---
{"seed":639047,"run_id":"20260624134028346645","trial_status":"success","error_type":null,"failure_stage":null,"error_message":null,"iic_values":{"B1_vs_A1":1.0,"B1_vs_A2":0.5,"B1_vs_A3":1.0,"B2_vs_A1":1.0,"B2_vs_A2":0.5,"B2_vs_A3":1.0,"B3_vs_A1":1.0,"B3_vs_A2":0.5,"B3_vs_A3":1.0,"B4_vs_A1":1.0,"B4_vs_A2":0.5,"B4_vs_A3":1.0,"B5_vs_A1":1.0,"B5_vs_A2":0.5,"B5_vs_A3":1.0,"B6_vs_A1":1.0,"B6_vs_A2":0.5,"B6_vs_A3":1.0,"B7_vs_A1":1.0,"B7_vs_A2":0.5,"B7_vs_A3":1.0,"B8_vs_A1":1.0,"B8_vs_A2":0.5,"B8_vs_A3":1.0,"B9_vs_A1":1.0,"B9_vs_A2":0.5,"B9_vs_A3":1.0},"repair_runtimes_ms":{"A1":131,"A2":1182,"A3":330,"B1":395,"B2":799,"B3":2300,"B4":230,"B5":1727,"B6":6455,"B7":185,"B8":7782,"B9":6536}}

--- stderr ---
SingleTrialExperiment starting: ontology=/workspaces/ontologyutils-ekaw26/repair-power-index-replication-ekaw26/ontologies/inconsistent/MEDEON.owl, seed=639047, run_id=20260624134028346645
Loaded ontology.
Normalizing ontology with SROIQ normalization...
Normalized ontology with SROIQ normalization.
Ontology is already inconsistent, skipping make-inconsistent step.
Repairing with A1 (random-removal)...
[2026-06-25 10:20:48.938] Checking precondition...
[2026-06-25 10:20:48.955] Starting the repair...
[2026-06-25 10:20:48.962] Found 78 possible bad axioms.
[2026-06-25 10:20:48.963] Selected the bad axiom SubClassOf(TypeOfHarm PatientOutcome).
[2026-06-25 10:20:48.970] Found 77 possible bad axioms.
[2026-06-25 10:20:48.970] Selected the bad axiom SubClassOf(MentalStatus PatientCharacteristic).
[2026-06-25 10:20:48.974] Found 76 possible bad axioms.
[2026-06-25 10:20:48.974] Selected the bad axiom SubClassOf(DeviceType DeviceCharacteristic).
[2026-06-25 10:20:48.979] Found 75 possible bad axioms.
[2026-06-25 10:20:48.979] Selected the bad axiom SubClassOf(Medication-IVFluid IncidentType).
[2026-06-25 10:20:48.982] Found 74 possible bad axioms.
[2026-06-25 10:20:48.982] Selected the bad axiom SubClassOf(Time TemporalInfo).
[2026-06-25 10:20:48.985] Found 73 possible bad axioms.
[2026-06-25 10:20:48.985] Selected the bad axiom SubClassOf(Infrastructure-Building-Fixture IncidentType).
[2026-06-25 10:20:48.988] Found 72 possible bad axioms.
[2026-06-25 10:20:48.988] Selected the bad axiom ClassAssertion(SkinTear skin_tear).
[2026-06-25 10:20:48.990] Found 71 possible bad axioms.
[2026-06-25 10:20:48.990] Selected the bad axiom SubClassOf(Therapy Action).
[2026-06-25 10:20:48.993] Found 70 possible bad axioms.
[2026-06-25 10:20:48.993] Selected the bad axiom ObjectPropertyAssertion(hasParticipant fracture pt).
[2026-06-25 10:20:48.994] Found 69 possible bad axioms.
[2026-06-25 10:20:48.994] Selected the bad axiom SubClassOf(SkinTear TypeOfHarm).
[2026-06-25 10:20:49.000] Found 68 possible bad axioms.
[2026-06-25 10:20:49.000] Selected the bad axiom SubClassOf(PhysicalCondition PatientCharacteristic).
[2026-06-25 10:20:49.003] Found 67 possible bad axioms.
[2026-06-25 10:20:49.003] Selected the bad axiom SubClassOf(DeviceFailure ErrorType).
[2026-06-25 10:20:49.005] Found 66 possible bad axioms.
[2026-06-25 10:20:49.005] Selected the bad axiom SubClassOf(Delay ErrorType).
[2026-06-25 10:20:49.012] Found 65 possible bad axioms.
[2026-06-25 10:20:49.012] Selected the bad axiom SubClassOf(Resource-OrganizationalManagement IncidentType).
[2026-06-25 10:20:49.015] Found 64 possible bad axioms.
[2026-06-25 10:20:49.015] Selected the bad axiom SubClassOf(AssistiveDevice Device/Equipment).
[2026-06-25 10:20:49.017] Found 63 possible bad axioms.
[2026-06-25 10:20:49.017] Selected the bad axiom SubClassOf(Blood-BloodProduct IncidentType).
[2026-06-25 10:20:49.019] Found 62 possible bad axioms.
[2026-06-25 10:20:49.020] Selected the bad axiom SubClassOf(NotifyManufa
...[truncated]
SUCCESS: attempt=46 seed=639047 success_count=25/100
progress: ontology=MEDEON attempt=46 success=25/100
----- MEDEON attempt=47 seed=653247 at 2026-06-25 10:21:17 -----
--- stdout ---
{"seed":653247,"run_id":"20260624134028346645","trial_status":"time_limit_exceeded","error_type":"timeout","failure_stage":"B4","error_message":"Repair timeout: B4 exceeded 300 seconds","iic_values":{},"repair_runtimes_ms":{"A1":47,"A2":1224,"A3":508,"B1":244,"B2":4920,"B3":3255,"B4":300001}}

--- stderr ---
SingleTrialExperiment starting: ontology=/workspaces/ontologyutils-ekaw26/repair-power-index-replication-ekaw26/ontologies/inconsistent/MEDEON.owl, seed=653247, run_id=20260624134028346645
Loaded ontology.
Normalizing ontology with SROIQ normalization...
Normalized ontology with SROIQ normalization.
Ontology is already inconsistent, skipping make-inconsistent step.
Repairing with A1 (random-removal)...
[2026-06-25 10:21:17.712] Checking precondition...
[2026-06-25 10:21:17.728] Starting the repair...
[2026-06-25 10:21:17.735] Found 78 possible bad axioms.
[2026-06-25 10:21:17.736] Selected the bad axiom SubClassOf(DeviceAvailability ErrorType).
[2026-06-25 10:21:17.741] Found 77 possible bad axioms.
[2026-06-25 10:21:17.742] Selected the bad axiom SubClassOf(Defect ErrorType).
[2026-06-25 10:21:17.747] Found 76 possible bad axioms.
[2026-06-25 10:21:17.747] Selected the bad axiom SubClassOf(Fall IncidentType).
[2026-06-25 10:21:17.751] Found 75 possible bad axioms.
[2026-06-25 10:21:17.751] Selected the bad axiom SubClassOf(Fall ObjectSomeValuesFrom(involvesActivity owl:Nothing)).
[2026-06-25 10:21:17.755] Finished repairing the ontology.
Repairing with A2 (not-in-largest-mcs-removal)...
[2026-06-25 10:21:17.756] Checking precondition...
[2026-06-25 10:21:17.762] Starting the repair...
[2026-06-25 10:21:18.979] Found 2 possible bad axioms.
[2026-06-25 10:21:18.979] Selected the bad axiom SubClassOf(Fall ObjectSomeValuesFrom(involvesActivity owl:Nothing)).
[2026-06-25 10:21:18.980] Finished repairing the ontology.
Repairing with A3 (default-weakening)...
[2026-06-25 10:21:18.981] Checking precondition...
[2026-06-25 10:21:18.984] Starting the repair...
[2026-06-25 10:21:18.995] Selected a reference ontology with 152 axioms.
[2026-06-25 10:21:19.227] Selected the bad axiom ClassAssertion(Patient pt).
[2026-06-25 10:21:19.251] Selected the weaker axiom ClassAssertion(Person pt).
[2026-06-25 10:21:19.445] Selected the bad axiom SubClassOf(Fall ObjectSomeValuesFrom(involvesActivity owl:Nothing)).
[2026-06-25 10:21:19.488] Selected the weaker axiom SubClassOf(Fall ObjectSomeValuesFrom(involvesActivity Defect)).
[2026-06-25 10:21:19.489] Finished repairing the ontology.
Repairing with B1 (bad-in_some_mus-weaker-random)...
[2026-06-25 10:21:19.489] Checking precondition...
[2026-06-25 10:21:19.491] Starting the repair...
[2026-06-25 10:21:19.497] Selected a reference ontology with 152 axioms.
[2026-06-25 10:21:19.689] Selected the bad axiom SubClassOf(Fall ObjectSomeValuesFrom(involvesActivity owl:Nothing)).
[2026-06-25 10:21:19.733] Selected the weaker axiom SubClassOf(Fall Documentation).
[2026-06-25 10:21:19.734] Finished repairing the ontology.
Repairing with B2 (bad-in_some_mus-weaker-shapley)...
[2026-06-25 10:21:19.735] Checking precondition...
[2026-06-25 10:21:19.737] Starting the repair...
[2026-06-25 10:21:19.743] Selected a reference ontology with 152 axioms.
[2026-06-25 10:21:19.916] Selected the bad axiom ClassAssertion(Patient pt).
[PowerI
...[truncated]
FAIL: attempt=47 seed=653247 status=time_limit_exceeded stage=B4 message=Repair timeout: B4 exceeded 300 seconds
progress: ontology=MEDEON attempt=47 success=25/100
----- MEDEON attempt=48 seed=667447 at 2026-06-25 10:26:28 -----
--- stdout ---
{"seed":667447,"run_id":"20260624134028346645","trial_status":"success","error_type":null,"failure_stage":null,"error_message":null,"iic_values":{"B1_vs_A1":1.0,"B1_vs_A2":0.5,"B1_vs_A3":0.0,"B2_vs_A1":1.0,"B2_vs_A2":1.0,"B2_vs_A3":0.5,"B3_vs_A1":1.0,"B3_vs_A2":1.0,"B3_vs_A3":0.0,"B4_vs_A1":1.0,"B4_vs_A2":1.0,"B4_vs_A3":0.5,"B5_vs_A1":1.0,"B5_vs_A2":1.0,"B5_vs_A3":0.5,"B6_vs_A1":1.0,"B6_vs_A2":1.0,"B6_vs_A3":0.5,"B7_vs_A1":1.0,"B7_vs_A2":1.0,"B7_vs_A3":0.5,"B8_vs_A1":1.0,"B8_vs_A2":1.0,"B8_vs_A3":0.5,"B9_vs_A1":1.0,"B9_vs_A2":1.0,"B9_vs_A3":0.5},"repair_runtimes_ms":{"A1":125,"A2":1178,"A3":267,"B1":279,"B2":736,"B3":3570,"B4":309,"B5":7665,"B6":1128,"B7":185,"B8":7912,"B9":5561}}

--- stderr ---
SingleTrialExperiment starting: ontology=/workspaces/ontologyutils-ekaw26/repair-power-index-replication-ekaw26/ontologies/inconsistent/MEDEON.owl, seed=667447, run_id=20260624134028346645
Loaded ontology.
Normalizing ontology with SROIQ normalization...
Normalized ontology with SROIQ normalization.
Ontology is already inconsistent, skipping make-inconsistent step.
Repairing with A1 (random-removal)...
[2026-06-25 10:26:28.394] Checking precondition...
[2026-06-25 10:26:28.409] Starting the repair...
[2026-06-25 10:26:28.416] Found 78 possible bad axioms.
[2026-06-25 10:26:28.417] Selected the bad axiom SubClassOf(PatientActivity Activity).
[2026-06-25 10:26:28.422] Found 77 possible bad axioms.
[2026-06-25 10:26:28.423] Selected the bad axiom SubClassOf(Process IncidentCharacteristic).
[2026-06-25 10:26:28.427] Found 76 possible bad axioms.
[2026-06-25 10:26:28.428] Selected the bad axiom SubClassOf(DeviceFailure ErrorType).
[2026-06-25 10:26:28.432] Found 75 possible bad axioms.
[2026-06-25 10:26:28.432] Selected the bad axiom SubClassOf(ImmediateAction Action).
[2026-06-25 10:26:28.436] Found 74 possible bad axioms.
[2026-06-25 10:26:28.436] Selected the bad axiom ClassAssertion(TypeOfHarm fracture).
[2026-06-25 10:26:28.437] Found 73 possible bad axioms.
[2026-06-25 10:26:28.437] Selected the bad axiom SubClassOf(RiskAssessment Assessment).
[2026-06-25 10:26:28.440] Found 72 possible bad axioms.
[2026-06-25 10:26:28.441] Selected the bad axiom ObjectPropertyAssertion(hasOutcome patient_fall skin_tear).
[2026-06-25 10:26:28.441] Found 71 possible bad axioms.
[2026-06-25 10:26:28.442] Selected the bad axiom SubClassOf(Blood-BloodProduct IncidentType).
[2026-06-25 10:26:28.444] Found 70 possible bad axioms.
[2026-06-25 10:26:28.445] Selected the bad axiom SubClassOf(MissingInstrument ErrorType).
[2026-06-25 10:26:28.447] Found 69 possible bad axioms.
[2026-06-25 10:26:28.447] Selected the bad axiom SubClassOf(PatientBehaviour IncidentType).
[2026-06-25 10:26:28.449] Found 68 possible bad axioms.
[2026-06-25 10:26:28.449] Selected the bad axiom SubClassOf(StuffActivity Activity).
[2026-06-25 10:26:28.457] Found 67 possible bad axioms.
[2026-06-25 10:26:28.457] Selected the bad axiom SubClassOf(ChangeOfInstrument MitigatingFactor).
[2026-06-25 10:26:28.460] Found 66 possible bad axioms.
[2026-06-25 10:26:28.460] Selected the bad axiom SubClassOf(PhysicianActivity Activity).
[2026-06-25 10:26:28.467] Found 65 possible bad axioms.
[2026-06-25 10:26:28.467] Selected the bad axiom SubClassOf(DegreeOfHarm PatientOutcome).
[2026-06-25 10:26:28.470] Found 64 possible bad axioms.
[2026-06-25 10:26:28.470] Selected the bad axiom SubClassOf(Infrastructure-Building-Fixture PatientBehaviour).
[2026-06-25 10:26:28.473] Found 63 possible bad axioms.
[2026-06-25 10:26:28.473] Selected the bad axiom SubClassOf(Pathology-Laboratory IncidentType).
[2026-06-25 10:26:28.475] Found 62 possible bad axioms.
[2026-06-25 10:26:28.476] Selected the bad axiom SubClassOf(Ass
...[truncated]
SUCCESS: attempt=48 seed=667447 success_count=26/100
progress: ontology=MEDEON attempt=48 success=26/100
----- MEDEON attempt=49 seed=681647 at 2026-06-25 10:26:57 -----
--- stdout ---
{"seed":681647,"run_id":"20260624134028346645","trial_status":"time_limit_exceeded","error_type":"timeout","failure_stage":"B7","error_message":"Repair timeout: B7 exceeded 300 seconds","iic_values":{},"repair_runtimes_ms":{"A1":72,"A2":1214,"A3":911,"B1":373,"B2":714,"B3":3420,"B4":202,"B5":7839,"B6":1068,"B7":300001}}

--- stderr ---
SingleTrialExperiment starting: ontology=/workspaces/ontologyutils-ekaw26/repair-power-index-replication-ekaw26/ontologies/inconsistent/MEDEON.owl, seed=681647, run_id=20260624134028346645
Loaded ontology.
Normalizing ontology with SROIQ normalization...
Normalized ontology with SROIQ normalization.
Ontology is already inconsistent, skipping make-inconsistent step.
Repairing with A1 (random-removal)...
[2026-06-25 10:26:58.028] Checking precondition...
[2026-06-25 10:26:58.045] Starting the repair...
[2026-06-25 10:26:58.052] Found 78 possible bad axioms.
[2026-06-25 10:26:58.053] Selected the bad axiom SubClassOf(Infrastructure-Building-Fixture IncidentType).
[2026-06-25 10:26:58.059] Found 77 possible bad axioms.
[2026-06-25 10:26:58.059] Selected the bad axiom SubClassOf(Medication-IVFluid IncidentType).
[2026-06-25 10:26:58.064] Found 76 possible bad axioms.
[2026-06-25 10:26:58.064] Selected the bad axiom SubClassOf(ObjectSomeValuesFrom(involvesActivity ObjectSomeValuesFrom(hasParticipant Patient)) Fall).
[2026-06-25 10:26:58.068] Found 75 possible bad axioms.
[2026-06-25 10:26:58.068] Selected the bad axiom SubClassOf(Timing StateOfCare).
[2026-06-25 10:26:58.071] Found 74 possible bad axioms.
[2026-06-25 10:26:58.072] Selected the bad axiom SubClassOf(HealthcareAssociatedInfection IncidentType).
[2026-06-25 10:26:58.074] Found 73 possible bad axioms.
[2026-06-25 10:26:58.074] Selected the bad axiom SubClassOf(Site PatientOutcome).
[2026-06-25 10:26:58.077] Found 72 possible bad axioms.
[2026-06-25 10:26:58.078] Selected the bad axiom SubClassOf(MentalStatus PatientCharacteristic).
[2026-06-25 10:26:58.081] Found 71 possible bad axioms.
[2026-06-25 10:26:58.081] Selected the bad axiom SubClassOf(Fall ObjectSomeValuesFrom(involvesActivity ObjectSomeValuesFrom(hasParticipant Patient))).
[2026-06-25 10:26:58.084] Found 70 possible bad axioms.
[2026-06-25 10:26:58.084] Selected the bad axiom SubClassOf(Fall IncidentType).
[2026-06-25 10:26:58.091] Found 69 possible bad axioms.
[2026-06-25 10:26:58.091] Selected the bad axiom ObjectPropertyAssertion(causes slip_down skin_tear).
[2026-06-25 10:26:58.092] Found 68 possible bad axioms.
[2026-06-25 10:26:58.092] Selected the bad axiom SubClassOf(StopUse ChangeOfInstrument).
[2026-06-25 10:26:58.095] Found 67 possible bad axioms.
[2026-06-25 10:26:58.095] Selected the bad axiom ClassAssertion(Patient pt).
[2026-06-25 10:26:58.096] Finished repairing the ontology.
Repairing with A2 (not-in-largest-mcs-removal)...
[2026-06-25 10:26:58.097] Checking precondition...
[2026-06-25 10:26:58.106] Starting the repair...
[2026-06-25 10:26:59.309] Found 2 possible bad axioms.
[2026-06-25 10:26:59.309] Selected the bad axiom ClassAssertion(Patient pt).
[2026-06-25 10:26:59.310] Finished repairing the ontology.
Repairing with A3 (default-weakening)...
[2026-06-25 10:26:59.312] Checking precondition...
[2026-06-25 10:26:59.314] Starting the repair...
[2026-06-25 10:26:59.324] Selected a reference ontology with 152 
...[truncated]
FAIL: attempt=49 seed=681647 status=time_limit_exceeded stage=B7 message=Repair timeout: B7 exceeded 300 seconds
progress: ontology=MEDEON attempt=49 success=26/100
----- MEDEON attempt=50 seed=695847 at 2026-06-25 10:32:13 -----
--- stdout ---
{"seed":695847,"run_id":"20260624134028346645","trial_status":"time_limit_exceeded","error_type":"timeout","failure_stage":"B4","error_message":"Repair timeout: B4 exceeded 300 seconds","iic_values":{},"repair_runtimes_ms":{"A1":132,"A2":1185,"A3":459,"B1":431,"B2":743,"B3":3480,"B4":300001}}

--- stderr ---
SingleTrialExperiment starting: ontology=/workspaces/ontologyutils-ekaw26/repair-power-index-replication-ekaw26/ontologies/inconsistent/MEDEON.owl, seed=695847, run_id=20260624134028346645
Loaded ontology.
Normalizing ontology with SROIQ normalization...
Normalized ontology with SROIQ normalization.
Ontology is already inconsistent, skipping make-inconsistent step.
Repairing with A1 (random-removal)...
[2026-06-25 10:32:14.326] Checking precondition...
[2026-06-25 10:32:14.342] Starting the repair...
[2026-06-25 10:32:14.349] Found 78 possible bad axioms.
[2026-06-25 10:32:14.351] Selected the bad axiom SubClassOf(DeviceFailure ErrorType).
[2026-06-25 10:32:14.356] Found 77 possible bad axioms.
[2026-06-25 10:32:14.356] Selected the bad axiom SubClassOf(PatientActivity Activity).
[2026-06-25 10:32:14.361] Found 76 possible bad axioms.
[2026-06-25 10:32:14.361] Selected the bad axiom SubClassOf(Management Action).
[2026-06-25 10:32:14.366] Found 75 possible bad axioms.
[2026-06-25 10:32:14.366] Selected the bad axiom SubClassOf(MissingInstrument ErrorType).
[2026-06-25 10:32:14.369] Found 74 possible bad axioms.
[2026-06-25 10:32:14.370] Selected the bad axiom SubClassOf(ErrorType IncidentCharacteristic).
[2026-06-25 10:32:14.373] Found 73 possible bad axioms.
[2026-06-25 10:32:14.373] Selected the bad axiom SubClassOf(MonitoringDevice Device/Equipment).
[2026-06-25 10:32:14.376] Found 72 possible bad axioms.
[2026-06-25 10:32:14.376] Selected the bad axiom SubClassOf(Defect ErrorType).
[2026-06-25 10:32:14.378] Found 71 possible bad axioms.
[2026-06-25 10:32:14.379] Selected the bad axiom SubClassOf(PhysicalCondition PatientCharacteristic).
[2026-06-25 10:32:14.381] Found 70 possible bad axioms.
[2026-06-25 10:32:14.381] Selected the bad axiom SubClassOf(Site PatientOutcome).
[2026-06-25 10:32:14.389] Found 69 possible bad axioms.
[2026-06-25 10:32:14.389] Selected the bad axiom SubClassOf(ObjectSomeValuesFrom(involvesActivity ObjectSomeValuesFrom(hasParticipant Patient)) Fall).
[2026-06-25 10:32:14.392] Found 68 possible bad axioms.
[2026-06-25 10:32:14.392] Selected the bad axiom SubClassOf(Fall ObjectSomeValuesFrom(involvesActivity ObjectSomeValuesFrom(hasParticipant Patient))).
[2026-06-25 10:32:14.399] Found 67 possible bad axioms.
[2026-06-25 10:32:14.399] Selected the bad axiom SubClassOf(MedicalDevice-Equipment IncidentType).
[2026-06-25 10:32:14.402] Found 66 possible bad axioms.
[2026-06-25 10:32:14.402] Selected the bad axiom SubClassOf(UseError ErrorType).
[2026-06-25 10:32:14.405] Found 65 possible bad axioms.
[2026-06-25 10:32:14.405] Selected the bad axiom SubClassOf(TypeOfHarm PatientOutcome).
[2026-06-25 10:32:14.407] Found 64 possible bad axioms.
[2026-06-25 10:32:14.407] Selected the bad axiom SubClassOf(Patient Person).
[2026-06-25 10:32:14.409] Found 63 possible bad axioms.
[2026-06-25 10:32:14.410] Selected the bad axiom SubClassOf(Treatment Action).
[2026-06-25 10:32:14.412] Found 62 possible bad axioms.
[2026-06-25 10:32:1
...[truncated]
FAIL: attempt=50 seed=695847 status=time_limit_exceeded stage=B4 message=Repair timeout: B4 exceeded 300 seconds
progress: ontology=MEDEON attempt=50 success=26/100
----- MEDEON attempt=51 seed=710047 at 2026-06-25 10:37:20 -----
--- stdout ---
{"seed":710047,"run_id":"20260624134028346645","trial_status":"time_limit_exceeded","error_type":"timeout","failure_stage":"B7","error_message":"Repair timeout: B7 exceeded 300 seconds","iic_values":{},"repair_runtimes_ms":{"A1":41,"A2":1244,"A3":319,"B1":248,"B2":4634,"B3":543,"B4":205,"B5":7551,"B6":5477,"B7":300000}}

--- stderr ---
SingleTrialExperiment starting: ontology=/workspaces/ontologyutils-ekaw26/repair-power-index-replication-ekaw26/ontologies/inconsistent/MEDEON.owl, seed=710047, run_id=20260624134028346645
Loaded ontology.
Normalizing ontology with SROIQ normalization...
Normalized ontology with SROIQ normalization.
Ontology is already inconsistent, skipping make-inconsistent step.
Repairing with A1 (random-removal)...
[2026-06-25 10:37:21.220] Checking precondition...
[2026-06-25 10:37:21.236] Starting the repair...
[2026-06-25 10:37:21.242] Found 78 possible bad axioms.
[2026-06-25 10:37:21.244] Selected the bad axiom ObjectPropertyAssertion(hasParticipant slip_down pt).
[2026-06-25 10:37:21.246] Found 77 possible bad axioms.
[2026-06-25 10:37:21.246] Selected the bad axiom SubClassOf(Oxigen-GasVapour IncidentType).
[2026-06-25 10:37:21.251] Found 76 possible bad axioms.
[2026-06-25 10:37:21.251] Selected the bad axiom SubClassOf(MonitoringDevice Device/Equipment).
[2026-06-25 10:37:21.255] Found 75 possible bad axioms.
[2026-06-25 10:37:21.256] Selected the bad axiom ClassAssertion(Patient pt).
[2026-06-25 10:37:21.257] Finished repairing the ontology.
Repairing with A2 (not-in-largest-mcs-removal)...
[2026-06-25 10:37:21.257] Checking precondition...
[2026-06-25 10:37:21.265] Starting the repair...
[2026-06-25 10:37:22.500] Found 2 possible bad axioms.
[2026-06-25 10:37:22.500] Selected the bad axiom ClassAssertion(Patient pt).
[2026-06-25 10:37:22.502] Finished repairing the ontology.
Repairing with A3 (default-weakening)...
[2026-06-25 10:37:22.504] Checking precondition...
[2026-06-25 10:37:22.506] Starting the repair...
[2026-06-25 10:37:22.517] Selected a reference ontology with 152 axioms.
[2026-06-25 10:37:22.753] Selected the bad axiom SubClassOf(Fall ObjectSomeValuesFrom(involvesActivity owl:Nothing)).
[2026-06-25 10:37:22.819] Selected the weaker axiom SubClassOf(Fall Documentation).
[2026-06-25 10:37:22.821] Finished repairing the ontology.
Repairing with B1 (bad-in_some_mus-weaker-random)...
[2026-06-25 10:37:22.822] Checking precondition...
[2026-06-25 10:37:22.823] Starting the repair...
[2026-06-25 10:37:22.835] Selected a reference ontology with 150 axioms.
[2026-06-25 10:37:23.027] Selected the bad axiom SubClassOf(Fall ObjectSomeValuesFrom(involvesActivity owl:Nothing)).
[2026-06-25 10:37:23.068] Selected the weaker axiom SubClassOf(Fall ObjectSomeValuesFrom(involvesActivity Medication-IVFluid)).
[2026-06-25 10:37:23.069] Finished repairing the ontology.
Repairing with B2 (bad-in_some_mus-weaker-shapley)...
[2026-06-25 10:37:23.072] Checking precondition...
[2026-06-25 10:37:23.073] Starting the repair...
[2026-06-25 10:37:23.079] Selected a reference ontology with 150 axioms.
[2026-06-25 10:37:23.257] Selected the bad axiom SubClassOf(Fall ObjectSomeValuesFrom(involvesActivity owl:Nothing)).
[PowerIndexWeakerAxiomSelector] Scoring 108 candidate weakenings for Fall ⊑ ∃ involvesActivity.⊥
[PowerIndexWeakerAxiomSelector] Selected weaker axiom:
...[truncated]
FAIL: attempt=51 seed=710047 status=time_limit_exceeded stage=B7 message=Repair timeout: B7 exceeded 300 seconds
progress: ontology=MEDEON attempt=51 success=26/100
----- MEDEON attempt=52 seed=724247 at 2026-06-25 10:42:41 -----
--- stdout ---
{"seed":724247,"run_id":"20260624134028346645","trial_status":"success","error_type":null,"failure_stage":null,"error_message":null,"iic_values":{"B1_vs_A1":1.0,"B1_vs_A2":0.0,"B1_vs_A3":1.0,"B2_vs_A1":1.0,"B2_vs_A2":0.0,"B2_vs_A3":1.0,"B3_vs_A1":1.0,"B3_vs_A2":0.0,"B3_vs_A3":1.0,"B4_vs_A1":1.0,"B4_vs_A2":0.5,"B4_vs_A3":1.0,"B5_vs_A1":1.0,"B5_vs_A2":0.5,"B5_vs_A3":1.0,"B6_vs_A1":1.0,"B6_vs_A2":0.5,"B6_vs_A3":1.0,"B7_vs_A1":1.0,"B7_vs_A2":0.5,"B7_vs_A3":1.0,"B8_vs_A1":1.0,"B8_vs_A2":0.5,"B8_vs_A3":1.0,"B9_vs_A1":1.0,"B9_vs_A2":0.5,"B9_vs_A3":1.0},"repair_runtimes_ms":{"A1":47,"A2":1270,"A3":327,"B1":262,"B2":4621,"B3":3275,"B4":187,"B5":7843,"B6":5569,"B7":332,"B8":7738,"B9":5765}}

--- stderr ---
SingleTrialExperiment starting: ontology=/workspaces/ontologyutils-ekaw26/repair-power-index-replication-ekaw26/ontologies/inconsistent/MEDEON.owl, seed=724247, run_id=20260624134028346645
Loaded ontology.
Normalizing ontology with SROIQ normalization...
Normalized ontology with SROIQ normalization.
Ontology is already inconsistent, skipping make-inconsistent step.
Repairing with A1 (random-removal)...
[2026-06-25 10:42:41.975] Checking precondition...
[2026-06-25 10:42:41.991] Starting the repair...
[2026-06-25 10:42:41.998] Found 78 possible bad axioms.
[2026-06-25 10:42:41.999] Selected the bad axiom SubClassOf(NotifyManufacturer MitigatingFactor).
[2026-06-25 10:42:42.005] Found 77 possible bad axioms.
[2026-06-25 10:42:42.005] Selected the bad axiom SubClassOf(Delay ErrorType).
[2026-06-25 10:42:42.010] Found 76 possible bad axioms.
[2026-06-25 10:42:42.010] Selected the bad axiom SubClassOf(Defect ErrorType).
[2026-06-25 10:42:42.014] Found 75 possible bad axioms.
[2026-06-25 10:42:42.014] Selected the bad axiom SubClassOf(Fall ObjectSomeValuesFrom(involvesActivity owl:Nothing)).
[2026-06-25 10:42:42.018] Finished repairing the ontology.
Repairing with A2 (not-in-largest-mcs-removal)...
[2026-06-25 10:42:42.019] Checking precondition...
[2026-06-25 10:42:42.026] Starting the repair...
[2026-06-25 10:42:43.286] Found 2 possible bad axioms.
[2026-06-25 10:42:43.287] Selected the bad axiom ClassAssertion(Patient pt).
[2026-06-25 10:42:43.288] Finished repairing the ontology.
Repairing with A3 (default-weakening)...
[2026-06-25 10:42:43.290] Checking precondition...
[2026-06-25 10:42:43.292] Starting the repair...
[2026-06-25 10:42:43.309] Selected a reference ontology with 150 axioms.
[2026-06-25 10:42:43.533] Selected the bad axiom SubClassOf(Fall ObjectSomeValuesFrom(involvesActivity owl:Nothing)).
[2026-06-25 10:42:43.614] Selected the weaker axiom SubClassOf(Fall ObjectSomeValuesFrom(involvesActivity InjuryAssessment)).
[2026-06-25 10:42:43.616] Finished repairing the ontology.
Repairing with B1 (bad-in_some_mus-weaker-random)...
[2026-06-25 10:42:43.617] Checking precondition...
[2026-06-25 10:42:43.619] Starting the repair...
[2026-06-25 10:42:43.625] Selected a reference ontology with 152 axioms.
[2026-06-25 10:42:43.830] Selected the bad axiom SubClassOf(Fall ObjectSomeValuesFrom(involvesActivity owl:Nothing)).
[2026-06-25 10:42:43.877] Selected the weaker axiom SubClassOf(Fall DeviceFailure).
[2026-06-25 10:42:43.878] Finished repairing the ontology.
Repairing with B2 (bad-in_some_mus-weaker-shapley)...
[2026-06-25 10:42:43.880] Checking precondition...
[2026-06-25 10:42:43.881] Starting the repair...
[2026-06-25 10:42:43.887] Selected a reference ontology with 152 axioms.
[2026-06-25 10:42:44.073] Selected the bad axiom SubClassOf(Fall ObjectSomeValuesFrom(involvesActivity owl:Nothing)).
[PowerIndexWeakerAxiomSelector] Scoring 108 candidate weakenings for Fall ⊑ ∃ involvesActivity.⊥
[PowerIndexWeakerAxiomSelector] Selected weaker axi
...[truncated]
SUCCESS: attempt=52 seed=724247 success_count=27/100
progress: ontology=MEDEON attempt=52 success=27/100
----- MEDEON attempt=53 seed=738447 at 2026-06-25 10:43:19 -----
--- stdout ---
{"seed":738447,"run_id":"20260624134028346645","trial_status":"time_limit_exceeded","error_type":"timeout","failure_stage":"B4","error_message":"Repair timeout: B4 exceeded 300 seconds","iic_values":{},"repair_runtimes_ms":{"A1":104,"A2":1217,"A3":492,"B1":232,"B2":4498,"B3":3174,"B4":300001}}

--- stderr ---
SingleTrialExperiment starting: ontology=/workspaces/ontologyutils-ekaw26/repair-power-index-replication-ekaw26/ontologies/inconsistent/MEDEON.owl, seed=738447, run_id=20260624134028346645
Loaded ontology.
Normalizing ontology with SROIQ normalization...
Normalized ontology with SROIQ normalization.
Ontology is already inconsistent, skipping make-inconsistent step.
Repairing with A1 (random-removal)...
[2026-06-25 10:43:19.991] Checking precondition...
[2026-06-25 10:43:20.009] Starting the repair...
[2026-06-25 10:43:20.016] Found 78 possible bad axioms.
[2026-06-25 10:43:20.017] Selected the bad axiom SubClassOf(Infrastructure-Building-Fixture IncidentType).
[2026-06-25 10:43:20.024] Found 77 possible bad axioms.
[2026-06-25 10:43:20.024] Selected the bad axiom SubClassOf(PatientActivity Activity).
[2026-06-25 10:43:20.029] Found 76 possible bad axioms.
[2026-06-25 10:43:20.029] Selected the bad axiom SubClassOf(ObjectSomeValuesFrom(hasOutcome ObjectSomeValuesFrom(hasParticipant Person)) Fall).
[2026-06-25 10:43:20.033] Found 75 possible bad axioms.
[2026-06-25 10:43:20.033] Selected the bad axiom SubClassOf(Delay ErrorType).
[2026-06-25 10:43:20.037] Found 74 possible bad axioms.
[2026-06-25 10:43:20.037] Selected the bad axiom ClassAssertion(PatientActivity slip_down).
[2026-06-25 10:43:20.038] Found 73 possible bad axioms.
[2026-06-25 10:43:20.038] Selected the bad axiom SubClassOf(Timing StateOfCare).
[2026-06-25 10:43:20.041] Found 72 possible bad axioms.
[2026-06-25 10:43:20.041] Selected the bad axiom SubClassOf(PhysicalCondition PatientCharacteristic).
[2026-06-25 10:43:20.044] Found 71 possible bad axioms.
[2026-06-25 10:43:20.045] Selected the bad axiom SubClassOf(StopUse ChangeOfInstrument).
[2026-06-25 10:43:20.047] Found 70 possible bad axioms.
[2026-06-25 10:43:20.047] Selected the bad axiom SubClassOf(TypeOfHarm PatientOutcome).
[2026-06-25 10:43:20.049] Found 69 possible bad axioms.
[2026-06-25 10:43:20.049] Selected the bad axiom SubClassOf(Blood-BloodProduct IncidentType).
[2026-06-25 10:43:20.056] Found 68 possible bad axioms.
[2026-06-25 10:43:20.056] Selected the bad axiom SubClassOf(Infrastructure-Building-Fixture PatientBehaviour).
[2026-06-25 10:43:20.059] Found 67 possible bad axioms.
[2026-06-25 10:43:20.059] Selected the bad axiom SubClassOf(ObjectSomeValuesFrom(hasOutcome ObjectSomeValuesFrom(hasParticipant Patient)) Fall).
[2026-06-25 10:43:20.066] Found 66 possible bad axioms.
[2026-06-25 10:43:20.066] Selected the bad axiom SubClassOf(Medication-IVFluid IncidentType).
[2026-06-25 10:43:20.069] Found 65 possible bad axioms.
[2026-06-25 10:43:20.069] Selected the bad axiom ObjectPropertyAssertion(hasOutcome patient_fall skin_tear).
[2026-06-25 10:43:20.069] Found 64 possible bad axioms.
[2026-06-25 10:43:20.070] Selected the bad axiom ClassAssertion(TypeOfHarm fracture).
[2026-06-25 10:43:20.070] Found 63 possible bad axioms.
[2026-06-25 10:43:20.070] Selected the bad axiom ClassAssertion(TypeOfHarm skin_tear).
[202
...[truncated]
FAIL: attempt=53 seed=738447 status=time_limit_exceeded stage=B4 message=Repair timeout: B4 exceeded 300 seconds
progress: ontology=MEDEON attempt=53 success=27/100
----- MEDEON attempt=54 seed=752647 at 2026-06-25 10:48:29 -----
--- stdout ---
{"seed":752647,"run_id":"20260624134028346645","trial_status":"time_limit_exceeded","error_type":"timeout","failure_stage":"B4","error_message":"Repair timeout: B4 exceeded 300 seconds","iic_values":{},"repair_runtimes_ms":{"A1":43,"A2":1244,"A3":455,"B1":248,"B2":4643,"B3":503,"B4":300001}}

--- stderr ---
SingleTrialExperiment starting: ontology=/workspaces/ontologyutils-ekaw26/repair-power-index-replication-ekaw26/ontologies/inconsistent/MEDEON.owl, seed=752647, run_id=20260624134028346645
Loaded ontology.
Normalizing ontology with SROIQ normalization...
Normalized ontology with SROIQ normalization.
Ontology is already inconsistent, skipping make-inconsistent step.
Repairing with A1 (random-removal)...
[2026-06-25 10:48:30.171] Checking precondition...
[2026-06-25 10:48:30.187] Starting the repair...
[2026-06-25 10:48:30.194] Found 78 possible bad axioms.
[2026-06-25 10:48:30.195] Selected the bad axiom SubClassOf(Social/EconomicalImpact PatientOutcome).
[2026-06-25 10:48:30.200] Found 77 possible bad axioms.
[2026-06-25 10:48:30.201] Selected the bad axiom SubClassOf(ImmediateAction Action).
[2026-06-25 10:48:30.205] Found 76 possible bad axioms.
[2026-06-25 10:48:30.205] Selected the bad axiom SubClassOf(Fall ObjectSomeValuesFrom(involvesActivity owl:Nothing)).
[2026-06-25 10:48:30.210] Finished repairing the ontology.
Repairing with A2 (not-in-largest-mcs-removal)...
[2026-06-25 10:48:30.211] Checking precondition...
[2026-06-25 10:48:30.217] Starting the repair...
[2026-06-25 10:48:31.454] Found 2 possible bad axioms.
[2026-06-25 10:48:31.455] Selected the bad axiom SubClassOf(Fall ObjectSomeValuesFrom(involvesActivity owl:Nothing)).
[2026-06-25 10:48:31.455] Finished repairing the ontology.
Repairing with A3 (default-weakening)...
[2026-06-25 10:48:31.457] Checking precondition...
[2026-06-25 10:48:31.460] Starting the repair...
[2026-06-25 10:48:31.472] Selected a reference ontology with 152 axioms.
[2026-06-25 10:48:31.692] Selected the bad axiom ClassAssertion(Patient pt).
[2026-06-25 10:48:31.713] Selected the weaker axiom ClassAssertion(Person pt).
[2026-06-25 10:48:31.906] Selected the bad axiom ClassAssertion(Person pt).
[2026-06-25 10:48:31.909] Selected the weaker axiom ClassAssertion(owl:Thing pt).
[2026-06-25 10:48:31.911] Finished repairing the ontology.
Repairing with B1 (bad-in_some_mus-weaker-random)...
[2026-06-25 10:48:31.912] Checking precondition...
[2026-06-25 10:48:31.914] Starting the repair...
[2026-06-25 10:48:31.923] Selected a reference ontology with 150 axioms.
[2026-06-25 10:48:32.116] Selected the bad axiom SubClassOf(Fall ObjectSomeValuesFrom(involvesActivity owl:Nothing)).
[2026-06-25 10:48:32.158] Selected the weaker axiom SubClassOf(Fall ObjectSomeValuesFrom(involvesActivity CheckDevice)).
[2026-06-25 10:48:32.159] Finished repairing the ontology.
Repairing with B2 (bad-in_some_mus-weaker-shapley)...
[2026-06-25 10:48:32.160] Checking precondition...
[2026-06-25 10:48:32.162] Starting the repair...
[2026-06-25 10:48:32.167] Selected a reference ontology with 152 axioms.
[2026-06-25 10:48:32.364] Selected the bad axiom SubClassOf(Fall ObjectSomeValuesFrom(involvesActivity owl:Nothing)).
[PowerIndexWeakerAxiomSelector] Scoring 108 candidate weakenings for Fall ⊑ ∃ involvesActivity.⊥
[PowerIndexWeakerAxiomSelect
...[truncated]
FAIL: attempt=54 seed=752647 status=time_limit_exceeded stage=B4 message=Repair timeout: B4 exceeded 300 seconds
progress: ontology=MEDEON attempt=54 success=27/100
----- MEDEON attempt=55 seed=766847 at 2026-06-25 10:53:37 -----
--- stdout ---
{"seed":766847,"run_id":"20260624134028346645","trial_status":"time_limit_exceeded","error_type":"timeout","failure_stage":"B7","error_message":"Repair timeout: B7 exceeded 300 seconds","iic_values":{},"repair_runtimes_ms":{"A1":65,"A2":1232,"A3":288,"B1":437,"B2":3303,"B3":3428,"B4":199,"B5":1738,"B6":1072,"B7":300001}}

--- stderr ---
SingleTrialExperiment starting: ontology=/workspaces/ontologyutils-ekaw26/repair-power-index-replication-ekaw26/ontologies/inconsistent/MEDEON.owl, seed=766847, run_id=20260624134028346645
Loaded ontology.
Normalizing ontology with SROIQ normalization...
Normalized ontology with SROIQ normalization.
Ontology is already inconsistent, skipping make-inconsistent step.
Repairing with A1 (random-removal)...
[2026-06-25 10:53:37.767] Checking precondition...
[2026-06-25 10:53:37.782] Starting the repair...
[2026-06-25 10:53:37.789] Found 78 possible bad axioms.
[2026-06-25 10:53:37.790] Selected the bad axiom SubClassOf(HealthcareAssociatedInfection IncidentType).
[2026-06-25 10:53:37.796] Found 77 possible bad axioms.
[2026-06-25 10:53:37.796] Selected the bad axiom SubClassOf(Nutrition IncidentType).
[2026-06-25 10:53:37.801] Found 76 possible bad axioms.
[2026-06-25 10:53:37.801] Selected the bad axiom SubClassOf(IncidentHistory PatientCharacteristic).
[2026-06-25 10:53:37.805] Found 75 possible bad axioms.
[2026-06-25 10:53:37.805] Selected the bad axiom ObjectPropertyAssertion(hasOutcome patient_fall skin_tear).
[2026-06-25 10:53:37.807] Found 74 possible bad axioms.
[2026-06-25 10:53:37.807] Selected the bad axiom SubClassOf(Medication-IVFluid IncidentType).
[2026-06-25 10:53:37.810] Found 73 possible bad axioms.
[2026-06-25 10:53:37.810] Selected the bad axiom SubClassOf(MonitoringDevice Device/Equipment).
[2026-06-25 10:53:37.813] Found 72 possible bad axioms.
[2026-06-25 10:53:37.814] Selected the bad axiom SubClassOf(Social/EconomicalImpact PatientOutcome).
[2026-06-25 10:53:37.816] Found 71 possible bad axioms.
[2026-06-25 10:53:37.816] Selected the bad axiom ClassAssertion(IncidentType patient_fall).
[2026-06-25 10:53:37.817] Found 70 possible bad axioms.
[2026-06-25 10:53:37.817] Selected the bad axiom SubClassOf(ClinicalProcess IncidentType).
[2026-06-25 10:53:37.820] Found 69 possible bad axioms.
[2026-06-25 10:53:37.820] Selected the bad axiom SubClassOf(MedicalDevice-Equipment IncidentType).
[2026-06-25 10:53:37.822] Found 68 possible bad axioms.
[2026-06-25 10:53:37.822] Selected the bad axiom ClassAssertion(Patient pt).
[2026-06-25 10:53:37.827] Finished repairing the ontology.
Repairing with A2 (not-in-largest-mcs-removal)...
[2026-06-25 10:53:37.828] Checking precondition...
[2026-06-25 10:53:37.834] Starting the repair...
[2026-06-25 10:53:39.059] Found 2 possible bad axioms.
[2026-06-25 10:53:39.059] Selected the bad axiom ClassAssertion(Patient pt).
[2026-06-25 10:53:39.060] Finished repairing the ontology.
Repairing with A3 (default-weakening)...
[2026-06-25 10:53:39.062] Checking precondition...
[2026-06-25 10:53:39.064] Starting the repair...
[2026-06-25 10:53:39.071] Selected a reference ontology with 152 axioms.
[2026-06-25 10:53:39.283] Selected the bad axiom SubClassOf(Fall ObjectSomeValuesFrom(involvesActivity owl:Nothing)).
[2026-06-25 10:53:39.347] Selected the weaker axiom SubClassOf(Fall ObjectSomeValuesFrom(involves
...[truncated]
FAIL: attempt=55 seed=766847 status=time_limit_exceeded stage=B7 message=Repair timeout: B7 exceeded 300 seconds
progress: ontology=MEDEON attempt=55 success=27/100
----- MEDEON attempt=56 seed=781047 at 2026-06-25 10:58:49 -----
--- stdout ---
{"seed":781047,"run_id":"20260624134028346645","trial_status":"time_limit_exceeded","error_type":"timeout","failure_stage":"B7","error_message":"Repair timeout: B7 exceeded 300 seconds","iic_values":{},"repair_runtimes_ms":{"A1":87,"A2":1213,"A3":300,"B1":254,"B2":732,"B3":2294,"B4":139,"B5":7891,"B6":5599,"B7":300001}}

--- stderr ---
SingleTrialExperiment starting: ontology=/workspaces/ontologyutils-ekaw26/repair-power-index-replication-ekaw26/ontologies/inconsistent/MEDEON.owl, seed=781047, run_id=20260624134028346645
Loaded ontology.
Normalizing ontology with SROIQ normalization...
Normalized ontology with SROIQ normalization.
Ontology is already inconsistent, skipping make-inconsistent step.
Repairing with A1 (random-removal)...
[2026-06-25 10:58:50.007] Checking precondition...
[2026-06-25 10:58:50.024] Starting the repair...
[2026-06-25 10:58:50.030] Found 78 possible bad axioms.
[2026-06-25 10:58:50.032] Selected the bad axiom SubClassOf(InappropriateUse ErrorType).
[2026-06-25 10:58:50.038] Found 77 possible bad axioms.
[2026-06-25 10:58:50.039] Selected the bad axiom SubClassOf(Therapy Action).
[2026-06-25 10:58:50.043] Found 76 possible bad axioms.
[2026-06-25 10:58:50.043] Selected the bad axiom SubClassOf(StuffActivity Activity).
[2026-06-25 10:58:50.047] Found 75 possible bad axioms.
[2026-06-25 10:58:50.047] Selected the bad axiom SubClassOf(Oxigen-GasVapour IncidentType).
[2026-06-25 10:58:50.050] Found 74 possible bad axioms.
[2026-06-25 10:58:50.051] Selected the bad axiom SubClassOf(Fall IncidentType).
[2026-06-25 10:58:50.053] Found 73 possible bad axioms.
[2026-06-25 10:58:50.054] Selected the bad axiom SubClassOf(AssistiveDevice Device/Equipment).
[2026-06-25 10:58:50.056] Found 72 possible bad axioms.
[2026-06-25 10:58:50.057] Selected the bad axiom ObjectPropertyAssertion(hasOutcome patient_fall skin_tear).
[2026-06-25 10:58:50.058] Found 71 possible bad axioms.
[2026-06-25 10:58:50.058] Selected the bad axiom ClassAssertion(IncidentType patient_fall).
[2026-06-25 10:58:50.059] Found 70 possible bad axioms.
[2026-06-25 10:58:50.059] Selected the bad axiom SubClassOf(PatientBehaviour IncidentType).
[2026-06-25 10:58:50.062] Found 69 possible bad axioms.
[2026-06-25 10:58:50.062] Selected the bad axiom SubClassOf(Infrastructure-Building-Fixture PatientBehaviour).
[2026-06-25 10:58:50.064] Found 68 possible bad axioms.
[2026-06-25 10:58:50.064] Selected the bad axiom SubClassOf(PatientAccident IncidentType).
[2026-06-25 10:58:50.072] Found 67 possible bad axioms.
[2026-06-25 10:58:50.072] Selected the bad axiom SubClassOf(MonitoringDevice Device/Equipment).
[2026-06-25 10:58:50.075] Found 66 possible bad axioms.
[2026-06-25 10:58:50.075] Selected the bad axiom SubClassOf(Patient Person).
[2026-06-25 10:58:50.082] Found 65 possible bad axioms.
[2026-06-25 10:58:50.082] Selected the bad axiom ClassAssertion(PatientActivity slip_down).
[2026-06-25 10:58:50.083] Found 64 possible bad axioms.
[2026-06-25 10:58:50.083] Selected the bad axiom SubClassOf(Treatment Action).
[2026-06-25 10:58:50.085] Found 63 possible bad axioms.
[2026-06-25 10:58:50.085] Selected the bad axiom SubClassOf(DegreeOfHarm PatientOutcome).
[2026-06-25 10:58:50.089] Found 62 possible bad axioms.
[2026-06-25 10:58:50.089] Selected the bad axiom ClassAssertion(Patient pt).
[2026-06-25 10:58:
...[truncated]
FAIL: attempt=56 seed=781047 status=time_limit_exceeded stage=B7 message=Repair timeout: B7 exceeded 300 seconds
progress: ontology=MEDEON attempt=56 success=27/100
----- MEDEON attempt=57 seed=795247 at 2026-06-25 11:04:08 -----
--- stdout ---
{"seed":795247,"run_id":"20260624134028346645","trial_status":"success","error_type":null,"failure_stage":null,"error_message":null,"iic_values":{"B1_vs_A1":1.0,"B1_vs_A2":0.0,"B1_vs_A3":0.0,"B2_vs_A1":1.0,"B2_vs_A2":0.0,"B2_vs_A3":0.0,"B3_vs_A1":1.0,"B3_vs_A2":0.0,"B3_vs_A3":0.0,"B4_vs_A1":1.0,"B4_vs_A2":0.5,"B4_vs_A3":0.5,"B5_vs_A1":1.0,"B5_vs_A2":0.5,"B5_vs_A3":0.5,"B6_vs_A1":1.0,"B6_vs_A2":0.5,"B6_vs_A3":0.5,"B7_vs_A1":1.0,"B7_vs_A2":0.5,"B7_vs_A3":0.5,"B8_vs_A1":1.0,"B8_vs_A2":0.5,"B8_vs_A3":0.5,"B9_vs_A1":1.0,"B9_vs_A2":0.5,"B9_vs_A3":0.5},"repair_runtimes_ms":{"A1":111,"A2":1192,"A3":516,"B1":603,"B2":4664,"B3":3319,"B4":144,"B5":7799,"B6":5602,"B7":217,"B8":1682,"B9":1266}}

--- stderr ---
SingleTrialExperiment starting: ontology=/workspaces/ontologyutils-ekaw26/repair-power-index-replication-ekaw26/ontologies/inconsistent/MEDEON.owl, seed=795247, run_id=20260624134028346645
Loaded ontology.
Normalizing ontology with SROIQ normalization...
Normalized ontology with SROIQ normalization.
Ontology is already inconsistent, skipping make-inconsistent step.
Repairing with A1 (random-removal)...
[2026-06-25 11:04:09.021] Checking precondition...
[2026-06-25 11:04:09.039] Starting the repair...
[2026-06-25 11:04:09.045] Found 78 possible bad axioms.
[2026-06-25 11:04:09.047] Selected the bad axiom SubClassOf(Fall ObjectSomeValuesFrom(involvesActivity ObjectSomeValuesFrom(hasParticipant Patient))).
[2026-06-25 11:04:09.053] Found 77 possible bad axioms.
[2026-06-25 11:04:09.053] Selected the bad axiom SubClassOf(AssistiveDevice Device/Equipment).
[2026-06-25 11:04:09.057] Found 76 possible bad axioms.
[2026-06-25 11:04:09.058] Selected the bad axiom SubClassOf(Defect ErrorType).
[2026-06-25 11:04:09.062] Found 75 possible bad axioms.
[2026-06-25 11:04:09.062] Selected the bad axiom SubClassOf(CheckDevice StuffActivity).
[2026-06-25 11:04:09.065] Found 74 possible bad axioms.
[2026-06-25 11:04:09.065] Selected the bad axiom ClassAssertion(PatientActivity slip_down).
[2026-06-25 11:04:09.067] Found 73 possible bad axioms.
[2026-06-25 11:04:09.067] Selected the bad axiom SubClassOf(ChangeOfInstrument MitigatingFactor).
[2026-06-25 11:04:09.070] Found 72 possible bad axioms.
[2026-06-25 11:04:09.070] Selected the bad axiom SubClassOf(PatientBehaviour IncidentType).
[2026-06-25 11:04:09.073] Found 71 possible bad axioms.
[2026-06-25 11:04:09.073] Selected the bad axiom ObjectPropertyAssertion(hasParticipant fracture pt).
[2026-06-25 11:04:09.074] Found 70 possible bad axioms.
[2026-06-25 11:04:09.074] Selected the bad axiom SubClassOf(MentalStatus PhysicalCondition).
[2026-06-25 11:04:09.076] Found 69 possible bad axioms.
[2026-06-25 11:04:09.076] Selected the bad axiom SubClassOf(Oxigen-GasVapour IncidentType).
[2026-06-25 11:04:09.084] Found 68 possible bad axioms.
[2026-06-25 11:04:09.084] Selected the bad axiom SubClassOf(Pathology-Laboratory IncidentType).
[2026-06-25 11:04:09.088] Found 67 possible bad axioms.
[2026-06-25 11:04:09.088] Selected the bad axiom SubClassOf(DeviceName DeviceCharacteristic).
[2026-06-25 11:04:09.090] Found 66 possible bad axioms.
[2026-06-25 11:04:09.090] Selected the bad axiom SubClassOf(IncidentHistory PatientCharacteristic).
[2026-06-25 11:04:09.097] Found 65 possible bad axioms.
[2026-06-25 11:04:09.098] Selected the bad axiom SubClassOf(Documentation IncidentType).
[2026-06-25 11:04:09.100] Found 64 possible bad axioms.
[2026-06-25 11:04:09.100] Selected the bad axiom SubClassOf(SkinTear TypeOfHarm).
[2026-06-25 11:04:09.102] Found 63 possible bad axioms.
[2026-06-25 11:04:09.103] Selected the bad axiom SubClassOf(ClinicalProcess IncidentType).
[2026-06-25 11:04:09.105] Found 62 possible bad axioms.
[2026-06
...[truncated]
SUCCESS: attempt=57 seed=795247 success_count=28/100
progress: ontology=MEDEON attempt=57 success=28/100
----- MEDEON attempt=58 seed=809447 at 2026-06-25 11:04:36 -----
--- stdout ---
{"seed":809447,"run_id":"20260624134028346645","trial_status":"success","error_type":null,"failure_stage":null,"error_message":null,"iic_values":{"B1_vs_A1":1.0,"B1_vs_A2":0.5,"B1_vs_A3":0.5,"B2_vs_A1":1.0,"B2_vs_A2":0.0,"B2_vs_A3":0.0,"B3_vs_A1":1.0,"B3_vs_A2":0.0,"B3_vs_A3":0.0,"B4_vs_A1":1.0,"B4_vs_A2":0.5,"B4_vs_A3":0.5,"B5_vs_A1":1.0,"B5_vs_A2":0.5,"B5_vs_A3":0.5,"B6_vs_A1":1.0,"B6_vs_A2":0.5,"B6_vs_A3":0.5,"B7_vs_A1":1.0,"B7_vs_A2":0.5,"B7_vs_A3":0.5,"B8_vs_A1":1.0,"B8_vs_A2":0.5,"B8_vs_A3":0.5,"B9_vs_A1":1.0,"B9_vs_A2":0.5,"B9_vs_A3":0.5},"repair_runtimes_ms":{"A1":89,"A2":1222,"A3":506,"B1":392,"B2":4628,"B3":3513,"B4":146,"B5":1727,"B6":5958,"B7":273,"B8":8770,"B9":1110}}

--- stderr ---
SingleTrialExperiment starting: ontology=/workspaces/ontologyutils-ekaw26/repair-power-index-replication-ekaw26/ontologies/inconsistent/MEDEON.owl, seed=809447, run_id=20260624134028346645
Loaded ontology.
Normalizing ontology with SROIQ normalization...
Normalized ontology with SROIQ normalization.
Ontology is already inconsistent, skipping make-inconsistent step.
Repairing with A1 (random-removal)...
[2026-06-25 11:04:36.857] Checking precondition...
[2026-06-25 11:04:36.872] Starting the repair...
[2026-06-25 11:04:36.879] Found 78 possible bad axioms.
[2026-06-25 11:04:36.881] Selected the bad axiom SubClassOf(Infrastructure-Building-Fixture PatientBehaviour).
[2026-06-25 11:04:36.887] Found 77 possible bad axioms.
[2026-06-25 11:04:36.889] Selected the bad axiom SubClassOf(ErrorType IncidentCharacteristic).
[2026-06-25 11:04:36.892] Found 76 possible bad axioms.
[2026-06-25 11:04:36.893] Selected the bad axiom SubClassOf(DeviceFailure ErrorType).
[2026-06-25 11:04:36.896] Found 75 possible bad axioms.
[2026-06-25 11:04:36.896] Selected the bad axiom SubClassOf(PatientBehaviour IncidentType).
[2026-06-25 11:04:36.899] Found 74 possible bad axioms.
[2026-06-25 11:04:36.900] Selected the bad axiom SubClassOf(InjuryAssessment Assessment).
[2026-06-25 11:04:36.903] Found 73 possible bad axioms.
[2026-06-25 11:04:36.903] Selected the bad axiom SubClassOf(Nutrition IncidentType).
[2026-06-25 11:04:36.906] Found 72 possible bad axioms.
[2026-06-25 11:04:36.906] Selected the bad axiom SubClassOf(CheckDevice StuffActivity).
[2026-06-25 11:04:36.908] Found 71 possible bad axioms.
[2026-06-25 11:04:36.909] Selected the bad axiom ClassAssertion(PatientActivity slip_down).
[2026-06-25 11:04:36.910] Found 70 possible bad axioms.
[2026-06-25 11:04:36.910] Selected the bad axiom SubClassOf(Process IncidentCharacteristic).
[2026-06-25 11:04:36.913] Found 69 possible bad axioms.
[2026-06-25 11:04:36.913] Selected the bad axiom SubClassOf(UseError ErrorType).
[2026-06-25 11:04:36.919] Found 68 possible bad axioms.
[2026-06-25 11:04:36.919] Selected the bad axiom SubClassOf(DeviceName DeviceCharacteristic).
[2026-06-25 11:04:36.922] Found 67 possible bad axioms.
[2026-06-25 11:04:36.922] Selected the bad axiom SubClassOf(RiskAssessment Assessment).
[2026-06-25 11:04:36.929] Found 66 possible bad axioms.
[2026-06-25 11:04:36.929] Selected the bad axiom SubClassOf(Pathology-Laboratory IncidentType).
[2026-06-25 11:04:36.932] Found 65 possible bad axioms.
[2026-06-25 11:04:36.932] Selected the bad axiom SubClassOf(MonitoringDevice Device/Equipment).
[2026-06-25 11:04:36.934] Found 64 possible bad axioms.
[2026-06-25 11:04:36.934] Selected the bad axiom SubClassOf(Delay ErrorType).
[2026-06-25 11:04:36.936] Found 63 possible bad axioms.
[2026-06-25 11:04:36.936] Selected the bad axiom ObjectPropertyAssertion(hasOutcome patient_fall skin_tear).
[2026-06-25 11:04:36.937] Found 62 possible bad axioms.
[2026-06-25 11:04:36.937] Selected the bad axiom ObjectPropertyAsser
...[truncated]
SUCCESS: attempt=58 seed=809447 success_count=29/100
progress: ontology=MEDEON attempt=58 success=29/100
----- MEDEON attempt=59 seed=823647 at 2026-06-25 11:05:05 -----
--- stdout ---
{"seed":823647,"run_id":"20260624134028346645","trial_status":"time_limit_exceeded","error_type":"timeout","failure_stage":"B4","error_message":"Repair timeout: B4 exceeded 300 seconds","iic_values":{},"repair_runtimes_ms":{"A1":98,"A2":1215,"A3":300,"B1":435,"B2":3274,"B3":3474,"B4":300001}}

--- stderr ---
SingleTrialExperiment starting: ontology=/workspaces/ontologyutils-ekaw26/repair-power-index-replication-ekaw26/ontologies/inconsistent/MEDEON.owl, seed=823647, run_id=20260624134028346645
Loaded ontology.
Normalizing ontology with SROIQ normalization...
Normalized ontology with SROIQ normalization.
Ontology is already inconsistent, skipping make-inconsistent step.
Repairing with A1 (random-removal)...
[2026-06-25 11:05:05.934] Checking precondition...
[2026-06-25 11:05:05.950] Starting the repair...
[2026-06-25 11:05:05.956] Found 78 possible bad axioms.
[2026-06-25 11:05:05.958] Selected the bad axiom SubClassOf(DeviceType DeviceCharacteristic).
[2026-06-25 11:05:05.963] Found 77 possible bad axioms.
[2026-06-25 11:05:05.963] Selected the bad axiom ClassAssertion(SkinTear skin_tear).
[2026-06-25 11:05:05.965] Found 76 possible bad axioms.
[2026-06-25 11:05:05.965] Selected the bad axiom SubClassOf(Site PatientOutcome).
[2026-06-25 11:05:05.971] Found 75 possible bad axioms.
[2026-06-25 11:05:05.972] Selected the bad axiom SubClassOf(Medication-IVFluid IncidentType).
[2026-06-25 11:05:05.975] Found 74 possible bad axioms.
[2026-06-25 11:05:05.976] Selected the bad axiom SubClassOf(DegreeOfHarm PatientOutcome).
[2026-06-25 11:05:05.979] Found 73 possible bad axioms.
[2026-06-25 11:05:05.979] Selected the bad axiom SubClassOf(Delay ErrorType).
[2026-06-25 11:05:05.982] Found 72 possible bad axioms.
[2026-06-25 11:05:05.982] Selected the bad axiom SubClassOf(PatientActivity Activity).
[2026-06-25 11:05:05.985] Found 71 possible bad axioms.
[2026-06-25 11:05:05.985] Selected the bad axiom SubClassOf(InappropriateUse ErrorType).
[2026-06-25 11:05:05.988] Found 70 possible bad axioms.
[2026-06-25 11:05:05.988] Selected the bad axiom SubClassOf(ErrorType IncidentCharacteristic).
[2026-06-25 11:05:05.990] Found 69 possible bad axioms.
[2026-06-25 11:05:05.991] Selected the bad axiom SubClassOf(MedicalDevice-Equipment IncidentType).
[2026-06-25 11:05:05.997] Found 68 possible bad axioms.
[2026-06-25 11:05:05.997] Selected the bad axiom SubClassOf(NotifyManufacturer MitigatingFactor).
[2026-06-25 11:05:06.000] Found 67 possible bad axioms.
[2026-06-25 11:05:06.000] Selected the bad axiom SubClassOf(Patient Person).
[2026-06-25 11:05:06.008] Found 66 possible bad axioms.
[2026-06-25 11:05:06.008] Selected the bad axiom SubClassOf(StopUse ChangeOfInstrument).
[2026-06-25 11:05:06.011] Found 65 possible bad axioms.
[2026-06-25 11:05:06.011] Selected the bad axiom SubClassOf(MentalStatus PhysicalCondition).
[2026-06-25 11:05:06.014] Found 64 possible bad axioms.
[2026-06-25 11:05:06.014] Selected the bad axiom SubClassOf(Treatment Action).
[2026-06-25 11:05:06.016] Found 63 possible bad axioms.
[2026-06-25 11:05:06.016] Selected the bad axiom SubClassOf(ChangeOfInstrument MitigatingFactor).
[2026-06-25 11:05:06.018] Found 62 possible bad axioms.
[2026-06-25 11:05:06.018] Selected the bad axiom ClassAssertion(PatientActivity slip_down).
[2026-06-25 11:05:06.01
...[truncated]
FAIL: attempt=59 seed=823647 status=time_limit_exceeded stage=B4 message=Repair timeout: B4 exceeded 300 seconds
progress: ontology=MEDEON attempt=59 success=29/100
----- MEDEON attempt=60 seed=837847 at 2026-06-25 11:10:14 -----
--- stdout ---
{"seed":837847,"run_id":"20260624134028346645","trial_status":"time_limit_exceeded","error_type":"timeout","failure_stage":"B4","error_message":"Repair timeout: B4 exceeded 300 seconds","iic_values":{},"repair_runtimes_ms":{"A1":56,"A2":1234,"A3":316,"B1":257,"B2":4665,"B3":3491,"B4":300001}}

--- stderr ---
SingleTrialExperiment starting: ontology=/workspaces/ontologyutils-ekaw26/repair-power-index-replication-ekaw26/ontologies/inconsistent/MEDEON.owl, seed=837847, run_id=20260624134028346645
Loaded ontology.
Normalizing ontology with SROIQ normalization...
Normalized ontology with SROIQ normalization.
Ontology is already inconsistent, skipping make-inconsistent step.
Repairing with A1 (random-removal)...
[2026-06-25 11:10:15.204] Checking precondition...
[2026-06-25 11:10:15.220] Starting the repair...
[2026-06-25 11:10:15.227] Found 78 possible bad axioms.
[2026-06-25 11:10:15.228] Selected the bad axiom ObjectPropertyAssertion(involvesActivity patient_fall slip_down).
[2026-06-25 11:10:15.230] Found 77 possible bad axioms.
[2026-06-25 11:10:15.230] Selected the bad axiom SubClassOf(HealthcareAssociatedInfection IncidentType).
[2026-06-25 11:10:15.235] Found 76 possible bad axioms.
[2026-06-25 11:10:15.235] Selected the bad axiom ObjectPropertyAssertion(hasOutcome patient_fall fracture).
[2026-06-25 11:10:15.236] Found 75 possible bad axioms.
[2026-06-25 11:10:15.236] Selected the bad axiom SubClassOf(PhysicianActivity Activity).
[2026-06-25 11:10:15.241] Found 74 possible bad axioms.
[2026-06-25 11:10:15.241] Selected the bad axiom SubClassOf(MentalStatus PatientCharacteristic).
[2026-06-25 11:10:15.245] Found 73 possible bad axioms.
[2026-06-25 11:10:15.245] Selected the bad axiom SubClassOf(Infrastructure-Building-Fixture PatientBehaviour).
[2026-06-25 11:10:15.248] Found 72 possible bad axioms.
[2026-06-25 11:10:15.248] Selected the bad axiom SubClassOf(InappropriateUse ErrorType).
[2026-06-25 11:10:15.251] Found 71 possible bad axioms.
[2026-06-25 11:10:15.251] Selected the bad axiom ClassAssertion(TypeOfHarm fracture).
[2026-06-25 11:10:15.252] Found 70 possible bad axioms.
[2026-06-25 11:10:15.252] Selected the bad axiom SubClassOf(Timing TemporalInfo).
[2026-06-25 11:10:15.254] Found 69 possible bad axioms.
[2026-06-25 11:10:15.255] Selected the bad axiom ClassAssertion(Patient pt).
[2026-06-25 11:10:15.255] Finished repairing the ontology.
Repairing with A2 (not-in-largest-mcs-removal)...
[2026-06-25 11:10:15.256] Checking precondition...
[2026-06-25 11:10:15.266] Starting the repair...
[2026-06-25 11:10:16.489] Found 2 possible bad axioms.
[2026-06-25 11:10:16.489] Selected the bad axiom ClassAssertion(Patient pt).
[2026-06-25 11:10:16.490] Finished repairing the ontology.
Repairing with A3 (default-weakening)...
[2026-06-25 11:10:16.492] Checking precondition...
[2026-06-25 11:10:16.494] Starting the repair...
[2026-06-25 11:10:16.506] Selected a reference ontology with 152 axioms.
[2026-06-25 11:10:16.736] Selected the bad axiom SubClassOf(Fall ObjectSomeValuesFrom(involvesActivity owl:Nothing)).
[2026-06-25 11:10:16.805] Selected the weaker axiom SubClassOf(Fall DegreeOfHarm).
[2026-06-25 11:10:16.807] Finished repairing the ontology.
Repairing with B1 (bad-in_some_mus-weaker-random)...
[2026-06-25 11:10:16.807] Checking precondition.
...[truncated]
FAIL: attempt=60 seed=837847 status=time_limit_exceeded stage=B4 message=Repair timeout: B4 exceeded 300 seconds
progress: ontology=MEDEON attempt=60 success=29/100
----- MEDEON attempt=61 seed=852047 at 2026-06-25 11:15:25 -----
--- stdout ---
{"seed":852047,"run_id":"20260624134028346645","trial_status":"time_limit_exceeded","error_type":"timeout","failure_stage":"B4","error_message":"Repair timeout: B4 exceeded 300 seconds","iic_values":{},"repair_runtimes_ms":{"A1":118,"A2":1204,"A3":331,"B1":250,"B2":4580,"B3":289,"B4":300001}}

--- stderr ---
SingleTrialExperiment starting: ontology=/workspaces/ontologyutils-ekaw26/repair-power-index-replication-ekaw26/ontologies/inconsistent/MEDEON.owl, seed=852047, run_id=20260624134028346645
Loaded ontology.
Normalizing ontology with SROIQ normalization...
Normalized ontology with SROIQ normalization.
Ontology is already inconsistent, skipping make-inconsistent step.
Repairing with A1 (random-removal)...
[2026-06-25 11:15:25.693] Checking precondition...
[2026-06-25 11:15:25.708] Starting the repair...
[2026-06-25 11:15:25.715] Found 78 possible bad axioms.
[2026-06-25 11:15:25.716] Selected the bad axiom SubClassOf(MissingInstrument ErrorType).
[2026-06-25 11:15:25.721] Found 77 possible bad axioms.
[2026-06-25 11:15:25.721] Selected the bad axiom SubClassOf(Site PatientOutcome).
[2026-06-25 11:15:25.726] Found 76 possible bad axioms.
[2026-06-25 11:15:25.726] Selected the bad axiom SubClassOf(HealthcareAssociatedInfection IncidentType).
[2026-06-25 11:15:25.731] Found 75 possible bad axioms.
[2026-06-25 11:15:25.731] Selected the bad axiom SubClassOf(Resource-OrganizationalManagement IncidentType).
[2026-06-25 11:15:25.735] Found 74 possible bad axioms.
[2026-06-25 11:15:25.735] Selected the bad axiom SubClassOf(Timing TemporalInfo).
[2026-06-25 11:15:25.738] Found 73 possible bad axioms.
[2026-06-25 11:15:25.738] Selected the bad axiom SubClassOf(IncidentHistory PatientCharacteristic).
[2026-06-25 11:15:25.741] Found 72 possible bad axioms.
[2026-06-25 11:15:25.741] Selected the bad axiom SubClassOf(Oxigen-GasVapour IncidentType).
[2026-06-25 11:15:25.743] Found 71 possible bad axioms.
[2026-06-25 11:15:25.743] Selected the bad axiom SubClassOf(NotifyManufacturer MitigatingFactor).
[2026-06-25 11:15:25.747] Found 70 possible bad axioms.
[2026-06-25 11:15:25.747] Selected the bad axiom SubClassOf(Medication-IVFluid IncidentType).
[2026-06-25 11:15:25.750] Found 69 possible bad axioms.
[2026-06-25 11:15:25.750] Selected the bad axiom SubClassOf(ImmediateAction Action).
[2026-06-25 11:15:25.757] Found 68 possible bad axioms.
[2026-06-25 11:15:25.757] Selected the bad axiom SubClassOf(PatientBehaviour IncidentType).
[2026-06-25 11:15:25.764] Found 67 possible bad axioms.
[2026-06-25 11:15:25.764] Selected the bad axiom SubClassOf(SkinTear TypeOfHarm).
[2026-06-25 11:15:25.766] Found 66 possible bad axioms.
[2026-06-25 11:15:25.766] Selected the bad axiom SubClassOf(PatientAccident IncidentType).
[2026-06-25 11:15:25.769] Found 65 possible bad axioms.
[2026-06-25 11:15:25.769] Selected the bad axiom SubClassOf(Defect ErrorType).
[2026-06-25 11:15:25.771] Found 64 possible bad axioms.
[2026-06-25 11:15:25.771] Selected the bad axiom ClassAssertion(PatientActivity slip_down).
[2026-06-25 11:15:25.772] Found 63 possible bad axioms.
[2026-06-25 11:15:25.773] Selected the bad axiom ClassAssertion(TypeOfHarm skin_tear).
[2026-06-25 11:15:25.774] Found 62 possible bad axioms.
[2026-06-25 11:15:25.774] Selected the bad axiom ClassAssertion(IncidentType patie
...[truncated]
FAIL: attempt=61 seed=852047 status=time_limit_exceeded stage=B4 message=Repair timeout: B4 exceeded 300 seconds
progress: ontology=MEDEON attempt=61 success=29/100
----- MEDEON attempt=62 seed=866247 at 2026-06-25 11:20:32 -----
--- stdout ---
{"seed":866247,"run_id":"20260624134028346645","trial_status":"time_limit_exceeded","error_type":"timeout","failure_stage":"B4","error_message":"Repair timeout: B4 exceeded 300 seconds","iic_values":{},"repair_runtimes_ms":{"A1":90,"A2":1240,"A3":486,"B1":227,"B2":4557,"B3":3281,"B4":300001}}

--- stderr ---
SingleTrialExperiment starting: ontology=/workspaces/ontologyutils-ekaw26/repair-power-index-replication-ekaw26/ontologies/inconsistent/MEDEON.owl, seed=866247, run_id=20260624134028346645
Loaded ontology.
Normalizing ontology with SROIQ normalization...
Normalized ontology with SROIQ normalization.
Ontology is already inconsistent, skipping make-inconsistent step.
Repairing with A1 (random-removal)...
[2026-06-25 11:20:32.920] Checking precondition...
[2026-06-25 11:20:32.937] Starting the repair...
[2026-06-25 11:20:32.943] Found 78 possible bad axioms.
[2026-06-25 11:20:32.944] Selected the bad axiom ClassAssertion(TypeOfHarm fracture).
[2026-06-25 11:20:32.947] Found 77 possible bad axioms.
[2026-06-25 11:20:32.947] Selected the bad axiom SubClassOf(StuffActivity Activity).
[2026-06-25 11:20:32.952] Found 76 possible bad axioms.
[2026-06-25 11:20:32.952] Selected the bad axiom ObjectPropertyAssertion(hasParticipant slip_down pt).
[2026-06-25 11:20:32.954] Found 75 possible bad axioms.
[2026-06-25 11:20:32.954] Selected the bad axiom SubClassOf(AssistiveDevice Device/Equipment).
[2026-06-25 11:20:32.959] Found 74 possible bad axioms.
[2026-06-25 11:20:32.959] Selected the bad axiom SubClassOf(Infrastructure-Building-Fixture IncidentType).
[2026-06-25 11:20:32.963] Found 73 possible bad axioms.
[2026-06-25 11:20:32.963] Selected the bad axiom SubClassOf(Timing StateOfCare).
[2026-06-25 11:20:32.966] Found 72 possible bad axioms.
[2026-06-25 11:20:32.966] Selected the bad axiom SubClassOf(MissingInstrument ErrorType).
[2026-06-25 11:20:32.969] Found 71 possible bad axioms.
[2026-06-25 11:20:32.969] Selected the bad axiom SubClassOf(MentalStatus PatientCharacteristic).
[2026-06-25 11:20:32.971] Found 70 possible bad axioms.
[2026-06-25 11:20:32.972] Selected the bad axiom SubClassOf(Site PatientOutcome).
[2026-06-25 11:20:32.974] Found 69 possible bad axioms.
[2026-06-25 11:20:32.974] Selected the bad axiom SubClassOf(Patient Person).
[2026-06-25 11:20:32.981] Found 68 possible bad axioms.
[2026-06-25 11:20:32.981] Selected the bad axiom SubClassOf(Infrastructure-Building-Fixture PatientBehaviour).
[2026-06-25 11:20:32.984] Found 67 possible bad axioms.
[2026-06-25 11:20:32.984] Selected the bad axiom SubClassOf(Oxigen-GasVapour IncidentType).
[2026-06-25 11:20:32.987] Found 66 possible bad axioms.
[2026-06-25 11:20:32.987] Selected the bad axiom SubClassOf(DeviceName DeviceCharacteristic).
[2026-06-25 11:20:32.994] Found 65 possible bad axioms.
[2026-06-25 11:20:32.994] Selected the bad axiom SubClassOf(PatientActivity Activity).
[2026-06-25 11:20:32.996] Found 64 possible bad axioms.
[2026-06-25 11:20:32.996] Selected the bad axiom ObjectPropertyAssertion(hasParticipant skin_tear pt).
[2026-06-25 11:20:32.997] Found 63 possible bad axioms.
[2026-06-25 11:20:32.997] Selected the bad axiom SubClassOf(Social/EconomicalImpact PatientOutcome).
[2026-06-25 11:20:33.001] Found 62 possible bad axioms.
[2026-06-25 11:20:33.001] Selected the bad axiom Su
...[truncated]
FAIL: attempt=62 seed=866247 status=time_limit_exceeded stage=B4 message=Repair timeout: B4 exceeded 300 seconds
progress: ontology=MEDEON attempt=62 success=29/100
----- MEDEON attempt=63 seed=880447 at 2026-06-25 11:25:42 -----
--- stdout ---
{"seed":880447,"run_id":"20260624134028346645","trial_status":"success","error_type":null,"failure_stage":null,"error_message":null,"iic_values":{"B1_vs_A1":1.0,"B1_vs_A2":0.5,"B1_vs_A3":0.5,"B2_vs_A1":0.11267605633802817,"B2_vs_A2":0.0,"B2_vs_A3":0.0,"B3_vs_A1":0.11267605633802817,"B3_vs_A2":0.0,"B3_vs_A3":0.0,"B4_vs_A1":1.0,"B4_vs_A2":0.5,"B4_vs_A3":0.5,"B5_vs_A1":1.0,"B5_vs_A2":0.5,"B5_vs_A3":0.5,"B6_vs_A1":1.0,"B6_vs_A2":0.5,"B6_vs_A3":0.5,"B7_vs_A1":1.0,"B7_vs_A2":0.5,"B7_vs_A3":0.5,"B8_vs_A1":1.0,"B8_vs_A2":0.5,"B8_vs_A3":0.5,"B9_vs_A1":1.0,"B9_vs_A2":0.5,"B9_vs_A3":0.5},"repair_runtimes_ms":{"A1":64,"A2":1222,"A3":466,"B1":395,"B2":4635,"B3":3258,"B4":434,"B5":7856,"B6":5573,"B7":455,"B8":7352,"B9":5752}}

--- stderr ---
SingleTrialExperiment starting: ontology=/workspaces/ontologyutils-ekaw26/repair-power-index-replication-ekaw26/ontologies/inconsistent/MEDEON.owl, seed=880447, run_id=20260624134028346645
Loaded ontology.
Normalizing ontology with SROIQ normalization...
Normalized ontology with SROIQ normalization.
Ontology is already inconsistent, skipping make-inconsistent step.
Repairing with A1 (random-removal)...
[2026-06-25 11:25:43.291] Checking precondition...
[2026-06-25 11:25:43.307] Starting the repair...
[2026-06-25 11:25:43.313] Found 78 possible bad axioms.
[2026-06-25 11:25:43.315] Selected the bad axiom SubClassOf(MentalStatus PatientCharacteristic).
[2026-06-25 11:25:43.320] Found 77 possible bad axioms.
[2026-06-25 11:25:43.320] Selected the bad axiom SubClassOf(SkinTear TypeOfHarm).
[2026-06-25 11:25:43.325] Found 76 possible bad axioms.
[2026-06-25 11:25:43.325] Selected the bad axiom SubClassOf(Delay ErrorType).
[2026-06-25 11:25:43.329] Found 75 possible bad axioms.
[2026-06-25 11:25:43.329] Selected the bad axiom SubClassOf(Infrastructure-Building-Fixture PatientBehaviour).
[2026-06-25 11:25:43.332] Found 74 possible bad axioms.
[2026-06-25 11:25:43.332] Selected the bad axiom SubClassOf(Therapy Action).
[2026-06-25 11:25:43.335] Found 73 possible bad axioms.
[2026-06-25 11:25:43.335] Selected the bad axiom SubClassOf(StopUse ChangeOfInstrument).
[2026-06-25 11:25:43.338] Found 72 possible bad axioms.
[2026-06-25 11:25:43.338] Selected the bad axiom ObjectPropertyAssertion(hasParticipant skin_tear pt).
[2026-06-25 11:25:43.339] Found 71 possible bad axioms.
[2026-06-25 11:25:43.340] Selected the bad axiom SubClassOf(AssistiveDevice Device/Equipment).
[2026-06-25 11:25:43.343] Found 70 possible bad axioms.
[2026-06-25 11:25:43.343] Selected the bad axiom ClassAssertion(PatientActivity slip_down).
[2026-06-25 11:25:43.344] Found 69 possible bad axioms.
[2026-06-25 11:25:43.344] Selected the bad axiom SubClassOf(ObjectSomeValuesFrom(involvesActivity ObjectSomeValuesFrom(hasParticipant Patient)) Fall).
[2026-06-25 11:25:43.346] Found 68 possible bad axioms.
[2026-06-25 11:25:43.347] Selected the bad axiom ObjectPropertyAssertion(hasOutcome patient_fall fracture).
[2026-06-25 11:25:43.351] Finished repairing the ontology.
Repairing with A2 (not-in-largest-mcs-removal)...
[2026-06-25 11:25:43.352] Checking precondition...
[2026-06-25 11:25:43.357] Starting the repair...
[2026-06-25 11:25:44.572] Found 2 possible bad axioms.
[2026-06-25 11:25:44.572] Selected the bad axiom ClassAssertion(Patient pt).
[2026-06-25 11:25:44.573] Finished repairing the ontology.
Repairing with A3 (default-weakening)...
[2026-06-25 11:25:44.576] Checking precondition...
[2026-06-25 11:25:44.578] Starting the repair...
[2026-06-25 11:25:44.587] Selected a reference ontology with 152 axioms.
[2026-06-25 11:25:44.811] Selected the bad axiom ClassAssertion(Patient pt).
[2026-06-25 11:25:44.834] Selected the weaker axiom ClassAssertion(Person pt).
[2026-06-25 11:25:45.035]
...[truncated]
SUCCESS: attempt=63 seed=880447 success_count=30/100
progress: ontology=MEDEON attempt=63 success=30/100
----- MEDEON attempt=64 seed=894647 at 2026-06-25 11:26:24 -----
--- stdout ---
{"seed":894647,"run_id":"20260624134028346645","trial_status":"time_limit_exceeded","error_type":"timeout","failure_stage":"B7","error_message":"Repair timeout: B7 exceeded 300 seconds","iic_values":{},"repair_runtimes_ms":{"A1":126,"A2":1198,"A3":314,"B1":250,"B2":4545,"B3":3258,"B4":194,"B5":7696,"B6":5051,"B7":300001}}

--- stderr ---
SingleTrialExperiment starting: ontology=/workspaces/ontologyutils-ekaw26/repair-power-index-replication-ekaw26/ontologies/inconsistent/MEDEON.owl, seed=894647, run_id=20260624134028346645
Loaded ontology.
Normalizing ontology with SROIQ normalization...
Normalized ontology with SROIQ normalization.
Ontology is already inconsistent, skipping make-inconsistent step.
Repairing with A1 (random-removal)...
[2026-06-25 11:26:24.366] Checking precondition...
[2026-06-25 11:26:24.383] Starting the repair...
[2026-06-25 11:26:24.389] Found 78 possible bad axioms.
[2026-06-25 11:26:24.390] Selected the bad axiom SubClassOf(CheckDevice StuffActivity).
[2026-06-25 11:26:24.396] Found 77 possible bad axioms.
[2026-06-25 11:26:24.396] Selected the bad axiom SubClassOf(MentalStatus PhysicalCondition).
[2026-06-25 11:26:24.401] Found 76 possible bad axioms.
[2026-06-25 11:26:24.401] Selected the bad axiom ObjectPropertyAssertion(involvesActivity patient_fall slip_down).
[2026-06-25 11:26:24.402] Found 75 possible bad axioms.
[2026-06-25 11:26:24.403] Selected the bad axiom SubClassOf(DegreeOfHarm PatientOutcome).
[2026-06-25 11:26:24.406] Found 74 possible bad axioms.
[2026-06-25 11:26:24.406] Selected the bad axiom SubClassOf(MissingInstrument ErrorType).
[2026-06-25 11:26:24.410] Found 73 possible bad axioms.
[2026-06-25 11:26:24.410] Selected the bad axiom SubClassOf(PatientAccident IncidentType).
[2026-06-25 11:26:24.413] Found 72 possible bad axioms.
[2026-06-25 11:26:24.413] Selected the bad axiom SubClassOf(ImmediateAction Action).
[2026-06-25 11:26:24.416] Found 71 possible bad axioms.
[2026-06-25 11:26:24.416] Selected the bad axiom SubClassOf(Patient Person).
[2026-06-25 11:26:24.419] Found 70 possible bad axioms.
[2026-06-25 11:26:24.419] Selected the bad axiom SubClassOf(ClinicalAdministration IncidentType).
[2026-06-25 11:26:24.421] Found 69 possible bad axioms.
[2026-06-25 11:26:24.422] Selected the bad axiom ObjectPropertyAssertion(hasOutcome patient_fall fracture).
[2026-06-25 11:26:24.426] Found 68 possible bad axioms.
[2026-06-25 11:26:24.427] Selected the bad axiom SubClassOf(ErrorType IncidentCharacteristic).
[2026-06-25 11:26:24.430] Found 67 possible bad axioms.
[2026-06-25 11:26:24.430] Selected the bad axiom SubClassOf(Timing TemporalInfo).
[2026-06-25 11:26:24.432] Found 66 possible bad axioms.
[2026-06-25 11:26:24.432] Selected the bad axiom SubClassOf(Pathology-Laboratory IncidentType).
[2026-06-25 11:26:24.439] Found 65 possible bad axioms.
[2026-06-25 11:26:24.439] Selected the bad axiom SubClassOf(PatientActivity Activity).
[2026-06-25 11:26:24.442] Found 64 possible bad axioms.
[2026-06-25 11:26:24.442] Selected the bad axiom SubClassOf(RiskAssessment Assessment).
[2026-06-25 11:26:24.445] Found 63 possible bad axioms.
[2026-06-25 11:26:24.445] Selected the bad axiom SubClassOf(Management Action).
[2026-06-25 11:26:24.448] Found 62 possible bad axioms.
[2026-06-25 11:26:24.448] Selected the bad axiom ClassAssertion(TypeOfHarm frac
...[truncated]
FAIL: attempt=64 seed=894647 status=time_limit_exceeded stage=B7 message=Repair timeout: B7 exceeded 300 seconds
progress: ontology=MEDEON attempt=64 success=30/100
----- MEDEON attempt=65 seed=908847 at 2026-06-25 11:31:47 -----
--- stdout ---
{"seed":908847,"run_id":"20260624134028346645","trial_status":"success","error_type":null,"failure_stage":null,"error_message":null,"iic_values":{"B1_vs_A1":0.3564356435643564,"B1_vs_A2":0.0,"B1_vs_A3":0.0,"B2_vs_A1":0.36363636363636365,"B2_vs_A2":0.0,"B2_vs_A3":0.0,"B3_vs_A1":0.36363636363636365,"B3_vs_A2":0.0,"B3_vs_A3":0.0,"B4_vs_A1":1.0,"B4_vs_A2":0.5,"B4_vs_A3":0.5,"B5_vs_A1":1.0,"B5_vs_A2":0.5,"B5_vs_A3":0.5,"B6_vs_A1":1.0,"B6_vs_A2":0.5,"B6_vs_A3":0.5,"B7_vs_A1":1.0,"B7_vs_A2":0.5,"B7_vs_A3":0.5,"B8_vs_A1":1.0,"B8_vs_A2":0.5,"B8_vs_A3":0.5,"B9_vs_A1":1.0,"B9_vs_A2":0.5,"B9_vs_A3":0.5},"repair_runtimes_ms":{"A1":129,"A2":1176,"A3":501,"B1":242,"B2":4628,"B3":3198,"B4":251,"B5":7838,"B6":5535,"B7":261,"B8":7536,"B9":5701}}

--- stderr ---
SingleTrialExperiment starting: ontology=/workspaces/ontologyutils-ekaw26/repair-power-index-replication-ekaw26/ontologies/inconsistent/MEDEON.owl, seed=908847, run_id=20260624134028346645
Loaded ontology.
Normalizing ontology with SROIQ normalization...
Normalized ontology with SROIQ normalization.
Ontology is already inconsistent, skipping make-inconsistent step.
Repairing with A1 (random-removal)...
[2026-06-25 11:31:47.496] Checking precondition...
[2026-06-25 11:31:47.511] Starting the repair...
[2026-06-25 11:31:47.517] Found 78 possible bad axioms.
[2026-06-25 11:31:47.519] Selected the bad axiom SubClassOf(RiskAssessment Assessment).
[2026-06-25 11:31:47.524] Found 77 possible bad axioms.
[2026-06-25 11:31:47.525] Selected the bad axiom SubClassOf(MentalStatus PatientCharacteristic).
[2026-06-25 11:31:47.529] Found 76 possible bad axioms.
[2026-06-25 11:31:47.529] Selected the bad axiom ClassAssertion(SkinTear skin_tear).
[2026-06-25 11:31:47.531] Found 75 possible bad axioms.
[2026-06-25 11:31:47.531] Selected the bad axiom SubClassOf(MedicalDevice-Equipment IncidentType).
[2026-06-25 11:31:47.535] Found 74 possible bad axioms.
[2026-06-25 11:31:47.535] Selected the bad axiom SubClassOf(Treatment Action).
[2026-06-25 11:31:47.538] Found 73 possible bad axioms.
[2026-06-25 11:31:47.538] Selected the bad axiom SubClassOf(Timing StateOfCare).
[2026-06-25 11:31:47.541] Found 72 possible bad axioms.
[2026-06-25 11:31:47.541] Selected the bad axiom SubClassOf(Site PatientOutcome).
[2026-06-25 11:31:47.544] Found 71 possible bad axioms.
[2026-06-25 11:31:47.544] Selected the bad axiom SubClassOf(PatientAccident IncidentType).
[2026-06-25 11:31:47.547] Found 70 possible bad axioms.
[2026-06-25 11:31:47.547] Selected the bad axiom ObjectPropertyAssertion(hasParticipant slip_down pt).
[2026-06-25 11:31:47.548] Found 69 possible bad axioms.
[2026-06-25 11:31:47.548] Selected the bad axiom SubClassOf(TypeOfHarm PatientOutcome).
[2026-06-25 11:31:47.550] Found 68 possible bad axioms.
[2026-06-25 11:31:47.550] Selected the bad axiom SubClassOf(StuffActivity Activity).
[2026-06-25 11:31:47.558] Found 67 possible bad axioms.
[2026-06-25 11:31:47.558] Selected the bad axiom SubClassOf(Delay ErrorType).
[2026-06-25 11:31:47.561] Found 66 possible bad axioms.
[2026-06-25 11:31:47.562] Selected the bad axiom SubClassOf(MissingInstrument ErrorType).
[2026-06-25 11:31:47.569] Found 65 possible bad axioms.
[2026-06-25 11:31:47.569] Selected the bad axiom SubClassOf(Social/EconomicalImpact PatientOutcome).
[2026-06-25 11:31:47.571] Found 64 possible bad axioms.
[2026-06-25 11:31:47.572] Selected the bad axiom SubClassOf(ChangeOfInstrument MitigatingFactor).
[2026-06-25 11:31:47.574] Found 63 possible bad axioms.
[2026-06-25 11:31:47.574] Selected the bad axiom ObjectPropertyAssertion(hasOutcome patient_fall fracture).
[2026-06-25 11:31:47.575] Found 62 possible bad axioms.
[2026-06-25 11:31:47.575] Selected the bad axiom SubClassOf(Fall ObjectSomeValuesFrom(has
...[truncated]
SUCCESS: attempt=65 seed=908847 success_count=31/100
progress: ontology=MEDEON attempt=65 success=31/100
----- MEDEON attempt=66 seed=923047 at 2026-06-25 11:32:24 -----
--- stdout ---
{"seed":923047,"run_id":"20260624134028346645","trial_status":"time_limit_exceeded","error_type":"timeout","failure_stage":"B7","error_message":"Repair timeout: B7 exceeded 300 seconds","iic_values":{},"repair_runtimes_ms":{"A1":109,"A2":1197,"A3":322,"B1":245,"B2":4654,"B3":2116,"B4":238,"B5":1733,"B6":5387,"B7":300001}}

--- stderr ---
SingleTrialExperiment starting: ontology=/workspaces/ontologyutils-ekaw26/repair-power-index-replication-ekaw26/ontologies/inconsistent/MEDEON.owl, seed=923047, run_id=20260624134028346645
Loaded ontology.
Normalizing ontology with SROIQ normalization...
Normalized ontology with SROIQ normalization.
Ontology is already inconsistent, skipping make-inconsistent step.
Repairing with A1 (random-removal)...
[2026-06-25 11:32:25.217] Checking precondition...
[2026-06-25 11:32:25.234] Starting the repair...
[2026-06-25 11:32:25.241] Found 78 possible bad axioms.
[2026-06-25 11:32:25.242] Selected the bad axiom SubClassOf(Time TemporalInfo).
[2026-06-25 11:32:25.247] Found 77 possible bad axioms.
[2026-06-25 11:32:25.248] Selected the bad axiom SubClassOf(Timing TemporalInfo).
[2026-06-25 11:32:25.252] Found 76 possible bad axioms.
[2026-06-25 11:32:25.253] Selected the bad axiom SubClassOf(ClinicalProcess IncidentType).
[2026-06-25 11:32:25.257] Found 75 possible bad axioms.
[2026-06-25 11:32:25.257] Selected the bad axiom SubClassOf(IncidentHistory PatientCharacteristic).
[2026-06-25 11:32:25.260] Found 74 possible bad axioms.
[2026-06-25 11:32:25.261] Selected the bad axiom SubClassOf(DeviceType DeviceCharacteristic).
[2026-06-25 11:32:25.263] Found 73 possible bad axioms.
[2026-06-25 11:32:25.264] Selected the bad axiom ClassAssertion(PatientActivity slip_down).
[2026-06-25 11:32:25.265] Found 72 possible bad axioms.
[2026-06-25 11:32:25.265] Selected the bad axiom SubClassOf(Treatment Action).
[2026-06-25 11:32:25.268] Found 71 possible bad axioms.
[2026-06-25 11:32:25.268] Selected the bad axiom SubClassOf(ObjectSomeValuesFrom(hasOutcome ObjectSomeValuesFrom(hasParticipant Patient)) Fall).
[2026-06-25 11:32:25.270] Found 70 possible bad axioms.
[2026-06-25 11:32:25.271] Selected the bad axiom SubClassOf(Management Action).
[2026-06-25 11:32:25.273] Found 69 possible bad axioms.
[2026-06-25 11:32:25.273] Selected the bad axiom SubClassOf(Infrastructure-Building-Fixture IncidentType).
[2026-06-25 11:32:25.280] Found 68 possible bad axioms.
[2026-06-25 11:32:25.280] Selected the bad axiom SubClassOf(InappropriateUse ErrorType).
[2026-06-25 11:32:25.283] Found 67 possible bad axioms.
[2026-06-25 11:32:25.283] Selected the bad axiom ClassAssertion(SkinTear skin_tear).
[2026-06-25 11:32:25.283] Found 66 possible bad axioms.
[2026-06-25 11:32:25.284] Selected the bad axiom SubClassOf(NotifyManufacturer MitigatingFactor).
[2026-06-25 11:32:25.291] Found 65 possible bad axioms.
[2026-06-25 11:32:25.291] Selected the bad axiom ClassAssertion(IncidentType patient_fall).
[2026-06-25 11:32:25.292] Found 64 possible bad axioms.
[2026-06-25 11:32:25.292] Selected the bad axiom SubClassOf(Process IncidentCharacteristic).
[2026-06-25 11:32:25.296] Found 63 possible bad axioms.
[2026-06-25 11:32:25.296] Selected the bad axiom ObjectPropertyAssertion(hasParticipant fracture pt).
[2026-06-25 11:32:25.297] Found 62 possible bad axioms.
[2026-06-25 11:32:25.297] Selecte
...[truncated]
FAIL: attempt=66 seed=923047 status=time_limit_exceeded stage=B7 message=Repair timeout: B7 exceeded 300 seconds
progress: ontology=MEDEON attempt=66 success=31/100
----- MEDEON attempt=67 seed=937247 at 2026-06-25 11:37:41 -----
--- stdout ---
{"seed":937247,"run_id":"20260624134028346645","trial_status":"success","error_type":null,"failure_stage":null,"error_message":null,"iic_values":{"B1_vs_A1":1.0,"B1_vs_A2":0.5,"B1_vs_A3":0.0,"B2_vs_A1":1.0,"B2_vs_A2":1.0,"B2_vs_A3":0.0,"B3_vs_A1":1.0,"B3_vs_A2":1.0,"B3_vs_A3":0.5,"B4_vs_A1":1.0,"B4_vs_A2":1.0,"B4_vs_A3":0.5,"B5_vs_A1":1.0,"B5_vs_A2":1.0,"B5_vs_A3":0.5,"B6_vs_A1":1.0,"B6_vs_A2":1.0,"B6_vs_A3":0.5,"B7_vs_A1":1.0,"B7_vs_A2":1.0,"B7_vs_A3":0.5,"B8_vs_A1":1.0,"B8_vs_A2":1.0,"B8_vs_A3":0.5,"B9_vs_A1":1.0,"B9_vs_A2":1.0,"B9_vs_A3":0.5},"repair_runtimes_ms":{"A1":86,"A2":1191,"A3":438,"B1":237,"B2":4611,"B3":2140,"B4":111,"B5":7790,"B6":1051,"B7":296,"B8":1636,"B9":5483}}

--- stderr ---
SingleTrialExperiment starting: ontology=/workspaces/ontologyutils-ekaw26/repair-power-index-replication-ekaw26/ontologies/inconsistent/MEDEON.owl, seed=937247, run_id=20260624134028346645
Loaded ontology.
Normalizing ontology with SROIQ normalization...
Normalized ontology with SROIQ normalization.
Ontology is already inconsistent, skipping make-inconsistent step.
Repairing with A1 (random-removal)...
[2026-06-25 11:37:41.692] Checking precondition...
[2026-06-25 11:37:41.707] Starting the repair...
[2026-06-25 11:37:41.713] Found 78 possible bad axioms.
[2026-06-25 11:37:41.715] Selected the bad axiom ObjectPropertyAssertion(involvesActivity patient_fall slip_down).
[2026-06-25 11:37:41.717] Found 77 possible bad axioms.
[2026-06-25 11:37:41.718] Selected the bad axiom SubClassOf(ObjectSomeValuesFrom(hasOutcome ObjectSomeValuesFrom(hasParticipant Patient)) Fall).
[2026-06-25 11:37:41.722] Found 76 possible bad axioms.
[2026-06-25 11:37:41.722] Selected the bad axiom SubClassOf(Blood-BloodProduct IncidentType).
[2026-06-25 11:37:41.726] Found 75 possible bad axioms.
[2026-06-25 11:37:41.727] Selected the bad axiom SubClassOf(Fall ObjectSomeValuesFrom(involvesActivity ObjectSomeValuesFrom(hasParticipant Patient))).
[2026-06-25 11:37:41.731] Found 74 possible bad axioms.
[2026-06-25 11:37:41.731] Selected the bad axiom SubClassOf(DegreeOfHarm PatientOutcome).
[2026-06-25 11:37:41.734] Found 73 possible bad axioms.
[2026-06-25 11:37:41.734] Selected the bad axiom SubClassOf(PhysicianActivity Activity).
[2026-06-25 11:37:41.737] Found 72 possible bad axioms.
[2026-06-25 11:37:41.737] Selected the bad axiom ClassAssertion(TypeOfHarm fracture).
[2026-06-25 11:37:41.738] Found 71 possible bad axioms.
[2026-06-25 11:37:41.738] Selected the bad axiom SubClassOf(DeviceAvailability ErrorType).
[2026-06-25 11:37:41.741] Found 70 possible bad axioms.
[2026-06-25 11:37:41.741] Selected the bad axiom SubClassOf(ObjectSomeValuesFrom(involvesActivity ObjectSomeValuesFrom(hasParticipant Patient)) Fall).
[2026-06-25 11:37:41.743] Found 69 possible bad axioms.
[2026-06-25 11:37:41.743] Selected the bad axiom SubClassOf(InjuryAssessment Assessment).
[2026-06-25 11:37:41.746] Found 68 possible bad axioms.
[2026-06-25 11:37:41.746] Selected the bad axiom SubClassOf(InappropriateUse ErrorType).
[2026-06-25 11:37:41.752] Found 67 possible bad axioms.
[2026-06-25 11:37:41.752] Selected the bad axiom SubClassOf(TypeOfHarm PatientOutcome).
[2026-06-25 11:37:41.755] Found 66 possible bad axioms.
[2026-06-25 11:37:41.755] Selected the bad axiom ObjectPropertyAssertion(causes slip_down skin_tear).
[2026-06-25 11:37:41.755] Found 65 possible bad axioms.
[2026-06-25 11:37:41.755] Selected the bad axiom SubClassOf(IncidentHistory PatientCharacteristic).
[2026-06-25 11:37:41.762] Found 64 possible bad axioms.
[2026-06-25 11:37:41.763] Selected the bad axiom SubClassOf(Defect ErrorType).
[2026-06-25 11:37:41.765] Found 63 possible bad axioms.
[2026-06-25 11:37:41.765] Selected the
...[truncated]
SUCCESS: attempt=67 seed=937247 success_count=32/100
progress: ontology=MEDEON attempt=67 success=32/100
----- MEDEON attempt=68 seed=951447 at 2026-06-25 11:38:09 -----
--- stdout ---
{"seed":951447,"run_id":"20260624134028346645","trial_status":"success","error_type":null,"failure_stage":null,"error_message":null,"iic_values":{"B1_vs_A1":1.0,"B1_vs_A2":0.5,"B1_vs_A3":1.0,"B2_vs_A1":0.2840909090909091,"B2_vs_A2":0.0,"B2_vs_A3":1.0,"B3_vs_A1":1.0,"B3_vs_A2":0.5,"B3_vs_A3":1.0,"B4_vs_A1":1.0,"B4_vs_A2":0.5,"B4_vs_A3":1.0,"B5_vs_A1":1.0,"B5_vs_A2":0.5,"B5_vs_A3":1.0,"B6_vs_A1":1.0,"B6_vs_A2":0.5,"B6_vs_A3":1.0,"B7_vs_A1":1.0,"B7_vs_A2":0.5,"B7_vs_A3":1.0,"B8_vs_A1":1.0,"B8_vs_A2":0.5,"B8_vs_A3":1.0,"B9_vs_A1":1.0,"B9_vs_A2":0.5,"B9_vs_A3":1.0},"repair_runtimes_ms":{"A1":115,"A2":1191,"A3":308,"B1":428,"B2":4525,"B3":762,"B4":438,"B5":7858,"B6":5566,"B7":305,"B8":7799,"B9":6298}}

--- stderr ---
SingleTrialExperiment starting: ontology=/workspaces/ontologyutils-ekaw26/repair-power-index-replication-ekaw26/ontologies/inconsistent/MEDEON.owl, seed=951447, run_id=20260624134028346645
Loaded ontology.
Normalizing ontology with SROIQ normalization...
Normalized ontology with SROIQ normalization.
Ontology is already inconsistent, skipping make-inconsistent step.
Repairing with A1 (random-removal)...
[2026-06-25 11:38:09.681] Checking precondition...
[2026-06-25 11:38:09.697] Starting the repair...
[2026-06-25 11:38:09.704] Found 78 possible bad axioms.
[2026-06-25 11:38:09.705] Selected the bad axiom SubClassOf(StuffActivity Activity).
[2026-06-25 11:38:09.712] Found 77 possible bad axioms.
[2026-06-25 11:38:09.712] Selected the bad axiom SubClassOf(AssistiveDevice Device/Equipment).
[2026-06-25 11:38:09.718] Found 76 possible bad axioms.
[2026-06-25 11:38:09.718] Selected the bad axiom SubClassOf(Treatment Action).
[2026-06-25 11:38:09.723] Found 75 possible bad axioms.
[2026-06-25 11:38:09.723] Selected the bad axiom SubClassOf(Patient Person).
[2026-06-25 11:38:09.726] Found 74 possible bad axioms.
[2026-06-25 11:38:09.727] Selected the bad axiom SubClassOf(InjuryAssessment Assessment).
[2026-06-25 11:38:09.729] Found 73 possible bad axioms.
[2026-06-25 11:38:09.730] Selected the bad axiom SubClassOf(Oxigen-GasVapour IncidentType).
[2026-06-25 11:38:09.732] Found 72 possible bad axioms.
[2026-06-25 11:38:09.732] Selected the bad axiom SubClassOf(MonitoringDevice Device/Equipment).
[2026-06-25 11:38:09.735] Found 71 possible bad axioms.
[2026-06-25 11:38:09.735] Selected the bad axiom SubClassOf(ObjectSomeValuesFrom(hasOutcome ObjectSomeValuesFrom(hasParticipant Patient)) Fall).
[2026-06-25 11:38:09.738] Found 70 possible bad axioms.
[2026-06-25 11:38:09.738] Selected the bad axiom SubClassOf(Social/EconomicalImpact PatientOutcome).
[2026-06-25 11:38:09.745] Found 69 possible bad axioms.
[2026-06-25 11:38:09.745] Selected the bad axiom SubClassOf(Timing StateOfCare).
[2026-06-25 11:38:09.748] Found 68 possible bad axioms.
[2026-06-25 11:38:09.749] Selected the bad axiom SubClassOf(HealthcareAssociatedInfection IncidentType).
[2026-06-25 11:38:09.756] Found 67 possible bad axioms.
[2026-06-25 11:38:09.756] Selected the bad axiom SubClassOf(Process IncidentCharacteristic).
[2026-06-25 11:38:09.758] Found 66 possible bad axioms.
[2026-06-25 11:38:09.758] Selected the bad axiom SubClassOf(Fall ObjectSomeValuesFrom(hasOutcome ObjectSomeValuesFrom(hasParticipant Patient))).
[2026-06-25 11:38:09.760] Found 65 possible bad axioms.
[2026-06-25 11:38:09.760] Selected the bad axiom SubClassOf(DegreeOfHarm PatientOutcome).
[2026-06-25 11:38:09.763] Found 64 possible bad axioms.
[2026-06-25 11:38:09.763] Selected the bad axiom ClassAssertion(TypeOfHarm fracture).
[2026-06-25 11:38:09.764] Found 63 possible bad axioms.
[2026-06-25 11:38:09.765] Selected the bad axiom SubClassOf(MissingInstrument ErrorType).
[2026-06-25 11:38:09.767] Found 62 possible bad 
...[truncated]
SUCCESS: attempt=68 seed=951447 success_count=33/100
progress: ontology=MEDEON attempt=68 success=33/100
----- MEDEON attempt=69 seed=965647 at 2026-06-25 11:38:45 -----
--- stdout ---
{"seed":965647,"run_id":"20260624134028346645","trial_status":"success","error_type":null,"failure_stage":null,"error_message":null,"iic_values":{"B1_vs_A1":1.0,"B1_vs_A2":1.0,"B1_vs_A3":1.0,"B2_vs_A1":1.0,"B2_vs_A2":1.0,"B2_vs_A3":1.0,"B3_vs_A1":1.0,"B3_vs_A2":1.0,"B3_vs_A3":1.0,"B4_vs_A1":1.0,"B4_vs_A2":1.0,"B4_vs_A3":1.0,"B5_vs_A1":1.0,"B5_vs_A2":1.0,"B5_vs_A3":1.0,"B6_vs_A1":1.0,"B6_vs_A2":1.0,"B6_vs_A3":1.0,"B7_vs_A1":1.0,"B7_vs_A2":1.0,"B7_vs_A3":1.0,"B8_vs_A1":1.0,"B8_vs_A2":1.0,"B8_vs_A3":1.0,"B9_vs_A1":1.0,"B9_vs_A2":1.0,"B9_vs_A3":1.0},"repair_runtimes_ms":{"A1":51,"A2":1242,"A3":293,"B1":242,"B2":4426,"B3":767,"B4":185,"B5":1676,"B6":1255,"B7":191,"B8":7888,"B9":1111}}

--- stderr ---
SingleTrialExperiment starting: ontology=/workspaces/ontologyutils-ekaw26/repair-power-index-replication-ekaw26/ontologies/inconsistent/MEDEON.owl, seed=965647, run_id=20260624134028346645
Loaded ontology.
Normalizing ontology with SROIQ normalization...
Normalized ontology with SROIQ normalization.
Ontology is already inconsistent, skipping make-inconsistent step.
Repairing with A1 (random-removal)...
[2026-06-25 11:38:46.075] Checking precondition...
[2026-06-25 11:38:46.091] Starting the repair...
[2026-06-25 11:38:46.097] Found 78 possible bad axioms.
[2026-06-25 11:38:46.099] Selected the bad axiom SubClassOf(InjuryAssessment Assessment).
[2026-06-25 11:38:46.104] Found 77 possible bad axioms.
[2026-06-25 11:38:46.105] Selected the bad axiom SubClassOf(ClinicalAdministration IncidentType).
[2026-06-25 11:38:46.109] Found 76 possible bad axioms.
[2026-06-25 11:38:46.109] Selected the bad axiom SubClassOf(DeviceFailure ErrorType).
[2026-06-25 11:38:46.114] Found 75 possible bad axioms.
[2026-06-25 11:38:46.114] Selected the bad axiom ObjectPropertyAssertion(hasOutcome patient_fall skin_tear).
[2026-06-25 11:38:46.115] Found 74 possible bad axioms.
[2026-06-25 11:38:46.115] Selected the bad axiom SubClassOf(Management Action).
[2026-06-25 11:38:46.119] Found 73 possible bad axioms.
[2026-06-25 11:38:46.119] Selected the bad axiom SubClassOf(Fall ObjectSomeValuesFrom(involvesActivity owl:Nothing)).
[2026-06-25 11:38:46.122] Finished repairing the ontology.
Repairing with A2 (not-in-largest-mcs-removal)...
[2026-06-25 11:38:46.123] Checking precondition...
[2026-06-25 11:38:46.128] Starting the repair...
[2026-06-25 11:38:47.364] Found 2 possible bad axioms.
[2026-06-25 11:38:47.364] Selected the bad axiom SubClassOf(Fall ObjectSomeValuesFrom(involvesActivity owl:Nothing)).
[2026-06-25 11:38:47.365] Finished repairing the ontology.
Repairing with A3 (default-weakening)...
[2026-06-25 11:38:47.366] Checking precondition...
[2026-06-25 11:38:47.369] Starting the repair...
[2026-06-25 11:38:47.379] Selected a reference ontology with 152 axioms.
[2026-06-25 11:38:47.582] Selected the bad axiom SubClassOf(Fall ObjectSomeValuesFrom(involvesActivity owl:Nothing)).
[2026-06-25 11:38:47.656] Selected the weaker axiom SubClassOf(Fall ObjectSomeValuesFrom(involvesActivity Nutrition)).
[2026-06-25 11:38:47.658] Finished repairing the ontology.
Repairing with B1 (bad-in_some_mus-weaker-random)...
[2026-06-25 11:38:47.658] Checking precondition...
[2026-06-25 11:38:47.660] Starting the repair...
[2026-06-25 11:38:47.667] Selected a reference ontology with 152 axioms.
[2026-06-25 11:38:47.866] Selected the bad axiom SubClassOf(Fall ObjectSomeValuesFrom(involvesActivity owl:Nothing)).
[2026-06-25 11:38:47.900] Selected the weaker axiom SubClassOf(Fall ClinicalProcess).
[2026-06-25 11:38:47.901] Finished repairing the ontology.
Repairing with B2 (bad-in_some_mus-weaker-shapley)...
[2026-06-25 11:38:47.903] Checking precondition...
[2026-06-25 11:38:47.904] Starti
...[truncated]
SUCCESS: attempt=69 seed=965647 success_count=34/100
progress: ontology=MEDEON attempt=69 success=34/100
----- MEDEON attempt=70 seed=979847 at 2026-06-25 11:39:05 -----
--- stdout ---
{"seed":979847,"run_id":"20260624134028346645","trial_status":"success","error_type":null,"failure_stage":null,"error_message":null,"iic_values":{"B1_vs_A1":0.336734693877551,"B1_vs_A2":0.0,"B1_vs_A3":0.5,"B2_vs_A1":1.0,"B2_vs_A2":0.5,"B2_vs_A3":1.0,"B3_vs_A1":0.34375,"B3_vs_A2":0.0,"B3_vs_A3":1.0,"B4_vs_A1":1.0,"B4_vs_A2":0.5,"B4_vs_A3":1.0,"B5_vs_A1":1.0,"B5_vs_A2":0.5,"B5_vs_A3":1.0,"B6_vs_A1":1.0,"B6_vs_A2":0.5,"B6_vs_A3":1.0,"B7_vs_A1":1.0,"B7_vs_A2":0.5,"B7_vs_A3":1.0,"B8_vs_A1":1.0,"B8_vs_A2":0.5,"B8_vs_A3":1.0,"B9_vs_A1":1.0,"B9_vs_A2":0.5,"B9_vs_A3":1.0},"repair_runtimes_ms":{"A1":127,"A2":1189,"A3":301,"B1":254,"B2":723,"B3":3464,"B4":95,"B5":1714,"B6":1090,"B7":377,"B8":7699,"B9":5575}}

--- stderr ---
SingleTrialExperiment starting: ontology=/workspaces/ontologyutils-ekaw26/repair-power-index-replication-ekaw26/ontologies/inconsistent/MEDEON.owl, seed=979847, run_id=20260624134028346645
Loaded ontology.
Normalizing ontology with SROIQ normalization...
Normalized ontology with SROIQ normalization.
Ontology is already inconsistent, skipping make-inconsistent step.
Repairing with A1 (random-removal)...
[2026-06-25 11:39:06.164] Checking precondition...
[2026-06-25 11:39:06.181] Starting the repair...
[2026-06-25 11:39:06.187] Found 78 possible bad axioms.
[2026-06-25 11:39:06.188] Selected the bad axiom SubClassOf(NotifyManufacturer MitigatingFactor).
[2026-06-25 11:39:06.194] Found 77 possible bad axioms.
[2026-06-25 11:39:06.194] Selected the bad axiom SubClassOf(Defect ErrorType).
[2026-06-25 11:39:06.199] Found 76 possible bad axioms.
[2026-06-25 11:39:06.199] Selected the bad axiom SubClassOf(UseError ErrorType).
[2026-06-25 11:39:06.203] Found 75 possible bad axioms.
[2026-06-25 11:39:06.204] Selected the bad axiom SubClassOf(Fall ObjectSomeValuesFrom(involvesActivity ObjectSomeValuesFrom(hasParticipant Patient))).
[2026-06-25 11:39:06.207] Found 74 possible bad axioms.
[2026-06-25 11:39:06.207] Selected the bad axiom SubClassOf(DeviceFailure ErrorType).
[2026-06-25 11:39:06.210] Found 73 possible bad axioms.
[2026-06-25 11:39:06.210] Selected the bad axiom SubClassOf(MedicalDevice-Equipment IncidentType).
[2026-06-25 11:39:06.212] Found 72 possible bad axioms.
[2026-06-25 11:39:06.212] Selected the bad axiom SubClassOf(Fall ObjectSomeValuesFrom(hasOutcome ObjectSomeValuesFrom(hasParticipant Patient))).
[2026-06-25 11:39:06.215] Found 71 possible bad axioms.
[2026-06-25 11:39:06.215] Selected the bad axiom SubClassOf(SkinTear TypeOfHarm).
[2026-06-25 11:39:06.218] Found 70 possible bad axioms.
[2026-06-25 11:39:06.218] Selected the bad axiom SubClassOf(Fall IncidentType).
[2026-06-25 11:39:06.221] Found 69 possible bad axioms.
[2026-06-25 11:39:06.221] Selected the bad axiom SubClassOf(Treatment Action).
[2026-06-25 11:39:06.227] Found 68 possible bad axioms.
[2026-06-25 11:39:06.228] Selected the bad axiom SubClassOf(MonitoringDevice Device/Equipment).
[2026-06-25 11:39:06.235] Found 67 possible bad axioms.
[2026-06-25 11:39:06.235] Selected the bad axiom ClassAssertion(PatientActivity slip_down).
[2026-06-25 11:39:06.236] Found 66 possible bad axioms.
[2026-06-25 11:39:06.236] Selected the bad axiom ObjectPropertyAssertion(causes slip_down skin_tear).
[2026-06-25 11:39:06.237] Found 65 possible bad axioms.
[2026-06-25 11:39:06.237] Selected the bad axiom SubClassOf(InjuryAssessment Assessment).
[2026-06-25 11:39:06.239] Found 64 possible bad axioms.
[2026-06-25 11:39:06.239] Selected the bad axiom SubClassOf(Delay ErrorType).
[2026-06-25 11:39:06.242] Found 63 possible bad axioms.
[2026-06-25 11:39:06.242] Selected the bad axiom SubClassOf(ErrorType IncidentCharacteristic).
[2026-06-25 11:39:06.244] Found 62 possible bad axioms.
[2026-06-
...[truncated]
SUCCESS: attempt=70 seed=979847 success_count=35/100
progress: ontology=MEDEON attempt=70 success=35/100
----- MEDEON attempt=71 seed=994047 at 2026-06-25 11:39:29 -----
--- stdout ---
{"seed":994047,"run_id":"20260624134028346645","trial_status":"success","error_type":null,"failure_stage":null,"error_message":null,"iic_values":{"B1_vs_A1":0.19753086419753085,"B1_vs_A2":0.0,"B1_vs_A3":0.0,"B2_vs_A1":1.0,"B2_vs_A2":0.5,"B2_vs_A3":1.0,"B3_vs_A1":0.20253164556962025,"B3_vs_A2":0.0,"B3_vs_A3":0.5,"B4_vs_A1":1.0,"B4_vs_A2":0.5,"B4_vs_A3":1.0,"B5_vs_A1":1.0,"B5_vs_A2":0.5,"B5_vs_A3":1.0,"B6_vs_A1":1.0,"B6_vs_A2":0.5,"B6_vs_A3":1.0,"B7_vs_A1":1.0,"B7_vs_A2":0.5,"B7_vs_A3":1.0,"B8_vs_A1":1.0,"B8_vs_A2":0.5,"B8_vs_A3":1.0,"B9_vs_A1":1.0,"B9_vs_A2":0.5,"B9_vs_A3":1.0},"repair_runtimes_ms":{"A1":77,"A2":1235,"A3":301,"B1":244,"B2":751,"B3":3450,"B4":293,"B5":7749,"B6":1058,"B7":154,"B8":1775,"B9":1216}}

--- stderr ---
SingleTrialExperiment starting: ontology=/workspaces/ontologyutils-ekaw26/repair-power-index-replication-ekaw26/ontologies/inconsistent/MEDEON.owl, seed=994047, run_id=20260624134028346645
Loaded ontology.
Normalizing ontology with SROIQ normalization...
Normalized ontology with SROIQ normalization.
Ontology is already inconsistent, skipping make-inconsistent step.
Repairing with A1 (random-removal)...
[2026-06-25 11:39:29.502] Checking precondition...
[2026-06-25 11:39:29.518] Starting the repair...
[2026-06-25 11:39:29.525] Found 78 possible bad axioms.
[2026-06-25 11:39:29.526] Selected the bad axiom ClassAssertion(PatientActivity slip_down).
[2026-06-25 11:39:29.529] Found 77 possible bad axioms.
[2026-06-25 11:39:29.529] Selected the bad axiom ObjectPropertyAssertion(hasParticipant fracture pt).
[2026-06-25 11:39:29.530] Found 76 possible bad axioms.
[2026-06-25 11:39:29.531] Selected the bad axiom SubClassOf(Delay ErrorType).
[2026-06-25 11:39:29.536] Found 75 possible bad axioms.
[2026-06-25 11:39:29.536] Selected the bad axiom SubClassOf(ErrorType IncidentCharacteristic).
[2026-06-25 11:39:29.541] Found 74 possible bad axioms.
[2026-06-25 11:39:29.541] Selected the bad axiom SubClassOf(DeviceType DeviceCharacteristic).
[2026-06-25 11:39:29.546] Found 73 possible bad axioms.
[2026-06-25 11:39:29.546] Selected the bad axiom SubClassOf(Resource-OrganizationalManagement IncidentType).
[2026-06-25 11:39:29.550] Found 72 possible bad axioms.
[2026-06-25 11:39:29.550] Selected the bad axiom ObjectPropertyAssertion(hasOutcome patient_fall skin_tear).
[2026-06-25 11:39:29.551] Found 71 possible bad axioms.
[2026-06-25 11:39:29.551] Selected the bad axiom SubClassOf(TypeOfHarm PatientOutcome).
[2026-06-25 11:39:29.554] Found 70 possible bad axioms.
[2026-06-25 11:39:29.554] Selected the bad axiom SubClassOf(DeviceName DeviceCharacteristic).
[2026-06-25 11:39:29.557] Found 69 possible bad axioms.
[2026-06-25 11:39:29.557] Selected the bad axiom SubClassOf(MonitoringDevice Device/Equipment).
[2026-06-25 11:39:29.560] Found 68 possible bad axioms.
[2026-06-25 11:39:29.560] Selected the bad axiom SubClassOf(Social/EconomicalImpact PatientOutcome).
[2026-06-25 11:39:29.569] Found 67 possible bad axioms.
[2026-06-25 11:39:29.570] Selected the bad axiom SubClassOf(ObjectSomeValuesFrom(hasOutcome ObjectSomeValuesFrom(hasParticipant Patient)) Fall).
[2026-06-25 11:39:29.574] Found 66 possible bad axioms.
[2026-06-25 11:39:29.574] Selected the bad axiom ClassAssertion(Patient pt).
[2026-06-25 11:39:29.575] Finished repairing the ontology.
Repairing with A2 (not-in-largest-mcs-removal)...
[2026-06-25 11:39:29.576] Checking precondition...
[2026-06-25 11:39:29.590] Starting the repair...
[2026-06-25 11:39:30.808] Found 2 possible bad axioms.
[2026-06-25 11:39:30.808] Selected the bad axiom ClassAssertion(Patient pt).
[2026-06-25 11:39:30.810] Finished repairing the ontology.
Repairing with A3 (default-weakening)...
[2026-06-25 11:39:30.812] Checking preconditi
...[truncated]
SUCCESS: attempt=71 seed=994047 success_count=36/100
progress: ontology=MEDEON attempt=71 success=36/100
----- MEDEON attempt=72 seed=1008247 at 2026-06-25 11:39:48 -----
--- stdout ---
{"seed":1008247,"run_id":"20260624134028346645","trial_status":"time_limit_exceeded","error_type":"timeout","failure_stage":"B4","error_message":"Repair timeout: B4 exceeded 300 seconds","iic_values":{},"repair_runtimes_ms":{"A1":53,"A2":1232,"A3":507,"B1":241,"B2":1254,"B3":3411,"B4":300002}}

--- stderr ---
SingleTrialExperiment starting: ontology=/workspaces/ontologyutils-ekaw26/repair-power-index-replication-ekaw26/ontologies/inconsistent/MEDEON.owl, seed=1008247, run_id=20260624134028346645
Loaded ontology.
Normalizing ontology with SROIQ normalization...
Normalized ontology with SROIQ normalization.
Ontology is already inconsistent, skipping make-inconsistent step.
Repairing with A1 (random-removal)...
[2026-06-25 11:39:48.592] Checking precondition...
[2026-06-25 11:39:48.608] Starting the repair...
[2026-06-25 11:39:48.614] Found 78 possible bad axioms.
[2026-06-25 11:39:48.616] Selected the bad axiom SubClassOf(Blood-BloodProduct IncidentType).
[2026-06-25 11:39:48.621] Found 77 possible bad axioms.
[2026-06-25 11:39:48.622] Selected the bad axiom SubClassOf(UseError ErrorType).
[2026-06-25 11:39:48.626] Found 76 possible bad axioms.
[2026-06-25 11:39:48.626] Selected the bad axiom SubClassOf(CheckDevice StuffActivity).
[2026-06-25 11:39:48.631] Found 75 possible bad axioms.
[2026-06-25 11:39:48.631] Selected the bad axiom SubClassOf(ChangeOfInstrument MitigatingFactor).
[2026-06-25 11:39:48.634] Found 74 possible bad axioms.
[2026-06-25 11:39:48.634] Selected the bad axiom SubClassOf(Management Action).
[2026-06-25 11:39:48.637] Found 73 possible bad axioms.
[2026-06-25 11:39:48.637] Selected the bad axiom SubClassOf(Fall ObjectSomeValuesFrom(involvesActivity owl:Nothing)).
[2026-06-25 11:39:48.640] Finished repairing the ontology.
Repairing with A2 (not-in-largest-mcs-removal)...
[2026-06-25 11:39:48.641] Checking precondition...
[2026-06-25 11:39:48.647] Starting the repair...
[2026-06-25 11:39:49.872] Found 2 possible bad axioms.
[2026-06-25 11:39:49.873] Selected the bad axiom SubClassOf(Fall ObjectSomeValuesFrom(involvesActivity owl:Nothing)).
[2026-06-25 11:39:49.873] Finished repairing the ontology.
Repairing with A3 (default-weakening)...
[2026-06-25 11:39:49.874] Checking precondition...
[2026-06-25 11:39:49.877] Starting the repair...
[2026-06-25 11:39:49.887] Selected a reference ontology with 152 axioms.
[2026-06-25 11:39:50.124] Selected the bad axiom ClassAssertion(Patient pt).
[2026-06-25 11:39:50.144] Selected the weaker axiom ClassAssertion(Person pt).
[2026-06-25 11:39:50.341] Selected the bad axiom SubClassOf(Fall ObjectSomeValuesFrom(involvesActivity owl:Nothing)).
[2026-06-25 11:39:50.380] Selected the weaker axiom SubClassOf(Fall ClinicalAdministration).
[2026-06-25 11:39:50.381] Finished repairing the ontology.
Repairing with B1 (bad-in_some_mus-weaker-random)...
[2026-06-25 11:39:50.382] Checking precondition...
[2026-06-25 11:39:50.383] Starting the repair...
[2026-06-25 11:39:50.392] Selected a reference ontology with 150 axioms.
[2026-06-25 11:39:50.579] Selected the bad axiom SubClassOf(Fall ObjectSomeValuesFrom(involvesActivity owl:Nothing)).
[2026-06-25 11:39:50.621] Selected the weaker axiom SubClassOf(Fall UseError).
[2026-06-25 11:39:50.623] Finished repairing the ontology.
Repairing with B2 (bad-in_some_mus-
...[truncated]
FAIL: attempt=72 seed=1008247 status=time_limit_exceeded stage=B4 message=Repair timeout: B4 exceeded 300 seconds
progress: ontology=MEDEON attempt=72 success=36/100
----- MEDEON attempt=73 seed=1022447 at 2026-06-25 11:44:55 -----
--- stdout ---
{"seed":1022447,"run_id":"20260624134028346645","trial_status":"success","error_type":null,"failure_stage":null,"error_message":null,"iic_values":{"B1_vs_A1":0.3229166666666667,"B1_vs_A2":0.5,"B1_vs_A3":0.0,"B2_vs_A1":0.32978723404255317,"B2_vs_A2":1.0,"B2_vs_A3":0.5,"B3_vs_A1":0.32978723404255317,"B3_vs_A2":1.0,"B3_vs_A3":0.5,"B4_vs_A1":1.0,"B4_vs_A2":1.0,"B4_vs_A3":1.0,"B5_vs_A1":1.0,"B5_vs_A2":1.0,"B5_vs_A3":1.0,"B6_vs_A1":1.0,"B6_vs_A2":1.0,"B6_vs_A3":1.0,"B7_vs_A1":1.0,"B7_vs_A2":1.0,"B7_vs_A3":1.0,"B8_vs_A1":1.0,"B8_vs_A2":1.0,"B8_vs_A3":1.0,"B9_vs_A1":1.0,"B9_vs_A2":1.0,"B9_vs_A3":1.0},"repair_runtimes_ms":{"A1":112,"A2":1188,"A3":311,"B1":272,"B2":4585,"B3":3313,"B4":165,"B5":7355,"B6":1120,"B7":183,"B8":7887,"B9":6495}}

--- stderr ---
SingleTrialExperiment starting: ontology=/workspaces/ontologyutils-ekaw26/repair-power-index-replication-ekaw26/ontologies/inconsistent/MEDEON.owl, seed=1022447, run_id=20260624134028346645
Loaded ontology.
Normalizing ontology with SROIQ normalization...
Normalized ontology with SROIQ normalization.
Ontology is already inconsistent, skipping make-inconsistent step.
Repairing with A1 (random-removal)...
[2026-06-25 11:44:55.743] Checking precondition...
[2026-06-25 11:44:55.760] Starting the repair...
[2026-06-25 11:44:55.766] Found 78 possible bad axioms.
[2026-06-25 11:44:55.767] Selected the bad axiom SubClassOf(Documentation IncidentType).
[2026-06-25 11:44:55.773] Found 77 possible bad axioms.
[2026-06-25 11:44:55.773] Selected the bad axiom ClassAssertion(PatientActivity slip_down).
[2026-06-25 11:44:55.775] Found 76 possible bad axioms.
[2026-06-25 11:44:55.775] Selected the bad axiom SubClassOf(Therapy Action).
[2026-06-25 11:44:55.779] Found 75 possible bad axioms.
[2026-06-25 11:44:55.780] Selected the bad axiom SubClassOf(Site PatientOutcome).
[2026-06-25 11:44:55.784] Found 74 possible bad axioms.
[2026-06-25 11:44:55.784] Selected the bad axiom SubClassOf(Fall ObjectSomeValuesFrom(hasOutcome ObjectSomeValuesFrom(hasParticipant Patient))).
[2026-06-25 11:44:55.787] Found 73 possible bad axioms.
[2026-06-25 11:44:55.787] Selected the bad axiom SubClassOf(DegreeOfHarm PatientOutcome).
[2026-06-25 11:44:55.790] Found 72 possible bad axioms.
[2026-06-25 11:44:55.791] Selected the bad axiom SubClassOf(StopUse MitigatingFactor).
[2026-06-25 11:44:55.794] Found 71 possible bad axioms.
[2026-06-25 11:44:55.794] Selected the bad axiom SubClassOf(SkinTear TypeOfHarm).
[2026-06-25 11:44:55.796] Found 70 possible bad axioms.
[2026-06-25 11:44:55.796] Selected the bad axiom SubClassOf(Process IncidentCharacteristic).
[2026-06-25 11:44:55.799] Found 69 possible bad axioms.
[2026-06-25 11:44:55.799] Selected the bad axiom SubClassOf(DeviceName DeviceCharacteristic).
[2026-06-25 11:44:55.807] Found 68 possible bad axioms.
[2026-06-25 11:44:55.807] Selected the bad axiom SubClassOf(UseError ErrorType).
[2026-06-25 11:44:55.809] Found 67 possible bad axioms.
[2026-06-25 11:44:55.810] Selected the bad axiom SubClassOf(InjuryAssessment Assessment).
[2026-06-25 11:44:55.816] Found 66 possible bad axioms.
[2026-06-25 11:44:55.816] Selected the bad axiom ObjectPropertyAssertion(hasOutcome patient_fall skin_tear).
[2026-06-25 11:44:55.817] Found 65 possible bad axioms.
[2026-06-25 11:44:55.817] Selected the bad axiom SubClassOf(Blood-BloodProduct IncidentType).
[2026-06-25 11:44:55.819] Found 64 possible bad axioms.
[2026-06-25 11:44:55.819] Selected the bad axiom SubClassOf(RiskAssessment Assessment).
[2026-06-25 11:44:55.822] Found 63 possible bad axioms.
[2026-06-25 11:44:55.822] Selected the bad axiom SubClassOf(StateOfCare TemporalInfo).
[2026-06-25 11:44:55.825] Found 62 possible bad axioms.
[2026-06-25 11:44:55.825] Selected the bad axiom SubClassOf(P
...[truncated]
SUCCESS: attempt=73 seed=1022447 success_count=37/100
progress: ontology=MEDEON attempt=73 success=37/100
----- MEDEON attempt=74 seed=1036647 at 2026-06-25 11:45:29 -----
--- stdout ---
{"seed":1036647,"run_id":"20260624134028346645","trial_status":"success","error_type":null,"failure_stage":null,"error_message":null,"iic_values":{"B1_vs_A1":1.0,"B1_vs_A2":1.0,"B1_vs_A3":1.0,"B2_vs_A1":1.0,"B2_vs_A2":1.0,"B2_vs_A3":0.5,"B3_vs_A1":1.0,"B3_vs_A2":1.0,"B3_vs_A3":0.5,"B4_vs_A1":1.0,"B4_vs_A2":1.0,"B4_vs_A3":1.0,"B5_vs_A1":1.0,"B5_vs_A2":1.0,"B5_vs_A3":1.0,"B6_vs_A1":1.0,"B6_vs_A2":1.0,"B6_vs_A3":1.0,"B7_vs_A1":1.0,"B7_vs_A2":1.0,"B7_vs_A3":1.0,"B8_vs_A1":1.0,"B8_vs_A2":1.0,"B8_vs_A3":1.0,"B9_vs_A1":1.0,"B9_vs_A2":1.0,"B9_vs_A3":1.0},"repair_runtimes_ms":{"A1":141,"A2":1175,"A3":659,"B1":403,"B2":4710,"B3":3505,"B4":203,"B5":7777,"B6":5276,"B7":203,"B8":7630,"B9":5651}}

--- stderr ---
SingleTrialExperiment starting: ontology=/workspaces/ontologyutils-ekaw26/repair-power-index-replication-ekaw26/ontologies/inconsistent/MEDEON.owl, seed=1036647, run_id=20260624134028346645
Loaded ontology.
Normalizing ontology with SROIQ normalization...
Normalized ontology with SROIQ normalization.
Ontology is already inconsistent, skipping make-inconsistent step.
Repairing with A1 (random-removal)...
[2026-06-25 11:45:29.534] Checking precondition...
[2026-06-25 11:45:29.550] Starting the repair...
[2026-06-25 11:45:29.557] Found 78 possible bad axioms.
[2026-06-25 11:45:29.558] Selected the bad axiom SubClassOf(Infrastructure-Building-Fixture IncidentType).
[2026-06-25 11:45:29.564] Found 77 possible bad axioms.
[2026-06-25 11:45:29.565] Selected the bad axiom SubClassOf(Documentation IncidentType).
[2026-06-25 11:45:29.569] Found 76 possible bad axioms.
[2026-06-25 11:45:29.569] Selected the bad axiom SubClassOf(Oxigen-GasVapour IncidentType).
[2026-06-25 11:45:29.573] Found 75 possible bad axioms.
[2026-06-25 11:45:29.574] Selected the bad axiom SubClassOf(PatientActivity Activity).
[2026-06-25 11:45:29.577] Found 74 possible bad axioms.
[2026-06-25 11:45:29.577] Selected the bad axiom SubClassOf(Pathology-Laboratory IncidentType).
[2026-06-25 11:45:29.580] Found 73 possible bad axioms.
[2026-06-25 11:45:29.580] Selected the bad axiom ClassAssertion(TypeOfHarm fracture).
[2026-06-25 11:45:29.582] Found 72 possible bad axioms.
[2026-06-25 11:45:29.582] Selected the bad axiom ClassAssertion(PatientActivity slip_down).
[2026-06-25 11:45:29.583] Found 71 possible bad axioms.
[2026-06-25 11:45:29.583] Selected the bad axiom SubClassOf(PhysicalCondition PatientCharacteristic).
[2026-06-25 11:45:29.588] Found 70 possible bad axioms.
[2026-06-25 11:45:29.588] Selected the bad axiom SubClassOf(Social/EconomicalImpact PatientOutcome).
[2026-06-25 11:45:29.590] Found 69 possible bad axioms.
[2026-06-25 11:45:29.590] Selected the bad axiom SubClassOf(IncidentHistory PatientCharacteristic).
[2026-06-25 11:45:29.593] Found 68 possible bad axioms.
[2026-06-25 11:45:29.593] Selected the bad axiom SubClassOf(StuffActivity Activity).
[2026-06-25 11:45:29.600] Found 67 possible bad axioms.
[2026-06-25 11:45:29.600] Selected the bad axiom SubClassOf(Nutrition IncidentType).
[2026-06-25 11:45:29.603] Found 66 possible bad axioms.
[2026-06-25 11:45:29.603] Selected the bad axiom SubClassOf(Site PatientOutcome).
[2026-06-25 11:45:29.610] Found 65 possible bad axioms.
[2026-06-25 11:45:29.610] Selected the bad axiom SubClassOf(Defect ErrorType).
[2026-06-25 11:45:29.613] Found 64 possible bad axioms.
[2026-06-25 11:45:29.613] Selected the bad axiom ObjectPropertyAssertion(involvesActivity patient_fall slip_down).
[2026-06-25 11:45:29.613] Found 63 possible bad axioms.
[2026-06-25 11:45:29.614] Selected the bad axiom SubClassOf(NotifyManufacturer MitigatingFactor).
[2026-06-25 11:45:29.616] Found 62 possible bad axioms.
[2026-06-25 11:45:29.616] Selected the bad ax
...[truncated]
SUCCESS: attempt=74 seed=1036647 success_count=38/100
progress: ontology=MEDEON attempt=74 success=38/100
----- MEDEON attempt=75 seed=1050847 at 2026-06-25 11:46:10 -----
--- stdout ---
{"seed":1050847,"run_id":"20260624134028346645","trial_status":"time_limit_exceeded","error_type":"timeout","failure_stage":"B4","error_message":"Repair timeout: B4 exceeded 300 seconds","iic_values":{},"repair_runtimes_ms":{"A1":86,"A2":1203,"A3":317,"B1":424,"B2":726,"B3":3530,"B4":300001}}

--- stderr ---
SingleTrialExperiment starting: ontology=/workspaces/ontologyutils-ekaw26/repair-power-index-replication-ekaw26/ontologies/inconsistent/MEDEON.owl, seed=1050847, run_id=20260624134028346645
Loaded ontology.
Normalizing ontology with SROIQ normalization...
Normalized ontology with SROIQ normalization.
Ontology is already inconsistent, skipping make-inconsistent step.
Repairing with A1 (random-removal)...
[2026-06-25 11:46:10.898] Checking precondition...
[2026-06-25 11:46:10.914] Starting the repair...
[2026-06-25 11:46:10.920] Found 78 possible bad axioms.
[2026-06-25 11:46:10.921] Selected the bad axiom SubClassOf(StuffActivity Activity).
[2026-06-25 11:46:10.928] Found 77 possible bad axioms.
[2026-06-25 11:46:10.928] Selected the bad axiom SubClassOf(ObjectSomeValuesFrom(involvesActivity ObjectSomeValuesFrom(hasParticipant Patient)) Fall).
[2026-06-25 11:46:10.933] Found 76 possible bad axioms.
[2026-06-25 11:46:10.933] Selected the bad axiom SubClassOf(DeviceAvailability ErrorType).
[2026-06-25 11:46:10.937] Found 75 possible bad axioms.
[2026-06-25 11:46:10.937] Selected the bad axiom SubClassOf(InjuryAssessment Assessment).
[2026-06-25 11:46:10.941] Found 74 possible bad axioms.
[2026-06-25 11:46:10.941] Selected the bad axiom ClassAssertion(IncidentType patient_fall).
[2026-06-25 11:46:10.942] Found 73 possible bad axioms.
[2026-06-25 11:46:10.942] Selected the bad axiom SubClassOf(DeviceFailure ErrorType).
[2026-06-25 11:46:10.945] Found 72 possible bad axioms.
[2026-06-25 11:46:10.945] Selected the bad axiom SubClassOf(Oxigen-GasVapour IncidentType).
[2026-06-25 11:46:10.948] Found 71 possible bad axioms.
[2026-06-25 11:46:10.948] Selected the bad axiom SubClassOf(Infrastructure-Building-Fixture PatientBehaviour).
[2026-06-25 11:46:10.951] Found 70 possible bad axioms.
[2026-06-25 11:46:10.951] Selected the bad axiom SubClassOf(Medication-IVFluid IncidentType).
[2026-06-25 11:46:10.953] Found 69 possible bad axioms.
[2026-06-25 11:46:10.953] Selected the bad axiom ObjectPropertyAssertion(hasParticipant slip_down pt).
[2026-06-25 11:46:10.954] Found 68 possible bad axioms.
[2026-06-25 11:46:10.954] Selected the bad axiom SubClassOf(ClinicalAdministration IncidentType).
[2026-06-25 11:46:10.961] Found 67 possible bad axioms.
[2026-06-25 11:46:10.961] Selected the bad axiom SubClassOf(StateOfCare TemporalInfo).
[2026-06-25 11:46:10.963] Found 66 possible bad axioms.
[2026-06-25 11:46:10.964] Selected the bad axiom SubClassOf(StopUse MitigatingFactor).
[2026-06-25 11:46:10.970] Found 65 possible bad axioms.
[2026-06-25 11:46:10.970] Selected the bad axiom SubClassOf(PatientActivity Activity).
[2026-06-25 11:46:10.973] Found 64 possible bad axioms.
[2026-06-25 11:46:10.973] Selected the bad axiom SubClassOf(MonitoringDevice Device/Equipment).
[2026-06-25 11:46:10.975] Found 63 possible bad axioms.
[2026-06-25 11:46:10.976] Selected the bad axiom SubClassOf(Fall ObjectSomeValuesFrom(involvesActivity owl:Nothing)).
[2026-06-25 11:46:10.979] Fin
...[truncated]
FAIL: attempt=75 seed=1050847 status=time_limit_exceeded stage=B4 message=Repair timeout: B4 exceeded 300 seconds
progress: ontology=MEDEON attempt=75 success=38/100
----- MEDEON attempt=76 seed=1065047 at 2026-06-25 11:51:17 -----
--- stdout ---
{"seed":1065047,"run_id":"20260624134028346645","trial_status":"time_limit_exceeded","error_type":"timeout","failure_stage":"B7","error_message":"Repair timeout: B7 exceeded 300 seconds","iic_values":{},"repair_runtimes_ms":{"A1":110,"A2":1206,"A3":262,"B1":261,"B2":3299,"B3":3282,"B4":139,"B5":7158,"B6":1247,"B7":300001}}

--- stderr ---
SingleTrialExperiment starting: ontology=/workspaces/ontologyutils-ekaw26/repair-power-index-replication-ekaw26/ontologies/inconsistent/MEDEON.owl, seed=1065047, run_id=20260624134028346645
Loaded ontology.
Normalizing ontology with SROIQ normalization...
Normalized ontology with SROIQ normalization.
Ontology is already inconsistent, skipping make-inconsistent step.
Repairing with A1 (random-removal)...
[2026-06-25 11:51:17.637] Checking precondition...
[2026-06-25 11:51:17.653] Starting the repair...
[2026-06-25 11:51:17.660] Found 78 possible bad axioms.
[2026-06-25 11:51:17.661] Selected the bad axiom SubClassOf(NotifyManufacturer MitigatingFactor).
[2026-06-25 11:51:17.667] Found 77 possible bad axioms.
[2026-06-25 11:51:17.668] Selected the bad axiom SubClassOf(Resource-OrganizationalManagement IncidentType).
[2026-06-25 11:51:17.673] Found 76 possible bad axioms.
[2026-06-25 11:51:17.673] Selected the bad axiom ObjectPropertyAssertion(hasOutcome patient_fall fracture).
[2026-06-25 11:51:17.674] Found 75 possible bad axioms.
[2026-06-25 11:51:17.675] Selected the bad axiom SubClassOf(MedicalDevice-Equipment IncidentType).
[2026-06-25 11:51:17.679] Found 74 possible bad axioms.
[2026-06-25 11:51:17.679] Selected the bad axiom SubClassOf(ImmediateAction Action).
[2026-06-25 11:51:17.682] Found 73 possible bad axioms.
[2026-06-25 11:51:17.682] Selected the bad axiom SubClassOf(HealthcareAssociatedInfection IncidentType).
[2026-06-25 11:51:17.685] Found 72 possible bad axioms.
[2026-06-25 11:51:17.685] Selected the bad axiom ClassAssertion(TypeOfHarm skin_tear).
[2026-06-25 11:51:17.686] Found 71 possible bad axioms.
[2026-06-25 11:51:17.686] Selected the bad axiom SubClassOf(Pathology-Laboratory IncidentType).
[2026-06-25 11:51:17.689] Found 70 possible bad axioms.
[2026-06-25 11:51:17.689] Selected the bad axiom SubClassOf(PhysicalCondition PatientCharacteristic).
[2026-06-25 11:51:17.692] Found 69 possible bad axioms.
[2026-06-25 11:51:17.692] Selected the bad axiom SubClassOf(PressureUlcer IncidentType).
[2026-06-25 11:51:17.698] Found 68 possible bad axioms.
[2026-06-25 11:51:17.699] Selected the bad axiom SubClassOf(CheckDevice StuffActivity).
[2026-06-25 11:51:17.702] Found 67 possible bad axioms.
[2026-06-25 11:51:17.702] Selected the bad axiom SubClassOf(Fall IncidentType).
[2026-06-25 11:51:17.704] Found 66 possible bad axioms.
[2026-06-25 11:51:17.705] Selected the bad axiom SubClassOf(AssistiveDevice Device/Equipment).
[2026-06-25 11:51:17.711] Found 65 possible bad axioms.
[2026-06-25 11:51:17.712] Selected the bad axiom ObjectPropertyAssertion(involvesActivity patient_fall slip_down).
[2026-06-25 11:51:17.712] Found 64 possible bad axioms.
[2026-06-25 11:51:17.713] Selected the bad axiom SubClassOf(DeviceAvailability ErrorType).
[2026-06-25 11:51:17.715] Found 63 possible bad axioms.
[2026-06-25 11:51:17.715] Selected the bad axiom SubClassOf(StateOfCare TemporalInfo).
[2026-06-25 11:51:17.718] Found 62 possible bad axioms.
[2026-0
...[truncated]
FAIL: attempt=76 seed=1065047 status=time_limit_exceeded stage=B7 message=Repair timeout: B7 exceeded 300 seconds
progress: ontology=MEDEON attempt=76 success=38/100
----- MEDEON attempt=77 seed=1079247 at 2026-06-25 11:56:34 -----
--- stdout ---
{"seed":1079247,"run_id":"20260624134028346645","trial_status":"time_limit_exceeded","error_type":"timeout","failure_stage":"B7","error_message":"Repair timeout: B7 exceeded 300 seconds","iic_values":{},"repair_runtimes_ms":{"A1":41,"A2":1261,"A3":308,"B1":401,"B2":4722,"B3":3401,"B4":128,"B5":1757,"B6":5517,"B7":300001}}

--- stderr ---
SingleTrialExperiment starting: ontology=/workspaces/ontologyutils-ekaw26/repair-power-index-replication-ekaw26/ontologies/inconsistent/MEDEON.owl, seed=1079247, run_id=20260624134028346645
Loaded ontology.
Normalizing ontology with SROIQ normalization...
Normalized ontology with SROIQ normalization.
Ontology is already inconsistent, skipping make-inconsistent step.
Repairing with A1 (random-removal)...
[2026-06-25 11:56:35.102] Checking precondition...
[2026-06-25 11:56:35.122] Starting the repair...
[2026-06-25 11:56:35.130] Found 78 possible bad axioms.
[2026-06-25 11:56:35.132] Selected the bad axiom SubClassOf(Fall ObjectSomeValuesFrom(involvesActivity owl:Nothing)).
[2026-06-25 11:56:35.139] Finished repairing the ontology.
Repairing with A2 (not-in-largest-mcs-removal)...
[2026-06-25 11:56:35.140] Checking precondition...
[2026-06-25 11:56:35.148] Starting the repair...
[2026-06-25 11:56:36.400] Found 2 possible bad axioms.
[2026-06-25 11:56:36.400] Selected the bad axiom SubClassOf(Fall ObjectSomeValuesFrom(involvesActivity owl:Nothing)).
[2026-06-25 11:56:36.400] Finished repairing the ontology.
Repairing with A3 (default-weakening)...
[2026-06-25 11:56:36.402] Checking precondition...
[2026-06-25 11:56:36.405] Starting the repair...
[2026-06-25 11:56:36.415] Selected a reference ontology with 152 axioms.
[2026-06-25 11:56:36.625] Selected the bad axiom SubClassOf(Fall ObjectSomeValuesFrom(involvesActivity owl:Nothing)).
[2026-06-25 11:56:36.707] Selected the weaker axiom SubClassOf(Fall ObjectSomeValuesFrom(involvesActivity DeviceType)).
[2026-06-25 11:56:36.708] Finished repairing the ontology.
Repairing with B1 (bad-in_some_mus-weaker-random)...
[2026-06-25 11:56:36.709] Checking precondition...
[2026-06-25 11:56:36.711] Starting the repair...
[2026-06-25 11:56:36.719] Selected a reference ontology with 152 axioms.
[2026-06-25 11:56:36.926] Selected the bad axiom ClassAssertion(Patient pt).
[2026-06-25 11:56:36.932] Selected the weaker axiom ClassAssertion(Person pt).
[2026-06-25 11:56:37.107] Selected the bad axiom ClassAssertion(Person pt).
[2026-06-25 11:56:37.109] Selected the weaker axiom ClassAssertion(owl:Thing pt).
[2026-06-25 11:56:37.110] Finished repairing the ontology.
Repairing with B2 (bad-in_some_mus-weaker-shapley)...
[2026-06-25 11:56:37.112] Checking precondition...
[2026-06-25 11:56:37.113] Starting the repair...
[2026-06-25 11:56:37.122] Selected a reference ontology with 150 axioms.
[2026-06-25 11:56:37.297] Selected the bad axiom SubClassOf(Fall ObjectSomeValuesFrom(involvesActivity owl:Nothing)).
[PowerIndexWeakerAxiomSelector] Scoring 111 candidate weakenings for Fall ⊑ ∃ involvesActivity.⊥
[PowerIndexWeakerAxiomSelector] Selected weaker axiom: Fall ⊑ AssistiveDevice
[2026-06-25 11:56:41.818] Selected the weaker axiom SubClassOf(Fall AssistiveDevice).
[2026-06-25 11:56:41.833] Finished repairing the ontology.
Repairing with B3 (bad-in_some_mus-weaker-banzhaf)...
[2026-06-25 11:56:41.834] Checking precondition..
...[truncated]
FAIL: attempt=77 seed=1079247 status=time_limit_exceeded stage=B7 message=Repair timeout: B7 exceeded 300 seconds
progress: ontology=MEDEON attempt=77 success=38/100
----- MEDEON attempt=78 seed=1093447 at 2026-06-25 12:01:52 -----
--- stdout ---
{"seed":1093447,"run_id":"20260624134028346645","trial_status":"time_limit_exceeded","error_type":"timeout","failure_stage":"B4","error_message":"Repair timeout: B4 exceeded 300 seconds","iic_values":{},"repair_runtimes_ms":{"A1":65,"A2":1247,"A3":323,"B1":398,"B2":3379,"B3":3540,"B4":300001}}

--- stderr ---
SingleTrialExperiment starting: ontology=/workspaces/ontologyutils-ekaw26/repair-power-index-replication-ekaw26/ontologies/inconsistent/MEDEON.owl, seed=1093447, run_id=20260624134028346645
Loaded ontology.
Normalizing ontology with SROIQ normalization...
Normalized ontology with SROIQ normalization.
Ontology is already inconsistent, skipping make-inconsistent step.
Repairing with A1 (random-removal)...
[2026-06-25 12:01:53.128] Checking precondition...
[2026-06-25 12:01:53.144] Starting the repair...
[2026-06-25 12:01:53.151] Found 78 possible bad axioms.
[2026-06-25 12:01:53.152] Selected the bad axiom ClassAssertion(TypeOfHarm skin_tear).
[2026-06-25 12:01:53.154] Found 77 possible bad axioms.
[2026-06-25 12:01:53.155] Selected the bad axiom SubClassOf(DeviceType DeviceCharacteristic).
[2026-06-25 12:01:53.160] Found 76 possible bad axioms.
[2026-06-25 12:01:53.160] Selected the bad axiom ObjectPropertyAssertion(hasParticipant skin_tear pt).
[2026-06-25 12:01:53.161] Found 75 possible bad axioms.
[2026-06-25 12:01:53.161] Selected the bad axiom SubClassOf(ObjectSomeValuesFrom(involvesActivity ObjectSomeValuesFrom(hasParticipant Patient)) Fall).
[2026-06-25 12:01:53.166] Found 74 possible bad axioms.
[2026-06-25 12:01:53.166] Selected the bad axiom SubClassOf(Documentation IncidentType).
[2026-06-25 12:01:53.170] Found 73 possible bad axioms.
[2026-06-25 12:01:53.170] Selected the bad axiom SubClassOf(IncidentHistory PatientCharacteristic).
[2026-06-25 12:01:53.173] Found 72 possible bad axioms.
[2026-06-25 12:01:53.173] Selected the bad axiom SubClassOf(InjuryAssessment Assessment).
[2026-06-25 12:01:53.176] Found 71 possible bad axioms.
[2026-06-25 12:01:53.176] Selected the bad axiom SubClassOf(Pathology-Laboratory IncidentType).
[2026-06-25 12:01:53.178] Found 70 possible bad axioms.
[2026-06-25 12:01:53.178] Selected the bad axiom SubClassOf(Defect ErrorType).
[2026-06-25 12:01:53.181] Found 69 possible bad axioms.
[2026-06-25 12:01:53.181] Selected the bad axiom SubClassOf(TypeOfHarm PatientOutcome).
[2026-06-25 12:01:53.187] Found 68 possible bad axioms.
[2026-06-25 12:01:53.188] Selected the bad axiom ClassAssertion(Patient pt).
[2026-06-25 12:01:53.188] Finished repairing the ontology.
Repairing with A2 (not-in-largest-mcs-removal)...
[2026-06-25 12:01:53.189] Checking precondition...
[2026-06-25 12:01:53.195] Starting the repair...
[2026-06-25 12:01:54.434] Found 2 possible bad axioms.
[2026-06-25 12:01:54.435] Selected the bad axiom ClassAssertion(Patient pt).
[2026-06-25 12:01:54.436] Finished repairing the ontology.
Repairing with A3 (default-weakening)...
[2026-06-25 12:01:54.438] Checking precondition...
[2026-06-25 12:01:54.441] Starting the repair...
[2026-06-25 12:01:54.450] Selected a reference ontology with 152 axioms.
[2026-06-25 12:01:54.685] Selected the bad axiom SubClassOf(Fall ObjectSomeValuesFrom(involvesActivity owl:Nothing)).
[2026-06-25 12:01:54.757] Selected the weaker axiom SubClassOf(Fall ObjectSomeValuesFrom(in
...[truncated]
FAIL: attempt=78 seed=1093447 status=time_limit_exceeded stage=B4 message=Repair timeout: B4 exceeded 300 seconds
progress: ontology=MEDEON attempt=78 success=38/100
----- MEDEON attempt=79 seed=1107647 at 2026-06-25 12:07:02 -----
--- stdout ---
{"seed":1107647,"run_id":"20260624134028346645","trial_status":"time_limit_exceeded","error_type":"timeout","failure_stage":"B4","error_message":"Repair timeout: B4 exceeded 300 seconds","iic_values":{},"repair_runtimes_ms":{"A1":79,"A2":1222,"A3":330,"B1":438,"B2":4896,"B3":3446,"B4":300001}}

--- stderr ---
SingleTrialExperiment starting: ontology=/workspaces/ontologyutils-ekaw26/repair-power-index-replication-ekaw26/ontologies/inconsistent/MEDEON.owl, seed=1107647, run_id=20260624134028346645
Loaded ontology.
Normalizing ontology with SROIQ normalization...
Normalized ontology with SROIQ normalization.
Ontology is already inconsistent, skipping make-inconsistent step.
Repairing with A1 (random-removal)...
[2026-06-25 12:07:02.520] Checking precondition...
[2026-06-25 12:07:02.537] Starting the repair...
[2026-06-25 12:07:02.544] Found 78 possible bad axioms.
[2026-06-25 12:07:02.545] Selected the bad axiom SubClassOf(Treatment Action).
[2026-06-25 12:07:02.551] Found 77 possible bad axioms.
[2026-06-25 12:07:02.551] Selected the bad axiom SubClassOf(Management Action).
[2026-06-25 12:07:02.557] Found 76 possible bad axioms.
[2026-06-25 12:07:02.557] Selected the bad axiom SubClassOf(Process IncidentCharacteristic).
[2026-06-25 12:07:02.561] Found 75 possible bad axioms.
[2026-06-25 12:07:02.561] Selected the bad axiom SubClassOf(IncidentHistory PatientCharacteristic).
[2026-06-25 12:07:02.564] Found 74 possible bad axioms.
[2026-06-25 12:07:02.565] Selected the bad axiom SubClassOf(MonitoringDevice Device/Equipment).
[2026-06-25 12:07:02.567] Found 73 possible bad axioms.
[2026-06-25 12:07:02.568] Selected the bad axiom SubClassOf(ClinicalProcess IncidentType).
[2026-06-25 12:07:02.570] Found 72 possible bad axioms.
[2026-06-25 12:07:02.571] Selected the bad axiom SubClassOf(Blood-BloodProduct IncidentType).
[2026-06-25 12:07:02.574] Found 71 possible bad axioms.
[2026-06-25 12:07:02.574] Selected the bad axiom SubClassOf(Documentation IncidentType).
[2026-06-25 12:07:02.577] Found 70 possible bad axioms.
[2026-06-25 12:07:02.577] Selected the bad axiom SubClassOf(PressureUlcer IncidentType).
[2026-06-25 12:07:02.584] Found 69 possible bad axioms.
[2026-06-25 12:07:02.584] Selected the bad axiom SubClassOf(DeviceFailure ErrorType).
[2026-06-25 12:07:02.587] Found 68 possible bad axioms.
[2026-06-25 12:07:02.587] Selected the bad axiom ClassAssertion(PatientActivity slip_down).
[2026-06-25 12:07:02.588] Found 67 possible bad axioms.
[2026-06-25 12:07:02.588] Selected the bad axiom SubClassOf(Fall ObjectSomeValuesFrom(involvesActivity owl:Nothing)).
[2026-06-25 12:07:02.595] Finished repairing the ontology.
Repairing with A2 (not-in-largest-mcs-removal)...
[2026-06-25 12:07:02.596] Checking precondition...
[2026-06-25 12:07:02.602] Starting the repair...
[2026-06-25 12:07:03.817] Found 2 possible bad axioms.
[2026-06-25 12:07:03.817] Selected the bad axiom ClassAssertion(Patient pt).
[2026-06-25 12:07:03.818] Finished repairing the ontology.
Repairing with A3 (default-weakening)...
[2026-06-25 12:07:03.820] Checking precondition...
[2026-06-25 12:07:03.822] Starting the repair...
[2026-06-25 12:07:03.838] Selected a reference ontology with 150 axioms.
[2026-06-25 12:07:04.059] Selected the bad axiom SubClassOf(Fall ObjectSomeValuesFrom(involvesActivi
...[truncated]
FAIL: attempt=79 seed=1107647 status=time_limit_exceeded stage=B4 message=Repair timeout: B4 exceeded 300 seconds
progress: ontology=MEDEON attempt=79 success=38/100
----- MEDEON attempt=80 seed=1121847 at 2026-06-25 12:12:13 -----
--- stdout ---
{"seed":1121847,"run_id":"20260624134028346645","trial_status":"time_limit_exceeded","error_type":"timeout","failure_stage":"B4","error_message":"Repair timeout: B4 exceeded 300 seconds","iic_values":{},"repair_runtimes_ms":{"A1":56,"A2":1227,"A3":335,"B1":242,"B2":4595,"B3":3455,"B4":300002}}

--- stderr ---
SingleTrialExperiment starting: ontology=/workspaces/ontologyutils-ekaw26/repair-power-index-replication-ekaw26/ontologies/inconsistent/MEDEON.owl, seed=1121847, run_id=20260624134028346645
Loaded ontology.
Normalizing ontology with SROIQ normalization...
Normalized ontology with SROIQ normalization.
Ontology is already inconsistent, skipping make-inconsistent step.
Repairing with A1 (random-removal)...
[2026-06-25 12:12:13.410] Checking precondition...
[2026-06-25 12:12:13.426] Starting the repair...
[2026-06-25 12:12:13.432] Found 78 possible bad axioms.
[2026-06-25 12:12:13.434] Selected the bad axiom SubClassOf(Site PatientOutcome).
[2026-06-25 12:12:13.439] Found 77 possible bad axioms.
[2026-06-25 12:12:13.439] Selected the bad axiom ClassAssertion(TypeOfHarm fracture).
[2026-06-25 12:12:13.441] Found 76 possible bad axioms.
[2026-06-25 12:12:13.441] Selected the bad axiom SubClassOf(PatientAccident IncidentType).
[2026-06-25 12:12:13.447] Found 75 possible bad axioms.
[2026-06-25 12:12:13.447] Selected the bad axiom SubClassOf(Documentation IncidentType).
[2026-06-25 12:12:13.452] Found 74 possible bad axioms.
[2026-06-25 12:12:13.452] Selected the bad axiom SubClassOf(HealthcareAssociatedInfection IncidentType).
[2026-06-25 12:12:13.455] Found 73 possible bad axioms.
[2026-06-25 12:12:13.456] Selected the bad axiom SubClassOf(Pathology-Laboratory IncidentType).
[2026-06-25 12:12:13.459] Found 72 possible bad axioms.
[2026-06-25 12:12:13.459] Selected the bad axiom SubClassOf(Fall ObjectSomeValuesFrom(involvesActivity owl:Nothing)).
[2026-06-25 12:12:13.462] Finished repairing the ontology.
Repairing with A2 (not-in-largest-mcs-removal)...
[2026-06-25 12:12:13.463] Checking precondition...
[2026-06-25 12:12:13.469] Starting the repair...
[2026-06-25 12:12:14.690] Found 2 possible bad axioms.
[2026-06-25 12:12:14.690] Selected the bad axiom SubClassOf(Fall ObjectSomeValuesFrom(involvesActivity owl:Nothing)).
[2026-06-25 12:12:14.690] Finished repairing the ontology.
Repairing with A3 (default-weakening)...
[2026-06-25 12:12:14.692] Checking precondition...
[2026-06-25 12:12:14.695] Starting the repair...
[2026-06-25 12:12:14.709] Selected a reference ontology with 150 axioms.
[2026-06-25 12:12:14.948] Selected the bad axiom SubClassOf(Fall ObjectSomeValuesFrom(involvesActivity owl:Nothing)).
[2026-06-25 12:12:15.024] Selected the weaker axiom SubClassOf(Fall RiskAssessment).
[2026-06-25 12:12:15.026] Finished repairing the ontology.
Repairing with B1 (bad-in_some_mus-weaker-random)...
[2026-06-25 12:12:15.026] Checking precondition...
[2026-06-25 12:12:15.028] Starting the repair...
[2026-06-25 12:12:15.039] Selected a reference ontology with 150 axioms.
[2026-06-25 12:12:15.226] Selected the bad axiom SubClassOf(Fall ObjectSomeValuesFrom(involvesActivity owl:Nothing)).
[2026-06-25 12:12:15.266] Selected the weaker axiom SubClassOf(Fall Pathology-Laboratory).
[2026-06-25 12:12:15.268] Finished repairing the ontology.
Repairing with B2 (bad-
...[truncated]
FAIL: attempt=80 seed=1121847 status=time_limit_exceeded stage=B4 message=Repair timeout: B4 exceeded 300 seconds
progress: ontology=MEDEON attempt=80 success=38/100
----- MEDEON attempt=81 seed=1136047 at 2026-06-25 12:17:23 -----
--- stdout ---
{"seed":1136047,"run_id":"20260624134028346645","trial_status":"success","error_type":null,"failure_stage":null,"error_message":null,"iic_values":{"B1_vs_A1":1.0,"B1_vs_A2":0.5,"B1_vs_A3":0.5,"B2_vs_A1":1.0,"B2_vs_A2":0.5,"B2_vs_A3":0.5,"B3_vs_A1":1.0,"B3_vs_A2":0.5,"B3_vs_A3":0.5,"B4_vs_A1":1.0,"B4_vs_A2":0.5,"B4_vs_A3":0.5,"B5_vs_A1":1.0,"B5_vs_A2":0.5,"B5_vs_A3":0.5,"B6_vs_A1":1.0,"B6_vs_A2":0.5,"B6_vs_A3":0.5,"B7_vs_A1":1.0,"B7_vs_A2":0.5,"B7_vs_A3":0.5,"B8_vs_A1":1.0,"B8_vs_A2":0.5,"B8_vs_A3":0.5,"B9_vs_A1":1.0,"B9_vs_A2":0.5,"B9_vs_A3":0.5},"repair_runtimes_ms":{"A1":44,"A2":1242,"A3":460,"B1":389,"B2":3385,"B3":2083,"B4":158,"B5":7851,"B6":1174,"B7":110,"B8":1692,"B9":5609}}

--- stderr ---
SingleTrialExperiment starting: ontology=/workspaces/ontologyutils-ekaw26/repair-power-index-replication-ekaw26/ontologies/inconsistent/MEDEON.owl, seed=1136047, run_id=20260624134028346645
Loaded ontology.
Normalizing ontology with SROIQ normalization...
Normalized ontology with SROIQ normalization.
Ontology is already inconsistent, skipping make-inconsistent step.
Repairing with A1 (random-removal)...
[2026-06-25 12:17:23.810] Checking precondition...
[2026-06-25 12:17:23.826] Starting the repair...
[2026-06-25 12:17:23.833] Found 78 possible bad axioms.
[2026-06-25 12:17:23.834] Selected the bad axiom SubClassOf(CheckDevice StuffActivity).
[2026-06-25 12:17:23.840] Found 77 possible bad axioms.
[2026-06-25 12:17:23.840] Selected the bad axiom SubClassOf(MentalStatus PhysicalCondition).
[2026-06-25 12:17:23.845] Found 76 possible bad axioms.
[2026-06-25 12:17:23.846] Selected the bad axiom SubClassOf(Fall ObjectSomeValuesFrom(involvesActivity owl:Nothing)).
[2026-06-25 12:17:23.851] Finished repairing the ontology.
Repairing with A2 (not-in-largest-mcs-removal)...
[2026-06-25 12:17:23.852] Checking precondition...
[2026-06-25 12:17:23.858] Starting the repair...
[2026-06-25 12:17:25.091] Found 2 possible bad axioms.
[2026-06-25 12:17:25.092] Selected the bad axiom ClassAssertion(Patient pt).
[2026-06-25 12:17:25.093] Finished repairing the ontology.
Repairing with A3 (default-weakening)...
[2026-06-25 12:17:25.095] Checking precondition...
[2026-06-25 12:17:25.097] Starting the repair...
[2026-06-25 12:17:25.106] Selected a reference ontology with 152 axioms.
[2026-06-25 12:17:25.326] Selected the bad axiom ClassAssertion(Patient pt).
[2026-06-25 12:17:25.348] Selected the weaker axiom ClassAssertion(Person pt).
[2026-06-25 12:17:25.550] Selected the bad axiom ClassAssertion(Person pt).
[2026-06-25 12:17:25.552] Selected the weaker axiom ClassAssertion(owl:Thing pt).
[2026-06-25 12:17:25.554] Finished repairing the ontology.
Repairing with B1 (bad-in_some_mus-weaker-random)...
[2026-06-25 12:17:25.555] Checking precondition...
[2026-06-25 12:17:25.556] Starting the repair...
[2026-06-25 12:17:25.564] Selected a reference ontology with 152 axioms.
[2026-06-25 12:17:25.744] Selected the bad axiom ClassAssertion(Patient pt).
[2026-06-25 12:17:25.752] Selected the weaker axiom ClassAssertion(Person pt).
[2026-06-25 12:17:25.942] Selected the bad axiom ClassAssertion(Person pt).
[2026-06-25 12:17:25.943] Selected the weaker axiom ClassAssertion(owl:Thing pt).
[2026-06-25 12:17:25.944] Finished repairing the ontology.
Repairing with B2 (bad-in_some_mus-weaker-shapley)...
[2026-06-25 12:17:25.945] Checking precondition...
[2026-06-25 12:17:25.947] Starting the repair...
[2026-06-25 12:17:25.952] Selected a reference ontology with 152 axioms.
[2026-06-25 12:17:26.127] Selected the bad axiom ClassAssertion(Patient pt).
[PowerIndexWeakerAxiomSelector] Scoring 1 candidate weakenings for Patient(pt)
[PowerIndexWeakerAxiomSelector] Selected weaker axiom: Pe
...[truncated]
SUCCESS: attempt=81 seed=1136047 success_count=39/100
progress: ontology=MEDEON attempt=81 success=39/100
----- MEDEON attempt=82 seed=1150247 at 2026-06-25 12:17:48 -----
--- stdout ---
{"seed":1150247,"run_id":"20260624134028346645","trial_status":"time_limit_exceeded","error_type":"timeout","failure_stage":"B7","error_message":"Repair timeout: B7 exceeded 300 seconds","iic_values":{},"repair_runtimes_ms":{"A1":129,"A2":1197,"A3":467,"B1":382,"B2":432,"B3":3694,"B4":208,"B5":1697,"B6":1087,"B7":300001}}

--- stderr ---
SingleTrialExperiment starting: ontology=/workspaces/ontologyutils-ekaw26/repair-power-index-replication-ekaw26/ontologies/inconsistent/MEDEON.owl, seed=1150247, run_id=20260624134028346645
Loaded ontology.
Normalizing ontology with SROIQ normalization...
Normalized ontology with SROIQ normalization.
Ontology is already inconsistent, skipping make-inconsistent step.
Repairing with A1 (random-removal)...
[2026-06-25 12:17:48.751] Checking precondition...
[2026-06-25 12:17:48.768] Starting the repair...
[2026-06-25 12:17:48.775] Found 78 possible bad axioms.
[2026-06-25 12:17:48.776] Selected the bad axiom SubClassOf(StopUse ChangeOfInstrument).
[2026-06-25 12:17:48.783] Found 77 possible bad axioms.
[2026-06-25 12:17:48.783] Selected the bad axiom SubClassOf(RiskAssessment Assessment).
[2026-06-25 12:17:48.787] Found 76 possible bad axioms.
[2026-06-25 12:17:48.788] Selected the bad axiom SubClassOf(AssistiveDevice Device/Equipment).
[2026-06-25 12:17:48.792] Found 75 possible bad axioms.
[2026-06-25 12:17:48.792] Selected the bad axiom SubClassOf(CheckDevice StuffActivity).
[2026-06-25 12:17:48.796] Found 74 possible bad axioms.
[2026-06-25 12:17:48.796] Selected the bad axiom SubClassOf(ObjectSomeValuesFrom(involvesActivity ObjectSomeValuesFrom(hasParticipant Patient)) Fall).
[2026-06-25 12:17:48.799] Found 73 possible bad axioms.
[2026-06-25 12:17:48.799] Selected the bad axiom SubClassOf(DeviceName DeviceCharacteristic).
[2026-06-25 12:17:48.802] Found 72 possible bad axioms.
[2026-06-25 12:17:48.802] Selected the bad axiom SubClassOf(ObjectSomeValuesFrom(hasOutcome ObjectSomeValuesFrom(hasParticipant Person)) Fall).
[2026-06-25 12:17:48.805] Found 71 possible bad axioms.
[2026-06-25 12:17:48.805] Selected the bad axiom SubClassOf(DegreeOfHarm PatientOutcome).
[2026-06-25 12:17:48.807] Found 70 possible bad axioms.
[2026-06-25 12:17:48.807] Selected the bad axiom ObjectPropertyAssertion(hasOutcome patient_fall fracture).
[2026-06-25 12:17:48.808] Found 69 possible bad axioms.
[2026-06-25 12:17:48.808] Selected the bad axiom ObjectPropertyAssertion(hasParticipant fracture pt).
[2026-06-25 12:17:48.813] Found 68 possible bad axioms.
[2026-06-25 12:17:48.813] Selected the bad axiom SubClassOf(StateOfCare TemporalInfo).
[2026-06-25 12:17:48.816] Found 67 possible bad axioms.
[2026-06-25 12:17:48.816] Selected the bad axiom SubClassOf(Medication-IVFluid IncidentType).
[2026-06-25 12:17:48.818] Found 66 possible bad axioms.
[2026-06-25 12:17:48.819] Selected the bad axiom SubClassOf(PatientBehaviour IncidentType).
[2026-06-25 12:17:48.826] Found 65 possible bad axioms.
[2026-06-25 12:17:48.826] Selected the bad axiom SubClassOf(ChangeOfInstrument MitigatingFactor).
[2026-06-25 12:17:48.829] Found 64 possible bad axioms.
[2026-06-25 12:17:48.829] Selected the bad axiom SubClassOf(Fall ObjectSomeValuesFrom(involvesActivity ObjectSomeValuesFrom(hasParticipant Patient))).
[2026-06-25 12:17:48.832] Found 63 possible bad axioms.
[2026-06-25 12:17:48.832] 
...[truncated]
FAIL: attempt=82 seed=1150247 status=time_limit_exceeded stage=B7 message=Repair timeout: B7 exceeded 300 seconds
progress: ontology=MEDEON attempt=82 success=39/100
----- MEDEON attempt=83 seed=1164447 at 2026-06-25 12:22:58 -----
--- stdout ---
{"seed":1164447,"run_id":"20260624134028346645","trial_status":"time_limit_exceeded","error_type":"timeout","failure_stage":"B7","error_message":"Repair timeout: B7 exceeded 300 seconds","iic_values":{},"repair_runtimes_ms":{"A1":127,"A2":1197,"A3":514,"B1":424,"B2":439,"B3":3616,"B4":272,"B5":1720,"B6":5555,"B7":300001}}

--- stderr ---
SingleTrialExperiment starting: ontology=/workspaces/ontologyutils-ekaw26/repair-power-index-replication-ekaw26/ontologies/inconsistent/MEDEON.owl, seed=1164447, run_id=20260624134028346645
Loaded ontology.
Normalizing ontology with SROIQ normalization...
Normalized ontology with SROIQ normalization.
Ontology is already inconsistent, skipping make-inconsistent step.
Repairing with A1 (random-removal)...
[2026-06-25 12:22:58.508] Checking precondition...
[2026-06-25 12:22:58.525] Starting the repair...
[2026-06-25 12:22:58.532] Found 78 possible bad axioms.
[2026-06-25 12:22:58.533] Selected the bad axiom ObjectPropertyAssertion(involvesActivity patient_fall slip_down).
[2026-06-25 12:22:58.535] Found 77 possible bad axioms.
[2026-06-25 12:22:58.535] Selected the bad axiom ClassAssertion(TypeOfHarm fracture).
[2026-06-25 12:22:58.537] Found 76 possible bad axioms.
[2026-06-25 12:22:58.537] Selected the bad axiom ClassAssertion(SkinTear skin_tear).
[2026-06-25 12:22:58.538] Found 75 possible bad axioms.
[2026-06-25 12:22:58.538] Selected the bad axiom SubClassOf(MedicalDevice-Equipment IncidentType).
[2026-06-25 12:22:58.544] Found 74 possible bad axioms.
[2026-06-25 12:22:58.545] Selected the bad axiom SubClassOf(PatientBehaviour IncidentType).
[2026-06-25 12:22:58.549] Found 73 possible bad axioms.
[2026-06-25 12:22:58.549] Selected the bad axiom ClassAssertion(IncidentType patient_fall).
[2026-06-25 12:22:58.550] Found 72 possible bad axioms.
[2026-06-25 12:22:58.550] Selected the bad axiom ObjectPropertyAssertion(hasParticipant slip_down pt).
[2026-06-25 12:22:58.551] Found 71 possible bad axioms.
[2026-06-25 12:22:58.551] Selected the bad axiom SubClassOf(DeviceName DeviceCharacteristic).
[2026-06-25 12:22:58.555] Found 70 possible bad axioms.
[2026-06-25 12:22:58.555] Selected the bad axiom SubClassOf(Timing StateOfCare).
[2026-06-25 12:22:58.558] Found 69 possible bad axioms.
[2026-06-25 12:22:58.558] Selected the bad axiom SubClassOf(Timing TemporalInfo).
[2026-06-25 12:22:58.560] Found 68 possible bad axioms.
[2026-06-25 12:22:58.561] Selected the bad axiom SubClassOf(ClinicalAdministration IncidentType).
[2026-06-25 12:22:58.563] Found 67 possible bad axioms.
[2026-06-25 12:22:58.563] Selected the bad axiom SubClassOf(InappropriateUse ErrorType).
[2026-06-25 12:22:58.570] Found 66 possible bad axioms.
[2026-06-25 12:22:58.570] Selected the bad axiom ClassAssertion(PatientActivity slip_down).
[2026-06-25 12:22:58.571] Found 65 possible bad axioms.
[2026-06-25 12:22:58.571] Selected the bad axiom SubClassOf(RiskAssessment Assessment).
[2026-06-25 12:22:58.573] Found 64 possible bad axioms.
[2026-06-25 12:22:58.574] Selected the bad axiom SubClassOf(Therapy Action).
[2026-06-25 12:22:58.577] Found 63 possible bad axioms.
[2026-06-25 12:22:58.577] Selected the bad axiom SubClassOf(ErrorType IncidentCharacteristic).
[2026-06-25 12:22:58.579] Found 62 possible bad axioms.
[2026-06-25 12:22:58.579] Selected the bad axiom SubClassOf(Site PatientO
...[truncated]
FAIL: attempt=83 seed=1164447 status=time_limit_exceeded stage=B7 message=Repair timeout: B7 exceeded 300 seconds
progress: ontology=MEDEON attempt=83 success=39/100
----- MEDEON attempt=84 seed=1178647 at 2026-06-25 12:28:12 -----
--- stdout ---
{"seed":1178647,"run_id":"20260624134028346645","trial_status":"time_limit_exceeded","error_type":"timeout","failure_stage":"B4","error_message":"Repair timeout: B4 exceeded 300 seconds","iic_values":{},"repair_runtimes_ms":{"A1":87,"A2":1235,"A3":495,"B1":240,"B2":3245,"B3":3195,"B4":300001}}

--- stderr ---
SingleTrialExperiment starting: ontology=/workspaces/ontologyutils-ekaw26/repair-power-index-replication-ekaw26/ontologies/inconsistent/MEDEON.owl, seed=1178647, run_id=20260624134028346645
Loaded ontology.
Normalizing ontology with SROIQ normalization...
Normalized ontology with SROIQ normalization.
Ontology is already inconsistent, skipping make-inconsistent step.
Repairing with A1 (random-removal)...
[2026-06-25 12:28:12.866] Checking precondition...
[2026-06-25 12:28:12.885] Starting the repair...
[2026-06-25 12:28:12.892] Found 78 possible bad axioms.
[2026-06-25 12:28:12.893] Selected the bad axiom ClassAssertion(SkinTear skin_tear).
[2026-06-25 12:28:12.895] Found 77 possible bad axioms.
[2026-06-25 12:28:12.896] Selected the bad axiom SubClassOf(SkinTear TypeOfHarm).
[2026-06-25 12:28:12.902] Found 76 possible bad axioms.
[2026-06-25 12:28:12.902] Selected the bad axiom SubClassOf(RiskAssessment Assessment).
[2026-06-25 12:28:12.906] Found 75 possible bad axioms.
[2026-06-25 12:28:12.906] Selected the bad axiom SubClassOf(Site PatientOutcome).
[2026-06-25 12:28:12.910] Found 74 possible bad axioms.
[2026-06-25 12:28:12.910] Selected the bad axiom SubClassOf(Social/EconomicalImpact PatientOutcome).
[2026-06-25 12:28:12.913] Found 73 possible bad axioms.
[2026-06-25 12:28:12.913] Selected the bad axiom SubClassOf(ErrorType IncidentCharacteristic).
[2026-06-25 12:28:12.916] Found 72 possible bad axioms.
[2026-06-25 12:28:12.916] Selected the bad axiom SubClassOf(Timing TemporalInfo).
[2026-06-25 12:28:12.918] Found 71 possible bad axioms.
[2026-06-25 12:28:12.919] Selected the bad axiom SubClassOf(NotifyManufacturer MitigatingFactor).
[2026-06-25 12:28:12.922] Found 70 possible bad axioms.
[2026-06-25 12:28:12.922] Selected the bad axiom ClassAssertion(TypeOfHarm fracture).
[2026-06-25 12:28:12.923] Found 69 possible bad axioms.
[2026-06-25 12:28:12.923] Selected the bad axiom SubClassOf(Timing StateOfCare).
[2026-06-25 12:28:12.925] Found 68 possible bad axioms.
[2026-06-25 12:28:12.926] Selected the bad axiom SubClassOf(Blood-BloodProduct IncidentType).
[2026-06-25 12:28:12.933] Found 67 possible bad axioms.
[2026-06-25 12:28:12.933] Selected the bad axiom SubClassOf(PatientActivity Activity).
[2026-06-25 12:28:12.936] Found 66 possible bad axioms.
[2026-06-25 12:28:12.936] Selected the bad axiom SubClassOf(Oxigen-GasVapour IncidentType).
[2026-06-25 12:28:12.944] Found 65 possible bad axioms.
[2026-06-25 12:28:12.944] Selected the bad axiom SubClassOf(TypeOfHarm PatientOutcome).
[2026-06-25 12:28:12.946] Found 64 possible bad axioms.
[2026-06-25 12:28:12.946] Selected the bad axiom SubClassOf(Fall ObjectSomeValuesFrom(involvesActivity owl:Nothing)).
[2026-06-25 12:28:12.949] Finished repairing the ontology.
Repairing with A2 (not-in-largest-mcs-removal)...
[2026-06-25 12:28:12.950] Checking precondition...
[2026-06-25 12:28:12.955] Starting the repair...
[2026-06-25 12:28:14.184] Found 2 possible bad axioms.
[2026-06-25 12:28:14.185] Sele
...[truncated]
FAIL: attempt=84 seed=1178647 status=time_limit_exceeded stage=B4 message=Repair timeout: B4 exceeded 300 seconds
progress: ontology=MEDEON attempt=84 success=39/100
----- MEDEON attempt=85 seed=1192847 at 2026-06-25 12:33:21 -----
--- stdout ---
{"seed":1192847,"run_id":"20260624134028346645","trial_status":"success","error_type":null,"failure_stage":null,"error_message":null,"iic_values":{"B1_vs_A1":0.25882352941176473,"B1_vs_A2":0.0,"B1_vs_A3":0.0,"B2_vs_A1":0.25882352941176473,"B2_vs_A2":0.0,"B2_vs_A3":0.0,"B3_vs_A1":0.25882352941176473,"B3_vs_A2":0.0,"B3_vs_A3":0.0,"B4_vs_A1":1.0,"B4_vs_A2":0.5,"B4_vs_A3":0.5,"B5_vs_A1":1.0,"B5_vs_A2":0.5,"B5_vs_A3":0.5,"B6_vs_A1":1.0,"B6_vs_A2":0.5,"B6_vs_A3":0.5,"B7_vs_A1":1.0,"B7_vs_A2":0.5,"B7_vs_A3":0.5,"B8_vs_A1":1.0,"B8_vs_A2":0.5,"B8_vs_A3":0.5,"B9_vs_A1":1.0,"B9_vs_A2":0.5,"B9_vs_A3":0.5},"repair_runtimes_ms":{"A1":94,"A2":1211,"A3":540,"B1":244,"B2":4799,"B3":3231,"B4":307,"B5":1705,"B6":5841,"B7":160,"B8":7864,"B9":6846}}

--- stderr ---
SingleTrialExperiment starting: ontology=/workspaces/ontologyutils-ekaw26/repair-power-index-replication-ekaw26/ontologies/inconsistent/MEDEON.owl, seed=1192847, run_id=20260624134028346645
Loaded ontology.
Normalizing ontology with SROIQ normalization...
Normalized ontology with SROIQ normalization.
Ontology is already inconsistent, skipping make-inconsistent step.
Repairing with A1 (random-removal)...
[2026-06-25 12:33:21.828] Checking precondition...
[2026-06-25 12:33:21.844] Starting the repair...
[2026-06-25 12:33:21.850] Found 78 possible bad axioms.
[2026-06-25 12:33:21.852] Selected the bad axiom SubClassOf(StopUse ChangeOfInstrument).
[2026-06-25 12:33:21.858] Found 77 possible bad axioms.
[2026-06-25 12:33:21.858] Selected the bad axiom SubClassOf(AssistiveDevice Device/Equipment).
[2026-06-25 12:33:21.862] Found 76 possible bad axioms.
[2026-06-25 12:33:21.863] Selected the bad axiom SubClassOf(Management Action).
[2026-06-25 12:33:21.867] Found 75 possible bad axioms.
[2026-06-25 12:33:21.867] Selected the bad axiom SubClassOf(Fall ObjectSomeValuesFrom(hasOutcome ObjectSomeValuesFrom(hasParticipant Patient))).
[2026-06-25 12:33:21.871] Found 74 possible bad axioms.
[2026-06-25 12:33:21.871] Selected the bad axiom SubClassOf(Timing StateOfCare).
[2026-06-25 12:33:21.874] Found 73 possible bad axioms.
[2026-06-25 12:33:21.874] Selected the bad axiom SubClassOf(ErrorType IncidentCharacteristic).
[2026-06-25 12:33:21.877] Found 72 possible bad axioms.
[2026-06-25 12:33:21.877] Selected the bad axiom ObjectPropertyAssertion(hasOutcome patient_fall fracture).
[2026-06-25 12:33:21.878] Found 71 possible bad axioms.
[2026-06-25 12:33:21.878] Selected the bad axiom ObjectPropertyAssertion(hasParticipant skin_tear pt).
[2026-06-25 12:33:21.879] Found 70 possible bad axioms.
[2026-06-25 12:33:21.880] Selected the bad axiom ObjectPropertyAssertion(causes slip_down skin_tear).
[2026-06-25 12:33:21.880] Found 69 possible bad axioms.
[2026-06-25 12:33:21.880] Selected the bad axiom ObjectPropertyAssertion(hasParticipant fracture pt).
[2026-06-25 12:33:21.881] Found 68 possible bad axioms.
[2026-06-25 12:33:21.881] Selected the bad axiom SubClassOf(Infrastructure-Building-Fixture PatientBehaviour).
[2026-06-25 12:33:21.888] Found 67 possible bad axioms.
[2026-06-25 12:33:21.888] Selected the bad axiom SubClassOf(HealthcareAssociatedInfection IncidentType).
[2026-06-25 12:33:21.890] Found 66 possible bad axioms.
[2026-06-25 12:33:21.890] Selected the bad axiom SubClassOf(Time TemporalInfo).
[2026-06-25 12:33:21.893] Found 65 possible bad axioms.
[2026-06-25 12:33:21.893] Selected the bad axiom SubClassOf(InappropriateUse ErrorType).
[2026-06-25 12:33:21.895] Found 64 possible bad axioms.
[2026-06-25 12:33:21.895] Selected the bad axiom ClassAssertion(TypeOfHarm skin_tear).
[2026-06-25 12:33:21.896] Found 63 possible bad axioms.
[2026-06-25 12:33:21.896] Selected the bad axiom SubClassOf(PressureUlcer IncidentType).
[2026-06-25 12:33:21.904] Found 62 p
...[truncated]
SUCCESS: attempt=85 seed=1192847 success_count=40/100
progress: ontology=MEDEON attempt=85 success=40/100
----- MEDEON attempt=86 seed=1207047 at 2026-06-25 12:33:55 -----
--- stdout ---
{"seed":1207047,"run_id":"20260624134028346645","trial_status":"success","error_type":null,"failure_stage":null,"error_message":null,"iic_values":{"B1_vs_A1":1.0,"B1_vs_A2":0.0,"B1_vs_A3":0.0,"B2_vs_A1":1.0,"B2_vs_A2":0.0,"B2_vs_A3":0.0,"B3_vs_A1":1.0,"B3_vs_A2":0.0,"B3_vs_A3":0.0,"B4_vs_A1":1.0,"B4_vs_A2":0.5,"B4_vs_A3":0.5,"B5_vs_A1":1.0,"B5_vs_A2":0.5,"B5_vs_A3":0.5,"B6_vs_A1":1.0,"B6_vs_A2":0.5,"B6_vs_A3":0.5,"B7_vs_A1":1.0,"B7_vs_A2":0.5,"B7_vs_A3":0.5,"B8_vs_A1":1.0,"B8_vs_A2":0.5,"B8_vs_A3":0.5,"B9_vs_A1":1.0,"B9_vs_A2":0.5,"B9_vs_A3":0.5},"repair_runtimes_ms":{"A1":50,"A2":1262,"A3":261,"B1":259,"B2":4660,"B3":3263,"B4":203,"B5":1772,"B6":5811,"B7":277,"B8":7666,"B9":5546}}

--- stderr ---
SingleTrialExperiment starting: ontology=/workspaces/ontologyutils-ekaw26/repair-power-index-replication-ekaw26/ontologies/inconsistent/MEDEON.owl, seed=1207047, run_id=20260624134028346645
Loaded ontology.
Normalizing ontology with SROIQ normalization...
Normalized ontology with SROIQ normalization.
Ontology is already inconsistent, skipping make-inconsistent step.
Repairing with A1 (random-removal)...
[2026-06-25 12:33:55.458] Checking precondition...
[2026-06-25 12:33:55.474] Starting the repair...
[2026-06-25 12:33:55.480] Found 78 possible bad axioms.
[2026-06-25 12:33:55.482] Selected the bad axiom SubClassOf(Timing TemporalInfo).
[2026-06-25 12:33:55.488] Found 77 possible bad axioms.
[2026-06-25 12:33:55.488] Selected the bad axiom SubClassOf(ObjectSomeValuesFrom(involvesActivity ObjectSomeValuesFrom(hasParticipant Patient)) Fall).
[2026-06-25 12:33:55.493] Found 76 possible bad axioms.
[2026-06-25 12:33:55.493] Selected the bad axiom SubClassOf(UseError ErrorType).
[2026-06-25 12:33:55.497] Found 75 possible bad axioms.
[2026-06-25 12:33:55.497] Selected the bad axiom SubClassOf(Resource-OrganizationalManagement IncidentType).
[2026-06-25 12:33:55.500] Found 74 possible bad axioms.
[2026-06-25 12:33:55.500] Selected the bad axiom SubClassOf(Fall ObjectSomeValuesFrom(involvesActivity owl:Nothing)).
[2026-06-25 12:33:55.504] Finished repairing the ontology.
Repairing with A2 (not-in-largest-mcs-removal)...
[2026-06-25 12:33:55.504] Checking precondition...
[2026-06-25 12:33:55.511] Starting the repair...
[2026-06-25 12:33:56.764] Found 2 possible bad axioms.
[2026-06-25 12:33:56.765] Selected the bad axiom ClassAssertion(Patient pt).
[2026-06-25 12:33:56.766] Finished repairing the ontology.
Repairing with A3 (default-weakening)...
[2026-06-25 12:33:56.768] Checking precondition...
[2026-06-25 12:33:56.770] Starting the repair...
[2026-06-25 12:33:56.784] Selected a reference ontology with 150 axioms.
[2026-06-25 12:33:57.005] Selected the bad axiom ClassAssertion(Patient pt).
[2026-06-25 12:33:57.026] Selected the weaker axiom ClassAssertion(owl:Thing pt).
[2026-06-25 12:33:57.028] Finished repairing the ontology.
Repairing with B1 (bad-in_some_mus-weaker-random)...
[2026-06-25 12:33:57.028] Checking precondition...
[2026-06-25 12:33:57.031] Starting the repair...
[2026-06-25 12:33:57.039] Selected a reference ontology with 152 axioms.
[2026-06-25 12:33:57.241] Selected the bad axiom SubClassOf(Fall ObjectSomeValuesFrom(involvesActivity owl:Nothing)).
[2026-06-25 12:33:57.286] Selected the weaker axiom SubClassOf(Fall ObjectSomeValuesFrom(involvesActivity PressureUlcer)).
[2026-06-25 12:33:57.287] Finished repairing the ontology.
Repairing with B2 (bad-in_some_mus-weaker-shapley)...
[2026-06-25 12:33:57.289] Checking precondition...
[2026-06-25 12:33:57.290] Starting the repair...
[2026-06-25 12:33:57.298] Selected a reference ontology with 150 axioms.
[2026-06-25 12:33:57.491] Selected the bad axiom SubClassOf(Fall ObjectSomeValuesFrom(i
...[truncated]
SUCCESS: attempt=86 seed=1207047 success_count=41/100
progress: ontology=MEDEON attempt=86 success=41/100
----- MEDEON attempt=87 seed=1221247 at 2026-06-25 12:34:26 -----
--- stdout ---
{"seed":1221247,"run_id":"20260624134028346645","trial_status":"time_limit_exceeded","error_type":"timeout","failure_stage":"B4","error_message":"Repair timeout: B4 exceeded 300 seconds","iic_values":{},"repair_runtimes_ms":{"A1":50,"A2":1232,"A3":505,"B1":393,"B2":4641,"B3":544,"B4":300002}}

--- stderr ---
SingleTrialExperiment starting: ontology=/workspaces/ontologyutils-ekaw26/repair-power-index-replication-ekaw26/ontologies/inconsistent/MEDEON.owl, seed=1221247, run_id=20260624134028346645
Loaded ontology.
Normalizing ontology with SROIQ normalization...
Normalized ontology with SROIQ normalization.
Ontology is already inconsistent, skipping make-inconsistent step.
Repairing with A1 (random-removal)...
[2026-06-25 12:34:27.275] Checking precondition...
[2026-06-25 12:34:27.291] Starting the repair...
[2026-06-25 12:34:27.298] Found 78 possible bad axioms.
[2026-06-25 12:34:27.299] Selected the bad axiom SubClassOf(Management Action).
[2026-06-25 12:34:27.306] Found 77 possible bad axioms.
[2026-06-25 12:34:27.306] Selected the bad axiom SubClassOf(Therapy Action).
[2026-06-25 12:34:27.311] Found 76 possible bad axioms.
[2026-06-25 12:34:27.311] Selected the bad axiom SubClassOf(HealthcareAssociatedInfection IncidentType).
[2026-06-25 12:34:27.315] Found 75 possible bad axioms.
[2026-06-25 12:34:27.315] Selected the bad axiom SubClassOf(UseError ErrorType).
[2026-06-25 12:34:27.318] Found 74 possible bad axioms.
[2026-06-25 12:34:27.319] Selected the bad axiom ObjectPropertyAssertion(hasParticipant skin_tear pt).
[2026-06-25 12:34:27.320] Found 73 possible bad axioms.
[2026-06-25 12:34:27.320] Selected the bad axiom ClassAssertion(Patient pt).
[2026-06-25 12:34:27.321] Finished repairing the ontology.
Repairing with A2 (not-in-largest-mcs-removal)...
[2026-06-25 12:34:27.322] Checking precondition...
[2026-06-25 12:34:27.327] Starting the repair...
[2026-06-25 12:34:28.553] Found 2 possible bad axioms.
[2026-06-25 12:34:28.554] Selected the bad axiom SubClassOf(Fall ObjectSomeValuesFrom(involvesActivity owl:Nothing)).
[2026-06-25 12:34:28.554] Finished repairing the ontology.
Repairing with A3 (default-weakening)...
[2026-06-25 12:34:28.555] Checking precondition...
[2026-06-25 12:34:28.558] Starting the repair...
[2026-06-25 12:34:28.569] Selected a reference ontology with 152 axioms.
[2026-06-25 12:34:28.783] Selected the bad axiom ClassAssertion(Patient pt).
[2026-06-25 12:34:28.804] Selected the weaker axiom ClassAssertion(Person pt).
[2026-06-25 12:34:29.008] Selected the bad axiom SubClassOf(Fall ObjectSomeValuesFrom(involvesActivity owl:Nothing)).
[2026-06-25 12:34:29.058] Selected the weaker axiom SubClassOf(Fall ObjectSomeValuesFrom(involvesActivity ObjectSomeValuesFrom(hasOutcome ObjectSomeValuesFrom(hasParticipant Patient)))).
[2026-06-25 12:34:29.059] Finished repairing the ontology.
Repairing with B1 (bad-in_some_mus-weaker-random)...
[2026-06-25 12:34:29.060] Checking precondition...
[2026-06-25 12:34:29.061] Starting the repair...
[2026-06-25 12:34:29.067] Selected a reference ontology with 152 axioms.
[2026-06-25 12:34:29.236] Selected the bad axiom ClassAssertion(Patient pt).
[2026-06-25 12:34:29.243] Selected the weaker axiom ClassAssertion(Person pt).
[2026-06-25 12:34:29.423] Selected the bad axiom SubClassOf(Fall ObjectSomeVa
...[truncated]
FAIL: attempt=87 seed=1221247 status=time_limit_exceeded stage=B4 message=Repair timeout: B4 exceeded 300 seconds
progress: ontology=MEDEON attempt=87 success=41/100
----- MEDEON attempt=88 seed=1235447 at 2026-06-25 12:39:34 -----
--- stdout ---
{"seed":1235447,"run_id":"20260624134028346645","trial_status":"success","error_type":null,"failure_stage":null,"error_message":null,"iic_values":{"B1_vs_A1":0.35,"B1_vs_A2":0.5,"B1_vs_A3":0.5,"B2_vs_A1":0.35714285714285715,"B2_vs_A2":1.0,"B2_vs_A3":1.0,"B3_vs_A1":1.0,"B3_vs_A2":1.0,"B3_vs_A3":1.0,"B4_vs_A1":1.0,"B4_vs_A2":1.0,"B4_vs_A3":1.0,"B5_vs_A1":1.0,"B5_vs_A2":1.0,"B5_vs_A3":1.0,"B6_vs_A1":1.0,"B6_vs_A2":1.0,"B6_vs_A3":1.0,"B7_vs_A1":1.0,"B7_vs_A2":1.0,"B7_vs_A3":1.0,"B8_vs_A1":1.0,"B8_vs_A2":1.0,"B8_vs_A3":1.0,"B9_vs_A1":1.0,"B9_vs_A2":1.0,"B9_vs_A3":1.0},"repair_runtimes_ms":{"A1":132,"A2":1189,"A3":313,"B1":253,"B2":4643,"B3":2131,"B4":130,"B5":7835,"B6":5997,"B7":202,"B8":1714,"B9":5500}}

--- stderr ---
SingleTrialExperiment starting: ontology=/workspaces/ontologyutils-ekaw26/repair-power-index-replication-ekaw26/ontologies/inconsistent/MEDEON.owl, seed=1235447, run_id=20260624134028346645
Loaded ontology.
Normalizing ontology with SROIQ normalization...
Normalized ontology with SROIQ normalization.
Ontology is already inconsistent, skipping make-inconsistent step.
Repairing with A1 (random-removal)...
[2026-06-25 12:39:35.122] Checking precondition...
[2026-06-25 12:39:35.138] Starting the repair...
[2026-06-25 12:39:35.145] Found 78 possible bad axioms.
[2026-06-25 12:39:35.146] Selected the bad axiom SubClassOf(DegreeOfHarm PatientOutcome).
[2026-06-25 12:39:35.152] Found 77 possible bad axioms.
[2026-06-25 12:39:35.152] Selected the bad axiom ObjectPropertyAssertion(involvesActivity patient_fall slip_down).
[2026-06-25 12:39:35.154] Found 76 possible bad axioms.
[2026-06-25 12:39:35.154] Selected the bad axiom SubClassOf(ImmediateAction Action).
[2026-06-25 12:39:35.159] Found 75 possible bad axioms.
[2026-06-25 12:39:35.159] Selected the bad axiom SubClassOf(Infrastructure-Building-Fixture IncidentType).
[2026-06-25 12:39:35.163] Found 74 possible bad axioms.
[2026-06-25 12:39:35.164] Selected the bad axiom SubClassOf(Resource-OrganizationalManagement IncidentType).
[2026-06-25 12:39:35.167] Found 73 possible bad axioms.
[2026-06-25 12:39:35.167] Selected the bad axiom SubClassOf(StopUse ChangeOfInstrument).
[2026-06-25 12:39:35.170] Found 72 possible bad axioms.
[2026-06-25 12:39:35.170] Selected the bad axiom SubClassOf(ClinicalAdministration IncidentType).
[2026-06-25 12:39:35.172] Found 71 possible bad axioms.
[2026-06-25 12:39:35.173] Selected the bad axiom SubClassOf(RiskAssessment Assessment).
[2026-06-25 12:39:35.175] Found 70 possible bad axioms.
[2026-06-25 12:39:35.176] Selected the bad axiom SubClassOf(Fall IncidentType).
[2026-06-25 12:39:35.178] Found 69 possible bad axioms.
[2026-06-25 12:39:35.179] Selected the bad axiom SubClassOf(ObjectSomeValuesFrom(involvesActivity ObjectSomeValuesFrom(hasParticipant Patient)) Fall).
[2026-06-25 12:39:35.185] Found 68 possible bad axioms.
[2026-06-25 12:39:35.186] Selected the bad axiom SubClassOf(PressureUlcer IncidentType).
[2026-06-25 12:39:35.188] Found 67 possible bad axioms.
[2026-06-25 12:39:35.188] Selected the bad axiom SubClassOf(Therapy Action).
[2026-06-25 12:39:35.195] Found 66 possible bad axioms.
[2026-06-25 12:39:35.196] Selected the bad axiom SubClassOf(MissingInstrument ErrorType).
[2026-06-25 12:39:35.198] Found 65 possible bad axioms.
[2026-06-25 12:39:35.198] Selected the bad axiom SubClassOf(StateOfCare TemporalInfo).
[2026-06-25 12:39:35.200] Found 64 possible bad axioms.
[2026-06-25 12:39:35.201] Selected the bad axiom SubClassOf(PatientAccident IncidentType).
[2026-06-25 12:39:35.203] Found 63 possible bad axioms.
[2026-06-25 12:39:35.203] Selected the bad axiom ObjectPropertyAssertion(hasParticipant skin_tear pt).
[2026-06-25 12:39:35.204] Found 62 possible bad 
...[truncated]
SUCCESS: attempt=88 seed=1235447 success_count=42/100
progress: ontology=MEDEON attempt=88 success=42/100
----- MEDEON attempt=89 seed=1249647 at 2026-06-25 12:40:06 -----
--- stdout ---
{"seed":1249647,"run_id":"20260624134028346645","trial_status":"success","error_type":null,"failure_stage":null,"error_message":null,"iic_values":{"B1_vs_A1":0.5,"B1_vs_A2":0.5,"B1_vs_A3":0.5,"B2_vs_A1":1.0,"B2_vs_A2":1.0,"B2_vs_A3":1.0,"B3_vs_A1":1.0,"B3_vs_A2":1.0,"B3_vs_A3":1.0,"B4_vs_A1":1.0,"B4_vs_A2":1.0,"B4_vs_A3":1.0,"B5_vs_A1":1.0,"B5_vs_A2":1.0,"B5_vs_A3":1.0,"B6_vs_A1":1.0,"B6_vs_A2":1.0,"B6_vs_A3":1.0,"B7_vs_A1":1.0,"B7_vs_A2":1.0,"B7_vs_A3":1.0,"B8_vs_A1":1.0,"B8_vs_A2":1.0,"B8_vs_A3":1.0,"B9_vs_A1":1.0,"B9_vs_A2":1.0,"B9_vs_A3":1.0},"repair_runtimes_ms":{"A1":34,"A2":1259,"A3":311,"B1":242,"B2":4667,"B3":769,"B4":206,"B5":1685,"B6":5592,"B7":322,"B8":1666,"B9":5488}}

--- stderr ---
SingleTrialExperiment starting: ontology=/workspaces/ontologyutils-ekaw26/repair-power-index-replication-ekaw26/ontologies/inconsistent/MEDEON.owl, seed=1249647, run_id=20260624134028346645
Loaded ontology.
Normalizing ontology with SROIQ normalization...
Normalized ontology with SROIQ normalization.
Ontology is already inconsistent, skipping make-inconsistent step.
Repairing with A1 (random-removal)...
[2026-06-25 12:40:06.731] Checking precondition...
[2026-06-25 12:40:06.746] Starting the repair...
[2026-06-25 12:40:06.753] Found 78 possible bad axioms.
[2026-06-25 12:40:06.755] Selected the bad axiom SubClassOf(Fall ObjectSomeValuesFrom(involvesActivity owl:Nothing)).
[2026-06-25 12:40:06.761] Finished repairing the ontology.
Repairing with A2 (not-in-largest-mcs-removal)...
[2026-06-25 12:40:06.761] Checking precondition...
[2026-06-25 12:40:06.771] Starting the repair...
[2026-06-25 12:40:08.019] Found 2 possible bad axioms.
[2026-06-25 12:40:08.020] Selected the bad axiom SubClassOf(Fall ObjectSomeValuesFrom(involvesActivity owl:Nothing)).
[2026-06-25 12:40:08.020] Finished repairing the ontology.
Repairing with A3 (default-weakening)...
[2026-06-25 12:40:08.022] Checking precondition...
[2026-06-25 12:40:08.025] Starting the repair...
[2026-06-25 12:40:08.035] Selected a reference ontology with 152 axioms.
[2026-06-25 12:40:08.258] Selected the bad axiom SubClassOf(Fall ObjectSomeValuesFrom(involvesActivity owl:Nothing)).
[2026-06-25 12:40:08.330] Selected the weaker axiom SubClassOf(Fall ObjectSomeValuesFrom(involvesActivity IncidentHistory)).
[2026-06-25 12:40:08.332] Finished repairing the ontology.
Repairing with B1 (bad-in_some_mus-weaker-random)...
[2026-06-25 12:40:08.332] Checking precondition...
[2026-06-25 12:40:08.334] Starting the repair...
[2026-06-25 12:40:08.344] Selected a reference ontology with 150 axioms.
[2026-06-25 12:40:08.526] Selected the bad axiom SubClassOf(Fall ObjectSomeValuesFrom(involvesActivity owl:Nothing)).
[2026-06-25 12:40:08.573] Selected the weaker axiom SubClassOf(Fall ObjectSomeValuesFrom(hasOutcome ObjectSomeValuesFrom(hasParticipant Patient))).
[2026-06-25 12:40:08.574] Finished repairing the ontology.
Repairing with B2 (bad-in_some_mus-weaker-shapley)...
[2026-06-25 12:40:08.576] Checking precondition...
[2026-06-25 12:40:08.578] Starting the repair...
[2026-06-25 12:40:08.586] Selected a reference ontology with 150 axioms.
[2026-06-25 12:40:08.774] Selected the bad axiom SubClassOf(Fall ObjectSomeValuesFrom(involvesActivity owl:Nothing)).
[PowerIndexWeakerAxiomSelector] Scoring 108 candidate weakenings for Fall ⊑ ∃ involvesActivity.⊥
[PowerIndexWeakerAxiomSelector] Selected weaker axiom: Fall ⊑ AssistiveDevice
[2026-06-25 12:40:13.225] Selected the weaker axiom SubClassOf(Fall AssistiveDevice).
[2026-06-25 12:40:13.242] Finished repairing the ontology.
Repairing with B3 (bad-in_some_mus-weaker-banzhaf)...
[2026-06-25 12:40:13.243] Checking precondition...
[2026-06-25 12:40:13.245] Starting the re
...[truncated]
SUCCESS: attempt=89 seed=1249647 success_count=43/100
progress: ontology=MEDEON attempt=89 success=43/100
----- MEDEON attempt=90 seed=1263847 at 2026-06-25 12:40:29 -----
--- stdout ---
{"seed":1263847,"run_id":"20260624134028346645","trial_status":"success","error_type":null,"failure_stage":null,"error_message":null,"iic_values":{"B1_vs_A1":0.12162162162162163,"B1_vs_A2":0.5,"B1_vs_A3":0.0,"B2_vs_A1":1.0,"B2_vs_A2":1.0,"B2_vs_A3":1.0,"B3_vs_A1":1.0,"B3_vs_A2":1.0,"B3_vs_A3":1.0,"B4_vs_A1":1.0,"B4_vs_A2":1.0,"B4_vs_A3":1.0,"B5_vs_A1":1.0,"B5_vs_A2":1.0,"B5_vs_A3":1.0,"B6_vs_A1":1.0,"B6_vs_A2":1.0,"B6_vs_A3":1.0,"B7_vs_A1":1.0,"B7_vs_A2":1.0,"B7_vs_A3":1.0,"B8_vs_A1":1.0,"B8_vs_A2":1.0,"B8_vs_A3":1.0,"B9_vs_A1":1.0,"B9_vs_A2":1.0,"B9_vs_A3":1.0},"repair_runtimes_ms":{"A1":58,"A2":1213,"A3":300,"B1":247,"B2":755,"B3":2267,"B4":575,"B5":1734,"B6":1099,"B7":270,"B8":7771,"B9":5577}}

--- stderr ---
SingleTrialExperiment starting: ontology=/workspaces/ontologyutils-ekaw26/repair-power-index-replication-ekaw26/ontologies/inconsistent/MEDEON.owl, seed=1263847, run_id=20260624134028346645
Loaded ontology.
Normalizing ontology with SROIQ normalization...
Normalized ontology with SROIQ normalization.
Ontology is already inconsistent, skipping make-inconsistent step.
Repairing with A1 (random-removal)...
[2026-06-25 12:40:29.806] Checking precondition...
[2026-06-25 12:40:29.822] Starting the repair...
[2026-06-25 12:40:29.828] Found 78 possible bad axioms.
[2026-06-25 12:40:29.829] Selected the bad axiom SubClassOf(Nutrition IncidentType).
[2026-06-25 12:40:29.835] Found 77 possible bad axioms.
[2026-06-25 12:40:29.836] Selected the bad axiom SubClassOf(Treatment Action).
[2026-06-25 12:40:29.840] Found 76 possible bad axioms.
[2026-06-25 12:40:29.840] Selected the bad axiom SubClassOf(Therapy Action).
[2026-06-25 12:40:29.844] Found 75 possible bad axioms.
[2026-06-25 12:40:29.844] Selected the bad axiom SubClassOf(InappropriateUse ErrorType).
[2026-06-25 12:40:29.848] Found 74 possible bad axioms.
[2026-06-25 12:40:29.848] Selected the bad axiom SubClassOf(PatientBehaviour IncidentType).
[2026-06-25 12:40:29.851] Found 73 possible bad axioms.
[2026-06-25 12:40:29.851] Selected the bad axiom SubClassOf(Management Action).
[2026-06-25 12:40:29.854] Found 72 possible bad axioms.
[2026-06-25 12:40:29.854] Selected the bad axiom SubClassOf(StateOfCare TemporalInfo).
[2026-06-25 12:40:29.856] Found 71 possible bad axioms.
[2026-06-25 12:40:29.857] Selected the bad axiom SubClassOf(PatientAccident IncidentType).
[2026-06-25 12:40:29.859] Found 70 possible bad axioms.
[2026-06-25 12:40:29.859] Selected the bad axiom ClassAssertion(Patient pt).
[2026-06-25 12:40:29.860] Finished repairing the ontology.
Repairing with A2 (not-in-largest-mcs-removal)...
[2026-06-25 12:40:29.861] Checking precondition...
[2026-06-25 12:40:29.871] Starting the repair...
[2026-06-25 12:40:31.073] Found 2 possible bad axioms.
[2026-06-25 12:40:31.074] Selected the bad axiom SubClassOf(Fall ObjectSomeValuesFrom(involvesActivity owl:Nothing)).
[2026-06-25 12:40:31.074] Finished repairing the ontology.
Repairing with A3 (default-weakening)...
[2026-06-25 12:40:31.076] Checking precondition...
[2026-06-25 12:40:31.079] Starting the repair...
[2026-06-25 12:40:31.087] Selected a reference ontology with 152 axioms.
[2026-06-25 12:40:31.303] Selected the bad axiom SubClassOf(Fall ObjectSomeValuesFrom(involvesActivity owl:Nothing)).
[2026-06-25 12:40:31.372] Selected the weaker axiom SubClassOf(Fall DeviceName).
[2026-06-25 12:40:31.374] Finished repairing the ontology.
Repairing with B1 (bad-in_some_mus-weaker-random)...
[2026-06-25 12:40:31.375] Checking precondition...
[2026-06-25 12:40:31.377] Starting the repair...
[2026-06-25 12:40:31.383] Selected a reference ontology with 152 axioms.
[2026-06-25 12:40:31.576] Selected the bad axiom SubClassOf(Fall ObjectSomeValuesFrom(involve
...[truncated]
SUCCESS: attempt=90 seed=1263847 success_count=44/100
progress: ontology=MEDEON attempt=90 success=44/100
----- MEDEON attempt=91 seed=1278047 at 2026-06-25 12:40:52 -----
--- stdout ---
{"seed":1278047,"run_id":"20260624134028346645","trial_status":"time_limit_exceeded","error_type":"timeout","failure_stage":"B4","error_message":"Repair timeout: B4 exceeded 300 seconds","iic_values":{},"repair_runtimes_ms":{"A1":77,"A2":1229,"A3":325,"B1":272,"B2":743,"B3":3538,"B4":300001}}

--- stderr ---
SingleTrialExperiment starting: ontology=/workspaces/ontologyutils-ekaw26/repair-power-index-replication-ekaw26/ontologies/inconsistent/MEDEON.owl, seed=1278047, run_id=20260624134028346645
Loaded ontology.
Normalizing ontology with SROIQ normalization...
Normalized ontology with SROIQ normalization.
Ontology is already inconsistent, skipping make-inconsistent step.
Repairing with A1 (random-removal)...
[2026-06-25 12:40:52.378] Checking precondition...
[2026-06-25 12:40:52.394] Starting the repair...
[2026-06-25 12:40:52.401] Found 78 possible bad axioms.
[2026-06-25 12:40:52.402] Selected the bad axiom SubClassOf(PatientAccident IncidentType).
[2026-06-25 12:40:52.408] Found 77 possible bad axioms.
[2026-06-25 12:40:52.409] Selected the bad axiom SubClassOf(Fall ObjectSomeValuesFrom(involvesActivity ObjectSomeValuesFrom(hasParticipant Patient))).
[2026-06-25 12:40:52.414] Found 76 possible bad axioms.
[2026-06-25 12:40:52.414] Selected the bad axiom SubClassOf(Defect ErrorType).
[2026-06-25 12:40:52.418] Found 75 possible bad axioms.
[2026-06-25 12:40:52.418] Selected the bad axiom SubClassOf(IncidentHistory PatientCharacteristic).
[2026-06-25 12:40:52.422] Found 74 possible bad axioms.
[2026-06-25 12:40:52.422] Selected the bad axiom SubClassOf(Infrastructure-Building-Fixture PatientBehaviour).
[2026-06-25 12:40:52.425] Found 73 possible bad axioms.
[2026-06-25 12:40:52.425] Selected the bad axiom SubClassOf(PhysicalCondition PatientCharacteristic).
[2026-06-25 12:40:52.428] Found 72 possible bad axioms.
[2026-06-25 12:40:52.428] Selected the bad axiom SubClassOf(Delay ErrorType).
[2026-06-25 12:40:52.431] Found 71 possible bad axioms.
[2026-06-25 12:40:52.431] Selected the bad axiom SubClassOf(Management Action).
[2026-06-25 12:40:52.434] Found 70 possible bad axioms.
[2026-06-25 12:40:52.434] Selected the bad axiom SubClassOf(StopUse MitigatingFactor).
[2026-06-25 12:40:52.437] Found 69 possible bad axioms.
[2026-06-25 12:40:52.437] Selected the bad axiom SubClassOf(Patient Person).
[2026-06-25 12:40:52.444] Found 68 possible bad axioms.
[2026-06-25 12:40:52.444] Selected the bad axiom SubClassOf(Fall ObjectSomeValuesFrom(involvesActivity owl:Nothing)).
[2026-06-25 12:40:52.451] Finished repairing the ontology.
Repairing with A2 (not-in-largest-mcs-removal)...
[2026-06-25 12:40:52.452] Checking precondition...
[2026-06-25 12:40:52.458] Starting the repair...
[2026-06-25 12:40:53.679] Found 2 possible bad axioms.
[2026-06-25 12:40:53.680] Selected the bad axiom ClassAssertion(Patient pt).
[2026-06-25 12:40:53.681] Finished repairing the ontology.
Repairing with A3 (default-weakening)...
[2026-06-25 12:40:53.683] Checking precondition...
[2026-06-25 12:40:53.685] Starting the repair...
[2026-06-25 12:40:53.694] Selected a reference ontology with 152 axioms.
[2026-06-25 12:40:53.929] Selected the bad axiom SubClassOf(Fall ObjectSomeValuesFrom(involvesActivity owl:Nothing)).
[2026-06-25 12:40:54.005] Selected the weaker axiom SubClassOf(Fall Ina
...[truncated]
FAIL: attempt=91 seed=1278047 status=time_limit_exceeded stage=B4 message=Repair timeout: B4 exceeded 300 seconds
progress: ontology=MEDEON attempt=91 success=44/100
----- MEDEON attempt=92 seed=1292247 at 2026-06-25 12:45:58 -----
--- stdout ---
{"seed":1292247,"run_id":"20260624134028346645","trial_status":"success","error_type":null,"failure_stage":null,"error_message":null,"iic_values":{"B1_vs_A1":0.3867924528301887,"B1_vs_A2":0.5,"B1_vs_A3":0.5,"B2_vs_A1":0.3942307692307692,"B2_vs_A2":1.0,"B2_vs_A3":1.0,"B3_vs_A1":0.3942307692307692,"B3_vs_A2":1.0,"B3_vs_A3":1.0,"B4_vs_A1":1.0,"B4_vs_A2":1.0,"B4_vs_A3":1.0,"B5_vs_A1":1.0,"B5_vs_A2":1.0,"B5_vs_A3":1.0,"B6_vs_A1":1.0,"B6_vs_A2":1.0,"B6_vs_A3":1.0,"B7_vs_A1":1.0,"B7_vs_A2":1.0,"B7_vs_A3":1.0,"B8_vs_A1":1.0,"B8_vs_A2":1.0,"B8_vs_A3":1.0,"B9_vs_A1":1.0,"B9_vs_A2":1.0,"B9_vs_A3":1.0},"repair_runtimes_ms":{"A1":132,"A2":1182,"A3":313,"B1":426,"B2":4686,"B3":3295,"B4":243,"B5":7782,"B6":5575,"B7":342,"B8":7895,"B9":1091}}

--- stderr ---
SingleTrialExperiment starting: ontology=/workspaces/ontologyutils-ekaw26/repair-power-index-replication-ekaw26/ontologies/inconsistent/MEDEON.owl, seed=1292247, run_id=20260624134028346645
Loaded ontology.
Normalizing ontology with SROIQ normalization...
Normalized ontology with SROIQ normalization.
Ontology is already inconsistent, skipping make-inconsistent step.
Repairing with A1 (random-removal)...
[2026-06-25 12:45:59.019] Checking precondition...
[2026-06-25 12:45:59.035] Starting the repair...
[2026-06-25 12:45:59.042] Found 78 possible bad axioms.
[2026-06-25 12:45:59.043] Selected the bad axiom SubClassOf(ObjectSomeValuesFrom(involvesActivity ObjectSomeValuesFrom(hasParticipant Patient)) Fall).
[2026-06-25 12:45:59.050] Found 77 possible bad axioms.
[2026-06-25 12:45:59.050] Selected the bad axiom SubClassOf(PatientAccident IncidentType).
[2026-06-25 12:45:59.054] Found 76 possible bad axioms.
[2026-06-25 12:45:59.054] Selected the bad axiom SubClassOf(DeviceFailure ErrorType).
[2026-06-25 12:45:59.059] Found 75 possible bad axioms.
[2026-06-25 12:45:59.059] Selected the bad axiom SubClassOf(PressureUlcer IncidentType).
[2026-06-25 12:45:59.062] Found 74 possible bad axioms.
[2026-06-25 12:45:59.062] Selected the bad axiom SubClassOf(CheckDevice StuffActivity).
[2026-06-25 12:45:59.065] Found 73 possible bad axioms.
[2026-06-25 12:45:59.065] Selected the bad axiom SubClassOf(Process IncidentCharacteristic).
[2026-06-25 12:45:59.068] Found 72 possible bad axioms.
[2026-06-25 12:45:59.068] Selected the bad axiom SubClassOf(PatientBehaviour IncidentType).
[2026-06-25 12:45:59.071] Found 71 possible bad axioms.
[2026-06-25 12:45:59.071] Selected the bad axiom SubClassOf(PatientActivity Activity).
[2026-06-25 12:45:59.074] Found 70 possible bad axioms.
[2026-06-25 12:45:59.074] Selected the bad axiom SubClassOf(Social/EconomicalImpact PatientOutcome).
[2026-06-25 12:45:59.076] Found 69 possible bad axioms.
[2026-06-25 12:45:59.077] Selected the bad axiom SubClassOf(HealthcareAssociatedInfection IncidentType).
[2026-06-25 12:45:59.083] Found 68 possible bad axioms.
[2026-06-25 12:45:59.083] Selected the bad axiom SubClassOf(ImmediateAction Action).
[2026-06-25 12:45:59.090] Found 67 possible bad axioms.
[2026-06-25 12:45:59.091] Selected the bad axiom ObjectPropertyAssertion(causes slip_down fracture).
[2026-06-25 12:45:59.092] Found 66 possible bad axioms.
[2026-06-25 12:45:59.092] Selected the bad axiom SubClassOf(Fall IncidentType).
[2026-06-25 12:45:59.094] Found 65 possible bad axioms.
[2026-06-25 12:45:59.094] Selected the bad axiom SubClassOf(InjuryAssessment Assessment).
[2026-06-25 12:45:59.097] Found 64 possible bad axioms.
[2026-06-25 12:45:59.097] Selected the bad axiom SubClassOf(RiskAssessment Assessment).
[2026-06-25 12:45:59.099] Found 63 possible bad axioms.
[2026-06-25 12:45:59.099] Selected the bad axiom SubClassOf(Medication-IVFluid IncidentType).
[2026-06-25 12:45:59.102] Found 62 possible bad axioms.
[2026-06-25 12:45:59
...[truncated]
SUCCESS: attempt=92 seed=1292247 success_count=45/100
progress: ontology=MEDEON attempt=92 success=45/100
----- MEDEON attempt=93 seed=1306447 at 2026-06-25 12:46:32 -----
--- stdout ---
{"seed":1306447,"run_id":"20260624134028346645","trial_status":"success","error_type":null,"failure_stage":null,"error_message":null,"iic_values":{"B1_vs_A1":1.0,"B1_vs_A2":0.0,"B1_vs_A3":0.5,"B2_vs_A1":1.0,"B2_vs_A2":0.0,"B2_vs_A3":1.0,"B3_vs_A1":1.0,"B3_vs_A2":0.0,"B3_vs_A3":1.0,"B4_vs_A1":1.0,"B4_vs_A2":0.5,"B4_vs_A3":1.0,"B5_vs_A1":1.0,"B5_vs_A2":0.5,"B5_vs_A3":1.0,"B6_vs_A1":1.0,"B6_vs_A2":0.5,"B6_vs_A3":1.0,"B7_vs_A1":1.0,"B7_vs_A2":0.5,"B7_vs_A3":1.0,"B8_vs_A1":1.0,"B8_vs_A2":0.5,"B8_vs_A3":1.0,"B9_vs_A1":1.0,"B9_vs_A2":0.5,"B9_vs_A3":1.0},"repair_runtimes_ms":{"A1":48,"A2":1249,"A3":314,"B1":240,"B2":4581,"B3":3252,"B4":248,"B5":7878,"B6":5476,"B7":164,"B8":7902,"B9":1145}}

--- stderr ---
SingleTrialExperiment starting: ontology=/workspaces/ontologyutils-ekaw26/repair-power-index-replication-ekaw26/ontologies/inconsistent/MEDEON.owl, seed=1306447, run_id=20260624134028346645
Loaded ontology.
Normalizing ontology with SROIQ normalization...
Normalized ontology with SROIQ normalization.
Ontology is already inconsistent, skipping make-inconsistent step.
Repairing with A1 (random-removal)...
[2026-06-25 12:46:32.769] Checking precondition...
[2026-06-25 12:46:32.785] Starting the repair...
[2026-06-25 12:46:32.792] Found 78 possible bad axioms.
[2026-06-25 12:46:32.793] Selected the bad axiom SubClassOf(Timing TemporalInfo).
[2026-06-25 12:46:32.800] Found 77 possible bad axioms.
[2026-06-25 12:46:32.800] Selected the bad axiom SubClassOf(Fall ObjectSomeValuesFrom(involvesActivity ObjectSomeValuesFrom(hasParticipant Patient))).
[2026-06-25 12:46:32.804] Found 76 possible bad axioms.
[2026-06-25 12:46:32.805] Selected the bad axiom ObjectPropertyAssertion(hasParticipant skin_tear pt).
[2026-06-25 12:46:32.806] Found 75 possible bad axioms.
[2026-06-25 12:46:32.806] Selected the bad axiom SubClassOf(Patient Person).
[2026-06-25 12:46:32.810] Found 74 possible bad axioms.
[2026-06-25 12:46:32.810] Selected the bad axiom SubClassOf(Fall ObjectSomeValuesFrom(involvesActivity owl:Nothing)).
[2026-06-25 12:46:32.813] Finished repairing the ontology.
Repairing with A2 (not-in-largest-mcs-removal)...
[2026-06-25 12:46:32.814] Checking precondition...
[2026-06-25 12:46:32.821] Starting the repair...
[2026-06-25 12:46:34.061] Found 2 possible bad axioms.
[2026-06-25 12:46:34.061] Selected the bad axiom ClassAssertion(Patient pt).
[2026-06-25 12:46:34.063] Finished repairing the ontology.
Repairing with A3 (default-weakening)...
[2026-06-25 12:46:34.065] Checking precondition...
[2026-06-25 12:46:34.067] Starting the repair...
[2026-06-25 12:46:34.084] Selected a reference ontology with 150 axioms.
[2026-06-25 12:46:34.307] Selected the bad axiom SubClassOf(Fall ObjectSomeValuesFrom(involvesActivity owl:Nothing)).
[2026-06-25 12:46:34.376] Selected the weaker axiom SubClassOf(Fall ObjectSomeValuesFrom(involvesActivity Management)).
[2026-06-25 12:46:34.377] Finished repairing the ontology.
Repairing with B1 (bad-in_some_mus-weaker-random)...
[2026-06-25 12:46:34.378] Checking precondition...
[2026-06-25 12:46:34.380] Starting the repair...
[2026-06-25 12:46:34.388] Selected a reference ontology with 150 axioms.
[2026-06-25 12:46:34.575] Selected the bad axiom SubClassOf(Fall ObjectSomeValuesFrom(involvesActivity owl:Nothing)).
[2026-06-25 12:46:34.617] Selected the weaker axiom SubClassOf(Fall ObjectSomeValuesFrom(involvesActivity DeviceAvailability)).
[2026-06-25 12:46:34.618] Finished repairing the ontology.
Repairing with B2 (bad-in_some_mus-weaker-shapley)...
[2026-06-25 12:46:34.620] Checking precondition...
[2026-06-25 12:46:34.621] Starting the repair...
[2026-06-25 12:46:34.628] Selected a reference ontology with 150 axioms.
[2026-06-25 1
...[truncated]
SUCCESS: attempt=93 seed=1306447 success_count=46/100
progress: ontology=MEDEON attempt=93 success=46/100
----- MEDEON attempt=94 seed=1320647 at 2026-06-25 12:47:05 -----
--- stdout ---
{"seed":1320647,"run_id":"20260624134028346645","trial_status":"success","error_type":null,"failure_stage":null,"error_message":null,"iic_values":{"B1_vs_A1":0.38,"B1_vs_A2":0.0,"B1_vs_A3":0.6,"B2_vs_A1":1.0,"B2_vs_A2":0.5,"B2_vs_A3":1.0,"B3_vs_A1":0.37623762376237624,"B3_vs_A2":0.0,"B3_vs_A3":0.5,"B4_vs_A1":1.0,"B4_vs_A2":0.5,"B4_vs_A3":1.0,"B5_vs_A1":1.0,"B5_vs_A2":0.5,"B5_vs_A3":1.0,"B6_vs_A1":1.0,"B6_vs_A2":0.5,"B6_vs_A3":1.0,"B7_vs_A1":1.0,"B7_vs_A2":0.5,"B7_vs_A3":1.0,"B8_vs_A1":1.0,"B8_vs_A2":0.5,"B8_vs_A3":1.0,"B9_vs_A1":1.0,"B9_vs_A2":0.5,"B9_vs_A3":1.0},"repair_runtimes_ms":{"A1":132,"A2":1184,"A3":323,"B1":253,"B2":713,"B3":3439,"B4":213,"B5":7582,"B6":1079,"B7":337,"B8":7858,"B9":5541}}

--- stderr ---
SingleTrialExperiment starting: ontology=/workspaces/ontologyutils-ekaw26/repair-power-index-replication-ekaw26/ontologies/inconsistent/MEDEON.owl, seed=1320647, run_id=20260624134028346645
Loaded ontology.
Normalizing ontology with SROIQ normalization...
Normalized ontology with SROIQ normalization.
Ontology is already inconsistent, skipping make-inconsistent step.
Repairing with A1 (random-removal)...
[2026-06-25 12:47:05.995] Checking precondition...
[2026-06-25 12:47:06.011] Starting the repair...
[2026-06-25 12:47:06.019] Found 78 possible bad axioms.
[2026-06-25 12:47:06.020] Selected the bad axiom SubClassOf(Resource-OrganizationalManagement IncidentType).
[2026-06-25 12:47:06.026] Found 77 possible bad axioms.
[2026-06-25 12:47:06.026] Selected the bad axiom SubClassOf(Social/EconomicalImpact PatientOutcome).
[2026-06-25 12:47:06.031] Found 76 possible bad axioms.
[2026-06-25 12:47:06.031] Selected the bad axiom SubClassOf(Fall IncidentType).
[2026-06-25 12:47:06.036] Found 75 possible bad axioms.
[2026-06-25 12:47:06.036] Selected the bad axiom SubClassOf(RiskAssessment Assessment).
[2026-06-25 12:47:06.039] Found 74 possible bad axioms.
[2026-06-25 12:47:06.040] Selected the bad axiom SubClassOf(Pathology-Laboratory IncidentType).
[2026-06-25 12:47:06.043] Found 73 possible bad axioms.
[2026-06-25 12:47:06.043] Selected the bad axiom SubClassOf(TypeOfHarm PatientOutcome).
[2026-06-25 12:47:06.046] Found 72 possible bad axioms.
[2026-06-25 12:47:06.046] Selected the bad axiom SubClassOf(Fall ObjectSomeValuesFrom(involvesActivity ObjectSomeValuesFrom(hasParticipant Patient))).
[2026-06-25 12:47:06.049] Found 71 possible bad axioms.
[2026-06-25 12:47:06.049] Selected the bad axiom ObjectPropertyAssertion(hasParticipant skin_tear pt).
[2026-06-25 12:47:06.050] Found 70 possible bad axioms.
[2026-06-25 12:47:06.050] Selected the bad axiom SubClassOf(Defect ErrorType).
[2026-06-25 12:47:06.052] Found 69 possible bad axioms.
[2026-06-25 12:47:06.053] Selected the bad axiom SubClassOf(MissingInstrument ErrorType).
[2026-06-25 12:47:06.059] Found 68 possible bad axioms.
[2026-06-25 12:47:06.059] Selected the bad axiom SubClassOf(PhysicalCondition PatientCharacteristic).
[2026-06-25 12:47:06.062] Found 67 possible bad axioms.
[2026-06-25 12:47:06.062] Selected the bad axiom SubClassOf(Timing TemporalInfo).
[2026-06-25 12:47:06.069] Found 66 possible bad axioms.
[2026-06-25 12:47:06.070] Selected the bad axiom SubClassOf(Infrastructure-Building-Fixture PatientBehaviour).
[2026-06-25 12:47:06.072] Found 65 possible bad axioms.
[2026-06-25 12:47:06.072] Selected the bad axiom SubClassOf(InjuryAssessment Assessment).
[2026-06-25 12:47:06.075] Found 64 possible bad axioms.
[2026-06-25 12:47:06.075] Selected the bad axiom SubClassOf(ClinicalAdministration IncidentType).
[2026-06-25 12:47:06.077] Found 63 possible bad axioms.
[2026-06-25 12:47:06.077] Selected the bad axiom SubClassOf(StopUse MitigatingFactor).
[2026-06-25 12:47:06.079] Found 62 possibl
...[truncated]
SUCCESS: attempt=94 seed=1320647 success_count=47/100
progress: ontology=MEDEON attempt=94 success=47/100
----- MEDEON attempt=95 seed=1334847 at 2026-06-25 12:47:35 -----
--- stdout ---
{"seed":1334847,"run_id":"20260624134028346645","trial_status":"success","error_type":null,"failure_stage":null,"error_message":null,"iic_values":{"B1_vs_A1":0.3010752688172043,"B1_vs_A2":0.0,"B1_vs_A3":0.0,"B2_vs_A1":0.3076923076923077,"B2_vs_A2":0.0,"B2_vs_A3":0.0,"B3_vs_A1":1.0,"B3_vs_A2":0.5,"B3_vs_A3":0.5,"B4_vs_A1":1.0,"B4_vs_A2":0.5,"B4_vs_A3":0.5,"B5_vs_A1":1.0,"B5_vs_A2":0.5,"B5_vs_A3":0.5,"B6_vs_A1":1.0,"B6_vs_A2":0.5,"B6_vs_A3":0.5,"B7_vs_A1":1.0,"B7_vs_A2":0.5,"B7_vs_A3":0.5,"B8_vs_A1":1.0,"B8_vs_A2":0.5,"B8_vs_A3":0.5,"B9_vs_A1":1.0,"B9_vs_A2":0.5,"B9_vs_A3":0.5},"repair_runtimes_ms":{"A1":105,"A2":1210,"A3":484,"B1":245,"B2":5009,"B3":528,"B4":249,"B5":7732,"B6":1115,"B7":116,"B8":7460,"B9":1313}}

--- stderr ---
SingleTrialExperiment starting: ontology=/workspaces/ontologyutils-ekaw26/repair-power-index-replication-ekaw26/ontologies/inconsistent/MEDEON.owl, seed=1334847, run_id=20260624134028346645
Loaded ontology.
Normalizing ontology with SROIQ normalization...
Normalized ontology with SROIQ normalization.
Ontology is already inconsistent, skipping make-inconsistent step.
Repairing with A1 (random-removal)...
[2026-06-25 12:47:35.400] Checking precondition...
[2026-06-25 12:47:35.416] Starting the repair...
[2026-06-25 12:47:35.422] Found 78 possible bad axioms.
[2026-06-25 12:47:35.423] Selected the bad axiom SubClassOf(Fall IncidentType).
[2026-06-25 12:47:35.429] Found 77 possible bad axioms.
[2026-06-25 12:47:35.430] Selected the bad axiom ObjectPropertyAssertion(hasParticipant slip_down pt).
[2026-06-25 12:47:35.431] Found 76 possible bad axioms.
[2026-06-25 12:47:35.431] Selected the bad axiom SubClassOf(HealthcareAssociatedInfection IncidentType).
[2026-06-25 12:47:35.436] Found 75 possible bad axioms.
[2026-06-25 12:47:35.436] Selected the bad axiom SubClassOf(Site PatientOutcome).
[2026-06-25 12:47:35.439] Found 74 possible bad axioms.
[2026-06-25 12:47:35.440] Selected the bad axiom SubClassOf(UseError ErrorType).
[2026-06-25 12:47:35.442] Found 73 possible bad axioms.
[2026-06-25 12:47:35.443] Selected the bad axiom SubClassOf(Defect ErrorType).
[2026-06-25 12:47:35.445] Found 72 possible bad axioms.
[2026-06-25 12:47:35.445] Selected the bad axiom ClassAssertion(TypeOfHarm skin_tear).
[2026-06-25 12:47:35.446] Found 71 possible bad axioms.
[2026-06-25 12:47:35.446] Selected the bad axiom SubClassOf(Pathology-Laboratory IncidentType).
[2026-06-25 12:47:35.449] Found 70 possible bad axioms.
[2026-06-25 12:47:35.449] Selected the bad axiom SubClassOf(Treatment Action).
[2026-06-25 12:47:35.452] Found 69 possible bad axioms.
[2026-06-25 12:47:35.452] Selected the bad axiom SubClassOf(Fall ObjectSomeValuesFrom(hasOutcome ObjectSomeValuesFrom(hasParticipant Patient))).
[2026-06-25 12:47:35.454] Found 68 possible bad axioms.
[2026-06-25 12:47:35.454] Selected the bad axiom SubClassOf(Process IncidentCharacteristic).
[2026-06-25 12:47:35.461] Found 67 possible bad axioms.
[2026-06-25 12:47:35.462] Selected the bad axiom SubClassOf(ErrorType IncidentCharacteristic).
[2026-06-25 12:47:35.464] Found 66 possible bad axioms.
[2026-06-25 12:47:35.465] Selected the bad axiom SubClassOf(DeviceName DeviceCharacteristic).
[2026-06-25 12:47:35.472] Found 65 possible bad axioms.
[2026-06-25 12:47:35.472] Selected the bad axiom SubClassOf(MentalStatus PhysicalCondition).
[2026-06-25 12:47:35.475] Found 64 possible bad axioms.
[2026-06-25 12:47:35.475] Selected the bad axiom SubClassOf(Timing TemporalInfo).
[2026-06-25 12:47:35.477] Found 63 possible bad axioms.
[2026-06-25 12:47:35.478] Selected the bad axiom SubClassOf(PatientBehaviour IncidentType).
[2026-06-25 12:47:35.480] Found 62 possible bad axioms.
[2026-06-25 12:47:35.480] Selected the bad axiom SubCla
...[truncated]
SUCCESS: attempt=95 seed=1334847 success_count=48/100
progress: ontology=MEDEON attempt=95 success=48/100
----- MEDEON attempt=96 seed=1349047 at 2026-06-25 12:48:01 -----
--- stdout ---
{"seed":1349047,"run_id":"20260624134028346645","trial_status":"success","error_type":null,"failure_stage":null,"error_message":null,"iic_values":{"B1_vs_A1":0.21686746987951808,"B1_vs_A2":0.5,"B1_vs_A3":0.0,"B2_vs_A1":0.2222222222222222,"B2_vs_A2":1.0,"B2_vs_A3":0.4,"B3_vs_A1":0.2222222222222222,"B3_vs_A2":1.0,"B3_vs_A3":0.4,"B4_vs_A1":1.0,"B4_vs_A2":1.0,"B4_vs_A3":1.0,"B5_vs_A1":1.0,"B5_vs_A2":1.0,"B5_vs_A3":1.0,"B6_vs_A1":1.0,"B6_vs_A2":1.0,"B6_vs_A3":1.0,"B7_vs_A1":1.0,"B7_vs_A2":1.0,"B7_vs_A3":1.0,"B8_vs_A1":1.0,"B8_vs_A2":1.0,"B8_vs_A3":1.0,"B9_vs_A1":1.0,"B9_vs_A2":1.0,"B9_vs_A3":1.0},"repair_runtimes_ms":{"A1":69,"A2":1259,"A3":320,"B1":263,"B2":4862,"B3":3208,"B4":82,"B5":1721,"B6":5663,"B7":158,"B8":1725,"B9":5526}}

--- stderr ---
SingleTrialExperiment starting: ontology=/workspaces/ontologyutils-ekaw26/repair-power-index-replication-ekaw26/ontologies/inconsistent/MEDEON.owl, seed=1349047, run_id=20260624134028346645
Loaded ontology.
Normalizing ontology with SROIQ normalization...
Normalized ontology with SROIQ normalization.
Ontology is already inconsistent, skipping make-inconsistent step.
Repairing with A1 (random-removal)...
[2026-06-25 12:48:01.682] Checking precondition...
[2026-06-25 12:48:01.698] Starting the repair...
[2026-06-25 12:48:01.704] Found 78 possible bad axioms.
[2026-06-25 12:48:01.706] Selected the bad axiom SubClassOf(ClinicalProcess IncidentType).
[2026-06-25 12:48:01.712] Found 77 possible bad axioms.
[2026-06-25 12:48:01.712] Selected the bad axiom SubClassOf(AssistiveDevice Device/Equipment).
[2026-06-25 12:48:01.716] Found 76 possible bad axioms.
[2026-06-25 12:48:01.717] Selected the bad axiom ObjectPropertyAssertion(hasOutcome patient_fall skin_tear).
[2026-06-25 12:48:01.718] Found 75 possible bad axioms.
[2026-06-25 12:48:01.718] Selected the bad axiom ObjectPropertyAssertion(hasParticipant slip_down pt).
[2026-06-25 12:48:01.719] Found 74 possible bad axioms.
[2026-06-25 12:48:01.719] Selected the bad axiom SubClassOf(ChangeOfInstrument MitigatingFactor).
[2026-06-25 12:48:01.724] Found 73 possible bad axioms.
[2026-06-25 12:48:01.724] Selected the bad axiom SubClassOf(DegreeOfHarm PatientOutcome).
[2026-06-25 12:48:01.727] Found 72 possible bad axioms.
[2026-06-25 12:48:01.727] Selected the bad axiom SubClassOf(SkinTear TypeOfHarm).
[2026-06-25 12:48:01.730] Found 71 possible bad axioms.
[2026-06-25 12:48:01.730] Selected the bad axiom SubClassOf(PatientBehaviour IncidentType).
[2026-06-25 12:48:01.732] Found 70 possible bad axioms.
[2026-06-25 12:48:01.732] Selected the bad axiom ClassAssertion(PatientActivity slip_down).
[2026-06-25 12:48:01.733] Found 69 possible bad axioms.
[2026-06-25 12:48:01.733] Selected the bad axiom SubClassOf(CheckDevice StuffActivity).
[2026-06-25 12:48:01.736] Found 68 possible bad axioms.
[2026-06-25 12:48:01.737] Selected the bad axiom SubClassOf(ErrorType IncidentCharacteristic).
[2026-06-25 12:48:01.743] Found 67 possible bad axioms.
[2026-06-25 12:48:01.743] Selected the bad axiom SubClassOf(DeviceFailure ErrorType).
[2026-06-25 12:48:01.746] Found 66 possible bad axioms.
[2026-06-25 12:48:01.746] Selected the bad axiom ClassAssertion(Patient pt).
[2026-06-25 12:48:01.747] Finished repairing the ontology.
Repairing with A2 (not-in-largest-mcs-removal)...
[2026-06-25 12:48:01.748] Checking precondition...
[2026-06-25 12:48:01.757] Starting the repair...
[2026-06-25 12:48:03.006] Found 2 possible bad axioms.
[2026-06-25 12:48:03.006] Selected the bad axiom SubClassOf(Fall ObjectSomeValuesFrom(involvesActivity owl:Nothing)).
[2026-06-25 12:48:03.006] Finished repairing the ontology.
Repairing with A3 (default-weakening)...
[2026-06-25 12:48:03.008] Checking precondition...
[2026-06-25 12:48:03.010] Starting
...[truncated]
SUCCESS: attempt=96 seed=1349047 success_count=49/100
progress: ontology=MEDEON attempt=96 success=49/100
----- MEDEON attempt=97 seed=1363247 at 2026-06-25 12:48:26 -----
--- stdout ---
{"seed":1363247,"run_id":"20260624134028346645","trial_status":"success","error_type":null,"failure_stage":null,"error_message":null,"iic_values":{"B1_vs_A1":0.27058823529411763,"B1_vs_A2":1.0,"B1_vs_A3":1.0,"B2_vs_A1":0.26744186046511625,"B2_vs_A2":1.0,"B2_vs_A3":1.0,"B3_vs_A1":0.26744186046511625,"B3_vs_A2":1.0,"B3_vs_A3":1.0,"B4_vs_A1":1.0,"B4_vs_A2":1.0,"B4_vs_A3":1.0,"B5_vs_A1":1.0,"B5_vs_A2":1.0,"B5_vs_A3":1.0,"B6_vs_A1":1.0,"B6_vs_A2":1.0,"B6_vs_A3":1.0,"B7_vs_A1":1.0,"B7_vs_A2":1.0,"B7_vs_A3":1.0,"B8_vs_A1":1.0,"B8_vs_A2":1.0,"B8_vs_A3":1.0,"B9_vs_A1":1.0,"B9_vs_A2":1.0,"B9_vs_A3":1.0},"repair_runtimes_ms":{"A1":104,"A2":1186,"A3":302,"B1":262,"B2":4968,"B3":3348,"B4":87,"B5":7762,"B6":5629,"B7":228,"B8":8355,"B9":1118}}

--- stderr ---
SingleTrialExperiment starting: ontology=/workspaces/ontologyutils-ekaw26/repair-power-index-replication-ekaw26/ontologies/inconsistent/MEDEON.owl, seed=1363247, run_id=20260624134028346645
Loaded ontology.
Normalizing ontology with SROIQ normalization...
Normalized ontology with SROIQ normalization.
Ontology is already inconsistent, skipping make-inconsistent step.
Repairing with A1 (random-removal)...
[2026-06-25 12:48:27.271] Checking precondition...
[2026-06-25 12:48:27.287] Starting the repair...
[2026-06-25 12:48:27.293] Found 78 possible bad axioms.
[2026-06-25 12:48:27.295] Selected the bad axiom ObjectPropertyAssertion(hasParticipant skin_tear pt).
[2026-06-25 12:48:27.297] Found 77 possible bad axioms.
[2026-06-25 12:48:27.297] Selected the bad axiom SubClassOf(Defect ErrorType).
[2026-06-25 12:48:27.302] Found 76 possible bad axioms.
[2026-06-25 12:48:27.302] Selected the bad axiom SubClassOf(SkinTear TypeOfHarm).
[2026-06-25 12:48:27.307] Found 75 possible bad axioms.
[2026-06-25 12:48:27.307] Selected the bad axiom SubClassOf(DeviceName DeviceCharacteristic).
[2026-06-25 12:48:27.310] Found 74 possible bad axioms.
[2026-06-25 12:48:27.311] Selected the bad axiom SubClassOf(InjuryAssessment Assessment).
[2026-06-25 12:48:27.314] Found 73 possible bad axioms.
[2026-06-25 12:48:27.314] Selected the bad axiom SubClassOf(ObjectSomeValuesFrom(hasOutcome ObjectSomeValuesFrom(hasParticipant Patient)) Fall).
[2026-06-25 12:48:27.317] Found 72 possible bad axioms.
[2026-06-25 12:48:27.317] Selected the bad axiom SubClassOf(Blood-BloodProduct IncidentType).
[2026-06-25 12:48:27.320] Found 71 possible bad axioms.
[2026-06-25 12:48:27.320] Selected the bad axiom SubClassOf(IncidentHistory PatientCharacteristic).
[2026-06-25 12:48:27.323] Found 70 possible bad axioms.
[2026-06-25 12:48:27.323] Selected the bad axiom SubClassOf(DeviceType DeviceCharacteristic).
[2026-06-25 12:48:27.325] Found 69 possible bad axioms.
[2026-06-25 12:48:27.325] Selected the bad axiom SubClassOf(ImmediateAction Action).
[2026-06-25 12:48:27.332] Found 68 possible bad axioms.
[2026-06-25 12:48:27.332] Selected the bad axiom SubClassOf(PhysicianActivity Activity).
[2026-06-25 12:48:27.335] Found 67 possible bad axioms.
[2026-06-25 12:48:27.335] Selected the bad axiom SubClassOf(Resource-OrganizationalManagement IncidentType).
[2026-06-25 12:48:27.341] Found 66 possible bad axioms.
[2026-06-25 12:48:27.341] Selected the bad axiom SubClassOf(CheckDevice StuffActivity).
[2026-06-25 12:48:27.343] Found 65 possible bad axioms.
[2026-06-25 12:48:27.343] Selected the bad axiom SubClassOf(Social/EconomicalImpact PatientOutcome).
[2026-06-25 12:48:27.346] Found 64 possible bad axioms.
[2026-06-25 12:48:27.346] Selected the bad axiom SubClassOf(PatientActivity Activity).
[2026-06-25 12:48:27.349] Found 63 possible bad axioms.
[2026-06-25 12:48:27.349] Selected the bad axiom ClassAssertion(SkinTear skin_tear).
[2026-06-25 12:48:27.350] Found 62 possible bad axioms.
[2026-06-25 12:4
...[truncated]
SUCCESS: attempt=97 seed=1363247 success_count=50/100
progress: ontology=MEDEON attempt=97 success=50/100
----- MEDEON attempt=98 seed=1377447 at 2026-06-25 12:49:02 -----
--- stdout ---
{"seed":1377447,"run_id":"20260624134028346645","trial_status":"time_limit_exceeded","error_type":"timeout","failure_stage":"B7","error_message":"Repair timeout: B7 exceeded 300 seconds","iic_values":{},"repair_runtimes_ms":{"A1":121,"A2":1183,"A3":294,"B1":436,"B2":4675,"B3":3299,"B4":147,"B5":7754,"B6":5442,"B7":300001}}

--- stderr ---
SingleTrialExperiment starting: ontology=/workspaces/ontologyutils-ekaw26/repair-power-index-replication-ekaw26/ontologies/inconsistent/MEDEON.owl, seed=1377447, run_id=20260624134028346645
Loaded ontology.
Normalizing ontology with SROIQ normalization...
Normalized ontology with SROIQ normalization.
Ontology is already inconsistent, skipping make-inconsistent step.
Repairing with A1 (random-removal)...
[2026-06-25 12:49:03.298] Checking precondition...
[2026-06-25 12:49:03.315] Starting the repair...
[2026-06-25 12:49:03.322] Found 78 possible bad axioms.
[2026-06-25 12:49:03.323] Selected the bad axiom SubClassOf(AssistiveDevice Device/Equipment).
[2026-06-25 12:49:03.329] Found 77 possible bad axioms.
[2026-06-25 12:49:03.329] Selected the bad axiom SubClassOf(MedicalDevice-Equipment IncidentType).
[2026-06-25 12:49:03.333] Found 76 possible bad axioms.
[2026-06-25 12:49:03.334] Selected the bad axiom SubClassOf(UseError ErrorType).
[2026-06-25 12:49:03.338] Found 75 possible bad axioms.
[2026-06-25 12:49:03.338] Selected the bad axiom SubClassOf(Blood-BloodProduct IncidentType).
[2026-06-25 12:49:03.341] Found 74 possible bad axioms.
[2026-06-25 12:49:03.341] Selected the bad axiom SubClassOf(Timing StateOfCare).
[2026-06-25 12:49:03.344] Found 73 possible bad axioms.
[2026-06-25 12:49:03.344] Selected the bad axiom SubClassOf(PatientBehaviour IncidentType).
[2026-06-25 12:49:03.346] Found 72 possible bad axioms.
[2026-06-25 12:49:03.347] Selected the bad axiom SubClassOf(ObjectSomeValuesFrom(involvesActivity ObjectSomeValuesFrom(hasParticipant Patient)) Fall).
[2026-06-25 12:49:03.349] Found 71 possible bad axioms.
[2026-06-25 12:49:03.349] Selected the bad axiom SubClassOf(MentalStatus PhysicalCondition).
[2026-06-25 12:49:03.352] Found 70 possible bad axioms.
[2026-06-25 12:49:03.352] Selected the bad axiom SubClassOf(DegreeOfHarm PatientOutcome).
[2026-06-25 12:49:03.355] Found 69 possible bad axioms.
[2026-06-25 12:49:03.355] Selected the bad axiom SubClassOf(StopUse MitigatingFactor).
[2026-06-25 12:49:03.361] Found 68 possible bad axioms.
[2026-06-25 12:49:03.361] Selected the bad axiom SubClassOf(Management Action).
[2026-06-25 12:49:03.369] Found 67 possible bad axioms.
[2026-06-25 12:49:03.369] Selected the bad axiom SubClassOf(TypeOfHarm PatientOutcome).
[2026-06-25 12:49:03.372] Found 66 possible bad axioms.
[2026-06-25 12:49:03.372] Selected the bad axiom SubClassOf(Medication-IVFluid IncidentType).
[2026-06-25 12:49:03.374] Found 65 possible bad axioms.
[2026-06-25 12:49:03.374] Selected the bad axiom SubClassOf(StuffActivity Activity).
[2026-06-25 12:49:03.377] Found 64 possible bad axioms.
[2026-06-25 12:49:03.377] Selected the bad axiom SubClassOf(Time TemporalInfo).
[2026-06-25 12:49:03.381] Found 63 possible bad axioms.
[2026-06-25 12:49:03.381] Selected the bad axiom ObjectPropertyAssertion(involvesActivity patient_fall slip_down).
[2026-06-25 12:49:03.382] Found 62 possible bad axioms.
[2026-06-25 12:49:03.383] Selected t
...[truncated]
FAIL: attempt=98 seed=1377447 status=time_limit_exceeded stage=B7 message=Repair timeout: B7 exceeded 300 seconds
progress: ontology=MEDEON attempt=98 success=50/100
----- MEDEON attempt=99 seed=1391647 at 2026-06-25 12:54:26 -----
--- stdout ---
{"seed":1391647,"run_id":"20260624134028346645","trial_status":"success","error_type":null,"failure_stage":null,"error_message":null,"iic_values":{"B1_vs_A1":0.3333333333333333,"B1_vs_A2":1.0,"B1_vs_A3":1.0,"B2_vs_A1":1.0,"B2_vs_A2":1.0,"B2_vs_A3":1.0,"B3_vs_A1":0.32978723404255317,"B3_vs_A2":1.0,"B3_vs_A3":1.0,"B4_vs_A1":1.0,"B4_vs_A2":1.0,"B4_vs_A3":1.0,"B5_vs_A1":1.0,"B5_vs_A2":1.0,"B5_vs_A3":1.0,"B6_vs_A1":1.0,"B6_vs_A2":1.0,"B6_vs_A3":1.0,"B7_vs_A1":1.0,"B7_vs_A2":1.0,"B7_vs_A3":1.0,"B8_vs_A1":1.0,"B8_vs_A2":1.0,"B8_vs_A3":1.0,"B9_vs_A1":1.0,"B9_vs_A2":1.0,"B9_vs_A3":1.0},"repair_runtimes_ms":{"A1":118,"A2":1193,"A3":314,"B1":243,"B2":1288,"B3":3311,"B4":349,"B5":7668,"B6":1095,"B7":333,"B8":7613,"B9":5628}}

--- stderr ---
SingleTrialExperiment starting: ontology=/workspaces/ontologyutils-ekaw26/repair-power-index-replication-ekaw26/ontologies/inconsistent/MEDEON.owl, seed=1391647, run_id=20260624134028346645
Loaded ontology.
Normalizing ontology with SROIQ normalization...
Normalized ontology with SROIQ normalization.
Ontology is already inconsistent, skipping make-inconsistent step.
Repairing with A1 (random-removal)...
[2026-06-25 12:54:27.164] Checking precondition...
[2026-06-25 12:54:27.181] Starting the repair...
[2026-06-25 12:54:27.188] Found 78 possible bad axioms.
[2026-06-25 12:54:27.189] Selected the bad axiom SubClassOf(Blood-BloodProduct IncidentType).
[2026-06-25 12:54:27.195] Found 77 possible bad axioms.
[2026-06-25 12:54:27.195] Selected the bad axiom SubClassOf(NotifyManufacturer MitigatingFactor).
[2026-06-25 12:54:27.200] Found 76 possible bad axioms.
[2026-06-25 12:54:27.200] Selected the bad axiom ObjectPropertyAssertion(hasParticipant slip_down pt).
[2026-06-25 12:54:27.202] Found 75 possible bad axioms.
[2026-06-25 12:54:27.202] Selected the bad axiom ObjectPropertyAssertion(involvesActivity patient_fall slip_down).
[2026-06-25 12:54:27.203] Found 74 possible bad axioms.
[2026-06-25 12:54:27.203] Selected the bad axiom SubClassOf(DeviceFailure ErrorType).
[2026-06-25 12:54:27.207] Found 73 possible bad axioms.
[2026-06-25 12:54:27.207] Selected the bad axiom SubClassOf(MissingInstrument ErrorType).
[2026-06-25 12:54:27.211] Found 72 possible bad axioms.
[2026-06-25 12:54:27.211] Selected the bad axiom SubClassOf(MentalStatus PhysicalCondition).
[2026-06-25 12:54:27.214] Found 71 possible bad axioms.
[2026-06-25 12:54:27.214] Selected the bad axiom ObjectPropertyAssertion(hasOutcome patient_fall fracture).
[2026-06-25 12:54:27.215] Found 70 possible bad axioms.
[2026-06-25 12:54:27.215] Selected the bad axiom SubClassOf(StopUse ChangeOfInstrument).
[2026-06-25 12:54:27.218] Found 69 possible bad axioms.
[2026-06-25 12:54:27.218] Selected the bad axiom SubClassOf(HealthcareAssociatedInfection IncidentType).
[2026-06-25 12:54:27.221] Found 68 possible bad axioms.
[2026-06-25 12:54:27.221] Selected the bad axiom SubClassOf(Fall IncidentType).
[2026-06-25 12:54:27.227] Found 67 possible bad axioms.
[2026-06-25 12:54:27.227] Selected the bad axiom SubClassOf(TypeOfHarm PatientOutcome).
[2026-06-25 12:54:27.230] Found 66 possible bad axioms.
[2026-06-25 12:54:27.230] Selected the bad axiom SubClassOf(ImmediateAction Action).
[2026-06-25 12:54:27.232] Found 65 possible bad axioms.
[2026-06-25 12:54:27.233] Selected the bad axiom SubClassOf(Social/EconomicalImpact PatientOutcome).
[2026-06-25 12:54:27.240] Found 64 possible bad axioms.
[2026-06-25 12:54:27.240] Selected the bad axiom SubClassOf(UseError ErrorType).
[2026-06-25 12:54:27.242] Found 63 possible bad axioms.
[2026-06-25 12:54:27.242] Selected the bad axiom SubClassOf(Medication-IVFluid IncidentType).
[2026-06-25 12:54:27.244] Found 62 possible bad axioms.
[2026-06-25 12:54:27.244] Selec
...[truncated]
SUCCESS: attempt=99 seed=1391647 success_count=51/100
progress: ontology=MEDEON attempt=99 success=51/100
----- MEDEON attempt=100 seed=1405847 at 2026-06-25 12:54:56 -----
--- stdout ---
{"seed":1405847,"run_id":"20260624134028346645","trial_status":"success","error_type":null,"failure_stage":null,"error_message":null,"iic_values":{"B1_vs_A1":1.0,"B1_vs_A2":0.5,"B1_vs_A3":1.0,"B2_vs_A1":0.3076923076923077,"B2_vs_A2":0.0,"B2_vs_A3":0.4,"B3_vs_A1":0.3076923076923077,"B3_vs_A2":0.0,"B3_vs_A3":0.4,"B4_vs_A1":1.0,"B4_vs_A2":0.5,"B4_vs_A3":1.0,"B5_vs_A1":1.0,"B5_vs_A2":0.5,"B5_vs_A3":1.0,"B6_vs_A1":1.0,"B6_vs_A2":0.5,"B6_vs_A3":1.0,"B7_vs_A1":1.0,"B7_vs_A2":0.5,"B7_vs_A3":1.0,"B8_vs_A1":1.0,"B8_vs_A2":0.5,"B8_vs_A3":1.0,"B9_vs_A1":1.0,"B9_vs_A2":0.5,"B9_vs_A3":1.0},"repair_runtimes_ms":{"A1":126,"A2":1176,"A3":311,"B1":436,"B2":4562,"B3":3208,"B4":217,"B5":8144,"B6":1094,"B7":336,"B8":7804,"B9":5608}}

--- stderr ---
SingleTrialExperiment starting: ontology=/workspaces/ontologyutils-ekaw26/repair-power-index-replication-ekaw26/ontologies/inconsistent/MEDEON.owl, seed=1405847, run_id=20260624134028346645
Loaded ontology.
Normalizing ontology with SROIQ normalization...
Normalized ontology with SROIQ normalization.
Ontology is already inconsistent, skipping make-inconsistent step.
Repairing with A1 (random-removal)...
[2026-06-25 12:54:57.051] Checking precondition...
[2026-06-25 12:54:57.069] Starting the repair...
[2026-06-25 12:54:57.077] Found 78 possible bad axioms.
[2026-06-25 12:54:57.079] Selected the bad axiom SubClassOf(Defect ErrorType).
[2026-06-25 12:54:57.084] Found 77 possible bad axioms.
[2026-06-25 12:54:57.085] Selected the bad axiom ObjectPropertyAssertion(hasOutcome patient_fall fracture).
[2026-06-25 12:54:57.087] Found 76 possible bad axioms.
[2026-06-25 12:54:57.087] Selected the bad axiom SubClassOf(AssistiveDevice Device/Equipment).
[2026-06-25 12:54:57.092] Found 75 possible bad axioms.
[2026-06-25 12:54:57.092] Selected the bad axiom SubClassOf(StateOfCare TemporalInfo).
[2026-06-25 12:54:57.097] Found 74 possible bad axioms.
[2026-06-25 12:54:57.097] Selected the bad axiom SubClassOf(Timing TemporalInfo).
[2026-06-25 12:54:57.101] Found 73 possible bad axioms.
[2026-06-25 12:54:57.101] Selected the bad axiom SubClassOf(UseError ErrorType).
[2026-06-25 12:54:57.104] Found 72 possible bad axioms.
[2026-06-25 12:54:57.104] Selected the bad axiom SubClassOf(Pathology-Laboratory IncidentType).
[2026-06-25 12:54:57.108] Found 71 possible bad axioms.
[2026-06-25 12:54:57.108] Selected the bad axiom SubClassOf(Delay ErrorType).
[2026-06-25 12:54:57.111] Found 70 possible bad axioms.
[2026-06-25 12:54:57.111] Selected the bad axiom SubClassOf(Medication-IVFluid IncidentType).
[2026-06-25 12:54:57.114] Found 69 possible bad axioms.
[2026-06-25 12:54:57.114] Selected the bad axiom SubClassOf(DeviceAvailability ErrorType).
[2026-06-25 12:54:57.123] Found 68 possible bad axioms.
[2026-06-25 12:54:57.123] Selected the bad axiom SubClassOf(Fall ObjectSomeValuesFrom(hasOutcome ObjectSomeValuesFrom(hasParticipant Patient))).
[2026-06-25 12:54:57.127] Found 67 possible bad axioms.
[2026-06-25 12:54:57.127] Selected the bad axiom ClassAssertion(PatientActivity slip_down).
[2026-06-25 12:54:57.128] Found 66 possible bad axioms.
[2026-06-25 12:54:57.128] Selected the bad axiom ClassAssertion(SkinTear skin_tear).
[2026-06-25 12:54:57.129] Found 65 possible bad axioms.
[2026-06-25 12:54:57.129] Selected the bad axiom SubClassOf(CheckDevice StuffActivity).
[2026-06-25 12:54:57.136] Found 64 possible bad axioms.
[2026-06-25 12:54:57.136] Selected the bad axiom SubClassOf(StopUse ChangeOfInstrument).
[2026-06-25 12:54:57.138] Found 63 possible bad axioms.
[2026-06-25 12:54:57.138] Selected the bad axiom ObjectPropertyAssertion(hasParticipant fracture pt).
[2026-06-25 12:54:57.139] Found 62 possible bad axioms.
[2026-06-25 12:54:57.139] Selected the bad axiom 
...[truncated]
SUCCESS: attempt=100 seed=1405847 success_count=52/100
progress: ontology=MEDEON attempt=100 success=52/100
----- MEDEON attempt=101 seed=1420047 at 2026-06-25 12:55:30 -----
--- stdout ---
{"seed":1420047,"run_id":"20260624134028346645","trial_status":"success","error_type":null,"failure_stage":null,"error_message":null,"iic_values":{"B1_vs_A1":0.3010752688172043,"B1_vs_A2":0.5,"B1_vs_A3":0.0,"B2_vs_A1":0.3076923076923077,"B2_vs_A2":1.0,"B2_vs_A3":0.6666666666666666,"B3_vs_A1":0.3076923076923077,"B3_vs_A2":1.0,"B3_vs_A3":0.6666666666666666,"B4_vs_A1":1.0,"B4_vs_A2":1.0,"B4_vs_A3":1.0,"B5_vs_A1":1.0,"B5_vs_A2":1.0,"B5_vs_A3":1.0,"B6_vs_A1":1.0,"B6_vs_A2":1.0,"B6_vs_A3":1.0,"B7_vs_A1":1.0,"B7_vs_A2":1.0,"B7_vs_A3":1.0,"B8_vs_A1":1.0,"B8_vs_A2":1.0,"B8_vs_A3":1.0,"B9_vs_A1":1.0,"B9_vs_A2":1.0,"B9_vs_A3":1.0},"repair_runtimes_ms":{"A1":107,"A2":1222,"A3":329,"B1":253,"B2":4715,"B3":3525,"B4":121,"B5":1767,"B6":5573,"B7":213,"B8":7780,"B9":5649}}

--- stderr ---
SingleTrialExperiment starting: ontology=/workspaces/ontologyutils-ekaw26/repair-power-index-replication-ekaw26/ontologies/inconsistent/MEDEON.owl, seed=1420047, run_id=20260624134028346645
Loaded ontology.
Normalizing ontology with SROIQ normalization...
Normalized ontology with SROIQ normalization.
Ontology is already inconsistent, skipping make-inconsistent step.
Repairing with A1 (random-removal)...
[2026-06-25 12:55:30.790] Checking precondition...
[2026-06-25 12:55:30.805] Starting the repair...
[2026-06-25 12:55:30.812] Found 78 possible bad axioms.
[2026-06-25 12:55:30.814] Selected the bad axiom SubClassOf(Treatment Action).
[2026-06-25 12:55:30.820] Found 77 possible bad axioms.
[2026-06-25 12:55:30.820] Selected the bad axiom SubClassOf(Fall IncidentType).
[2026-06-25 12:55:30.824] Found 76 possible bad axioms.
[2026-06-25 12:55:30.824] Selected the bad axiom SubClassOf(Infrastructure-Building-Fixture PatientBehaviour).
[2026-06-25 12:55:30.829] Found 75 possible bad axioms.
[2026-06-25 12:55:30.829] Selected the bad axiom SubClassOf(Fall ObjectSomeValuesFrom(hasOutcome ObjectSomeValuesFrom(hasParticipant Patient))).
[2026-06-25 12:55:30.832] Found 74 possible bad axioms.
[2026-06-25 12:55:30.832] Selected the bad axiom SubClassOf(ChangeOfInstrument MitigatingFactor).
[2026-06-25 12:55:30.835] Found 73 possible bad axioms.
[2026-06-25 12:55:30.835] Selected the bad axiom ObjectPropertyAssertion(hasParticipant slip_down pt).
[2026-06-25 12:55:30.836] Found 72 possible bad axioms.
[2026-06-25 12:55:30.837] Selected the bad axiom SubClassOf(DeviceType DeviceCharacteristic).
[2026-06-25 12:55:30.839] Found 71 possible bad axioms.
[2026-06-25 12:55:30.840] Selected the bad axiom SubClassOf(SkinTear TypeOfHarm).
[2026-06-25 12:55:30.842] Found 70 possible bad axioms.
[2026-06-25 12:55:30.843] Selected the bad axiom ClassAssertion(SkinTear skin_tear).
[2026-06-25 12:55:30.843] Found 69 possible bad axioms.
[2026-06-25 12:55:30.843] Selected the bad axiom SubClassOf(MentalStatus PatientCharacteristic).
[2026-06-25 12:55:30.846] Found 68 possible bad axioms.
[2026-06-25 12:55:30.846] Selected the bad axiom SubClassOf(PhysicianActivity Activity).
[2026-06-25 12:55:30.853] Found 67 possible bad axioms.
[2026-06-25 12:55:30.853] Selected the bad axiom SubClassOf(StopUse ChangeOfInstrument).
[2026-06-25 12:55:30.855] Found 66 possible bad axioms.
[2026-06-25 12:55:30.856] Selected the bad axiom SubClassOf(InjuryAssessment Assessment).
[2026-06-25 12:55:30.863] Found 65 possible bad axioms.
[2026-06-25 12:55:30.863] Selected the bad axiom SubClassOf(PatientAccident IncidentType).
[2026-06-25 12:55:30.865] Found 64 possible bad axioms.
[2026-06-25 12:55:30.865] Selected the bad axiom SubClassOf(ClinicalProcess IncidentType).
[2026-06-25 12:55:30.868] Found 63 possible bad axioms.
[2026-06-25 12:55:30.868] Selected the bad axiom SubClassOf(DeviceFailure ErrorType).
[2026-06-25 12:55:30.870] Found 62 possible bad axioms.
[2026-06-25 12:55:30.871] Selec
...[truncated]
SUCCESS: attempt=101 seed=1420047 success_count=53/100
progress: ontology=MEDEON attempt=101 success=53/100
----- MEDEON attempt=102 seed=1434247 at 2026-06-25 12:56:05 -----
--- stdout ---
{"seed":1434247,"run_id":"20260624134028346645","trial_status":"success","error_type":null,"failure_stage":null,"error_message":null,"iic_values":{"B1_vs_A1":1.0,"B1_vs_A2":1.0,"B1_vs_A3":1.0,"B2_vs_A1":0.045454545454545456,"B2_vs_A2":1.0,"B2_vs_A3":0.6666666666666666,"B3_vs_A1":0.045454545454545456,"B3_vs_A2":1.0,"B3_vs_A3":0.6666666666666666,"B4_vs_A1":1.0,"B4_vs_A2":1.0,"B4_vs_A3":1.0,"B5_vs_A1":1.0,"B5_vs_A2":1.0,"B5_vs_A3":1.0,"B6_vs_A1":1.0,"B6_vs_A2":1.0,"B6_vs_A3":1.0,"B7_vs_A1":1.0,"B7_vs_A2":1.0,"B7_vs_A3":1.0,"B8_vs_A1":1.0,"B8_vs_A2":1.0,"B8_vs_A3":1.0,"B9_vs_A1":1.0,"B9_vs_A2":1.0,"B9_vs_A3":1.0},"repair_runtimes_ms":{"A1":49,"A2":1251,"A3":319,"B1":212,"B2":4507,"B3":3390,"B4":159,"B5":7397,"B6":1063,"B7":156,"B8":8332,"B9":5520}}

--- stderr ---
SingleTrialExperiment starting: ontology=/workspaces/ontologyutils-ekaw26/repair-power-index-replication-ekaw26/ontologies/inconsistent/MEDEON.owl, seed=1434247, run_id=20260624134028346645
Loaded ontology.
Normalizing ontology with SROIQ normalization...
Normalized ontology with SROIQ normalization.
Ontology is already inconsistent, skipping make-inconsistent step.
Repairing with A1 (random-removal)...
[2026-06-25 12:56:05.767] Checking precondition...
[2026-06-25 12:56:05.786] Starting the repair...
[2026-06-25 12:56:05.792] Found 78 possible bad axioms.
[2026-06-25 12:56:05.793] Selected the bad axiom SubClassOf(ClinicalProcess IncidentType).
[2026-06-25 12:56:05.800] Found 77 possible bad axioms.
[2026-06-25 12:56:05.800] Selected the bad axiom SubClassOf(Management Action).
[2026-06-25 12:56:05.804] Found 76 possible bad axioms.
[2026-06-25 12:56:05.804] Selected the bad axiom SubClassOf(DeviceType DeviceCharacteristic).
[2026-06-25 12:56:05.808] Found 75 possible bad axioms.
[2026-06-25 12:56:05.808] Selected the bad axiom SubClassOf(Infrastructure-Building-Fixture IncidentType).
[2026-06-25 12:56:05.811] Found 74 possible bad axioms.
[2026-06-25 12:56:05.812] Selected the bad axiom ClassAssertion(Patient pt).
[2026-06-25 12:56:05.813] Finished repairing the ontology.
Repairing with A2 (not-in-largest-mcs-removal)...
[2026-06-25 12:56:05.813] Checking precondition...
[2026-06-25 12:56:05.820] Starting the repair...
[2026-06-25 12:56:07.064] Found 2 possible bad axioms.
[2026-06-25 12:56:07.065] Selected the bad axiom SubClassOf(Fall ObjectSomeValuesFrom(involvesActivity owl:Nothing)).
[2026-06-25 12:56:07.065] Finished repairing the ontology.
Repairing with A3 (default-weakening)...
[2026-06-25 12:56:07.066] Checking precondition...
[2026-06-25 12:56:07.069] Starting the repair...
[2026-06-25 12:56:07.080] Selected a reference ontology with 152 axioms.
[2026-06-25 12:56:07.306] Selected the bad axiom SubClassOf(Fall ObjectSomeValuesFrom(involvesActivity owl:Nothing)).
[2026-06-25 12:56:07.382] Selected the weaker axiom SubClassOf(Fall HealthcareAssociatedInfection).
[2026-06-25 12:56:07.384] Finished repairing the ontology.
Repairing with B1 (bad-in_some_mus-weaker-random)...
[2026-06-25 12:56:07.385] Checking precondition...
[2026-06-25 12:56:07.387] Starting the repair...
[2026-06-25 12:56:07.396] Selected a reference ontology with 150 axioms.
[2026-06-25 12:56:07.588] Selected the bad axiom ClassAssertion(Patient pt).
[2026-06-25 12:56:07.596] Selected the weaker axiom ClassAssertion(owl:Thing pt).
[2026-06-25 12:56:07.597] Finished repairing the ontology.
Repairing with B2 (bad-in_some_mus-weaker-shapley)...
[2026-06-25 12:56:07.599] Checking precondition...
[2026-06-25 12:56:07.600] Starting the repair...
[2026-06-25 12:56:07.610] Selected a reference ontology with 150 axioms.
[2026-06-25 12:56:07.781] Selected the bad axiom SubClassOf(Fall ObjectSomeValuesFrom(involvesActivity owl:Nothing)).
[PowerIndexWeakerAxiomSelector] Scoring 103
...[truncated]
SUCCESS: attempt=102 seed=1434247 success_count=54/100
progress: ontology=MEDEON attempt=102 success=54/100
----- MEDEON attempt=103 seed=1448447 at 2026-06-25 12:56:38 -----
--- stdout ---
{"seed":1448447,"run_id":"20260624134028346645","trial_status":"success","error_type":null,"failure_stage":null,"error_message":null,"iic_values":{"B1_vs_A1":1.0,"B1_vs_A2":0.5,"B1_vs_A3":1.0,"B2_vs_A1":1.0,"B2_vs_A2":0.0,"B2_vs_A3":1.0,"B3_vs_A1":1.0,"B3_vs_A2":0.5,"B3_vs_A3":1.0,"B4_vs_A1":1.0,"B4_vs_A2":0.5,"B4_vs_A3":1.0,"B5_vs_A1":1.0,"B5_vs_A2":0.5,"B5_vs_A3":1.0,"B6_vs_A1":1.0,"B6_vs_A2":0.5,"B6_vs_A3":1.0,"B7_vs_A1":1.0,"B7_vs_A2":0.5,"B7_vs_A3":1.0,"B8_vs_A1":1.0,"B8_vs_A2":0.5,"B8_vs_A3":1.0,"B9_vs_A1":1.0,"B9_vs_A2":0.5,"B9_vs_A3":1.0},"repair_runtimes_ms":{"A1":91,"A2":1214,"A3":311,"B1":394,"B2":4577,"B3":330,"B4":283,"B5":1752,"B6":5000,"B7":198,"B8":7844,"B9":5064}}

--- stderr ---
SingleTrialExperiment starting: ontology=/workspaces/ontologyutils-ekaw26/repair-power-index-replication-ekaw26/ontologies/inconsistent/MEDEON.owl, seed=1448447, run_id=20260624134028346645
Loaded ontology.
Normalizing ontology with SROIQ normalization...
Normalized ontology with SROIQ normalization.
Ontology is already inconsistent, skipping make-inconsistent step.
Repairing with A1 (random-removal)...
[2026-06-25 12:56:38.884] Checking precondition...
[2026-06-25 12:56:38.900] Starting the repair...
[2026-06-25 12:56:38.906] Found 78 possible bad axioms.
[2026-06-25 12:56:38.908] Selected the bad axiom SubClassOf(CheckDevice StuffActivity).
[2026-06-25 12:56:38.915] Found 77 possible bad axioms.
[2026-06-25 12:56:38.916] Selected the bad axiom SubClassOf(InappropriateUse ErrorType).
[2026-06-25 12:56:38.920] Found 76 possible bad axioms.
[2026-06-25 12:56:38.920] Selected the bad axiom SubClassOf(MentalStatus PatientCharacteristic).
[2026-06-25 12:56:38.924] Found 75 possible bad axioms.
[2026-06-25 12:56:38.924] Selected the bad axiom SubClassOf(Fall ObjectSomeValuesFrom(hasOutcome ObjectSomeValuesFrom(hasParticipant Patient))).
[2026-06-25 12:56:38.928] Found 74 possible bad axioms.
[2026-06-25 12:56:38.928] Selected the bad axiom ObjectPropertyAssertion(hasOutcome patient_fall fracture).
[2026-06-25 12:56:38.929] Found 73 possible bad axioms.
[2026-06-25 12:56:38.929] Selected the bad axiom SubClassOf(Timing TemporalInfo).
[2026-06-25 12:56:38.932] Found 72 possible bad axioms.
[2026-06-25 12:56:38.932] Selected the bad axiom SubClassOf(TypeOfHarm PatientOutcome).
[2026-06-25 12:56:38.935] Found 71 possible bad axioms.
[2026-06-25 12:56:38.935] Selected the bad axiom SubClassOf(MedicalDevice-Equipment IncidentType).
[2026-06-25 12:56:38.938] Found 70 possible bad axioms.
[2026-06-25 12:56:38.939] Selected the bad axiom ClassAssertion(IncidentType patient_fall).
[2026-06-25 12:56:38.939] Found 69 possible bad axioms.
[2026-06-25 12:56:38.939] Selected the bad axiom SubClassOf(MonitoringDevice Device/Equipment).
[2026-06-25 12:56:38.946] Found 68 possible bad axioms.
[2026-06-25 12:56:38.946] Selected the bad axiom SubClassOf(Therapy Action).
[2026-06-25 12:56:38.949] Found 67 possible bad axioms.
[2026-06-25 12:56:38.949] Selected the bad axiom SubClassOf(PhysicalCondition PatientCharacteristic).
[2026-06-25 12:56:38.952] Found 66 possible bad axioms.
[2026-06-25 12:56:38.952] Selected the bad axiom SubClassOf(Resource-OrganizationalManagement IncidentType).
[2026-06-25 12:56:38.959] Found 65 possible bad axioms.
[2026-06-25 12:56:38.959] Selected the bad axiom SubClassOf(IncidentHistory PatientCharacteristic).
[2026-06-25 12:56:38.961] Found 64 possible bad axioms.
[2026-06-25 12:56:38.961] Selected the bad axiom SubClassOf(PhysicianActivity Activity).
[2026-06-25 12:56:38.964] Found 63 possible bad axioms.
[2026-06-25 12:56:38.964] Selected the bad axiom SubClassOf(Blood-BloodProduct IncidentType).
[2026-06-25 12:56:38.966] Found 62 possibl
...[truncated]
SUCCESS: attempt=103 seed=1448447 success_count=55/100
progress: ontology=MEDEON attempt=103 success=55/100
----- MEDEON attempt=104 seed=1462647 at 2026-06-25 12:57:06 -----
--- stdout ---
{"seed":1462647,"run_id":"20260624134028346645","trial_status":"success","error_type":null,"failure_stage":null,"error_message":null,"iic_values":{"B1_vs_A1":0.11267605633802817,"B1_vs_A2":1.0,"B1_vs_A3":0.0,"B2_vs_A1":0.11267605633802817,"B2_vs_A2":1.0,"B2_vs_A3":0.0,"B3_vs_A1":1.0,"B3_vs_A2":1.0,"B3_vs_A3":0.5,"B4_vs_A1":1.0,"B4_vs_A2":1.0,"B4_vs_A3":0.5,"B5_vs_A1":1.0,"B5_vs_A2":1.0,"B5_vs_A3":0.5,"B6_vs_A1":1.0,"B6_vs_A2":1.0,"B6_vs_A3":0.5,"B7_vs_A1":1.0,"B7_vs_A2":1.0,"B7_vs_A3":0.5,"B8_vs_A1":1.0,"B8_vs_A2":1.0,"B8_vs_A3":0.5,"B9_vs_A1":1.0,"B9_vs_A2":1.0,"B9_vs_A3":0.5},"repair_runtimes_ms":{"A1":52,"A2":1272,"A3":464,"B1":419,"B2":4881,"B3":484,"B4":172,"B5":7866,"B6":5396,"B7":267,"B8":9254,"B9":1069}}

--- stderr ---
SingleTrialExperiment starting: ontology=/workspaces/ontologyutils-ekaw26/repair-power-index-replication-ekaw26/ontologies/inconsistent/MEDEON.owl, seed=1462647, run_id=20260624134028346645
Loaded ontology.
Normalizing ontology with SROIQ normalization...
Normalized ontology with SROIQ normalization.
Ontology is already inconsistent, skipping make-inconsistent step.
Repairing with A1 (random-removal)...
[2026-06-25 12:57:06.672] Checking precondition...
[2026-06-25 12:57:06.689] Starting the repair...
[2026-06-25 12:57:06.695] Found 78 possible bad axioms.
[2026-06-25 12:57:06.697] Selected the bad axiom ObjectPropertyAssertion(hasParticipant fracture pt).
[2026-06-25 12:57:06.699] Found 77 possible bad axioms.
[2026-06-25 12:57:06.699] Selected the bad axiom ObjectPropertyAssertion(hasParticipant slip_down pt).
[2026-06-25 12:57:06.701] Found 76 possible bad axioms.
[2026-06-25 12:57:06.701] Selected the bad axiom SubClassOf(UseError ErrorType).
[2026-06-25 12:57:06.705] Found 75 possible bad axioms.
[2026-06-25 12:57:06.705] Selected the bad axiom SubClassOf(Time TemporalInfo).
[2026-06-25 12:57:06.710] Found 74 possible bad axioms.
[2026-06-25 12:57:06.710] Selected the bad axiom SubClassOf(InjuryAssessment Assessment).
[2026-06-25 12:57:06.714] Found 73 possible bad axioms.
[2026-06-25 12:57:06.714] Selected the bad axiom SubClassOf(DeviceAvailability ErrorType).
[2026-06-25 12:57:06.717] Found 72 possible bad axioms.
[2026-06-25 12:57:06.717] Selected the bad axiom SubClassOf(StuffActivity Activity).
[2026-06-25 12:57:06.719] Found 71 possible bad axioms.
[2026-06-25 12:57:06.720] Selected the bad axiom ObjectPropertyAssertion(hasOutcome patient_fall skin_tear).
[2026-06-25 12:57:06.720] Finished repairing the ontology.
Repairing with A2 (not-in-largest-mcs-removal)...
[2026-06-25 12:57:06.721] Checking precondition...
[2026-06-25 12:57:06.727] Starting the repair...
[2026-06-25 12:57:07.992] Found 2 possible bad axioms.
[2026-06-25 12:57:07.992] Selected the bad axiom SubClassOf(Fall ObjectSomeValuesFrom(involvesActivity owl:Nothing)).
[2026-06-25 12:57:07.993] Finished repairing the ontology.
Repairing with A3 (default-weakening)...
[2026-06-25 12:57:07.994] Checking precondition...
[2026-06-25 12:57:07.996] Starting the repair...
[2026-06-25 12:57:08.009] Selected a reference ontology with 150 axioms.
[2026-06-25 12:57:08.234] Selected the bad axiom ClassAssertion(Patient pt).
[2026-06-25 12:57:08.257] Selected the weaker axiom ClassAssertion(Person pt).
[2026-06-25 12:57:08.453] Selected the bad axiom ClassAssertion(Person pt).
[2026-06-25 12:57:08.455] Selected the weaker axiom ClassAssertion(owl:Thing pt).
[2026-06-25 12:57:08.457] Finished repairing the ontology.
Repairing with B1 (bad-in_some_mus-weaker-random)...
[2026-06-25 12:57:08.458] Checking precondition...
[2026-06-25 12:57:08.461] Starting the repair...
[2026-06-25 12:57:08.471] Selected a reference ontology with 150 axioms.
[2026-06-25 12:57:08.646] Selected the bad axiom C
...[truncated]
SUCCESS: attempt=104 seed=1462647 success_count=56/100
progress: ontology=MEDEON attempt=104 success=56/100
----- MEDEON attempt=105 seed=1476847 at 2026-06-25 12:57:38 -----
--- stdout ---
{"seed":1476847,"run_id":"20260624134028346645","trial_status":"time_limit_exceeded","error_type":"timeout","failure_stage":"B4","error_message":"Repair timeout: B4 exceeded 300 seconds","iic_values":{},"repair_runtimes_ms":{"A1":125,"A2":1161,"A3":491,"B1":375,"B2":4830,"B3":3285,"B4":300001}}

--- stderr ---
SingleTrialExperiment starting: ontology=/workspaces/ontologyutils-ekaw26/repair-power-index-replication-ekaw26/ontologies/inconsistent/MEDEON.owl, seed=1476847, run_id=20260624134028346645
Loaded ontology.
Normalizing ontology with SROIQ normalization...
Normalized ontology with SROIQ normalization.
Ontology is already inconsistent, skipping make-inconsistent step.
Repairing with A1 (random-removal)...
[2026-06-25 12:57:39.033] Checking precondition...
[2026-06-25 12:57:39.050] Starting the repair...
[2026-06-25 12:57:39.057] Found 78 possible bad axioms.
[2026-06-25 12:57:39.058] Selected the bad axiom SubClassOf(Site PatientOutcome).
[2026-06-25 12:57:39.064] Found 77 possible bad axioms.
[2026-06-25 12:57:39.064] Selected the bad axiom SubClassOf(Management Action).
[2026-06-25 12:57:39.069] Found 76 possible bad axioms.
[2026-06-25 12:57:39.069] Selected the bad axiom SubClassOf(Time TemporalInfo).
[2026-06-25 12:57:39.074] Found 75 possible bad axioms.
[2026-06-25 12:57:39.074] Selected the bad axiom ObjectPropertyAssertion(hasParticipant skin_tear pt).
[2026-06-25 12:57:39.075] Found 74 possible bad axioms.
[2026-06-25 12:57:39.075] Selected the bad axiom ObjectPropertyAssertion(causes slip_down fracture).
[2026-06-25 12:57:39.076] Found 73 possible bad axioms.
[2026-06-25 12:57:39.076] Selected the bad axiom SubClassOf(ClinicalAdministration IncidentType).
[2026-06-25 12:57:39.079] Found 72 possible bad axioms.
[2026-06-25 12:57:39.080] Selected the bad axiom SubClassOf(Medication-IVFluid IncidentType).
[2026-06-25 12:57:39.082] Found 71 possible bad axioms.
[2026-06-25 12:57:39.083] Selected the bad axiom SubClassOf(Oxigen-GasVapour IncidentType).
[2026-06-25 12:57:39.085] Found 70 possible bad axioms.
[2026-06-25 12:57:39.085] Selected the bad axiom SubClassOf(Pathology-Laboratory IncidentType).
[2026-06-25 12:57:39.088] Found 69 possible bad axioms.
[2026-06-25 12:57:39.088] Selected the bad axiom SubClassOf(CheckDevice StuffActivity).
[2026-06-25 12:57:39.094] Found 68 possible bad axioms.
[2026-06-25 12:57:39.094] Selected the bad axiom SubClassOf(DeviceAvailability ErrorType).
[2026-06-25 12:57:39.098] Found 67 possible bad axioms.
[2026-06-25 12:57:39.098] Selected the bad axiom SubClassOf(Fall ObjectSomeValuesFrom(hasOutcome ObjectSomeValuesFrom(hasParticipant Patient))).
[2026-06-25 12:57:39.100] Found 66 possible bad axioms.
[2026-06-25 12:57:39.100] Selected the bad axiom SubClassOf(DeviceType DeviceCharacteristic).
[2026-06-25 12:57:39.107] Found 65 possible bad axioms.
[2026-06-25 12:57:39.107] Selected the bad axiom SubClassOf(Delay ErrorType).
[2026-06-25 12:57:39.109] Found 64 possible bad axioms.
[2026-06-25 12:57:39.109] Selected the bad axiom SubClassOf(SkinTear TypeOfHarm).
[2026-06-25 12:57:39.111] Found 63 possible bad axioms.
[2026-06-25 12:57:39.112] Selected the bad axiom SubClassOf(Documentation IncidentType).
[2026-06-25 12:57:39.114] Found 62 possible bad axioms.
[2026-06-25 12:57:39.114] Selected the bad axiom
...[truncated]
FAIL: attempt=105 seed=1476847 status=time_limit_exceeded stage=B4 message=Repair timeout: B4 exceeded 300 seconds
progress: ontology=MEDEON attempt=105 success=56/100
----- MEDEON attempt=106 seed=1491047 at 2026-06-25 13:02:49 -----
--- stdout ---
{"seed":1491047,"run_id":"20260624134028346645","trial_status":"success","error_type":null,"failure_stage":null,"error_message":null,"iic_values":{"B1_vs_A1":1.0,"B1_vs_A2":1.0,"B1_vs_A3":0.5,"B2_vs_A1":0.26744186046511625,"B2_vs_A2":1.0,"B2_vs_A3":0.0,"B3_vs_A1":0.26744186046511625,"B3_vs_A2":1.0,"B3_vs_A3":0.0,"B4_vs_A1":1.0,"B4_vs_A2":1.0,"B4_vs_A3":0.5,"B5_vs_A1":1.0,"B5_vs_A2":1.0,"B5_vs_A3":0.5,"B6_vs_A1":1.0,"B6_vs_A2":1.0,"B6_vs_A3":0.5,"B7_vs_A1":1.0,"B7_vs_A2":1.0,"B7_vs_A3":0.5,"B8_vs_A1":1.0,"B8_vs_A2":1.0,"B8_vs_A3":0.5,"B9_vs_A1":1.0,"B9_vs_A2":1.0,"B9_vs_A3":0.5},"repair_runtimes_ms":{"A1":93,"A2":1215,"A3":502,"B1":381,"B2":4840,"B3":3243,"B4":279,"B5":7781,"B6":5622,"B7":180,"B8":7779,"B9":5560}}

--- stderr ---
SingleTrialExperiment starting: ontology=/workspaces/ontologyutils-ekaw26/repair-power-index-replication-ekaw26/ontologies/inconsistent/MEDEON.owl, seed=1491047, run_id=20260624134028346645
Loaded ontology.
Normalizing ontology with SROIQ normalization...
Normalized ontology with SROIQ normalization.
Ontology is already inconsistent, skipping make-inconsistent step.
Repairing with A1 (random-removal)...
[2026-06-25 13:02:49.774] Checking precondition...
[2026-06-25 13:02:49.789] Starting the repair...
[2026-06-25 13:02:49.796] Found 78 possible bad axioms.
[2026-06-25 13:02:49.798] Selected the bad axiom ObjectPropertyAssertion(hasParticipant slip_down pt).
[2026-06-25 13:02:49.800] Found 77 possible bad axioms.
[2026-06-25 13:02:49.800] Selected the bad axiom ClassAssertion(PatientActivity slip_down).
[2026-06-25 13:02:49.801] Found 76 possible bad axioms.
[2026-06-25 13:02:49.802] Selected the bad axiom SubClassOf(MentalStatus PatientCharacteristic).
[2026-06-25 13:02:49.806] Found 75 possible bad axioms.
[2026-06-25 13:02:49.806] Selected the bad axiom SubClassOf(PatientActivity Activity).
[2026-06-25 13:02:49.810] Found 74 possible bad axioms.
[2026-06-25 13:02:49.810] Selected the bad axiom ObjectPropertyAssertion(causes slip_down skin_tear).
[2026-06-25 13:02:49.811] Found 73 possible bad axioms.
[2026-06-25 13:02:49.811] Selected the bad axiom ObjectPropertyAssertion(causes slip_down fracture).
[2026-06-25 13:02:49.812] Found 72 possible bad axioms.
[2026-06-25 13:02:49.812] Selected the bad axiom SubClassOf(DeviceName DeviceCharacteristic).
[2026-06-25 13:02:49.816] Found 71 possible bad axioms.
[2026-06-25 13:02:49.817] Selected the bad axiom SubClassOf(ErrorType IncidentCharacteristic).
[2026-06-25 13:02:49.819] Found 70 possible bad axioms.
[2026-06-25 13:02:49.819] Selected the bad axiom SubClassOf(InappropriateUse ErrorType).
[2026-06-25 13:02:49.822] Found 69 possible bad axioms.
[2026-06-25 13:02:49.822] Selected the bad axiom SubClassOf(Social/EconomicalImpact PatientOutcome).
[2026-06-25 13:02:49.825] Found 68 possible bad axioms.
[2026-06-25 13:02:49.825] Selected the bad axiom ObjectPropertyAssertion(hasParticipant skin_tear pt).
[2026-06-25 13:02:49.826] Found 67 possible bad axioms.
[2026-06-25 13:02:49.826] Selected the bad axiom SubClassOf(ImmediateAction Action).
[2026-06-25 13:02:49.832] Found 66 possible bad axioms.
[2026-06-25 13:02:49.832] Selected the bad axiom SubClassOf(StuffActivity Activity).
[2026-06-25 13:02:49.835] Found 65 possible bad axioms.
[2026-06-25 13:02:49.835] Selected the bad axiom SubClassOf(Process IncidentCharacteristic).
[2026-06-25 13:02:49.837] Found 64 possible bad axioms.
[2026-06-25 13:02:49.837] Selected the bad axiom SubClassOf(Delay ErrorType).
[2026-06-25 13:02:49.839] Found 63 possible bad axioms.
[2026-06-25 13:02:49.840] Selected the bad axiom SubClassOf(ChangeOfInstrument MitigatingFactor).
[2026-06-25 13:02:49.847] Found 62 possible bad axioms.
[2026-06-25 13:02:49.847] Selected the
...[truncated]
SUCCESS: attempt=106 seed=1491047 success_count=57/100
progress: ontology=MEDEON attempt=106 success=57/100
----- MEDEON attempt=107 seed=1505247 at 2026-06-25 13:03:27 -----
--- stdout ---
{"seed":1505247,"run_id":"20260624134028346645","trial_status":"success","error_type":null,"failure_stage":null,"error_message":null,"iic_values":{"B1_vs_A1":0.1388888888888889,"B1_vs_A2":0.0,"B1_vs_A3":1.0,"B2_vs_A1":0.136986301369863,"B2_vs_A2":0.0,"B2_vs_A3":1.0,"B3_vs_A1":1.0,"B3_vs_A2":0.5,"B3_vs_A3":1.0,"B4_vs_A1":1.0,"B4_vs_A2":0.5,"B4_vs_A3":1.0,"B5_vs_A1":1.0,"B5_vs_A2":0.5,"B5_vs_A3":1.0,"B6_vs_A1":1.0,"B6_vs_A2":0.5,"B6_vs_A3":1.0,"B7_vs_A1":1.0,"B7_vs_A2":0.5,"B7_vs_A3":1.0,"B8_vs_A1":1.0,"B8_vs_A2":0.5,"B8_vs_A3":1.0,"B9_vs_A1":1.0,"B9_vs_A2":0.5,"B9_vs_A3":1.0},"repair_runtimes_ms":{"A1":80,"A2":1250,"A3":315,"B1":248,"B2":4646,"B3":546,"B4":133,"B5":7850,"B6":5515,"B7":250,"B8":1698,"B9":1073}}

--- stderr ---
SingleTrialExperiment starting: ontology=/workspaces/ontologyutils-ekaw26/repair-power-index-replication-ekaw26/ontologies/inconsistent/MEDEON.owl, seed=1505247, run_id=20260624134028346645
Loaded ontology.
Normalizing ontology with SROIQ normalization...
Normalized ontology with SROIQ normalization.
Ontology is already inconsistent, skipping make-inconsistent step.
Repairing with A1 (random-removal)...
[2026-06-25 13:03:27.957] Checking precondition...
[2026-06-25 13:03:27.976] Starting the repair...
[2026-06-25 13:03:27.986] Found 78 possible bad axioms.
[2026-06-25 13:03:27.987] Selected the bad axiom SubClassOf(Blood-BloodProduct IncidentType).
[2026-06-25 13:03:27.994] Found 77 possible bad axioms.
[2026-06-25 13:03:27.994] Selected the bad axiom SubClassOf(Pathology-Laboratory IncidentType).
[2026-06-25 13:03:28.000] Found 76 possible bad axioms.
[2026-06-25 13:03:28.000] Selected the bad axiom ClassAssertion(IncidentType patient_fall).
[2026-06-25 13:03:28.002] Found 75 possible bad axioms.
[2026-06-25 13:03:28.002] Selected the bad axiom SubClassOf(DeviceName DeviceCharacteristic).
[2026-06-25 13:03:28.006] Found 74 possible bad axioms.
[2026-06-25 13:03:28.006] Selected the bad axiom SubClassOf(Fall ObjectSomeValuesFrom(involvesActivity ObjectSomeValuesFrom(hasParticipant Patient))).
[2026-06-25 13:03:28.009] Found 73 possible bad axioms.
[2026-06-25 13:03:28.010] Selected the bad axiom SubClassOf(ObjectSomeValuesFrom(hasOutcome ObjectSomeValuesFrom(hasParticipant Patient)) Fall).
[2026-06-25 13:03:28.013] Found 72 possible bad axioms.
[2026-06-25 13:03:28.013] Selected the bad axiom SubClassOf(Documentation IncidentType).
[2026-06-25 13:03:28.016] Found 71 possible bad axioms.
[2026-06-25 13:03:28.017] Selected the bad axiom SubClassOf(DeviceAvailability ErrorType).
[2026-06-25 13:03:28.019] Found 70 possible bad axioms.
[2026-06-25 13:03:28.019] Selected the bad axiom SubClassOf(Management Action).
[2026-06-25 13:03:28.022] Found 69 possible bad axioms.
[2026-06-25 13:03:28.022] Selected the bad axiom SubClassOf(TypeOfHarm PatientOutcome).
[2026-06-25 13:03:28.028] Found 68 possible bad axioms.
[2026-06-25 13:03:28.028] Selected the bad axiom ObjectPropertyAssertion(hasParticipant fracture pt).
[2026-06-25 13:03:28.029] Found 67 possible bad axioms.
[2026-06-25 13:03:28.029] Selected the bad axiom SubClassOf(Patient Person).
[2026-06-25 13:03:28.031] Found 66 possible bad axioms.
[2026-06-25 13:03:28.032] Selected the bad axiom ObjectPropertyAssertion(hasParticipant slip_down pt).
[2026-06-25 13:03:28.032] Finished repairing the ontology.
Repairing with A2 (not-in-largest-mcs-removal)...
[2026-06-25 13:03:28.033] Checking precondition...
[2026-06-25 13:03:28.044] Starting the repair...
[2026-06-25 13:03:29.281] Found 2 possible bad axioms.
[2026-06-25 13:03:29.282] Selected the bad axiom ClassAssertion(Patient pt).
[2026-06-25 13:03:29.283] Finished repairing the ontology.
Repairing with A3 (default-weakening)...
[2026-06-25 13:03:29.2
...[truncated]
SUCCESS: attempt=107 seed=1505247 success_count=58/100
progress: ontology=MEDEON attempt=107 success=58/100
----- MEDEON attempt=108 seed=1519447 at 2026-06-25 13:03:52 -----
--- stdout ---
{"seed":1519447,"run_id":"20260624134028346645","trial_status":"success","error_type":null,"failure_stage":null,"error_message":null,"iic_values":{"B1_vs_A1":0.39814814814814814,"B1_vs_A2":0.0,"B1_vs_A3":0.5,"B2_vs_A1":0.4056603773584906,"B2_vs_A2":0.0,"B2_vs_A3":1.0,"B3_vs_A1":1.0,"B3_vs_A2":0.5,"B3_vs_A3":1.0,"B4_vs_A1":1.0,"B4_vs_A2":0.5,"B4_vs_A3":1.0,"B5_vs_A1":1.0,"B5_vs_A2":0.5,"B5_vs_A3":1.0,"B6_vs_A1":1.0,"B6_vs_A2":0.5,"B6_vs_A3":1.0,"B7_vs_A1":1.0,"B7_vs_A2":0.5,"B7_vs_A3":1.0,"B8_vs_A1":1.0,"B8_vs_A2":0.5,"B8_vs_A3":1.0,"B9_vs_A1":1.0,"B9_vs_A2":0.5,"B9_vs_A3":1.0},"repair_runtimes_ms":{"A1":139,"A2":1166,"A3":307,"B1":256,"B2":4655,"B3":522,"B4":307,"B5":7781,"B6":5517,"B7":74,"B8":7841,"B9":1129}}

--- stderr ---
SingleTrialExperiment starting: ontology=/workspaces/ontologyutils-ekaw26/repair-power-index-replication-ekaw26/ontologies/inconsistent/MEDEON.owl, seed=1519447, run_id=20260624134028346645
Loaded ontology.
Normalizing ontology with SROIQ normalization...
Normalized ontology with SROIQ normalization.
Ontology is already inconsistent, skipping make-inconsistent step.
Repairing with A1 (random-removal)...
[2026-06-25 13:03:52.613] Checking precondition...
[2026-06-25 13:03:52.631] Starting the repair...
[2026-06-25 13:03:52.637] Found 78 possible bad axioms.
[2026-06-25 13:03:52.638] Selected the bad axiom ObjectPropertyAssertion(involvesActivity patient_fall slip_down).
[2026-06-25 13:03:52.641] Found 77 possible bad axioms.
[2026-06-25 13:03:52.641] Selected the bad axiom SubClassOf(Site PatientOutcome).
[2026-06-25 13:03:52.647] Found 76 possible bad axioms.
[2026-06-25 13:03:52.647] Selected the bad axiom SubClassOf(DegreeOfHarm PatientOutcome).
[2026-06-25 13:03:52.651] Found 75 possible bad axioms.
[2026-06-25 13:03:52.651] Selected the bad axiom SubClassOf(DeviceAvailability ErrorType).
[2026-06-25 13:03:52.655] Found 74 possible bad axioms.
[2026-06-25 13:03:52.655] Selected the bad axiom SubClassOf(Infrastructure-Building-Fixture IncidentType).
[2026-06-25 13:03:52.658] Found 73 possible bad axioms.
[2026-06-25 13:03:52.658] Selected the bad axiom SubClassOf(PressureUlcer IncidentType).
[2026-06-25 13:03:52.661] Found 72 possible bad axioms.
[2026-06-25 13:03:52.662] Selected the bad axiom SubClassOf(Social/EconomicalImpact PatientOutcome).
[2026-06-25 13:03:52.664] Found 71 possible bad axioms.
[2026-06-25 13:03:52.664] Selected the bad axiom SubClassOf(ErrorType IncidentCharacteristic).
[2026-06-25 13:03:52.667] Found 70 possible bad axioms.
[2026-06-25 13:03:52.667] Selected the bad axiom SubClassOf(Medication-IVFluid IncidentType).
[2026-06-25 13:03:52.669] Found 69 possible bad axioms.
[2026-06-25 13:03:52.669] Selected the bad axiom SubClassOf(HealthcareAssociatedInfection IncidentType).
[2026-06-25 13:03:52.676] Found 68 possible bad axioms.
[2026-06-25 13:03:52.676] Selected the bad axiom ObjectPropertyAssertion(hasParticipant slip_down pt).
[2026-06-25 13:03:52.677] Found 67 possible bad axioms.
[2026-06-25 13:03:52.677] Selected the bad axiom SubClassOf(PatientBehaviour IncidentType).
[2026-06-25 13:03:52.680] Found 66 possible bad axioms.
[2026-06-25 13:03:52.680] Selected the bad axiom SubClassOf(Fall ObjectSomeValuesFrom(involvesActivity ObjectSomeValuesFrom(hasParticipant Patient))).
[2026-06-25 13:03:52.688] Found 65 possible bad axioms.
[2026-06-25 13:03:52.688] Selected the bad axiom SubClassOf(Nutrition IncidentType).
[2026-06-25 13:03:52.690] Found 64 possible bad axioms.
[2026-06-25 13:03:52.690] Selected the bad axiom ObjectPropertyAssertion(hasParticipant fracture pt).
[2026-06-25 13:03:52.691] Found 63 possible bad axioms.
[2026-06-25 13:03:52.691] Selected the bad axiom ObjectPropertyAssertion(causes slip_down fract
...[truncated]
SUCCESS: attempt=108 seed=1519447 success_count=59/100
progress: ontology=MEDEON attempt=108 success=59/100
----- MEDEON attempt=109 seed=1533647 at 2026-06-25 13:04:25 -----
--- stdout ---
{"seed":1533647,"run_id":"20260624134028346645","trial_status":"time_limit_exceeded","error_type":"timeout","failure_stage":"B4","error_message":"Repair timeout: B4 exceeded 300 seconds","iic_values":{},"repair_runtimes_ms":{"A1":94,"A2":1220,"A3":501,"B1":245,"B2":4531,"B3":725,"B4":300001}}

--- stderr ---
SingleTrialExperiment starting: ontology=/workspaces/ontologyutils-ekaw26/repair-power-index-replication-ekaw26/ontologies/inconsistent/MEDEON.owl, seed=1533647, run_id=20260624134028346645
Loaded ontology.
Normalizing ontology with SROIQ normalization...
Normalized ontology with SROIQ normalization.
Ontology is already inconsistent, skipping make-inconsistent step.
Repairing with A1 (random-removal)...
[2026-06-25 13:04:25.670] Checking precondition...
[2026-06-25 13:04:25.688] Starting the repair...
[2026-06-25 13:04:25.694] Found 78 possible bad axioms.
[2026-06-25 13:04:25.696] Selected the bad axiom SubClassOf(InappropriateUse ErrorType).
[2026-06-25 13:04:25.701] Found 77 possible bad axioms.
[2026-06-25 13:04:25.702] Selected the bad axiom SubClassOf(IncidentHistory PatientCharacteristic).
[2026-06-25 13:04:25.706] Found 76 possible bad axioms.
[2026-06-25 13:04:25.706] Selected the bad axiom SubClassOf(Treatment Action).
[2026-06-25 13:04:25.711] Found 75 possible bad axioms.
[2026-06-25 13:04:25.711] Selected the bad axiom SubClassOf(StopUse MitigatingFactor).
[2026-06-25 13:04:25.714] Found 74 possible bad axioms.
[2026-06-25 13:04:25.714] Selected the bad axiom SubClassOf(Process IncidentCharacteristic).
[2026-06-25 13:04:25.717] Found 73 possible bad axioms.
[2026-06-25 13:04:25.717] Selected the bad axiom ObjectPropertyAssertion(hasParticipant fracture pt).
[2026-06-25 13:04:25.718] Found 72 possible bad axioms.
[2026-06-25 13:04:25.718] Selected the bad axiom SubClassOf(RiskAssessment Assessment).
[2026-06-25 13:04:25.720] Found 71 possible bad axioms.
[2026-06-25 13:04:25.721] Selected the bad axiom SubClassOf(Fall ObjectSomeValuesFrom(hasOutcome ObjectSomeValuesFrom(hasParticipant Patient))).
[2026-06-25 13:04:25.723] Found 70 possible bad axioms.
[2026-06-25 13:04:25.724] Selected the bad axiom SubClassOf(MissingInstrument ErrorType).
[2026-06-25 13:04:25.726] Found 69 possible bad axioms.
[2026-06-25 13:04:25.727] Selected the bad axiom SubClassOf(Timing TemporalInfo).
[2026-06-25 13:04:25.734] Found 68 possible bad axioms.
[2026-06-25 13:04:25.734] Selected the bad axiom ClassAssertion(TypeOfHarm skin_tear).
[2026-06-25 13:04:25.735] Found 67 possible bad axioms.
[2026-06-25 13:04:25.736] Selected the bad axiom SubClassOf(NotifyManufacturer MitigatingFactor).
[2026-06-25 13:04:25.738] Found 66 possible bad axioms.
[2026-06-25 13:04:25.739] Selected the bad axiom SubClassOf(DeviceFailure ErrorType).
[2026-06-25 13:04:25.746] Found 65 possible bad axioms.
[2026-06-25 13:04:25.746] Selected the bad axiom ObjectPropertyAssertion(hasParticipant slip_down pt).
[2026-06-25 13:04:25.747] Found 64 possible bad axioms.
[2026-06-25 13:04:25.747] Selected the bad axiom ObjectPropertyAssertion(hasOutcome patient_fall fracture).
[2026-06-25 13:04:25.747] Found 63 possible bad axioms.
[2026-06-25 13:04:25.748] Selected the bad axiom SubClassOf(Therapy Action).
[2026-06-25 13:04:25.750] Found 62 possible bad axioms.
[2026-06-25 13:04:25.751] S
...[truncated]
FAIL: attempt=109 seed=1533647 status=time_limit_exceeded stage=B4 message=Repair timeout: B4 exceeded 300 seconds
progress: ontology=MEDEON attempt=109 success=59/100
----- MEDEON attempt=110 seed=1547847 at 2026-06-25 13:09:33 -----
--- stdout ---
{"seed":1547847,"run_id":"20260624134028346645","trial_status":"time_limit_exceeded","error_type":"timeout","failure_stage":"B4","error_message":"Repair timeout: B4 exceeded 300 seconds","iic_values":{},"repair_runtimes_ms":{"A1":51,"A2":1230,"A3":260,"B1":267,"B2":4625,"B3":3401,"B4":300001}}

--- stderr ---
SingleTrialExperiment starting: ontology=/workspaces/ontologyutils-ekaw26/repair-power-index-replication-ekaw26/ontologies/inconsistent/MEDEON.owl, seed=1547847, run_id=20260624134028346645
Loaded ontology.
Normalizing ontology with SROIQ normalization...
Normalized ontology with SROIQ normalization.
Ontology is already inconsistent, skipping make-inconsistent step.
Repairing with A1 (random-removal)...
[2026-06-25 13:09:33.438] Checking precondition...
[2026-06-25 13:09:33.454] Starting the repair...
[2026-06-25 13:09:33.461] Found 78 possible bad axioms.
[2026-06-25 13:09:33.462] Selected the bad axiom SubClassOf(ObjectSomeValuesFrom(involvesActivity ObjectSomeValuesFrom(hasParticipant Patient)) Fall).
[2026-06-25 13:09:33.470] Found 77 possible bad axioms.
[2026-06-25 13:09:33.470] Selected the bad axiom SubClassOf(DeviceName DeviceCharacteristic).
[2026-06-25 13:09:33.474] Found 76 possible bad axioms.
[2026-06-25 13:09:33.474] Selected the bad axiom SubClassOf(StuffActivity Activity).
[2026-06-25 13:09:33.478] Found 75 possible bad axioms.
[2026-06-25 13:09:33.478] Selected the bad axiom SubClassOf(PressureUlcer IncidentType).
[2026-06-25 13:09:33.481] Found 74 possible bad axioms.
[2026-06-25 13:09:33.481] Selected the bad axiom SubClassOf(Fall ObjectSomeValuesFrom(involvesActivity owl:Nothing)).
[2026-06-25 13:09:33.485] Finished repairing the ontology.
Repairing with A2 (not-in-largest-mcs-removal)...
[2026-06-25 13:09:33.486] Checking precondition...
[2026-06-25 13:09:33.492] Starting the repair...
[2026-06-25 13:09:34.714] Found 2 possible bad axioms.
[2026-06-25 13:09:34.715] Selected the bad axiom ClassAssertion(Patient pt).
[2026-06-25 13:09:34.716] Finished repairing the ontology.
Repairing with A3 (default-weakening)...
[2026-06-25 13:09:34.718] Checking precondition...
[2026-06-25 13:09:34.720] Starting the repair...
[2026-06-25 13:09:34.733] Selected a reference ontology with 150 axioms.
[2026-06-25 13:09:34.955] Selected the bad axiom ClassAssertion(Patient pt).
[2026-06-25 13:09:34.975] Selected the weaker axiom ClassAssertion(owl:Thing pt).
[2026-06-25 13:09:34.977] Finished repairing the ontology.
Repairing with B1 (bad-in_some_mus-weaker-random)...
[2026-06-25 13:09:34.977] Checking precondition...
[2026-06-25 13:09:34.979] Starting the repair...
[2026-06-25 13:09:34.988] Selected a reference ontology with 152 axioms.
[2026-06-25 13:09:35.192] Selected the bad axiom SubClassOf(Fall ObjectSomeValuesFrom(involvesActivity owl:Nothing)).
[2026-06-25 13:09:35.243] Selected the weaker axiom SubClassOf(Fall ObjectSomeValuesFrom(involvesActivity Management)).
[2026-06-25 13:09:35.244] Finished repairing the ontology.
Repairing with B2 (bad-in_some_mus-weaker-shapley)...
[2026-06-25 13:09:35.246] Checking precondition...
[2026-06-25 13:09:35.248] Starting the repair...
[2026-06-25 13:09:35.256] Selected a reference ontology with 150 axioms.
[2026-06-25 13:09:35.457] Selected the bad axiom SubClassOf(Fall ObjectSomeValuesFrom(involves
...[truncated]
FAIL: attempt=110 seed=1547847 status=time_limit_exceeded stage=B4 message=Repair timeout: B4 exceeded 300 seconds
progress: ontology=MEDEON attempt=110 success=59/100
----- MEDEON attempt=111 seed=1562047 at 2026-06-25 13:14:43 -----
--- stdout ---
{"seed":1562047,"run_id":"20260624134028346645","trial_status":"success","error_type":null,"failure_stage":null,"error_message":null,"iic_values":{"B1_vs_A1":0.23170731707317074,"B1_vs_A2":1.0,"B1_vs_A3":1.0,"B2_vs_A1":1.0,"B2_vs_A2":1.0,"B2_vs_A3":1.0,"B3_vs_A1":0.23170731707317074,"B3_vs_A2":1.0,"B3_vs_A3":1.0,"B4_vs_A1":1.0,"B4_vs_A2":1.0,"B4_vs_A3":1.0,"B5_vs_A1":1.0,"B5_vs_A2":1.0,"B5_vs_A3":1.0,"B6_vs_A1":1.0,"B6_vs_A2":1.0,"B6_vs_A3":1.0,"B7_vs_A1":1.0,"B7_vs_A2":1.0,"B7_vs_A3":1.0,"B8_vs_A1":1.0,"B8_vs_A2":1.0,"B8_vs_A3":1.0,"B9_vs_A1":1.0,"B9_vs_A2":1.0,"B9_vs_A3":1.0},"repair_runtimes_ms":{"A1":83,"A2":1234,"A3":312,"B1":438,"B2":3278,"B3":3238,"B4":206,"B5":7769,"B6":5508,"B7":128,"B8":7753,"B9":5646}}

--- stderr ---
SingleTrialExperiment starting: ontology=/workspaces/ontologyutils-ekaw26/repair-power-index-replication-ekaw26/ontologies/inconsistent/MEDEON.owl, seed=1562047, run_id=20260624134028346645
Loaded ontology.
Normalizing ontology with SROIQ normalization...
Normalized ontology with SROIQ normalization.
Ontology is already inconsistent, skipping make-inconsistent step.
Repairing with A1 (random-removal)...
[2026-06-25 13:14:43.746] Checking precondition...
[2026-06-25 13:14:43.763] Starting the repair...
[2026-06-25 13:14:43.769] Found 78 possible bad axioms.
[2026-06-25 13:14:43.771] Selected the bad axiom SubClassOf(Oxigen-GasVapour IncidentType).
[2026-06-25 13:14:43.776] Found 77 possible bad axioms.
[2026-06-25 13:14:43.777] Selected the bad axiom SubClassOf(DegreeOfHarm PatientOutcome).
[2026-06-25 13:14:43.781] Found 76 possible bad axioms.
[2026-06-25 13:14:43.781] Selected the bad axiom SubClassOf(MissingInstrument ErrorType).
[2026-06-25 13:14:43.785] Found 75 possible bad axioms.
[2026-06-25 13:14:43.785] Selected the bad axiom SubClassOf(Time TemporalInfo).
[2026-06-25 13:14:43.789] Found 74 possible bad axioms.
[2026-06-25 13:14:43.789] Selected the bad axiom SubClassOf(MentalStatus PhysicalCondition).
[2026-06-25 13:14:43.792] Found 73 possible bad axioms.
[2026-06-25 13:14:43.792] Selected the bad axiom SubClassOf(ChangeOfInstrument MitigatingFactor).
[2026-06-25 13:14:43.794] Found 72 possible bad axioms.
[2026-06-25 13:14:43.794] Selected the bad axiom SubClassOf(ErrorType IncidentCharacteristic).
[2026-06-25 13:14:43.797] Found 71 possible bad axioms.
[2026-06-25 13:14:43.797] Selected the bad axiom ObjectPropertyAssertion(involvesActivity patient_fall slip_down).
[2026-06-25 13:14:43.799] Found 70 possible bad axioms.
[2026-06-25 13:14:43.799] Selected the bad axiom SubClassOf(ImmediateAction Action).
[2026-06-25 13:14:43.802] Found 69 possible bad axioms.
[2026-06-25 13:14:43.802] Selected the bad axiom SubClassOf(DeviceType DeviceCharacteristic).
[2026-06-25 13:14:43.809] Found 68 possible bad axioms.
[2026-06-25 13:14:43.809] Selected the bad axiom ObjectPropertyAssertion(causes slip_down fracture).
[2026-06-25 13:14:43.810] Found 67 possible bad axioms.
[2026-06-25 13:14:43.811] Selected the bad axiom ObjectPropertyAssertion(hasParticipant fracture pt).
[2026-06-25 13:14:43.811] Found 66 possible bad axioms.
[2026-06-25 13:14:43.811] Selected the bad axiom SubClassOf(TypeOfHarm PatientOutcome).
[2026-06-25 13:14:43.814] Found 65 possible bad axioms.
[2026-06-25 13:14:43.814] Selected the bad axiom ClassAssertion(TypeOfHarm fracture).
[2026-06-25 13:14:43.815] Found 64 possible bad axioms.
[2026-06-25 13:14:43.815] Selected the bad axiom SubClassOf(RiskAssessment Assessment).
[2026-06-25 13:14:43.822] Found 63 possible bad axioms.
[2026-06-25 13:14:43.822] Selected the bad axiom ClassAssertion(IncidentType patient_fall).
[2026-06-25 13:14:43.823] Found 62 possible bad axioms.
[2026-06-25 13:14:43.823] Selected the bad axiom Obj
...[truncated]
SUCCESS: attempt=111 seed=1562047 success_count=60/100
progress: ontology=MEDEON attempt=111 success=60/100
----- MEDEON attempt=112 seed=1576247 at 2026-06-25 13:15:19 -----
--- stdout ---
{"seed":1576247,"run_id":"20260624134028346645","trial_status":"time_limit_exceeded","error_type":"timeout","failure_stage":"B4","error_message":"Repair timeout: B4 exceeded 300 seconds","iic_values":{},"repair_runtimes_ms":{"A1":38,"A2":1280,"A3":723,"B1":257,"B2":753,"B3":3346,"B4":300001}}

--- stderr ---
SingleTrialExperiment starting: ontology=/workspaces/ontologyutils-ekaw26/repair-power-index-replication-ekaw26/ontologies/inconsistent/MEDEON.owl, seed=1576247, run_id=20260624134028346645
Loaded ontology.
Normalizing ontology with SROIQ normalization...
Normalized ontology with SROIQ normalization.
Ontology is already inconsistent, skipping make-inconsistent step.
Repairing with A1 (random-removal)...
[2026-06-25 13:15:20.085] Checking precondition...
[2026-06-25 13:15:20.102] Starting the repair...
[2026-06-25 13:15:20.109] Found 78 possible bad axioms.
[2026-06-25 13:15:20.110] Selected the bad axiom SubClassOf(StopUse ChangeOfInstrument).
[2026-06-25 13:15:20.117] Found 77 possible bad axioms.
[2026-06-25 13:15:20.118] Selected the bad axiom ClassAssertion(Patient pt).
[2026-06-25 13:15:20.119] Finished repairing the ontology.
Repairing with A2 (not-in-largest-mcs-removal)...
[2026-06-25 13:15:20.120] Checking precondition...
[2026-06-25 13:15:20.127] Starting the repair...
[2026-06-25 13:15:21.399] Found 2 possible bad axioms.
[2026-06-25 13:15:21.399] Selected the bad axiom SubClassOf(Fall ObjectSomeValuesFrom(involvesActivity owl:Nothing)).
[2026-06-25 13:15:21.399] Finished repairing the ontology.
Repairing with A3 (default-weakening)...
[2026-06-25 13:15:21.401] Checking precondition...
[2026-06-25 13:15:21.404] Starting the repair...
[2026-06-25 13:15:21.415] Selected a reference ontology with 152 axioms.
[2026-06-25 13:15:21.641] Selected the bad axiom ClassAssertion(Patient pt).
[2026-06-25 13:15:21.665] Selected the weaker axiom ClassAssertion(Person pt).
[2026-06-25 13:15:21.874] Selected the bad axiom SubClassOf(ObjectSomeValuesFrom(hasOutcome ObjectSomeValuesFrom(hasParticipant Person)) Fall).
[2026-06-25 13:15:21.905] Selected the weaker axiom SubClassOf(ObjectSomeValuesFrom(hasOutcome ObjectSomeValuesFrom(hasParticipant Person)) ObjectSomeValuesFrom(hasOutcome ObjectSomeValuesFrom(hasParticipant Patient))).
[2026-06-25 13:15:22.121] Selected the bad axiom SubClassOf(ObjectSomeValuesFrom(hasOutcome ObjectSomeValuesFrom(hasParticipant Person)) ObjectSomeValuesFrom(hasOutcome ObjectSomeValuesFrom(hasParticipant Patient))).
[2026-06-25 13:15:22.122] Selected the weaker axiom SubClassOf(owl:Nothing ObjectSomeValuesFrom(hasOutcome ObjectSomeValuesFrom(hasParticipant Patient))).
[2026-06-25 13:15:22.123] Finished repairing the ontology.
Repairing with B1 (bad-in_some_mus-weaker-random)...
[2026-06-25 13:15:22.124] Checking precondition...
[2026-06-25 13:15:22.125] Starting the repair...
[2026-06-25 13:15:22.133] Selected a reference ontology with 150 axioms.
[2026-06-25 13:15:22.335] Selected the bad axiom SubClassOf(Fall ObjectSomeValuesFrom(involvesActivity owl:Nothing)).
[2026-06-25 13:15:22.379] Selected the weaker axiom SubClassOf(Fall ObjectSomeValuesFrom(involvesActivity ObjectSomeValuesFrom(involvesActivity ObjectSomeValuesFrom(hasParticipant Patient)))).
[2026-06-25 13:15:22.380] Finished repairing the ontology.
Repairing wit
...[truncated]
FAIL: attempt=112 seed=1576247 status=time_limit_exceeded stage=B4 message=Repair timeout: B4 exceeded 300 seconds
progress: ontology=MEDEON attempt=112 success=60/100
----- MEDEON attempt=113 seed=1590447 at 2026-06-25 13:20:26 -----
--- stdout ---
{"seed":1590447,"run_id":"20260624134028346645","trial_status":"time_limit_exceeded","error_type":"timeout","failure_stage":"B4","error_message":"Repair timeout: B4 exceeded 300 seconds","iic_values":{},"repair_runtimes_ms":{"A1":108,"A2":1254,"A3":498,"B1":415,"B2":4574,"B3":3278,"B4":300001}}

--- stderr ---
SingleTrialExperiment starting: ontology=/workspaces/ontologyutils-ekaw26/repair-power-index-replication-ekaw26/ontologies/inconsistent/MEDEON.owl, seed=1590447, run_id=20260624134028346645
Loaded ontology.
Normalizing ontology with SROIQ normalization...
Normalized ontology with SROIQ normalization.
Ontology is already inconsistent, skipping make-inconsistent step.
Repairing with A1 (random-removal)...
[2026-06-25 13:20:26.952] Checking precondition...
[2026-06-25 13:20:26.969] Starting the repair...
[2026-06-25 13:20:26.976] Found 78 possible bad axioms.
[2026-06-25 13:20:26.977] Selected the bad axiom ObjectPropertyAssertion(involvesActivity patient_fall slip_down).
[2026-06-25 13:20:26.979] Found 77 possible bad axioms.
[2026-06-25 13:20:26.979] Selected the bad axiom SubClassOf(NotifyManufacturer MitigatingFactor).
[2026-06-25 13:20:26.984] Found 76 possible bad axioms.
[2026-06-25 13:20:26.984] Selected the bad axiom SubClassOf(ChangeOfInstrument MitigatingFactor).
[2026-06-25 13:20:26.989] Found 75 possible bad axioms.
[2026-06-25 13:20:26.990] Selected the bad axiom SubClassOf(Fall IncidentType).
[2026-06-25 13:20:26.993] Found 74 possible bad axioms.
[2026-06-25 13:20:26.994] Selected the bad axiom SubClassOf(Management Action).
[2026-06-25 13:20:26.997] Found 73 possible bad axioms.
[2026-06-25 13:20:26.997] Selected the bad axiom SubClassOf(MonitoringDevice Device/Equipment).
[2026-06-25 13:20:27.000] Found 72 possible bad axioms.
[2026-06-25 13:20:27.000] Selected the bad axiom SubClassOf(Pathology-Laboratory IncidentType).
[2026-06-25 13:20:27.002] Found 71 possible bad axioms.
[2026-06-25 13:20:27.003] Selected the bad axiom SubClassOf(Delay ErrorType).
[2026-06-25 13:20:27.006] Found 70 possible bad axioms.
[2026-06-25 13:20:27.006] Selected the bad axiom SubClassOf(DeviceType DeviceCharacteristic).
[2026-06-25 13:20:27.008] Found 69 possible bad axioms.
[2026-06-25 13:20:27.009] Selected the bad axiom SubClassOf(ErrorType IncidentCharacteristic).
[2026-06-25 13:20:27.016] Found 68 possible bad axioms.
[2026-06-25 13:20:27.016] Selected the bad axiom ObjectPropertyAssertion(causes slip_down skin_tear).
[2026-06-25 13:20:27.017] Found 67 possible bad axioms.
[2026-06-25 13:20:27.017] Selected the bad axiom SubClassOf(Timing TemporalInfo).
[2026-06-25 13:20:27.019] Found 66 possible bad axioms.
[2026-06-25 13:20:27.020] Selected the bad axiom SubClassOf(TypeOfHarm PatientOutcome).
[2026-06-25 13:20:27.026] Found 65 possible bad axioms.
[2026-06-25 13:20:27.027] Selected the bad axiom SubClassOf(ObjectSomeValuesFrom(involvesActivity ObjectSomeValuesFrom(hasParticipant Patient)) Fall).
[2026-06-25 13:20:27.029] Found 64 possible bad axioms.
[2026-06-25 13:20:27.029] Selected the bad axiom SubClassOf(Site PatientOutcome).
[2026-06-25 13:20:27.032] Found 63 possible bad axioms.
[2026-06-25 13:20:27.032] Selected the bad axiom SubClassOf(PatientAccident IncidentType).
[2026-06-25 13:20:27.034] Found 62 possible bad axioms.
[2026-06-25 13:
...[truncated]
FAIL: attempt=113 seed=1590447 status=time_limit_exceeded stage=B4 message=Repair timeout: B4 exceeded 300 seconds
progress: ontology=MEDEON attempt=113 success=60/100
----- MEDEON attempt=114 seed=1604647 at 2026-06-25 13:25:37 -----
--- stdout ---
{"seed":1604647,"run_id":"20260624134028346645","trial_status":"success","error_type":null,"failure_stage":null,"error_message":null,"iic_values":{"B1_vs_A1":1.0,"B1_vs_A2":1.0,"B1_vs_A3":0.5,"B2_vs_A1":0.3,"B2_vs_A2":1.0,"B2_vs_A3":0.0,"B3_vs_A1":0.3,"B3_vs_A2":1.0,"B3_vs_A3":0.0,"B4_vs_A1":1.0,"B4_vs_A2":1.0,"B4_vs_A3":0.5,"B5_vs_A1":1.0,"B5_vs_A2":1.0,"B5_vs_A3":0.5,"B6_vs_A1":1.0,"B6_vs_A2":1.0,"B6_vs_A3":0.5,"B7_vs_A1":1.0,"B7_vs_A2":1.0,"B7_vs_A3":0.5,"B8_vs_A1":1.0,"B8_vs_A2":1.0,"B8_vs_A3":0.5,"B9_vs_A1":1.0,"B9_vs_A2":1.0,"B9_vs_A3":0.5},"repair_runtimes_ms":{"A1":100,"A2":1224,"A3":540,"B1":385,"B2":4635,"B3":3281,"B4":158,"B5":7793,"B6":5550,"B7":165,"B8":7956,"B9":1149}}

--- stderr ---
SingleTrialExperiment starting: ontology=/workspaces/ontologyutils-ekaw26/repair-power-index-replication-ekaw26/ontologies/inconsistent/MEDEON.owl, seed=1604647, run_id=20260624134028346645
Loaded ontology.
Normalizing ontology with SROIQ normalization...
Normalized ontology with SROIQ normalization.
Ontology is already inconsistent, skipping make-inconsistent step.
Repairing with A1 (random-removal)...
[2026-06-25 13:25:37.547] Checking precondition...
[2026-06-25 13:25:37.564] Starting the repair...
[2026-06-25 13:25:37.570] Found 78 possible bad axioms.
[2026-06-25 13:25:37.571] Selected the bad axiom SubClassOf(PatientAccident IncidentType).
[2026-06-25 13:25:37.577] Found 77 possible bad axioms.
[2026-06-25 13:25:37.577] Selected the bad axiom ObjectPropertyAssertion(hasParticipant skin_tear pt).
[2026-06-25 13:25:37.579] Found 76 possible bad axioms.
[2026-06-25 13:25:37.579] Selected the bad axiom ObjectPropertyAssertion(hasOutcome patient_fall fracture).
[2026-06-25 13:25:37.580] Found 75 possible bad axioms.
[2026-06-25 13:25:37.580] Selected the bad axiom SubClassOf(AssistiveDevice Device/Equipment).
[2026-06-25 13:25:37.584] Found 74 possible bad axioms.
[2026-06-25 13:25:37.584] Selected the bad axiom SubClassOf(HealthcareAssociatedInfection IncidentType).
[2026-06-25 13:25:37.588] Found 73 possible bad axioms.
[2026-06-25 13:25:37.588] Selected the bad axiom SubClassOf(RiskAssessment Assessment).
[2026-06-25 13:25:37.591] Found 72 possible bad axioms.
[2026-06-25 13:25:37.591] Selected the bad axiom SubClassOf(InappropriateUse ErrorType).
[2026-06-25 13:25:37.594] Found 71 possible bad axioms.
[2026-06-25 13:25:37.594] Selected the bad axiom SubClassOf(Nutrition IncidentType).
[2026-06-25 13:25:37.596] Found 70 possible bad axioms.
[2026-06-25 13:25:37.596] Selected the bad axiom SubClassOf(Social/EconomicalImpact PatientOutcome).
[2026-06-25 13:25:37.599] Found 69 possible bad axioms.
[2026-06-25 13:25:37.599] Selected the bad axiom SubClassOf(MentalStatus PhysicalCondition).
[2026-06-25 13:25:37.606] Found 68 possible bad axioms.
[2026-06-25 13:25:37.606] Selected the bad axiom SubClassOf(Timing StateOfCare).
[2026-06-25 13:25:37.609] Found 67 possible bad axioms.
[2026-06-25 13:25:37.609] Selected the bad axiom SubClassOf(ErrorType IncidentCharacteristic).
[2026-06-25 13:25:37.611] Found 66 possible bad axioms.
[2026-06-25 13:25:37.611] Selected the bad axiom SubClassOf(TypeOfHarm PatientOutcome).
[2026-06-25 13:25:37.618] Found 65 possible bad axioms.
[2026-06-25 13:25:37.618] Selected the bad axiom SubClassOf(Patient Person).
[2026-06-25 13:25:37.621] Found 64 possible bad axioms.
[2026-06-25 13:25:37.621] Selected the bad axiom SubClassOf(UseError ErrorType).
[2026-06-25 13:25:37.624] Found 63 possible bad axioms.
[2026-06-25 13:25:37.624] Selected the bad axiom SubClassOf(ObjectSomeValuesFrom(hasOutcome ObjectSomeValuesFrom(hasParticipant Patient)) Fall).
[2026-06-25 13:25:37.626] Found 62 possible bad axioms.
[2026-06-25 13:2
...[truncated]
SUCCESS: attempt=114 seed=1604647 success_count=61/100
progress: ontology=MEDEON attempt=114 success=61/100
----- MEDEON attempt=115 seed=1618847 at 2026-06-25 13:26:13 -----
--- stdout ---
{"seed":1618847,"run_id":"20260624134028346645","trial_status":"time_limit_exceeded","error_type":"timeout","failure_stage":"B7","error_message":"Repair timeout: B7 exceeded 300 seconds","iic_values":{},"repair_runtimes_ms":{"A1":147,"A2":1170,"A3":325,"B1":436,"B2":4606,"B3":546,"B4":122,"B5":1663,"B6":5366,"B7":300002}}

--- stderr ---
SingleTrialExperiment starting: ontology=/workspaces/ontologyutils-ekaw26/repair-power-index-replication-ekaw26/ontologies/inconsistent/MEDEON.owl, seed=1618847, run_id=20260624134028346645
Loaded ontology.
Normalizing ontology with SROIQ normalization...
Normalized ontology with SROIQ normalization.
Ontology is already inconsistent, skipping make-inconsistent step.
Repairing with A1 (random-removal)...
[2026-06-25 13:26:13.547] Checking precondition...
[2026-06-25 13:26:13.564] Starting the repair...
[2026-06-25 13:26:13.570] Found 78 possible bad axioms.
[2026-06-25 13:26:13.572] Selected the bad axiom SubClassOf(MedicalDevice-Equipment IncidentType).
[2026-06-25 13:26:13.577] Found 77 possible bad axioms.
[2026-06-25 13:26:13.578] Selected the bad axiom ClassAssertion(TypeOfHarm fracture).
[2026-06-25 13:26:13.580] Found 76 possible bad axioms.
[2026-06-25 13:26:13.580] Selected the bad axiom SubClassOf(DeviceAvailability ErrorType).
[2026-06-25 13:26:13.584] Found 75 possible bad axioms.
[2026-06-25 13:26:13.584] Selected the bad axiom SubClassOf(Timing TemporalInfo).
[2026-06-25 13:26:13.588] Found 74 possible bad axioms.
[2026-06-25 13:26:13.588] Selected the bad axiom SubClassOf(Resource-OrganizationalManagement IncidentType).
[2026-06-25 13:26:13.592] Found 73 possible bad axioms.
[2026-06-25 13:26:13.592] Selected the bad axiom SubClassOf(Fall ObjectSomeValuesFrom(hasOutcome ObjectSomeValuesFrom(hasParticipant Patient))).
[2026-06-25 13:26:13.595] Found 72 possible bad axioms.
[2026-06-25 13:26:13.595] Selected the bad axiom SubClassOf(AssistiveDevice Device/Equipment).
[2026-06-25 13:26:13.597] Found 71 possible bad axioms.
[2026-06-25 13:26:13.598] Selected the bad axiom SubClassOf(UseError ErrorType).
[2026-06-25 13:26:13.600] Found 70 possible bad axioms.
[2026-06-25 13:26:13.601] Selected the bad axiom SubClassOf(Social/EconomicalImpact PatientOutcome).
[2026-06-25 13:26:13.603] Found 69 possible bad axioms.
[2026-06-25 13:26:13.603] Selected the bad axiom SubClassOf(Fall IncidentType).
[2026-06-25 13:26:13.610] Found 68 possible bad axioms.
[2026-06-25 13:26:13.611] Selected the bad axiom SubClassOf(MentalStatus PhysicalCondition).
[2026-06-25 13:26:13.613] Found 67 possible bad axioms.
[2026-06-25 13:26:13.613] Selected the bad axiom SubClassOf(PatientBehaviour IncidentType).
[2026-06-25 13:26:13.620] Found 66 possible bad axioms.
[2026-06-25 13:26:13.620] Selected the bad axiom ObjectPropertyAssertion(hasParticipant skin_tear pt).
[2026-06-25 13:26:13.621] Found 65 possible bad axioms.
[2026-06-25 13:26:13.621] Selected the bad axiom SubClassOf(Nutrition IncidentType).
[2026-06-25 13:26:13.623] Found 64 possible bad axioms.
[2026-06-25 13:26:13.624] Selected the bad axiom SubClassOf(InjuryAssessment Assessment).
[2026-06-25 13:26:13.627] Found 63 possible bad axioms.
[2026-06-25 13:26:13.627] Selected the bad axiom SubClassOf(Management Action).
[2026-06-25 13:26:13.630] Found 62 possible bad axioms.
[2026-06-25 13:26:13.630] Sel
...[truncated]
FAIL: attempt=115 seed=1618847 status=time_limit_exceeded stage=B7 message=Repair timeout: B7 exceeded 300 seconds
progress: ontology=MEDEON attempt=115 success=61/100
----- MEDEON attempt=116 seed=1633047 at 2026-06-25 13:31:28 -----
--- stdout ---
{"seed":1633047,"run_id":"20260624134028346645","trial_status":"time_limit_exceeded","error_type":"timeout","failure_stage":"B4","error_message":"Repair timeout: B4 exceeded 300 seconds","iic_values":{},"repair_runtimes_ms":{"A1":81,"A2":1230,"A3":517,"B1":243,"B2":4536,"B3":2147,"B4":300001}}

--- stderr ---
SingleTrialExperiment starting: ontology=/workspaces/ontologyutils-ekaw26/repair-power-index-replication-ekaw26/ontologies/inconsistent/MEDEON.owl, seed=1633047, run_id=20260624134028346645
Loaded ontology.
Normalizing ontology with SROIQ normalization...
Normalized ontology with SROIQ normalization.
Ontology is already inconsistent, skipping make-inconsistent step.
Repairing with A1 (random-removal)...
[2026-06-25 13:31:28.425] Checking precondition...
[2026-06-25 13:31:28.443] Starting the repair...
[2026-06-25 13:31:28.450] Found 78 possible bad axioms.
[2026-06-25 13:31:28.451] Selected the bad axiom SubClassOf(DeviceType DeviceCharacteristic).
[2026-06-25 13:31:28.458] Found 77 possible bad axioms.
[2026-06-25 13:31:28.458] Selected the bad axiom SubClassOf(DeviceName DeviceCharacteristic).
[2026-06-25 13:31:28.463] Found 76 possible bad axioms.
[2026-06-25 13:31:28.463] Selected the bad axiom SubClassOf(DegreeOfHarm PatientOutcome).
[2026-06-25 13:31:28.467] Found 75 possible bad axioms.
[2026-06-25 13:31:28.467] Selected the bad axiom SubClassOf(IncidentHistory PatientCharacteristic).
[2026-06-25 13:31:28.470] Found 74 possible bad axioms.
[2026-06-25 13:31:28.471] Selected the bad axiom SubClassOf(Treatment Action).
[2026-06-25 13:31:28.473] Found 73 possible bad axioms.
[2026-06-25 13:31:28.473] Selected the bad axiom SubClassOf(ClinicalProcess IncidentType).
[2026-06-25 13:31:28.476] Found 72 possible bad axioms.
[2026-06-25 13:31:28.477] Selected the bad axiom ObjectPropertyAssertion(causes slip_down fracture).
[2026-06-25 13:31:28.478] Found 71 possible bad axioms.
[2026-06-25 13:31:28.478] Selected the bad axiom SubClassOf(Timing TemporalInfo).
[2026-06-25 13:31:28.481] Found 70 possible bad axioms.
[2026-06-25 13:31:28.482] Selected the bad axiom SubClassOf(Management Action).
[2026-06-25 13:31:28.484] Found 69 possible bad axioms.
[2026-06-25 13:31:28.484] Selected the bad axiom ObjectPropertyAssertion(hasParticipant fracture pt).
[2026-06-25 13:31:28.485] Found 68 possible bad axioms.
[2026-06-25 13:31:28.485] Selected the bad axiom SubClassOf(Defect ErrorType).
[2026-06-25 13:31:28.492] Found 67 possible bad axioms.
[2026-06-25 13:31:28.492] Selected the bad axiom SubClassOf(Pathology-Laboratory IncidentType).
[2026-06-25 13:31:28.495] Found 66 possible bad axioms.
[2026-06-25 13:31:28.495] Selected the bad axiom SubClassOf(MedicalDevice-Equipment IncidentType).
[2026-06-25 13:31:28.501] Found 65 possible bad axioms.
[2026-06-25 13:31:28.502] Selected the bad axiom ClassAssertion(Patient pt).
[2026-06-25 13:31:28.502] Finished repairing the ontology.
Repairing with A2 (not-in-largest-mcs-removal)...
[2026-06-25 13:31:28.503] Checking precondition...
[2026-06-25 13:31:28.508] Starting the repair...
[2026-06-25 13:31:29.732] Found 2 possible bad axioms.
[2026-06-25 13:31:29.732] Selected the bad axiom SubClassOf(Fall ObjectSomeValuesFrom(involvesActivity owl:Nothing)).
[2026-06-25 13:31:29.733] Finished repairing the ontology.
Repa
...[truncated]
FAIL: attempt=116 seed=1633047 status=time_limit_exceeded stage=B4 message=Repair timeout: B4 exceeded 300 seconds
progress: ontology=MEDEON attempt=116 success=61/100
----- MEDEON attempt=117 seed=1647247 at 2026-06-25 13:36:37 -----
--- stdout ---
{"seed":1647247,"run_id":"20260624134028346645","trial_status":"time_limit_exceeded","error_type":"timeout","failure_stage":"B4","error_message":"Repair timeout: B4 exceeded 300 seconds","iic_values":{},"repair_runtimes_ms":{"A1":128,"A2":1187,"A3":495,"B1":444,"B2":4620,"B3":2052,"B4":300000}}

--- stderr ---
SingleTrialExperiment starting: ontology=/workspaces/ontologyutils-ekaw26/repair-power-index-replication-ekaw26/ontologies/inconsistent/MEDEON.owl, seed=1647247, run_id=20260624134028346645
Loaded ontology.
Normalizing ontology with SROIQ normalization...
Normalized ontology with SROIQ normalization.
Ontology is already inconsistent, skipping make-inconsistent step.
Repairing with A1 (random-removal)...
[2026-06-25 13:36:37.648] Checking precondition...
[2026-06-25 13:36:37.666] Starting the repair...
[2026-06-25 13:36:37.672] Found 78 possible bad axioms.
[2026-06-25 13:36:37.673] Selected the bad axiom SubClassOf(Management Action).
[2026-06-25 13:36:37.678] Found 77 possible bad axioms.
[2026-06-25 13:36:37.678] Selected the bad axiom ObjectPropertyAssertion(hasParticipant skin_tear pt).
[2026-06-25 13:36:37.680] Found 76 possible bad axioms.
[2026-06-25 13:36:37.680] Selected the bad axiom SubClassOf(Patient Person).
[2026-06-25 13:36:37.685] Found 75 possible bad axioms.
[2026-06-25 13:36:37.685] Selected the bad axiom SubClassOf(TypeOfHarm PatientOutcome).
[2026-06-25 13:36:37.689] Found 74 possible bad axioms.
[2026-06-25 13:36:37.689] Selected the bad axiom SubClassOf(MedicalDevice-Equipment IncidentType).
[2026-06-25 13:36:37.692] Found 73 possible bad axioms.
[2026-06-25 13:36:37.692] Selected the bad axiom SubClassOf(ChangeOfInstrument MitigatingFactor).
[2026-06-25 13:36:37.695] Found 72 possible bad axioms.
[2026-06-25 13:36:37.695] Selected the bad axiom SubClassOf(MentalStatus PatientCharacteristic).
[2026-06-25 13:36:37.698] Found 71 possible bad axioms.
[2026-06-25 13:36:37.698] Selected the bad axiom SubClassOf(Infrastructure-Building-Fixture PatientBehaviour).
[2026-06-25 13:36:37.701] Found 70 possible bad axioms.
[2026-06-25 13:36:37.702] Selected the bad axiom ClassAssertion(TypeOfHarm fracture).
[2026-06-25 13:36:37.702] Found 69 possible bad axioms.
[2026-06-25 13:36:37.703] Selected the bad axiom SubClassOf(DeviceName DeviceCharacteristic).
[2026-06-25 13:36:37.705] Found 68 possible bad axioms.
[2026-06-25 13:36:37.705] Selected the bad axiom SubClassOf(PressureUlcer IncidentType).
[2026-06-25 13:36:37.712] Found 67 possible bad axioms.
[2026-06-25 13:36:37.713] Selected the bad axiom SubClassOf(StuffActivity Activity).
[2026-06-25 13:36:37.715] Found 66 possible bad axioms.
[2026-06-25 13:36:37.715] Selected the bad axiom SubClassOf(Defect ErrorType).
[2026-06-25 13:36:37.721] Found 65 possible bad axioms.
[2026-06-25 13:36:37.722] Selected the bad axiom SubClassOf(PhysicianActivity Activity).
[2026-06-25 13:36:37.724] Found 64 possible bad axioms.
[2026-06-25 13:36:37.725] Selected the bad axiom SubClassOf(Fall IncidentType).
[2026-06-25 13:36:37.727] Found 63 possible bad axioms.
[2026-06-25 13:36:37.727] Selected the bad axiom SubClassOf(MonitoringDevice Device/Equipment).
[2026-06-25 13:36:37.729] Found 62 possible bad axioms.
[2026-06-25 13:36:37.730] Selected the bad axiom SubClassOf(Fall ObjectSomeValuesFrom(invo
...[truncated]
FAIL: attempt=117 seed=1647247 status=time_limit_exceeded stage=B4 message=Repair timeout: B4 exceeded 300 seconds
progress: ontology=MEDEON attempt=117 success=61/100
----- MEDEON attempt=118 seed=1661447 at 2026-06-25 13:41:46 -----
--- stdout ---
{"seed":1661447,"run_id":"20260624134028346645","trial_status":"time_limit_exceeded","error_type":"timeout","failure_stage":"B7","error_message":"Repair timeout: B7 exceeded 300 seconds","iic_values":{},"repair_runtimes_ms":{"A1":94,"A2":1191,"A3":519,"B1":227,"B2":433,"B3":2376,"B4":181,"B5":1700,"B6":1106,"B7":300001}}

--- stderr ---
SingleTrialExperiment starting: ontology=/workspaces/ontologyutils-ekaw26/repair-power-index-replication-ekaw26/ontologies/inconsistent/MEDEON.owl, seed=1661447, run_id=20260624134028346645
Loaded ontology.
Normalizing ontology with SROIQ normalization...
Normalized ontology with SROIQ normalization.
Ontology is already inconsistent, skipping make-inconsistent step.
Repairing with A1 (random-removal)...
[2026-06-25 13:41:47.026] Checking precondition...
[2026-06-25 13:41:47.043] Starting the repair...
[2026-06-25 13:41:47.049] Found 78 possible bad axioms.
[2026-06-25 13:41:47.050] Selected the bad axiom ObjectPropertyAssertion(involvesActivity patient_fall slip_down).
[2026-06-25 13:41:47.052] Found 77 possible bad axioms.
[2026-06-25 13:41:47.053] Selected the bad axiom ObjectPropertyAssertion(hasParticipant fracture pt).
[2026-06-25 13:41:47.054] Found 76 possible bad axioms.
[2026-06-25 13:41:47.054] Selected the bad axiom SubClassOf(PatientBehaviour IncidentType).
[2026-06-25 13:41:47.059] Found 75 possible bad axioms.
[2026-06-25 13:41:47.059] Selected the bad axiom SubClassOf(Fall IncidentType).
[2026-06-25 13:41:47.063] Found 74 possible bad axioms.
[2026-06-25 13:41:47.063] Selected the bad axiom SubClassOf(Blood-BloodProduct IncidentType).
[2026-06-25 13:41:47.066] Found 73 possible bad axioms.
[2026-06-25 13:41:47.067] Selected the bad axiom SubClassOf(ObjectSomeValuesFrom(involvesActivity ObjectSomeValuesFrom(hasParticipant Patient)) Fall).
[2026-06-25 13:41:47.070] Found 72 possible bad axioms.
[2026-06-25 13:41:47.070] Selected the bad axiom SubClassOf(ChangeOfInstrument MitigatingFactor).
[2026-06-25 13:41:47.073] Found 71 possible bad axioms.
[2026-06-25 13:41:47.073] Selected the bad axiom SubClassOf(Timing StateOfCare).
[2026-06-25 13:41:47.075] Found 70 possible bad axioms.
[2026-06-25 13:41:47.075] Selected the bad axiom SubClassOf(PhysicianActivity Activity).
[2026-06-25 13:41:47.078] Found 69 possible bad axioms.
[2026-06-25 13:41:47.078] Selected the bad axiom SubClassOf(IncidentHistory PatientCharacteristic).
[2026-06-25 13:41:47.080] Found 68 possible bad axioms.
[2026-06-25 13:41:47.081] Selected the bad axiom SubClassOf(DeviceAvailability ErrorType).
[2026-06-25 13:41:47.088] Found 67 possible bad axioms.
[2026-06-25 13:41:47.088] Selected the bad axiom ObjectPropertyAssertion(causes slip_down fracture).
[2026-06-25 13:41:47.089] Found 66 possible bad axioms.
[2026-06-25 13:41:47.089] Selected the bad axiom ClassAssertion(TypeOfHarm fracture).
[2026-06-25 13:41:47.090] Found 65 possible bad axioms.
[2026-06-25 13:41:47.090] Selected the bad axiom SubClassOf(PressureUlcer IncidentType).
[2026-06-25 13:41:47.092] Found 64 possible bad axioms.
[2026-06-25 13:41:47.092] Selected the bad axiom SubClassOf(Process IncidentCharacteristic).
[2026-06-25 13:41:47.099] Found 63 possible bad axioms.
[2026-06-25 13:41:47.099] Selected the bad axiom SubClassOf(Oxigen-GasVapour IncidentType).
[2026-06-25 13:41:47.102] Found 62 possible
...[truncated]
FAIL: attempt=118 seed=1661447 status=time_limit_exceeded stage=B7 message=Repair timeout: B7 exceeded 300 seconds
progress: ontology=MEDEON attempt=118 success=61/100
----- MEDEON attempt=119 seed=1675647 at 2026-06-25 13:46:54 -----
--- stdout ---
{"seed":1675647,"run_id":"20260624134028346645","trial_status":"time_limit_exceeded","error_type":"timeout","failure_stage":"B4","error_message":"Repair timeout: B4 exceeded 300 seconds","iic_values":{},"repair_runtimes_ms":{"A1":138,"A2":1180,"A3":496,"B1":633,"B2":3208,"B3":3198,"B4":300001}}

--- stderr ---
SingleTrialExperiment starting: ontology=/workspaces/ontologyutils-ekaw26/repair-power-index-replication-ekaw26/ontologies/inconsistent/MEDEON.owl, seed=1675647, run_id=20260624134028346645
Loaded ontology.
Normalizing ontology with SROIQ normalization...
Normalized ontology with SROIQ normalization.
Ontology is already inconsistent, skipping make-inconsistent step.
Repairing with A1 (random-removal)...
[2026-06-25 13:46:55.319] Checking precondition...
[2026-06-25 13:46:55.337] Starting the repair...
[2026-06-25 13:46:55.343] Found 78 possible bad axioms.
[2026-06-25 13:46:55.345] Selected the bad axiom SubClassOf(AssistiveDevice Device/Equipment).
[2026-06-25 13:46:55.351] Found 77 possible bad axioms.
[2026-06-25 13:46:55.351] Selected the bad axiom SubClassOf(Process IncidentCharacteristic).
[2026-06-25 13:46:55.355] Found 76 possible bad axioms.
[2026-06-25 13:46:55.356] Selected the bad axiom SubClassOf(StopUse MitigatingFactor).
[2026-06-25 13:46:55.360] Found 75 possible bad axioms.
[2026-06-25 13:46:55.360] Selected the bad axiom SubClassOf(Treatment Action).
[2026-06-25 13:46:55.363] Found 74 possible bad axioms.
[2026-06-25 13:46:55.363] Selected the bad axiom ObjectPropertyAssertion(hasOutcome patient_fall skin_tear).
[2026-06-25 13:46:55.364] Found 73 possible bad axioms.
[2026-06-25 13:46:55.365] Selected the bad axiom SubClassOf(PhysicalCondition PatientCharacteristic).
[2026-06-25 13:46:55.367] Found 72 possible bad axioms.
[2026-06-25 13:46:55.368] Selected the bad axiom SubClassOf(Patient Person).
[2026-06-25 13:46:55.370] Found 71 possible bad axioms.
[2026-06-25 13:46:55.370] Selected the bad axiom SubClassOf(MentalStatus PhysicalCondition).
[2026-06-25 13:46:55.373] Found 70 possible bad axioms.
[2026-06-25 13:46:55.373] Selected the bad axiom SubClassOf(InjuryAssessment Assessment).
[2026-06-25 13:46:55.376] Found 69 possible bad axioms.
[2026-06-25 13:46:55.376] Selected the bad axiom SubClassOf(PatientBehaviour IncidentType).
[2026-06-25 13:46:55.383] Found 68 possible bad axioms.
[2026-06-25 13:46:55.383] Selected the bad axiom SubClassOf(DeviceType DeviceCharacteristic).
[2026-06-25 13:46:55.385] Found 67 possible bad axioms.
[2026-06-25 13:46:55.386] Selected the bad axiom ClassAssertion(PatientActivity slip_down).
[2026-06-25 13:46:55.386] Found 66 possible bad axioms.
[2026-06-25 13:46:55.386] Selected the bad axiom SubClassOf(Infrastructure-Building-Fixture IncidentType).
[2026-06-25 13:46:55.394] Found 65 possible bad axioms.
[2026-06-25 13:46:55.394] Selected the bad axiom ObjectPropertyAssertion(causes slip_down skin_tear).
[2026-06-25 13:46:55.395] Found 64 possible bad axioms.
[2026-06-25 13:46:55.395] Selected the bad axiom SubClassOf(ChangeOfInstrument MitigatingFactor).
[2026-06-25 13:46:55.398] Found 63 possible bad axioms.
[2026-06-25 13:46:55.398] Selected the bad axiom SubClassOf(MedicalDevice-Equipment IncidentType).
[2026-06-25 13:46:55.400] Found 62 possible bad axioms.
[2026-06-25 13:46:55.400] Select
...[truncated]
FAIL: attempt=119 seed=1675647 status=time_limit_exceeded stage=B4 message=Repair timeout: B4 exceeded 300 seconds
progress: ontology=MEDEON attempt=119 success=61/100
----- MEDEON attempt=120 seed=1689847 at 2026-06-25 13:52:04 -----
--- stdout ---
{"seed":1689847,"run_id":"20260624134028346645","trial_status":"success","error_type":null,"failure_stage":null,"error_message":null,"iic_values":{"B1_vs_A1":1.0,"B1_vs_A2":0.0,"B1_vs_A3":0.4,"B2_vs_A1":1.0,"B2_vs_A2":0.5,"B2_vs_A3":1.0,"B3_vs_A1":1.0,"B3_vs_A2":0.0,"B3_vs_A3":0.4,"B4_vs_A1":1.0,"B4_vs_A2":0.5,"B4_vs_A3":1.0,"B5_vs_A1":1.0,"B5_vs_A2":0.5,"B5_vs_A3":1.0,"B6_vs_A1":1.0,"B6_vs_A2":0.5,"B6_vs_A3":1.0,"B7_vs_A1":1.0,"B7_vs_A2":0.5,"B7_vs_A3":1.0,"B8_vs_A1":1.0,"B8_vs_A2":0.5,"B8_vs_A3":1.0,"B9_vs_A1":1.0,"B9_vs_A2":0.5,"B9_vs_A3":1.0},"repair_runtimes_ms":{"A1":61,"A2":1255,"A3":499,"B1":239,"B2":3251,"B3":3235,"B4":218,"B5":7854,"B6":5543,"B7":280,"B8":7867,"B9":5743}}

--- stderr ---
SingleTrialExperiment starting: ontology=/workspaces/ontologyutils-ekaw26/repair-power-index-replication-ekaw26/ontologies/inconsistent/MEDEON.owl, seed=1689847, run_id=20260624134028346645
Loaded ontology.
Normalizing ontology with SROIQ normalization...
Normalized ontology with SROIQ normalization.
Ontology is already inconsistent, skipping make-inconsistent step.
Repairing with A1 (random-removal)...
[2026-06-25 13:52:04.640] Checking precondition...
[2026-06-25 13:52:04.657] Starting the repair...
[2026-06-25 13:52:04.663] Found 78 possible bad axioms.
[2026-06-25 13:52:04.665] Selected the bad axiom SubClassOf(PhysicalCondition PatientCharacteristic).
[2026-06-25 13:52:04.670] Found 77 possible bad axioms.
[2026-06-25 13:52:04.671] Selected the bad axiom ClassAssertion(TypeOfHarm skin_tear).
[2026-06-25 13:52:04.673] Found 76 possible bad axioms.
[2026-06-25 13:52:04.673] Selected the bad axiom ObjectPropertyAssertion(hasParticipant fracture pt).
[2026-06-25 13:52:04.674] Found 75 possible bad axioms.
[2026-06-25 13:52:04.674] Selected the bad axiom SubClassOf(MonitoringDevice Device/Equipment).
[2026-06-25 13:52:04.678] Found 74 possible bad axioms.
[2026-06-25 13:52:04.678] Selected the bad axiom SubClassOf(DeviceFailure ErrorType).
[2026-06-25 13:52:04.683] Found 73 possible bad axioms.
[2026-06-25 13:52:04.683] Selected the bad axiom SubClassOf(Oxigen-GasVapour IncidentType).
[2026-06-25 13:52:04.686] Found 72 possible bad axioms.
[2026-06-25 13:52:04.686] Selected the bad axiom SubClassOf(Social/EconomicalImpact PatientOutcome).
[2026-06-25 13:52:04.689] Found 71 possible bad axioms.
[2026-06-25 13:52:04.689] Selected the bad axiom SubClassOf(DeviceType DeviceCharacteristic).
[2026-06-25 13:52:04.691] Found 70 possible bad axioms.
[2026-06-25 13:52:04.692] Selected the bad axiom SubClassOf(Blood-BloodProduct IncidentType).
[2026-06-25 13:52:04.694] Found 69 possible bad axioms.
[2026-06-25 13:52:04.694] Selected the bad axiom SubClassOf(Fall ObjectSomeValuesFrom(involvesActivity owl:Nothing)).
[2026-06-25 13:52:04.697] Finished repairing the ontology.
Repairing with A2 (not-in-largest-mcs-removal)...
[2026-06-25 13:52:04.698] Checking precondition...
[2026-06-25 13:52:04.708] Starting the repair...
[2026-06-25 13:52:05.951] Found 2 possible bad axioms.
[2026-06-25 13:52:05.952] Selected the bad axiom ClassAssertion(Patient pt).
[2026-06-25 13:52:05.953] Finished repairing the ontology.
Repairing with A3 (default-weakening)...
[2026-06-25 13:52:05.955] Checking precondition...
[2026-06-25 13:52:05.956] Starting the repair...
[2026-06-25 13:52:05.964] Selected a reference ontology with 152 axioms.
[2026-06-25 13:52:06.185] Selected the bad axiom SubClassOf(Fall ObjectSomeValuesFrom(involvesActivity owl:Nothing)).
[2026-06-25 13:52:06.255] Selected the weaker axiom SubClassOf(Fall owl:Nothing).
[2026-06-25 13:52:06.451] Selected the bad axiom SubClassOf(Fall owl:Nothing).
[2026-06-25 13:52:06.452] Selected the weaker axiom SubClassOf(Fall 
...[truncated]
SUCCESS: attempt=120 seed=1689847 success_count=62/100
progress: ontology=MEDEON attempt=120 success=62/100
----- MEDEON attempt=121 seed=1704047 at 2026-06-25 13:52:41 -----
--- stdout ---
{"seed":1704047,"run_id":"20260624134028346645","trial_status":"time_limit_exceeded","error_type":"timeout","failure_stage":"B4","error_message":"Repair timeout: B4 exceeded 300 seconds","iic_values":{},"repair_runtimes_ms":{"A1":38,"A2":1244,"A3":314,"B1":199,"B2":426,"B3":3610,"B4":300001}}

--- stderr ---
SingleTrialExperiment starting: ontology=/workspaces/ontologyutils-ekaw26/repair-power-index-replication-ekaw26/ontologies/inconsistent/MEDEON.owl, seed=1704047, run_id=20260624134028346645
Loaded ontology.
Normalizing ontology with SROIQ normalization...
Normalized ontology with SROIQ normalization.
Ontology is already inconsistent, skipping make-inconsistent step.
Repairing with A1 (random-removal)...
[2026-06-25 13:52:41.480] Checking precondition...
[2026-06-25 13:52:41.496] Starting the repair...
[2026-06-25 13:52:41.502] Found 78 possible bad axioms.
[2026-06-25 13:52:41.503] Selected the bad axiom SubClassOf(Treatment Action).
[2026-06-25 13:52:41.508] Found 77 possible bad axioms.
[2026-06-25 13:52:41.508] Selected the bad axiom SubClassOf(Fall ObjectSomeValuesFrom(involvesActivity owl:Nothing)).
[2026-06-25 13:52:41.514] Finished repairing the ontology.
Repairing with A2 (not-in-largest-mcs-removal)...
[2026-06-25 13:52:41.514] Checking precondition...
[2026-06-25 13:52:41.523] Starting the repair...
[2026-06-25 13:52:42.756] Found 2 possible bad axioms.
[2026-06-25 13:52:42.757] Selected the bad axiom ClassAssertion(Patient pt).
[2026-06-25 13:52:42.758] Finished repairing the ontology.
Repairing with A3 (default-weakening)...
[2026-06-25 13:52:42.760] Checking precondition...
[2026-06-25 13:52:42.762] Starting the repair...
[2026-06-25 13:52:42.773] Selected a reference ontology with 152 axioms.
[2026-06-25 13:52:43.004] Selected the bad axiom SubClassOf(Fall ObjectSomeValuesFrom(involvesActivity owl:Nothing)).
[2026-06-25 13:52:43.071] Selected the weaker axiom SubClassOf(Fall ObjectSomeValuesFrom(involvesActivity HealthcareAssociatedInfection)).
[2026-06-25 13:52:43.072] Finished repairing the ontology.
Repairing with B1 (bad-in_some_mus-weaker-random)...
[2026-06-25 13:52:43.073] Checking precondition...
[2026-06-25 13:52:43.075] Starting the repair...
[2026-06-25 13:52:43.085] Selected a reference ontology with 150 axioms.
[2026-06-25 13:52:43.263] Selected the bad axiom ClassAssertion(Patient pt).
[2026-06-25 13:52:43.271] Selected the weaker axiom ClassAssertion(owl:Thing pt).
[2026-06-25 13:52:43.272] Finished repairing the ontology.
Repairing with B2 (bad-in_some_mus-weaker-shapley)...
[2026-06-25 13:52:43.274] Checking precondition...
[2026-06-25 13:52:43.275] Starting the repair...
[2026-06-25 13:52:43.287] Selected a reference ontology with 150 axioms.
[2026-06-25 13:52:43.466] Selected the bad axiom ClassAssertion(Patient pt).
[PowerIndexWeakerAxiomSelector] Scoring 1 candidate weakenings for Patient(pt)
[PowerIndexWeakerAxiomSelector] Selected weaker axiom: ⊤(pt)
[2026-06-25 13:52:43.696] Selected the weaker axiom ClassAssertion(owl:Thing pt).
[2026-06-25 13:52:43.698] Finished repairing the ontology.
Repairing with B3 (bad-in_some_mus-weaker-banzhaf)...
[2026-06-25 13:52:43.700] Checking precondition...
[2026-06-25 13:52:43.701] Starting the repair...
[2026-06-25 13:52:43.710] Selected a reference ontology with 152 axioms
...[truncated]
FAIL: attempt=121 seed=1704047 status=time_limit_exceeded stage=B4 message=Repair timeout: B4 exceeded 300 seconds
progress: ontology=MEDEON attempt=121 success=62/100
----- MEDEON attempt=122 seed=1718247 at 2026-06-25 13:57:47 -----
--- stdout ---
{"seed":1718247,"run_id":"20260624134028346645","trial_status":"success","error_type":null,"failure_stage":null,"error_message":null,"iic_values":{"B1_vs_A1":0.09722222222222222,"B1_vs_A2":0.5,"B1_vs_A3":0.5,"B2_vs_A1":0.1,"B2_vs_A2":1.0,"B2_vs_A3":1.0,"B3_vs_A1":1.0,"B3_vs_A2":1.0,"B3_vs_A3":1.0,"B4_vs_A1":1.0,"B4_vs_A2":1.0,"B4_vs_A3":1.0,"B5_vs_A1":1.0,"B5_vs_A2":1.0,"B5_vs_A3":1.0,"B6_vs_A1":1.0,"B6_vs_A2":1.0,"B6_vs_A3":1.0,"B7_vs_A1":1.0,"B7_vs_A2":1.0,"B7_vs_A3":1.0,"B8_vs_A1":1.0,"B8_vs_A2":1.0,"B8_vs_A3":1.0,"B9_vs_A1":1.0,"B9_vs_A2":1.0,"B9_vs_A3":1.0},"repair_runtimes_ms":{"A1":68,"A2":1247,"A3":319,"B1":233,"B2":4650,"B3":773,"B4":246,"B5":1980,"B6":5739,"B7":131,"B8":1674,"B9":1123}}

--- stderr ---
SingleTrialExperiment starting: ontology=/workspaces/ontologyutils-ekaw26/repair-power-index-replication-ekaw26/ontologies/inconsistent/MEDEON.owl, seed=1718247, run_id=20260624134028346645
Loaded ontology.
Normalizing ontology with SROIQ normalization...
Normalized ontology with SROIQ normalization.
Ontology is already inconsistent, skipping make-inconsistent step.
Repairing with A1 (random-removal)...
[2026-06-25 13:57:47.716] Checking precondition...
[2026-06-25 13:57:47.732] Starting the repair...
[2026-06-25 13:57:47.739] Found 78 possible bad axioms.
[2026-06-25 13:57:47.740] Selected the bad axiom SubClassOf(PressureUlcer IncidentType).
[2026-06-25 13:57:47.745] Found 77 possible bad axioms.
[2026-06-25 13:57:47.746] Selected the bad axiom SubClassOf(InjuryAssessment Assessment).
[2026-06-25 13:57:47.751] Found 76 possible bad axioms.
[2026-06-25 13:57:47.751] Selected the bad axiom ObjectPropertyAssertion(involvesActivity patient_fall slip_down).
[2026-06-25 13:57:47.752] Found 75 possible bad axioms.
[2026-06-25 13:57:47.752] Selected the bad axiom SubClassOf(Medication-IVFluid IncidentType).
[2026-06-25 13:57:47.757] Found 74 possible bad axioms.
[2026-06-25 13:57:47.757] Selected the bad axiom SubClassOf(ImmediateAction Action).
[2026-06-25 13:57:47.760] Found 73 possible bad axioms.
[2026-06-25 13:57:47.760] Selected the bad axiom SubClassOf(Process IncidentCharacteristic).
[2026-06-25 13:57:47.763] Found 72 possible bad axioms.
[2026-06-25 13:57:47.764] Selected the bad axiom ClassAssertion(TypeOfHarm skin_tear).
[2026-06-25 13:57:47.764] Found 71 possible bad axioms.
[2026-06-25 13:57:47.765] Selected the bad axiom SubClassOf(Fall IncidentType).
[2026-06-25 13:57:47.768] Found 70 possible bad axioms.
[2026-06-25 13:57:47.768] Selected the bad axiom SubClassOf(RiskAssessment Assessment).
[2026-06-25 13:57:47.771] Found 69 possible bad axioms.
[2026-06-25 13:57:47.771] Selected the bad axiom ObjectPropertyAssertion(hasParticipant skin_tear pt).
[2026-06-25 13:57:47.772] Found 68 possible bad axioms.
[2026-06-25 13:57:47.772] Selected the bad axiom ClassAssertion(SkinTear skin_tear).
[2026-06-25 13:57:47.773] Found 67 possible bad axioms.
[2026-06-25 13:57:47.773] Selected the bad axiom SubClassOf(Social/EconomicalImpact PatientOutcome).
[2026-06-25 13:57:47.779] Found 66 possible bad axioms.
[2026-06-25 13:57:47.779] Selected the bad axiom ClassAssertion(Patient pt).
[2026-06-25 13:57:47.780] Finished repairing the ontology.
Repairing with A2 (not-in-largest-mcs-removal)...
[2026-06-25 13:57:47.781] Checking precondition...
[2026-06-25 13:57:47.786] Starting the repair...
[2026-06-25 13:57:49.027] Found 2 possible bad axioms.
[2026-06-25 13:57:49.027] Selected the bad axiom SubClassOf(Fall ObjectSomeValuesFrom(involvesActivity owl:Nothing)).
[2026-06-25 13:57:49.028] Finished repairing the ontology.
Repairing with A3 (default-weakening)...
[2026-06-25 13:57:49.029] Checking precondition...
[2026-06-25 13:57:49.032] Starting the repair
...[truncated]
SUCCESS: attempt=122 seed=1718247 success_count=63/100
progress: ontology=MEDEON attempt=122 success=63/100
----- MEDEON attempt=123 seed=1732447 at 2026-06-25 13:58:06 -----
--- stdout ---
{"seed":1732447,"run_id":"20260624134028346645","trial_status":"time_limit_exceeded","error_type":"timeout","failure_stage":"B7","error_message":"Repair timeout: B7 exceeded 300 seconds","iic_values":{},"repair_runtimes_ms":{"A1":63,"A2":1240,"A3":454,"B1":242,"B2":1266,"B3":2136,"B4":162,"B5":1681,"B6":5468,"B7":300001}}

--- stderr ---
SingleTrialExperiment starting: ontology=/workspaces/ontologyutils-ekaw26/repair-power-index-replication-ekaw26/ontologies/inconsistent/MEDEON.owl, seed=1732447, run_id=20260624134028346645
Loaded ontology.
Normalizing ontology with SROIQ normalization...
Normalized ontology with SROIQ normalization.
Ontology is already inconsistent, skipping make-inconsistent step.
Repairing with A1 (random-removal)...
[2026-06-25 13:58:06.610] Checking precondition...
[2026-06-25 13:58:06.628] Starting the repair...
[2026-06-25 13:58:06.635] Found 78 possible bad axioms.
[2026-06-25 13:58:06.636] Selected the bad axiom SubClassOf(Social/EconomicalImpact PatientOutcome).
[2026-06-25 13:58:06.642] Found 77 possible bad axioms.
[2026-06-25 13:58:06.642] Selected the bad axiom ClassAssertion(TypeOfHarm skin_tear).
[2026-06-25 13:58:06.643] Found 76 possible bad axioms.
[2026-06-25 13:58:06.644] Selected the bad axiom SubClassOf(MissingInstrument ErrorType).
[2026-06-25 13:58:06.649] Found 75 possible bad axioms.
[2026-06-25 13:58:06.650] Selected the bad axiom SubClassOf(Treatment Action).
[2026-06-25 13:58:06.654] Found 74 possible bad axioms.
[2026-06-25 13:58:06.654] Selected the bad axiom SubClassOf(TypeOfHarm PatientOutcome).
[2026-06-25 13:58:06.657] Found 73 possible bad axioms.
[2026-06-25 13:58:06.658] Selected the bad axiom SubClassOf(Timing TemporalInfo).
[2026-06-25 13:58:06.660] Found 72 possible bad axioms.
[2026-06-25 13:58:06.661] Selected the bad axiom SubClassOf(Fall ObjectSomeValuesFrom(involvesActivity ObjectSomeValuesFrom(hasParticipant Patient))).
[2026-06-25 13:58:06.663] Found 71 possible bad axioms.
[2026-06-25 13:58:06.663] Selected the bad axiom SubClassOf(MonitoringDevice Device/Equipment).
[2026-06-25 13:58:06.666] Found 70 possible bad axioms.
[2026-06-25 13:58:06.666] Selected the bad axiom SubClassOf(CheckDevice StuffActivity).
[2026-06-25 13:58:06.668] Found 69 possible bad axioms.
[2026-06-25 13:58:06.669] Selected the bad axiom ClassAssertion(Patient pt).
[2026-06-25 13:58:06.669] Finished repairing the ontology.
Repairing with A2 (not-in-largest-mcs-removal)...
[2026-06-25 13:58:06.670] Checking precondition...
[2026-06-25 13:58:06.681] Starting the repair...
[2026-06-25 13:58:07.908] Found 2 possible bad axioms.
[2026-06-25 13:58:07.908] Selected the bad axiom ClassAssertion(Patient pt).
[2026-06-25 13:58:07.910] Finished repairing the ontology.
Repairing with A3 (default-weakening)...
[2026-06-25 13:58:07.911] Checking precondition...
[2026-06-25 13:58:07.913] Starting the repair...
[2026-06-25 13:58:07.923] Selected a reference ontology with 152 axioms.
[2026-06-25 13:58:08.136] Selected the bad axiom ClassAssertion(Patient pt).
[2026-06-25 13:58:08.157] Selected the weaker axiom ClassAssertion(Person pt).
[2026-06-25 13:58:08.360] Selected the bad axiom ClassAssertion(Person pt).
[2026-06-25 13:58:08.363] Selected the weaker axiom ClassAssertion(owl:Thing pt).
[2026-06-25 13:58:08.365] Finished repairing the ontology.
Repairi
...[truncated]
FAIL: attempt=123 seed=1732447 status=time_limit_exceeded stage=B7 message=Repair timeout: B7 exceeded 300 seconds
progress: ontology=MEDEON attempt=123 success=63/100
----- MEDEON attempt=124 seed=1746647 at 2026-06-25 14:03:19 -----
--- stdout ---
{"seed":1746647,"run_id":"20260624134028346645","trial_status":"time_limit_exceeded","error_type":"timeout","failure_stage":"B7","error_message":"Repair timeout: B7 exceeded 300 seconds","iic_values":{},"repair_runtimes_ms":{"A1":56,"A2":1240,"A3":301,"B1":434,"B2":3261,"B3":3498,"B4":188,"B5":7857,"B6":1102,"B7":300001}}

--- stderr ---
SingleTrialExperiment starting: ontology=/workspaces/ontologyutils-ekaw26/repair-power-index-replication-ekaw26/ontologies/inconsistent/MEDEON.owl, seed=1746647, run_id=20260624134028346645
Loaded ontology.
Normalizing ontology with SROIQ normalization...
Normalized ontology with SROIQ normalization.
Ontology is already inconsistent, skipping make-inconsistent step.
Repairing with A1 (random-removal)...
[2026-06-25 14:03:19.806] Checking precondition...
[2026-06-25 14:03:19.822] Starting the repair...
[2026-06-25 14:03:19.828] Found 78 possible bad axioms.
[2026-06-25 14:03:19.830] Selected the bad axiom SubClassOf(Medication-IVFluid IncidentType).
[2026-06-25 14:03:19.835] Found 77 possible bad axioms.
[2026-06-25 14:03:19.836] Selected the bad axiom SubClassOf(MentalStatus PatientCharacteristic).
[2026-06-25 14:03:19.841] Found 76 possible bad axioms.
[2026-06-25 14:03:19.841] Selected the bad axiom SubClassOf(StuffActivity Activity).
[2026-06-25 14:03:19.845] Found 75 possible bad axioms.
[2026-06-25 14:03:19.845] Selected the bad axiom SubClassOf(MissingInstrument ErrorType).
[2026-06-25 14:03:19.849] Found 74 possible bad axioms.
[2026-06-25 14:03:19.849] Selected the bad axiom SubClassOf(InappropriateUse ErrorType).
[2026-06-25 14:03:19.852] Found 73 possible bad axioms.
[2026-06-25 14:03:19.852] Selected the bad axiom ObjectPropertyAssertion(involvesActivity patient_fall slip_down).
[2026-06-25 14:03:19.853] Found 72 possible bad axioms.
[2026-06-25 14:03:19.853] Selected the bad axiom ObjectPropertyAssertion(hasParticipant fracture pt).
[2026-06-25 14:03:19.854] Found 71 possible bad axioms.
[2026-06-25 14:03:19.854] Selected the bad axiom SubClassOf(Fall ObjectSomeValuesFrom(involvesActivity owl:Nothing)).
[2026-06-25 14:03:19.857] Finished repairing the ontology.
Repairing with A2 (not-in-largest-mcs-removal)...
[2026-06-25 14:03:19.858] Checking precondition...
[2026-06-25 14:03:19.863] Starting the repair...
[2026-06-25 14:03:21.090] Found 2 possible bad axioms.
[2026-06-25 14:03:21.091] Selected the bad axiom SubClassOf(Fall ObjectSomeValuesFrom(involvesActivity owl:Nothing)).
[2026-06-25 14:03:21.091] Finished repairing the ontology.
Repairing with A3 (default-weakening)...
[2026-06-25 14:03:21.099] Checking precondition...
[2026-06-25 14:03:21.102] Starting the repair...
[2026-06-25 14:03:21.111] Selected a reference ontology with 152 axioms.
[2026-06-25 14:03:21.324] Selected the bad axiom SubClassOf(Fall ObjectSomeValuesFrom(involvesActivity owl:Nothing)).
[2026-06-25 14:03:21.398] Selected the weaker axiom SubClassOf(Fall ObjectSomeValuesFrom(involvesActivity Treatment)).
[2026-06-25 14:03:21.400] Finished repairing the ontology.
Repairing with B1 (bad-in_some_mus-weaker-random)...
[2026-06-25 14:03:21.400] Checking precondition...
[2026-06-25 14:03:21.403] Starting the repair...
[2026-06-25 14:03:21.411] Selected a reference ontology with 152 axioms.
[2026-06-25 14:03:21.626] Selected the bad axiom ClassAssertion(Patient pt).
[
...[truncated]
FAIL: attempt=124 seed=1746647 status=time_limit_exceeded stage=B7 message=Repair timeout: B7 exceeded 300 seconds
progress: ontology=MEDEON attempt=124 success=63/100
----- MEDEON attempt=125 seed=1760847 at 2026-06-25 14:08:37 -----
--- stdout ---
{"seed":1760847,"run_id":"20260624134028346645","trial_status":"time_limit_exceeded","error_type":"timeout","failure_stage":"B4","error_message":"Repair timeout: B4 exceeded 300 seconds","iic_values":{},"repair_runtimes_ms":{"A1":36,"A2":1276,"A3":322,"B1":236,"B2":4522,"B3":298,"B4":300001}}

--- stderr ---
SingleTrialExperiment starting: ontology=/workspaces/ontologyutils-ekaw26/repair-power-index-replication-ekaw26/ontologies/inconsistent/MEDEON.owl, seed=1760847, run_id=20260624134028346645
Loaded ontology.
Normalizing ontology with SROIQ normalization...
Normalized ontology with SROIQ normalization.
Ontology is already inconsistent, skipping make-inconsistent step.
Repairing with A1 (random-removal)...
[2026-06-25 14:08:38.223] Checking precondition...
[2026-06-25 14:08:38.239] Starting the repair...
[2026-06-25 14:08:38.246] Found 78 possible bad axioms.
[2026-06-25 14:08:38.247] Selected the bad axiom SubClassOf(Nutrition IncidentType).
[2026-06-25 14:08:38.253] Found 77 possible bad axioms.
[2026-06-25 14:08:38.253] Selected the bad axiom ClassAssertion(Patient pt).
[2026-06-25 14:08:38.255] Finished repairing the ontology.
Repairing with A2 (not-in-largest-mcs-removal)...
[2026-06-25 14:08:38.256] Checking precondition...
[2026-06-25 14:08:38.264] Starting the repair...
[2026-06-25 14:08:39.529] Found 2 possible bad axioms.
[2026-06-25 14:08:39.530] Selected the bad axiom ClassAssertion(Patient pt).
[2026-06-25 14:08:39.532] Finished repairing the ontology.
Repairing with A3 (default-weakening)...
[2026-06-25 14:08:39.533] Checking precondition...
[2026-06-25 14:08:39.536] Starting the repair...
[2026-06-25 14:08:39.546] Selected a reference ontology with 152 axioms.
[2026-06-25 14:08:39.778] Selected the bad axiom SubClassOf(Fall ObjectSomeValuesFrom(involvesActivity owl:Nothing)).
[2026-06-25 14:08:39.853] Selected the weaker axiom SubClassOf(Fall ObjectSomeValuesFrom(involvesActivity ObjectSomeValuesFrom(hasParticipant Patient))).
[2026-06-25 14:08:39.854] Finished repairing the ontology.
Repairing with B1 (bad-in_some_mus-weaker-random)...
[2026-06-25 14:08:39.855] Checking precondition...
[2026-06-25 14:08:39.857] Starting the repair...
[2026-06-25 14:08:39.863] Selected a reference ontology with 152 axioms.
[2026-06-25 14:08:40.046] Selected the bad axiom SubClassOf(Fall ObjectSomeValuesFrom(involvesActivity owl:Nothing)).
[2026-06-25 14:08:40.090] Selected the weaker axiom SubClassOf(Fall ObjectSomeValuesFrom(involvesActivity Site)).
[2026-06-25 14:08:40.091] Finished repairing the ontology.
Repairing with B2 (bad-in_some_mus-weaker-shapley)...
[2026-06-25 14:08:40.093] Checking precondition...
[2026-06-25 14:08:40.094] Starting the repair...
[2026-06-25 14:08:40.102] Selected a reference ontology with 150 axioms.
[2026-06-25 14:08:40.283] Selected the bad axiom SubClassOf(Fall ObjectSomeValuesFrom(involvesActivity owl:Nothing)).
[PowerIndexWeakerAxiomSelector] Scoring 103 candidate weakenings for Fall ⊑ ∃ involvesActivity.⊥
[PowerIndexWeakerAxiomSelector] Selected weaker axiom: Fall ⊑ AssistiveDevice
[2026-06-25 14:08:44.597] Selected the weaker axiom SubClassOf(Fall AssistiveDevice).
[2026-06-25 14:08:44.613] Finished repairing the ontology.
Repairing with B3 (bad-in_some_mus-weaker-banzhaf)...
[2026-06-25 14:08:44.614] Checking pre
...[truncated]
FAIL: attempt=125 seed=1760847 status=time_limit_exceeded stage=B4 message=Repair timeout: B4 exceeded 300 seconds
progress: ontology=MEDEON attempt=125 success=63/100
----- MEDEON attempt=126 seed=1775047 at 2026-06-25 14:13:45 -----
--- stdout ---
{"seed":1775047,"run_id":"20260624134028346645","trial_status":"success","error_type":null,"failure_stage":null,"error_message":null,"iic_values":{"B1_vs_A1":0.2441860465116279,"B1_vs_A2":0.5,"B1_vs_A3":0.0,"B2_vs_A1":1.0,"B2_vs_A2":1.0,"B2_vs_A3":1.0,"B3_vs_A1":0.25,"B3_vs_A2":1.0,"B3_vs_A3":0.6666666666666666,"B4_vs_A1":1.0,"B4_vs_A2":1.0,"B4_vs_A3":1.0,"B5_vs_A1":1.0,"B5_vs_A2":1.0,"B5_vs_A3":1.0,"B6_vs_A1":1.0,"B6_vs_A2":1.0,"B6_vs_A3":1.0,"B7_vs_A1":1.0,"B7_vs_A2":1.0,"B7_vs_A3":1.0,"B8_vs_A1":1.0,"B8_vs_A2":1.0,"B8_vs_A3":1.0,"B9_vs_A1":1.0,"B9_vs_A2":1.0,"B9_vs_A3":1.0},"repair_runtimes_ms":{"A1":99,"A2":1221,"A3":314,"B1":623,"B2":408,"B3":3537,"B4":296,"B5":1700,"B6":5554,"B7":173,"B8":7675,"B9":1063}}

--- stderr ---
SingleTrialExperiment starting: ontology=/workspaces/ontologyutils-ekaw26/repair-power-index-replication-ekaw26/ontologies/inconsistent/MEDEON.owl, seed=1775047, run_id=20260624134028346645
Loaded ontology.
Normalizing ontology with SROIQ normalization...
Normalized ontology with SROIQ normalization.
Ontology is already inconsistent, skipping make-inconsistent step.
Repairing with A1 (random-removal)...
[2026-06-25 14:13:45.366] Checking precondition...
[2026-06-25 14:13:45.382] Starting the repair...
[2026-06-25 14:13:45.389] Found 78 possible bad axioms.
[2026-06-25 14:13:45.390] Selected the bad axiom SubClassOf(RiskAssessment Assessment).
[2026-06-25 14:13:45.397] Found 77 possible bad axioms.
[2026-06-25 14:13:45.397] Selected the bad axiom SubClassOf(InappropriateUse ErrorType).
[2026-06-25 14:13:45.402] Found 76 possible bad axioms.
[2026-06-25 14:13:45.402] Selected the bad axiom ClassAssertion(TypeOfHarm skin_tear).
[2026-06-25 14:13:45.403] Found 75 possible bad axioms.
[2026-06-25 14:13:45.403] Selected the bad axiom SubClassOf(DeviceName DeviceCharacteristic).
[2026-06-25 14:13:45.407] Found 74 possible bad axioms.
[2026-06-25 14:13:45.407] Selected the bad axiom ClassAssertion(SkinTear skin_tear).
[2026-06-25 14:13:45.408] Found 73 possible bad axioms.
[2026-06-25 14:13:45.408] Selected the bad axiom SubClassOf(CheckDevice StuffActivity).
[2026-06-25 14:13:45.412] Found 72 possible bad axioms.
[2026-06-25 14:13:45.412] Selected the bad axiom SubClassOf(Timing StateOfCare).
[2026-06-25 14:13:45.415] Found 71 possible bad axioms.
[2026-06-25 14:13:45.415] Selected the bad axiom SubClassOf(InjuryAssessment Assessment).
[2026-06-25 14:13:45.418] Found 70 possible bad axioms.
[2026-06-25 14:13:45.418] Selected the bad axiom SubClassOf(Oxigen-GasVapour IncidentType).
[2026-06-25 14:13:45.421] Found 69 possible bad axioms.
[2026-06-25 14:13:45.421] Selected the bad axiom SubClassOf(StateOfCare TemporalInfo).
[2026-06-25 14:13:45.427] Found 68 possible bad axioms.
[2026-06-25 14:13:45.427] Selected the bad axiom ClassAssertion(TypeOfHarm fracture).
[2026-06-25 14:13:45.429] Found 67 possible bad axioms.
[2026-06-25 14:13:45.429] Selected the bad axiom SubClassOf(PatientBehaviour IncidentType).
[2026-06-25 14:13:45.432] Found 66 possible bad axioms.
[2026-06-25 14:13:45.432] Selected the bad axiom SubClassOf(Defect ErrorType).
[2026-06-25 14:13:45.435] Found 65 possible bad axioms.
[2026-06-25 14:13:45.435] Selected the bad axiom SubClassOf(MentalStatus PatientCharacteristic).
[2026-06-25 14:13:45.442] Found 64 possible bad axioms.
[2026-06-25 14:13:45.442] Selected the bad axiom SubClassOf(Patient Person).
[2026-06-25 14:13:45.444] Found 63 possible bad axioms.
[2026-06-25 14:13:45.445] Selected the bad axiom ObjectPropertyAssertion(hasOutcome patient_fall skin_tear).
[2026-06-25 14:13:45.445] Found 62 possible bad axioms.
[2026-06-25 14:13:45.445] Selected the bad axiom ObjectPropertyAssertion(hasParticipant slip_down pt).
[2026-06-25 14:13
...[truncated]
SUCCESS: attempt=126 seed=1775047 success_count=64/100
progress: ontology=MEDEON attempt=126 success=64/100
----- MEDEON attempt=127 seed=1789247 at 2026-06-25 14:14:08 -----
--- stdout ---
{"seed":1789247,"run_id":"20260624134028346645","trial_status":"success","error_type":null,"failure_stage":null,"error_message":null,"iic_values":{"B1_vs_A1":0.030303030303030304,"B1_vs_A2":1.0,"B1_vs_A3":1.0,"B2_vs_A1":0.03076923076923077,"B2_vs_A2":1.0,"B2_vs_A3":1.0,"B3_vs_A1":0.03076923076923077,"B3_vs_A2":1.0,"B3_vs_A3":1.0,"B4_vs_A1":1.0,"B4_vs_A2":1.0,"B4_vs_A3":1.0,"B5_vs_A1":1.0,"B5_vs_A2":1.0,"B5_vs_A3":1.0,"B6_vs_A1":1.0,"B6_vs_A2":1.0,"B6_vs_A3":1.0,"B7_vs_A1":1.0,"B7_vs_A2":1.0,"B7_vs_A3":1.0,"B8_vs_A1":1.0,"B8_vs_A2":1.0,"B8_vs_A3":1.0,"B9_vs_A1":1.0,"B9_vs_A2":1.0,"B9_vs_A3":1.0},"repair_runtimes_ms":{"A1":47,"A2":1260,"A3":313,"B1":264,"B2":4800,"B3":3211,"B4":196,"B5":7535,"B6":1090,"B7":175,"B8":8288,"B9":5605}}

--- stderr ---
SingleTrialExperiment starting: ontology=/workspaces/ontologyutils-ekaw26/repair-power-index-replication-ekaw26/ontologies/inconsistent/MEDEON.owl, seed=1789247, run_id=20260624134028346645
Loaded ontology.
Normalizing ontology with SROIQ normalization...
Normalized ontology with SROIQ normalization.
Ontology is already inconsistent, skipping make-inconsistent step.
Repairing with A1 (random-removal)...
[2026-06-25 14:14:08.827] Checking precondition...
[2026-06-25 14:14:08.844] Starting the repair...
[2026-06-25 14:14:08.851] Found 78 possible bad axioms.
[2026-06-25 14:14:08.852] Selected the bad axiom SubClassOf(Social/EconomicalImpact PatientOutcome).
[2026-06-25 14:14:08.858] Found 77 possible bad axioms.
[2026-06-25 14:14:08.858] Selected the bad axiom SubClassOf(Process IncidentCharacteristic).
[2026-06-25 14:14:08.864] Found 76 possible bad axioms.
[2026-06-25 14:14:08.864] Selected the bad axiom SubClassOf(Fall ObjectSomeValuesFrom(involvesActivity ObjectSomeValuesFrom(hasParticipant Patient))).
[2026-06-25 14:14:08.868] Found 75 possible bad axioms.
[2026-06-25 14:14:08.868] Selected the bad axiom ClassAssertion(Patient pt).
[2026-06-25 14:14:08.870] Finished repairing the ontology.
Repairing with A2 (not-in-largest-mcs-removal)...
[2026-06-25 14:14:08.870] Checking precondition...
[2026-06-25 14:14:08.877] Starting the repair...
[2026-06-25 14:14:10.130] Found 2 possible bad axioms.
[2026-06-25 14:14:10.130] Selected the bad axiom SubClassOf(Fall ObjectSomeValuesFrom(involvesActivity owl:Nothing)).
[2026-06-25 14:14:10.131] Finished repairing the ontology.
Repairing with A3 (default-weakening)...
[2026-06-25 14:14:10.132] Checking precondition...
[2026-06-25 14:14:10.135] Starting the repair...
[2026-06-25 14:14:10.146] Selected a reference ontology with 150 axioms.
[2026-06-25 14:14:10.370] Selected the bad axiom SubClassOf(Fall ObjectSomeValuesFrom(involvesActivity owl:Nothing)).
[2026-06-25 14:14:10.442] Selected the weaker axiom SubClassOf(ObjectSomeValuesFrom(involvesActivity owl:Nothing) ObjectSomeValuesFrom(involvesActivity owl:Nothing)).
[2026-06-25 14:14:10.444] Finished repairing the ontology.
Repairing with B1 (bad-in_some_mus-weaker-random)...
[2026-06-25 14:14:10.444] Checking precondition...
[2026-06-25 14:14:10.447] Starting the repair...
[2026-06-25 14:14:10.454] Selected a reference ontology with 152 axioms.
[2026-06-25 14:14:10.663] Selected the bad axiom SubClassOf(Fall ObjectSomeValuesFrom(involvesActivity owl:Nothing)).
[2026-06-25 14:14:10.706] Selected the weaker axiom SubClassOf(Fall PatientAccident).
[2026-06-25 14:14:10.708] Finished repairing the ontology.
Repairing with B2 (bad-in_some_mus-weaker-shapley)...
[2026-06-25 14:14:10.710] Checking precondition...
[2026-06-25 14:14:10.711] Starting the repair...
[2026-06-25 14:14:10.717] Selected a reference ontology with 152 axioms.
[2026-06-25 14:14:10.886] Selected the bad axiom ClassAssertion(Patient pt).
[PowerIndexWeakerAxiomSelector] Scoring 1 candidate wea
...[truncated]
SUCCESS: attempt=127 seed=1789247 success_count=65/100
progress: ontology=MEDEON attempt=127 success=65/100
----- MEDEON attempt=128 seed=1803447 at 2026-06-25 14:14:41 -----
--- stdout ---
{"seed":1803447,"run_id":"20260624134028346645","trial_status":"success","error_type":null,"failure_stage":null,"error_message":null,"iic_values":{"B1_vs_A1":1.0,"B1_vs_A2":0.5,"B1_vs_A3":1.0,"B2_vs_A1":1.0,"B2_vs_A2":0.5,"B2_vs_A3":1.0,"B3_vs_A1":0.4,"B3_vs_A2":0.0,"B3_vs_A3":1.0,"B4_vs_A1":1.0,"B4_vs_A2":0.5,"B4_vs_A3":1.0,"B5_vs_A1":1.0,"B5_vs_A2":0.5,"B5_vs_A3":1.0,"B6_vs_A1":1.0,"B6_vs_A2":0.5,"B6_vs_A3":1.0,"B7_vs_A1":1.0,"B7_vs_A2":0.5,"B7_vs_A3":1.0,"B8_vs_A1":1.0,"B8_vs_A2":0.5,"B8_vs_A3":1.0,"B9_vs_A1":1.0,"B9_vs_A2":0.5,"B9_vs_A3":1.0},"repair_runtimes_ms":{"A1":137,"A2":1177,"A3":498,"B1":418,"B2":743,"B3":3343,"B4":182,"B5":1717,"B6":5492,"B7":244,"B8":1810,"B9":1049}}

--- stderr ---
SingleTrialExperiment starting: ontology=/workspaces/ontologyutils-ekaw26/repair-power-index-replication-ekaw26/ontologies/inconsistent/MEDEON.owl, seed=1803447, run_id=20260624134028346645
Loaded ontology.
Normalizing ontology with SROIQ normalization...
Normalized ontology with SROIQ normalization.
Ontology is already inconsistent, skipping make-inconsistent step.
Repairing with A1 (random-removal)...
[2026-06-25 14:14:42.327] Checking precondition...
[2026-06-25 14:14:42.344] Starting the repair...
[2026-06-25 14:14:42.350] Found 78 possible bad axioms.
[2026-06-25 14:14:42.351] Selected the bad axiom ObjectPropertyAssertion(hasParticipant fracture pt).
[2026-06-25 14:14:42.354] Found 77 possible bad axioms.
[2026-06-25 14:14:42.354] Selected the bad axiom SubClassOf(ClinicalAdministration IncidentType).
[2026-06-25 14:14:42.360] Found 76 possible bad axioms.
[2026-06-25 14:14:42.360] Selected the bad axiom SubClassOf(Pathology-Laboratory IncidentType).
[2026-06-25 14:14:42.364] Found 75 possible bad axioms.
[2026-06-25 14:14:42.364] Selected the bad axiom SubClassOf(HealthcareAssociatedInfection IncidentType).
[2026-06-25 14:14:42.368] Found 74 possible bad axioms.
[2026-06-25 14:14:42.368] Selected the bad axiom SubClassOf(Therapy Action).
[2026-06-25 14:14:42.372] Found 73 possible bad axioms.
[2026-06-25 14:14:42.372] Selected the bad axiom SubClassOf(PhysicalCondition PatientCharacteristic).
[2026-06-25 14:14:42.375] Found 72 possible bad axioms.
[2026-06-25 14:14:42.375] Selected the bad axiom SubClassOf(DeviceFailure ErrorType).
[2026-06-25 14:14:42.378] Found 71 possible bad axioms.
[2026-06-25 14:14:42.378] Selected the bad axiom SubClassOf(SkinTear TypeOfHarm).
[2026-06-25 14:14:42.382] Found 70 possible bad axioms.
[2026-06-25 14:14:42.383] Selected the bad axiom SubClassOf(ObjectSomeValuesFrom(hasOutcome ObjectSomeValuesFrom(hasParticipant Person)) Fall).
[2026-06-25 14:14:42.385] Found 69 possible bad axioms.
[2026-06-25 14:14:42.385] Selected the bad axiom SubClassOf(PressureUlcer IncidentType).
[2026-06-25 14:14:42.392] Found 68 possible bad axioms.
[2026-06-25 14:14:42.392] Selected the bad axiom SubClassOf(DeviceName DeviceCharacteristic).
[2026-06-25 14:14:42.395] Found 67 possible bad axioms.
[2026-06-25 14:14:42.395] Selected the bad axiom SubClassOf(NotifyManufacturer MitigatingFactor).
[2026-06-25 14:14:42.403] Found 66 possible bad axioms.
[2026-06-25 14:14:42.403] Selected the bad axiom SubClassOf(InappropriateUse ErrorType).
[2026-06-25 14:14:42.405] Found 65 possible bad axioms.
[2026-06-25 14:14:42.405] Selected the bad axiom SubClassOf(MonitoringDevice Device/Equipment).
[2026-06-25 14:14:42.407] Found 64 possible bad axioms.
[2026-06-25 14:14:42.407] Selected the bad axiom SubClassOf(PatientAccident IncidentType).
[2026-06-25 14:14:42.410] Found 63 possible bad axioms.
[2026-06-25 14:14:42.410] Selected the bad axiom SubClassOf(Site PatientOutcome).
[2026-06-25 14:14:42.412] Found 62 possible bad axioms.
[2026-06-2
...[truncated]
SUCCESS: attempt=128 seed=1803447 success_count=66/100
progress: ontology=MEDEON attempt=128 success=66/100
----- MEDEON attempt=129 seed=1817647 at 2026-06-25 14:14:59 -----
--- stdout ---
{"seed":1817647,"run_id":"20260624134028346645","trial_status":"time_limit_exceeded","error_type":"timeout","failure_stage":"B4","error_message":"Repair timeout: B4 exceeded 300 seconds","iic_values":{},"repair_runtimes_ms":{"A1":87,"A2":1223,"A3":307,"B1":433,"B2":747,"B3":3557,"B4":300001}}

--- stderr ---
SingleTrialExperiment starting: ontology=/workspaces/ontologyutils-ekaw26/repair-power-index-replication-ekaw26/ontologies/inconsistent/MEDEON.owl, seed=1817647, run_id=20260624134028346645
Loaded ontology.
Normalizing ontology with SROIQ normalization...
Normalized ontology with SROIQ normalization.
Ontology is already inconsistent, skipping make-inconsistent step.
Repairing with A1 (random-removal)...
[2026-06-25 14:14:59.856] Checking precondition...
[2026-06-25 14:14:59.872] Starting the repair...
[2026-06-25 14:14:59.879] Found 78 possible bad axioms.
[2026-06-25 14:14:59.880] Selected the bad axiom ClassAssertion(TypeOfHarm skin_tear).
[2026-06-25 14:14:59.882] Found 77 possible bad axioms.
[2026-06-25 14:14:59.882] Selected the bad axiom SubClassOf(Documentation IncidentType).
[2026-06-25 14:14:59.888] Found 76 possible bad axioms.
[2026-06-25 14:14:59.888] Selected the bad axiom SubClassOf(DegreeOfHarm PatientOutcome).
[2026-06-25 14:14:59.892] Found 75 possible bad axioms.
[2026-06-25 14:14:59.892] Selected the bad axiom ObjectPropertyAssertion(hasParticipant fracture pt).
[2026-06-25 14:14:59.893] Found 74 possible bad axioms.
[2026-06-25 14:14:59.893] Selected the bad axiom SubClassOf(Resource-OrganizationalManagement IncidentType).
[2026-06-25 14:14:59.897] Found 73 possible bad axioms.
[2026-06-25 14:14:59.897] Selected the bad axiom SubClassOf(CheckDevice StuffActivity).
[2026-06-25 14:14:59.901] Found 72 possible bad axioms.
[2026-06-25 14:14:59.901] Selected the bad axiom SubClassOf(Nutrition IncidentType).
[2026-06-25 14:14:59.903] Found 71 possible bad axioms.
[2026-06-25 14:14:59.904] Selected the bad axiom ObjectPropertyAssertion(hasOutcome patient_fall fracture).
[2026-06-25 14:14:59.904] Found 70 possible bad axioms.
[2026-06-25 14:14:59.905] Selected the bad axiom ClassAssertion(IncidentType patient_fall).
[2026-06-25 14:14:59.905] Found 69 possible bad axioms.
[2026-06-25 14:14:59.906] Selected the bad axiom SubClassOf(Pathology-Laboratory IncidentType).
[2026-06-25 14:14:59.908] Found 68 possible bad axioms.
[2026-06-25 14:14:59.908] Selected the bad axiom SubClassOf(MentalStatus PhysicalCondition).
[2026-06-25 14:14:59.911] Found 67 possible bad axioms.
[2026-06-25 14:14:59.911] Selected the bad axiom SubClassOf(InjuryAssessment Assessment).
[2026-06-25 14:14:59.918] Found 66 possible bad axioms.
[2026-06-25 14:14:59.918] Selected the bad axiom SubClassOf(ObjectSomeValuesFrom(hasOutcome ObjectSomeValuesFrom(hasParticipant Person)) Fall).
[2026-06-25 14:14:59.920] Found 65 possible bad axioms.
[2026-06-25 14:14:59.921] Selected the bad axiom SubClassOf(Fall IncidentType).
[2026-06-25 14:14:59.923] Found 64 possible bad axioms.
[2026-06-25 14:14:59.923] Selected the bad axiom SubClassOf(Infrastructure-Building-Fixture IncidentType).
[2026-06-25 14:14:59.931] Found 63 possible bad axioms.
[2026-06-25 14:14:59.931] Selected the bad axiom SubClassOf(StateOfCare TemporalInfo).
[2026-06-25 14:14:59.933] Found 62 possible bad ax
...[truncated]
FAIL: attempt=129 seed=1817647 status=time_limit_exceeded stage=B4 message=Repair timeout: B4 exceeded 300 seconds
progress: ontology=MEDEON attempt=129 success=66/100
----- MEDEON attempt=130 seed=1831847 at 2026-06-25 14:20:06 -----
--- stdout ---
{"seed":1831847,"run_id":"20260624134028346645","trial_status":"success","error_type":null,"failure_stage":null,"error_message":null,"iic_values":{"B1_vs_A1":0.029850746268656716,"B1_vs_A2":0.5,"B1_vs_A3":0.5,"B2_vs_A1":0.03076923076923077,"B2_vs_A2":1.0,"B2_vs_A3":1.0,"B3_vs_A1":1.0,"B3_vs_A2":1.0,"B3_vs_A3":1.0,"B4_vs_A1":1.0,"B4_vs_A2":1.0,"B4_vs_A3":1.0,"B5_vs_A1":1.0,"B5_vs_A2":1.0,"B5_vs_A3":1.0,"B6_vs_A1":1.0,"B6_vs_A2":1.0,"B6_vs_A3":1.0,"B7_vs_A1":1.0,"B7_vs_A2":1.0,"B7_vs_A3":1.0,"B8_vs_A1":1.0,"B8_vs_A2":1.0,"B8_vs_A3":1.0,"B9_vs_A1":1.0,"B9_vs_A2":1.0,"B9_vs_A3":1.0},"repair_runtimes_ms":{"A1":46,"A2":1232,"A3":308,"B1":246,"B2":4614,"B3":521,"B4":107,"B5":7802,"B6":5717,"B7":157,"B8":1766,"B9":5612}}

--- stderr ---
SingleTrialExperiment starting: ontology=/workspaces/ontologyutils-ekaw26/repair-power-index-replication-ekaw26/ontologies/inconsistent/MEDEON.owl, seed=1831847, run_id=20260624134028346645
Loaded ontology.
Normalizing ontology with SROIQ normalization...
Normalized ontology with SROIQ normalization.
Ontology is already inconsistent, skipping make-inconsistent step.
Repairing with A1 (random-removal)...
[2026-06-25 14:20:06.654] Checking precondition...
[2026-06-25 14:20:06.671] Starting the repair...
[2026-06-25 14:20:06.677] Found 78 possible bad axioms.
[2026-06-25 14:20:06.679] Selected the bad axiom SubClassOf(MonitoringDevice Device/Equipment).
[2026-06-25 14:20:06.685] Found 77 possible bad axioms.
[2026-06-25 14:20:06.685] Selected the bad axiom SubClassOf(Fall ObjectSomeValuesFrom(hasOutcome ObjectSomeValuesFrom(hasParticipant Patient))).
[2026-06-25 14:20:06.690] Found 76 possible bad axioms.
[2026-06-25 14:20:06.690] Selected the bad axiom SubClassOf(Therapy Action).
[2026-06-25 14:20:06.694] Found 75 possible bad axioms.
[2026-06-25 14:20:06.694] Selected the bad axiom ClassAssertion(Patient pt).
[2026-06-25 14:20:06.696] Finished repairing the ontology.
Repairing with A2 (not-in-largest-mcs-removal)...
[2026-06-25 14:20:06.696] Checking precondition...
[2026-06-25 14:20:06.703] Starting the repair...
[2026-06-25 14:20:07.928] Found 2 possible bad axioms.
[2026-06-25 14:20:07.929] Selected the bad axiom SubClassOf(Fall ObjectSomeValuesFrom(involvesActivity owl:Nothing)).
[2026-06-25 14:20:07.929] Finished repairing the ontology.
Repairing with A3 (default-weakening)...
[2026-06-25 14:20:07.931] Checking precondition...
[2026-06-25 14:20:07.934] Starting the repair...
[2026-06-25 14:20:07.949] Selected a reference ontology with 150 axioms.
[2026-06-25 14:20:08.167] Selected the bad axiom SubClassOf(Fall ObjectSomeValuesFrom(involvesActivity owl:Nothing)).
[2026-06-25 14:20:08.236] Selected the weaker axiom SubClassOf(Fall ObjectSomeValuesFrom(involvesActivity ClinicalAdministration)).
[2026-06-25 14:20:08.238] Finished repairing the ontology.
Repairing with B1 (bad-in_some_mus-weaker-random)...
[2026-06-25 14:20:08.239] Checking precondition...
[2026-06-25 14:20:08.240] Starting the repair...
[2026-06-25 14:20:08.247] Selected a reference ontology with 152 axioms.
[2026-06-25 14:20:08.441] Selected the bad axiom SubClassOf(Fall ObjectSomeValuesFrom(involvesActivity owl:Nothing)).
[2026-06-25 14:20:08.483] Selected the weaker axiom SubClassOf(Fall ObjectSomeValuesFrom(involvesActivity Documentation)).
[2026-06-25 14:20:08.485] Finished repairing the ontology.
Repairing with B2 (bad-in_some_mus-weaker-shapley)...
[2026-06-25 14:20:08.487] Checking precondition...
[2026-06-25 14:20:08.488] Starting the repair...
[2026-06-25 14:20:08.493] Selected a reference ontology with 152 axioms.
[2026-06-25 14:20:08.670] Selected the bad axiom SubClassOf(Fall ObjectSomeValuesFrom(involvesActivity owl:Nothing)).
[PowerIndexWeakerAxiomSelector] Scoring
...[truncated]
SUCCESS: attempt=130 seed=1831847 success_count=67/100
progress: ontology=MEDEON attempt=130 success=67/100
----- MEDEON attempt=131 seed=1846047 at 2026-06-25 14:20:35 -----
--- stdout ---
{"seed":1846047,"run_id":"20260624134028346645","trial_status":"success","error_type":null,"failure_stage":null,"error_message":null,"iic_values":{"B1_vs_A1":1.0,"B1_vs_A2":1.0,"B1_vs_A3":1.0,"B2_vs_A1":1.0,"B2_vs_A2":1.0,"B2_vs_A3":1.0,"B3_vs_A1":1.0,"B3_vs_A2":1.0,"B3_vs_A3":1.0,"B4_vs_A1":1.0,"B4_vs_A2":1.0,"B4_vs_A3":1.0,"B5_vs_A1":1.0,"B5_vs_A2":1.0,"B5_vs_A3":1.0,"B6_vs_A1":1.0,"B6_vs_A2":1.0,"B6_vs_A3":1.0,"B7_vs_A1":1.0,"B7_vs_A2":1.0,"B7_vs_A3":1.0,"B8_vs_A1":1.0,"B8_vs_A2":1.0,"B8_vs_A3":1.0,"B9_vs_A1":1.0,"B9_vs_A2":1.0,"B9_vs_A3":1.0},"repair_runtimes_ms":{"A1":58,"A2":1259,"A3":319,"B1":249,"B2":3380,"B3":2001,"B4":290,"B5":7589,"B6":1094,"B7":324,"B8":7630,"B9":5860}}

--- stderr ---
SingleTrialExperiment starting: ontology=/workspaces/ontologyutils-ekaw26/repair-power-index-replication-ekaw26/ontologies/inconsistent/MEDEON.owl, seed=1846047, run_id=20260624134028346645
Loaded ontology.
Normalizing ontology with SROIQ normalization...
Normalized ontology with SROIQ normalization.
Ontology is already inconsistent, skipping make-inconsistent step.
Repairing with A1 (random-removal)...
[2026-06-25 14:20:35.568] Checking precondition...
[2026-06-25 14:20:35.585] Starting the repair...
[2026-06-25 14:20:35.592] Found 78 possible bad axioms.
[2026-06-25 14:20:35.593] Selected the bad axiom SubClassOf(NotifyManufacturer MitigatingFactor).
[2026-06-25 14:20:35.599] Found 77 possible bad axioms.
[2026-06-25 14:20:35.599] Selected the bad axiom SubClassOf(MentalStatus PatientCharacteristic).
[2026-06-25 14:20:35.603] Found 76 possible bad axioms.
[2026-06-25 14:20:35.604] Selected the bad axiom SubClassOf(Treatment Action).
[2026-06-25 14:20:35.608] Found 75 possible bad axioms.
[2026-06-25 14:20:35.608] Selected the bad axiom SubClassOf(MedicalDevice-Equipment IncidentType).
[2026-06-25 14:20:35.611] Found 74 possible bad axioms.
[2026-06-25 14:20:35.611] Selected the bad axiom SubClassOf(Medication-IVFluid IncidentType).
[2026-06-25 14:20:35.614] Found 73 possible bad axioms.
[2026-06-25 14:20:35.615] Selected the bad axiom ObjectPropertyAssertion(hasParticipant fracture pt).
[2026-06-25 14:20:35.616] Found 72 possible bad axioms.
[2026-06-25 14:20:35.616] Selected the bad axiom SubClassOf(ObjectSomeValuesFrom(involvesActivity ObjectSomeValuesFrom(hasParticipant Patient)) Fall).
[2026-06-25 14:20:35.618] Found 71 possible bad axioms.
[2026-06-25 14:20:35.619] Selected the bad axiom SubClassOf(Fall ObjectSomeValuesFrom(involvesActivity owl:Nothing)).
[2026-06-25 14:20:35.621] Finished repairing the ontology.
Repairing with A2 (not-in-largest-mcs-removal)...
[2026-06-25 14:20:35.622] Checking precondition...
[2026-06-25 14:20:35.633] Starting the repair...
[2026-06-25 14:20:36.881] Found 2 possible bad axioms.
[2026-06-25 14:20:36.881] Selected the bad axiom SubClassOf(Fall ObjectSomeValuesFrom(involvesActivity owl:Nothing)).
[2026-06-25 14:20:36.881] Finished repairing the ontology.
Repairing with A3 (default-weakening)...
[2026-06-25 14:20:36.884] Checking precondition...
[2026-06-25 14:20:36.886] Starting the repair...
[2026-06-25 14:20:36.896] Selected a reference ontology with 152 axioms.
[2026-06-25 14:20:37.123] Selected the bad axiom SubClassOf(Fall ObjectSomeValuesFrom(involvesActivity owl:Nothing)).
[2026-06-25 14:20:37.199] Selected the weaker axiom SubClassOf(Fall ObjectSomeValuesFrom(involvesActivity Resource-OrganizationalManagement)).
[2026-06-25 14:20:37.201] Finished repairing the ontology.
Repairing with B1 (bad-in_some_mus-weaker-random)...
[2026-06-25 14:20:37.202] Checking precondition...
[2026-06-25 14:20:37.204] Starting the repair...
[2026-06-25 14:20:37.214] Selected a reference ontology with 150 axioms.
[2026-
...[truncated]
SUCCESS: attempt=131 seed=1846047 success_count=68/100
progress: ontology=MEDEON attempt=131 success=68/100
----- MEDEON attempt=132 seed=1860247 at 2026-06-25 14:21:06 -----
--- stdout ---
{"seed":1860247,"run_id":"20260624134028346645","trial_status":"success","error_type":null,"failure_stage":null,"error_message":null,"iic_values":{"B1_vs_A1":1.0,"B1_vs_A2":1.0,"B1_vs_A3":0.5,"B2_vs_A1":1.0,"B2_vs_A2":1.0,"B2_vs_A3":0.5,"B3_vs_A1":1.0,"B3_vs_A2":1.0,"B3_vs_A3":0.5,"B4_vs_A1":1.0,"B4_vs_A2":1.0,"B4_vs_A3":0.5,"B5_vs_A1":1.0,"B5_vs_A2":1.0,"B5_vs_A3":0.5,"B6_vs_A1":1.0,"B6_vs_A2":1.0,"B6_vs_A3":0.5,"B7_vs_A1":1.0,"B7_vs_A2":1.0,"B7_vs_A3":0.5,"B8_vs_A1":1.0,"B8_vs_A2":1.0,"B8_vs_A3":0.5,"B9_vs_A1":1.0,"B9_vs_A2":1.0,"B9_vs_A3":0.5},"repair_runtimes_ms":{"A1":88,"A2":1213,"A3":252,"B1":410,"B2":3338,"B3":258,"B4":142,"B5":7878,"B6":5068,"B7":206,"B8":7789,"B9":1139}}

--- stderr ---
SingleTrialExperiment starting: ontology=/workspaces/ontologyutils-ekaw26/repair-power-index-replication-ekaw26/ontologies/inconsistent/MEDEON.owl, seed=1860247, run_id=20260624134028346645
Loaded ontology.
Normalizing ontology with SROIQ normalization...
Normalized ontology with SROIQ normalization.
Ontology is already inconsistent, skipping make-inconsistent step.
Repairing with A1 (random-removal)...
[2026-06-25 14:21:06.393] Checking precondition...
[2026-06-25 14:21:06.408] Starting the repair...
[2026-06-25 14:21:06.415] Found 78 possible bad axioms.
[2026-06-25 14:21:06.416] Selected the bad axiom SubClassOf(DeviceName DeviceCharacteristic).
[2026-06-25 14:21:06.423] Found 77 possible bad axioms.
[2026-06-25 14:21:06.423] Selected the bad axiom ObjectPropertyAssertion(hasParticipant slip_down pt).
[2026-06-25 14:21:06.425] Found 76 possible bad axioms.
[2026-06-25 14:21:06.425] Selected the bad axiom ObjectPropertyAssertion(causes slip_down skin_tear).
[2026-06-25 14:21:06.426] Found 75 possible bad axioms.
[2026-06-25 14:21:06.426] Selected the bad axiom SubClassOf(ClinicalAdministration IncidentType).
[2026-06-25 14:21:06.431] Found 74 possible bad axioms.
[2026-06-25 14:21:06.431] Selected the bad axiom SubClassOf(MentalStatus PatientCharacteristic).
[2026-06-25 14:21:06.435] Found 73 possible bad axioms.
[2026-06-25 14:21:06.435] Selected the bad axiom SubClassOf(PatientBehaviour IncidentType).
[2026-06-25 14:21:06.438] Found 72 possible bad axioms.
[2026-06-25 14:21:06.438] Selected the bad axiom SubClassOf(Blood-BloodProduct IncidentType).
[2026-06-25 14:21:06.441] Found 71 possible bad axioms.
[2026-06-25 14:21:06.441] Selected the bad axiom SubClassOf(Site PatientOutcome).
[2026-06-25 14:21:06.443] Found 70 possible bad axioms.
[2026-06-25 14:21:06.444] Selected the bad axiom SubClassOf(MonitoringDevice Device/Equipment).
[2026-06-25 14:21:06.446] Found 69 possible bad axioms.
[2026-06-25 14:21:06.446] Selected the bad axiom SubClassOf(PatientAccident IncidentType).
[2026-06-25 14:21:06.453] Found 68 possible bad axioms.
[2026-06-25 14:21:06.453] Selected the bad axiom SubClassOf(Fall ObjectSomeValuesFrom(involvesActivity ObjectSomeValuesFrom(hasParticipant Patient))).
[2026-06-25 14:21:06.456] Found 67 possible bad axioms.
[2026-06-25 14:21:06.456] Selected the bad axiom SubClassOf(AssistiveDevice Device/Equipment).
[2026-06-25 14:21:06.459] Found 66 possible bad axioms.
[2026-06-25 14:21:06.459] Selected the bad axiom SubClassOf(SkinTear TypeOfHarm).
[2026-06-25 14:21:06.466] Found 65 possible bad axioms.
[2026-06-25 14:21:06.466] Selected the bad axiom ObjectPropertyAssertion(hasParticipant fracture pt).
[2026-06-25 14:21:06.467] Found 64 possible bad axioms.
[2026-06-25 14:21:06.467] Selected the bad axiom SubClassOf(Treatment Action).
[2026-06-25 14:21:06.469] Found 63 possible bad axioms.
[2026-06-25 14:21:06.469] Selected the bad axiom SubClassOf(Infrastructure-Building-Fixture IncidentType).
[2026-06-25 14:21:06.473] Found 
...[truncated]
SUCCESS: attempt=132 seed=1860247 success_count=69/100
progress: ontology=MEDEON attempt=132 success=69/100
----- MEDEON attempt=133 seed=1874447 at 2026-06-25 14:21:34 -----
--- stdout ---
{"seed":1874447,"run_id":"20260624134028346645","trial_status":"success","error_type":null,"failure_stage":null,"error_message":null,"iic_values":{"B1_vs_A1":1.0,"B1_vs_A2":1.0,"B1_vs_A3":1.0,"B2_vs_A1":1.0,"B2_vs_A2":1.0,"B2_vs_A3":1.0,"B3_vs_A1":0.34375,"B3_vs_A2":1.0,"B3_vs_A3":1.0,"B4_vs_A1":1.0,"B4_vs_A2":1.0,"B4_vs_A3":1.0,"B5_vs_A1":1.0,"B5_vs_A2":1.0,"B5_vs_A3":1.0,"B6_vs_A1":1.0,"B6_vs_A2":1.0,"B6_vs_A3":1.0,"B7_vs_A1":1.0,"B7_vs_A2":1.0,"B7_vs_A3":1.0,"B8_vs_A1":1.0,"B8_vs_A2":1.0,"B8_vs_A3":1.0,"B9_vs_A1":1.0,"B9_vs_A2":1.0,"B9_vs_A3":1.0},"repair_runtimes_ms":{"A1":126,"A2":1191,"A3":316,"B1":236,"B2":731,"B3":3737,"B4":196,"B5":7950,"B6":5541,"B7":169,"B8":7829,"B9":1255}}

--- stderr ---
SingleTrialExperiment starting: ontology=/workspaces/ontologyutils-ekaw26/repair-power-index-replication-ekaw26/ontologies/inconsistent/MEDEON.owl, seed=1874447, run_id=20260624134028346645
Loaded ontology.
Normalizing ontology with SROIQ normalization...
Normalized ontology with SROIQ normalization.
Ontology is already inconsistent, skipping make-inconsistent step.
Repairing with A1 (random-removal)...
[2026-06-25 14:21:34.935] Checking precondition...
[2026-06-25 14:21:34.951] Starting the repair...
[2026-06-25 14:21:34.957] Found 78 possible bad axioms.
[2026-06-25 14:21:34.959] Selected the bad axiom SubClassOf(ObjectSomeValuesFrom(hasOutcome ObjectSomeValuesFrom(hasParticipant Person)) Fall).
[2026-06-25 14:21:34.965] Found 77 possible bad axioms.
[2026-06-25 14:21:34.965] Selected the bad axiom SubClassOf(Nutrition IncidentType).
[2026-06-25 14:21:34.969] Found 76 possible bad axioms.
[2026-06-25 14:21:34.969] Selected the bad axiom SubClassOf(ErrorType IncidentCharacteristic).
[2026-06-25 14:21:34.973] Found 75 possible bad axioms.
[2026-06-25 14:21:34.973] Selected the bad axiom SubClassOf(Treatment Action).
[2026-06-25 14:21:34.977] Found 74 possible bad axioms.
[2026-06-25 14:21:34.977] Selected the bad axiom SubClassOf(Social/EconomicalImpact PatientOutcome).
[2026-06-25 14:21:34.980] Found 73 possible bad axioms.
[2026-06-25 14:21:34.980] Selected the bad axiom SubClassOf(MissingInstrument ErrorType).
[2026-06-25 14:21:34.983] Found 72 possible bad axioms.
[2026-06-25 14:21:34.983] Selected the bad axiom SubClassOf(DeviceName DeviceCharacteristic).
[2026-06-25 14:21:34.986] Found 71 possible bad axioms.
[2026-06-25 14:21:34.986] Selected the bad axiom ClassAssertion(TypeOfHarm skin_tear).
[2026-06-25 14:21:34.987] Found 70 possible bad axioms.
[2026-06-25 14:21:34.988] Selected the bad axiom SubClassOf(Infrastructure-Building-Fixture PatientBehaviour).
[2026-06-25 14:21:34.990] Found 69 possible bad axioms.
[2026-06-25 14:21:34.990] Selected the bad axiom SubClassOf(Patient Person).
[2026-06-25 14:21:34.996] Found 68 possible bad axioms.
[2026-06-25 14:21:34.997] Selected the bad axiom ObjectPropertyAssertion(hasParticipant slip_down pt).
[2026-06-25 14:21:34.998] Found 67 possible bad axioms.
[2026-06-25 14:21:34.998] Selected the bad axiom SubClassOf(DegreeOfHarm PatientOutcome).
[2026-06-25 14:21:35.000] Found 66 possible bad axioms.
[2026-06-25 14:21:35.000] Selected the bad axiom ObjectPropertyAssertion(hasParticipant fracture pt).
[2026-06-25 14:21:35.001] Found 65 possible bad axioms.
[2026-06-25 14:21:35.001] Selected the bad axiom SubClassOf(InappropriateUse ErrorType).
[2026-06-25 14:21:35.008] Found 64 possible bad axioms.
[2026-06-25 14:21:35.008] Selected the bad axiom SubClassOf(Fall ObjectSomeValuesFrom(involvesActivity ObjectSomeValuesFrom(hasParticipant Patient))).
[2026-06-25 14:21:35.011] Found 63 possible bad axioms.
[2026-06-25 14:21:35.011] Selected the bad axiom SubClassOf(Timing StateOfCare).
[2026-06-25 14:21:
...[truncated]
SUCCESS: attempt=133 seed=1874447 success_count=70/100
progress: ontology=MEDEON attempt=133 success=70/100
----- MEDEON attempt=134 seed=1888647 at 2026-06-25 14:22:04 -----
--- stdout ---
{"seed":1888647,"run_id":"20260624134028346645","trial_status":"success","error_type":null,"failure_stage":null,"error_message":null,"iic_values":{"B1_vs_A1":0.2857142857142857,"B1_vs_A2":0.0,"B1_vs_A3":0.5,"B2_vs_A1":1.0,"B2_vs_A2":0.5,"B2_vs_A3":1.0,"B3_vs_A1":0.29213483146067415,"B3_vs_A2":0.0,"B3_vs_A3":1.0,"B4_vs_A1":1.0,"B4_vs_A2":0.5,"B4_vs_A3":1.0,"B5_vs_A1":1.0,"B5_vs_A2":0.5,"B5_vs_A3":1.0,"B6_vs_A1":1.0,"B6_vs_A2":0.5,"B6_vs_A3":1.0,"B7_vs_A1":1.0,"B7_vs_A2":0.5,"B7_vs_A3":1.0,"B8_vs_A1":1.0,"B8_vs_A2":0.5,"B8_vs_A3":1.0,"B9_vs_A1":1.0,"B9_vs_A2":0.5,"B9_vs_A3":1.0},"repair_runtimes_ms":{"A1":119,"A2":1213,"A3":329,"B1":269,"B2":744,"B3":3485,"B4":156,"B5":7828,"B6":5399,"B7":172,"B8":7902,"B9":5426}}

--- stderr ---
SingleTrialExperiment starting: ontology=/workspaces/ontologyutils-ekaw26/repair-power-index-replication-ekaw26/ontologies/inconsistent/MEDEON.owl, seed=1888647, run_id=20260624134028346645
Loaded ontology.
Normalizing ontology with SROIQ normalization...
Normalized ontology with SROIQ normalization.
Ontology is already inconsistent, skipping make-inconsistent step.
Repairing with A1 (random-removal)...
[2026-06-25 14:22:05.044] Checking precondition...
[2026-06-25 14:22:05.060] Starting the repair...
[2026-06-25 14:22:05.066] Found 78 possible bad axioms.
[2026-06-25 14:22:05.068] Selected the bad axiom SubClassOf(Timing TemporalInfo).
[2026-06-25 14:22:05.074] Found 77 possible bad axioms.
[2026-06-25 14:22:05.074] Selected the bad axiom SubClassOf(CheckDevice StuffActivity).
[2026-06-25 14:22:05.078] Found 76 possible bad axioms.
[2026-06-25 14:22:05.079] Selected the bad axiom SubClassOf(StopUse ChangeOfInstrument).
[2026-06-25 14:22:05.082] Found 75 possible bad axioms.
[2026-06-25 14:22:05.083] Selected the bad axiom SubClassOf(MissingInstrument ErrorType).
[2026-06-25 14:22:05.086] Found 74 possible bad axioms.
[2026-06-25 14:22:05.086] Selected the bad axiom SubClassOf(PatientBehaviour IncidentType).
[2026-06-25 14:22:05.088] Found 73 possible bad axioms.
[2026-06-25 14:22:05.089] Selected the bad axiom SubClassOf(MentalStatus PhysicalCondition).
[2026-06-25 14:22:05.091] Found 72 possible bad axioms.
[2026-06-25 14:22:05.091] Selected the bad axiom SubClassOf(Fall IncidentType).
[2026-06-25 14:22:05.094] Found 71 possible bad axioms.
[2026-06-25 14:22:05.094] Selected the bad axiom ClassAssertion(TypeOfHarm fracture).
[2026-06-25 14:22:05.096] Found 70 possible bad axioms.
[2026-06-25 14:22:05.096] Selected the bad axiom ObjectPropertyAssertion(hasParticipant slip_down pt).
[2026-06-25 14:22:05.097] Found 69 possible bad axioms.
[2026-06-25 14:22:05.097] Selected the bad axiom SubClassOf(Patient Person).
[2026-06-25 14:22:05.099] Found 68 possible bad axioms.
[2026-06-25 14:22:05.099] Selected the bad axiom ObjectPropertyAssertion(hasOutcome patient_fall fracture).
[2026-06-25 14:22:05.105] Found 67 possible bad axioms.
[2026-06-25 14:22:05.105] Selected the bad axiom SubClassOf(ObjectSomeValuesFrom(hasOutcome ObjectSomeValuesFrom(hasParticipant Person)) Fall).
[2026-06-25 14:22:05.108] Found 66 possible bad axioms.
[2026-06-25 14:22:05.108] Selected the bad axiom SubClassOf(Oxigen-GasVapour IncidentType).
[2026-06-25 14:22:05.110] Found 65 possible bad axioms.
[2026-06-25 14:22:05.110] Selected the bad axiom SubClassOf(ChangeOfInstrument MitigatingFactor).
[2026-06-25 14:22:05.117] Found 64 possible bad axioms.
[2026-06-25 14:22:05.117] Selected the bad axiom SubClassOf(ClinicalAdministration IncidentType).
[2026-06-25 14:22:05.120] Found 63 possible bad axioms.
[2026-06-25 14:22:05.120] Selected the bad axiom SubClassOf(PressureUlcer IncidentType).
[2026-06-25 14:22:05.122] Found 62 possible bad axioms.
[2026-06-25 14:22:05.122] Select
...[truncated]
SUCCESS: attempt=134 seed=1888647 success_count=71/100
progress: ontology=MEDEON attempt=134 success=71/100
----- MEDEON attempt=135 seed=1902847 at 2026-06-25 14:22:38 -----
--- stdout ---
{"seed":1902847,"run_id":"20260624134028346645","trial_status":"time_limit_exceeded","error_type":"timeout","failure_stage":"B4","error_message":"Repair timeout: B4 exceeded 300 seconds","iic_values":{},"repair_runtimes_ms":{"A1":49,"A2":1248,"A3":318,"B1":239,"B2":729,"B3":3530,"B4":300001}}

--- stderr ---
SingleTrialExperiment starting: ontology=/workspaces/ontologyutils-ekaw26/repair-power-index-replication-ekaw26/ontologies/inconsistent/MEDEON.owl, seed=1902847, run_id=20260624134028346645
Loaded ontology.
Normalizing ontology with SROIQ normalization...
Normalized ontology with SROIQ normalization.
Ontology is already inconsistent, skipping make-inconsistent step.
Repairing with A1 (random-removal)...
[2026-06-25 14:22:38.868] Checking precondition...
[2026-06-25 14:22:38.883] Starting the repair...
[2026-06-25 14:22:38.890] Found 78 possible bad axioms.
[2026-06-25 14:22:38.891] Selected the bad axiom SubClassOf(Timing StateOfCare).
[2026-06-25 14:22:38.897] Found 77 possible bad axioms.
[2026-06-25 14:22:38.898] Selected the bad axiom SubClassOf(ClinicalAdministration IncidentType).
[2026-06-25 14:22:38.902] Found 76 possible bad axioms.
[2026-06-25 14:22:38.902] Selected the bad axiom SubClassOf(ObjectSomeValuesFrom(involvesActivity ObjectSomeValuesFrom(hasParticipant Patient)) Fall).
[2026-06-25 14:22:38.907] Found 75 possible bad axioms.
[2026-06-25 14:22:38.907] Selected the bad axiom ObjectPropertyAssertion(hasOutcome patient_fall skin_tear).
[2026-06-25 14:22:38.908] Found 74 possible bad axioms.
[2026-06-25 14:22:38.908] Selected the bad axiom SubClassOf(Fall ObjectSomeValuesFrom(involvesActivity owl:Nothing)).
[2026-06-25 14:22:38.912] Finished repairing the ontology.
Repairing with A2 (not-in-largest-mcs-removal)...
[2026-06-25 14:22:38.913] Checking precondition...
[2026-06-25 14:22:38.919] Starting the repair...
[2026-06-25 14:22:40.159] Found 2 possible bad axioms.
[2026-06-25 14:22:40.160] Selected the bad axiom ClassAssertion(Patient pt).
[2026-06-25 14:22:40.161] Finished repairing the ontology.
Repairing with A3 (default-weakening)...
[2026-06-25 14:22:40.163] Checking precondition...
[2026-06-25 14:22:40.166] Starting the repair...
[2026-06-25 14:22:40.176] Selected a reference ontology with 152 axioms.
[2026-06-25 14:22:40.403] Selected the bad axiom SubClassOf(Fall ObjectSomeValuesFrom(involvesActivity owl:Nothing)).
[2026-06-25 14:22:40.478] Selected the weaker axiom SubClassOf(Fall ObjectSomeValuesFrom(involvesActivity Therapy)).
[2026-06-25 14:22:40.479] Finished repairing the ontology.
Repairing with B1 (bad-in_some_mus-weaker-random)...
[2026-06-25 14:22:40.480] Checking precondition...
[2026-06-25 14:22:40.482] Starting the repair...
[2026-06-25 14:22:40.488] Selected a reference ontology with 152 axioms.
[2026-06-25 14:22:40.670] Selected the bad axiom SubClassOf(Fall ObjectSomeValuesFrom(involvesActivity owl:Nothing)).
[2026-06-25 14:22:40.718] Selected the weaker axiom SubClassOf(Fall MentalStatus).
[2026-06-25 14:22:40.719] Finished repairing the ontology.
Repairing with B2 (bad-in_some_mus-weaker-shapley)...
[2026-06-25 14:22:40.721] Checking precondition...
[2026-06-25 14:22:40.722] Starting the repair...
[2026-06-25 14:22:40.727] Selected a reference ontology with 152 axioms.
[2026-06-25 14:22:40.918] Selected 
...[truncated]
FAIL: attempt=135 seed=1902847 status=time_limit_exceeded stage=B4 message=Repair timeout: B4 exceeded 300 seconds
progress: ontology=MEDEON attempt=135 success=71/100
----- MEDEON attempt=136 seed=1917047 at 2026-06-25 14:27:45 -----
--- stdout ---
{"seed":1917047,"run_id":"20260624134028346645","trial_status":"time_limit_exceeded","error_type":"timeout","failure_stage":"B7","error_message":"Repair timeout: B7 exceeded 300 seconds","iic_values":{},"repair_runtimes_ms":{"A1":151,"A2":1170,"A3":662,"B1":238,"B2":4455,"B3":3287,"B4":156,"B5":1681,"B6":1051,"B7":300001}}

--- stderr ---
SingleTrialExperiment starting: ontology=/workspaces/ontologyutils-ekaw26/repair-power-index-replication-ekaw26/ontologies/inconsistent/MEDEON.owl, seed=1917047, run_id=20260624134028346645
Loaded ontology.
Normalizing ontology with SROIQ normalization...
Normalized ontology with SROIQ normalization.
Ontology is already inconsistent, skipping make-inconsistent step.
Repairing with A1 (random-removal)...
[2026-06-25 14:27:45.428] Checking precondition...
[2026-06-25 14:27:45.445] Starting the repair...
[2026-06-25 14:27:45.451] Found 78 possible bad axioms.
[2026-06-25 14:27:45.452] Selected the bad axiom ObjectPropertyAssertion(hasParticipant slip_down pt).
[2026-06-25 14:27:45.454] Found 77 possible bad axioms.
[2026-06-25 14:27:45.454] Selected the bad axiom SubClassOf(MentalStatus PatientCharacteristic).
[2026-06-25 14:27:45.461] Found 76 possible bad axioms.
[2026-06-25 14:27:45.461] Selected the bad axiom SubClassOf(ClinicalProcess IncidentType).
[2026-06-25 14:27:45.465] Found 75 possible bad axioms.
[2026-06-25 14:27:45.465] Selected the bad axiom SubClassOf(Process IncidentCharacteristic).
[2026-06-25 14:27:45.469] Found 74 possible bad axioms.
[2026-06-25 14:27:45.469] Selected the bad axiom SubClassOf(Social/EconomicalImpact PatientOutcome).
[2026-06-25 14:27:45.472] Found 73 possible bad axioms.
[2026-06-25 14:27:45.472] Selected the bad axiom SubClassOf(MissingInstrument ErrorType).
[2026-06-25 14:27:45.476] Found 72 possible bad axioms.
[2026-06-25 14:27:45.476] Selected the bad axiom SubClassOf(Timing StateOfCare).
[2026-06-25 14:27:45.478] Found 71 possible bad axioms.
[2026-06-25 14:27:45.479] Selected the bad axiom SubClassOf(SkinTear TypeOfHarm).
[2026-06-25 14:27:45.482] Found 70 possible bad axioms.
[2026-06-25 14:27:45.482] Selected the bad axiom SubClassOf(Therapy Action).
[2026-06-25 14:27:45.488] Found 69 possible bad axioms.
[2026-06-25 14:27:45.489] Selected the bad axiom SubClassOf(Fall IncidentType).
[2026-06-25 14:27:45.491] Found 68 possible bad axioms.
[2026-06-25 14:27:45.491] Selected the bad axiom ClassAssertion(TypeOfHarm fracture).
[2026-06-25 14:27:45.492] Found 67 possible bad axioms.
[2026-06-25 14:27:45.492] Selected the bad axiom SubClassOf(TypeOfHarm PatientOutcome).
[2026-06-25 14:27:45.495] Found 66 possible bad axioms.
[2026-06-25 14:27:45.495] Selected the bad axiom ObjectPropertyAssertion(hasParticipant fracture pt).
[2026-06-25 14:27:45.495] Found 65 possible bad axioms.
[2026-06-25 14:27:45.496] Selected the bad axiom SubClassOf(Nutrition IncidentType).
[2026-06-25 14:27:45.502] Found 64 possible bad axioms.
[2026-06-25 14:27:45.503] Selected the bad axiom ObjectPropertyAssertion(causes slip_down skin_tear).
[2026-06-25 14:27:45.503] Found 63 possible bad axioms.
[2026-06-25 14:27:45.504] Selected the bad axiom SubClassOf(PhysicalCondition PatientCharacteristic).
[2026-06-25 14:27:45.506] Found 62 possible bad axioms.
[2026-06-25 14:27:45.506] Selected the bad axiom SubClassOf(DeviceType DeviceChar
...[truncated]
FAIL: attempt=136 seed=1917047 status=time_limit_exceeded stage=B7 message=Repair timeout: B7 exceeded 300 seconds
progress: ontology=MEDEON attempt=136 success=71/100
----- MEDEON attempt=137 seed=1931247 at 2026-06-25 14:32:58 -----
--- stdout ---
{"seed":1931247,"run_id":"20260624134028346645","trial_status":"success","error_type":null,"failure_stage":null,"error_message":null,"iic_values":{"B1_vs_A1":1.0,"B1_vs_A2":0.0,"B1_vs_A3":0.5,"B2_vs_A1":1.0,"B2_vs_A2":0.0,"B2_vs_A3":1.0,"B3_vs_A1":1.0,"B3_vs_A2":0.5,"B3_vs_A3":1.0,"B4_vs_A1":1.0,"B4_vs_A2":0.5,"B4_vs_A3":1.0,"B5_vs_A1":1.0,"B5_vs_A2":0.5,"B5_vs_A3":1.0,"B6_vs_A1":1.0,"B6_vs_A2":0.5,"B6_vs_A3":1.0,"B7_vs_A1":1.0,"B7_vs_A2":0.5,"B7_vs_A3":1.0,"B8_vs_A1":1.0,"B8_vs_A2":0.5,"B8_vs_A3":1.0,"B9_vs_A1":1.0,"B9_vs_A2":0.5,"B9_vs_A3":1.0},"repair_runtimes_ms":{"A1":78,"A2":1221,"A3":326,"B1":427,"B2":4910,"B3":486,"B4":323,"B5":7723,"B6":1048,"B7":251,"B8":7431,"B9":5809}}

--- stderr ---
SingleTrialExperiment starting: ontology=/workspaces/ontologyutils-ekaw26/repair-power-index-replication-ekaw26/ontologies/inconsistent/MEDEON.owl, seed=1931247, run_id=20260624134028346645
Loaded ontology.
Normalizing ontology with SROIQ normalization...
Normalized ontology with SROIQ normalization.
Ontology is already inconsistent, skipping make-inconsistent step.
Repairing with A1 (random-removal)...
[2026-06-25 14:32:58.824] Checking precondition...
[2026-06-25 14:32:58.840] Starting the repair...
[2026-06-25 14:32:58.847] Found 78 possible bad axioms.
[2026-06-25 14:32:58.848] Selected the bad axiom SubClassOf(Blood-BloodProduct IncidentType).
[2026-06-25 14:32:58.854] Found 77 possible bad axioms.
[2026-06-25 14:32:58.855] Selected the bad axiom SubClassOf(StateOfCare TemporalInfo).
[2026-06-25 14:32:58.859] Found 76 possible bad axioms.
[2026-06-25 14:32:58.859] Selected the bad axiom ClassAssertion(IncidentType patient_fall).
[2026-06-25 14:32:58.860] Found 75 possible bad axioms.
[2026-06-25 14:32:58.860] Selected the bad axiom SubClassOf(DeviceAvailability ErrorType).
[2026-06-25 14:32:58.864] Found 74 possible bad axioms.
[2026-06-25 14:32:58.865] Selected the bad axiom SubClassOf(PatientAccident IncidentType).
[2026-06-25 14:32:58.868] Found 73 possible bad axioms.
[2026-06-25 14:32:58.868] Selected the bad axiom SubClassOf(DeviceName DeviceCharacteristic).
[2026-06-25 14:32:58.871] Found 72 possible bad axioms.
[2026-06-25 14:32:58.871] Selected the bad axiom ObjectPropertyAssertion(involvesActivity patient_fall slip_down).
[2026-06-25 14:32:58.872] Found 71 possible bad axioms.
[2026-06-25 14:32:58.872] Selected the bad axiom SubClassOf(Medication-IVFluid IncidentType).
[2026-06-25 14:32:58.874] Found 70 possible bad axioms.
[2026-06-25 14:32:58.875] Selected the bad axiom SubClassOf(Infrastructure-Building-Fixture PatientBehaviour).
[2026-06-25 14:32:58.877] Found 69 possible bad axioms.
[2026-06-25 14:32:58.878] Selected the bad axiom SubClassOf(NotifyManufacturer MitigatingFactor).
[2026-06-25 14:32:58.880] Found 68 possible bad axioms.
[2026-06-25 14:32:58.880] Selected the bad axiom SubClassOf(DeviceFailure ErrorType).
[2026-06-25 14:32:58.887] Found 67 possible bad axioms.
[2026-06-25 14:32:58.887] Selected the bad axiom SubClassOf(PatientActivity Activity).
[2026-06-25 14:32:58.889] Found 66 possible bad axioms.
[2026-06-25 14:32:58.890] Selected the bad axiom SubClassOf(Fall ObjectSomeValuesFrom(involvesActivity owl:Nothing)).
[2026-06-25 14:32:58.898] Finished repairing the ontology.
Repairing with A2 (not-in-largest-mcs-removal)...
[2026-06-25 14:32:58.898] Checking precondition...
[2026-06-25 14:32:58.905] Starting the repair...
[2026-06-25 14:33:00.117] Found 2 possible bad axioms.
[2026-06-25 14:33:00.118] Selected the bad axiom ClassAssertion(Patient pt).
[2026-06-25 14:33:00.119] Finished repairing the ontology.
Repairing with A3 (default-weakening)...
[2026-06-25 14:33:00.121] Checking precondition...
[2026-06-25 14:
...[truncated]
SUCCESS: attempt=137 seed=1931247 success_count=72/100
progress: ontology=MEDEON attempt=137 success=72/100
----- MEDEON attempt=138 seed=1945447 at 2026-06-25 14:33:29 -----
--- stdout ---
{"seed":1945447,"run_id":"20260624134028346645","trial_status":"success","error_type":null,"failure_stage":null,"error_message":null,"iic_values":{"B1_vs_A1":1.0,"B1_vs_A2":0.5,"B1_vs_A3":1.0,"B2_vs_A1":1.0,"B2_vs_A2":0.0,"B2_vs_A3":0.4,"B3_vs_A1":1.0,"B3_vs_A2":0.0,"B3_vs_A3":0.4,"B4_vs_A1":1.0,"B4_vs_A2":0.5,"B4_vs_A3":1.0,"B5_vs_A1":1.0,"B5_vs_A2":0.5,"B5_vs_A3":1.0,"B6_vs_A1":1.0,"B6_vs_A2":0.5,"B6_vs_A3":1.0,"B7_vs_A1":1.0,"B7_vs_A2":0.5,"B7_vs_A3":1.0,"B8_vs_A1":1.0,"B8_vs_A2":0.5,"B8_vs_A3":1.0,"B9_vs_A1":1.0,"B9_vs_A2":0.5,"B9_vs_A3":1.0},"repair_runtimes_ms":{"A1":122,"A2":1222,"A3":317,"B1":403,"B2":4954,"B3":3289,"B4":325,"B5":7881,"B6":1089,"B7":306,"B8":7851,"B9":1450}}

--- stderr ---
SingleTrialExperiment starting: ontology=/workspaces/ontologyutils-ekaw26/repair-power-index-replication-ekaw26/ontologies/inconsistent/MEDEON.owl, seed=1945447, run_id=20260624134028346645
Loaded ontology.
Normalizing ontology with SROIQ normalization...
Normalized ontology with SROIQ normalization.
Ontology is already inconsistent, skipping make-inconsistent step.
Repairing with A1 (random-removal)...
[2026-06-25 14:33:29.623] Checking precondition...
[2026-06-25 14:33:29.640] Starting the repair...
[2026-06-25 14:33:29.646] Found 78 possible bad axioms.
[2026-06-25 14:33:29.648] Selected the bad axiom SubClassOf(Management Action).
[2026-06-25 14:33:29.653] Found 77 possible bad axioms.
[2026-06-25 14:33:29.653] Selected the bad axiom SubClassOf(DeviceFailure ErrorType).
[2026-06-25 14:33:29.658] Found 76 possible bad axioms.
[2026-06-25 14:33:29.658] Selected the bad axiom SubClassOf(Fall ObjectSomeValuesFrom(involvesActivity ObjectSomeValuesFrom(hasParticipant Patient))).
[2026-06-25 14:33:29.662] Found 75 possible bad axioms.
[2026-06-25 14:33:29.663] Selected the bad axiom ObjectPropertyAssertion(causes slip_down fracture).
[2026-06-25 14:33:29.664] Found 74 possible bad axioms.
[2026-06-25 14:33:29.664] Selected the bad axiom SubClassOf(Therapy Action).
[2026-06-25 14:33:29.667] Found 73 possible bad axioms.
[2026-06-25 14:33:29.667] Selected the bad axiom SubClassOf(InappropriateUse ErrorType).
[2026-06-25 14:33:29.670] Found 72 possible bad axioms.
[2026-06-25 14:33:29.671] Selected the bad axiom SubClassOf(Resource-OrganizationalManagement IncidentType).
[2026-06-25 14:33:29.673] Found 71 possible bad axioms.
[2026-06-25 14:33:29.673] Selected the bad axiom ClassAssertion(TypeOfHarm skin_tear).
[2026-06-25 14:33:29.674] Found 70 possible bad axioms.
[2026-06-25 14:33:29.674] Selected the bad axiom SubClassOf(PhysicianActivity Activity).
[2026-06-25 14:33:29.676] Found 69 possible bad axioms.
[2026-06-25 14:33:29.676] Selected the bad axiom SubClassOf(PatientAccident IncidentType).
[2026-06-25 14:33:29.683] Found 68 possible bad axioms.
[2026-06-25 14:33:29.683] Selected the bad axiom SubClassOf(Timing TemporalInfo).
[2026-06-25 14:33:29.686] Found 67 possible bad axioms.
[2026-06-25 14:33:29.686] Selected the bad axiom SubClassOf(Treatment Action).
[2026-06-25 14:33:29.688] Found 66 possible bad axioms.
[2026-06-25 14:33:29.688] Selected the bad axiom SubClassOf(DeviceType DeviceCharacteristic).
[2026-06-25 14:33:29.695] Found 65 possible bad axioms.
[2026-06-25 14:33:29.695] Selected the bad axiom SubClassOf(AssistiveDevice Device/Equipment).
[2026-06-25 14:33:29.698] Found 64 possible bad axioms.
[2026-06-25 14:33:29.698] Selected the bad axiom ClassAssertion(IncidentType patient_fall).
[2026-06-25 14:33:29.699] Found 63 possible bad axioms.
[2026-06-25 14:33:29.699] Selected the bad axiom SubClassOf(MonitoringDevice Device/Equipment).
[2026-06-25 14:33:29.702] Found 62 possible bad axioms.
[2026-06-25 14:33:29.702] Selected the bad 
...[truncated]
SUCCESS: attempt=138 seed=1945447 success_count=73/100
progress: ontology=MEDEON attempt=138 success=73/100
----- MEDEON attempt=139 seed=1959647 at 2026-06-25 14:33:59 -----
--- stdout ---
{"seed":1959647,"run_id":"20260624134028346645","trial_status":"success","error_type":null,"failure_stage":null,"error_message":null,"iic_values":{"B1_vs_A1":0.2073170731707317,"B1_vs_A2":0.5,"B1_vs_A3":0.5,"B2_vs_A1":0.2125,"B2_vs_A2":1.0,"B2_vs_A3":1.0,"B3_vs_A1":0.2125,"B3_vs_A2":1.0,"B3_vs_A3":1.0,"B4_vs_A1":1.0,"B4_vs_A2":1.0,"B4_vs_A3":1.0,"B5_vs_A1":1.0,"B5_vs_A2":1.0,"B5_vs_A3":1.0,"B6_vs_A1":1.0,"B6_vs_A2":1.0,"B6_vs_A3":1.0,"B7_vs_A1":1.0,"B7_vs_A2":1.0,"B7_vs_A3":1.0,"B8_vs_A1":1.0,"B8_vs_A2":1.0,"B8_vs_A3":1.0,"B9_vs_A1":1.0,"B9_vs_A2":1.0,"B9_vs_A3":1.0},"repair_runtimes_ms":{"A1":91,"A2":1221,"A3":325,"B1":254,"B2":4929,"B3":3144,"B4":285,"B5":7728,"B6":5514,"B7":315,"B8":7836,"B9":1153}}

--- stderr ---
SingleTrialExperiment starting: ontology=/workspaces/ontologyutils-ekaw26/repair-power-index-replication-ekaw26/ontologies/inconsistent/MEDEON.owl, seed=1959647, run_id=20260624134028346645
Loaded ontology.
Normalizing ontology with SROIQ normalization...
Normalized ontology with SROIQ normalization.
Ontology is already inconsistent, skipping make-inconsistent step.
Repairing with A1 (random-removal)...
[2026-06-25 14:33:59.601] Checking precondition...
[2026-06-25 14:33:59.618] Starting the repair...
[2026-06-25 14:33:59.624] Found 78 possible bad axioms.
[2026-06-25 14:33:59.626] Selected the bad axiom SubClassOf(Timing StateOfCare).
[2026-06-25 14:33:59.631] Found 77 possible bad axioms.
[2026-06-25 14:33:59.631] Selected the bad axiom SubClassOf(Site PatientOutcome).
[2026-06-25 14:33:59.636] Found 76 possible bad axioms.
[2026-06-25 14:33:59.636] Selected the bad axiom SubClassOf(Time TemporalInfo).
[2026-06-25 14:33:59.641] Found 75 possible bad axioms.
[2026-06-25 14:33:59.641] Selected the bad axiom SubClassOf(SkinTear TypeOfHarm).
[2026-06-25 14:33:59.645] Found 74 possible bad axioms.
[2026-06-25 14:33:59.645] Selected the bad axiom SubClassOf(UseError ErrorType).
[2026-06-25 14:33:59.648] Found 73 possible bad axioms.
[2026-06-25 14:33:59.648] Selected the bad axiom SubClassOf(DeviceType DeviceCharacteristic).
[2026-06-25 14:33:59.650] Found 72 possible bad axioms.
[2026-06-25 14:33:59.650] Selected the bad axiom ObjectPropertyAssertion(causes slip_down skin_tear).
[2026-06-25 14:33:59.651] Found 71 possible bad axioms.
[2026-06-25 14:33:59.652] Selected the bad axiom SubClassOf(ObjectSomeValuesFrom(hasOutcome ObjectSomeValuesFrom(hasParticipant Person)) Fall).
[2026-06-25 14:33:59.654] Found 70 possible bad axioms.
[2026-06-25 14:33:59.655] Selected the bad axiom SubClassOf(Delay ErrorType).
[2026-06-25 14:33:59.657] Found 69 possible bad axioms.
[2026-06-25 14:33:59.657] Selected the bad axiom SubClassOf(AssistiveDevice Device/Equipment).
[2026-06-25 14:33:59.664] Found 68 possible bad axioms.
[2026-06-25 14:33:59.664] Selected the bad axiom SubClassOf(PhysicianActivity Activity).
[2026-06-25 14:33:59.667] Found 67 possible bad axioms.
[2026-06-25 14:33:59.667] Selected the bad axiom SubClassOf(Oxigen-GasVapour IncidentType).
[2026-06-25 14:33:59.674] Found 66 possible bad axioms.
[2026-06-25 14:33:59.674] Selected the bad axiom SubClassOf(ObjectSomeValuesFrom(involvesActivity ObjectSomeValuesFrom(hasParticipant Patient)) Fall).
[2026-06-25 14:33:59.676] Found 65 possible bad axioms.
[2026-06-25 14:33:59.676] Selected the bad axiom ClassAssertion(TypeOfHarm skin_tear).
[2026-06-25 14:33:59.677] Found 64 possible bad axioms.
[2026-06-25 14:33:59.678] Selected the bad axiom SubClassOf(IncidentHistory PatientCharacteristic).
[2026-06-25 14:33:59.680] Found 63 possible bad axioms.
[2026-06-25 14:33:59.680] Selected the bad axiom ObjectPropertyAssertion(hasOutcome patient_fall skin_tear).
[2026-06-25 14:33:59.681] Found 62 possible bad ax
...[truncated]
SUCCESS: attempt=139 seed=1959647 success_count=74/100
progress: ontology=MEDEON attempt=139 success=74/100
----- MEDEON attempt=140 seed=1973847 at 2026-06-25 14:34:32 -----
--- stdout ---
{"seed":1973847,"run_id":"20260624134028346645","trial_status":"time_limit_exceeded","error_type":"timeout","failure_stage":"B7","error_message":"Repair timeout: B7 exceeded 300 seconds","iic_values":{},"repair_runtimes_ms":{"A1":104,"A2":1202,"A3":313,"B1":271,"B2":1295,"B3":493,"B4":178,"B5":7949,"B6":5373,"B7":300000}}

--- stderr ---
SingleTrialExperiment starting: ontology=/workspaces/ontologyutils-ekaw26/repair-power-index-replication-ekaw26/ontologies/inconsistent/MEDEON.owl, seed=1973847, run_id=20260624134028346645
Loaded ontology.
Normalizing ontology with SROIQ normalization...
Normalized ontology with SROIQ normalization.
Ontology is already inconsistent, skipping make-inconsistent step.
Repairing with A1 (random-removal)...
[2026-06-25 14:34:33.116] Checking precondition...
[2026-06-25 14:34:33.133] Starting the repair...
[2026-06-25 14:34:33.140] Found 78 possible bad axioms.
[2026-06-25 14:34:33.141] Selected the bad axiom SubClassOf(ObjectSomeValuesFrom(involvesActivity ObjectSomeValuesFrom(hasParticipant Patient)) Fall).
[2026-06-25 14:34:33.147] Found 77 possible bad axioms.
[2026-06-25 14:34:33.147] Selected the bad axiom SubClassOf(MentalStatus PhysicalCondition).
[2026-06-25 14:34:33.152] Found 76 possible bad axioms.
[2026-06-25 14:34:33.152] Selected the bad axiom SubClassOf(TypeOfHarm PatientOutcome).
[2026-06-25 14:34:33.156] Found 75 possible bad axioms.
[2026-06-25 14:34:33.157] Selected the bad axiom SubClassOf(DeviceName DeviceCharacteristic).
[2026-06-25 14:34:33.160] Found 74 possible bad axioms.
[2026-06-25 14:34:33.160] Selected the bad axiom SubClassOf(DeviceAvailability ErrorType).
[2026-06-25 14:34:33.163] Found 73 possible bad axioms.
[2026-06-25 14:34:33.163] Selected the bad axiom ClassAssertion(TypeOfHarm skin_tear).
[2026-06-25 14:34:33.164] Found 72 possible bad axioms.
[2026-06-25 14:34:33.165] Selected the bad axiom ObjectPropertyAssertion(causes slip_down skin_tear).
[2026-06-25 14:34:33.165] Found 71 possible bad axioms.
[2026-06-25 14:34:33.166] Selected the bad axiom SubClassOf(PatientBehaviour IncidentType).
[2026-06-25 14:34:33.168] Found 70 possible bad axioms.
[2026-06-25 14:34:33.169] Selected the bad axiom SubClassOf(Fall ObjectSomeValuesFrom(involvesActivity ObjectSomeValuesFrom(hasParticipant Patient))).
[2026-06-25 14:34:33.171] Found 69 possible bad axioms.
[2026-06-25 14:34:33.171] Selected the bad axiom SubClassOf(NotifyManufacturer MitigatingFactor).
[2026-06-25 14:34:33.174] Found 68 possible bad axioms.
[2026-06-25 14:34:33.174] Selected the bad axiom SubClassOf(Defect ErrorType).
[2026-06-25 14:34:33.181] Found 67 possible bad axioms.
[2026-06-25 14:34:33.182] Selected the bad axiom ObjectPropertyAssertion(hasParticipant skin_tear pt).
[2026-06-25 14:34:33.182] Found 66 possible bad axioms.
[2026-06-25 14:34:33.182] Selected the bad axiom SubClassOf(PhysicianActivity Activity).
[2026-06-25 14:34:33.185] Found 65 possible bad axioms.
[2026-06-25 14:34:33.185] Selected the bad axiom SubClassOf(Fall IncidentType).
[2026-06-25 14:34:33.192] Found 64 possible bad axioms.
[2026-06-25 14:34:33.192] Selected the bad axiom SubClassOf(Oxigen-GasVapour IncidentType).
[2026-06-25 14:34:33.195] Found 63 possible bad axioms.
[2026-06-25 14:34:33.195] Selected the bad axiom SubClassOf(Delay ErrorType).
[2026-06-25 14:34:33.198] Fou
...[truncated]
FAIL: attempt=140 seed=1973847 status=time_limit_exceeded stage=B7 message=Repair timeout: B7 exceeded 300 seconds
progress: ontology=MEDEON attempt=140 success=74/100
----- MEDEON attempt=141 seed=1988047 at 2026-06-25 14:39:50 -----
--- stdout ---
{"seed":1988047,"run_id":"20260624134028346645","trial_status":"time_limit_exceeded","error_type":"timeout","failure_stage":"B4","error_message":"Repair timeout: B4 exceeded 300 seconds","iic_values":{},"repair_runtimes_ms":{"A1":116,"A2":1206,"A3":472,"B1":425,"B2":1234,"B3":3399,"B4":300001}}

--- stderr ---
SingleTrialExperiment starting: ontology=/workspaces/ontologyutils-ekaw26/repair-power-index-replication-ekaw26/ontologies/inconsistent/MEDEON.owl, seed=1988047, run_id=20260624134028346645
Loaded ontology.
Normalizing ontology with SROIQ normalization...
Normalized ontology with SROIQ normalization.
Ontology is already inconsistent, skipping make-inconsistent step.
Repairing with A1 (random-removal)...
[2026-06-25 14:39:50.771] Checking precondition...
[2026-06-25 14:39:50.788] Starting the repair...
[2026-06-25 14:39:50.794] Found 78 possible bad axioms.
[2026-06-25 14:39:50.796] Selected the bad axiom SubClassOf(Oxigen-GasVapour IncidentType).
[2026-06-25 14:39:50.802] Found 77 possible bad axioms.
[2026-06-25 14:39:50.802] Selected the bad axiom SubClassOf(Blood-BloodProduct IncidentType).
[2026-06-25 14:39:50.807] Found 76 possible bad axioms.
[2026-06-25 14:39:50.807] Selected the bad axiom ObjectPropertyAssertion(causes slip_down fracture).
[2026-06-25 14:39:50.808] Found 75 possible bad axioms.
[2026-06-25 14:39:50.808] Selected the bad axiom SubClassOf(MentalStatus PatientCharacteristic).
[2026-06-25 14:39:50.812] Found 74 possible bad axioms.
[2026-06-25 14:39:50.812] Selected the bad axiom ClassAssertion(IncidentType patient_fall).
[2026-06-25 14:39:50.813] Found 73 possible bad axioms.
[2026-06-25 14:39:50.814] Selected the bad axiom ClassAssertion(SkinTear skin_tear).
[2026-06-25 14:39:50.814] Found 72 possible bad axioms.
[2026-06-25 14:39:50.814] Selected the bad axiom ObjectPropertyAssertion(hasOutcome patient_fall fracture).
[2026-06-25 14:39:50.815] Found 71 possible bad axioms.
[2026-06-25 14:39:50.815] Selected the bad axiom SubClassOf(MedicalDevice-Equipment IncidentType).
[2026-06-25 14:39:50.818] Found 70 possible bad axioms.
[2026-06-25 14:39:50.819] Selected the bad axiom SubClassOf(PhysicalCondition PatientCharacteristic).
[2026-06-25 14:39:50.821] Found 69 possible bad axioms.
[2026-06-25 14:39:50.821] Selected the bad axiom SubClassOf(Management Action).
[2026-06-25 14:39:50.825] Found 68 possible bad axioms.
[2026-06-25 14:39:50.825] Selected the bad axiom SubClassOf(Time TemporalInfo).
[2026-06-25 14:39:50.832] Found 67 possible bad axioms.
[2026-06-25 14:39:50.832] Selected the bad axiom SubClassOf(DeviceAvailability ErrorType).
[2026-06-25 14:39:50.834] Found 66 possible bad axioms.
[2026-06-25 14:39:50.834] Selected the bad axiom ObjectPropertyAssertion(hasParticipant fracture pt).
[2026-06-25 14:39:50.835] Found 65 possible bad axioms.
[2026-06-25 14:39:50.835] Selected the bad axiom SubClassOf(Process IncidentCharacteristic).
[2026-06-25 14:39:50.838] Found 64 possible bad axioms.
[2026-06-25 14:39:50.838] Selected the bad axiom ClassAssertion(TypeOfHarm fracture).
[2026-06-25 14:39:50.839] Found 63 possible bad axioms.
[2026-06-25 14:39:50.839] Selected the bad axiom SubClassOf(RiskAssessment Assessment).
[2026-06-25 14:39:50.841] Found 62 possible bad axioms.
[2026-06-25 14:39:50.842] Selected the bad axiom Su
...[truncated]
FAIL: attempt=141 seed=1988047 status=time_limit_exceeded stage=B4 message=Repair timeout: B4 exceeded 300 seconds
progress: ontology=MEDEON attempt=141 success=74/100
----- MEDEON attempt=142 seed=2002247 at 2026-06-25 14:44:57 -----
--- stdout ---
{"seed":2002247,"run_id":"20260624134028346645","trial_status":"time_limit_exceeded","error_type":"timeout","failure_stage":"B4","error_message":"Repair timeout: B4 exceeded 300 seconds","iic_values":{},"repair_runtimes_ms":{"A1":133,"A2":1190,"A3":466,"B1":375,"B2":4597,"B3":3246,"B4":300001}}

--- stderr ---
SingleTrialExperiment starting: ontology=/workspaces/ontologyutils-ekaw26/repair-power-index-replication-ekaw26/ontologies/inconsistent/MEDEON.owl, seed=2002247, run_id=20260624134028346645
Loaded ontology.
Normalizing ontology with SROIQ normalization...
Normalized ontology with SROIQ normalization.
Ontology is already inconsistent, skipping make-inconsistent step.
Repairing with A1 (random-removal)...
[2026-06-25 14:44:58.085] Checking precondition...
[2026-06-25 14:44:58.100] Starting the repair...
[2026-06-25 14:44:58.107] Found 78 possible bad axioms.
[2026-06-25 14:44:58.109] Selected the bad axiom SubClassOf(TypeOfHarm PatientOutcome).
[2026-06-25 14:44:58.114] Found 77 possible bad axioms.
[2026-06-25 14:44:58.115] Selected the bad axiom SubClassOf(CheckDevice StuffActivity).
[2026-06-25 14:44:58.121] Found 76 possible bad axioms.
[2026-06-25 14:44:58.121] Selected the bad axiom SubClassOf(Oxigen-GasVapour IncidentType).
[2026-06-25 14:44:58.125] Found 75 possible bad axioms.
[2026-06-25 14:44:58.125] Selected the bad axiom SubClassOf(Timing StateOfCare).
[2026-06-25 14:44:58.128] Found 74 possible bad axioms.
[2026-06-25 14:44:58.129] Selected the bad axiom SubClassOf(PhysicalCondition PatientCharacteristic).
[2026-06-25 14:44:58.131] Found 73 possible bad axioms.
[2026-06-25 14:44:58.132] Selected the bad axiom SubClassOf(DeviceType DeviceCharacteristic).
[2026-06-25 14:44:58.134] Found 72 possible bad axioms.
[2026-06-25 14:44:58.135] Selected the bad axiom SubClassOf(SkinTear TypeOfHarm).
[2026-06-25 14:44:58.137] Found 71 possible bad axioms.
[2026-06-25 14:44:58.138] Selected the bad axiom ObjectPropertyAssertion(hasParticipant skin_tear pt).
[2026-06-25 14:44:58.139] Found 70 possible bad axioms.
[2026-06-25 14:44:58.139] Selected the bad axiom ObjectPropertyAssertion(causes slip_down skin_tear).
[2026-06-25 14:44:58.140] Found 69 possible bad axioms.
[2026-06-25 14:44:58.140] Selected the bad axiom SubClassOf(Documentation IncidentType).
[2026-06-25 14:44:58.142] Found 68 possible bad axioms.
[2026-06-25 14:44:58.143] Selected the bad axiom SubClassOf(Resource-OrganizationalManagement IncidentType).
[2026-06-25 14:44:58.150] Found 67 possible bad axioms.
[2026-06-25 14:44:58.150] Selected the bad axiom ObjectPropertyAssertion(hasOutcome patient_fall skin_tear).
[2026-06-25 14:44:58.151] Found 66 possible bad axioms.
[2026-06-25 14:44:58.151] Selected the bad axiom SubClassOf(PressureUlcer IncidentType).
[2026-06-25 14:44:58.153] Found 65 possible bad axioms.
[2026-06-25 14:44:58.153] Selected the bad axiom SubClassOf(StateOfCare TemporalInfo).
[2026-06-25 14:44:58.160] Found 64 possible bad axioms.
[2026-06-25 14:44:58.161] Selected the bad axiom SubClassOf(MentalStatus PhysicalCondition).
[2026-06-25 14:44:58.163] Found 63 possible bad axioms.
[2026-06-25 14:44:58.163] Selected the bad axiom SubClassOf(MissingInstrument ErrorType).
[2026-06-25 14:44:58.166] Found 62 possible bad axioms.
[2026-06-25 14:44:58.166] Selected the bad 
...[truncated]
FAIL: attempt=142 seed=2002247 status=time_limit_exceeded stage=B4 message=Repair timeout: B4 exceeded 300 seconds
progress: ontology=MEDEON attempt=142 success=74/100
----- MEDEON attempt=143 seed=2016447 at 2026-06-25 14:50:08 -----
--- stdout ---
{"seed":2016447,"run_id":"20260624134028346645","trial_status":"success","error_type":null,"failure_stage":null,"error_message":null,"iic_values":{"B1_vs_A1":1.0,"B1_vs_A2":0.5,"B1_vs_A3":1.0,"B2_vs_A1":0.27586206896551724,"B2_vs_A2":0.0,"B2_vs_A3":0.6666666666666666,"B3_vs_A1":0.27586206896551724,"B3_vs_A2":0.0,"B3_vs_A3":0.6666666666666666,"B4_vs_A1":1.0,"B4_vs_A2":0.5,"B4_vs_A3":1.0,"B5_vs_A1":1.0,"B5_vs_A2":0.5,"B5_vs_A3":1.0,"B6_vs_A1":1.0,"B6_vs_A2":0.5,"B6_vs_A3":1.0,"B7_vs_A1":1.0,"B7_vs_A2":0.5,"B7_vs_A3":1.0,"B8_vs_A1":1.0,"B8_vs_A2":0.5,"B8_vs_A3":1.0,"B9_vs_A1":1.0,"B9_vs_A2":0.5,"B9_vs_A3":1.0},"repair_runtimes_ms":{"A1":106,"A2":1226,"A3":300,"B1":449,"B2":4605,"B3":3269,"B4":293,"B5":1678,"B6":1109,"B7":92,"B8":8026,"B9":1062}}

--- stderr ---
SingleTrialExperiment starting: ontology=/workspaces/ontologyutils-ekaw26/repair-power-index-replication-ekaw26/ontologies/inconsistent/MEDEON.owl, seed=2016447, run_id=20260624134028346645
Loaded ontology.
Normalizing ontology with SROIQ normalization...
Normalized ontology with SROIQ normalization.
Ontology is already inconsistent, skipping make-inconsistent step.
Repairing with A1 (random-removal)...
[2026-06-25 14:50:08.554] Checking precondition...
[2026-06-25 14:50:08.570] Starting the repair...
[2026-06-25 14:50:08.578] Found 78 possible bad axioms.
[2026-06-25 14:50:08.579] Selected the bad axiom SubClassOf(Therapy Action).
[2026-06-25 14:50:08.585] Found 77 possible bad axioms.
[2026-06-25 14:50:08.585] Selected the bad axiom SubClassOf(PatientActivity Activity).
[2026-06-25 14:50:08.589] Found 76 possible bad axioms.
[2026-06-25 14:50:08.590] Selected the bad axiom SubClassOf(DeviceAvailability ErrorType).
[2026-06-25 14:50:08.594] Found 75 possible bad axioms.
[2026-06-25 14:50:08.594] Selected the bad axiom SubClassOf(DeviceFailure ErrorType).
[2026-06-25 14:50:08.598] Found 74 possible bad axioms.
[2026-06-25 14:50:08.598] Selected the bad axiom SubClassOf(Oxigen-GasVapour IncidentType).
[2026-06-25 14:50:08.601] Found 73 possible bad axioms.
[2026-06-25 14:50:08.601] Selected the bad axiom SubClassOf(Fall IncidentType).
[2026-06-25 14:50:08.604] Found 72 possible bad axioms.
[2026-06-25 14:50:08.604] Selected the bad axiom SubClassOf(Process IncidentCharacteristic).
[2026-06-25 14:50:08.606] Found 71 possible bad axioms.
[2026-06-25 14:50:08.607] Selected the bad axiom SubClassOf(Infrastructure-Building-Fixture IncidentType).
[2026-06-25 14:50:08.609] Found 70 possible bad axioms.
[2026-06-25 14:50:08.610] Selected the bad axiom SubClassOf(PatientBehaviour IncidentType).
[2026-06-25 14:50:08.613] Found 69 possible bad axioms.
[2026-06-25 14:50:08.613] Selected the bad axiom ObjectPropertyAssertion(involvesActivity patient_fall slip_down).
[2026-06-25 14:50:08.618] Found 68 possible bad axioms.
[2026-06-25 14:50:08.618] Selected the bad axiom SubClassOf(Resource-OrganizationalManagement IncidentType).
[2026-06-25 14:50:08.621] Found 67 possible bad axioms.
[2026-06-25 14:50:08.621] Selected the bad axiom SubClassOf(Defect ErrorType).
[2026-06-25 14:50:08.628] Found 66 possible bad axioms.
[2026-06-25 14:50:08.628] Selected the bad axiom SubClassOf(PhysicalCondition PatientCharacteristic).
[2026-06-25 14:50:08.631] Found 65 possible bad axioms.
[2026-06-25 14:50:08.631] Selected the bad axiom SubClassOf(Patient Person).
[2026-06-25 14:50:08.634] Found 64 possible bad axioms.
[2026-06-25 14:50:08.634] Selected the bad axiom SubClassOf(Site PatientOutcome).
[2026-06-25 14:50:08.637] Found 63 possible bad axioms.
[2026-06-25 14:50:08.637] Selected the bad axiom SubClassOf(IncidentHistory PatientCharacteristic).
[2026-06-25 14:50:08.640] Found 62 possible bad axioms.
[2026-06-25 14:50:08.640] Selected the bad axiom SubClassOf(StuffActivit
...[truncated]
SUCCESS: attempt=143 seed=2016447 success_count=75/100
progress: ontology=MEDEON attempt=143 success=75/100
----- MEDEON attempt=144 seed=2030647 at 2026-06-25 14:50:31 -----
--- stdout ---
{"seed":2030647,"run_id":"20260624134028346645","trial_status":"time_limit_exceeded","error_type":"timeout","failure_stage":"B4","error_message":"Repair timeout: B4 exceeded 300 seconds","iic_values":{},"repair_runtimes_ms":{"A1":62,"A2":1222,"A3":472,"B1":245,"B2":4684,"B3":3212,"B4":300001}}

--- stderr ---
SingleTrialExperiment starting: ontology=/workspaces/ontologyutils-ekaw26/repair-power-index-replication-ekaw26/ontologies/inconsistent/MEDEON.owl, seed=2030647, run_id=20260624134028346645
Loaded ontology.
Normalizing ontology with SROIQ normalization...
Normalized ontology with SROIQ normalization.
Ontology is already inconsistent, skipping make-inconsistent step.
Repairing with A1 (random-removal)...
[2026-06-25 14:50:31.519] Checking precondition...
[2026-06-25 14:50:31.534] Starting the repair...
[2026-06-25 14:50:31.542] Found 78 possible bad axioms.
[2026-06-25 14:50:31.543] Selected the bad axiom SubClassOf(Defect ErrorType).
[2026-06-25 14:50:31.549] Found 77 possible bad axioms.
[2026-06-25 14:50:31.550] Selected the bad axiom ClassAssertion(IncidentType patient_fall).
[2026-06-25 14:50:31.551] Found 76 possible bad axioms.
[2026-06-25 14:50:31.551] Selected the bad axiom SubClassOf(Patient Person).
[2026-06-25 14:50:31.556] Found 75 possible bad axioms.
[2026-06-25 14:50:31.556] Selected the bad axiom SubClassOf(TypeOfHarm PatientOutcome).
[2026-06-25 14:50:31.561] Found 74 possible bad axioms.
[2026-06-25 14:50:31.561] Selected the bad axiom ClassAssertion(SkinTear skin_tear).
[2026-06-25 14:50:31.562] Found 73 possible bad axioms.
[2026-06-25 14:50:31.562] Selected the bad axiom SubClassOf(MedicalDevice-Equipment IncidentType).
[2026-06-25 14:50:31.565] Found 72 possible bad axioms.
[2026-06-25 14:50:31.566] Selected the bad axiom SubClassOf(InjuryAssessment Assessment).
[2026-06-25 14:50:31.568] Found 71 possible bad axioms.
[2026-06-25 14:50:31.568] Selected the bad axiom SubClassOf(ClinicalProcess IncidentType).
[2026-06-25 14:50:31.573] Found 70 possible bad axioms.
[2026-06-25 14:50:31.573] Selected the bad axiom SubClassOf(Documentation IncidentType).
[2026-06-25 14:50:31.575] Found 69 possible bad axioms.
[2026-06-25 14:50:31.576] Selected the bad axiom ClassAssertion(Patient pt).
[2026-06-25 14:50:31.576] Finished repairing the ontology.
Repairing with A2 (not-in-largest-mcs-removal)...
[2026-06-25 14:50:31.577] Checking precondition...
[2026-06-25 14:50:31.587] Starting the repair...
[2026-06-25 14:50:32.798] Found 2 possible bad axioms.
[2026-06-25 14:50:32.798] Selected the bad axiom ClassAssertion(Patient pt).
[2026-06-25 14:50:32.799] Finished repairing the ontology.
Repairing with A3 (default-weakening)...
[2026-06-25 14:50:32.801] Checking precondition...
[2026-06-25 14:50:32.803] Starting the repair...
[2026-06-25 14:50:32.812] Selected a reference ontology with 152 axioms.
[2026-06-25 14:50:33.043] Selected the bad axiom ClassAssertion(Patient pt).
[2026-06-25 14:50:33.067] Selected the weaker axiom ClassAssertion(Person pt).
[2026-06-25 14:50:33.267] Selected the bad axiom ClassAssertion(Person pt).
[2026-06-25 14:50:33.270] Selected the weaker axiom ClassAssertion(owl:Thing pt).
[2026-06-25 14:50:33.271] Finished repairing the ontology.
Repairing with B1 (bad-in_some_mus-weaker-random)...
[2026-06-25 14:50:33.272] 
...[truncated]
FAIL: attempt=144 seed=2030647 status=time_limit_exceeded stage=B4 message=Repair timeout: B4 exceeded 300 seconds
progress: ontology=MEDEON attempt=144 success=75/100
----- MEDEON attempt=145 seed=2044847 at 2026-06-25 14:55:41 -----
--- stdout ---
{"seed":2044847,"run_id":"20260624134028346645","trial_status":"success","error_type":null,"failure_stage":null,"error_message":null,"iic_values":{"B1_vs_A1":1.0,"B1_vs_A2":0.0,"B1_vs_A3":0.0,"B2_vs_A1":1.0,"B2_vs_A2":0.0,"B2_vs_A3":0.0,"B3_vs_A1":1.0,"B3_vs_A2":0.0,"B3_vs_A3":0.0,"B4_vs_A1":1.0,"B4_vs_A2":0.5,"B4_vs_A3":0.5,"B5_vs_A1":1.0,"B5_vs_A2":0.5,"B5_vs_A3":0.5,"B6_vs_A1":1.0,"B6_vs_A2":0.5,"B6_vs_A3":0.5,"B7_vs_A1":1.0,"B7_vs_A2":0.5,"B7_vs_A3":0.5,"B8_vs_A1":1.0,"B8_vs_A2":0.5,"B8_vs_A3":0.5,"B9_vs_A1":1.0,"B9_vs_A2":0.5,"B9_vs_A3":0.5},"repair_runtimes_ms":{"A1":99,"A2":1199,"A3":463,"B1":228,"B2":4621,"B3":3285,"B4":118,"B5":1711,"B6":5560,"B7":200,"B8":7615,"B9":5454}}

--- stderr ---
SingleTrialExperiment starting: ontology=/workspaces/ontologyutils-ekaw26/repair-power-index-replication-ekaw26/ontologies/inconsistent/MEDEON.owl, seed=2044847, run_id=20260624134028346645
Loaded ontology.
Normalizing ontology with SROIQ normalization...
Normalized ontology with SROIQ normalization.
Ontology is already inconsistent, skipping make-inconsistent step.
Repairing with A1 (random-removal)...
[2026-06-25 14:55:41.868] Checking precondition...
[2026-06-25 14:55:41.885] Starting the repair...
[2026-06-25 14:55:41.891] Found 78 possible bad axioms.
[2026-06-25 14:55:41.893] Selected the bad axiom ClassAssertion(IncidentType patient_fall).
[2026-06-25 14:55:41.895] Found 77 possible bad axioms.
[2026-06-25 14:55:41.895] Selected the bad axiom ObjectPropertyAssertion(involvesActivity patient_fall slip_down).
[2026-06-25 14:55:41.896] Found 76 possible bad axioms.
[2026-06-25 14:55:41.897] Selected the bad axiom SubClassOf(Social/EconomicalImpact PatientOutcome).
[2026-06-25 14:55:41.902] Found 75 possible bad axioms.
[2026-06-25 14:55:41.902] Selected the bad axiom SubClassOf(PhysicianActivity Activity).
[2026-06-25 14:55:41.906] Found 74 possible bad axioms.
[2026-06-25 14:55:41.906] Selected the bad axiom SubClassOf(PressureUlcer IncidentType).
[2026-06-25 14:55:41.910] Found 73 possible bad axioms.
[2026-06-25 14:55:41.911] Selected the bad axiom SubClassOf(StopUse ChangeOfInstrument).
[2026-06-25 14:55:41.914] Found 72 possible bad axioms.
[2026-06-25 14:55:41.914] Selected the bad axiom SubClassOf(MonitoringDevice Device/Equipment).
[2026-06-25 14:55:41.916] Found 71 possible bad axioms.
[2026-06-25 14:55:41.916] Selected the bad axiom ClassAssertion(SkinTear skin_tear).
[2026-06-25 14:55:41.917] Found 70 possible bad axioms.
[2026-06-25 14:55:41.917] Selected the bad axiom SubClassOf(InjuryAssessment Assessment).
[2026-06-25 14:55:41.921] Found 69 possible bad axioms.
[2026-06-25 14:55:41.921] Selected the bad axiom SubClassOf(Site PatientOutcome).
[2026-06-25 14:55:41.923] Found 68 possible bad axioms.
[2026-06-25 14:55:41.923] Selected the bad axiom SubClassOf(IncidentHistory PatientCharacteristic).
[2026-06-25 14:55:41.929] Found 67 possible bad axioms.
[2026-06-25 14:55:41.930] Selected the bad axiom SubClassOf(Time TemporalInfo).
[2026-06-25 14:55:41.933] Found 66 possible bad axioms.
[2026-06-25 14:55:41.933] Selected the bad axiom ObjectPropertyAssertion(causes slip_down fracture).
[2026-06-25 14:55:41.933] Found 65 possible bad axioms.
[2026-06-25 14:55:41.934] Selected the bad axiom SubClassOf(ObjectSomeValuesFrom(hasOutcome ObjectSomeValuesFrom(hasParticipant Patient)) Fall).
[2026-06-25 14:55:41.937] Found 64 possible bad axioms.
[2026-06-25 14:55:41.937] Selected the bad axiom SubClassOf(Pathology-Laboratory IncidentType).
[2026-06-25 14:55:41.944] Found 63 possible bad axioms.
[2026-06-25 14:55:41.945] Selected the bad axiom SubClassOf(ChangeOfInstrument MitigatingFactor).
[2026-06-25 14:55:41.947] Found 62 possible bad a
...[truncated]
SUCCESS: attempt=145 seed=2044847 success_count=76/100
progress: ontology=MEDEON attempt=145 success=76/100
----- MEDEON attempt=146 seed=2059047 at 2026-06-25 14:56:13 -----
--- stdout ---
{"seed":2059047,"run_id":"20260624134028346645","trial_status":"success","error_type":null,"failure_stage":null,"error_message":null,"iic_values":{"B1_vs_A1":0.25287356321839083,"B1_vs_A2":0.5,"B1_vs_A3":0.0,"B2_vs_A1":0.25882352941176473,"B2_vs_A2":1.0,"B2_vs_A3":0.0,"B3_vs_A1":0.25882352941176473,"B3_vs_A2":1.0,"B3_vs_A3":0.0,"B4_vs_A1":1.0,"B4_vs_A2":1.0,"B4_vs_A3":0.5,"B5_vs_A1":1.0,"B5_vs_A2":1.0,"B5_vs_A3":0.5,"B6_vs_A1":1.0,"B6_vs_A2":1.0,"B6_vs_A3":0.5,"B7_vs_A1":1.0,"B7_vs_A2":1.0,"B7_vs_A3":0.5,"B8_vs_A1":1.0,"B8_vs_A2":1.0,"B8_vs_A3":0.5,"B9_vs_A1":1.0,"B9_vs_A2":1.0,"B9_vs_A3":0.5},"repair_runtimes_ms":{"A1":94,"A2":1210,"A3":466,"B1":244,"B2":4696,"B3":3452,"B4":137,"B5":7802,"B6":1113,"B7":173,"B8":1640,"B9":5910}}

--- stderr ---
SingleTrialExperiment starting: ontology=/workspaces/ontologyutils-ekaw26/repair-power-index-replication-ekaw26/ontologies/inconsistent/MEDEON.owl, seed=2059047, run_id=20260624134028346645
Loaded ontology.
Normalizing ontology with SROIQ normalization...
Normalized ontology with SROIQ normalization.
Ontology is already inconsistent, skipping make-inconsistent step.
Repairing with A1 (random-removal)...
[2026-06-25 14:56:13.365] Checking precondition...
[2026-06-25 14:56:13.381] Starting the repair...
[2026-06-25 14:56:13.388] Found 78 possible bad axioms.
[2026-06-25 14:56:13.389] Selected the bad axiom SubClassOf(MedicalDevice-Equipment IncidentType).
[2026-06-25 14:56:13.395] Found 77 possible bad axioms.
[2026-06-25 14:56:13.395] Selected the bad axiom SubClassOf(StateOfCare TemporalInfo).
[2026-06-25 14:56:13.400] Found 76 possible bad axioms.
[2026-06-25 14:56:13.400] Selected the bad axiom SubClassOf(ClinicalAdministration IncidentType).
[2026-06-25 14:56:13.404] Found 75 possible bad axioms.
[2026-06-25 14:56:13.404] Selected the bad axiom SubClassOf(PatientBehaviour IncidentType).
[2026-06-25 14:56:13.407] Found 74 possible bad axioms.
[2026-06-25 14:56:13.407] Selected the bad axiom ObjectPropertyAssertion(hasParticipant slip_down pt).
[2026-06-25 14:56:13.408] Found 73 possible bad axioms.
[2026-06-25 14:56:13.408] Selected the bad axiom SubClassOf(Fall IncidentType).
[2026-06-25 14:56:13.412] Found 72 possible bad axioms.
[2026-06-25 14:56:13.412] Selected the bad axiom SubClassOf(AssistiveDevice Device/Equipment).
[2026-06-25 14:56:13.415] Found 71 possible bad axioms.
[2026-06-25 14:56:13.415] Selected the bad axiom SubClassOf(PressureUlcer IncidentType).
[2026-06-25 14:56:13.419] Found 70 possible bad axioms.
[2026-06-25 14:56:13.419] Selected the bad axiom SubClassOf(Infrastructure-Building-Fixture PatientBehaviour).
[2026-06-25 14:56:13.421] Found 69 possible bad axioms.
[2026-06-25 14:56:13.422] Selected the bad axiom SubClassOf(ErrorType IncidentCharacteristic).
[2026-06-25 14:56:13.428] Found 68 possible bad axioms.
[2026-06-25 14:56:13.428] Selected the bad axiom SubClassOf(DeviceFailure ErrorType).
[2026-06-25 14:56:13.431] Found 67 possible bad axioms.
[2026-06-25 14:56:13.431] Selected the bad axiom SubClassOf(RiskAssessment Assessment).
[2026-06-25 14:56:13.438] Found 66 possible bad axioms.
[2026-06-25 14:56:13.438] Selected the bad axiom ClassAssertion(TypeOfHarm skin_tear).
[2026-06-25 14:56:13.439] Found 65 possible bad axioms.
[2026-06-25 14:56:13.439] Selected the bad axiom SubClassOf(Patient Person).
[2026-06-25 14:56:13.442] Found 64 possible bad axioms.
[2026-06-25 14:56:13.442] Selected the bad axiom SubClassOf(Nutrition IncidentType).
[2026-06-25 14:56:13.445] Found 63 possible bad axioms.
[2026-06-25 14:56:13.445] Selected the bad axiom SubClassOf(HealthcareAssociatedInfection IncidentType).
[2026-06-25 14:56:13.448] Found 62 possible bad axioms.
[2026-06-25 14:56:13.448] Selected the bad axiom ObjectPropertyA
...[truncated]
SUCCESS: attempt=146 seed=2059047 success_count=77/100
progress: ontology=MEDEON attempt=146 success=77/100
----- MEDEON attempt=147 seed=2073247 at 2026-06-25 14:56:40 -----
--- stdout ---
{"seed":2073247,"run_id":"20260624134028346645","trial_status":"time_limit_exceeded","error_type":"timeout","failure_stage":"B7","error_message":"Repair timeout: B7 exceeded 300 seconds","iic_values":{},"repair_runtimes_ms":{"A1":126,"A2":1202,"A3":506,"B1":414,"B2":1273,"B3":3455,"B4":338,"B5":7587,"B6":1201,"B7":300006}}

--- stderr ---
SingleTrialExperiment starting: ontology=/workspaces/ontologyutils-ekaw26/repair-power-index-replication-ekaw26/ontologies/inconsistent/MEDEON.owl, seed=2073247, run_id=20260624134028346645
Loaded ontology.
Normalizing ontology with SROIQ normalization...
Normalized ontology with SROIQ normalization.
Ontology is already inconsistent, skipping make-inconsistent step.
Repairing with A1 (random-removal)...
[2026-06-25 14:56:41.033] Checking precondition...
[2026-06-25 14:56:41.051] Starting the repair...
[2026-06-25 14:56:41.058] Found 78 possible bad axioms.
[2026-06-25 14:56:41.060] Selected the bad axiom SubClassOf(Delay ErrorType).
[2026-06-25 14:56:41.066] Found 77 possible bad axioms.
[2026-06-25 14:56:41.066] Selected the bad axiom SubClassOf(Pathology-Laboratory IncidentType).
[2026-06-25 14:56:41.071] Found 76 possible bad axioms.
[2026-06-25 14:56:41.071] Selected the bad axiom SubClassOf(Fall ObjectSomeValuesFrom(hasOutcome ObjectSomeValuesFrom(hasParticipant Patient))).
[2026-06-25 14:56:41.075] Found 75 possible bad axioms.
[2026-06-25 14:56:41.075] Selected the bad axiom SubClassOf(PatientActivity Activity).
[2026-06-25 14:56:41.078] Found 74 possible bad axioms.
[2026-06-25 14:56:41.079] Selected the bad axiom SubClassOf(DegreeOfHarm PatientOutcome).
[2026-06-25 14:56:41.081] Found 73 possible bad axioms.
[2026-06-25 14:56:41.082] Selected the bad axiom SubClassOf(DeviceName DeviceCharacteristic).
[2026-06-25 14:56:41.085] Found 72 possible bad axioms.
[2026-06-25 14:56:41.085] Selected the bad axiom SubClassOf(StopUse MitigatingFactor).
[2026-06-25 14:56:41.088] Found 71 possible bad axioms.
[2026-06-25 14:56:41.088] Selected the bad axiom ClassAssertion(TypeOfHarm skin_tear).
[2026-06-25 14:56:41.090] Found 70 possible bad axioms.
[2026-06-25 14:56:41.090] Selected the bad axiom SubClassOf(PressureUlcer IncidentType).
[2026-06-25 14:56:41.092] Found 69 possible bad axioms.
[2026-06-25 14:56:41.092] Selected the bad axiom SubClassOf(Fall ObjectSomeValuesFrom(involvesActivity ObjectSomeValuesFrom(hasParticipant Patient))).
[2026-06-25 14:56:41.100] Found 68 possible bad axioms.
[2026-06-25 14:56:41.100] Selected the bad axiom SubClassOf(Oxigen-GasVapour IncidentType).
[2026-06-25 14:56:41.103] Found 67 possible bad axioms.
[2026-06-25 14:56:41.103] Selected the bad axiom SubClassOf(Patient Person).
[2026-06-25 14:56:41.110] Found 66 possible bad axioms.
[2026-06-25 14:56:41.110] Selected the bad axiom SubClassOf(CheckDevice StuffActivity).
[2026-06-25 14:56:41.112] Found 65 possible bad axioms.
[2026-06-25 14:56:41.112] Selected the bad axiom SubClassOf(MedicalDevice-Equipment IncidentType).
[2026-06-25 14:56:41.115] Found 64 possible bad axioms.
[2026-06-25 14:56:41.115] Selected the bad axiom SubClassOf(PatientAccident IncidentType).
[2026-06-25 14:56:41.117] Found 63 possible bad axioms.
[2026-06-25 14:56:41.117] Selected the bad axiom SubClassOf(Social/EconomicalImpact PatientOutcome).
[2026-06-25 14:56:41.120] Found 62 possible b
...[truncated]
FAIL: attempt=147 seed=2073247 status=time_limit_exceeded stage=B7 message=Repair timeout: B7 exceeded 300 seconds
progress: ontology=MEDEON attempt=147 success=77/100
----- MEDEON attempt=148 seed=2087447 at 2026-06-25 15:01:57 -----
--- stdout ---
{"seed":2087447,"run_id":"20260624134028346645","trial_status":"success","error_type":null,"failure_stage":null,"error_message":null,"iic_values":{"B1_vs_A1":0.0,"B1_vs_A2":1.0,"B1_vs_A3":0.3333333333333333,"B2_vs_A1":0.0,"B2_vs_A2":1.0,"B2_vs_A3":0.5,"B3_vs_A1":0.0,"B3_vs_A2":1.0,"B3_vs_A3":0.5,"B4_vs_A1":0.5,"B4_vs_A2":1.0,"B4_vs_A3":1.0,"B5_vs_A1":0.5,"B5_vs_A2":1.0,"B5_vs_A3":1.0,"B6_vs_A1":0.5,"B6_vs_A2":1.0,"B6_vs_A3":1.0,"B7_vs_A1":0.5,"B7_vs_A2":1.0,"B7_vs_A3":1.0,"B8_vs_A1":0.5,"B8_vs_A2":1.0,"B8_vs_A3":1.0,"B9_vs_A1":0.5,"B9_vs_A2":1.0,"B9_vs_A3":1.0},"repair_runtimes_ms":{"A1":32,"A2":1256,"A3":328,"B1":250,"B2":4647,"B3":3488,"B4":418,"B5":1755,"B6":5557,"B7":112,"B8":7663,"B9":1065}}

--- stderr ---
SingleTrialExperiment starting: ontology=/workspaces/ontologyutils-ekaw26/repair-power-index-replication-ekaw26/ontologies/inconsistent/MEDEON.owl, seed=2087447, run_id=20260624134028346645
Loaded ontology.
Normalizing ontology with SROIQ normalization...
Normalized ontology with SROIQ normalization.
Ontology is already inconsistent, skipping make-inconsistent step.
Repairing with A1 (random-removal)...
[2026-06-25 15:01:57.634] Checking precondition...
[2026-06-25 15:01:57.650] Starting the repair...
[2026-06-25 15:01:57.657] Found 78 possible bad axioms.
[2026-06-25 15:01:57.658] Selected the bad axiom ClassAssertion(TypeOfHarm fracture).
[2026-06-25 15:01:57.661] Found 77 possible bad axioms.
[2026-06-25 15:01:57.661] Selected the bad axiom ClassAssertion(Patient pt).
[2026-06-25 15:01:57.662] Finished repairing the ontology.
Repairing with A2 (not-in-largest-mcs-removal)...
[2026-06-25 15:01:57.663] Checking precondition...
[2026-06-25 15:01:57.673] Starting the repair...
[2026-06-25 15:01:58.917] Found 2 possible bad axioms.
[2026-06-25 15:01:58.918] Selected the bad axiom SubClassOf(Fall ObjectSomeValuesFrom(involvesActivity owl:Nothing)).
[2026-06-25 15:01:58.919] Finished repairing the ontology.
Repairing with A3 (default-weakening)...
[2026-06-25 15:01:58.920] Checking precondition...
[2026-06-25 15:01:58.924] Starting the repair...
[2026-06-25 15:01:58.936] Selected a reference ontology with 152 axioms.
[2026-06-25 15:01:59.172] Selected the bad axiom SubClassOf(Fall ObjectSomeValuesFrom(involvesActivity owl:Nothing)).
[2026-06-25 15:01:59.246] Selected the weaker axiom SubClassOf(Fall Social/EconomicalImpact).
[2026-06-25 15:01:59.247] Finished repairing the ontology.
Repairing with B1 (bad-in_some_mus-weaker-random)...
[2026-06-25 15:01:59.248] Checking precondition...
[2026-06-25 15:01:59.250] Starting the repair...
[2026-06-25 15:01:59.256] Selected a reference ontology with 152 axioms.
[2026-06-25 15:01:59.446] Selected the bad axiom SubClassOf(Fall ObjectSomeValuesFrom(involvesActivity owl:Nothing)).
[2026-06-25 15:01:59.496] Selected the weaker axiom SubClassOf(Fall ClinicalAdministration).
[2026-06-25 15:01:59.498] Finished repairing the ontology.
Repairing with B2 (bad-in_some_mus-weaker-shapley)...
[2026-06-25 15:01:59.499] Checking precondition...
[2026-06-25 15:01:59.501] Starting the repair...
[2026-06-25 15:01:59.510] Selected a reference ontology with 150 axioms.
[2026-06-25 15:01:59.692] Selected the bad axiom SubClassOf(Fall ObjectSomeValuesFrom(involvesActivity owl:Nothing)).
[PowerIndexWeakerAxiomSelector] Scoring 108 candidate weakenings for Fall ⊑ ∃ involvesActivity.⊥
[PowerIndexWeakerAxiomSelector] Selected weaker axiom: Fall ⊑ AssistiveDevice
[2026-06-25 15:02:04.129] Selected the weaker axiom SubClassOf(Fall AssistiveDevice).
[2026-06-25 15:02:04.146] Finished repairing the ontology.
Repairing with B3 (bad-in_some_mus-weaker-banzhaf)...
[2026-06-25 15:02:04.147] Checking precondition...
[2026-06-25 15:02:04.148] 
...[truncated]
SUCCESS: attempt=148 seed=2087447 success_count=78/100
progress: ontology=MEDEON attempt=148 success=78/100
----- MEDEON attempt=149 seed=2101647 at 2026-06-25 15:02:24 -----
--- stdout ---
{"seed":2101647,"run_id":"20260624134028346645","trial_status":"time_limit_exceeded","error_type":"timeout","failure_stage":"B4","error_message":"Repair timeout: B4 exceeded 300 seconds","iic_values":{},"repair_runtimes_ms":{"A1":97,"A2":1253,"A3":503,"B1":618,"B2":761,"B3":3494,"B4":300001}}

--- stderr ---
SingleTrialExperiment starting: ontology=/workspaces/ontologyutils-ekaw26/repair-power-index-replication-ekaw26/ontologies/inconsistent/MEDEON.owl, seed=2101647, run_id=20260624134028346645
Loaded ontology.
Normalizing ontology with SROIQ normalization...
Normalized ontology with SROIQ normalization.
Ontology is already inconsistent, skipping make-inconsistent step.
Repairing with A1 (random-removal)...
[2026-06-25 15:02:24.979] Checking precondition...
[2026-06-25 15:02:24.996] Starting the repair...
[2026-06-25 15:02:25.002] Found 78 possible bad axioms.
[2026-06-25 15:02:25.003] Selected the bad axiom ClassAssertion(TypeOfHarm skin_tear).
[2026-06-25 15:02:25.006] Found 77 possible bad axioms.
[2026-06-25 15:02:25.006] Selected the bad axiom SubClassOf(MentalStatus PatientCharacteristic).
[2026-06-25 15:02:25.012] Found 76 possible bad axioms.
[2026-06-25 15:02:25.012] Selected the bad axiom SubClassOf(InappropriateUse ErrorType).
[2026-06-25 15:02:25.016] Found 75 possible bad axioms.
[2026-06-25 15:02:25.017] Selected the bad axiom SubClassOf(CheckDevice StuffActivity).
[2026-06-25 15:02:25.020] Found 74 possible bad axioms.
[2026-06-25 15:02:25.021] Selected the bad axiom SubClassOf(ObjectSomeValuesFrom(hasOutcome ObjectSomeValuesFrom(hasParticipant Patient)) Fall).
[2026-06-25 15:02:25.024] Found 73 possible bad axioms.
[2026-06-25 15:02:25.024] Selected the bad axiom ObjectPropertyAssertion(hasParticipant skin_tear pt).
[2026-06-25 15:02:25.025] Found 72 possible bad axioms.
[2026-06-25 15:02:25.025] Selected the bad axiom SubClassOf(MissingInstrument ErrorType).
[2026-06-25 15:02:25.028] Found 71 possible bad axioms.
[2026-06-25 15:02:25.028] Selected the bad axiom SubClassOf(RiskAssessment Assessment).
[2026-06-25 15:02:25.031] Found 70 possible bad axioms.
[2026-06-25 15:02:25.031] Selected the bad axiom SubClassOf(ErrorType IncidentCharacteristic).
[2026-06-25 15:02:25.033] Found 69 possible bad axioms.
[2026-06-25 15:02:25.033] Selected the bad axiom SubClassOf(Time TemporalInfo).
[2026-06-25 15:02:25.036] Found 68 possible bad axioms.
[2026-06-25 15:02:25.036] Selected the bad axiom SubClassOf(DeviceAvailability ErrorType).
[2026-06-25 15:02:25.043] Found 67 possible bad axioms.
[2026-06-25 15:02:25.043] Selected the bad axiom SubClassOf(PatientAccident IncidentType).
[2026-06-25 15:02:25.046] Found 66 possible bad axioms.
[2026-06-25 15:02:25.046] Selected the bad axiom SubClassOf(MentalStatus PhysicalCondition).
[2026-06-25 15:02:25.053] Found 65 possible bad axioms.
[2026-06-25 15:02:25.054] Selected the bad axiom SubClassOf(ClinicalProcess IncidentType).
[2026-06-25 15:02:25.056] Found 64 possible bad axioms.
[2026-06-25 15:02:25.056] Selected the bad axiom SubClassOf(MonitoringDevice Device/Equipment).
[2026-06-25 15:02:25.059] Found 63 possible bad axioms.
[2026-06-25 15:02:25.059] Selected the bad axiom SubClassOf(Defect ErrorType).
[2026-06-25 15:02:25.062] Found 62 possible bad axioms.
[2026-06-25 15:02:25.062] Selected the
...[truncated]
FAIL: attempt=149 seed=2101647 status=time_limit_exceeded stage=B4 message=Repair timeout: B4 exceeded 300 seconds
progress: ontology=MEDEON attempt=149 success=78/100
----- MEDEON attempt=150 seed=2115847 at 2026-06-25 15:07:31 -----
--- stdout ---
{"seed":2115847,"run_id":"20260624134028346645","trial_status":"time_limit_exceeded","error_type":"timeout","failure_stage":"B7","error_message":"Repair timeout: B7 exceeded 300 seconds","iic_values":{},"repair_runtimes_ms":{"A1":106,"A2":1218,"A3":709,"B1":396,"B2":722,"B3":3461,"B4":400,"B5":7849,"B6":5889,"B7":300001}}

--- stderr ---
SingleTrialExperiment starting: ontology=/workspaces/ontologyutils-ekaw26/repair-power-index-replication-ekaw26/ontologies/inconsistent/MEDEON.owl, seed=2115847, run_id=20260624134028346645
Loaded ontology.
Normalizing ontology with SROIQ normalization...
Normalized ontology with SROIQ normalization.
Ontology is already inconsistent, skipping make-inconsistent step.
Repairing with A1 (random-removal)...
[2026-06-25 15:07:32.165] Checking precondition...
[2026-06-25 15:07:32.180] Starting the repair...
[2026-06-25 15:07:32.188] Found 78 possible bad axioms.
[2026-06-25 15:07:32.189] Selected the bad axiom SubClassOf(Time TemporalInfo).
[2026-06-25 15:07:32.194] Found 77 possible bad axioms.
[2026-06-25 15:07:32.195] Selected the bad axiom ClassAssertion(SkinTear skin_tear).
[2026-06-25 15:07:32.196] Found 76 possible bad axioms.
[2026-06-25 15:07:32.196] Selected the bad axiom SubClassOf(TypeOfHarm PatientOutcome).
[2026-06-25 15:07:32.202] Found 75 possible bad axioms.
[2026-06-25 15:07:32.202] Selected the bad axiom SubClassOf(CheckDevice StuffActivity).
[2026-06-25 15:07:32.207] Found 74 possible bad axioms.
[2026-06-25 15:07:32.207] Selected the bad axiom SubClassOf(Infrastructure-Building-Fixture PatientBehaviour).
[2026-06-25 15:07:32.210] Found 73 possible bad axioms.
[2026-06-25 15:07:32.210] Selected the bad axiom SubClassOf(MissingInstrument ErrorType).
[2026-06-25 15:07:32.213] Found 72 possible bad axioms.
[2026-06-25 15:07:32.214] Selected the bad axiom ObjectPropertyAssertion(hasOutcome patient_fall skin_tear).
[2026-06-25 15:07:32.215] Found 71 possible bad axioms.
[2026-06-25 15:07:32.215] Selected the bad axiom SubClassOf(Blood-BloodProduct IncidentType).
[2026-06-25 15:07:32.217] Found 70 possible bad axioms.
[2026-06-25 15:07:32.218] Selected the bad axiom SubClassOf(Timing StateOfCare).
[2026-06-25 15:07:32.220] Found 69 possible bad axioms.
[2026-06-25 15:07:32.220] Selected the bad axiom SubClassOf(InjuryAssessment Assessment).
[2026-06-25 15:07:32.224] Found 68 possible bad axioms.
[2026-06-25 15:07:32.224] Selected the bad axiom ObjectPropertyAssertion(hasParticipant skin_tear pt).
[2026-06-25 15:07:32.230] Found 67 possible bad axioms.
[2026-06-25 15:07:32.230] Selected the bad axiom ObjectPropertyAssertion(causes slip_down fracture).
[2026-06-25 15:07:32.230] Found 66 possible bad axioms.
[2026-06-25 15:07:32.230] Selected the bad axiom SubClassOf(PressureUlcer IncidentType).
[2026-06-25 15:07:32.233] Found 65 possible bad axioms.
[2026-06-25 15:07:32.233] Selected the bad axiom SubClassOf(IncidentHistory PatientCharacteristic).
[2026-06-25 15:07:32.236] Found 64 possible bad axioms.
[2026-06-25 15:07:32.236] Selected the bad axiom SubClassOf(DeviceAvailability ErrorType).
[2026-06-25 15:07:32.244] Found 63 possible bad axioms.
[2026-06-25 15:07:32.244] Selected the bad axiom SubClassOf(MentalStatus PatientCharacteristic).
[2026-06-25 15:07:32.246] Found 62 possible bad axioms.
[2026-06-25 15:07:32.246] Selected the bad a
...[truncated]
FAIL: attempt=150 seed=2115847 status=time_limit_exceeded stage=B7 message=Repair timeout: B7 exceeded 300 seconds
progress: ontology=MEDEON attempt=150 success=78/100
----- MEDEON attempt=151 seed=2130047 at 2026-06-25 15:12:53 -----
--- stdout ---
{"seed":2130047,"run_id":"20260624134028346645","trial_status":"time_limit_exceeded","error_type":"timeout","failure_stage":"B7","error_message":"Repair timeout: B7 exceeded 300 seconds","iic_values":{},"repair_runtimes_ms":{"A1":98,"A2":1190,"A3":300,"B1":397,"B2":4487,"B3":3245,"B4":429,"B5":7364,"B6":5582,"B7":300001}}

--- stderr ---
SingleTrialExperiment starting: ontology=/workspaces/ontologyutils-ekaw26/repair-power-index-replication-ekaw26/ontologies/inconsistent/MEDEON.owl, seed=2130047, run_id=20260624134028346645
Loaded ontology.
Normalizing ontology with SROIQ normalization...
Normalized ontology with SROIQ normalization.
Ontology is already inconsistent, skipping make-inconsistent step.
Repairing with A1 (random-removal)...
[2026-06-25 15:12:53.394] Checking precondition...
[2026-06-25 15:12:53.412] Starting the repair...
[2026-06-25 15:12:53.418] Found 78 possible bad axioms.
[2026-06-25 15:12:53.420] Selected the bad axiom SubClassOf(Nutrition IncidentType).
[2026-06-25 15:12:53.425] Found 77 possible bad axioms.
[2026-06-25 15:12:53.426] Selected the bad axiom SubClassOf(Timing TemporalInfo).
[2026-06-25 15:12:53.430] Found 76 possible bad axioms.
[2026-06-25 15:12:53.430] Selected the bad axiom SubClassOf(HealthcareAssociatedInfection IncidentType).
[2026-06-25 15:12:53.435] Found 75 possible bad axioms.
[2026-06-25 15:12:53.435] Selected the bad axiom ObjectPropertyAssertion(causes slip_down fracture).
[2026-06-25 15:12:53.436] Found 74 possible bad axioms.
[2026-06-25 15:12:53.436] Selected the bad axiom SubClassOf(NotifyManufacturer MitigatingFactor).
[2026-06-25 15:12:53.440] Found 73 possible bad axioms.
[2026-06-25 15:12:53.440] Selected the bad axiom ObjectPropertyAssertion(hasParticipant slip_down pt).
[2026-06-25 15:12:53.441] Found 72 possible bad axioms.
[2026-06-25 15:12:53.441] Selected the bad axiom SubClassOf(Management Action).
[2026-06-25 15:12:53.443] Found 71 possible bad axioms.
[2026-06-25 15:12:53.444] Selected the bad axiom ObjectPropertyAssertion(causes slip_down skin_tear).
[2026-06-25 15:12:53.445] Found 70 possible bad axioms.
[2026-06-25 15:12:53.445] Selected the bad axiom SubClassOf(TypeOfHarm PatientOutcome).
[2026-06-25 15:12:53.447] Found 69 possible bad axioms.
[2026-06-25 15:12:53.448] Selected the bad axiom SubClassOf(DeviceFailure ErrorType).
[2026-06-25 15:12:53.450] Found 68 possible bad axioms.
[2026-06-25 15:12:53.450] Selected the bad axiom SubClassOf(Infrastructure-Building-Fixture IncidentType).
[2026-06-25 15:12:53.456] Found 67 possible bad axioms.
[2026-06-25 15:12:53.457] Selected the bad axiom SubClassOf(PatientActivity Activity).
[2026-06-25 15:12:53.459] Found 66 possible bad axioms.
[2026-06-25 15:12:53.459] Selected the bad axiom SubClassOf(Delay ErrorType).
[2026-06-25 15:12:53.462] Found 65 possible bad axioms.
[2026-06-25 15:12:53.462] Selected the bad axiom SubClassOf(InappropriateUse ErrorType).
[2026-06-25 15:12:53.469] Found 64 possible bad axioms.
[2026-06-25 15:12:53.469] Selected the bad axiom SubClassOf(Fall ObjectSomeValuesFrom(hasOutcome ObjectSomeValuesFrom(hasParticipant Patient))).
[2026-06-25 15:12:53.471] Found 63 possible bad axioms.
[2026-06-25 15:12:53.472] Selected the bad axiom ObjectPropertyAssertion(hasOutcome patient_fall fracture).
[2026-06-25 15:12:53.472] Found 62 possible bad axiom
...[truncated]
FAIL: attempt=151 seed=2130047 status=time_limit_exceeded stage=B7 message=Repair timeout: B7 exceeded 300 seconds
progress: ontology=MEDEON attempt=151 success=78/100
----- MEDEON attempt=152 seed=2144247 at 2026-06-25 15:18:16 -----
--- stdout ---
{"seed":2144247,"run_id":"20260624134028346645","trial_status":"success","error_type":null,"failure_stage":null,"error_message":null,"iic_values":{"B1_vs_A1":0.3010752688172043,"B1_vs_A2":0.0,"B1_vs_A3":0.0,"B2_vs_A1":1.0,"B2_vs_A2":0.5,"B2_vs_A3":0.5,"B3_vs_A1":1.0,"B3_vs_A2":0.5,"B3_vs_A3":0.5,"B4_vs_A1":1.0,"B4_vs_A2":0.5,"B4_vs_A3":0.5,"B5_vs_A1":1.0,"B5_vs_A2":0.5,"B5_vs_A3":0.5,"B6_vs_A1":1.0,"B6_vs_A2":0.5,"B6_vs_A3":0.5,"B7_vs_A1":1.0,"B7_vs_A2":0.5,"B7_vs_A3":0.5,"B8_vs_A1":1.0,"B8_vs_A2":0.5,"B8_vs_A3":0.5,"B9_vs_A1":1.0,"B9_vs_A2":0.5,"B9_vs_A3":0.5},"repair_runtimes_ms":{"A1":123,"A2":1205,"A3":695,"B1":225,"B2":409,"B3":574,"B4":174,"B5":7942,"B6":1169,"B7":173,"B8":1665,"B9":5552}}

--- stderr ---
SingleTrialExperiment starting: ontology=/workspaces/ontologyutils-ekaw26/repair-power-index-replication-ekaw26/ontologies/inconsistent/MEDEON.owl, seed=2144247, run_id=20260624134028346645
Loaded ontology.
Normalizing ontology with SROIQ normalization...
Normalized ontology with SROIQ normalization.
Ontology is already inconsistent, skipping make-inconsistent step.
Repairing with A1 (random-removal)...
[2026-06-25 15:18:17.009] Checking precondition...
[2026-06-25 15:18:17.025] Starting the repair...
[2026-06-25 15:18:17.032] Found 78 possible bad axioms.
[2026-06-25 15:18:17.033] Selected the bad axiom ObjectPropertyAssertion(hasOutcome patient_fall fracture).
[2026-06-25 15:18:17.035] Found 77 possible bad axioms.
[2026-06-25 15:18:17.036] Selected the bad axiom ClassAssertion(TypeOfHarm skin_tear).
[2026-06-25 15:18:17.037] Found 76 possible bad axioms.
[2026-06-25 15:18:17.037] Selected the bad axiom SubClassOf(Fall ObjectSomeValuesFrom(involvesActivity ObjectSomeValuesFrom(hasParticipant Patient))).
[2026-06-25 15:18:17.043] Found 75 possible bad axioms.
[2026-06-25 15:18:17.043] Selected the bad axiom SubClassOf(HealthcareAssociatedInfection IncidentType).
[2026-06-25 15:18:17.047] Found 74 possible bad axioms.
[2026-06-25 15:18:17.047] Selected the bad axiom SubClassOf(Infrastructure-Building-Fixture PatientBehaviour).
[2026-06-25 15:18:17.051] Found 73 possible bad axioms.
[2026-06-25 15:18:17.051] Selected the bad axiom SubClassOf(DeviceType DeviceCharacteristic).
[2026-06-25 15:18:17.054] Found 72 possible bad axioms.
[2026-06-25 15:18:17.054] Selected the bad axiom SubClassOf(Social/EconomicalImpact PatientOutcome).
[2026-06-25 15:18:17.057] Found 71 possible bad axioms.
[2026-06-25 15:18:17.057] Selected the bad axiom SubClassOf(RiskAssessment Assessment).
[2026-06-25 15:18:17.060] Found 70 possible bad axioms.
[2026-06-25 15:18:17.060] Selected the bad axiom SubClassOf(Resource-OrganizationalManagement IncidentType).
[2026-06-25 15:18:17.063] Found 69 possible bad axioms.
[2026-06-25 15:18:17.063] Selected the bad axiom SubClassOf(CheckDevice StuffActivity).
[2026-06-25 15:18:17.065] Found 68 possible bad axioms.
[2026-06-25 15:18:17.065] Selected the bad axiom SubClassOf(Blood-BloodProduct IncidentType).
[2026-06-25 15:18:17.072] Found 67 possible bad axioms.
[2026-06-25 15:18:17.073] Selected the bad axiom ObjectPropertyAssertion(causes slip_down skin_tear).
[2026-06-25 15:18:17.073] Found 66 possible bad axioms.
[2026-06-25 15:18:17.073] Selected the bad axiom ObjectPropertyAssertion(causes slip_down fracture).
[2026-06-25 15:18:17.074] Found 65 possible bad axioms.
[2026-06-25 15:18:17.074] Selected the bad axiom SubClassOf(PhysicalCondition PatientCharacteristic).
[2026-06-25 15:18:17.076] Found 64 possible bad axioms.
[2026-06-25 15:18:17.076] Selected the bad axiom SubClassOf(MonitoringDevice Device/Equipment).
[2026-06-25 15:18:17.084] Found 63 possible bad axioms.
[2026-06-25 15:18:17.084] Selected the bad axiom SubClassOf(
...[truncated]
SUCCESS: attempt=152 seed=2144247 success_count=79/100
progress: ontology=MEDEON attempt=152 success=79/100
----- MEDEON attempt=153 seed=2158447 at 2026-06-25 15:18:37 -----
--- stdout ---
{"seed":2158447,"run_id":"20260624134028346645","trial_status":"time_limit_exceeded","error_type":"timeout","failure_stage":"B4","error_message":"Repair timeout: B4 exceeded 300 seconds","iic_values":{},"repair_runtimes_ms":{"A1":69,"A2":1223,"A3":505,"B1":422,"B2":4800,"B3":505,"B4":300001}}

--- stderr ---
SingleTrialExperiment starting: ontology=/workspaces/ontologyutils-ekaw26/repair-power-index-replication-ekaw26/ontologies/inconsistent/MEDEON.owl, seed=2158447, run_id=20260624134028346645
Loaded ontology.
Normalizing ontology with SROIQ normalization...
Normalized ontology with SROIQ normalization.
Ontology is already inconsistent, skipping make-inconsistent step.
Repairing with A1 (random-removal)...
[2026-06-25 15:18:37.636] Checking precondition...
[2026-06-25 15:18:37.652] Starting the repair...
[2026-06-25 15:18:37.659] Found 78 possible bad axioms.
[2026-06-25 15:18:37.660] Selected the bad axiom ClassAssertion(TypeOfHarm skin_tear).
[2026-06-25 15:18:37.662] Found 77 possible bad axioms.
[2026-06-25 15:18:37.663] Selected the bad axiom SubClassOf(ErrorType IncidentCharacteristic).
[2026-06-25 15:18:37.668] Found 76 possible bad axioms.
[2026-06-25 15:18:37.668] Selected the bad axiom SubClassOf(Fall ObjectSomeValuesFrom(hasOutcome ObjectSomeValuesFrom(hasParticipant Patient))).
[2026-06-25 15:18:37.672] Found 75 possible bad axioms.
[2026-06-25 15:18:37.672] Selected the bad axiom ClassAssertion(PatientActivity slip_down).
[2026-06-25 15:18:37.673] Found 74 possible bad axioms.
[2026-06-25 15:18:37.674] Selected the bad axiom SubClassOf(RiskAssessment Assessment).
[2026-06-25 15:18:37.679] Found 73 possible bad axioms.
[2026-06-25 15:18:37.679] Selected the bad axiom SubClassOf(ImmediateAction Action).
[2026-06-25 15:18:37.682] Found 72 possible bad axioms.
[2026-06-25 15:18:37.682] Selected the bad axiom SubClassOf(SkinTear TypeOfHarm).
[2026-06-25 15:18:37.684] Found 71 possible bad axioms.
[2026-06-25 15:18:37.684] Selected the bad axiom SubClassOf(Defect ErrorType).
[2026-06-25 15:18:37.687] Found 70 possible bad axioms.
[2026-06-25 15:18:37.688] Selected the bad axiom SubClassOf(Management Action).
[2026-06-25 15:18:37.691] Found 69 possible bad axioms.
[2026-06-25 15:18:37.691] Selected the bad axiom SubClassOf(ObjectSomeValuesFrom(hasOutcome ObjectSomeValuesFrom(hasParticipant Patient)) Fall).
[2026-06-25 15:18:37.693] Found 68 possible bad axioms.
[2026-06-25 15:18:37.694] Selected the bad axiom SubClassOf(Fall ObjectSomeValuesFrom(involvesActivity owl:Nothing)).
[2026-06-25 15:18:37.701] Finished repairing the ontology.
Repairing with A2 (not-in-largest-mcs-removal)...
[2026-06-25 15:18:37.702] Checking precondition...
[2026-06-25 15:18:37.712] Starting the repair...
[2026-06-25 15:18:38.924] Found 2 possible bad axioms.
[2026-06-25 15:18:38.925] Selected the bad axiom SubClassOf(Fall ObjectSomeValuesFrom(involvesActivity owl:Nothing)).
[2026-06-25 15:18:38.925] Finished repairing the ontology.
Repairing with A3 (default-weakening)...
[2026-06-25 15:18:38.927] Checking precondition...
[2026-06-25 15:18:38.930] Starting the repair...
[2026-06-25 15:18:38.940] Selected a reference ontology with 152 axioms.
[2026-06-25 15:18:39.163] Selected the bad axiom ClassAssertion(Patient pt).
[2026-06-25 15:18:39.185] Selected the weaker axi
...[truncated]
FAIL: attempt=153 seed=2158447 status=time_limit_exceeded stage=B4 message=Repair timeout: B4 exceeded 300 seconds
progress: ontology=MEDEON attempt=153 success=79/100
----- MEDEON attempt=154 seed=2172647 at 2026-06-25 15:23:45 -----
--- stdout ---
{"seed":2172647,"run_id":"20260624134028346645","trial_status":"success","error_type":null,"failure_stage":null,"error_message":null,"iic_values":{"B1_vs_A1":0.21686746987951808,"B1_vs_A2":0.5,"B1_vs_A3":0.0,"B2_vs_A1":0.2222222222222222,"B2_vs_A2":1.0,"B2_vs_A3":0.0,"B3_vs_A1":0.2222222222222222,"B3_vs_A2":1.0,"B3_vs_A3":0.0,"B4_vs_A1":1.0,"B4_vs_A2":1.0,"B4_vs_A3":0.5,"B5_vs_A1":1.0,"B5_vs_A2":1.0,"B5_vs_A3":0.5,"B6_vs_A1":1.0,"B6_vs_A2":1.0,"B6_vs_A3":0.5,"B7_vs_A1":1.0,"B7_vs_A2":1.0,"B7_vs_A3":0.5,"B8_vs_A1":1.0,"B8_vs_A2":1.0,"B8_vs_A3":0.5,"B9_vs_A1":1.0,"B9_vs_A2":1.0,"B9_vs_A3":0.5},"repair_runtimes_ms":{"A1":101,"A2":1224,"A3":472,"B1":249,"B2":4886,"B3":3191,"B4":197,"B5":7852,"B6":5562,"B7":119,"B8":7938,"B9":5574}}

--- stderr ---
SingleTrialExperiment starting: ontology=/workspaces/ontologyutils-ekaw26/repair-power-index-replication-ekaw26/ontologies/inconsistent/MEDEON.owl, seed=2172647, run_id=20260624134028346645
Loaded ontology.
Normalizing ontology with SROIQ normalization...
Normalized ontology with SROIQ normalization.
Ontology is already inconsistent, skipping make-inconsistent step.
Repairing with A1 (random-removal)...
[2026-06-25 15:23:45.620] Checking precondition...
[2026-06-25 15:23:45.638] Starting the repair...
[2026-06-25 15:23:45.644] Found 78 possible bad axioms.
[2026-06-25 15:23:45.645] Selected the bad axiom SubClassOf(MonitoringDevice Device/Equipment).
[2026-06-25 15:23:45.652] Found 77 possible bad axioms.
[2026-06-25 15:23:45.652] Selected the bad axiom SubClassOf(DeviceName DeviceCharacteristic).
[2026-06-25 15:23:45.658] Found 76 possible bad axioms.
[2026-06-25 15:23:45.658] Selected the bad axiom SubClassOf(Infrastructure-Building-Fixture IncidentType).
[2026-06-25 15:23:45.662] Found 75 possible bad axioms.
[2026-06-25 15:23:45.662] Selected the bad axiom ClassAssertion(IncidentType patient_fall).
[2026-06-25 15:23:45.664] Found 74 possible bad axioms.
[2026-06-25 15:23:45.664] Selected the bad axiom ObjectPropertyAssertion(hasOutcome patient_fall skin_tear).
[2026-06-25 15:23:45.665] Found 73 possible bad axioms.
[2026-06-25 15:23:45.665] Selected the bad axiom SubClassOf(Site PatientOutcome).
[2026-06-25 15:23:45.668] Found 72 possible bad axioms.
[2026-06-25 15:23:45.668] Selected the bad axiom SubClassOf(TypeOfHarm PatientOutcome).
[2026-06-25 15:23:45.671] Found 71 possible bad axioms.
[2026-06-25 15:23:45.671] Selected the bad axiom SubClassOf(Fall IncidentType).
[2026-06-25 15:23:45.673] Found 70 possible bad axioms.
[2026-06-25 15:23:45.673] Selected the bad axiom SubClassOf(MedicalDevice-Equipment IncidentType).
[2026-06-25 15:23:45.676] Found 69 possible bad axioms.
[2026-06-25 15:23:45.676] Selected the bad axiom ObjectPropertyAssertion(hasParticipant slip_down pt).
[2026-06-25 15:23:45.677] Found 68 possible bad axioms.
[2026-06-25 15:23:45.677] Selected the bad axiom SubClassOf(SkinTear TypeOfHarm).
[2026-06-25 15:23:45.684] Found 67 possible bad axioms.
[2026-06-25 15:23:45.684] Selected the bad axiom SubClassOf(ObjectSomeValuesFrom(hasOutcome ObjectSomeValuesFrom(hasParticipant Patient)) Fall).
[2026-06-25 15:23:45.687] Found 66 possible bad axioms.
[2026-06-25 15:23:45.687] Selected the bad axiom SubClassOf(ChangeOfInstrument MitigatingFactor).
[2026-06-25 15:23:45.689] Found 65 possible bad axioms.
[2026-06-25 15:23:45.689] Selected the bad axiom SubClassOf(CheckDevice StuffActivity).
[2026-06-25 15:23:45.696] Found 64 possible bad axioms.
[2026-06-25 15:23:45.696] Selected the bad axiom SubClassOf(RiskAssessment Assessment).
[2026-06-25 15:23:45.699] Found 63 possible bad axioms.
[2026-06-25 15:23:45.699] Selected the bad axiom SubClassOf(PressureUlcer IncidentType).
[2026-06-25 15:23:45.702] Found 62 possible bad axioms.
[
...[truncated]
SUCCESS: attempt=154 seed=2172647 success_count=80/100
progress: ontology=MEDEON attempt=154 success=80/100
----- MEDEON attempt=155 seed=2186847 at 2026-06-25 15:24:23 -----
--- stdout ---
{"seed":2186847,"run_id":"20260624134028346645","trial_status":"success","error_type":null,"failure_stage":null,"error_message":null,"iic_values":{"B1_vs_A1":1.0,"B1_vs_A2":1.0,"B1_vs_A3":0.5,"B2_vs_A1":0.26744186046511625,"B2_vs_A2":1.0,"B2_vs_A3":0.0,"B3_vs_A1":0.26744186046511625,"B3_vs_A2":1.0,"B3_vs_A3":0.0,"B4_vs_A1":1.0,"B4_vs_A2":1.0,"B4_vs_A3":0.5,"B5_vs_A1":1.0,"B5_vs_A2":1.0,"B5_vs_A3":0.5,"B6_vs_A1":1.0,"B6_vs_A2":1.0,"B6_vs_A3":0.5,"B7_vs_A1":1.0,"B7_vs_A2":1.0,"B7_vs_A3":0.5,"B8_vs_A1":1.0,"B8_vs_A2":1.0,"B8_vs_A3":0.5,"B9_vs_A1":1.0,"B9_vs_A2":1.0,"B9_vs_A3":0.5},"repair_runtimes_ms":{"A1":106,"A2":1186,"A3":455,"B1":420,"B2":4886,"B3":3134,"B4":213,"B5":8294,"B6":1120,"B7":242,"B8":7894,"B9":5563}}

--- stderr ---
SingleTrialExperiment starting: ontology=/workspaces/ontologyutils-ekaw26/repair-power-index-replication-ekaw26/ontologies/inconsistent/MEDEON.owl, seed=2186847, run_id=20260624134028346645
Loaded ontology.
Normalizing ontology with SROIQ normalization...
Normalized ontology with SROIQ normalization.
Ontology is already inconsistent, skipping make-inconsistent step.
Repairing with A1 (random-removal)...
[2026-06-25 15:24:23.754] Checking precondition...
[2026-06-25 15:24:23.769] Starting the repair...
[2026-06-25 15:24:23.776] Found 78 possible bad axioms.
[2026-06-25 15:24:23.777] Selected the bad axiom SubClassOf(AssistiveDevice Device/Equipment).
[2026-06-25 15:24:23.784] Found 77 possible bad axioms.
[2026-06-25 15:24:23.784] Selected the bad axiom SubClassOf(TypeOfHarm PatientOutcome).
[2026-06-25 15:24:23.789] Found 76 possible bad axioms.
[2026-06-25 15:24:23.789] Selected the bad axiom SubClassOf(StopUse ChangeOfInstrument).
[2026-06-25 15:24:23.794] Found 75 possible bad axioms.
[2026-06-25 15:24:23.794] Selected the bad axiom ClassAssertion(TypeOfHarm fracture).
[2026-06-25 15:24:23.795] Found 74 possible bad axioms.
[2026-06-25 15:24:23.795] Selected the bad axiom SubClassOf(IncidentHistory PatientCharacteristic).
[2026-06-25 15:24:23.798] Found 73 possible bad axioms.
[2026-06-25 15:24:23.798] Selected the bad axiom ClassAssertion(IncidentType patient_fall).
[2026-06-25 15:24:23.799] Found 72 possible bad axioms.
[2026-06-25 15:24:23.799] Selected the bad axiom SubClassOf(Documentation IncidentType).
[2026-06-25 15:24:23.802] Found 71 possible bad axioms.
[2026-06-25 15:24:23.802] Selected the bad axiom SubClassOf(ImmediateAction Action).
[2026-06-25 15:24:23.805] Found 70 possible bad axioms.
[2026-06-25 15:24:23.805] Selected the bad axiom SubClassOf(PatientBehaviour IncidentType).
[2026-06-25 15:24:23.807] Found 69 possible bad axioms.
[2026-06-25 15:24:23.808] Selected the bad axiom SubClassOf(HealthcareAssociatedInfection IncidentType).
[2026-06-25 15:24:23.810] Found 68 possible bad axioms.
[2026-06-25 15:24:23.810] Selected the bad axiom SubClassOf(MedicalDevice-Equipment IncidentType).
[2026-06-25 15:24:23.817] Found 67 possible bad axioms.
[2026-06-25 15:24:23.818] Selected the bad axiom SubClassOf(Timing StateOfCare).
[2026-06-25 15:24:23.820] Found 66 possible bad axioms.
[2026-06-25 15:24:23.820] Selected the bad axiom SubClassOf(DeviceName DeviceCharacteristic).
[2026-06-25 15:24:23.827] Found 65 possible bad axioms.
[2026-06-25 15:24:23.827] Selected the bad axiom SubClassOf(DeviceFailure ErrorType).
[2026-06-25 15:24:23.830] Found 64 possible bad axioms.
[2026-06-25 15:24:23.831] Selected the bad axiom SubClassOf(StuffActivity Activity).
[2026-06-25 15:24:23.833] Found 63 possible bad axioms.
[2026-06-25 15:24:23.833] Selected the bad axiom SubClassOf(Blood-BloodProduct IncidentType).
[2026-06-25 15:24:23.836] Found 62 possible bad axioms.
[2026-06-25 15:24:23.836] Selected the bad axiom SubClassOf(Oxigen-GasVapour Inci
...[truncated]
SUCCESS: attempt=155 seed=2186847 success_count=81/100
progress: ontology=MEDEON attempt=155 success=81/100
----- MEDEON attempt=156 seed=2201047 at 2026-06-25 15:25:00 -----
--- stdout ---
{"seed":2201047,"run_id":"20260624134028346645","trial_status":"time_limit_exceeded","error_type":"timeout","failure_stage":"B4","error_message":"Repair timeout: B4 exceeded 300 seconds","iic_values":{},"repair_runtimes_ms":{"A1":69,"A2":1226,"A3":303,"B1":255,"B2":1211,"B3":3407,"B4":300001}}

--- stderr ---
SingleTrialExperiment starting: ontology=/workspaces/ontologyutils-ekaw26/repair-power-index-replication-ekaw26/ontologies/inconsistent/MEDEON.owl, seed=2201047, run_id=20260624134028346645
Loaded ontology.
Normalizing ontology with SROIQ normalization...
Normalized ontology with SROIQ normalization.
Ontology is already inconsistent, skipping make-inconsistent step.
Repairing with A1 (random-removal)...
[2026-06-25 15:25:00.979] Checking precondition...
[2026-06-25 15:25:00.994] Starting the repair...
[2026-06-25 15:25:01.002] Found 78 possible bad axioms.
[2026-06-25 15:25:01.003] Selected the bad axiom ObjectPropertyAssertion(causes slip_down skin_tear).
[2026-06-25 15:25:01.006] Found 77 possible bad axioms.
[2026-06-25 15:25:01.006] Selected the bad axiom SubClassOf(DeviceFailure ErrorType).
[2026-06-25 15:25:01.012] Found 76 possible bad axioms.
[2026-06-25 15:25:01.012] Selected the bad axiom SubClassOf(Process IncidentCharacteristic).
[2026-06-25 15:25:01.016] Found 75 possible bad axioms.
[2026-06-25 15:25:01.017] Selected the bad axiom SubClassOf(Time TemporalInfo).
[2026-06-25 15:25:01.021] Found 74 possible bad axioms.
[2026-06-25 15:25:01.021] Selected the bad axiom SubClassOf(Fall ObjectSomeValuesFrom(hasOutcome ObjectSomeValuesFrom(hasParticipant Patient))).
[2026-06-25 15:25:01.024] Found 73 possible bad axioms.
[2026-06-25 15:25:01.024] Selected the bad axiom SubClassOf(NotifyManufacturer MitigatingFactor).
[2026-06-25 15:25:01.027] Found 72 possible bad axioms.
[2026-06-25 15:25:01.027] Selected the bad axiom SubClassOf(ClinicalAdministration IncidentType).
[2026-06-25 15:25:01.030] Found 71 possible bad axioms.
[2026-06-25 15:25:01.030] Selected the bad axiom ObjectPropertyAssertion(hasParticipant skin_tear pt).
[2026-06-25 15:25:01.032] Found 70 possible bad axioms.
[2026-06-25 15:25:01.032] Selected the bad axiom ObjectPropertyAssertion(causes slip_down fracture).
[2026-06-25 15:25:01.032] Found 69 possible bad axioms.
[2026-06-25 15:25:01.033] Selected the bad axiom ObjectPropertyAssertion(hasOutcome patient_fall fracture).
[2026-06-25 15:25:01.033] Found 68 possible bad axioms.
[2026-06-25 15:25:01.033] Selected the bad axiom SubClassOf(StopUse MitigatingFactor).
[2026-06-25 15:25:01.036] Found 67 possible bad axioms.
[2026-06-25 15:25:01.036] Selected the bad axiom SubClassOf(DeviceAvailability ErrorType).
[2026-06-25 15:25:01.042] Found 66 possible bad axioms.
[2026-06-25 15:25:01.042] Selected the bad axiom ClassAssertion(Patient pt).
[2026-06-25 15:25:01.043] Finished repairing the ontology.
Repairing with A2 (not-in-largest-mcs-removal)...
[2026-06-25 15:25:01.044] Checking precondition...
[2026-06-25 15:25:01.049] Starting the repair...
[2026-06-25 15:25:02.268] Found 2 possible bad axioms.
[2026-06-25 15:25:02.269] Selected the bad axiom ClassAssertion(Patient pt).
[2026-06-25 15:25:02.270] Finished repairing the ontology.
Repairing with A3 (default-weakening)...
[2026-06-25 15:25:02.272] Checking precondition...
[202
...[truncated]
FAIL: attempt=156 seed=2201047 status=time_limit_exceeded stage=B4 message=Repair timeout: B4 exceeded 300 seconds
progress: ontology=MEDEON attempt=156 success=81/100
----- MEDEON attempt=157 seed=2215247 at 2026-06-25 15:30:07 -----
--- stdout ---
{"seed":2215247,"run_id":"20260624134028346645","trial_status":"success","error_type":null,"failure_stage":null,"error_message":null,"iic_values":{"B1_vs_A1":0.17721518987341772,"B1_vs_A2":0.0,"B1_vs_A3":0.0,"B2_vs_A1":0.18181818181818182,"B2_vs_A2":0.0,"B2_vs_A3":0.0,"B3_vs_A1":0.18181818181818182,"B3_vs_A2":0.0,"B3_vs_A3":0.0,"B4_vs_A1":1.0,"B4_vs_A2":0.5,"B4_vs_A3":0.5,"B5_vs_A1":1.0,"B5_vs_A2":0.5,"B5_vs_A3":0.5,"B6_vs_A1":1.0,"B6_vs_A2":0.5,"B6_vs_A3":0.5,"B7_vs_A1":1.0,"B7_vs_A2":0.5,"B7_vs_A3":0.5,"B8_vs_A1":1.0,"B8_vs_A2":0.5,"B8_vs_A3":0.5,"B9_vs_A1":1.0,"B9_vs_A2":0.5,"B9_vs_A3":0.5},"repair_runtimes_ms":{"A1":90,"A2":1204,"A3":463,"B1":228,"B2":4883,"B3":3204,"B4":235,"B5":7886,"B6":5570,"B7":152,"B8":1789,"B9":1106}}

--- stderr ---
SingleTrialExperiment starting: ontology=/workspaces/ontologyutils-ekaw26/repair-power-index-replication-ekaw26/ontologies/inconsistent/MEDEON.owl, seed=2215247, run_id=20260624134028346645
Loaded ontology.
Normalizing ontology with SROIQ normalization...
Normalized ontology with SROIQ normalization.
Ontology is already inconsistent, skipping make-inconsistent step.
Repairing with A1 (random-removal)...
[2026-06-25 15:30:07.913] Checking precondition...
[2026-06-25 15:30:07.929] Starting the repair...
[2026-06-25 15:30:07.936] Found 78 possible bad axioms.
[2026-06-25 15:30:07.937] Selected the bad axiom SubClassOf(Fall ObjectSomeValuesFrom(hasOutcome ObjectSomeValuesFrom(hasParticipant Patient))).
[2026-06-25 15:30:07.943] Found 77 possible bad axioms.
[2026-06-25 15:30:07.943] Selected the bad axiom SubClassOf(Site PatientOutcome).
[2026-06-25 15:30:07.947] Found 76 possible bad axioms.
[2026-06-25 15:30:07.948] Selected the bad axiom SubClassOf(ObjectSomeValuesFrom(involvesActivity ObjectSomeValuesFrom(hasParticipant Patient)) Fall).
[2026-06-25 15:30:07.952] Found 75 possible bad axioms.
[2026-06-25 15:30:07.952] Selected the bad axiom SubClassOf(Medication-IVFluid IncidentType).
[2026-06-25 15:30:07.955] Found 74 possible bad axioms.
[2026-06-25 15:30:07.956] Selected the bad axiom SubClassOf(ChangeOfInstrument MitigatingFactor).
[2026-06-25 15:30:07.958] Found 73 possible bad axioms.
[2026-06-25 15:30:07.959] Selected the bad axiom SubClassOf(MentalStatus PatientCharacteristic).
[2026-06-25 15:30:07.962] Found 72 possible bad axioms.
[2026-06-25 15:30:07.962] Selected the bad axiom SubClassOf(Nutrition IncidentType).
[2026-06-25 15:30:07.965] Found 71 possible bad axioms.
[2026-06-25 15:30:07.966] Selected the bad axiom SubClassOf(Fall IncidentType).
[2026-06-25 15:30:07.971] Found 70 possible bad axioms.
[2026-06-25 15:30:07.971] Selected the bad axiom SubClassOf(IncidentHistory PatientCharacteristic).
[2026-06-25 15:30:07.974] Found 69 possible bad axioms.
[2026-06-25 15:30:07.974] Selected the bad axiom SubClassOf(DeviceName DeviceCharacteristic).
[2026-06-25 15:30:07.980] Found 68 possible bad axioms.
[2026-06-25 15:30:07.981] Selected the bad axiom SubClassOf(DeviceType DeviceCharacteristic).
[2026-06-25 15:30:07.988] Found 67 possible bad axioms.
[2026-06-25 15:30:07.988] Selected the bad axiom SubClassOf(UseError ErrorType).
[2026-06-25 15:30:07.990] Found 66 possible bad axioms.
[2026-06-25 15:30:07.990] Selected the bad axiom SubClassOf(MonitoringDevice Device/Equipment).
[2026-06-25 15:30:07.993] Found 65 possible bad axioms.
[2026-06-25 15:30:07.993] Selected the bad axiom ObjectPropertyAssertion(hasParticipant skin_tear pt).
[2026-06-25 15:30:07.994] Found 64 possible bad axioms.
[2026-06-25 15:30:07.994] Selected the bad axiom SubClassOf(PhysicalCondition PatientCharacteristic).
[2026-06-25 15:30:07.996] Found 63 possible bad axioms.
[2026-06-25 15:30:07.996] Selected the bad axiom SubClassOf(DeviceAvailability ErrorType).
[202
...[truncated]
SUCCESS: attempt=157 seed=2215247 success_count=82/100
progress: ontology=MEDEON attempt=157 success=82/100
----- MEDEON attempt=158 seed=2229447 at 2026-06-25 15:30:35 -----
--- stdout ---
{"seed":2229447,"run_id":"20260624134028346645","trial_status":"success","error_type":null,"failure_stage":null,"error_message":null,"iic_values":{"B1_vs_A1":1.0,"B1_vs_A2":0.5,"B1_vs_A3":0.5,"B2_vs_A1":1.0,"B2_vs_A2":1.0,"B2_vs_A3":1.0,"B3_vs_A1":1.0,"B3_vs_A2":1.0,"B3_vs_A3":1.0,"B4_vs_A1":1.0,"B4_vs_A2":1.0,"B4_vs_A3":1.0,"B5_vs_A1":1.0,"B5_vs_A2":1.0,"B5_vs_A3":1.0,"B6_vs_A1":1.0,"B6_vs_A2":1.0,"B6_vs_A3":1.0,"B7_vs_A1":1.0,"B7_vs_A2":1.0,"B7_vs_A3":1.0,"B8_vs_A1":1.0,"B8_vs_A2":1.0,"B8_vs_A3":1.0,"B9_vs_A1":1.0,"B9_vs_A2":1.0,"B9_vs_A3":1.0},"repair_runtimes_ms":{"A1":71,"A2":1203,"A3":324,"B1":265,"B2":4489,"B3":3267,"B4":236,"B5":7750,"B6":1264,"B7":186,"B8":7838,"B9":1076}}

--- stderr ---
SingleTrialExperiment starting: ontology=/workspaces/ontologyutils-ekaw26/repair-power-index-replication-ekaw26/ontologies/inconsistent/MEDEON.owl, seed=2229447, run_id=20260624134028346645
Loaded ontology.
Normalizing ontology with SROIQ normalization...
Normalized ontology with SROIQ normalization.
Ontology is already inconsistent, skipping make-inconsistent step.
Repairing with A1 (random-removal)...
[2026-06-25 15:30:35.522] Checking precondition...
[2026-06-25 15:30:35.537] Starting the repair...
[2026-06-25 15:30:35.543] Found 78 possible bad axioms.
[2026-06-25 15:30:35.544] Selected the bad axiom SubClassOf(StopUse ChangeOfInstrument).
[2026-06-25 15:30:35.550] Found 77 possible bad axioms.
[2026-06-25 15:30:35.550] Selected the bad axiom SubClassOf(ClinicalAdministration IncidentType).
[2026-06-25 15:30:35.555] Found 76 possible bad axioms.
[2026-06-25 15:30:35.555] Selected the bad axiom SubClassOf(Documentation IncidentType).
[2026-06-25 15:30:35.559] Found 75 possible bad axioms.
[2026-06-25 15:30:35.559] Selected the bad axiom ObjectPropertyAssertion(hasParticipant slip_down pt).
[2026-06-25 15:30:35.560] Found 74 possible bad axioms.
[2026-06-25 15:30:35.560] Selected the bad axiom SubClassOf(IncidentHistory PatientCharacteristic).
[2026-06-25 15:30:35.564] Found 73 possible bad axioms.
[2026-06-25 15:30:35.564] Selected the bad axiom SubClassOf(MissingInstrument ErrorType).
[2026-06-25 15:30:35.567] Found 72 possible bad axioms.
[2026-06-25 15:30:35.567] Selected the bad axiom ClassAssertion(SkinTear skin_tear).
[2026-06-25 15:30:35.568] Found 71 possible bad axioms.
[2026-06-25 15:30:35.568] Selected the bad axiom ObjectPropertyAssertion(causes slip_down fracture).
[2026-06-25 15:30:35.569] Found 70 possible bad axioms.
[2026-06-25 15:30:35.569] Selected the bad axiom SubClassOf(InappropriateUse ErrorType).
[2026-06-25 15:30:35.572] Found 69 possible bad axioms.
[2026-06-25 15:30:35.572] Selected the bad axiom SubClassOf(Process IncidentCharacteristic).
[2026-06-25 15:30:35.575] Found 68 possible bad axioms.
[2026-06-25 15:30:35.575] Selected the bad axiom SubClassOf(RiskAssessment Assessment).
[2026-06-25 15:30:35.581] Found 67 possible bad axioms.
[2026-06-25 15:30:35.581] Selected the bad axiom SubClassOf(InjuryAssessment Assessment).
[2026-06-25 15:30:35.584] Found 66 possible bad axioms.
[2026-06-25 15:30:35.585] Selected the bad axiom ObjectPropertyAssertion(hasParticipant skin_tear pt).
[2026-06-25 15:30:35.585] Found 65 possible bad axioms.
[2026-06-25 15:30:35.585] Selected the bad axiom SubClassOf(Fall ObjectSomeValuesFrom(involvesActivity owl:Nothing)).
[2026-06-25 15:30:35.588] Finished repairing the ontology.
Repairing with A2 (not-in-largest-mcs-removal)...
[2026-06-25 15:30:35.589] Checking precondition...
[2026-06-25 15:30:35.599] Starting the repair...
[2026-06-25 15:30:36.791] Found 2 possible bad axioms.
[2026-06-25 15:30:36.792] Selected the bad axiom SubClassOf(Fall ObjectSomeValuesFrom(involvesActivity owl:No
...[truncated]
SUCCESS: attempt=158 seed=2229447 success_count=83/100
progress: ontology=MEDEON attempt=158 success=83/100
----- MEDEON attempt=159 seed=2243647 at 2026-06-25 15:31:03 -----
--- stdout ---
{"seed":2243647,"run_id":"20260624134028346645","trial_status":"time_limit_exceeded","error_type":"timeout","failure_stage":"B7","error_message":"Repair timeout: B7 exceeded 300 seconds","iic_values":{},"repair_runtimes_ms":{"A1":102,"A2":1208,"A3":464,"B1":236,"B2":4584,"B3":3227,"B4":292,"B5":1702,"B6":5573,"B7":300001}}

--- stderr ---
SingleTrialExperiment starting: ontology=/workspaces/ontologyutils-ekaw26/repair-power-index-replication-ekaw26/ontologies/inconsistent/MEDEON.owl, seed=2243647, run_id=20260624134028346645
Loaded ontology.
Normalizing ontology with SROIQ normalization...
Normalized ontology with SROIQ normalization.
Ontology is already inconsistent, skipping make-inconsistent step.
Repairing with A1 (random-removal)...
[2026-06-25 15:31:04.311] Checking precondition...
[2026-06-25 15:31:04.327] Starting the repair...
[2026-06-25 15:31:04.334] Found 78 possible bad axioms.
[2026-06-25 15:31:04.335] Selected the bad axiom SubClassOf(InappropriateUse ErrorType).
[2026-06-25 15:31:04.341] Found 77 possible bad axioms.
[2026-06-25 15:31:04.341] Selected the bad axiom SubClassOf(Time TemporalInfo).
[2026-06-25 15:31:04.346] Found 76 possible bad axioms.
[2026-06-25 15:31:04.346] Selected the bad axiom SubClassOf(Pathology-Laboratory IncidentType).
[2026-06-25 15:31:04.350] Found 75 possible bad axioms.
[2026-06-25 15:31:04.350] Selected the bad axiom SubClassOf(Site PatientOutcome).
[2026-06-25 15:31:04.354] Found 74 possible bad axioms.
[2026-06-25 15:31:04.354] Selected the bad axiom SubClassOf(Fall ObjectSomeValuesFrom(involvesActivity ObjectSomeValuesFrom(hasParticipant Patient))).
[2026-06-25 15:31:04.357] Found 73 possible bad axioms.
[2026-06-25 15:31:04.357] Selected the bad axiom SubClassOf(ObjectSomeValuesFrom(involvesActivity ObjectSomeValuesFrom(hasParticipant Patient)) Fall).
[2026-06-25 15:31:04.359] Found 72 possible bad axioms.
[2026-06-25 15:31:04.360] Selected the bad axiom SubClassOf(Fall IncidentType).
[2026-06-25 15:31:04.362] Found 71 possible bad axioms.
[2026-06-25 15:31:04.364] Selected the bad axiom SubClassOf(Infrastructure-Building-Fixture IncidentType).
[2026-06-25 15:31:04.366] Found 70 possible bad axioms.
[2026-06-25 15:31:04.366] Selected the bad axiom ObjectPropertyAssertion(causes slip_down skin_tear).
[2026-06-25 15:31:04.368] Found 69 possible bad axioms.
[2026-06-25 15:31:04.368] Selected the bad axiom SubClassOf(Nutrition IncidentType).
[2026-06-25 15:31:04.376] Found 68 possible bad axioms.
[2026-06-25 15:31:04.376] Selected the bad axiom SubClassOf(MedicalDevice-Equipment IncidentType).
[2026-06-25 15:31:04.379] Found 67 possible bad axioms.
[2026-06-25 15:31:04.379] Selected the bad axiom SubClassOf(NotifyManufacturer MitigatingFactor).
[2026-06-25 15:31:04.386] Found 66 possible bad axioms.
[2026-06-25 15:31:04.386] Selected the bad axiom SubClassOf(ImmediateAction Action).
[2026-06-25 15:31:04.388] Found 65 possible bad axioms.
[2026-06-25 15:31:04.389] Selected the bad axiom SubClassOf(ClinicalAdministration IncidentType).
[2026-06-25 15:31:04.391] Found 64 possible bad axioms.
[2026-06-25 15:31:04.391] Selected the bad axiom SubClassOf(RiskAssessment Assessment).
[2026-06-25 15:31:04.393] Found 63 possible bad axioms.
[2026-06-25 15:31:04.393] Selected the bad axiom ClassAssertion(IncidentType patient_fall).
[2026-06-25 15
...[truncated]
FAIL: attempt=159 seed=2243647 status=time_limit_exceeded stage=B7 message=Repair timeout: B7 exceeded 300 seconds
progress: ontology=MEDEON attempt=159 success=83/100
----- MEDEON attempt=160 seed=2257847 at 2026-06-25 15:36:21 -----
--- stdout ---
{"seed":2257847,"run_id":"20260624134028346645","trial_status":"success","error_type":null,"failure_stage":null,"error_message":null,"iic_values":{"B1_vs_A1":1.0,"B1_vs_A2":1.0,"B1_vs_A3":1.0,"B2_vs_A1":1.0,"B2_vs_A2":1.0,"B2_vs_A3":1.0,"B3_vs_A1":1.0,"B3_vs_A2":1.0,"B3_vs_A3":1.0,"B4_vs_A1":1.0,"B4_vs_A2":1.0,"B4_vs_A3":1.0,"B5_vs_A1":1.0,"B5_vs_A2":1.0,"B5_vs_A3":1.0,"B6_vs_A1":1.0,"B6_vs_A2":1.0,"B6_vs_A3":1.0,"B7_vs_A1":1.0,"B7_vs_A2":1.0,"B7_vs_A3":1.0,"B8_vs_A1":1.0,"B8_vs_A2":1.0,"B8_vs_A3":1.0,"B9_vs_A1":1.0,"B9_vs_A2":1.0,"B9_vs_A3":1.0},"repair_runtimes_ms":{"A1":64,"A2":1234,"A3":301,"B1":261,"B2":4590,"B3":3220,"B4":111,"B5":7767,"B6":5522,"B7":170,"B8":7609,"B9":5891}}

--- stderr ---
SingleTrialExperiment starting: ontology=/workspaces/ontologyutils-ekaw26/repair-power-index-replication-ekaw26/ontologies/inconsistent/MEDEON.owl, seed=2257847, run_id=20260624134028346645
Loaded ontology.
Normalizing ontology with SROIQ normalization...
Normalized ontology with SROIQ normalization.
Ontology is already inconsistent, skipping make-inconsistent step.
Repairing with A1 (random-removal)...
[2026-06-25 15:36:22.193] Checking precondition...
[2026-06-25 15:36:22.209] Starting the repair...
[2026-06-25 15:36:22.215] Found 78 possible bad axioms.
[2026-06-25 15:36:22.217] Selected the bad axiom ObjectPropertyAssertion(hasParticipant slip_down pt).
[2026-06-25 15:36:22.219] Found 77 possible bad axioms.
[2026-06-25 15:36:22.220] Selected the bad axiom SubClassOf(Management Action).
[2026-06-25 15:36:22.225] Found 76 possible bad axioms.
[2026-06-25 15:36:22.226] Selected the bad axiom ClassAssertion(SkinTear skin_tear).
[2026-06-25 15:36:22.227] Found 75 possible bad axioms.
[2026-06-25 15:36:22.227] Selected the bad axiom ObjectPropertyAssertion(causes slip_down skin_tear).
[2026-06-25 15:36:22.228] Found 74 possible bad axioms.
[2026-06-25 15:36:22.228] Selected the bad axiom SubClassOf(DeviceAvailability ErrorType).
[2026-06-25 15:36:22.232] Found 73 possible bad axioms.
[2026-06-25 15:36:22.232] Selected the bad axiom SubClassOf(Patient Person).
[2026-06-25 15:36:22.235] Found 72 possible bad axioms.
[2026-06-25 15:36:22.236] Selected the bad axiom SubClassOf(Site PatientOutcome).
[2026-06-25 15:36:22.239] Found 71 possible bad axioms.
[2026-06-25 15:36:22.239] Selected the bad axiom ObjectPropertyAssertion(causes slip_down fracture).
[2026-06-25 15:36:22.240] Found 70 possible bad axioms.
[2026-06-25 15:36:22.240] Selected the bad axiom SubClassOf(Timing StateOfCare).
[2026-06-25 15:36:22.243] Found 69 possible bad axioms.
[2026-06-25 15:36:22.243] Selected the bad axiom SubClassOf(UseError ErrorType).
[2026-06-25 15:36:22.245] Found 68 possible bad axioms.
[2026-06-25 15:36:22.245] Selected the bad axiom SubClassOf(Fall ObjectSomeValuesFrom(involvesActivity owl:Nothing)).
[2026-06-25 15:36:22.253] Finished repairing the ontology.
Repairing with A2 (not-in-largest-mcs-removal)...
[2026-06-25 15:36:22.253] Checking precondition...
[2026-06-25 15:36:22.259] Starting the repair...
[2026-06-25 15:36:23.487] Found 2 possible bad axioms.
[2026-06-25 15:36:23.487] Selected the bad axiom SubClassOf(Fall ObjectSomeValuesFrom(involvesActivity owl:Nothing)).
[2026-06-25 15:36:23.488] Finished repairing the ontology.
Repairing with A3 (default-weakening)...
[2026-06-25 15:36:23.489] Checking precondition...
[2026-06-25 15:36:23.491] Starting the repair...
[2026-06-25 15:36:23.501] Selected a reference ontology with 152 axioms.
[2026-06-25 15:36:23.722] Selected the bad axiom SubClassOf(Fall ObjectSomeValuesFrom(involvesActivity owl:Nothing)).
[2026-06-25 15:36:23.787] Selected the weaker axiom SubClassOf(Fall ObjectSomeValuesFrom(involvesActivi
...[truncated]
SUCCESS: attempt=160 seed=2257847 success_count=84/100
progress: ontology=MEDEON attempt=160 success=84/100
----- MEDEON attempt=161 seed=2272047 at 2026-06-25 15:36:59 -----
--- stdout ---
{"seed":2272047,"run_id":"20260624134028346645","trial_status":"success","error_type":null,"failure_stage":null,"error_message":null,"iic_values":{"B1_vs_A1":0.2558139534883721,"B1_vs_A2":0.0,"B1_vs_A3":0.25,"B2_vs_A1":0.25882352941176473,"B2_vs_A2":0.0,"B2_vs_A3":0.4,"B3_vs_A1":0.25882352941176473,"B3_vs_A2":0.0,"B3_vs_A3":0.4,"B4_vs_A1":1.0,"B4_vs_A2":0.5,"B4_vs_A3":1.0,"B5_vs_A1":1.0,"B5_vs_A2":0.5,"B5_vs_A3":1.0,"B6_vs_A1":1.0,"B6_vs_A2":0.5,"B6_vs_A3":1.0,"B7_vs_A1":1.0,"B7_vs_A2":0.5,"B7_vs_A3":1.0,"B8_vs_A1":1.0,"B8_vs_A2":0.5,"B8_vs_A3":1.0,"B9_vs_A1":1.0,"B9_vs_A2":0.5,"B9_vs_A3":1.0},"repair_runtimes_ms":{"A1":96,"A2":1214,"A3":301,"B1":245,"B2":4613,"B3":3470,"B4":334,"B5":1744,"B6":5177,"B7":256,"B8":7966,"B9":5617}}

--- stderr ---
SingleTrialExperiment starting: ontology=/workspaces/ontologyutils-ekaw26/repair-power-index-replication-ekaw26/ontologies/inconsistent/MEDEON.owl, seed=2272047, run_id=20260624134028346645
Loaded ontology.
Normalizing ontology with SROIQ normalization...
Normalized ontology with SROIQ normalization.
Ontology is already inconsistent, skipping make-inconsistent step.
Repairing with A1 (random-removal)...
[2026-06-25 15:36:59.666] Checking precondition...
[2026-06-25 15:36:59.685] Starting the repair...
[2026-06-25 15:36:59.691] Found 78 possible bad axioms.
[2026-06-25 15:36:59.693] Selected the bad axiom SubClassOf(DeviceAvailability ErrorType).
[2026-06-25 15:36:59.698] Found 77 possible bad axioms.
[2026-06-25 15:36:59.698] Selected the bad axiom SubClassOf(PatientActivity Activity).
[2026-06-25 15:36:59.703] Found 76 possible bad axioms.
[2026-06-25 15:36:59.703] Selected the bad axiom SubClassOf(ObjectSomeValuesFrom(hasOutcome ObjectSomeValuesFrom(hasParticipant Person)) Fall).
[2026-06-25 15:36:59.707] Found 75 possible bad axioms.
[2026-06-25 15:36:59.707] Selected the bad axiom SubClassOf(DeviceName DeviceCharacteristic).
[2026-06-25 15:36:59.711] Found 74 possible bad axioms.
[2026-06-25 15:36:59.711] Selected the bad axiom SubClassOf(PatientBehaviour IncidentType).
[2026-06-25 15:36:59.713] Found 73 possible bad axioms.
[2026-06-25 15:36:59.714] Selected the bad axiom SubClassOf(Infrastructure-Building-Fixture PatientBehaviour).
[2026-06-25 15:36:59.716] Found 72 possible bad axioms.
[2026-06-25 15:36:59.716] Selected the bad axiom SubClassOf(Patient Person).
[2026-06-25 15:36:59.719] Found 71 possible bad axioms.
[2026-06-25 15:36:59.719] Selected the bad axiom SubClassOf(HealthcareAssociatedInfection IncidentType).
[2026-06-25 15:36:59.722] Found 70 possible bad axioms.
[2026-06-25 15:36:59.722] Selected the bad axiom SubClassOf(MissingInstrument ErrorType).
[2026-06-25 15:36:59.728] Found 69 possible bad axioms.
[2026-06-25 15:36:59.728] Selected the bad axiom SubClassOf(Social/EconomicalImpact PatientOutcome).
[2026-06-25 15:36:59.731] Found 68 possible bad axioms.
[2026-06-25 15:36:59.731] Selected the bad axiom SubClassOf(StopUse MitigatingFactor).
[2026-06-25 15:36:59.738] Found 67 possible bad axioms.
[2026-06-25 15:36:59.738] Selected the bad axiom SubClassOf(ErrorType IncidentCharacteristic).
[2026-06-25 15:36:59.741] Found 66 possible bad axioms.
[2026-06-25 15:36:59.741] Selected the bad axiom SubClassOf(ClinicalProcess IncidentType).
[2026-06-25 15:36:59.744] Found 65 possible bad axioms.
[2026-06-25 15:36:59.744] Selected the bad axiom SubClassOf(Time TemporalInfo).
[2026-06-25 15:36:59.747] Found 64 possible bad axioms.
[2026-06-25 15:36:59.747] Selected the bad axiom SubClassOf(Treatment Action).
[2026-06-25 15:36:59.750] Found 63 possible bad axioms.
[2026-06-25 15:36:59.750] Selected the bad axiom SubClassOf(PatientAccident IncidentType).
[2026-06-25 15:36:59.755] Found 62 possible bad axioms.
[2026-06-25 15:36:59.755] 
...[truncated]
SUCCESS: attempt=161 seed=2272047 success_count=85/100
progress: ontology=MEDEON attempt=161 success=85/100
----- MEDEON attempt=162 seed=2286247 at 2026-06-25 15:37:31 -----
--- stdout ---
{"seed":2286247,"run_id":"20260624134028346645","trial_status":"time_limit_exceeded","error_type":"timeout","failure_stage":"B7","error_message":"Repair timeout: B7 exceeded 300 seconds","iic_values":{},"repair_runtimes_ms":{"A1":137,"A2":1169,"A3":330,"B1":242,"B2":3371,"B3":3574,"B4":306,"B5":7524,"B6":1055,"B7":300001}}

--- stderr ---
SingleTrialExperiment starting: ontology=/workspaces/ontologyutils-ekaw26/repair-power-index-replication-ekaw26/ontologies/inconsistent/MEDEON.owl, seed=2286247, run_id=20260624134028346645
Loaded ontology.
Normalizing ontology with SROIQ normalization...
Normalized ontology with SROIQ normalization.
Ontology is already inconsistent, skipping make-inconsistent step.
Repairing with A1 (random-removal)...
[2026-06-25 15:37:31.433] Checking precondition...
[2026-06-25 15:37:31.450] Starting the repair...
[2026-06-25 15:37:31.456] Found 78 possible bad axioms.
[2026-06-25 15:37:31.457] Selected the bad axiom SubClassOf(DeviceType DeviceCharacteristic).
[2026-06-25 15:37:31.463] Found 77 possible bad axioms.
[2026-06-25 15:37:31.463] Selected the bad axiom SubClassOf(ImmediateAction Action).
[2026-06-25 15:37:31.469] Found 76 possible bad axioms.
[2026-06-25 15:37:31.469] Selected the bad axiom SubClassOf(CheckDevice StuffActivity).
[2026-06-25 15:37:31.473] Found 75 possible bad axioms.
[2026-06-25 15:37:31.473] Selected the bad axiom ObjectPropertyAssertion(involvesActivity patient_fall slip_down).
[2026-06-25 15:37:31.475] Found 74 possible bad axioms.
[2026-06-25 15:37:31.475] Selected the bad axiom SubClassOf(Infrastructure-Building-Fixture IncidentType).
[2026-06-25 15:37:31.478] Found 73 possible bad axioms.
[2026-06-25 15:37:31.478] Selected the bad axiom SubClassOf(MentalStatus PhysicalCondition).
[2026-06-25 15:37:31.481] Found 72 possible bad axioms.
[2026-06-25 15:37:31.481] Selected the bad axiom SubClassOf(DeviceFailure ErrorType).
[2026-06-25 15:37:31.484] Found 71 possible bad axioms.
[2026-06-25 15:37:31.484] Selected the bad axiom ObjectPropertyAssertion(hasOutcome patient_fall fracture).
[2026-06-25 15:37:31.485] Found 70 possible bad axioms.
[2026-06-25 15:37:31.485] Selected the bad axiom SubClassOf(NotifyManufacturer MitigatingFactor).
[2026-06-25 15:37:31.488] Found 69 possible bad axioms.
[2026-06-25 15:37:31.488] Selected the bad axiom SubClassOf(InappropriateUse ErrorType).
[2026-06-25 15:37:31.490] Found 68 possible bad axioms.
[2026-06-25 15:37:31.491] Selected the bad axiom SubClassOf(Blood-BloodProduct IncidentType).
[2026-06-25 15:37:31.497] Found 67 possible bad axioms.
[2026-06-25 15:37:31.497] Selected the bad axiom SubClassOf(DeviceName DeviceCharacteristic).
[2026-06-25 15:37:31.499] Found 66 possible bad axioms.
[2026-06-25 15:37:31.500] Selected the bad axiom SubClassOf(ErrorType IncidentCharacteristic).
[2026-06-25 15:37:31.506] Found 65 possible bad axioms.
[2026-06-25 15:37:31.506] Selected the bad axiom SubClassOf(MedicalDevice-Equipment IncidentType).
[2026-06-25 15:37:31.508] Found 64 possible bad axioms.
[2026-06-25 15:37:31.509] Selected the bad axiom SubClassOf(Time TemporalInfo).
[2026-06-25 15:37:31.511] Found 63 possible bad axioms.
[2026-06-25 15:37:31.511] Selected the bad axiom SubClassOf(Timing StateOfCare).
[2026-06-25 15:37:31.513] Found 62 possible bad axioms.
[2026-06-25 15:37:31.513] Selected 
...[truncated]
FAIL: attempt=162 seed=2286247 status=time_limit_exceeded stage=B7 message=Repair timeout: B7 exceeded 300 seconds
progress: ontology=MEDEON attempt=162 success=85/100
----- MEDEON attempt=163 seed=2300447 at 2026-06-25 15:42:49 -----
--- stdout ---
{"seed":2300447,"run_id":"20260624134028346645","trial_status":"time_limit_exceeded","error_type":"timeout","failure_stage":"B7","error_message":"Repair timeout: B7 exceeded 300 seconds","iic_values":{},"repair_runtimes_ms":{"A1":87,"A2":1207,"A3":304,"B1":238,"B2":4533,"B3":2120,"B4":160,"B5":7685,"B6":5647,"B7":300001}}

--- stderr ---
SingleTrialExperiment starting: ontology=/workspaces/ontologyutils-ekaw26/repair-power-index-replication-ekaw26/ontologies/inconsistent/MEDEON.owl, seed=2300447, run_id=20260624134028346645
Loaded ontology.
Normalizing ontology with SROIQ normalization...
Normalized ontology with SROIQ normalization.
Ontology is already inconsistent, skipping make-inconsistent step.
Repairing with A1 (random-removal)...
[2026-06-25 15:42:49.626] Checking precondition...
[2026-06-25 15:42:49.643] Starting the repair...
[2026-06-25 15:42:49.650] Found 78 possible bad axioms.
[2026-06-25 15:42:49.651] Selected the bad axiom SubClassOf(UseError ErrorType).
[2026-06-25 15:42:49.657] Found 77 possible bad axioms.
[2026-06-25 15:42:49.657] Selected the bad axiom SubClassOf(Fall ObjectSomeValuesFrom(involvesActivity ObjectSomeValuesFrom(hasParticipant Patient))).
[2026-06-25 15:42:49.662] Found 76 possible bad axioms.
[2026-06-25 15:42:49.662] Selected the bad axiom SubClassOf(TypeOfHarm PatientOutcome).
[2026-06-25 15:42:49.666] Found 75 possible bad axioms.
[2026-06-25 15:42:49.666] Selected the bad axiom SubClassOf(MentalStatus PatientCharacteristic).
[2026-06-25 15:42:49.669] Found 74 possible bad axioms.
[2026-06-25 15:42:49.670] Selected the bad axiom ObjectPropertyAssertion(causes slip_down skin_tear).
[2026-06-25 15:42:49.671] Found 73 possible bad axioms.
[2026-06-25 15:42:49.671] Selected the bad axiom SubClassOf(PressureUlcer IncidentType).
[2026-06-25 15:42:49.674] Found 72 possible bad axioms.
[2026-06-25 15:42:49.674] Selected the bad axiom SubClassOf(PatientBehaviour IncidentType).
[2026-06-25 15:42:49.676] Found 71 possible bad axioms.
[2026-06-25 15:42:49.676] Selected the bad axiom SubClassOf(StopUse ChangeOfInstrument).
[2026-06-25 15:42:49.680] Found 70 possible bad axioms.
[2026-06-25 15:42:49.680] Selected the bad axiom SubClassOf(DeviceAvailability ErrorType).
[2026-06-25 15:42:49.682] Found 69 possible bad axioms.
[2026-06-25 15:42:49.683] Selected the bad axiom SubClassOf(DegreeOfHarm PatientOutcome).
[2026-06-25 15:42:49.690] Found 68 possible bad axioms.
[2026-06-25 15:42:49.690] Selected the bad axiom ClassAssertion(TypeOfHarm fracture).
[2026-06-25 15:42:49.691] Found 67 possible bad axioms.
[2026-06-25 15:42:49.691] Selected the bad axiom SubClassOf(Fall ObjectSomeValuesFrom(hasOutcome ObjectSomeValuesFrom(hasParticipant Patient))).
[2026-06-25 15:42:49.693] Found 66 possible bad axioms.
[2026-06-25 15:42:49.693] Selected the bad axiom SubClassOf(Timing TemporalInfo).
[2026-06-25 15:42:49.700] Found 65 possible bad axioms.
[2026-06-25 15:42:49.700] Selected the bad axiom SubClassOf(Pathology-Laboratory IncidentType).
[2026-06-25 15:42:49.702] Found 64 possible bad axioms.
[2026-06-25 15:42:49.703] Selected the bad axiom SubClassOf(ChangeOfInstrument MitigatingFactor).
[2026-06-25 15:42:49.705] Found 63 possible bad axioms.
[2026-06-25 15:42:49.705] Selected the bad axiom SubClassOf(PatientActivity Activity).
[2026-06-25 15:42:49.707] Found 6
...[truncated]
FAIL: attempt=163 seed=2300447 status=time_limit_exceeded stage=B7 message=Repair timeout: B7 exceeded 300 seconds
progress: ontology=MEDEON attempt=163 success=85/100
----- MEDEON attempt=164 seed=2314647 at 2026-06-25 15:48:11 -----
--- stdout ---
{"seed":2314647,"run_id":"20260624134028346645","trial_status":"success","error_type":null,"failure_stage":null,"error_message":null,"iic_values":{"B1_vs_A1":1.0,"B1_vs_A2":0.5,"B1_vs_A3":1.0,"B2_vs_A1":1.0,"B2_vs_A2":0.0,"B2_vs_A3":0.6666666666666666,"B3_vs_A1":1.0,"B3_vs_A2":0.5,"B3_vs_A3":1.0,"B4_vs_A1":1.0,"B4_vs_A2":0.5,"B4_vs_A3":1.0,"B5_vs_A1":1.0,"B5_vs_A2":0.5,"B5_vs_A3":1.0,"B6_vs_A1":1.0,"B6_vs_A2":0.5,"B6_vs_A3":1.0,"B7_vs_A1":1.0,"B7_vs_A2":0.5,"B7_vs_A3":1.0,"B8_vs_A1":1.0,"B8_vs_A2":0.5,"B8_vs_A3":1.0,"B9_vs_A1":1.0,"B9_vs_A2":0.5,"B9_vs_A3":1.0},"repair_runtimes_ms":{"A1":48,"A2":1266,"A3":317,"B1":607,"B2":4681,"B3":563,"B4":229,"B5":7838,"B6":5552,"B7":361,"B8":1857,"B9":5482}}

--- stderr ---
SingleTrialExperiment starting: ontology=/workspaces/ontologyutils-ekaw26/repair-power-index-replication-ekaw26/ontologies/inconsistent/MEDEON.owl, seed=2314647, run_id=20260624134028346645
Loaded ontology.
Normalizing ontology with SROIQ normalization...
Normalized ontology with SROIQ normalization.
Ontology is already inconsistent, skipping make-inconsistent step.
Repairing with A1 (random-removal)...
[2026-06-25 15:48:12.107] Checking precondition...
[2026-06-25 15:48:12.123] Starting the repair...
[2026-06-25 15:48:12.130] Found 78 possible bad axioms.
[2026-06-25 15:48:12.131] Selected the bad axiom SubClassOf(Patient Person).
[2026-06-25 15:48:12.136] Found 77 possible bad axioms.
[2026-06-25 15:48:12.137] Selected the bad axiom ClassAssertion(TypeOfHarm fracture).
[2026-06-25 15:48:12.138] Found 76 possible bad axioms.
[2026-06-25 15:48:12.139] Selected the bad axiom SubClassOf(PhysicianActivity Activity).
[2026-06-25 15:48:12.143] Found 75 possible bad axioms.
[2026-06-25 15:48:12.143] Selected the bad axiom SubClassOf(StateOfCare TemporalInfo).
[2026-06-25 15:48:12.147] Found 74 possible bad axioms.
[2026-06-25 15:48:12.147] Selected the bad axiom SubClassOf(Fall ObjectSomeValuesFrom(involvesActivity owl:Nothing)).
[2026-06-25 15:48:12.151] Finished repairing the ontology.
Repairing with A2 (not-in-largest-mcs-removal)...
[2026-06-25 15:48:12.152] Checking precondition...
[2026-06-25 15:48:12.159] Starting the repair...
[2026-06-25 15:48:13.416] Found 2 possible bad axioms.
[2026-06-25 15:48:13.417] Selected the bad axiom ClassAssertion(Patient pt).
[2026-06-25 15:48:13.418] Finished repairing the ontology.
Repairing with A3 (default-weakening)...
[2026-06-25 15:48:13.420] Checking precondition...
[2026-06-25 15:48:13.423] Starting the repair...
[2026-06-25 15:48:13.431] Selected a reference ontology with 152 axioms.
[2026-06-25 15:48:13.661] Selected the bad axiom SubClassOf(Fall ObjectSomeValuesFrom(involvesActivity owl:Nothing)).
[2026-06-25 15:48:13.734] Selected the weaker axiom SubClassOf(Fall Nutrition).
[2026-06-25 15:48:13.736] Finished repairing the ontology.
Repairing with B1 (bad-in_some_mus-weaker-random)...
[2026-06-25 15:48:13.737] Checking precondition...
[2026-06-25 15:48:13.739] Starting the repair...
[2026-06-25 15:48:13.746] Selected a reference ontology with 152 axioms.
[2026-06-25 15:48:13.927] Selected the bad axiom ClassAssertion(Patient pt).
[2026-06-25 15:48:13.933] Selected the weaker axiom ClassAssertion(Person pt).
[2026-06-25 15:48:14.114] Selected the bad axiom SubClassOf(ObjectSomeValuesFrom(hasOutcome ObjectSomeValuesFrom(hasParticipant Person)) Fall).
[2026-06-25 15:48:14.136] Selected the weaker axiom SubClassOf(ObjectSomeValuesFrom(hasOutcome ObjectSomeValuesFrom(hasParticipant Person)) ObjectSomeValuesFrom(involvesActivity ObjectSomeValuesFrom(hasParticipant Patient))).
[2026-06-25 15:48:14.342] Selected the bad axiom ClassAssertion(Person pt).
[2026-06-25 15:48:14.342] Selected the weaker axiom Class
...[truncated]
SUCCESS: attempt=164 seed=2314647 success_count=86/100
progress: ontology=MEDEON attempt=164 success=86/100
----- MEDEON attempt=165 seed=2328847 at 2026-06-25 15:48:41 -----
--- stdout ---
{"seed":2328847,"run_id":"20260624134028346645","trial_status":"success","error_type":null,"failure_stage":null,"error_message":null,"iic_values":{"B1_vs_A1":0.03076923076923077,"B1_vs_A2":1.0,"B1_vs_A3":0.4,"B2_vs_A1":1.0,"B2_vs_A2":1.0,"B2_vs_A3":1.0,"B3_vs_A1":1.0,"B3_vs_A2":1.0,"B3_vs_A3":1.0,"B4_vs_A1":1.0,"B4_vs_A2":1.0,"B4_vs_A3":1.0,"B5_vs_A1":1.0,"B5_vs_A2":1.0,"B5_vs_A3":1.0,"B6_vs_A1":1.0,"B6_vs_A2":1.0,"B6_vs_A3":1.0,"B7_vs_A1":1.0,"B7_vs_A2":1.0,"B7_vs_A3":1.0,"B8_vs_A1":1.0,"B8_vs_A2":1.0,"B8_vs_A3":1.0,"B9_vs_A1":1.0,"B9_vs_A2":1.0,"B9_vs_A3":1.0},"repair_runtimes_ms":{"A1":41,"A2":1253,"A3":315,"B1":432,"B2":736,"B3":2245,"B4":171,"B5":7840,"B6":5434,"B7":216,"B8":1675,"B9":5572}}

--- stderr ---
SingleTrialExperiment starting: ontology=/workspaces/ontologyutils-ekaw26/repair-power-index-replication-ekaw26/ontologies/inconsistent/MEDEON.owl, seed=2328847, run_id=20260624134028346645
Loaded ontology.
Normalizing ontology with SROIQ normalization...
Normalized ontology with SROIQ normalization.
Ontology is already inconsistent, skipping make-inconsistent step.
Repairing with A1 (random-removal)...
[2026-06-25 15:48:41.687] Checking precondition...
[2026-06-25 15:48:41.704] Starting the repair...
[2026-06-25 15:48:41.710] Found 78 possible bad axioms.
[2026-06-25 15:48:41.711] Selected the bad axiom SubClassOf(Medication-IVFluid IncidentType).
[2026-06-25 15:48:41.716] Found 77 possible bad axioms.
[2026-06-25 15:48:41.717] Selected the bad axiom SubClassOf(AssistiveDevice Device/Equipment).
[2026-06-25 15:48:41.722] Found 76 possible bad axioms.
[2026-06-25 15:48:41.722] Selected the bad axiom ClassAssertion(Patient pt).
[2026-06-25 15:48:41.723] Finished repairing the ontology.
Repairing with A2 (not-in-largest-mcs-removal)...
[2026-06-25 15:48:41.724] Checking precondition...
[2026-06-25 15:48:41.731] Starting the repair...
[2026-06-25 15:48:42.976] Found 2 possible bad axioms.
[2026-06-25 15:48:42.976] Selected the bad axiom SubClassOf(Fall ObjectSomeValuesFrom(involvesActivity owl:Nothing)).
[2026-06-25 15:48:42.977] Finished repairing the ontology.
Repairing with A3 (default-weakening)...
[2026-06-25 15:48:42.978] Checking precondition...
[2026-06-25 15:48:42.981] Starting the repair...
[2026-06-25 15:48:42.997] Selected a reference ontology with 150 axioms.
[2026-06-25 15:48:43.223] Selected the bad axiom SubClassOf(Fall ObjectSomeValuesFrom(involvesActivity owl:Nothing)).
[2026-06-25 15:48:43.290] Selected the weaker axiom SubClassOf(Fall DeviceFailure).
[2026-06-25 15:48:43.292] Finished repairing the ontology.
Repairing with B1 (bad-in_some_mus-weaker-random)...
[2026-06-25 15:48:43.293] Checking precondition...
[2026-06-25 15:48:43.295] Starting the repair...
[2026-06-25 15:48:43.302] Selected a reference ontology with 152 axioms.
[2026-06-25 15:48:43.501] Selected the bad axiom ClassAssertion(Patient pt).
[2026-06-25 15:48:43.508] Selected the weaker axiom ClassAssertion(Person pt).
[2026-06-25 15:48:43.687] Selected the bad axiom SubClassOf(Fall ObjectSomeValuesFrom(involvesActivity owl:Nothing)).
[2026-06-25 15:48:43.724] Selected the weaker axiom SubClassOf(Fall PhysicianActivity).
[2026-06-25 15:48:43.725] Finished repairing the ontology.
Repairing with B2 (bad-in_some_mus-weaker-shapley)...
[2026-06-25 15:48:43.726] Checking precondition...
[2026-06-25 15:48:43.728] Starting the repair...
[2026-06-25 15:48:43.734] Selected a reference ontology with 152 axioms.
[2026-06-25 15:48:43.914] Selected the bad axiom ClassAssertion(Patient pt).
[PowerIndexWeakerAxiomSelector] Scoring 1 candidate weakenings for Patient(pt)
[PowerIndexWeakerAxiomSelector] Selected weaker axiom: Person(pt)
[2026-06-25 15:48:44.156] Selected the weaker a
...[truncated]
SUCCESS: attempt=165 seed=2328847 success_count=87/100
progress: ontology=MEDEON attempt=165 success=87/100
----- MEDEON attempt=166 seed=2343047 at 2026-06-25 15:49:09 -----
--- stdout ---
{"seed":2343047,"run_id":"20260624134028346645","trial_status":"time_limit_exceeded","error_type":"timeout","failure_stage":"B7","error_message":"Repair timeout: B7 exceeded 300 seconds","iic_values":{},"repair_runtimes_ms":{"A1":52,"A2":1259,"A3":304,"B1":227,"B2":726,"B3":3552,"B4":140,"B5":7671,"B6":1040,"B7":300001}}

--- stderr ---
SingleTrialExperiment starting: ontology=/workspaces/ontologyutils-ekaw26/repair-power-index-replication-ekaw26/ontologies/inconsistent/MEDEON.owl, seed=2343047, run_id=20260624134028346645
Loaded ontology.
Normalizing ontology with SROIQ normalization...
Normalized ontology with SROIQ normalization.
Ontology is already inconsistent, skipping make-inconsistent step.
Repairing with A1 (random-removal)...
[2026-06-25 15:49:10.317] Checking precondition...
[2026-06-25 15:49:10.333] Starting the repair...
[2026-06-25 15:49:10.340] Found 78 possible bad axioms.
[2026-06-25 15:49:10.341] Selected the bad axiom SubClassOf(Patient Person).
[2026-06-25 15:49:10.347] Found 77 possible bad axioms.
[2026-06-25 15:49:10.347] Selected the bad axiom SubClassOf(ObjectSomeValuesFrom(involvesActivity ObjectSomeValuesFrom(hasParticipant Patient)) Fall).
[2026-06-25 15:49:10.352] Found 76 possible bad axioms.
[2026-06-25 15:49:10.352] Selected the bad axiom SubClassOf(StuffActivity Activity).
[2026-06-25 15:49:10.356] Found 75 possible bad axioms.
[2026-06-25 15:49:10.356] Selected the bad axiom SubClassOf(Fall ObjectSomeValuesFrom(hasOutcome ObjectSomeValuesFrom(hasParticipant Patient))).
[2026-06-25 15:49:10.360] Found 74 possible bad axioms.
[2026-06-25 15:49:10.360] Selected the bad axiom SubClassOf(DeviceType DeviceCharacteristic).
[2026-06-25 15:49:10.362] Found 73 possible bad axioms.
[2026-06-25 15:49:10.363] Selected the bad axiom SubClassOf(Fall ObjectSomeValuesFrom(involvesActivity owl:Nothing)).
[2026-06-25 15:49:10.366] Finished repairing the ontology.
Repairing with A2 (not-in-largest-mcs-removal)...
[2026-06-25 15:49:10.367] Checking precondition...
[2026-06-25 15:49:10.373] Starting the repair...
[2026-06-25 15:49:11.624] Found 2 possible bad axioms.
[2026-06-25 15:49:11.625] Selected the bad axiom ClassAssertion(Patient pt).
[2026-06-25 15:49:11.626] Finished repairing the ontology.
Repairing with A3 (default-weakening)...
[2026-06-25 15:49:11.628] Checking precondition...
[2026-06-25 15:49:11.630] Starting the repair...
[2026-06-25 15:49:11.642] Selected a reference ontology with 150 axioms.
[2026-06-25 15:49:11.860] Selected the bad axiom SubClassOf(Fall ObjectSomeValuesFrom(involvesActivity owl:Nothing)).
[2026-06-25 15:49:11.928] Selected the weaker axiom SubClassOf(Fall ObjectSomeValuesFrom(involvesActivity Oxigen-GasVapour)).
[2026-06-25 15:49:11.930] Finished repairing the ontology.
Repairing with B1 (bad-in_some_mus-weaker-random)...
[2026-06-25 15:49:11.931] Checking precondition...
[2026-06-25 15:49:11.932] Starting the repair...
[2026-06-25 15:49:11.945] Selected a reference ontology with 150 axioms.
[2026-06-25 15:49:12.149] Selected the bad axiom ClassAssertion(Patient pt).
[2026-06-25 15:49:12.156] Selected the weaker axiom ClassAssertion(owl:Thing pt).
[2026-06-25 15:49:12.157] Finished repairing the ontology.
Repairing with B2 (bad-in_some_mus-weaker-shapley)...
[2026-06-25 15:49:12.159] Checking precondition...
[2026-06-25 15:49:12.
...[truncated]
FAIL: attempt=166 seed=2343047 status=time_limit_exceeded stage=B7 message=Repair timeout: B7 exceeded 300 seconds
progress: ontology=MEDEON attempt=166 success=87/100
----- MEDEON attempt=167 seed=2357247 at 2026-06-25 15:54:25 -----
--- stdout ---
{"seed":2357247,"run_id":"20260624134028346645","trial_status":"time_limit_exceeded","error_type":"timeout","failure_stage":"B7","error_message":"Repair timeout: B7 exceeded 300 seconds","iic_values":{},"repair_runtimes_ms":{"A1":72,"A2":1215,"A3":326,"B1":268,"B2":755,"B3":3531,"B4":231,"B5":7824,"B6":5088,"B7":300002}}

--- stderr ---
SingleTrialExperiment starting: ontology=/workspaces/ontologyutils-ekaw26/repair-power-index-replication-ekaw26/ontologies/inconsistent/MEDEON.owl, seed=2357247, run_id=20260624134028346645
Loaded ontology.
Normalizing ontology with SROIQ normalization...
Normalized ontology with SROIQ normalization.
Ontology is already inconsistent, skipping make-inconsistent step.
Repairing with A1 (random-removal)...
[2026-06-25 15:54:25.772] Checking precondition...
[2026-06-25 15:54:25.788] Starting the repair...
[2026-06-25 15:54:25.795] Found 78 possible bad axioms.
[2026-06-25 15:54:25.796] Selected the bad axiom ClassAssertion(PatientActivity slip_down).
[2026-06-25 15:54:25.799] Found 77 possible bad axioms.
[2026-06-25 15:54:25.800] Selected the bad axiom SubClassOf(IncidentHistory PatientCharacteristic).
[2026-06-25 15:54:25.805] Found 76 possible bad axioms.
[2026-06-25 15:54:25.805] Selected the bad axiom SubClassOf(PhysicianActivity Activity).
[2026-06-25 15:54:25.809] Found 75 possible bad axioms.
[2026-06-25 15:54:25.810] Selected the bad axiom SubClassOf(Social/EconomicalImpact PatientOutcome).
[2026-06-25 15:54:25.814] Found 74 possible bad axioms.
[2026-06-25 15:54:25.814] Selected the bad axiom SubClassOf(Oxigen-GasVapour IncidentType).
[2026-06-25 15:54:25.817] Found 73 possible bad axioms.
[2026-06-25 15:54:25.818] Selected the bad axiom ObjectPropertyAssertion(hasParticipant slip_down pt).
[2026-06-25 15:54:25.819] Found 72 possible bad axioms.
[2026-06-25 15:54:25.819] Selected the bad axiom SubClassOf(MentalStatus PatientCharacteristic).
[2026-06-25 15:54:25.821] Found 71 possible bad axioms.
[2026-06-25 15:54:25.822] Selected the bad axiom SubClassOf(Fall ObjectSomeValuesFrom(involvesActivity ObjectSomeValuesFrom(hasParticipant Patient))).
[2026-06-25 15:54:25.824] Found 70 possible bad axioms.
[2026-06-25 15:54:25.825] Selected the bad axiom SubClassOf(Pathology-Laboratory IncidentType).
[2026-06-25 15:54:25.827] Found 69 possible bad axioms.
[2026-06-25 15:54:25.827] Selected the bad axiom SubClassOf(Therapy Action).
[2026-06-25 15:54:25.830] Found 68 possible bad axioms.
[2026-06-25 15:54:25.830] Selected the bad axiom SubClassOf(ObjectSomeValuesFrom(involvesActivity ObjectSomeValuesFrom(hasParticipant Patient)) Fall).
[2026-06-25 15:54:25.837] Found 67 possible bad axioms.
[2026-06-25 15:54:25.837] Selected the bad axiom SubClassOf(Fall ObjectSomeValuesFrom(involvesActivity owl:Nothing)).
[2026-06-25 15:54:25.840] Finished repairing the ontology.
Repairing with A2 (not-in-largest-mcs-removal)...
[2026-06-25 15:54:25.841] Checking precondition...
[2026-06-25 15:54:25.852] Starting the repair...
[2026-06-25 15:54:27.056] Found 2 possible bad axioms.
[2026-06-25 15:54:27.056] Selected the bad axiom SubClassOf(Fall ObjectSomeValuesFrom(involvesActivity owl:Nothing)).
[2026-06-25 15:54:27.056] Finished repairing the ontology.
Repairing with A3 (default-weakening)...
[2026-06-25 15:54:27.058] Checking precondition...
[2026-06-25 15:54:27.
...[truncated]
FAIL: attempt=167 seed=2357247 status=time_limit_exceeded stage=B7 message=Repair timeout: B7 exceeded 300 seconds
progress: ontology=MEDEON attempt=167 success=87/100
----- MEDEON attempt=168 seed=2371447 at 2026-06-25 15:59:45 -----
--- stdout ---
{"seed":2371447,"run_id":"20260624134028346645","trial_status":"time_limit_exceeded","error_type":"timeout","failure_stage":"B4","error_message":"Repair timeout: B4 exceeded 300 seconds","iic_values":{},"repair_runtimes_ms":{"A1":115,"A2":1197,"A3":471,"B1":373,"B2":745,"B3":3455,"B4":300001}}

--- stderr ---
SingleTrialExperiment starting: ontology=/workspaces/ontologyutils-ekaw26/repair-power-index-replication-ekaw26/ontologies/inconsistent/MEDEON.owl, seed=2371447, run_id=20260624134028346645
Loaded ontology.
Normalizing ontology with SROIQ normalization...
Normalized ontology with SROIQ normalization.
Ontology is already inconsistent, skipping make-inconsistent step.
Repairing with A1 (random-removal)...
[2026-06-25 15:59:45.587] Checking precondition...
[2026-06-25 15:59:45.605] Starting the repair...
[2026-06-25 15:59:45.612] Found 78 possible bad axioms.
[2026-06-25 15:59:45.613] Selected the bad axiom SubClassOf(StopUse MitigatingFactor).
[2026-06-25 15:59:45.620] Found 77 possible bad axioms.
[2026-06-25 15:59:45.620] Selected the bad axiom SubClassOf(HealthcareAssociatedInfection IncidentType).
[2026-06-25 15:59:45.625] Found 76 possible bad axioms.
[2026-06-25 15:59:45.625] Selected the bad axiom SubClassOf(Process IncidentCharacteristic).
[2026-06-25 15:59:45.630] Found 75 possible bad axioms.
[2026-06-25 15:59:45.630] Selected the bad axiom SubClassOf(PatientAccident IncidentType).
[2026-06-25 15:59:45.633] Found 74 possible bad axioms.
[2026-06-25 15:59:45.633] Selected the bad axiom ClassAssertion(TypeOfHarm fracture).
[2026-06-25 15:59:45.634] Found 73 possible bad axioms.
[2026-06-25 15:59:45.635] Selected the bad axiom SubClassOf(Infrastructure-Building-Fixture PatientBehaviour).
[2026-06-25 15:59:45.637] Found 72 possible bad axioms.
[2026-06-25 15:59:45.637] Selected the bad axiom SubClassOf(PatientActivity Activity).
[2026-06-25 15:59:45.640] Found 71 possible bad axioms.
[2026-06-25 15:59:45.640] Selected the bad axiom SubClassOf(UseError ErrorType).
[2026-06-25 15:59:45.643] Found 70 possible bad axioms.
[2026-06-25 15:59:45.643] Selected the bad axiom SubClassOf(ImmediateAction Action).
[2026-06-25 15:59:45.646] Found 69 possible bad axioms.
[2026-06-25 15:59:45.646] Selected the bad axiom SubClassOf(MonitoringDevice Device/Equipment).
[2026-06-25 15:59:45.654] Found 68 possible bad axioms.
[2026-06-25 15:59:45.654] Selected the bad axiom SubClassOf(StateOfCare TemporalInfo).
[2026-06-25 15:59:45.656] Found 67 possible bad axioms.
[2026-06-25 15:59:45.656] Selected the bad axiom SubClassOf(DeviceType DeviceCharacteristic).
[2026-06-25 15:59:45.663] Found 66 possible bad axioms.
[2026-06-25 15:59:45.663] Selected the bad axiom SubClassOf(Patient Person).
[2026-06-25 15:59:45.666] Found 65 possible bad axioms.
[2026-06-25 15:59:45.666] Selected the bad axiom SubClassOf(ObjectSomeValuesFrom(involvesActivity ObjectSomeValuesFrom(hasParticipant Patient)) Fall).
[2026-06-25 15:59:45.668] Found 64 possible bad axioms.
[2026-06-25 15:59:45.668] Selected the bad axiom SubClassOf(Documentation IncidentType).
[2026-06-25 15:59:45.670] Found 63 possible bad axioms.
[2026-06-25 15:59:45.671] Selected the bad axiom SubClassOf(InjuryAssessment Assessment).
[2026-06-25 15:59:45.673] Found 62 possible bad axioms.
[2026-06-25 15:59:45.673] Selec
...[truncated]
FAIL: attempt=168 seed=2371447 status=time_limit_exceeded stage=B4 message=Repair timeout: B4 exceeded 300 seconds
progress: ontology=MEDEON attempt=168 success=87/100
----- MEDEON attempt=169 seed=2385647 at 2026-06-25 16:04:52 -----
--- stdout ---
{"seed":2385647,"run_id":"20260624134028346645","trial_status":"success","error_type":null,"failure_stage":null,"error_message":null,"iic_values":{"B1_vs_A1":1.0,"B1_vs_A2":0.5,"B1_vs_A3":1.0,"B2_vs_A1":1.0,"B2_vs_A2":0.5,"B2_vs_A3":1.0,"B3_vs_A1":1.0,"B3_vs_A2":0.0,"B3_vs_A3":0.6666666666666666,"B4_vs_A1":1.0,"B4_vs_A2":0.5,"B4_vs_A3":1.0,"B5_vs_A1":1.0,"B5_vs_A2":0.5,"B5_vs_A3":1.0,"B6_vs_A1":1.0,"B6_vs_A2":0.5,"B6_vs_A3":1.0,"B7_vs_A1":1.0,"B7_vs_A2":0.5,"B7_vs_A3":1.0,"B8_vs_A1":1.0,"B8_vs_A2":0.5,"B8_vs_A3":1.0,"B9_vs_A1":1.0,"B9_vs_A2":0.5,"B9_vs_A3":1.0},"repair_runtimes_ms":{"A1":113,"A2":1218,"A3":314,"B1":433,"B2":737,"B3":3530,"B4":176,"B5":7809,"B6":1075,"B7":241,"B8":7869,"B9":5580}}

--- stderr ---
SingleTrialExperiment starting: ontology=/workspaces/ontologyutils-ekaw26/repair-power-index-replication-ekaw26/ontologies/inconsistent/MEDEON.owl, seed=2385647, run_id=20260624134028346645
Loaded ontology.
Normalizing ontology with SROIQ normalization...
Normalized ontology with SROIQ normalization.
Ontology is already inconsistent, skipping make-inconsistent step.
Repairing with A1 (random-removal)...
[2026-06-25 16:04:52.400] Checking precondition...
[2026-06-25 16:04:52.416] Starting the repair...
[2026-06-25 16:04:52.423] Found 78 possible bad axioms.
[2026-06-25 16:04:52.425] Selected the bad axiom SubClassOf(Site PatientOutcome).
[2026-06-25 16:04:52.430] Found 77 possible bad axioms.
[2026-06-25 16:04:52.431] Selected the bad axiom SubClassOf(StuffActivity Activity).
[2026-06-25 16:04:52.435] Found 76 possible bad axioms.
[2026-06-25 16:04:52.436] Selected the bad axiom SubClassOf(Medication-IVFluid IncidentType).
[2026-06-25 16:04:52.441] Found 75 possible bad axioms.
[2026-06-25 16:04:52.441] Selected the bad axiom SubClassOf(MonitoringDevice Device/Equipment).
[2026-06-25 16:04:52.444] Found 74 possible bad axioms.
[2026-06-25 16:04:52.444] Selected the bad axiom SubClassOf(Patient Person).
[2026-06-25 16:04:52.447] Found 73 possible bad axioms.
[2026-06-25 16:04:52.447] Selected the bad axiom SubClassOf(IncidentHistory PatientCharacteristic).
[2026-06-25 16:04:52.450] Found 72 possible bad axioms.
[2026-06-25 16:04:52.450] Selected the bad axiom SubClassOf(ClinicalAdministration IncidentType).
[2026-06-25 16:04:52.453] Found 71 possible bad axioms.
[2026-06-25 16:04:52.453] Selected the bad axiom SubClassOf(PhysicianActivity Activity).
[2026-06-25 16:04:52.456] Found 70 possible bad axioms.
[2026-06-25 16:04:52.456] Selected the bad axiom SubClassOf(Management Action).
[2026-06-25 16:04:52.460] Found 69 possible bad axioms.
[2026-06-25 16:04:52.460] Selected the bad axiom SubClassOf(ErrorType IncidentCharacteristic).
[2026-06-25 16:04:52.466] Found 68 possible bad axioms.
[2026-06-25 16:04:52.467] Selected the bad axiom ClassAssertion(TypeOfHarm fracture).
[2026-06-25 16:04:52.468] Found 67 possible bad axioms.
[2026-06-25 16:04:52.468] Selected the bad axiom SubClassOf(Fall IncidentType).
[2026-06-25 16:04:52.475] Found 66 possible bad axioms.
[2026-06-25 16:04:52.475] Selected the bad axiom SubClassOf(DeviceType DeviceCharacteristic).
[2026-06-25 16:04:52.478] Found 65 possible bad axioms.
[2026-06-25 16:04:52.478] Selected the bad axiom SubClassOf(Fall ObjectSomeValuesFrom(hasOutcome ObjectSomeValuesFrom(hasParticipant Patient))).
[2026-06-25 16:04:52.480] Found 64 possible bad axioms.
[2026-06-25 16:04:52.480] Selected the bad axiom SubClassOf(ChangeOfInstrument MitigatingFactor).
[2026-06-25 16:04:52.483] Found 63 possible bad axioms.
[2026-06-25 16:04:52.483] Selected the bad axiom SubClassOf(Fall ObjectSomeValuesFrom(involvesActivity ObjectSomeValuesFrom(hasParticipant Patient))).
[2026-06-25 16:04:52.485] Found 62 possible bad
...[truncated]
SUCCESS: attempt=169 seed=2385647 success_count=88/100
progress: ontology=MEDEON attempt=169 success=88/100
----- MEDEON attempt=170 seed=2399847 at 2026-06-25 16:05:21 -----
--- stdout ---
{"seed":2399847,"run_id":"20260624134028346645","trial_status":"success","error_type":null,"failure_stage":null,"error_message":null,"iic_values":{"B1_vs_A1":1.0,"B1_vs_A2":1.0,"B1_vs_A3":1.0,"B2_vs_A1":1.0,"B2_vs_A2":1.0,"B2_vs_A3":1.0,"B3_vs_A1":0.46153846153846156,"B3_vs_A2":1.0,"B3_vs_A3":0.5,"B4_vs_A1":1.0,"B4_vs_A2":1.0,"B4_vs_A3":1.0,"B5_vs_A1":1.0,"B5_vs_A2":1.0,"B5_vs_A3":1.0,"B6_vs_A1":1.0,"B6_vs_A2":1.0,"B6_vs_A3":1.0,"B7_vs_A1":1.0,"B7_vs_A2":1.0,"B7_vs_A3":1.0,"B8_vs_A1":1.0,"B8_vs_A2":1.0,"B8_vs_A3":1.0,"B9_vs_A1":1.0,"B9_vs_A2":1.0,"B9_vs_A3":1.0},"repair_runtimes_ms":{"A1":154,"A2":1154,"A3":302,"B1":375,"B2":751,"B3":3463,"B4":105,"B5":7817,"B6":5231,"B7":353,"B8":1658,"B9":5682}}

--- stderr ---
SingleTrialExperiment starting: ontology=/workspaces/ontologyutils-ekaw26/repair-power-index-replication-ekaw26/ontologies/inconsistent/MEDEON.owl, seed=2399847, run_id=20260624134028346645
Loaded ontology.
Normalizing ontology with SROIQ normalization...
Normalized ontology with SROIQ normalization.
Ontology is already inconsistent, skipping make-inconsistent step.
Repairing with A1 (random-removal)...
[2026-06-25 16:05:22.220] Checking precondition...
[2026-06-25 16:05:22.236] Starting the repair...
[2026-06-25 16:05:22.242] Found 78 possible bad axioms.
[2026-06-25 16:05:22.244] Selected the bad axiom SubClassOf(Timing TemporalInfo).
[2026-06-25 16:05:22.250] Found 77 possible bad axioms.
[2026-06-25 16:05:22.250] Selected the bad axiom SubClassOf(PatientBehaviour IncidentType).
[2026-06-25 16:05:22.255] Found 76 possible bad axioms.
[2026-06-25 16:05:22.255] Selected the bad axiom SubClassOf(MonitoringDevice Device/Equipment).
[2026-06-25 16:05:22.260] Found 75 possible bad axioms.
[2026-06-25 16:05:22.260] Selected the bad axiom SubClassOf(ObjectSomeValuesFrom(hasOutcome ObjectSomeValuesFrom(hasParticipant Patient)) Fall).
[2026-06-25 16:05:22.263] Found 74 possible bad axioms.
[2026-06-25 16:05:22.263] Selected the bad axiom SubClassOf(Medication-IVFluid IncidentType).
[2026-06-25 16:05:22.266] Found 73 possible bad axioms.
[2026-06-25 16:05:22.266] Selected the bad axiom SubClassOf(PressureUlcer IncidentType).
[2026-06-25 16:05:22.268] Found 72 possible bad axioms.
[2026-06-25 16:05:22.269] Selected the bad axiom SubClassOf(Fall IncidentType).
[2026-06-25 16:05:22.271] Found 71 possible bad axioms.
[2026-06-25 16:05:22.271] Selected the bad axiom SubClassOf(Process IncidentCharacteristic).
[2026-06-25 16:05:22.274] Found 70 possible bad axioms.
[2026-06-25 16:05:22.274] Selected the bad axiom ClassAssertion(TypeOfHarm skin_tear).
[2026-06-25 16:05:22.275] Found 69 possible bad axioms.
[2026-06-25 16:05:22.275] Selected the bad axiom SubClassOf(PatientActivity Activity).
[2026-06-25 16:05:22.283] Found 68 possible bad axioms.
[2026-06-25 16:05:22.283] Selected the bad axiom SubClassOf(Management Action).
[2026-06-25 16:05:22.286] Found 67 possible bad axioms.
[2026-06-25 16:05:22.286] Selected the bad axiom SubClassOf(Therapy Action).
[2026-06-25 16:05:22.293] Found 66 possible bad axioms.
[2026-06-25 16:05:22.293] Selected the bad axiom SubClassOf(MentalStatus PhysicalCondition).
[2026-06-25 16:05:22.296] Found 65 possible bad axioms.
[2026-06-25 16:05:22.296] Selected the bad axiom SubClassOf(DeviceType DeviceCharacteristic).
[2026-06-25 16:05:22.298] Found 64 possible bad axioms.
[2026-06-25 16:05:22.299] Selected the bad axiom SubClassOf(ChangeOfInstrument MitigatingFactor).
[2026-06-25 16:05:22.301] Found 63 possible bad axioms.
[2026-06-25 16:05:22.302] Selected the bad axiom SubClassOf(DeviceFailure ErrorType).
[2026-06-25 16:05:22.304] Found 62 possible bad axioms.
[2026-06-25 16:05:22.304] Selected the bad axiom SubClassOf(InjuryAs
...[truncated]
SUCCESS: attempt=170 seed=2399847 success_count=89/100
progress: ontology=MEDEON attempt=170 success=89/100
----- MEDEON attempt=171 seed=2414047 at 2026-06-25 16:05:49 -----
--- stdout ---
{"seed":2414047,"run_id":"20260624134028346645","trial_status":"time_limit_exceeded","error_type":"timeout","failure_stage":"B7","error_message":"Repair timeout: B7 exceeded 300 seconds","iic_values":{},"repair_runtimes_ms":{"A1":125,"A2":1197,"A3":266,"B1":281,"B2":4617,"B3":525,"B4":156,"B5":1710,"B6":5389,"B7":300001}}

--- stderr ---
SingleTrialExperiment starting: ontology=/workspaces/ontologyutils-ekaw26/repair-power-index-replication-ekaw26/ontologies/inconsistent/MEDEON.owl, seed=2414047, run_id=20260624134028346645
Loaded ontology.
Normalizing ontology with SROIQ normalization...
Normalized ontology with SROIQ normalization.
Ontology is already inconsistent, skipping make-inconsistent step.
Repairing with A1 (random-removal)...
[2026-06-25 16:05:50.015] Checking precondition...
[2026-06-25 16:05:50.032] Starting the repair...
[2026-06-25 16:05:50.038] Found 78 possible bad axioms.
[2026-06-25 16:05:50.040] Selected the bad axiom SubClassOf(Fall IncidentType).
[2026-06-25 16:05:50.046] Found 77 possible bad axioms.
[2026-06-25 16:05:50.046] Selected the bad axiom SubClassOf(HealthcareAssociatedInfection IncidentType).
[2026-06-25 16:05:50.050] Found 76 possible bad axioms.
[2026-06-25 16:05:50.050] Selected the bad axiom SubClassOf(CheckDevice StuffActivity).
[2026-06-25 16:05:50.054] Found 75 possible bad axioms.
[2026-06-25 16:05:50.055] Selected the bad axiom SubClassOf(ObjectSomeValuesFrom(involvesActivity ObjectSomeValuesFrom(hasParticipant Patient)) Fall).
[2026-06-25 16:05:50.058] Found 74 possible bad axioms.
[2026-06-25 16:05:50.058] Selected the bad axiom SubClassOf(Documentation IncidentType).
[2026-06-25 16:05:50.061] Found 73 possible bad axioms.
[2026-06-25 16:05:50.061] Selected the bad axiom SubClassOf(StopUse ChangeOfInstrument).
[2026-06-25 16:05:50.064] Found 72 possible bad axioms.
[2026-06-25 16:05:50.064] Selected the bad axiom SubClassOf(Management Action).
[2026-06-25 16:05:50.067] Found 71 possible bad axioms.
[2026-06-25 16:05:50.067] Selected the bad axiom ClassAssertion(TypeOfHarm skin_tear).
[2026-06-25 16:05:50.069] Found 70 possible bad axioms.
[2026-06-25 16:05:50.069] Selected the bad axiom ClassAssertion(PatientActivity slip_down).
[2026-06-25 16:05:50.069] Found 69 possible bad axioms.
[2026-06-25 16:05:50.070] Selected the bad axiom SubClassOf(PatientAccident IncidentType).
[2026-06-25 16:05:50.072] Found 68 possible bad axioms.
[2026-06-25 16:05:50.072] Selected the bad axiom SubClassOf(StuffActivity Activity).
[2026-06-25 16:05:50.079] Found 67 possible bad axioms.
[2026-06-25 16:05:50.079] Selected the bad axiom ObjectPropertyAssertion(hasParticipant fracture pt).
[2026-06-25 16:05:50.080] Found 66 possible bad axioms.
[2026-06-25 16:05:50.080] Selected the bad axiom SubClassOf(ObjectSomeValuesFrom(hasOutcome ObjectSomeValuesFrom(hasParticipant Patient)) Fall).
[2026-06-25 16:05:50.083] Found 65 possible bad axioms.
[2026-06-25 16:05:50.083] Selected the bad axiom ObjectPropertyAssertion(hasParticipant slip_down pt).
[2026-06-25 16:05:50.083] Found 64 possible bad axioms.
[2026-06-25 16:05:50.084] Selected the bad axiom ObjectPropertyAssertion(involvesActivity patient_fall slip_down).
[2026-06-25 16:05:50.084] Found 63 possible bad axioms.
[2026-06-25 16:05:50.084] Selected the bad axiom SubClassOf(MissingInstrument ErrorType).
[2026
...[truncated]
FAIL: attempt=171 seed=2414047 status=time_limit_exceeded stage=B7 message=Repair timeout: B7 exceeded 300 seconds
progress: ontology=MEDEON attempt=171 success=89/100
----- MEDEON attempt=172 seed=2428247 at 2026-06-25 16:11:04 -----
--- stdout ---
{"seed":2428247,"run_id":"20260624134028346645","trial_status":"time_limit_exceeded","error_type":"timeout","failure_stage":"B4","error_message":"Repair timeout: B4 exceeded 300 seconds","iic_values":{},"repair_runtimes_ms":{"A1":48,"A2":1254,"A3":269,"B1":409,"B2":4578,"B3":3230,"B4":300001}}

--- stderr ---
SingleTrialExperiment starting: ontology=/workspaces/ontologyutils-ekaw26/repair-power-index-replication-ekaw26/ontologies/inconsistent/MEDEON.owl, seed=2428247, run_id=20260624134028346645
Loaded ontology.
Normalizing ontology with SROIQ normalization...
Normalized ontology with SROIQ normalization.
Ontology is already inconsistent, skipping make-inconsistent step.
Repairing with A1 (random-removal)...
[2026-06-25 16:11:04.775] Checking precondition...
[2026-06-25 16:11:04.794] Starting the repair...
[2026-06-25 16:11:04.800] Found 78 possible bad axioms.
[2026-06-25 16:11:04.801] Selected the bad axiom SubClassOf(DeviceName DeviceCharacteristic).
[2026-06-25 16:11:04.808] Found 77 possible bad axioms.
[2026-06-25 16:11:04.809] Selected the bad axiom SubClassOf(ClinicalAdministration IncidentType).
[2026-06-25 16:11:04.813] Found 76 possible bad axioms.
[2026-06-25 16:11:04.813] Selected the bad axiom SubClassOf(Infrastructure-Building-Fixture IncidentType).
[2026-06-25 16:11:04.817] Found 75 possible bad axioms.
[2026-06-25 16:11:04.817] Selected the bad axiom ClassAssertion(Patient pt).
[2026-06-25 16:11:04.819] Finished repairing the ontology.
Repairing with A2 (not-in-largest-mcs-removal)...
[2026-06-25 16:11:04.819] Checking precondition...
[2026-06-25 16:11:04.826] Starting the repair...
[2026-06-25 16:11:06.071] Found 2 possible bad axioms.
[2026-06-25 16:11:06.071] Selected the bad axiom ClassAssertion(Patient pt).
[2026-06-25 16:11:06.073] Finished repairing the ontology.
Repairing with A3 (default-weakening)...
[2026-06-25 16:11:06.075] Checking precondition...
[2026-06-25 16:11:06.077] Starting the repair...
[2026-06-25 16:11:06.094] Selected a reference ontology with 150 axioms.
[2026-06-25 16:11:06.320] Selected the bad axiom ClassAssertion(Patient pt).
[2026-06-25 16:11:06.341] Selected the weaker axiom ClassAssertion(owl:Thing pt).
[2026-06-25 16:11:06.343] Finished repairing the ontology.
Repairing with B1 (bad-in_some_mus-weaker-random)...
[2026-06-25 16:11:06.343] Checking precondition...
[2026-06-25 16:11:06.345] Starting the repair...
[2026-06-25 16:11:06.356] Selected a reference ontology with 152 axioms.
[2026-06-25 16:11:06.562] Selected the bad axiom ClassAssertion(Patient pt).
[2026-06-25 16:11:06.572] Selected the weaker axiom ClassAssertion(Person pt).
[2026-06-25 16:11:06.750] Selected the bad axiom ClassAssertion(Person pt).
[2026-06-25 16:11:06.751] Selected the weaker axiom ClassAssertion(owl:Thing pt).
[2026-06-25 16:11:06.752] Finished repairing the ontology.
Repairing with B2 (bad-in_some_mus-weaker-shapley)...
[2026-06-25 16:11:06.754] Checking precondition...
[2026-06-25 16:11:06.755] Starting the repair...
[2026-06-25 16:11:06.760] Selected a reference ontology with 152 axioms.
[2026-06-25 16:11:06.931] Selected the bad axiom SubClassOf(Fall ObjectSomeValuesFrom(involvesActivity owl:Nothing)).
[PowerIndexWeakerAxiomSelector] Scoring 108 candidate weakenings for Fall ⊑ ∃ involvesActivity.⊥
[PowerIndexWeakerAxi
...[truncated]
FAIL: attempt=172 seed=2428247 status=time_limit_exceeded stage=B4 message=Repair timeout: B4 exceeded 300 seconds
progress: ontology=MEDEON attempt=172 success=89/100
----- MEDEON attempt=173 seed=2442447 at 2026-06-25 16:16:14 -----
--- stdout ---
{"seed":2442447,"run_id":"20260624134028346645","trial_status":"success","error_type":null,"failure_stage":null,"error_message":null,"iic_values":{"B1_vs_A1":1.0,"B1_vs_A2":1.0,"B1_vs_A3":0.5,"B2_vs_A1":0.3225806451612903,"B2_vs_A2":1.0,"B2_vs_A3":0.0,"B3_vs_A1":0.3225806451612903,"B3_vs_A2":1.0,"B3_vs_A3":0.0,"B4_vs_A1":1.0,"B4_vs_A2":1.0,"B4_vs_A3":0.5,"B5_vs_A1":1.0,"B5_vs_A2":1.0,"B5_vs_A3":0.5,"B6_vs_A1":1.0,"B6_vs_A2":1.0,"B6_vs_A3":0.5,"B7_vs_A1":1.0,"B7_vs_A2":1.0,"B7_vs_A3":0.5,"B8_vs_A1":1.0,"B8_vs_A2":1.0,"B8_vs_A3":0.5,"B9_vs_A1":1.0,"B9_vs_A2":1.0,"B9_vs_A3":0.5},"repair_runtimes_ms":{"A1":118,"A2":1193,"A3":270,"B1":448,"B2":4562,"B3":3328,"B4":333,"B5":1980,"B6":5618,"B7":153,"B8":1747,"B9":1144}}

--- stderr ---
SingleTrialExperiment starting: ontology=/workspaces/ontologyutils-ekaw26/repair-power-index-replication-ekaw26/ontologies/inconsistent/MEDEON.owl, seed=2442447, run_id=20260624134028346645
Loaded ontology.
Normalizing ontology with SROIQ normalization...
Normalized ontology with SROIQ normalization.
Ontology is already inconsistent, skipping make-inconsistent step.
Repairing with A1 (random-removal)...
[2026-06-25 16:16:15.039] Checking precondition...
[2026-06-25 16:16:15.054] Starting the repair...
[2026-06-25 16:16:15.061] Found 78 possible bad axioms.
[2026-06-25 16:16:15.062] Selected the bad axiom ObjectPropertyAssertion(hasParticipant skin_tear pt).
[2026-06-25 16:16:15.065] Found 77 possible bad axioms.
[2026-06-25 16:16:15.065] Selected the bad axiom SubClassOf(PatientBehaviour IncidentType).
[2026-06-25 16:16:15.072] Found 76 possible bad axioms.
[2026-06-25 16:16:15.072] Selected the bad axiom SubClassOf(Resource-OrganizationalManagement IncidentType).
[2026-06-25 16:16:15.076] Found 75 possible bad axioms.
[2026-06-25 16:16:15.076] Selected the bad axiom SubClassOf(ErrorType IncidentCharacteristic).
[2026-06-25 16:16:15.081] Found 74 possible bad axioms.
[2026-06-25 16:16:15.081] Selected the bad axiom SubClassOf(StopUse ChangeOfInstrument).
[2026-06-25 16:16:15.084] Found 73 possible bad axioms.
[2026-06-25 16:16:15.084] Selected the bad axiom SubClassOf(Documentation IncidentType).
[2026-06-25 16:16:15.086] Found 72 possible bad axioms.
[2026-06-25 16:16:15.087] Selected the bad axiom SubClassOf(ObjectSomeValuesFrom(involvesActivity ObjectSomeValuesFrom(hasParticipant Patient)) Fall).
[2026-06-25 16:16:15.089] Found 71 possible bad axioms.
[2026-06-25 16:16:15.089] Selected the bad axiom SubClassOf(MonitoringDevice Device/Equipment).
[2026-06-25 16:16:15.092] Found 70 possible bad axioms.
[2026-06-25 16:16:15.093] Selected the bad axiom SubClassOf(Therapy Action).
[2026-06-25 16:16:15.095] Found 69 possible bad axioms.
[2026-06-25 16:16:15.095] Selected the bad axiom SubClassOf(Nutrition IncidentType).
[2026-06-25 16:16:15.101] Found 68 possible bad axioms.
[2026-06-25 16:16:15.102] Selected the bad axiom SubClassOf(ClinicalAdministration IncidentType).
[2026-06-25 16:16:15.104] Found 67 possible bad axioms.
[2026-06-25 16:16:15.104] Selected the bad axiom ObjectPropertyAssertion(causes slip_down skin_tear).
[2026-06-25 16:16:15.105] Found 66 possible bad axioms.
[2026-06-25 16:16:15.105] Selected the bad axiom SubClassOf(PressureUlcer IncidentType).
[2026-06-25 16:16:15.112] Found 65 possible bad axioms.
[2026-06-25 16:16:15.113] Selected the bad axiom SubClassOf(Defect ErrorType).
[2026-06-25 16:16:15.115] Found 64 possible bad axioms.
[2026-06-25 16:16:15.115] Selected the bad axiom SubClassOf(Pathology-Laboratory IncidentType).
[2026-06-25 16:16:15.118] Found 63 possible bad axioms.
[2026-06-25 16:16:15.118] Selected the bad axiom SubClassOf(MentalStatus PhysicalCondition).
[2026-06-25 16:16:15.121] Found 62 possible bad axioms
...[truncated]
SUCCESS: attempt=173 seed=2442447 success_count=90/100
progress: ontology=MEDEON attempt=173 success=90/100
----- MEDEON attempt=174 seed=2456647 at 2026-06-25 16:16:36 -----
--- stdout ---
{"seed":2456647,"run_id":"20260624134028346645","trial_status":"success","error_type":null,"failure_stage":null,"error_message":null,"iic_values":{"B1_vs_A1":1.0,"B1_vs_A2":1.0,"B1_vs_A3":0.5,"B2_vs_A1":1.0,"B2_vs_A2":1.0,"B2_vs_A3":0.0,"B3_vs_A1":1.0,"B3_vs_A2":1.0,"B3_vs_A3":0.5,"B4_vs_A1":1.0,"B4_vs_A2":1.0,"B4_vs_A3":0.5,"B5_vs_A1":1.0,"B5_vs_A2":1.0,"B5_vs_A3":0.5,"B6_vs_A1":1.0,"B6_vs_A2":1.0,"B6_vs_A3":0.5,"B7_vs_A1":1.0,"B7_vs_A2":1.0,"B7_vs_A3":0.5,"B8_vs_A1":1.0,"B8_vs_A2":1.0,"B8_vs_A3":0.5,"B9_vs_A1":1.0,"B9_vs_A2":1.0,"B9_vs_A3":0.5},"repair_runtimes_ms":{"A1":66,"A2":1232,"A3":445,"B1":368,"B2":4639,"B3":525,"B4":361,"B5":1716,"B6":1109,"B7":235,"B8":7876,"B9":1146}}

--- stderr ---
SingleTrialExperiment starting: ontology=/workspaces/ontologyutils-ekaw26/repair-power-index-replication-ekaw26/ontologies/inconsistent/MEDEON.owl, seed=2456647, run_id=20260624134028346645
Loaded ontology.
Normalizing ontology with SROIQ normalization...
Normalized ontology with SROIQ normalization.
Ontology is already inconsistent, skipping make-inconsistent step.
Repairing with A1 (random-removal)...
[2026-06-25 16:16:36.675] Checking precondition...
[2026-06-25 16:16:36.692] Starting the repair...
[2026-06-25 16:16:36.699] Found 78 possible bad axioms.
[2026-06-25 16:16:36.700] Selected the bad axiom SubClassOf(Site PatientOutcome).
[2026-06-25 16:16:36.706] Found 77 possible bad axioms.
[2026-06-25 16:16:36.706] Selected the bad axiom SubClassOf(Fall ObjectSomeValuesFrom(involvesActivity ObjectSomeValuesFrom(hasParticipant Patient))).
[2026-06-25 16:16:36.711] Found 76 possible bad axioms.
[2026-06-25 16:16:36.711] Selected the bad axiom SubClassOf(Fall IncidentType).
[2026-06-25 16:16:36.715] Found 75 possible bad axioms.
[2026-06-25 16:16:36.715] Selected the bad axiom SubClassOf(Documentation IncidentType).
[2026-06-25 16:16:36.718] Found 74 possible bad axioms.
[2026-06-25 16:16:36.718] Selected the bad axiom SubClassOf(PatientAccident IncidentType).
[2026-06-25 16:16:36.721] Found 73 possible bad axioms.
[2026-06-25 16:16:36.721] Selected the bad axiom ObjectPropertyAssertion(hasParticipant fracture pt).
[2026-06-25 16:16:36.722] Found 72 possible bad axioms.
[2026-06-25 16:16:36.722] Selected the bad axiom SubClassOf(PatientActivity Activity).
[2026-06-25 16:16:36.725] Found 71 possible bad axioms.
[2026-06-25 16:16:36.725] Selected the bad axiom SubClassOf(ClinicalProcess IncidentType).
[2026-06-25 16:16:36.728] Found 70 possible bad axioms.
[2026-06-25 16:16:36.728] Selected the bad axiom SubClassOf(ObjectSomeValuesFrom(involvesActivity ObjectSomeValuesFrom(hasParticipant Patient)) Fall).
[2026-06-25 16:16:36.731] Found 69 possible bad axioms.
[2026-06-25 16:16:36.731] Selected the bad axiom SubClassOf(Fall ObjectSomeValuesFrom(involvesActivity owl:Nothing)).
[2026-06-25 16:16:36.738] Finished repairing the ontology.
Repairing with A2 (not-in-largest-mcs-removal)...
[2026-06-25 16:16:36.739] Checking precondition...
[2026-06-25 16:16:36.749] Starting the repair...
[2026-06-25 16:16:37.970] Found 2 possible bad axioms.
[2026-06-25 16:16:37.970] Selected the bad axiom SubClassOf(Fall ObjectSomeValuesFrom(involvesActivity owl:Nothing)).
[2026-06-25 16:16:37.970] Finished repairing the ontology.
Repairing with A3 (default-weakening)...
[2026-06-25 16:16:37.972] Checking precondition...
[2026-06-25 16:16:37.974] Starting the repair...
[2026-06-25 16:16:37.984] Selected a reference ontology with 152 axioms.
[2026-06-25 16:16:38.207] Selected the bad axiom ClassAssertion(Patient pt).
[2026-06-25 16:16:38.228] Selected the weaker axiom ClassAssertion(Person pt).
[2026-06-25 16:16:38.412] Selected the bad axiom ClassAssertion(Person pt).
[202
...[truncated]
SUCCESS: attempt=174 seed=2456647 success_count=91/100
progress: ontology=MEDEON attempt=174 success=91/100
----- MEDEON attempt=175 seed=2470847 at 2026-06-25 16:16:58 -----
--- stdout ---
{"seed":2470847,"run_id":"20260624134028346645","trial_status":"success","error_type":null,"failure_stage":null,"error_message":null,"iic_values":{"B1_vs_A1":0.2125,"B1_vs_A2":1.0,"B1_vs_A3":0.5,"B2_vs_A1":0.2125,"B2_vs_A2":1.0,"B2_vs_A3":0.5,"B3_vs_A1":1.0,"B3_vs_A2":1.0,"B3_vs_A3":1.0,"B4_vs_A1":1.0,"B4_vs_A2":1.0,"B4_vs_A3":1.0,"B5_vs_A1":1.0,"B5_vs_A2":1.0,"B5_vs_A3":1.0,"B6_vs_A1":1.0,"B6_vs_A2":1.0,"B6_vs_A3":1.0,"B7_vs_A1":1.0,"B7_vs_A2":1.0,"B7_vs_A3":1.0,"B8_vs_A1":1.0,"B8_vs_A2":1.0,"B8_vs_A3":1.0,"B9_vs_A1":1.0,"B9_vs_A2":1.0,"B9_vs_A3":1.0},"repair_runtimes_ms":{"A1":90,"A2":1226,"A3":311,"B1":246,"B2":4931,"B3":514,"B4":250,"B5":1740,"B6":6342,"B7":182,"B8":1771,"B9":5495}}

--- stderr ---
SingleTrialExperiment starting: ontology=/workspaces/ontologyutils-ekaw26/repair-power-index-replication-ekaw26/ontologies/inconsistent/MEDEON.owl, seed=2470847, run_id=20260624134028346645
Loaded ontology.
Normalizing ontology with SROIQ normalization...
Normalized ontology with SROIQ normalization.
Ontology is already inconsistent, skipping make-inconsistent step.
Repairing with A1 (random-removal)...
[2026-06-25 16:16:58.997] Checking precondition...
[2026-06-25 16:16:59.011] Starting the repair...
[2026-06-25 16:16:59.018] Found 78 possible bad axioms.
[2026-06-25 16:16:59.019] Selected the bad axiom SubClassOf(Blood-BloodProduct IncidentType).
[2026-06-25 16:16:59.025] Found 77 possible bad axioms.
[2026-06-25 16:16:59.025] Selected the bad axiom SubClassOf(UseError ErrorType).
[2026-06-25 16:16:59.030] Found 76 possible bad axioms.
[2026-06-25 16:16:59.030] Selected the bad axiom SubClassOf(Therapy Action).
[2026-06-25 16:16:59.034] Found 75 possible bad axioms.
[2026-06-25 16:16:59.034] Selected the bad axiom SubClassOf(Nutrition IncidentType).
[2026-06-25 16:16:59.038] Found 74 possible bad axioms.
[2026-06-25 16:16:59.038] Selected the bad axiom SubClassOf(PressureUlcer IncidentType).
[2026-06-25 16:16:59.041] Found 73 possible bad axioms.
[2026-06-25 16:16:59.041] Selected the bad axiom SubClassOf(PatientActivity Activity).
[2026-06-25 16:16:59.043] Found 72 possible bad axioms.
[2026-06-25 16:16:59.043] Selected the bad axiom ObjectPropertyAssertion(hasOutcome patient_fall fracture).
[2026-06-25 16:16:59.045] Found 71 possible bad axioms.
[2026-06-25 16:16:59.045] Selected the bad axiom SubClassOf(Process IncidentCharacteristic).
[2026-06-25 16:16:59.048] Found 70 possible bad axioms.
[2026-06-25 16:16:59.048] Selected the bad axiom ObjectPropertyAssertion(hasParticipant skin_tear pt).
[2026-06-25 16:16:59.049] Found 69 possible bad axioms.
[2026-06-25 16:16:59.049] Selected the bad axiom SubClassOf(Fall ObjectSomeValuesFrom(hasOutcome ObjectSomeValuesFrom(hasParticipant Patient))).
[2026-06-25 16:16:59.051] Found 68 possible bad axioms.
[2026-06-25 16:16:59.052] Selected the bad axiom SubClassOf(Defect ErrorType).
[2026-06-25 16:16:59.058] Found 67 possible bad axioms.
[2026-06-25 16:16:59.059] Selected the bad axiom SubClassOf(InappropriateUse ErrorType).
[2026-06-25 16:16:59.061] Found 66 possible bad axioms.
[2026-06-25 16:16:59.061] Selected the bad axiom SubClassOf(ObjectSomeValuesFrom(hasOutcome ObjectSomeValuesFrom(hasParticipant Patient)) Fall).
[2026-06-25 16:16:59.068] Found 65 possible bad axioms.
[2026-06-25 16:16:59.069] Selected the bad axiom SubClassOf(DeviceAvailability ErrorType).
[2026-06-25 16:16:59.072] Found 64 possible bad axioms.
[2026-06-25 16:16:59.072] Selected the bad axiom ObjectPropertyAssertion(causes slip_down skin_tear).
[2026-06-25 16:16:59.072] Found 63 possible bad axioms.
[2026-06-25 16:16:59.073] Selected the bad axiom SubClassOf(SkinTear TypeOfHarm).
[2026-06-25 16:16:59.076] Found 62 possible bad
...[truncated]
SUCCESS: attempt=175 seed=2470847 success_count=92/100
progress: ontology=MEDEON attempt=175 success=92/100
----- MEDEON attempt=176 seed=2485047 at 2026-06-25 16:17:22 -----
--- stdout ---
{"seed":2485047,"run_id":"20260624134028346645","trial_status":"time_limit_exceeded","error_type":"timeout","failure_stage":"B4","error_message":"Repair timeout: B4 exceeded 300 seconds","iic_values":{},"repair_runtimes_ms":{"A1":81,"A2":1227,"A3":468,"B1":410,"B2":4599,"B3":514,"B4":300001}}

--- stderr ---
SingleTrialExperiment starting: ontology=/workspaces/ontologyutils-ekaw26/repair-power-index-replication-ekaw26/ontologies/inconsistent/MEDEON.owl, seed=2485047, run_id=20260624134028346645
Loaded ontology.
Normalizing ontology with SROIQ normalization...
Normalized ontology with SROIQ normalization.
Ontology is already inconsistent, skipping make-inconsistent step.
Repairing with A1 (random-removal)...
[2026-06-25 16:17:22.869] Checking precondition...
[2026-06-25 16:17:22.887] Starting the repair...
[2026-06-25 16:17:22.894] Found 78 possible bad axioms.
[2026-06-25 16:17:22.895] Selected the bad axiom SubClassOf(Social/EconomicalImpact PatientOutcome).
[2026-06-25 16:17:22.901] Found 77 possible bad axioms.
[2026-06-25 16:17:22.901] Selected the bad axiom SubClassOf(AssistiveDevice Device/Equipment).
[2026-06-25 16:17:22.906] Found 76 possible bad axioms.
[2026-06-25 16:17:22.906] Selected the bad axiom SubClassOf(StopUse ChangeOfInstrument).
[2026-06-25 16:17:22.910] Found 75 possible bad axioms.
[2026-06-25 16:17:22.910] Selected the bad axiom SubClassOf(Pathology-Laboratory IncidentType).
[2026-06-25 16:17:22.913] Found 74 possible bad axioms.
[2026-06-25 16:17:22.913] Selected the bad axiom SubClassOf(Timing StateOfCare).
[2026-06-25 16:17:22.916] Found 73 possible bad axioms.
[2026-06-25 16:17:22.916] Selected the bad axiom SubClassOf(Oxigen-GasVapour IncidentType).
[2026-06-25 16:17:22.919] Found 72 possible bad axioms.
[2026-06-25 16:17:22.919] Selected the bad axiom SubClassOf(ImmediateAction Action).
[2026-06-25 16:17:22.922] Found 71 possible bad axioms.
[2026-06-25 16:17:22.922] Selected the bad axiom SubClassOf(Timing TemporalInfo).
[2026-06-25 16:17:22.925] Found 70 possible bad axioms.
[2026-06-25 16:17:22.926] Selected the bad axiom ObjectPropertyAssertion(hasOutcome patient_fall fracture).
[2026-06-25 16:17:22.927] Found 69 possible bad axioms.
[2026-06-25 16:17:22.927] Selected the bad axiom SubClassOf(Therapy Action).
[2026-06-25 16:17:22.934] Found 68 possible bad axioms.
[2026-06-25 16:17:22.934] Selected the bad axiom SubClassOf(Infrastructure-Building-Fixture IncidentType).
[2026-06-25 16:17:22.936] Found 67 possible bad axioms.
[2026-06-25 16:17:22.937] Selected the bad axiom SubClassOf(Infrastructure-Building-Fixture PatientBehaviour).
[2026-06-25 16:17:22.943] Found 66 possible bad axioms.
[2026-06-25 16:17:22.943] Selected the bad axiom ObjectPropertyAssertion(causes slip_down skin_tear).
[2026-06-25 16:17:22.944] Found 65 possible bad axioms.
[2026-06-25 16:17:22.944] Selected the bad axiom SubClassOf(Fall ObjectSomeValuesFrom(involvesActivity owl:Nothing)).
[2026-06-25 16:17:22.947] Finished repairing the ontology.
Repairing with A2 (not-in-largest-mcs-removal)...
[2026-06-25 16:17:22.948] Checking precondition...
[2026-06-25 16:17:22.954] Starting the repair...
[2026-06-25 16:17:24.173] Found 2 possible bad axioms.
[2026-06-25 16:17:24.174] Selected the bad axiom ClassAssertion(Patient pt).
[2026-06-25 16:17:24.175
...[truncated]
FAIL: attempt=176 seed=2485047 status=time_limit_exceeded stage=B4 message=Repair timeout: B4 exceeded 300 seconds
progress: ontology=MEDEON attempt=176 success=92/100
----- MEDEON attempt=177 seed=2499247 at 2026-06-25 16:22:30 -----
--- stdout ---
{"seed":2499247,"run_id":"20260624134028346645","trial_status":"time_limit_exceeded","error_type":"timeout","failure_stage":"B7","error_message":"Repair timeout: B7 exceeded 300 seconds","iic_values":{},"repair_runtimes_ms":{"A1":43,"A2":1232,"A3":510,"B1":243,"B2":4537,"B3":548,"B4":279,"B5":7717,"B6":5386,"B7":300001}}

--- stderr ---
SingleTrialExperiment starting: ontology=/workspaces/ontologyutils-ekaw26/repair-power-index-replication-ekaw26/ontologies/inconsistent/MEDEON.owl, seed=2499247, run_id=20260624134028346645
Loaded ontology.
Normalizing ontology with SROIQ normalization...
Normalized ontology with SROIQ normalization.
Ontology is already inconsistent, skipping make-inconsistent step.
Repairing with A1 (random-removal)...
[2026-06-25 16:22:30.622] Checking precondition...
[2026-06-25 16:22:30.639] Starting the repair...
[2026-06-25 16:22:30.645] Found 78 possible bad axioms.
[2026-06-25 16:22:30.647] Selected the bad axiom SubClassOf(Treatment Action).
[2026-06-25 16:22:30.652] Found 77 possible bad axioms.
[2026-06-25 16:22:30.652] Selected the bad axiom ClassAssertion(IncidentType patient_fall).
[2026-06-25 16:22:30.654] Found 76 possible bad axioms.
[2026-06-25 16:22:30.654] Selected the bad axiom ObjectPropertyAssertion(hasParticipant skin_tear pt).
[2026-06-25 16:22:30.655] Found 75 possible bad axioms.
[2026-06-25 16:22:30.655] Selected the bad axiom SubClassOf(Fall ObjectSomeValuesFrom(involvesActivity owl:Nothing)).
[2026-06-25 16:22:30.661] Finished repairing the ontology.
Repairing with A2 (not-in-largest-mcs-removal)...
[2026-06-25 16:22:30.662] Checking precondition...
[2026-06-25 16:22:30.669] Starting the repair...
[2026-06-25 16:22:31.893] Found 2 possible bad axioms.
[2026-06-25 16:22:31.893] Selected the bad axiom ClassAssertion(Patient pt).
[2026-06-25 16:22:31.894] Finished repairing the ontology.
Repairing with A3 (default-weakening)...
[2026-06-25 16:22:31.896] Checking precondition...
[2026-06-25 16:22:31.899] Starting the repair...
[2026-06-25 16:22:31.908] Selected a reference ontology with 152 axioms.
[2026-06-25 16:22:32.140] Selected the bad axiom ClassAssertion(Patient pt).
[2026-06-25 16:22:32.161] Selected the weaker axiom ClassAssertion(Person pt).
[2026-06-25 16:22:32.364] Selected the bad axiom SubClassOf(Fall ObjectSomeValuesFrom(involvesActivity owl:Nothing)).
[2026-06-25 16:22:32.404] Selected the weaker axiom SubClassOf(Fall ObjectSomeValuesFrom(involvesActivity AssistiveDevice)).
[2026-06-25 16:22:32.405] Finished repairing the ontology.
Repairing with B1 (bad-in_some_mus-weaker-random)...
[2026-06-25 16:22:32.406] Checking precondition...
[2026-06-25 16:22:32.407] Starting the repair...
[2026-06-25 16:22:32.413] Selected a reference ontology with 152 axioms.
[2026-06-25 16:22:32.600] Selected the bad axiom SubClassOf(Fall ObjectSomeValuesFrom(involvesActivity owl:Nothing)).
[2026-06-25 16:22:32.647] Selected the weaker axiom SubClassOf(Fall ObjectSomeValuesFrom(involvesActivity MonitoringDevice)).
[2026-06-25 16:22:32.649] Finished repairing the ontology.
Repairing with B2 (bad-in_some_mus-weaker-shapley)...
[2026-06-25 16:22:32.650] Checking precondition...
[2026-06-25 16:22:32.652] Starting the repair...
[2026-06-25 16:22:32.657] Selected a reference ontology with 152 axioms.
[2026-06-25 16:22:32.836] Selected the bad axiom 
...[truncated]
FAIL: attempt=177 seed=2499247 status=time_limit_exceeded stage=B7 message=Repair timeout: B7 exceeded 300 seconds
progress: ontology=MEDEON attempt=177 success=92/100
----- MEDEON attempt=178 seed=2513447 at 2026-06-25 16:27:51 -----
--- stdout ---
{"seed":2513447,"run_id":"20260624134028346645","trial_status":"time_limit_exceeded","error_type":"timeout","failure_stage":"B4","error_message":"Repair timeout: B4 exceeded 300 seconds","iic_values":{},"repair_runtimes_ms":{"A1":107,"A2":1226,"A3":491,"B1":227,"B2":3223,"B3":496,"B4":300002}}

--- stderr ---
SingleTrialExperiment starting: ontology=/workspaces/ontologyutils-ekaw26/repair-power-index-replication-ekaw26/ontologies/inconsistent/MEDEON.owl, seed=2513447, run_id=20260624134028346645
Loaded ontology.
Normalizing ontology with SROIQ normalization...
Normalized ontology with SROIQ normalization.
Ontology is already inconsistent, skipping make-inconsistent step.
Repairing with A1 (random-removal)...
[2026-06-25 16:27:51.605] Checking precondition...
[2026-06-25 16:27:51.622] Starting the repair...
[2026-06-25 16:27:51.629] Found 78 possible bad axioms.
[2026-06-25 16:27:51.630] Selected the bad axiom ObjectPropertyAssertion(hasParticipant fracture pt).
[2026-06-25 16:27:51.633] Found 77 possible bad axioms.
[2026-06-25 16:27:51.633] Selected the bad axiom ClassAssertion(TypeOfHarm skin_tear).
[2026-06-25 16:27:51.634] Found 76 possible bad axioms.
[2026-06-25 16:27:51.634] Selected the bad axiom SubClassOf(CheckDevice StuffActivity).
[2026-06-25 16:27:51.639] Found 75 possible bad axioms.
[2026-06-25 16:27:51.639] Selected the bad axiom SubClassOf(MentalStatus PhysicalCondition).
[2026-06-25 16:27:51.643] Found 74 possible bad axioms.
[2026-06-25 16:27:51.643] Selected the bad axiom SubClassOf(MonitoringDevice Device/Equipment).
[2026-06-25 16:27:51.647] Found 73 possible bad axioms.
[2026-06-25 16:27:51.647] Selected the bad axiom SubClassOf(NotifyManufacturer MitigatingFactor).
[2026-06-25 16:27:51.650] Found 72 possible bad axioms.
[2026-06-25 16:27:51.650] Selected the bad axiom SubClassOf(Therapy Action).
[2026-06-25 16:27:51.653] Found 71 possible bad axioms.
[2026-06-25 16:27:51.653] Selected the bad axiom SubClassOf(Timing StateOfCare).
[2026-06-25 16:27:51.655] Found 70 possible bad axioms.
[2026-06-25 16:27:51.655] Selected the bad axiom SubClassOf(Nutrition IncidentType).
[2026-06-25 16:27:51.658] Found 69 possible bad axioms.
[2026-06-25 16:27:51.658] Selected the bad axiom SubClassOf(PatientBehaviour IncidentType).
[2026-06-25 16:27:51.664] Found 68 possible bad axioms.
[2026-06-25 16:27:51.665] Selected the bad axiom ObjectPropertyAssertion(involvesActivity patient_fall slip_down).
[2026-06-25 16:27:51.665] Found 67 possible bad axioms.
[2026-06-25 16:27:51.665] Selected the bad axiom SubClassOf(ObjectSomeValuesFrom(involvesActivity ObjectSomeValuesFrom(hasParticipant Patient)) Fall).
[2026-06-25 16:27:51.668] Found 66 possible bad axioms.
[2026-06-25 16:27:51.668] Selected the bad axiom ClassAssertion(TypeOfHarm fracture).
[2026-06-25 16:27:51.668] Found 65 possible bad axioms.
[2026-06-25 16:27:51.669] Selected the bad axiom SubClassOf(IncidentHistory PatientCharacteristic).
[2026-06-25 16:27:51.670] Found 64 possible bad axioms.
[2026-06-25 16:27:51.671] Selected the bad axiom SubClassOf(StateOfCare TemporalInfo).
[2026-06-25 16:27:51.678] Found 63 possible bad axioms.
[2026-06-25 16:27:51.678] Selected the bad axiom ObjectPropertyAssertion(hasParticipant slip_down pt).
[2026-06-25 16:27:51.679] Found 62 possible bad axioms.

...[truncated]
FAIL: attempt=178 seed=2513447 status=time_limit_exceeded stage=B4 message=Repair timeout: B4 exceeded 300 seconds
progress: ontology=MEDEON attempt=178 success=92/100
----- MEDEON attempt=179 seed=2527647 at 2026-06-25 16:32:57 -----
--- stdout ---
{"seed":2527647,"run_id":"20260624134028346645","trial_status":"success","error_type":null,"failure_stage":null,"error_message":null,"iic_values":{"B1_vs_A1":1.0,"B1_vs_A2":1.0,"B1_vs_A3":1.0,"B2_vs_A1":1.0,"B2_vs_A2":1.0,"B2_vs_A3":1.0,"B3_vs_A1":0.3076923076923077,"B3_vs_A2":1.0,"B3_vs_A3":1.0,"B4_vs_A1":1.0,"B4_vs_A2":1.0,"B4_vs_A3":1.0,"B5_vs_A1":1.0,"B5_vs_A2":1.0,"B5_vs_A3":1.0,"B6_vs_A1":1.0,"B6_vs_A2":1.0,"B6_vs_A3":1.0,"B7_vs_A1":1.0,"B7_vs_A2":1.0,"B7_vs_A3":1.0,"B8_vs_A1":1.0,"B8_vs_A2":1.0,"B8_vs_A3":1.0,"B9_vs_A1":1.0,"B9_vs_A2":1.0,"B9_vs_A3":1.0},"repair_runtimes_ms":{"A1":110,"A2":1204,"A3":316,"B1":404,"B2":3365,"B3":3284,"B4":83,"B5":7929,"B6":5652,"B7":196,"B8":8406,"B9":5586}}

--- stderr ---
SingleTrialExperiment starting: ontology=/workspaces/ontologyutils-ekaw26/repair-power-index-replication-ekaw26/ontologies/inconsistent/MEDEON.owl, seed=2527647, run_id=20260624134028346645
Loaded ontology.
Normalizing ontology with SROIQ normalization...
Normalized ontology with SROIQ normalization.
Ontology is already inconsistent, skipping make-inconsistent step.
Repairing with A1 (random-removal)...
[2026-06-25 16:32:57.849] Checking precondition...
[2026-06-25 16:32:57.865] Starting the repair...
[2026-06-25 16:32:57.872] Found 78 possible bad axioms.
[2026-06-25 16:32:57.873] Selected the bad axiom SubClassOf(Management Action).
[2026-06-25 16:32:57.879] Found 77 possible bad axioms.
[2026-06-25 16:32:57.880] Selected the bad axiom SubClassOf(StopUse MitigatingFactor).
[2026-06-25 16:32:57.885] Found 76 possible bad axioms.
[2026-06-25 16:32:57.885] Selected the bad axiom ClassAssertion(IncidentType patient_fall).
[2026-06-25 16:32:57.886] Found 75 possible bad axioms.
[2026-06-25 16:32:57.886] Selected the bad axiom SubClassOf(Fall ObjectSomeValuesFrom(hasOutcome ObjectSomeValuesFrom(hasParticipant Patient))).
[2026-06-25 16:32:57.890] Found 74 possible bad axioms.
[2026-06-25 16:32:57.890] Selected the bad axiom SubClassOf(HealthcareAssociatedInfection IncidentType).
[2026-06-25 16:32:57.894] Found 73 possible bad axioms.
[2026-06-25 16:32:57.894] Selected the bad axiom SubClassOf(Pathology-Laboratory IncidentType).
[2026-06-25 16:32:57.897] Found 72 possible bad axioms.
[2026-06-25 16:32:57.897] Selected the bad axiom SubClassOf(Social/EconomicalImpact PatientOutcome).
[2026-06-25 16:32:57.899] Found 71 possible bad axioms.
[2026-06-25 16:32:57.900] Selected the bad axiom SubClassOf(ClinicalProcess IncidentType).
[2026-06-25 16:32:57.903] Found 70 possible bad axioms.
[2026-06-25 16:32:57.903] Selected the bad axiom SubClassOf(CheckDevice StuffActivity).
[2026-06-25 16:32:57.905] Found 69 possible bad axioms.
[2026-06-25 16:32:57.906] Selected the bad axiom SubClassOf(ErrorType IncidentCharacteristic).
[2026-06-25 16:32:57.912] Found 68 possible bad axioms.
[2026-06-25 16:32:57.913] Selected the bad axiom SubClassOf(StopUse ChangeOfInstrument).
[2026-06-25 16:32:57.915] Found 67 possible bad axioms.
[2026-06-25 16:32:57.915] Selected the bad axiom SubClassOf(AssistiveDevice Device/Equipment).
[2026-06-25 16:32:57.923] Found 66 possible bad axioms.
[2026-06-25 16:32:57.923] Selected the bad axiom SubClassOf(ObjectSomeValuesFrom(involvesActivity ObjectSomeValuesFrom(hasParticipant Patient)) Fall).
[2026-06-25 16:32:57.925] Found 65 possible bad axioms.
[2026-06-25 16:32:57.926] Selected the bad axiom SubClassOf(DeviceFailure ErrorType).
[2026-06-25 16:32:57.928] Found 64 possible bad axioms.
[2026-06-25 16:32:57.928] Selected the bad axiom SubClassOf(Nutrition IncidentType).
[2026-06-25 16:32:57.930] Found 63 possible bad axioms.
[2026-06-25 16:32:57.931] Selected the bad axiom ClassAssertion(TypeOfHarm skin_tear).
[2026-06-25 16:32:57.931
...[truncated]
SUCCESS: attempt=179 seed=2527647 success_count=93/100
progress: ontology=MEDEON attempt=179 success=93/100
----- MEDEON attempt=180 seed=2541847 at 2026-06-25 16:33:34 -----
--- stdout ---
{"seed":2541847,"run_id":"20260624134028346645","trial_status":"success","error_type":null,"failure_stage":null,"error_message":null,"iic_values":{"B1_vs_A1":0.2261904761904762,"B1_vs_A2":0.5,"B1_vs_A3":0.0,"B2_vs_A1":1.0,"B2_vs_A2":1.0,"B2_vs_A3":0.5,"B3_vs_A1":0.23170731707317074,"B3_vs_A2":1.0,"B3_vs_A3":0.0,"B4_vs_A1":1.0,"B4_vs_A2":1.0,"B4_vs_A3":0.5,"B5_vs_A1":1.0,"B5_vs_A2":1.0,"B5_vs_A3":0.5,"B6_vs_A1":1.0,"B6_vs_A2":1.0,"B6_vs_A3":0.5,"B7_vs_A1":1.0,"B7_vs_A2":1.0,"B7_vs_A3":0.5,"B8_vs_A1":1.0,"B8_vs_A2":1.0,"B8_vs_A3":0.5,"B9_vs_A1":1.0,"B9_vs_A2":1.0,"B9_vs_A3":0.5},"repair_runtimes_ms":{"A1":95,"A2":1243,"A3":510,"B1":235,"B2":3229,"B3":3105,"B4":244,"B5":1760,"B6":5581,"B7":193,"B8":8171,"B9":5683}}

--- stderr ---
SingleTrialExperiment starting: ontology=/workspaces/ontologyutils-ekaw26/repair-power-index-replication-ekaw26/ontologies/inconsistent/MEDEON.owl, seed=2541847, run_id=20260624134028346645
Loaded ontology.
Normalizing ontology with SROIQ normalization...
Normalized ontology with SROIQ normalization.
Ontology is already inconsistent, skipping make-inconsistent step.
Repairing with A1 (random-removal)...
[2026-06-25 16:33:35.125] Checking precondition...
[2026-06-25 16:33:35.142] Starting the repair...
[2026-06-25 16:33:35.148] Found 78 possible bad axioms.
[2026-06-25 16:33:35.150] Selected the bad axiom SubClassOf(DegreeOfHarm PatientOutcome).
[2026-06-25 16:33:35.155] Found 77 possible bad axioms.
[2026-06-25 16:33:35.155] Selected the bad axiom SubClassOf(DeviceAvailability ErrorType).
[2026-06-25 16:33:35.160] Found 76 possible bad axioms.
[2026-06-25 16:33:35.160] Selected the bad axiom SubClassOf(Nutrition IncidentType).
[2026-06-25 16:33:35.165] Found 75 possible bad axioms.
[2026-06-25 16:33:35.165] Selected the bad axiom SubClassOf(Defect ErrorType).
[2026-06-25 16:33:35.168] Found 74 possible bad axioms.
[2026-06-25 16:33:35.169] Selected the bad axiom SubClassOf(Process IncidentCharacteristic).
[2026-06-25 16:33:35.171] Found 73 possible bad axioms.
[2026-06-25 16:33:35.172] Selected the bad axiom SubClassOf(ObjectSomeValuesFrom(hasOutcome ObjectSomeValuesFrom(hasParticipant Person)) Fall).
[2026-06-25 16:33:35.174] Found 72 possible bad axioms.
[2026-06-25 16:33:35.174] Selected the bad axiom SubClassOf(PatientBehaviour IncidentType).
[2026-06-25 16:33:35.177] Found 71 possible bad axioms.
[2026-06-25 16:33:35.178] Selected the bad axiom SubClassOf(Fall ObjectSomeValuesFrom(involvesActivity ObjectSomeValuesFrom(hasParticipant Patient))).
[2026-06-25 16:33:35.180] Found 70 possible bad axioms.
[2026-06-25 16:33:35.180] Selected the bad axiom SubClassOf(Patient Person).
[2026-06-25 16:33:35.182] Found 69 possible bad axioms.
[2026-06-25 16:33:35.182] Selected the bad axiom SubClassOf(Pathology-Laboratory IncidentType).
[2026-06-25 16:33:35.190] Found 68 possible bad axioms.
[2026-06-25 16:33:35.190] Selected the bad axiom SubClassOf(Site PatientOutcome).
[2026-06-25 16:33:35.197] Found 67 possible bad axioms.
[2026-06-25 16:33:35.197] Selected the bad axiom SubClassOf(InjuryAssessment Assessment).
[2026-06-25 16:33:35.200] Found 66 possible bad axioms.
[2026-06-25 16:33:35.200] Selected the bad axiom SubClassOf(MedicalDevice-Equipment IncidentType).
[2026-06-25 16:33:35.202] Found 65 possible bad axioms.
[2026-06-25 16:33:35.203] Selected the bad axiom SubClassOf(InappropriateUse ErrorType).
[2026-06-25 16:33:35.205] Found 64 possible bad axioms.
[2026-06-25 16:33:35.205] Selected the bad axiom SubClassOf(CheckDevice StuffActivity).
[2026-06-25 16:33:35.207] Found 63 possible bad axioms.
[2026-06-25 16:33:35.208] Selected the bad axiom SubClassOf(Infrastructure-Building-Fixture IncidentType).
[2026-06-25 16:33:35.210] Found 62 possible 
...[truncated]
SUCCESS: attempt=180 seed=2541847 success_count=94/100
progress: ontology=MEDEON attempt=180 success=94/100
----- MEDEON attempt=181 seed=2556047 at 2026-06-25 16:34:07 -----
--- stdout ---
{"seed":2556047,"run_id":"20260624134028346645","trial_status":"time_limit_exceeded","error_type":"timeout","failure_stage":"B7","error_message":"Repair timeout: B7 exceeded 300 seconds","iic_values":{},"repair_runtimes_ms":{"A1":35,"A2":1264,"A3":329,"B1":250,"B2":3316,"B3":3265,"B4":178,"B5":7776,"B6":5168,"B7":300001}}

--- stderr ---
SingleTrialExperiment starting: ontology=/workspaces/ontologyutils-ekaw26/repair-power-index-replication-ekaw26/ontologies/inconsistent/MEDEON.owl, seed=2556047, run_id=20260624134028346645
Loaded ontology.
Normalizing ontology with SROIQ normalization...
Normalized ontology with SROIQ normalization.
Ontology is already inconsistent, skipping make-inconsistent step.
Repairing with A1 (random-removal)...
[2026-06-25 16:34:08.037] Checking precondition...
[2026-06-25 16:34:08.053] Starting the repair...
[2026-06-25 16:34:08.060] Found 78 possible bad axioms.
[2026-06-25 16:34:08.061] Selected the bad axiom SubClassOf(DeviceName DeviceCharacteristic).
[2026-06-25 16:34:08.067] Found 77 possible bad axioms.
[2026-06-25 16:34:08.067] Selected the bad axiom ClassAssertion(Patient pt).
[2026-06-25 16:34:08.068] Finished repairing the ontology.
Repairing with A2 (not-in-largest-mcs-removal)...
[2026-06-25 16:34:08.069] Checking precondition...
[2026-06-25 16:34:08.077] Starting the repair...
[2026-06-25 16:34:09.331] Found 2 possible bad axioms.
[2026-06-25 16:34:09.331] Selected the bad axiom ClassAssertion(Patient pt).
[2026-06-25 16:34:09.333] Finished repairing the ontology.
Repairing with A3 (default-weakening)...
[2026-06-25 16:34:09.335] Checking precondition...
[2026-06-25 16:34:09.337] Starting the repair...
[2026-06-25 16:34:09.352] Selected a reference ontology with 150 axioms.
[2026-06-25 16:34:09.590] Selected the bad axiom SubClassOf(Fall ObjectSomeValuesFrom(involvesActivity owl:Nothing)).
[2026-06-25 16:34:09.661] Selected the weaker axiom SubClassOf(Fall MedicalDevice-Equipment).
[2026-06-25 16:34:09.663] Finished repairing the ontology.
Repairing with B1 (bad-in_some_mus-weaker-random)...
[2026-06-25 16:34:09.664] Checking precondition...
[2026-06-25 16:34:09.665] Starting the repair...
[2026-06-25 16:34:09.680] Selected a reference ontology with 152 axioms.
[2026-06-25 16:34:09.871] Selected the bad axiom SubClassOf(Fall ObjectSomeValuesFrom(involvesActivity owl:Nothing)).
[2026-06-25 16:34:09.912] Selected the weaker axiom SubClassOf(Fall DeviceAvailability).
[2026-06-25 16:34:09.913] Finished repairing the ontology.
Repairing with B2 (bad-in_some_mus-weaker-shapley)...
[2026-06-25 16:34:09.915] Checking precondition...
[2026-06-25 16:34:09.917] Starting the repair...
[2026-06-25 16:34:09.923] Selected a reference ontology with 152 axioms.
[2026-06-25 16:34:10.103] Selected the bad axiom ClassAssertion(Patient pt).
[PowerIndexWeakerAxiomSelector] Scoring 1 candidate weakenings for Patient(pt)
[PowerIndexWeakerAxiomSelector] Selected weaker axiom: Person(pt)
[2026-06-25 16:34:10.339] Selected the weaker axiom ClassAssertion(Person pt).
[2026-06-25 16:34:10.536] Selected the bad axiom SubClassOf(ObjectSomeValuesFrom(hasOutcome ObjectSomeValuesFrom(hasParticipant Person)) Fall).
[PowerIndexWeakerAxiomSelector] Scoring 57 candidate weakenings for ∃ hasOutcome.(∃ hasParticipant.Person) ⊑ Fall
[PowerIndexWeakerAxiomSelector] Selected weaker
...[truncated]
FAIL: attempt=181 seed=2556047 status=time_limit_exceeded stage=B7 message=Repair timeout: B7 exceeded 300 seconds
progress: ontology=MEDEON attempt=181 success=94/100
----- MEDEON attempt=182 seed=2570247 at 2026-06-25 16:39:29 -----
--- stdout ---
{"seed":2570247,"run_id":"20260624134028346645","trial_status":"time_limit_exceeded","error_type":"timeout","failure_stage":"B4","error_message":"Repair timeout: B4 exceeded 300 seconds","iic_values":{},"repair_runtimes_ms":{"A1":90,"A2":1183,"A3":324,"B1":270,"B2":1226,"B3":3367,"B4":300001}}

--- stderr ---
SingleTrialExperiment starting: ontology=/workspaces/ontologyutils-ekaw26/repair-power-index-replication-ekaw26/ontologies/inconsistent/MEDEON.owl, seed=2570247, run_id=20260624134028346645
Loaded ontology.
Normalizing ontology with SROIQ normalization...
Normalized ontology with SROIQ normalization.
Ontology is already inconsistent, skipping make-inconsistent step.
Repairing with A1 (random-removal)...
[2026-06-25 16:39:30.122] Checking precondition...
[2026-06-25 16:39:30.138] Starting the repair...
[2026-06-25 16:39:30.145] Found 78 possible bad axioms.
[2026-06-25 16:39:30.146] Selected the bad axiom SubClassOf(PatientAccident IncidentType).
[2026-06-25 16:39:30.152] Found 77 possible bad axioms.
[2026-06-25 16:39:30.153] Selected the bad axiom SubClassOf(Time TemporalInfo).
[2026-06-25 16:39:30.157] Found 76 possible bad axioms.
[2026-06-25 16:39:30.157] Selected the bad axiom SubClassOf(IncidentHistory PatientCharacteristic).
[2026-06-25 16:39:30.161] Found 75 possible bad axioms.
[2026-06-25 16:39:30.161] Selected the bad axiom SubClassOf(Defect ErrorType).
[2026-06-25 16:39:30.164] Found 74 possible bad axioms.
[2026-06-25 16:39:30.164] Selected the bad axiom ObjectPropertyAssertion(causes slip_down fracture).
[2026-06-25 16:39:30.166] Found 73 possible bad axioms.
[2026-06-25 16:39:30.166] Selected the bad axiom SubClassOf(MonitoringDevice Device/Equipment).
[2026-06-25 16:39:30.169] Found 72 possible bad axioms.
[2026-06-25 16:39:30.169] Selected the bad axiom SubClassOf(StopUse MitigatingFactor).
[2026-06-25 16:39:30.172] Found 71 possible bad axioms.
[2026-06-25 16:39:30.172] Selected the bad axiom ObjectPropertyAssertion(hasParticipant slip_down pt).
[2026-06-25 16:39:30.173] Found 70 possible bad axioms.
[2026-06-25 16:39:30.173] Selected the bad axiom SubClassOf(Blood-BloodProduct IncidentType).
[2026-06-25 16:39:30.176] Found 69 possible bad axioms.
[2026-06-25 16:39:30.176] Selected the bad axiom SubClassOf(NotifyManufacturer MitigatingFactor).
[2026-06-25 16:39:30.178] Found 68 possible bad axioms.
[2026-06-25 16:39:30.178] Selected the bad axiom SubClassOf(Patient Person).
[2026-06-25 16:39:30.186] Found 67 possible bad axioms.
[2026-06-25 16:39:30.186] Selected the bad axiom SubClassOf(Pathology-Laboratory IncidentType).
[2026-06-25 16:39:30.188] Found 66 possible bad axioms.
[2026-06-25 16:39:30.189] Selected the bad axiom SubClassOf(Timing StateOfCare).
[2026-06-25 16:39:30.195] Found 65 possible bad axioms.
[2026-06-25 16:39:30.196] Selected the bad axiom SubClassOf(ObjectSomeValuesFrom(involvesActivity ObjectSomeValuesFrom(hasParticipant Patient)) Fall).
[2026-06-25 16:39:30.198] Found 64 possible bad axioms.
[2026-06-25 16:39:30.198] Selected the bad axiom SubClassOf(ObjectSomeValuesFrom(hasOutcome ObjectSomeValuesFrom(hasParticipant Person)) Fall).
[2026-06-25 16:39:30.201] Found 63 possible bad axioms.
[2026-06-25 16:39:30.201] Selected the bad axiom SubClassOf(Nutrition IncidentType).
[2026-06-25 16:39:30.203] Found 62
...[truncated]
FAIL: attempt=182 seed=2570247 status=time_limit_exceeded stage=B4 message=Repair timeout: B4 exceeded 300 seconds
progress: ontology=MEDEON attempt=182 success=94/100
----- MEDEON attempt=183 seed=2584447 at 2026-06-25 16:44:36 -----
--- stdout ---
{"seed":2584447,"run_id":"20260624134028346645","trial_status":"time_limit_exceeded","error_type":"timeout","failure_stage":"B7","error_message":"Repair timeout: B7 exceeded 300 seconds","iic_values":{},"repair_runtimes_ms":{"A1":68,"A2":1238,"A3":520,"B1":414,"B2":4580,"B3":2106,"B4":253,"B5":7836,"B6":5618,"B7":300001}}

--- stderr ---
SingleTrialExperiment starting: ontology=/workspaces/ontologyutils-ekaw26/repair-power-index-replication-ekaw26/ontologies/inconsistent/MEDEON.owl, seed=2584447, run_id=20260624134028346645
Loaded ontology.
Normalizing ontology with SROIQ normalization...
Normalized ontology with SROIQ normalization.
Ontology is already inconsistent, skipping make-inconsistent step.
Repairing with A1 (random-removal)...
[2026-06-25 16:44:37.038] Checking precondition...
[2026-06-25 16:44:37.054] Starting the repair...
[2026-06-25 16:44:37.060] Found 78 possible bad axioms.
[2026-06-25 16:44:37.061] Selected the bad axiom SubClassOf(Social/EconomicalImpact PatientOutcome).
[2026-06-25 16:44:37.067] Found 77 possible bad axioms.
[2026-06-25 16:44:37.068] Selected the bad axiom SubClassOf(DeviceAvailability ErrorType).
[2026-06-25 16:44:37.072] Found 76 possible bad axioms.
[2026-06-25 16:44:37.072] Selected the bad axiom SubClassOf(SkinTear TypeOfHarm).
[2026-06-25 16:44:37.076] Found 75 possible bad axioms.
[2026-06-25 16:44:37.077] Selected the bad axiom SubClassOf(ImmediateAction Action).
[2026-06-25 16:44:37.080] Found 74 possible bad axioms.
[2026-06-25 16:44:37.080] Selected the bad axiom SubClassOf(Site PatientOutcome).
[2026-06-25 16:44:37.083] Found 73 possible bad axioms.
[2026-06-25 16:44:37.084] Selected the bad axiom SubClassOf(DegreeOfHarm PatientOutcome).
[2026-06-25 16:44:37.086] Found 72 possible bad axioms.
[2026-06-25 16:44:37.087] Selected the bad axiom SubClassOf(Documentation IncidentType).
[2026-06-25 16:44:37.089] Found 71 possible bad axioms.
[2026-06-25 16:44:37.090] Selected the bad axiom SubClassOf(Treatment Action).
[2026-06-25 16:44:37.092] Found 70 possible bad axioms.
[2026-06-25 16:44:37.092] Selected the bad axiom SubClassOf(MentalStatus PhysicalCondition).
[2026-06-25 16:44:37.099] Found 69 possible bad axioms.
[2026-06-25 16:44:37.099] Selected the bad axiom SubClassOf(Fall ObjectSomeValuesFrom(involvesActivity owl:Nothing)).
[2026-06-25 16:44:37.102] Finished repairing the ontology.
Repairing with A2 (not-in-largest-mcs-removal)...
[2026-06-25 16:44:37.103] Checking precondition...
[2026-06-25 16:44:37.113] Starting the repair...
[2026-06-25 16:44:38.340] Found 2 possible bad axioms.
[2026-06-25 16:44:38.341] Selected the bad axiom SubClassOf(Fall ObjectSomeValuesFrom(involvesActivity owl:Nothing)).
[2026-06-25 16:44:38.341] Finished repairing the ontology.
Repairing with A3 (default-weakening)...
[2026-06-25 16:44:38.343] Checking precondition...
[2026-06-25 16:44:38.345] Starting the repair...
[2026-06-25 16:44:38.359] Selected a reference ontology with 150 axioms.
[2026-06-25 16:44:38.590] Selected the bad axiom ClassAssertion(Patient pt).
[2026-06-25 16:44:38.610] Selected the weaker axiom ClassAssertion(Person pt).
[2026-06-25 16:44:38.812] Selected the bad axiom SubClassOf(ObjectSomeValuesFrom(hasOutcome ObjectSomeValuesFrom(hasParticipant Person)) Fall).
[2026-06-25 16:44:38.860] Selected the weaker axiom SubClassOf(Objec
...[truncated]
FAIL: attempt=183 seed=2584447 status=time_limit_exceeded stage=B7 message=Repair timeout: B7 exceeded 300 seconds
progress: ontology=MEDEON attempt=183 success=94/100
----- MEDEON attempt=184 seed=2598647 at 2026-06-25 16:49:59 -----
--- stdout ---
{"seed":2598647,"run_id":"20260624134028346645","trial_status":"success","error_type":null,"failure_stage":null,"error_message":null,"iic_values":{"B1_vs_A1":1.0,"B1_vs_A2":0.0,"B1_vs_A3":0.5,"B2_vs_A1":1.0,"B2_vs_A2":0.5,"B2_vs_A3":1.0,"B3_vs_A1":1.0,"B3_vs_A2":0.5,"B3_vs_A3":1.0,"B4_vs_A1":1.0,"B4_vs_A2":0.5,"B4_vs_A3":1.0,"B5_vs_A1":1.0,"B5_vs_A2":0.5,"B5_vs_A3":1.0,"B6_vs_A1":1.0,"B6_vs_A2":0.5,"B6_vs_A3":1.0,"B7_vs_A1":1.0,"B7_vs_A2":0.5,"B7_vs_A3":1.0,"B8_vs_A1":1.0,"B8_vs_A2":0.5,"B8_vs_A3":1.0,"B9_vs_A1":1.0,"B9_vs_A2":0.5,"B9_vs_A3":1.0},"repair_runtimes_ms":{"A1":50,"A2":1224,"A3":300,"B1":240,"B2":743,"B3":281,"B4":114,"B5":8061,"B6":1151,"B7":188,"B8":1670,"B9":1076}}

--- stderr ---
SingleTrialExperiment starting: ontology=/workspaces/ontologyutils-ekaw26/repair-power-index-replication-ekaw26/ontologies/inconsistent/MEDEON.owl, seed=2598647, run_id=20260624134028346645
Loaded ontology.
Normalizing ontology with SROIQ normalization...
Normalized ontology with SROIQ normalization.
Ontology is already inconsistent, skipping make-inconsistent step.
Repairing with A1 (random-removal)...
[2026-06-25 16:50:00.185] Checking precondition...
[2026-06-25 16:50:00.202] Starting the repair...
[2026-06-25 16:50:00.208] Found 78 possible bad axioms.
[2026-06-25 16:50:00.209] Selected the bad axiom SubClassOf(PatientBehaviour IncidentType).
[2026-06-25 16:50:00.214] Found 77 possible bad axioms.
[2026-06-25 16:50:00.215] Selected the bad axiom SubClassOf(AssistiveDevice Device/Equipment).
[2026-06-25 16:50:00.219] Found 76 possible bad axioms.
[2026-06-25 16:50:00.220] Selected the bad axiom SubClassOf(SkinTear TypeOfHarm).
[2026-06-25 16:50:00.224] Found 75 possible bad axioms.
[2026-06-25 16:50:00.224] Selected the bad axiom SubClassOf(ChangeOfInstrument MitigatingFactor).
[2026-06-25 16:50:00.227] Found 74 possible bad axioms.
[2026-06-25 16:50:00.228] Selected the bad axiom SubClassOf(Fall ObjectSomeValuesFrom(involvesActivity owl:Nothing)).
[2026-06-25 16:50:00.231] Finished repairing the ontology.
Repairing with A2 (not-in-largest-mcs-removal)...
[2026-06-25 16:50:00.232] Checking precondition...
[2026-06-25 16:50:00.238] Starting the repair...
[2026-06-25 16:50:01.454] Found 2 possible bad axioms.
[2026-06-25 16:50:01.455] Selected the bad axiom ClassAssertion(Patient pt).
[2026-06-25 16:50:01.456] Finished repairing the ontology.
Repairing with A3 (default-weakening)...
[2026-06-25 16:50:01.458] Checking precondition...
[2026-06-25 16:50:01.460] Starting the repair...
[2026-06-25 16:50:01.467] Selected a reference ontology with 152 axioms.
[2026-06-25 16:50:01.683] Selected the bad axiom SubClassOf(Fall ObjectSomeValuesFrom(involvesActivity owl:Nothing)).
[2026-06-25 16:50:01.755] Selected the weaker axiom SubClassOf(Fall ObjectSomeValuesFrom(involvesActivity Site)).
[2026-06-25 16:50:01.756] Finished repairing the ontology.
Repairing with B1 (bad-in_some_mus-weaker-random)...
[2026-06-25 16:50:01.757] Checking precondition...
[2026-06-25 16:50:01.758] Starting the repair...
[2026-06-25 16:50:01.764] Selected a reference ontology with 152 axioms.
[2026-06-25 16:50:01.954] Selected the bad axiom SubClassOf(Fall ObjectSomeValuesFrom(involvesActivity owl:Nothing)).
[2026-06-25 16:50:01.995] Selected the weaker axiom SubClassOf(Fall Fall).
[2026-06-25 16:50:01.997] Finished repairing the ontology.
Repairing with B2 (bad-in_some_mus-weaker-shapley)...
[2026-06-25 16:50:01.999] Checking precondition...
[2026-06-25 16:50:02.000] Starting the repair...
[2026-06-25 16:50:02.006] Selected a reference ontology with 152 axioms.
[2026-06-25 16:50:02.196] Selected the bad axiom ClassAssertion(Patient pt).
[PowerIndexWeakerAxiomSelector] Scoring 1
...[truncated]
SUCCESS: attempt=184 seed=2598647 success_count=95/100
progress: ontology=MEDEON attempt=184 success=95/100
----- MEDEON attempt=185 seed=2612847 at 2026-06-25 16:50:15 -----
--- stdout ---
{"seed":2612847,"run_id":"20260624134028346645","trial_status":"success","error_type":null,"failure_stage":null,"error_message":null,"iic_values":{"B1_vs_A1":0.25301204819277107,"B1_vs_A2":1.0,"B1_vs_A3":0.0,"B2_vs_A1":1.0,"B2_vs_A2":1.0,"B2_vs_A3":0.5,"B3_vs_A1":1.0,"B3_vs_A2":1.0,"B3_vs_A3":0.5,"B4_vs_A1":1.0,"B4_vs_A2":1.0,"B4_vs_A3":0.5,"B5_vs_A1":1.0,"B5_vs_A2":1.0,"B5_vs_A3":0.5,"B6_vs_A1":1.0,"B6_vs_A2":1.0,"B6_vs_A3":0.5,"B7_vs_A1":1.0,"B7_vs_A2":1.0,"B7_vs_A3":0.5,"B8_vs_A1":1.0,"B8_vs_A2":1.0,"B8_vs_A3":0.5,"B9_vs_A1":1.0,"B9_vs_A2":1.0,"B9_vs_A3":0.5},"repair_runtimes_ms":{"A1":101,"A2":1193,"A3":520,"B1":238,"B2":701,"B3":2307,"B4":220,"B5":7913,"B6":5578,"B7":333,"B8":9541,"B9":5831}}

--- stderr ---
SingleTrialExperiment starting: ontology=/workspaces/ontologyutils-ekaw26/repair-power-index-replication-ekaw26/ontologies/inconsistent/MEDEON.owl, seed=2612847, run_id=20260624134028346645
Loaded ontology.
Normalizing ontology with SROIQ normalization...
Normalized ontology with SROIQ normalization.
Ontology is already inconsistent, skipping make-inconsistent step.
Repairing with A1 (random-removal)...
[2026-06-25 16:50:16.036] Checking precondition...
[2026-06-25 16:50:16.052] Starting the repair...
[2026-06-25 16:50:16.059] Found 78 possible bad axioms.
[2026-06-25 16:50:16.060] Selected the bad axiom ObjectPropertyAssertion(hasParticipant skin_tear pt).
[2026-06-25 16:50:16.063] Found 77 possible bad axioms.
[2026-06-25 16:50:16.063] Selected the bad axiom SubClassOf(ClinicalAdministration IncidentType).
[2026-06-25 16:50:16.069] Found 76 possible bad axioms.
[2026-06-25 16:50:16.069] Selected the bad axiom SubClassOf(DeviceName DeviceCharacteristic).
[2026-06-25 16:50:16.073] Found 75 possible bad axioms.
[2026-06-25 16:50:16.073] Selected the bad axiom SubClassOf(Blood-BloodProduct IncidentType).
[2026-06-25 16:50:16.076] Found 74 possible bad axioms.
[2026-06-25 16:50:16.077] Selected the bad axiom SubClassOf(Delay ErrorType).
[2026-06-25 16:50:16.080] Found 73 possible bad axioms.
[2026-06-25 16:50:16.080] Selected the bad axiom SubClassOf(StuffActivity Activity).
[2026-06-25 16:50:16.083] Found 72 possible bad axioms.
[2026-06-25 16:50:16.083] Selected the bad axiom SubClassOf(InappropriateUse ErrorType).
[2026-06-25 16:50:16.086] Found 71 possible bad axioms.
[2026-06-25 16:50:16.086] Selected the bad axiom SubClassOf(Timing StateOfCare).
[2026-06-25 16:50:16.089] Found 70 possible bad axioms.
[2026-06-25 16:50:16.089] Selected the bad axiom ClassAssertion(PatientActivity slip_down).
[2026-06-25 16:50:16.090] Found 69 possible bad axioms.
[2026-06-25 16:50:16.090] Selected the bad axiom SubClassOf(ObjectSomeValuesFrom(hasOutcome ObjectSomeValuesFrom(hasParticipant Person)) Fall).
[2026-06-25 16:50:16.093] Found 68 possible bad axioms.
[2026-06-25 16:50:16.093] Selected the bad axiom SubClassOf(ChangeOfInstrument MitigatingFactor).
[2026-06-25 16:50:16.101] Found 67 possible bad axioms.
[2026-06-25 16:50:16.101] Selected the bad axiom SubClassOf(Documentation IncidentType).
[2026-06-25 16:50:16.103] Found 66 possible bad axioms.
[2026-06-25 16:50:16.103] Selected the bad axiom SubClassOf(HealthcareAssociatedInfection IncidentType).
[2026-06-25 16:50:16.110] Found 65 possible bad axioms.
[2026-06-25 16:50:16.111] Selected the bad axiom SubClassOf(Medication-IVFluid IncidentType).
[2026-06-25 16:50:16.113] Found 64 possible bad axioms.
[2026-06-25 16:50:16.113] Selected the bad axiom SubClassOf(UseError ErrorType).
[2026-06-25 16:50:16.115] Found 63 possible bad axioms.
[2026-06-25 16:50:16.116] Selected the bad axiom SubClassOf(Fall ObjectSomeValuesFrom(hasOutcome ObjectSomeValuesFrom(hasParticipant Patient))).
[2026-06-25 16:50:16.118] F
...[truncated]
SUCCESS: attempt=185 seed=2612847 success_count=96/100
progress: ontology=MEDEON attempt=185 success=96/100
----- MEDEON attempt=186 seed=2627047 at 2026-06-25 16:50:52 -----
--- stdout ---
{"seed":2627047,"run_id":"20260624134028346645","trial_status":"success","error_type":null,"failure_stage":null,"error_message":null,"iic_values":{"B1_vs_A1":0.13513513513513514,"B1_vs_A2":0.0,"B1_vs_A3":0.5,"B2_vs_A1":0.136986301369863,"B2_vs_A2":0.0,"B2_vs_A3":0.6666666666666666,"B3_vs_A1":0.136986301369863,"B3_vs_A2":0.0,"B3_vs_A3":0.6666666666666666,"B4_vs_A1":1.0,"B4_vs_A2":0.5,"B4_vs_A3":1.0,"B5_vs_A1":1.0,"B5_vs_A2":0.5,"B5_vs_A3":1.0,"B6_vs_A1":1.0,"B6_vs_A2":0.5,"B6_vs_A3":1.0,"B7_vs_A1":1.0,"B7_vs_A2":0.5,"B7_vs_A3":1.0,"B8_vs_A1":1.0,"B8_vs_A2":0.5,"B8_vs_A3":1.0,"B9_vs_A1":1.0,"B9_vs_A2":0.5,"B9_vs_A3":1.0},"repair_runtimes_ms":{"A1":62,"A2":1226,"A3":485,"B1":239,"B2":4667,"B3":3483,"B4":144,"B5":1740,"B6":5346,"B7":165,"B8":1708,"B9":5135}}

--- stderr ---
SingleTrialExperiment starting: ontology=/workspaces/ontologyutils-ekaw26/repair-power-index-replication-ekaw26/ontologies/inconsistent/MEDEON.owl, seed=2627047, run_id=20260624134028346645
Loaded ontology.
Normalizing ontology with SROIQ normalization...
Normalized ontology with SROIQ normalization.
Ontology is already inconsistent, skipping make-inconsistent step.
Repairing with A1 (random-removal)...
[2026-06-25 16:50:52.528] Checking precondition...
[2026-06-25 16:50:52.546] Starting the repair...
[2026-06-25 16:50:52.552] Found 78 possible bad axioms.
[2026-06-25 16:50:52.554] Selected the bad axiom SubClassOf(Pathology-Laboratory IncidentType).
[2026-06-25 16:50:52.559] Found 77 possible bad axioms.
[2026-06-25 16:50:52.559] Selected the bad axiom SubClassOf(Management Action).
[2026-06-25 16:50:52.564] Found 76 possible bad axioms.
[2026-06-25 16:50:52.564] Selected the bad axiom SubClassOf(DeviceName DeviceCharacteristic).
[2026-06-25 16:50:52.568] Found 75 possible bad axioms.
[2026-06-25 16:50:52.569] Selected the bad axiom SubClassOf(StuffActivity Activity).
[2026-06-25 16:50:52.572] Found 74 possible bad axioms.
[2026-06-25 16:50:52.572] Selected the bad axiom ObjectPropertyAssertion(hasParticipant slip_down pt).
[2026-06-25 16:50:52.573] Found 73 possible bad axioms.
[2026-06-25 16:50:52.573] Selected the bad axiom SubClassOf(ImmediateAction Action).
[2026-06-25 16:50:52.576] Found 72 possible bad axioms.
[2026-06-25 16:50:52.576] Selected the bad axiom SubClassOf(Therapy Action).
[2026-06-25 16:50:52.579] Found 71 possible bad axioms.
[2026-06-25 16:50:52.579] Selected the bad axiom SubClassOf(InjuryAssessment Assessment).
[2026-06-25 16:50:52.582] Found 70 possible bad axioms.
[2026-06-25 16:50:52.582] Selected the bad axiom SubClassOf(UseError ErrorType).
[2026-06-25 16:50:52.585] Found 69 possible bad axioms.
[2026-06-25 16:50:52.585] Selected the bad axiom ClassAssertion(Patient pt).
[2026-06-25 16:50:52.586] Finished repairing the ontology.
Repairing with A2 (not-in-largest-mcs-removal)...
[2026-06-25 16:50:52.586] Checking precondition...
[2026-06-25 16:50:52.597] Starting the repair...
[2026-06-25 16:50:53.811] Found 2 possible bad axioms.
[2026-06-25 16:50:53.811] Selected the bad axiom ClassAssertion(Patient pt).
[2026-06-25 16:50:53.812] Finished repairing the ontology.
Repairing with A3 (default-weakening)...
[2026-06-25 16:50:53.814] Checking precondition...
[2026-06-25 16:50:53.816] Starting the repair...
[2026-06-25 16:50:53.825] Selected a reference ontology with 152 axioms.
[2026-06-25 16:50:54.044] Selected the bad axiom ClassAssertion(Patient pt).
[2026-06-25 16:50:54.065] Selected the weaker axiom ClassAssertion(Person pt).
[2026-06-25 16:50:54.258] Selected the bad axiom SubClassOf(Fall ObjectSomeValuesFrom(involvesActivity owl:Nothing)).
[2026-06-25 16:50:54.297] Selected the weaker axiom SubClassOf(Fall ClinicalProcess).
[2026-06-25 16:50:54.298] Finished repairing the ontology.
Repairing with B1 (bad-in_some_m
...[truncated]
SUCCESS: attempt=186 seed=2627047 success_count=97/100
progress: ontology=MEDEON attempt=186 success=97/100
----- MEDEON attempt=187 seed=2641247 at 2026-06-25 16:51:17 -----
--- stdout ---
{"seed":2641247,"run_id":"20260624134028346645","trial_status":"time_limit_exceeded","error_type":"timeout","failure_stage":"B4","error_message":"Repair timeout: B4 exceeded 300 seconds","iic_values":{},"repair_runtimes_ms":{"A1":73,"A2":1235,"A3":525,"B1":387,"B2":4622,"B3":3554,"B4":300001}}

--- stderr ---
SingleTrialExperiment starting: ontology=/workspaces/ontologyutils-ekaw26/repair-power-index-replication-ekaw26/ontologies/inconsistent/MEDEON.owl, seed=2641247, run_id=20260624134028346645
Loaded ontology.
Normalizing ontology with SROIQ normalization...
Normalized ontology with SROIQ normalization.
Ontology is already inconsistent, skipping make-inconsistent step.
Repairing with A1 (random-removal)...
[2026-06-25 16:51:17.692] Checking precondition...
[2026-06-25 16:51:17.708] Starting the repair...
[2026-06-25 16:51:17.715] Found 78 possible bad axioms.
[2026-06-25 16:51:17.716] Selected the bad axiom ClassAssertion(IncidentType patient_fall).
[2026-06-25 16:51:17.718] Found 77 possible bad axioms.
[2026-06-25 16:51:17.719] Selected the bad axiom SubClassOf(PatientActivity Activity).
[2026-06-25 16:51:17.726] Found 76 possible bad axioms.
[2026-06-25 16:51:17.726] Selected the bad axiom SubClassOf(TypeOfHarm PatientOutcome).
[2026-06-25 16:51:17.730] Found 75 possible bad axioms.
[2026-06-25 16:51:17.730] Selected the bad axiom SubClassOf(AssistiveDevice Device/Equipment).
[2026-06-25 16:51:17.734] Found 74 possible bad axioms.
[2026-06-25 16:51:17.734] Selected the bad axiom SubClassOf(DegreeOfHarm PatientOutcome).
[2026-06-25 16:51:17.737] Found 73 possible bad axioms.
[2026-06-25 16:51:17.738] Selected the bad axiom SubClassOf(Medication-IVFluid IncidentType).
[2026-06-25 16:51:17.740] Found 72 possible bad axioms.
[2026-06-25 16:51:17.741] Selected the bad axiom SubClassOf(StopUse ChangeOfInstrument).
[2026-06-25 16:51:17.743] Found 71 possible bad axioms.
[2026-06-25 16:51:17.744] Selected the bad axiom SubClassOf(Time TemporalInfo).
[2026-06-25 16:51:17.747] Found 70 possible bad axioms.
[2026-06-25 16:51:17.747] Selected the bad axiom ClassAssertion(TypeOfHarm skin_tear).
[2026-06-25 16:51:17.748] Found 69 possible bad axioms.
[2026-06-25 16:51:17.748] Selected the bad axiom SubClassOf(IncidentHistory PatientCharacteristic).
[2026-06-25 16:51:17.754] Found 68 possible bad axioms.
[2026-06-25 16:51:17.754] Selected the bad axiom SubClassOf(Infrastructure-Building-Fixture IncidentType).
[2026-06-25 16:51:17.758] Found 67 possible bad axioms.
[2026-06-25 16:51:17.758] Selected the bad axiom SubClassOf(Fall ObjectSomeValuesFrom(involvesActivity owl:Nothing)).
[2026-06-25 16:51:17.761] Finished repairing the ontology.
Repairing with A2 (not-in-largest-mcs-removal)...
[2026-06-25 16:51:17.762] Checking precondition...
[2026-06-25 16:51:17.773] Starting the repair...
[2026-06-25 16:51:18.996] Found 2 possible bad axioms.
[2026-06-25 16:51:18.997] Selected the bad axiom SubClassOf(Fall ObjectSomeValuesFrom(involvesActivity owl:Nothing)).
[2026-06-25 16:51:18.997] Finished repairing the ontology.
Repairing with A3 (default-weakening)...
[2026-06-25 16:51:18.999] Checking precondition...
[2026-06-25 16:51:19.001] Starting the repair...
[2026-06-25 16:51:19.017] Selected a reference ontology with 150 axioms.
[2026-06-25 16:51:19.249] Selected the 
...[truncated]
FAIL: attempt=187 seed=2641247 status=time_limit_exceeded stage=B4 message=Repair timeout: B4 exceeded 300 seconds
progress: ontology=MEDEON attempt=187 success=97/100
----- MEDEON attempt=188 seed=2655447 at 2026-06-25 16:56:28 -----
--- stdout ---
{"seed":2655447,"run_id":"20260624134028346645","trial_status":"success","error_type":null,"failure_stage":null,"error_message":null,"iic_values":{"B1_vs_A1":0.030303030303030304,"B1_vs_A2":1.0,"B1_vs_A3":0.3333333333333333,"B2_vs_A1":0.03076923076923077,"B2_vs_A2":1.0,"B2_vs_A3":0.5,"B3_vs_A1":1.0,"B3_vs_A2":1.0,"B3_vs_A3":1.0,"B4_vs_A1":1.0,"B4_vs_A2":1.0,"B4_vs_A3":1.0,"B5_vs_A1":1.0,"B5_vs_A2":1.0,"B5_vs_A3":1.0,"B6_vs_A1":1.0,"B6_vs_A2":1.0,"B6_vs_A3":1.0,"B7_vs_A1":1.0,"B7_vs_A2":1.0,"B7_vs_A3":1.0,"B8_vs_A1":1.0,"B8_vs_A2":1.0,"B8_vs_A3":1.0,"B9_vs_A1":1.0,"B9_vs_A2":1.0,"B9_vs_A3":1.0},"repair_runtimes_ms":{"A1":39,"A2":1242,"A3":329,"B1":266,"B2":4562,"B3":295,"B4":189,"B5":7815,"B6":5679,"B7":98,"B8":7454,"B9":1156}}

--- stderr ---
SingleTrialExperiment starting: ontology=/workspaces/ontologyutils-ekaw26/repair-power-index-replication-ekaw26/ontologies/inconsistent/MEDEON.owl, seed=2655447, run_id=20260624134028346645
Loaded ontology.
Normalizing ontology with SROIQ normalization...
Normalized ontology with SROIQ normalization.
Ontology is already inconsistent, skipping make-inconsistent step.
Repairing with A1 (random-removal)...
[2026-06-25 16:56:28.562] Checking precondition...
[2026-06-25 16:56:28.580] Starting the repair...
[2026-06-25 16:56:28.587] Found 78 possible bad axioms.
[2026-06-25 16:56:28.588] Selected the bad axiom SubClassOf(DeviceAvailability ErrorType).
[2026-06-25 16:56:28.594] Found 77 possible bad axioms.
[2026-06-25 16:56:28.594] Selected the bad axiom ClassAssertion(IncidentType patient_fall).
[2026-06-25 16:56:28.596] Found 76 possible bad axioms.
[2026-06-25 16:56:28.596] Selected the bad axiom ClassAssertion(Patient pt).
[2026-06-25 16:56:28.597] Finished repairing the ontology.
Repairing with A2 (not-in-largest-mcs-removal)...
[2026-06-25 16:56:28.598] Checking precondition...
[2026-06-25 16:56:28.605] Starting the repair...
[2026-06-25 16:56:29.839] Found 2 possible bad axioms.
[2026-06-25 16:56:29.840] Selected the bad axiom SubClassOf(Fall ObjectSomeValuesFrom(involvesActivity owl:Nothing)).
[2026-06-25 16:56:29.840] Finished repairing the ontology.
Repairing with A3 (default-weakening)...
[2026-06-25 16:56:29.841] Checking precondition...
[2026-06-25 16:56:29.844] Starting the repair...
[2026-06-25 16:56:29.855] Selected a reference ontology with 152 axioms.
[2026-06-25 16:56:30.092] Selected the bad axiom SubClassOf(Fall ObjectSomeValuesFrom(involvesActivity owl:Nothing)).
[2026-06-25 16:56:30.168] Selected the weaker axiom SubClassOf(Fall IncidentHistory).
[2026-06-25 16:56:30.170] Finished repairing the ontology.
Repairing with B1 (bad-in_some_mus-weaker-random)...
[2026-06-25 16:56:30.171] Checking precondition...
[2026-06-25 16:56:30.173] Starting the repair...
[2026-06-25 16:56:30.183] Selected a reference ontology with 152 axioms.
[2026-06-25 16:56:30.388] Selected the bad axiom SubClassOf(Fall ObjectSomeValuesFrom(involvesActivity owl:Nothing)).
[2026-06-25 16:56:30.435] Selected the weaker axiom SubClassOf(Fall HealthcareAssociatedInfection).
[2026-06-25 16:56:30.436] Finished repairing the ontology.
Repairing with B2 (bad-in_some_mus-weaker-shapley)...
[2026-06-25 16:56:30.438] Checking precondition...
[2026-06-25 16:56:30.440] Starting the repair...
[2026-06-25 16:56:30.445] Selected a reference ontology with 152 axioms.
[2026-06-25 16:56:30.612] Selected the bad axiom SubClassOf(Fall ObjectSomeValuesFrom(involvesActivity owl:Nothing)).
[PowerIndexWeakerAxiomSelector] Scoring 108 candidate weakenings for Fall ⊑ ∃ involvesActivity.⊥
[PowerIndexWeakerAxiomSelector] Selected weaker axiom: Fall ⊑ AssistiveDevice
[2026-06-25 16:56:34.957] Selected the weaker axiom SubClassOf(Fall AssistiveDevice).
[2026-06-25 16:56:34.974] Finished rep
...[truncated]
SUCCESS: attempt=188 seed=2655447 success_count=98/100
progress: ontology=MEDEON attempt=188 success=98/100
----- MEDEON attempt=189 seed=2669647 at 2026-06-25 16:56:58 -----
--- stdout ---
{"seed":2669647,"run_id":"20260624134028346645","trial_status":"time_limit_exceeded","error_type":"timeout","failure_stage":"B4","error_message":"Repair timeout: B4 exceeded 300 seconds","iic_values":{},"repair_runtimes_ms":{"A1":52,"A2":1244,"A3":457,"B1":246,"B2":4706,"B3":3467,"B4":300001}}

--- stderr ---
SingleTrialExperiment starting: ontology=/workspaces/ontologyutils-ekaw26/repair-power-index-replication-ekaw26/ontologies/inconsistent/MEDEON.owl, seed=2669647, run_id=20260624134028346645
Loaded ontology.
Normalizing ontology with SROIQ normalization...
Normalized ontology with SROIQ normalization.
Ontology is already inconsistent, skipping make-inconsistent step.
Repairing with A1 (random-removal)...
[2026-06-25 16:56:58.420] Checking precondition...
[2026-06-25 16:56:58.436] Starting the repair...
[2026-06-25 16:56:58.442] Found 78 possible bad axioms.
[2026-06-25 16:56:58.443] Selected the bad axiom SubClassOf(ClinicalProcess IncidentType).
[2026-06-25 16:56:58.449] Found 77 possible bad axioms.
[2026-06-25 16:56:58.449] Selected the bad axiom ObjectPropertyAssertion(causes slip_down skin_tear).
[2026-06-25 16:56:58.451] Found 76 possible bad axioms.
[2026-06-25 16:56:58.452] Selected the bad axiom SubClassOf(Process IncidentCharacteristic).
[2026-06-25 16:56:58.456] Found 75 possible bad axioms.
[2026-06-25 16:56:58.456] Selected the bad axiom SubClassOf(Management Action).
[2026-06-25 16:56:58.461] Found 74 possible bad axioms.
[2026-06-25 16:56:58.461] Selected the bad axiom SubClassOf(ChangeOfInstrument MitigatingFactor).
[2026-06-25 16:56:58.464] Found 73 possible bad axioms.
[2026-06-25 16:56:58.464] Selected the bad axiom SubClassOf(Infrastructure-Building-Fixture IncidentType).
[2026-06-25 16:56:58.467] Found 72 possible bad axioms.
[2026-06-25 16:56:58.467] Selected the bad axiom ClassAssertion(Patient pt).
[2026-06-25 16:56:58.468] Finished repairing the ontology.
Repairing with A2 (not-in-largest-mcs-removal)...
[2026-06-25 16:56:58.469] Checking precondition...
[2026-06-25 16:56:58.475] Starting the repair...
[2026-06-25 16:56:59.712] Found 2 possible bad axioms.
[2026-06-25 16:56:59.713] Selected the bad axiom SubClassOf(Fall ObjectSomeValuesFrom(involvesActivity owl:Nothing)).
[2026-06-25 16:56:59.713] Finished repairing the ontology.
Repairing with A3 (default-weakening)...
[2026-06-25 16:56:59.714] Checking precondition...
[2026-06-25 16:56:59.716] Starting the repair...
[2026-06-25 16:56:59.726] Selected a reference ontology with 152 axioms.
[2026-06-25 16:56:59.948] Selected the bad axiom ClassAssertion(Patient pt).
[2026-06-25 16:56:59.970] Selected the weaker axiom ClassAssertion(Person pt).
[2026-06-25 16:57:00.166] Selected the bad axiom ClassAssertion(Person pt).
[2026-06-25 16:57:00.169] Selected the weaker axiom ClassAssertion(owl:Thing pt).
[2026-06-25 16:57:00.171] Finished repairing the ontology.
Repairing with B1 (bad-in_some_mus-weaker-random)...
[2026-06-25 16:57:00.171] Checking precondition...
[2026-06-25 16:57:00.174] Starting the repair...
[2026-06-25 16:57:00.188] Selected a reference ontology with 150 axioms.
[2026-06-25 16:57:00.358] Selected the bad axiom SubClassOf(Fall ObjectSomeValuesFrom(involvesActivity owl:Nothing)).
[2026-06-25 16:57:00.417] Selected the weaker axiom SubClassOf(Fall PatientActivi
...[truncated]
FAIL: attempt=189 seed=2669647 status=time_limit_exceeded stage=B4 message=Repair timeout: B4 exceeded 300 seconds
progress: ontology=MEDEON attempt=189 success=98/100
----- MEDEON attempt=190 seed=2683847 at 2026-06-25 17:02:08 -----
--- stdout ---
{"seed":2683847,"run_id":"20260624134028346645","trial_status":"time_limit_exceeded","error_type":"timeout","failure_stage":"B7","error_message":"Repair timeout: B7 exceeded 300 seconds","iic_values":{},"repair_runtimes_ms":{"A1":73,"A2":1245,"A3":501,"B1":401,"B2":698,"B3":3428,"B4":173,"B5":9166,"B6":5816,"B7":300001}}

--- stderr ---
SingleTrialExperiment starting: ontology=/workspaces/ontologyutils-ekaw26/repair-power-index-replication-ekaw26/ontologies/inconsistent/MEDEON.owl, seed=2683847, run_id=20260624134028346645
Loaded ontology.
Normalizing ontology with SROIQ normalization...
Normalized ontology with SROIQ normalization.
Ontology is already inconsistent, skipping make-inconsistent step.
Repairing with A1 (random-removal)...
[2026-06-25 17:02:09.075] Checking precondition...
[2026-06-25 17:02:09.092] Starting the repair...
[2026-06-25 17:02:09.099] Found 78 possible bad axioms.
[2026-06-25 17:02:09.101] Selected the bad axiom SubClassOf(DeviceName DeviceCharacteristic).
[2026-06-25 17:02:09.107] Found 77 possible bad axioms.
[2026-06-25 17:02:09.107] Selected the bad axiom SubClassOf(StopUse MitigatingFactor).
[2026-06-25 17:02:09.111] Found 76 possible bad axioms.
[2026-06-25 17:02:09.112] Selected the bad axiom SubClassOf(UseError ErrorType).
[2026-06-25 17:02:09.116] Found 75 possible bad axioms.
[2026-06-25 17:02:09.116] Selected the bad axiom SubClassOf(ErrorType IncidentCharacteristic).
[2026-06-25 17:02:09.119] Found 74 possible bad axioms.
[2026-06-25 17:02:09.119] Selected the bad axiom SubClassOf(Process IncidentCharacteristic).
[2026-06-25 17:02:09.122] Found 73 possible bad axioms.
[2026-06-25 17:02:09.122] Selected the bad axiom SubClassOf(SkinTear TypeOfHarm).
[2026-06-25 17:02:09.124] Found 72 possible bad axioms.
[2026-06-25 17:02:09.125] Selected the bad axiom SubClassOf(Fall ObjectSomeValuesFrom(involvesActivity ObjectSomeValuesFrom(hasParticipant Patient))).
[2026-06-25 17:02:09.128] Found 71 possible bad axioms.
[2026-06-25 17:02:09.128] Selected the bad axiom ObjectPropertyAssertion(causes slip_down skin_tear).
[2026-06-25 17:02:09.129] Found 70 possible bad axioms.
[2026-06-25 17:02:09.130] Selected the bad axiom SubClassOf(ImmediateAction Action).
[2026-06-25 17:02:09.132] Found 69 possible bad axioms.
[2026-06-25 17:02:09.132] Selected the bad axiom SubClassOf(Patient Person).
[2026-06-25 17:02:09.139] Found 68 possible bad axioms.
[2026-06-25 17:02:09.139] Selected the bad axiom ObjectPropertyAssertion(involvesActivity patient_fall slip_down).
[2026-06-25 17:02:09.140] Found 67 possible bad axioms.
[2026-06-25 17:02:09.141] Selected the bad axiom SubClassOf(Fall ObjectSomeValuesFrom(involvesActivity owl:Nothing)).
[2026-06-25 17:02:09.144] Finished repairing the ontology.
Repairing with A2 (not-in-largest-mcs-removal)...
[2026-06-25 17:02:09.145] Checking precondition...
[2026-06-25 17:02:09.155] Starting the repair...
[2026-06-25 17:02:10.388] Found 2 possible bad axioms.
[2026-06-25 17:02:10.388] Selected the bad axiom ClassAssertion(Patient pt).
[2026-06-25 17:02:10.389] Finished repairing the ontology.
Repairing with A3 (default-weakening)...
[2026-06-25 17:02:10.391] Checking precondition...
[2026-06-25 17:02:10.393] Starting the repair...
[2026-06-25 17:02:10.402] Selected a reference ontology with 152 axioms.
[2026-06-25 17:02:10.626] S
...[truncated]
FAIL: attempt=190 seed=2683847 status=time_limit_exceeded stage=B7 message=Repair timeout: B7 exceeded 300 seconds
progress: ontology=MEDEON attempt=190 success=98/100
----- MEDEON attempt=191 seed=2698047 at 2026-06-25 17:07:30 -----
--- stdout ---
{"seed":2698047,"run_id":"20260624134028346645","trial_status":"success","error_type":null,"failure_stage":null,"error_message":null,"iic_values":{"B1_vs_A1":1.0,"B1_vs_A2":0.0,"B1_vs_A3":0.5,"B2_vs_A1":1.0,"B2_vs_A2":0.5,"B2_vs_A3":1.0,"B3_vs_A1":1.0,"B3_vs_A2":0.0,"B3_vs_A3":1.0,"B4_vs_A1":1.0,"B4_vs_A2":0.5,"B4_vs_A3":1.0,"B5_vs_A1":1.0,"B5_vs_A2":0.5,"B5_vs_A3":1.0,"B6_vs_A1":1.0,"B6_vs_A2":0.5,"B6_vs_A3":1.0,"B7_vs_A1":1.0,"B7_vs_A2":0.5,"B7_vs_A3":1.0,"B8_vs_A1":1.0,"B8_vs_A2":0.5,"B8_vs_A3":1.0,"B9_vs_A1":1.0,"B9_vs_A2":0.5,"B9_vs_A3":1.0},"repair_runtimes_ms":{"A1":115,"A2":1187,"A3":696,"B1":229,"B2":745,"B3":3415,"B4":131,"B5":7882,"B6":5558,"B7":125,"B8":8169,"B9":5570}}

--- stderr ---
SingleTrialExperiment starting: ontology=/workspaces/ontologyutils-ekaw26/repair-power-index-replication-ekaw26/ontologies/inconsistent/MEDEON.owl, seed=2698047, run_id=20260624134028346645
Loaded ontology.
Normalizing ontology with SROIQ normalization...
Normalized ontology with SROIQ normalization.
Ontology is already inconsistent, skipping make-inconsistent step.
Repairing with A1 (random-removal)...
[2026-06-25 17:07:31.041] Checking precondition...
[2026-06-25 17:07:31.056] Starting the repair...
[2026-06-25 17:07:31.063] Found 78 possible bad axioms.
[2026-06-25 17:07:31.064] Selected the bad axiom SubClassOf(MedicalDevice-Equipment IncidentType).
[2026-06-25 17:07:31.070] Found 77 possible bad axioms.
[2026-06-25 17:07:31.070] Selected the bad axiom SubClassOf(Resource-OrganizationalManagement IncidentType).
[2026-06-25 17:07:31.075] Found 76 possible bad axioms.
[2026-06-25 17:07:31.075] Selected the bad axiom ClassAssertion(IncidentType patient_fall).
[2026-06-25 17:07:31.076] Found 75 possible bad axioms.
[2026-06-25 17:07:31.077] Selected the bad axiom SubClassOf(IncidentHistory PatientCharacteristic).
[2026-06-25 17:07:31.081] Found 74 possible bad axioms.
[2026-06-25 17:07:31.081] Selected the bad axiom ObjectPropertyAssertion(hasParticipant fracture pt).
[2026-06-25 17:07:31.082] Found 73 possible bad axioms.
[2026-06-25 17:07:31.082] Selected the bad axiom SubClassOf(ClinicalAdministration IncidentType).
[2026-06-25 17:07:31.085] Found 72 possible bad axioms.
[2026-06-25 17:07:31.085] Selected the bad axiom SubClassOf(Defect ErrorType).
[2026-06-25 17:07:31.088] Found 71 possible bad axioms.
[2026-06-25 17:07:31.088] Selected the bad axiom SubClassOf(Management Action).
[2026-06-25 17:07:31.090] Found 70 possible bad axioms.
[2026-06-25 17:07:31.092] Selected the bad axiom ObjectPropertyAssertion(hasParticipant skin_tear pt).
[2026-06-25 17:07:31.093] Found 69 possible bad axioms.
[2026-06-25 17:07:31.093] Selected the bad axiom SubClassOf(PatientBehaviour IncidentType).
[2026-06-25 17:07:31.095] Found 68 possible bad axioms.
[2026-06-25 17:07:31.096] Selected the bad axiom SubClassOf(Delay ErrorType).
[2026-06-25 17:07:31.102] Found 67 possible bad axioms.
[2026-06-25 17:07:31.103] Selected the bad axiom SubClassOf(PressureUlcer IncidentType).
[2026-06-25 17:07:31.105] Found 66 possible bad axioms.
[2026-06-25 17:07:31.106] Selected the bad axiom SubClassOf(Oxigen-GasVapour IncidentType).
[2026-06-25 17:07:31.108] Found 65 possible bad axioms.
[2026-06-25 17:07:31.108] Selected the bad axiom SubClassOf(Infrastructure-Building-Fixture PatientBehaviour).
[2026-06-25 17:07:31.115] Found 64 possible bad axioms.
[2026-06-25 17:07:31.115] Selected the bad axiom SubClassOf(Medication-IVFluid IncidentType).
[2026-06-25 17:07:31.118] Found 63 possible bad axioms.
[2026-06-25 17:07:31.118] Selected the bad axiom SubClassOf(Timing StateOfCare).
[2026-06-25 17:07:31.121] Found 62 possible bad axioms.
[2026-06-25 17:07:31.121] Selected the bad
...[truncated]
SUCCESS: attempt=191 seed=2698047 success_count=99/100
progress: ontology=MEDEON attempt=191 success=99/100
----- MEDEON attempt=192 seed=2712247 at 2026-06-25 17:08:05 -----
--- stdout ---
{"seed":2712247,"run_id":"20260624134028346645","trial_status":"time_limit_exceeded","error_type":"timeout","failure_stage":"B4","error_message":"Repair timeout: B4 exceeded 300 seconds","iic_values":{},"repair_runtimes_ms":{"A1":80,"A2":1228,"A3":326,"B1":438,"B2":709,"B3":820,"B4":300002}}

--- stderr ---
SingleTrialExperiment starting: ontology=/workspaces/ontologyutils-ekaw26/repair-power-index-replication-ekaw26/ontologies/inconsistent/MEDEON.owl, seed=2712247, run_id=20260624134028346645
Loaded ontology.
Normalizing ontology with SROIQ normalization...
Normalized ontology with SROIQ normalization.
Ontology is already inconsistent, skipping make-inconsistent step.
Repairing with A1 (random-removal)...
[2026-06-25 17:08:05.708] Checking precondition...
[2026-06-25 17:08:05.724] Starting the repair...
[2026-06-25 17:08:05.731] Found 78 possible bad axioms.
[2026-06-25 17:08:05.732] Selected the bad axiom SubClassOf(DeviceType DeviceCharacteristic).
[2026-06-25 17:08:05.739] Found 77 possible bad axioms.
[2026-06-25 17:08:05.739] Selected the bad axiom SubClassOf(StopUse ChangeOfInstrument).
[2026-06-25 17:08:05.744] Found 76 possible bad axioms.
[2026-06-25 17:08:05.744] Selected the bad axiom SubClassOf(Management Action).
[2026-06-25 17:08:05.748] Found 75 possible bad axioms.
[2026-06-25 17:08:05.748] Selected the bad axiom ObjectPropertyAssertion(causes slip_down fracture).
[2026-06-25 17:08:05.750] Found 74 possible bad axioms.
[2026-06-25 17:08:05.750] Selected the bad axiom SubClassOf(StateOfCare TemporalInfo).
[2026-06-25 17:08:05.753] Found 73 possible bad axioms.
[2026-06-25 17:08:05.753] Selected the bad axiom SubClassOf(MissingInstrument ErrorType).
[2026-06-25 17:08:05.756] Found 72 possible bad axioms.
[2026-06-25 17:08:05.757] Selected the bad axiom SubClassOf(ClinicalProcess IncidentType).
[2026-06-25 17:08:05.759] Found 71 possible bad axioms.
[2026-06-25 17:08:05.759] Selected the bad axiom ObjectPropertyAssertion(hasOutcome patient_fall fracture).
[2026-06-25 17:08:05.760] Found 70 possible bad axioms.
[2026-06-25 17:08:05.760] Selected the bad axiom SubClassOf(PhysicalCondition PatientCharacteristic).
[2026-06-25 17:08:05.763] Found 69 possible bad axioms.
[2026-06-25 17:08:05.763] Selected the bad axiom SubClassOf(DeviceFailure ErrorType).
[2026-06-25 17:08:05.765] Found 68 possible bad axioms.
[2026-06-25 17:08:05.766] Selected the bad axiom SubClassOf(Timing TemporalInfo).
[2026-06-25 17:08:05.772] Found 67 possible bad axioms.
[2026-06-25 17:08:05.772] Selected the bad axiom ObjectPropertyAssertion(hasParticipant slip_down pt).
[2026-06-25 17:08:05.773] Found 66 possible bad axioms.
[2026-06-25 17:08:05.773] Selected the bad axiom SubClassOf(Patient Person).
[2026-06-25 17:08:05.776] Found 65 possible bad axioms.
[2026-06-25 17:08:05.776] Selected the bad axiom SubClassOf(Documentation IncidentType).
[2026-06-25 17:08:05.783] Found 64 possible bad axioms.
[2026-06-25 17:08:05.783] Selected the bad axiom ObjectPropertyAssertion(hasOutcome patient_fall skin_tear).
[2026-06-25 17:08:05.783] Finished repairing the ontology.
Repairing with A2 (not-in-largest-mcs-removal)...
[2026-06-25 17:08:05.784] Checking precondition...
[2026-06-25 17:08:05.790] Starting the repair...
[2026-06-25 17:08:07.011] Found 2 possible bad axioms.
[
...[truncated]
FAIL: attempt=192 seed=2712247 status=time_limit_exceeded stage=B4 message=Repair timeout: B4 exceeded 300 seconds
progress: ontology=MEDEON attempt=192 success=99/100
----- MEDEON attempt=193 seed=2726447 at 2026-06-25 17:13:09 -----
--- stdout ---
{"seed":2726447,"run_id":"20260624134028346645","trial_status":"time_limit_exceeded","error_type":"timeout","failure_stage":"B4","error_message":"Repair timeout: B4 exceeded 300 seconds","iic_values":{},"repair_runtimes_ms":{"A1":94,"A2":1229,"A3":299,"B1":250,"B2":3372,"B3":712,"B4":300001}}

--- stderr ---
SingleTrialExperiment starting: ontology=/workspaces/ontologyutils-ekaw26/repair-power-index-replication-ekaw26/ontologies/inconsistent/MEDEON.owl, seed=2726447, run_id=20260624134028346645
Loaded ontology.
Normalizing ontology with SROIQ normalization...
Normalized ontology with SROIQ normalization.
Ontology is already inconsistent, skipping make-inconsistent step.
Repairing with A1 (random-removal)...
[2026-06-25 17:13:09.761] Checking precondition...
[2026-06-25 17:13:09.777] Starting the repair...
[2026-06-25 17:13:09.784] Found 78 possible bad axioms.
[2026-06-25 17:13:09.785] Selected the bad axiom ClassAssertion(TypeOfHarm fracture).
[2026-06-25 17:13:09.787] Found 77 possible bad axioms.
[2026-06-25 17:13:09.788] Selected the bad axiom SubClassOf(AssistiveDevice Device/Equipment).
[2026-06-25 17:13:09.794] Found 76 possible bad axioms.
[2026-06-25 17:13:09.794] Selected the bad axiom SubClassOf(Social/EconomicalImpact PatientOutcome).
[2026-06-25 17:13:09.798] Found 75 possible bad axioms.
[2026-06-25 17:13:09.798] Selected the bad axiom SubClassOf(ObjectSomeValuesFrom(hasOutcome ObjectSomeValuesFrom(hasParticipant Person)) Fall).
[2026-06-25 17:13:09.802] Found 74 possible bad axioms.
[2026-06-25 17:13:09.802] Selected the bad axiom SubClassOf(Timing TemporalInfo).
[2026-06-25 17:13:09.805] Found 73 possible bad axioms.
[2026-06-25 17:13:09.805] Selected the bad axiom SubClassOf(ObjectSomeValuesFrom(involvesActivity ObjectSomeValuesFrom(hasParticipant Patient)) Fall).
[2026-06-25 17:13:09.808] Found 72 possible bad axioms.
[2026-06-25 17:13:09.808] Selected the bad axiom SubClassOf(Defect ErrorType).
[2026-06-25 17:13:09.810] Found 71 possible bad axioms.
[2026-06-25 17:13:09.811] Selected the bad axiom SubClassOf(Pathology-Laboratory IncidentType).
[2026-06-25 17:13:09.814] Found 70 possible bad axioms.
[2026-06-25 17:13:09.814] Selected the bad axiom SubClassOf(TypeOfHarm PatientOutcome).
[2026-06-25 17:13:09.817] Found 69 possible bad axioms.
[2026-06-25 17:13:09.817] Selected the bad axiom SubClassOf(Management Action).
[2026-06-25 17:13:09.824] Found 68 possible bad axioms.
[2026-06-25 17:13:09.824] Selected the bad axiom SubClassOf(StopUse ChangeOfInstrument).
[2026-06-25 17:13:09.827] Found 67 possible bad axioms.
[2026-06-25 17:13:09.827] Selected the bad axiom ObjectPropertyAssertion(hasParticipant fracture pt).
[2026-06-25 17:13:09.828] Found 66 possible bad axioms.
[2026-06-25 17:13:09.828] Selected the bad axiom SubClassOf(Treatment Action).
[2026-06-25 17:13:09.835] Found 65 possible bad axioms.
[2026-06-25 17:13:09.835] Selected the bad axiom SubClassOf(StateOfCare TemporalInfo).
[2026-06-25 17:13:09.837] Found 64 possible bad axioms.
[2026-06-25 17:13:09.837] Selected the bad axiom SubClassOf(Process IncidentCharacteristic).
[2026-06-25 17:13:09.839] Found 63 possible bad axioms.
[2026-06-25 17:13:09.839] Selected the bad axiom SubClassOf(Site PatientOutcome).
[2026-06-25 17:13:09.842] Found 62 possible bad axioms.
[2026-0
...[truncated]
FAIL: attempt=193 seed=2726447 status=time_limit_exceeded stage=B4 message=Repair timeout: B4 exceeded 300 seconds
progress: ontology=MEDEON attempt=193 success=99/100
----- MEDEON attempt=194 seed=2740647 at 2026-06-25 17:18:15 -----
--- stdout ---
{"seed":2740647,"run_id":"20260624134028346645","trial_status":"success","error_type":null,"failure_stage":null,"error_message":null,"iic_values":{"B1_vs_A1":1.0,"B1_vs_A2":1.0,"B1_vs_A3":0.0,"B2_vs_A1":1.0,"B2_vs_A2":1.0,"B2_vs_A3":0.0,"B3_vs_A1":1.0,"B3_vs_A2":1.0,"B3_vs_A3":0.0,"B4_vs_A1":1.0,"B4_vs_A2":1.0,"B4_vs_A3":0.5,"B5_vs_A1":1.0,"B5_vs_A2":1.0,"B5_vs_A3":0.5,"B6_vs_A1":1.0,"B6_vs_A2":1.0,"B6_vs_A3":0.5,"B7_vs_A1":1.0,"B7_vs_A2":1.0,"B7_vs_A3":0.5,"B8_vs_A1":1.0,"B8_vs_A2":1.0,"B8_vs_A3":0.5,"B9_vs_A1":1.0,"B9_vs_A2":1.0,"B9_vs_A3":0.5},"repair_runtimes_ms":{"A1":131,"A2":1166,"A3":267,"B1":273,"B2":4547,"B3":3138,"B4":282,"B5":8972,"B6":1063,"B7":199,"B8":7660,"B9":5545}}

--- stderr ---
SingleTrialExperiment starting: ontology=/workspaces/ontologyutils-ekaw26/repair-power-index-replication-ekaw26/ontologies/inconsistent/MEDEON.owl, seed=2740647, run_id=20260624134028346645
Loaded ontology.
Normalizing ontology with SROIQ normalization...
Normalized ontology with SROIQ normalization.
Ontology is already inconsistent, skipping make-inconsistent step.
Repairing with A1 (random-removal)...
[2026-06-25 17:18:16.168] Checking precondition...
[2026-06-25 17:18:16.185] Starting the repair...
[2026-06-25 17:18:16.192] Found 78 possible bad axioms.
[2026-06-25 17:18:16.194] Selected the bad axiom ObjectPropertyAssertion(involvesActivity patient_fall slip_down).
[2026-06-25 17:18:16.196] Found 77 possible bad axioms.
[2026-06-25 17:18:16.196] Selected the bad axiom SubClassOf(NotifyManufacturer MitigatingFactor).
[2026-06-25 17:18:16.200] Found 76 possible bad axioms.
[2026-06-25 17:18:16.200] Selected the bad axiom SubClassOf(ImmediateAction Action).
[2026-06-25 17:18:16.205] Found 75 possible bad axioms.
[2026-06-25 17:18:16.205] Selected the bad axiom SubClassOf(IncidentHistory PatientCharacteristic).
[2026-06-25 17:18:16.209] Found 74 possible bad axioms.
[2026-06-25 17:18:16.210] Selected the bad axiom SubClassOf(Site PatientOutcome).
[2026-06-25 17:18:16.213] Found 73 possible bad axioms.
[2026-06-25 17:18:16.213] Selected the bad axiom SubClassOf(UseError ErrorType).
[2026-06-25 17:18:16.216] Found 72 possible bad axioms.
[2026-06-25 17:18:16.216] Selected the bad axiom SubClassOf(Nutrition IncidentType).
[2026-06-25 17:18:16.219] Found 71 possible bad axioms.
[2026-06-25 17:18:16.219] Selected the bad axiom SubClassOf(Resource-OrganizationalManagement IncidentType).
[2026-06-25 17:18:16.222] Found 70 possible bad axioms.
[2026-06-25 17:18:16.222] Selected the bad axiom SubClassOf(Oxigen-GasVapour IncidentType).
[2026-06-25 17:18:16.225] Found 69 possible bad axioms.
[2026-06-25 17:18:16.225] Selected the bad axiom SubClassOf(Infrastructure-Building-Fixture IncidentType).
[2026-06-25 17:18:16.231] Found 68 possible bad axioms.
[2026-06-25 17:18:16.231] Selected the bad axiom SubClassOf(SkinTear TypeOfHarm).
[2026-06-25 17:18:16.234] Found 67 possible bad axioms.
[2026-06-25 17:18:16.234] Selected the bad axiom SubClassOf(Infrastructure-Building-Fixture PatientBehaviour).
[2026-06-25 17:18:16.242] Found 66 possible bad axioms.
[2026-06-25 17:18:16.242] Selected the bad axiom SubClassOf(Documentation IncidentType).
[2026-06-25 17:18:16.244] Found 65 possible bad axioms.
[2026-06-25 17:18:16.244] Selected the bad axiom ObjectPropertyAssertion(hasParticipant fracture pt).
[2026-06-25 17:18:16.245] Found 64 possible bad axioms.
[2026-06-25 17:18:16.245] Selected the bad axiom SubClassOf(DeviceName DeviceCharacteristic).
[2026-06-25 17:18:16.247] Found 63 possible bad axioms.
[2026-06-25 17:18:16.247] Selected the bad axiom SubClassOf(StuffActivity Activity).
[2026-06-25 17:18:16.250] Found 62 possible bad axioms.
[2026-06-25 17:18:16.250
...[truncated]
SUCCESS: attempt=194 seed=2740647 success_count=100/100
progress: ontology=MEDEON attempt=194 success=100/100
=== run_trials finished at 2026-06-28 17:53:08 for MEDEON - 100 successes, 94 failures, 194 attempts ===
Failed attempts:
  attempt=1 seed=47 msg=Repair timeout: B7 exceeded 300 seconds
  attempt=2 seed=14247 msg=Repair timeout: B7 exceeded 300 seconds
  attempt=3 seed=28447 msg=Repair timeout: B7 exceeded 300 seconds
  attempt=8 seed=99447 msg=Repair timeout: B4 exceeded 300 seconds
  attempt=13 seed=170447 msg=Repair timeout: B7 exceeded 300 seconds
  attempt=14 seed=184647 msg=Repair timeout: B7 exceeded 300 seconds
  attempt=20 seed=269847 msg=Repair timeout: B7 exceeded 300 seconds
  attempt=21 seed=284047 msg=Repair timeout: B7 exceeded 300 seconds
  attempt=22 seed=298247 msg=Repair timeout: B7 exceeded 300 seconds
  attempt=23 seed=312447 msg=Repair timeout: B7 exceeded 300 seconds
  attempt=26 seed=355047 msg=Repair timeout: B4 exceeded 300 seconds
  attempt=27 seed=369247 msg=Repair timeout: B4 exceeded 300 seconds
  attempt=28 seed=383447 msg=Repair timeout: B4 exceeded 300 seconds
  attempt=30 seed=411847 msg=Repair timeout: B4 exceeded 300 seconds
  attempt=32 seed=440247 msg=Repair timeout: B7 exceeded 300 seconds
  attempt=35 seed=482847 msg=Repair timeout: B4 exceeded 300 seconds
  attempt=37 seed=511247 msg=Repair timeout: B4 exceeded 300 seconds
  attempt=39 seed=539647 msg=Repair timeout: B7 exceeded 300 seconds
  attempt=40 seed=553847 msg=Repair timeout: B7 exceeded 300 seconds
  attempt=43 seed=596447 msg=Repair timeout: B4 exceeded 300 seconds
  attempt=44 seed=610647 msg=Repair timeout: B4 exceeded 300 seconds
  attempt=47 seed=653247 msg=Repair timeout: B4 exceeded 300 seconds
  attempt=49 seed=681647 msg=Repair timeout: B7 exceeded 300 seconds
  attempt=50 seed=695847 msg=Repair timeout: B4 exceeded 300 seconds
  attempt=51 seed=710047 msg=Repair timeout: B7 exceeded 300 seconds
  attempt=53 seed=738447 msg=Repair timeout: B4 exceeded 300 seconds
  attempt=54 seed=752647 msg=Repair timeout: B4 exceeded 300 seconds
  attempt=55 seed=766847 msg=Repair timeout: B7 exceeded 300 seconds
  attempt=56 seed=781047 msg=Repair timeout: B7 exceeded 300 seconds
  attempt=59 seed=823647 msg=Repair timeout: B4 exceeded 300 seconds
  attempt=60 seed=837847 msg=Repair timeout: B4 exceeded 300 seconds
  attempt=61 seed=852047 msg=Repair timeout: B4 exceeded 300 seconds
  attempt=62 seed=866247 msg=Repair timeout: B4 exceeded 300 seconds
  attempt=64 seed=894647 msg=Repair timeout: B7 exceeded 300 seconds
  attempt=66 seed=923047 msg=Repair timeout: B7 exceeded 300 seconds
  attempt=72 seed=1008247 msg=Repair timeout: B4 exceeded 300 seconds
  attempt=75 seed=1050847 msg=Repair timeout: B4 exceeded 300 seconds
  attempt=76 seed=1065047 msg=Repair timeout: B7 exceeded 300 seconds
  attempt=77 seed=1079247 msg=Repair timeout: B7 exceeded 300 seconds
  attempt=78 seed=1093447 msg=Repair timeout: B4 exceeded 300 seconds
  attempt=79 seed=1107647 msg=Repair timeout: B4 exceeded 300 seconds
  attempt=80 seed=1121847 msg=Repair timeout: B4 exceeded 300 seconds
  attempt=82 seed=1150247 msg=Repair timeout: B7 exceeded 300 seconds
  attempt=83 seed=1164447 msg=Repair timeout: B7 exceeded 300 seconds
  attempt=84 seed=1178647 msg=Repair timeout: B4 exceeded 300 seconds
  attempt=87 seed=1221247 msg=Repair timeout: B4 exceeded 300 seconds
  attempt=91 seed=1278047 msg=Repair timeout: B4 exceeded 300 seconds
  attempt=98 seed=1377447 msg=Repair timeout: B7 exceeded 300 seconds
  attempt=105 seed=1476847 msg=Repair timeout: B4 exceeded 300 seconds
  attempt=109 seed=1533647 msg=Repair timeout: B4 exceeded 300 seconds
  attempt=110 seed=1547847 msg=Repair timeout: B4 exceeded 300 seconds
  attempt=112 seed=1576247 msg=Repair timeout: B4 exceeded 300 seconds
  attempt=113 seed=1590447 msg=Repair timeout: B4 exceeded 300 seconds
  attempt=115 seed=1618847 msg=Repair timeout: B7 exceeded 300 seconds
  attempt=116 seed=1633047 msg=Repair timeout: B4 exceeded 300 seconds
  attempt=117 seed=1647247 msg=Repair timeout: B4 exceeded 300 seconds
  attempt=118 seed=1661447 msg=Repair timeout: B7 exceeded 300 seconds
  attempt=119 seed=1675647 msg=Repair timeout: B4 exceeded 300 seconds
  attempt=121 seed=1704047 msg=Repair timeout: B4 exceeded 300 seconds
  attempt=123 seed=1732447 msg=Repair timeout: B7 exceeded 300 seconds
  attempt=124 seed=1746647 msg=Repair timeout: B7 exceeded 300 seconds
  attempt=125 seed=1760847 msg=Repair timeout: B4 exceeded 300 seconds
  attempt=129 seed=1817647 msg=Repair timeout: B4 exceeded 300 seconds
  attempt=135 seed=1902847 msg=Repair timeout: B4 exceeded 300 seconds
  attempt=136 seed=1917047 msg=Repair timeout: B7 exceeded 300 seconds
  attempt=140 seed=1973847 msg=Repair timeout: B7 exceeded 300 seconds
  attempt=141 seed=1988047 msg=Repair timeout: B4 exceeded 300 seconds
  attempt=142 seed=2002247 msg=Repair timeout: B4 exceeded 300 seconds
  attempt=144 seed=2030647 msg=Repair timeout: B4 exceeded 300 seconds
  attempt=147 seed=2073247 msg=Repair timeout: B7 exceeded 300 seconds
  attempt=149 seed=2101647 msg=Repair timeout: B4 exceeded 300 seconds
  attempt=150 seed=2115847 msg=Repair timeout: B7 exceeded 300 seconds
  attempt=151 seed=2130047 msg=Repair timeout: B7 exceeded 300 seconds
  attempt=153 seed=2158447 msg=Repair timeout: B4 exceeded 300 seconds
  attempt=156 seed=2201047 msg=Repair timeout: B4 exceeded 300 seconds
  attempt=159 seed=2243647 msg=Repair timeout: B7 exceeded 300 seconds
  attempt=162 seed=2286247 msg=Repair timeout: B7 exceeded 300 seconds
  attempt=163 seed=2300447 msg=Repair timeout: B7 exceeded 300 seconds
  attempt=166 seed=2343047 msg=Repair timeout: B7 exceeded 300 seconds
  attempt=167 seed=2357247 msg=Repair timeout: B7 exceeded 300 seconds
  attempt=168 seed=2371447 msg=Repair timeout: B4 exceeded 300 seconds
  attempt=171 seed=2414047 msg=Repair timeout: B7 exceeded 300 seconds
  attempt=172 seed=2428247 msg=Repair timeout: B4 exceeded 300 seconds
  attempt=176 seed=2485047 msg=Repair timeout: B4 exceeded 300 seconds
  attempt=177 seed=2499247 msg=Repair timeout: B7 exceeded 300 seconds
  attempt=178 seed=2513447 msg=Repair timeout: B4 exceeded 300 seconds
  attempt=181 seed=2556047 msg=Repair timeout: B7 exceeded 300 seconds
  attempt=182 seed=2570247 msg=Repair timeout: B4 exceeded 300 seconds
  attempt=183 seed=2584447 msg=Repair timeout: B7 exceeded 300 seconds
  attempt=187 seed=2641247 msg=Repair timeout: B4 exceeded 300 seconds
  attempt=189 seed=2669647 msg=Repair timeout: B4 exceeded 300 seconds
  attempt=190 seed=2683847 msg=Repair timeout: B7 exceeded 300 seconds
  attempt=192 seed=2712247 msg=Repair timeout: B4 exceeded 300 seconds
  attempt=193 seed=2726447 msg=Repair timeout: B4 exceeded 300 seconds
Timing summary:
  success: count=100 total_seconds=2986.616332 avg_seconds=29.866163
  time_limit_exceeded: count=94 total_seconds=29414.997014 avg_seconds=312.925500
  memory_limit_exceeded: count=0 total_seconds=0.000000 avg_seconds=0.000000
  success_rate=0.5155
  wall_clock_seconds_total_run=360698.251834
