=== run_trials started at 2026-06-24 13:41:30 run_id=20260624134028346645 ===
ontology_path=/workspaces/ontologyutils-ekaw26/repair-power-index-replication-ekaw26/ontologies/inconsistent/SENSO.owl
iic_csv=/workspaces/ontologyutils-ekaw26/repair-power-index-replication-ekaw26/data/data-20260624134028346645/iic-SENSO.csv
runtime_csv=/workspaces/ontologyutils-ekaw26/repair-power-index-replication-ekaw26/data/data-20260624134028346645/runtime-SENSO.csv

=== Starting sequential trials for SENSO at 2026-06-24 13:42:49 ===
----- SENSO attempt=1 seed=14 at 2026-06-24 13:42:49 -----
--- stdout ---
{"seed":14,"run_id":"20260624134028346645","trial_status":"success","error_type":null,"failure_stage":null,"error_message":null,"iic_values":{"B1_vs_A1":0.5,"B1_vs_A2":0.5,"B1_vs_A3":0.2,"B2_vs_A1":0.8,"B2_vs_A2":0.8,"B2_vs_A3":0.5,"B3_vs_A1":0.4,"B3_vs_A2":0.4,"B3_vs_A3":0.25,"B4_vs_A1":0.6666666666666666,"B4_vs_A2":0.6666666666666666,"B4_vs_A3":0.5,"B5_vs_A1":0.6666666666666666,"B5_vs_A2":0.6666666666666666,"B5_vs_A3":0.5,"B6_vs_A1":0.6666666666666666,"B6_vs_A2":0.6666666666666666,"B6_vs_A3":0.5,"B7_vs_A1":0.6666666666666666,"B7_vs_A2":0.6666666666666666,"B7_vs_A3":0.5,"B8_vs_A1":0.6666666666666666,"B8_vs_A2":0.6666666666666666,"B8_vs_A3":0.5,"B9_vs_A1":0.6666666666666666,"B9_vs_A2":0.6666666666666666,"B9_vs_A3":0.5},"repair_runtimes_ms":{"A1":40,"A2":115,"A3":321,"B1":381,"B2":401,"B3":487,"B4":31,"B5":938,"B6":765,"B7":79,"B8":932,"B9":865}}

--- stderr ---
SingleTrialExperiment starting: ontology=/workspaces/ontologyutils-ekaw26/repair-power-index-replication-ekaw26/ontologies/inconsistent/SENSO.owl, seed=14, run_id=20260624134028346645
Loaded ontology.
Normalizing ontology with SROIQ normalization...
Normalized ontology with SROIQ normalization.
Ontology is already inconsistent, skipping make-inconsistent step.
Repairing with A1 (random-removal)...
[2026-06-24 13:42:49.732] Checking precondition...
[2026-06-24 13:42:49.740] Starting the repair...
[2026-06-24 13:42:49.745] Found 13 possible bad axioms.
[2026-06-24 13:42:49.747] Selected the bad axiom SubClassOf(owl:Thing ObjectAllValuesFrom(http://purl.dataone.org/odo/SENSO_00000005 owl:Nothing)).
[2026-06-24 13:42:49.751] Found 12 possible bad axioms.
[2026-06-24 13:42:49.752] Selected the bad axiom SubClassOf(owl:Thing ObjectAllValuesFrom(http://purl.dataone.org/odo/SENSO_00000005 http://purl.dataone.org/odo/SENSO_00000001)).
[2026-06-24 13:42:49.755] Found 11 possible bad axioms.
[2026-06-24 13:42:49.755] Selected the bad axiom SubClassOf(owl:Thing ObjectAllValuesFrom(http://purl.dataone.org/odo/SENSO_00000005 http://purl.dataone.org/odo/SENSO_00000004)).
[2026-06-24 13:42:49.759] Found 10 possible bad axioms.
[2026-06-24 13:42:49.759] Selected the bad axiom SubClassOf(http://purl.dataone.org/odo/SENSO_00000004 http://purl.dataone.org/odo/SENSO_00000001).
[2026-06-24 13:42:49.762] Found 9 possible bad axioms.
[2026-06-24 13:42:49.762] Selected the bad axiom SubClassOf(http://purl.dataone.org/odo/SENSO_00000003 http://purl.dataone.org/odo/SENSO_00000002).
[2026-06-24 13:42:49.765] Found 8 possible bad axioms.
[2026-06-24 13:42:49.765] Selected the bad axiom SubClassOf(http://purl.dataone.org/odo/SENSO_00000004 http://purl.dataone.org/odo/SENSO_00000003).
[2026-06-24 13:42:49.768] Finished repairing the ontology.
Repairing with A2 (not-in-largest-mcs-removal)...
[2026-06-24 13:42:49.768] Checking precondition...
[2026-06-24 13:42:49.773] Starting the repair...
[2026-06-24 13:42:49.882] Found 4 possible bad axioms.
[2026-06-24 13:42:49.882] Selected the bad axiom SubClassOf(http://purl.dataone.org/odo/SENSO_00000004 http://purl.dataone.org/odo/SENSO_00000003).
[2026-06-24 13:42:49.883] Finished repairing the ontology.
Repairing with A3 (default-weakening)...
[2026-06-24 13:42:49.885] Checking precondition...
[2026-06-24 13:42:49.886] Starting the repair...
[2026-06-24 13:42:49.894] Selected a reference ontology with 17 axioms.
[2026-06-24 13:42:50.032] Selected the bad axiom SubClassOf(http://purl.dataone.org/odo/SENSO_00000001 http://purl.dataone.org/odo/SENSO_00000004).
[2026-06-24 13:42:50.044] Selected the weaker axiom SubClassOf(http://purl.dataone.org/odo/SENSO_00000001 http://purl.dataone.org/odo/SENSO_00000003).
[2026-06-24 13:42:50.132] Selected the bad axiom SubClassOf(owl:Thing http://purl.dataone.org/odo/SENSO_00000001).
[2026-06-24 13:42:50.134] Selected the weaker axiom SubClassOf(owl:Thing http://purl.dataone.org/odo/SENSO_00000004).
...[truncated]
SUCCESS: attempt=1 seed=14 success_count=1/100
progress: ontology=SENSO attempt=1 success=1/100
----- SENSO attempt=2 seed=14214 at 2026-06-24 13:42:55 -----
--- stdout ---
{"seed":14214,"run_id":"20260624134028346645","trial_status":"success","error_type":null,"failure_stage":null,"error_message":null,"iic_values":{"B1_vs_A1":0.5,"B1_vs_A2":0.5,"B1_vs_A3":0.5,"B2_vs_A1":0.5,"B2_vs_A2":0.5,"B2_vs_A3":0.5,"B3_vs_A1":0.5,"B3_vs_A2":0.5,"B3_vs_A3":0.5,"B4_vs_A1":0.5,"B4_vs_A2":0.5,"B4_vs_A3":0.5,"B5_vs_A1":0.5,"B5_vs_A2":0.5,"B5_vs_A3":0.5,"B6_vs_A1":0.5,"B6_vs_A2":0.5,"B6_vs_A3":0.5,"B7_vs_A1":0.5,"B7_vs_A2":0.5,"B7_vs_A3":0.5,"B8_vs_A1":0.5,"B8_vs_A2":0.5,"B8_vs_A3":0.5,"B9_vs_A1":0.5,"B9_vs_A2":0.5,"B9_vs_A3":0.5},"repair_runtimes_ms":{"A1":36,"A2":115,"A3":170,"B1":96,"B2":837,"B3":234,"B4":34,"B5":917,"B6":794,"B7":58,"B8":893,"B9":877}}

--- stderr ---
SingleTrialExperiment starting: ontology=/workspaces/ontologyutils-ekaw26/repair-power-index-replication-ekaw26/ontologies/inconsistent/SENSO.owl, seed=14214, run_id=20260624134028346645
Loaded ontology.
Normalizing ontology with SROIQ normalization...
Normalized ontology with SROIQ normalization.
Ontology is already inconsistent, skipping make-inconsistent step.
Repairing with A1 (random-removal)...
[2026-06-24 13:42:55.490] Checking precondition...
[2026-06-24 13:42:55.500] Starting the repair...
[2026-06-24 13:42:55.508] Found 13 possible bad axioms.
[2026-06-24 13:42:55.510] Selected the bad axiom SubClassOf(http://purl.dataone.org/odo/SENSO_00000004 http://purl.dataone.org/odo/SENSO_00000002).
[2026-06-24 13:42:55.515] Found 12 possible bad axioms.
[2026-06-24 13:42:55.515] Selected the bad axiom SubClassOf(owl:Thing ObjectAllValuesFrom(http://purl.dataone.org/odo/SENSO_00000005 http://purl.dataone.org/odo/SENSO_00000004)).
[2026-06-24 13:42:55.518] Found 11 possible bad axioms.
[2026-06-24 13:42:55.519] Selected the bad axiom SubClassOf(owl:Thing http://purl.dataone.org/odo/SENSO_00000001).
[2026-06-24 13:42:55.523] Finished repairing the ontology.
Repairing with A2 (not-in-largest-mcs-removal)...
[2026-06-24 13:42:55.523] Checking precondition...
[2026-06-24 13:42:55.529] Starting the repair...
[2026-06-24 13:42:55.638] Found 4 possible bad axioms.
[2026-06-24 13:42:55.638] Selected the bad axiom SubClassOf(owl:Thing http://purl.dataone.org/odo/SENSO_00000001).
[2026-06-24 13:42:55.639] Finished repairing the ontology.
Repairing with A3 (default-weakening)...
[2026-06-24 13:42:55.640] Checking precondition...
[2026-06-24 13:42:55.644] Starting the repair...
[2026-06-24 13:42:55.652] Selected a reference ontology with 17 axioms.
[2026-06-24 13:42:55.795] Selected the bad axiom SubClassOf(http://purl.dataone.org/odo/SENSO_00000003 owl:Nothing).
[2026-06-24 13:42:55.807] Selected the weaker axiom SubClassOf(http://purl.dataone.org/odo/SENSO_00000003 http://purl.dataone.org/odo/SENSO_00000002).
[2026-06-24 13:42:55.809] Finished repairing the ontology.
Repairing with B1 (bad-in_some_mus-weaker-random)...
[2026-06-24 13:42:55.809] Checking precondition...
[2026-06-24 13:42:55.811] Starting the repair...
[2026-06-24 13:42:55.815] Selected a reference ontology with 17 axioms.
[2026-06-24 13:42:55.901] Selected the bad axiom SubClassOf(http://purl.dataone.org/odo/SENSO_00000003 owl:Nothing).
[2026-06-24 13:42:55.904] Selected the weaker axiom SubClassOf(http://purl.dataone.org/odo/SENSO_00000003 ObjectAllValuesFrom(http://purl.dataone.org/odo/SENSO_00000005 owl:Nothing)).
[2026-06-24 13:42:55.905] Finished repairing the ontology.
Repairing with B2 (bad-in_some_mus-weaker-shapley)...
[2026-06-24 13:42:55.907] Checking precondition...
[2026-06-24 13:42:55.908] Starting the repair...
[2026-06-24 13:42:55.911] Selected a reference ontology with 17 axioms.
[2026-06-24 13:42:55.985] Selected the bad axiom SubClassOf(http://purl.dataone.org/odo/SENSO_000
...[truncated]
SUCCESS: attempt=2 seed=14214 success_count=2/100
progress: ontology=SENSO attempt=2 success=2/100
----- SENSO attempt=3 seed=28414 at 2026-06-24 13:43:00 -----
--- stdout ---
{"seed":28414,"run_id":"20260624134028346645","trial_status":"success","error_type":null,"failure_stage":null,"error_message":null,"iic_values":{"B1_vs_A1":0.8,"B1_vs_A2":0.5,"B1_vs_A3":0.75,"B2_vs_A1":0.2857142857142857,"B2_vs_A2":0.2,"B2_vs_A3":0.0,"B3_vs_A1":0.6666666666666666,"B3_vs_A2":0.5,"B3_vs_A3":0.75,"B4_vs_A1":0.6666666666666666,"B4_vs_A2":0.5,"B4_vs_A3":0.75,"B5_vs_A1":0.6666666666666666,"B5_vs_A2":0.5,"B5_vs_A3":0.75,"B6_vs_A1":0.6666666666666666,"B6_vs_A2":0.5,"B6_vs_A3":0.75,"B7_vs_A1":0.6666666666666666,"B7_vs_A2":0.5,"B7_vs_A3":0.75,"B8_vs_A1":0.6666666666666666,"B8_vs_A2":0.5,"B8_vs_A3":0.75,"B9_vs_A1":0.6666666666666666,"B9_vs_A2":0.5,"B9_vs_A3":0.75},"repair_runtimes_ms":{"A1":28,"A2":118,"A3":163,"B1":197,"B2":555,"B3":308,"B4":36,"B5":1000,"B6":908,"B7":38,"B8":542,"B9":853}}

--- stderr ---
SingleTrialExperiment starting: ontology=/workspaces/ontologyutils-ekaw26/repair-power-index-replication-ekaw26/ontologies/inconsistent/SENSO.owl, seed=28414, run_id=20260624134028346645
Loaded ontology.
Normalizing ontology with SROIQ normalization...
Normalized ontology with SROIQ normalization.
Ontology is already inconsistent, skipping make-inconsistent step.
Repairing with A1 (random-removal)...
[2026-06-24 13:43:00.949] Checking precondition...
[2026-06-24 13:43:00.958] Starting the repair...
[2026-06-24 13:43:00.964] Found 13 possible bad axioms.
[2026-06-24 13:43:00.966] Selected the bad axiom SubClassOf(http://purl.dataone.org/odo/SENSO_00000003 http://purl.dataone.org/odo/SENSO_00000002).
[2026-06-24 13:43:00.970] Found 12 possible bad axioms.
[2026-06-24 13:43:00.970] Selected the bad axiom SubClassOf(http://purl.dataone.org/odo/SENSO_00000004 http://purl.dataone.org/odo/SENSO_00000003).
[2026-06-24 13:43:00.973] Finished repairing the ontology.
Repairing with A2 (not-in-largest-mcs-removal)...
[2026-06-24 13:43:00.974] Checking precondition...
[2026-06-24 13:43:00.981] Starting the repair...
[2026-06-24 13:43:01.090] Found 4 possible bad axioms.
[2026-06-24 13:43:01.090] Selected the bad axiom SubClassOf(http://purl.dataone.org/odo/SENSO_00000003 owl:Nothing).
[2026-06-24 13:43:01.091] Finished repairing the ontology.
Repairing with A3 (default-weakening)...
[2026-06-24 13:43:01.093] Checking precondition...
[2026-06-24 13:43:01.096] Starting the repair...
[2026-06-24 13:43:01.108] Selected a reference ontology with 17 axioms.
[2026-06-24 13:43:01.243] Selected the bad axiom SubClassOf(http://purl.dataone.org/odo/SENSO_00000001 http://purl.dataone.org/odo/SENSO_00000004).
[2026-06-24 13:43:01.253] Selected the weaker axiom SubClassOf(http://purl.dataone.org/odo/SENSO_00000001 http://purl.dataone.org/odo/SENSO_00000002).
[2026-06-24 13:43:01.254] Finished repairing the ontology.
Repairing with B1 (bad-in_some_mus-weaker-random)...
[2026-06-24 13:43:01.255] Checking precondition...
[2026-06-24 13:43:01.257] Starting the repair...
[2026-06-24 13:43:01.260] Selected a reference ontology with 17 axioms.
[2026-06-24 13:43:01.353] Selected the bad axiom SubClassOf(owl:Thing http://purl.dataone.org/odo/SENSO_00000001).
[2026-06-24 13:43:01.357] Selected the weaker axiom SubClassOf(ObjectAllValuesFrom(http://purl.dataone.org/odo/SENSO_00000005 owl:Nothing) http://purl.dataone.org/odo/SENSO_00000001).
[2026-06-24 13:43:01.451] Selected the bad axiom SubClassOf(http://purl.dataone.org/odo/SENSO_00000003 owl:Nothing).
[2026-06-24 13:43:01.451] Selected the weaker axiom SubClassOf(http://purl.dataone.org/odo/SENSO_00000003 http://purl.dataone.org/odo/SENSO_00000002).
[2026-06-24 13:43:01.452] Finished repairing the ontology.
Repairing with B2 (bad-in_some_mus-weaker-shapley)...
[2026-06-24 13:43:01.454] Checking precondition...
[2026-06-24 13:43:01.455] Starting the repair...
[2026-06-24 13:43:01.458] Selected a reference ontology with 17 axioms.

...[truncated]
SUCCESS: attempt=3 seed=28414 success_count=3/100
progress: ontology=SENSO attempt=3 success=3/100
----- SENSO attempt=4 seed=42614 at 2026-06-24 13:43:05 -----
--- stdout ---
{"seed":42614,"run_id":"20260624134028346645","trial_status":"success","error_type":null,"failure_stage":null,"error_message":null,"iic_values":{"B1_vs_A1":0.5,"B1_vs_A2":0.5,"B1_vs_A3":0.875,"B2_vs_A1":0.2,"B2_vs_A2":0.3333333333333333,"B2_vs_A3":1.0,"B3_vs_A1":0.5,"B3_vs_A2":0.5,"B3_vs_A3":0.8,"B4_vs_A1":0.5,"B4_vs_A2":0.5,"B4_vs_A3":0.875,"B5_vs_A1":0.5,"B5_vs_A2":0.5,"B5_vs_A3":0.875,"B6_vs_A1":0.5,"B6_vs_A2":0.5,"B6_vs_A3":0.875,"B7_vs_A1":0.5,"B7_vs_A2":0.5,"B7_vs_A3":0.875,"B8_vs_A1":0.5,"B8_vs_A2":0.5,"B8_vs_A3":0.875,"B9_vs_A1":0.5,"B9_vs_A2":0.5,"B9_vs_A3":0.875},"repair_runtimes_ms":{"A1":31,"A2":119,"A3":156,"B1":98,"B2":989,"B3":494,"B4":87,"B5":883,"B6":593,"B7":34,"B8":553,"B9":756}}

--- stderr ---
SingleTrialExperiment starting: ontology=/workspaces/ontologyutils-ekaw26/repair-power-index-replication-ekaw26/ontologies/inconsistent/SENSO.owl, seed=42614, run_id=20260624134028346645
Loaded ontology.
Normalizing ontology with SROIQ normalization...
Normalized ontology with SROIQ normalization.
Ontology is already inconsistent, skipping make-inconsistent step.
Repairing with A1 (random-removal)...
[2026-06-24 13:43:06.114] Checking precondition...
[2026-06-24 13:43:06.123] Starting the repair...
[2026-06-24 13:43:06.128] Found 13 possible bad axioms.
[2026-06-24 13:43:06.130] Selected the bad axiom SubClassOf(owl:Thing ObjectAllValuesFrom(http://purl.dataone.org/odo/SENSO_00000005 http://purl.dataone.org/odo/SENSO_00000001)).
[2026-06-24 13:43:06.134] Found 12 possible bad axioms.
[2026-06-24 13:43:06.134] Selected the bad axiom SubClassOf(http://purl.dataone.org/odo/SENSO_00000003 http://purl.dataone.org/odo/SENSO_00000001).
[2026-06-24 13:43:06.137] Found 11 possible bad axioms.
[2026-06-24 13:43:06.138] Selected the bad axiom SubClassOf(owl:Thing http://purl.dataone.org/odo/SENSO_00000001).
[2026-06-24 13:43:06.141] Finished repairing the ontology.
Repairing with A2 (not-in-largest-mcs-removal)...
[2026-06-24 13:43:06.142] Checking precondition...
[2026-06-24 13:43:06.147] Starting the repair...
[2026-06-24 13:43:06.259] Found 4 possible bad axioms.
[2026-06-24 13:43:06.259] Selected the bad axiom SubClassOf(http://purl.dataone.org/odo/SENSO_00000003 owl:Nothing).
[2026-06-24 13:43:06.261] Finished repairing the ontology.
Repairing with A3 (default-weakening)...
[2026-06-24 13:43:06.262] Checking precondition...
[2026-06-24 13:43:06.265] Starting the repair...
[2026-06-24 13:43:06.277] Selected a reference ontology with 17 axioms.
[2026-06-24 13:43:06.406] Selected the bad axiom SubClassOf(http://purl.dataone.org/odo/SENSO_00000001 http://purl.dataone.org/odo/SENSO_00000004).
[2026-06-24 13:43:06.416] Selected the weaker axiom SubClassOf(http://purl.dataone.org/odo/SENSO_00000001 owl:Thing).
[2026-06-24 13:43:06.418] Finished repairing the ontology.
Repairing with B1 (bad-in_some_mus-weaker-random)...
[2026-06-24 13:43:06.418] Checking precondition...
[2026-06-24 13:43:06.420] Starting the repair...
[2026-06-24 13:43:06.424] Selected a reference ontology with 17 axioms.
[2026-06-24 13:43:06.510] Selected the bad axiom SubClassOf(owl:Thing http://purl.dataone.org/odo/SENSO_00000001).
[2026-06-24 13:43:06.514] Selected the weaker axiom SubClassOf(owl:Thing owl:Thing).
[2026-06-24 13:43:06.516] Finished repairing the ontology.
Repairing with B2 (bad-in_some_mus-weaker-shapley)...
[2026-06-24 13:43:06.517] Checking precondition...
[2026-06-24 13:43:06.519] Starting the repair...
[2026-06-24 13:43:06.523] Selected a reference ontology with 17 axioms.
[2026-06-24 13:43:06.598] Selected the bad axiom SubClassOf(http://purl.dataone.org/odo/SENSO_00000004 http://purl.dataone.org/odo/SENSO_00000003).
[PowerIndexWeakerAxiomSelector] Scoring 15 candida
...[truncated]
SUCCESS: attempt=4 seed=42614 success_count=4/100
progress: ontology=SENSO attempt=4 success=4/100
----- SENSO attempt=5 seed=56814 at 2026-06-24 13:43:11 -----
--- stdout ---
{"seed":56814,"run_id":"20260624134028346645","trial_status":"time_limit_exceeded","error_type":"timeout","failure_stage":"B7","error_message":"Repair timeout: B7 exceeded 300 seconds","iic_values":{},"repair_runtimes_ms":{"A1":41,"A2":116,"A3":160,"B1":104,"B2":378,"B3":386,"B4":41,"B5":1067,"B6":598,"B7":300002}}

--- stderr ---
SingleTrialExperiment starting: ontology=/workspaces/ontologyutils-ekaw26/repair-power-index-replication-ekaw26/ontologies/inconsistent/SENSO.owl, seed=56814, run_id=20260624134028346645
Loaded ontology.
Normalizing ontology with SROIQ normalization...
Normalized ontology with SROIQ normalization.
Ontology is already inconsistent, skipping make-inconsistent step.
Repairing with A1 (random-removal)...
[2026-06-24 13:43:11.318] Checking precondition...
[2026-06-24 13:43:11.327] Starting the repair...
[2026-06-24 13:43:11.332] Found 13 possible bad axioms.
[2026-06-24 13:43:11.334] Selected the bad axiom SubClassOf(owl:Thing ObjectAllValuesFrom(http://purl.dataone.org/odo/SENSO_00000005 owl:Nothing)).
[2026-06-24 13:43:11.338] Found 12 possible bad axioms.
[2026-06-24 13:43:11.338] Selected the bad axiom SubClassOf(http://purl.dataone.org/odo/SENSO_00000003 http://purl.dataone.org/odo/SENSO_00000002).
[2026-06-24 13:43:11.342] Found 11 possible bad axioms.
[2026-06-24 13:43:11.343] Selected the bad axiom SubClassOf(http://purl.dataone.org/odo/SENSO_00000004 http://purl.dataone.org/odo/SENSO_00000002).
[2026-06-24 13:43:11.347] Found 10 possible bad axioms.
[2026-06-24 13:43:11.348] Selected the bad axiom SubClassOf(owl:Thing ObjectAllValuesFrom(http://purl.dataone.org/odo/SENSO_00000005 http://purl.dataone.org/odo/SENSO_00000001)).
[2026-06-24 13:43:11.351] Found 9 possible bad axioms.
[2026-06-24 13:43:11.351] Selected the bad axiom SubClassOf(http://purl.dataone.org/odo/SENSO_00000003 owl:Nothing).
[2026-06-24 13:43:11.355] Finished repairing the ontology.
Repairing with A2 (not-in-largest-mcs-removal)...
[2026-06-24 13:43:11.356] Checking precondition...
[2026-06-24 13:43:11.362] Starting the repair...
[2026-06-24 13:43:11.471] Found 4 possible bad axioms.
[2026-06-24 13:43:11.471] Selected the bad axiom SubClassOf(http://purl.dataone.org/odo/SENSO_00000004 http://purl.dataone.org/odo/SENSO_00000003).
[2026-06-24 13:43:11.473] Finished repairing the ontology.
Repairing with A3 (default-weakening)...
[2026-06-24 13:43:11.474] Checking precondition...
[2026-06-24 13:43:11.476] Starting the repair...
[2026-06-24 13:43:11.484] Selected a reference ontology with 17 axioms.
[2026-06-24 13:43:11.621] Selected the bad axiom SubClassOf(owl:Thing http://purl.dataone.org/odo/SENSO_00000001).
[2026-06-24 13:43:11.632] Selected the weaker axiom SubClassOf(http://purl.dataone.org/odo/SENSO_00000001 http://purl.dataone.org/odo/SENSO_00000001).
[2026-06-24 13:43:11.633] Finished repairing the ontology.
Repairing with B1 (bad-in_some_mus-weaker-random)...
[2026-06-24 13:43:11.634] Checking precondition...
[2026-06-24 13:43:11.636] Starting the repair...
[2026-06-24 13:43:11.640] Selected a reference ontology with 17 axioms.
[2026-06-24 13:43:11.733] Selected the bad axiom SubClassOf(http://purl.dataone.org/odo/SENSO_00000004 http://purl.dataone.org/odo/SENSO_00000003).
[2026-06-24 13:43:11.737] Selected the weaker axiom SubClassOf(http://purl.dataone.org/odo/SENS
...[truncated]
FAIL: attempt=5 seed=56814 status=time_limit_exceeded stage=B7 message=Repair timeout: B7 exceeded 300 seconds
progress: ontology=SENSO attempt=5 success=4/100
----- SENSO attempt=6 seed=71014 at 2026-06-24 13:48:14 -----
--- stdout ---
{"seed":71014,"run_id":"20260624134028346645","trial_status":"success","error_type":null,"failure_stage":null,"error_message":null,"iic_values":{"B1_vs_A1":0.5,"B1_vs_A2":0.5,"B1_vs_A3":0.5,"B2_vs_A1":0.3333333333333333,"B2_vs_A2":0.2,"B2_vs_A3":0.3333333333333333,"B3_vs_A1":0.125,"B3_vs_A2":0.2,"B3_vs_A3":0.125,"B4_vs_A1":0.5,"B4_vs_A2":0.5,"B4_vs_A3":0.5,"B5_vs_A1":0.5,"B5_vs_A2":0.5,"B5_vs_A3":0.5,"B6_vs_A1":0.5,"B6_vs_A2":0.5,"B6_vs_A3":0.5,"B7_vs_A1":0.5,"B7_vs_A2":0.5,"B7_vs_A3":0.5,"B8_vs_A1":0.5,"B8_vs_A2":0.5,"B8_vs_A3":0.5,"B9_vs_A1":0.5,"B9_vs_A2":0.5,"B9_vs_A3":0.5},"repair_runtimes_ms":{"A1":24,"A2":120,"A3":171,"B1":108,"B2":412,"B3":517,"B4":42,"B5":1043,"B6":534,"B7":23,"B8":768,"B9":790}}

--- stderr ---
SingleTrialExperiment starting: ontology=/workspaces/ontologyutils-ekaw26/repair-power-index-replication-ekaw26/ontologies/inconsistent/SENSO.owl, seed=71014, run_id=20260624134028346645
Loaded ontology.
Normalizing ontology with SROIQ normalization...
Normalized ontology with SROIQ normalization.
Ontology is already inconsistent, skipping make-inconsistent step.
Repairing with A1 (random-removal)...
[2026-06-24 13:48:14.804] Checking precondition...
[2026-06-24 13:48:14.813] Starting the repair...
[2026-06-24 13:48:14.818] Found 13 possible bad axioms.
[2026-06-24 13:48:14.820] Selected the bad axiom SubClassOf(owl:Thing http://purl.dataone.org/odo/SENSO_00000001).
[2026-06-24 13:48:14.824] Finished repairing the ontology.
Repairing with A2 (not-in-largest-mcs-removal)...
[2026-06-24 13:48:14.825] Checking precondition...
[2026-06-24 13:48:14.832] Starting the repair...
[2026-06-24 13:48:14.943] Found 4 possible bad axioms.
[2026-06-24 13:48:14.943] Selected the bad axiom SubClassOf(http://purl.dataone.org/odo/SENSO_00000003 owl:Nothing).
[2026-06-24 13:48:14.945] Finished repairing the ontology.
Repairing with A3 (default-weakening)...
[2026-06-24 13:48:14.946] Checking precondition...
[2026-06-24 13:48:14.949] Starting the repair...
[2026-06-24 13:48:14.958] Selected a reference ontology with 17 axioms.
[2026-06-24 13:48:15.102] Selected the bad axiom SubClassOf(owl:Thing http://purl.dataone.org/odo/SENSO_00000001).
[2026-06-24 13:48:15.114] Selected the weaker axiom SubClassOf(owl:Thing owl:Thing).
[2026-06-24 13:48:15.116] Finished repairing the ontology.
Repairing with B1 (bad-in_some_mus-weaker-random)...
[2026-06-24 13:48:15.117] Checking precondition...
[2026-06-24 13:48:15.119] Starting the repair...
[2026-06-24 13:48:15.125] Selected a reference ontology with 17 axioms.
[2026-06-24 13:48:15.220] Selected the bad axiom SubClassOf(http://purl.dataone.org/odo/SENSO_00000003 owl:Nothing).
[2026-06-24 13:48:15.223] Selected the weaker axiom SubClassOf(http://purl.dataone.org/odo/SENSO_00000003 http://purl.dataone.org/odo/SENSO_00000002).
[2026-06-24 13:48:15.224] Finished repairing the ontology.
Repairing with B2 (bad-in_some_mus-weaker-shapley)...
[2026-06-24 13:48:15.227] Checking precondition...
[2026-06-24 13:48:15.229] Starting the repair...
[2026-06-24 13:48:15.232] Selected a reference ontology with 17 axioms.
[2026-06-24 13:48:15.315] Selected the bad axiom SubClassOf(http://purl.dataone.org/odo/SENSO_00000004 http://purl.dataone.org/odo/SENSO_00000003).
[PowerIndexWeakerAxiomSelector] Scoring 5 candidate weakenings for SENSO_00000004 ⊑ SENSO_00000003
[PowerIndexWeakerAxiomSelector] Selected weaker axiom: SENSO_00000003 ⊑ SENSO_00000003
[2026-06-24 13:48:15.631] Selected the weaker axiom SubClassOf(http://purl.dataone.org/odo/SENSO_00000003 http://purl.dataone.org/odo/SENSO_00000003).
[2026-06-24 13:48:15.637] Finished repairing the ontology.
Repairing with B3 (bad-in_some_mus-weaker-banzhaf)...
[2026-06-24 13:48:15.638] Checking pr
...[truncated]
SUCCESS: attempt=6 seed=71014 success_count=5/100
progress: ontology=SENSO attempt=6 success=5/100
----- SENSO attempt=7 seed=85214 at 2026-06-24 13:48:19 -----
--- stdout ---
{"seed":85214,"run_id":"20260624134028346645","trial_status":"success","error_type":null,"failure_stage":null,"error_message":null,"iic_values":{"B1_vs_A1":0.125,"B1_vs_A2":0.5,"B1_vs_A3":0.5,"B2_vs_A1":0.5,"B2_vs_A2":0.8,"B2_vs_A3":0.8,"B3_vs_A1":0.5,"B3_vs_A2":0.875,"B3_vs_A3":0.875,"B4_vs_A1":0.5,"B4_vs_A2":0.875,"B4_vs_A3":0.875,"B5_vs_A1":0.5,"B5_vs_A2":0.875,"B5_vs_A3":0.875,"B6_vs_A1":0.5,"B6_vs_A2":0.875,"B6_vs_A3":0.875,"B7_vs_A1":0.5,"B7_vs_A2":0.875,"B7_vs_A3":0.875,"B8_vs_A1":0.5,"B8_vs_A2":0.875,"B8_vs_A3":0.875,"B9_vs_A1":0.5,"B9_vs_A2":0.875,"B9_vs_A3":0.875},"repair_runtimes_ms":{"A1":33,"A2":113,"A3":158,"B1":105,"B2":428,"B3":288,"B4":168,"B5":1100,"B6":511,"B7":25,"B8":720,"B9":505}}

--- stderr ---
SingleTrialExperiment starting: ontology=/workspaces/ontologyutils-ekaw26/repair-power-index-replication-ekaw26/ontologies/inconsistent/SENSO.owl, seed=85214, run_id=20260624134028346645
Loaded ontology.
Normalizing ontology with SROIQ normalization...
Normalized ontology with SROIQ normalization.
Ontology is already inconsistent, skipping make-inconsistent step.
Repairing with A1 (random-removal)...
[2026-06-24 13:48:19.786] Checking precondition...
[2026-06-24 13:48:19.795] Starting the repair...
[2026-06-24 13:48:19.800] Found 13 possible bad axioms.
[2026-06-24 13:48:19.802] Selected the bad axiom SubClassOf(http://purl.dataone.org/odo/SENSO_00000004 http://purl.dataone.org/odo/SENSO_00000002).
[2026-06-24 13:48:19.806] Found 12 possible bad axioms.
[2026-06-24 13:48:19.806] Selected the bad axiom SubClassOf(owl:Thing ObjectAllValuesFrom(http://purl.dataone.org/odo/SENSO_00000005 http://purl.dataone.org/odo/SENSO_00000004)).
[2026-06-24 13:48:19.810] Found 11 possible bad axioms.
[2026-06-24 13:48:19.810] Selected the bad axiom SubClassOf(owl:Thing http://purl.dataone.org/odo/SENSO_00000001).
[2026-06-24 13:48:19.815] Finished repairing the ontology.
Repairing with A2 (not-in-largest-mcs-removal)...
[2026-06-24 13:48:19.816] Checking precondition...
[2026-06-24 13:48:19.821] Starting the repair...
[2026-06-24 13:48:19.927] Found 4 possible bad axioms.
[2026-06-24 13:48:19.927] Selected the bad axiom SubClassOf(http://purl.dataone.org/odo/SENSO_00000001 http://purl.dataone.org/odo/SENSO_00000004).
[2026-06-24 13:48:19.928] Finished repairing the ontology.
Repairing with A3 (default-weakening)...
[2026-06-24 13:48:19.929] Checking precondition...
[2026-06-24 13:48:19.932] Starting the repair...
[2026-06-24 13:48:19.941] Selected a reference ontology with 17 axioms.
[2026-06-24 13:48:20.074] Selected the bad axiom SubClassOf(http://purl.dataone.org/odo/SENSO_00000001 http://purl.dataone.org/odo/SENSO_00000004).
[2026-06-24 13:48:20.085] Selected the weaker axiom SubClassOf(http://purl.dataone.org/odo/SENSO_00000001 owl:Thing).
[2026-06-24 13:48:20.087] Finished repairing the ontology.
Repairing with B1 (bad-in_some_mus-weaker-random)...
[2026-06-24 13:48:20.088] Checking precondition...
[2026-06-24 13:48:20.090] Starting the repair...
[2026-06-24 13:48:20.094] Selected a reference ontology with 17 axioms.
[2026-06-24 13:48:20.190] Selected the bad axiom SubClassOf(http://purl.dataone.org/odo/SENSO_00000001 http://purl.dataone.org/odo/SENSO_00000004).
[2026-06-24 13:48:20.192] Selected the weaker axiom SubClassOf(http://purl.dataone.org/odo/SENSO_00000001 ObjectAllValuesFrom(http://purl.dataone.org/odo/SENSO_00000005 owl:Nothing)).
[2026-06-24 13:48:20.192] Finished repairing the ontology.
Repairing with B2 (bad-in_some_mus-weaker-shapley)...
[2026-06-24 13:48:20.194] Checking precondition...
[2026-06-24 13:48:20.196] Starting the repair...
[2026-06-24 13:48:20.198] Selected a reference ontology with 17 axioms.
[2026-06-24 13:48:20.272] Selected 
...[truncated]
SUCCESS: attempt=7 seed=85214 success_count=6/100
progress: ontology=SENSO attempt=7 success=6/100
----- SENSO attempt=8 seed=99414 at 2026-06-24 13:48:24 -----
--- stdout ---
{"seed":99414,"run_id":"20260624134028346645","trial_status":"time_limit_exceeded","error_type":"timeout","failure_stage":"B4","error_message":"Repair timeout: B4 exceeded 300 seconds","iic_values":{},"repair_runtimes_ms":{"A1":30,"A2":118,"A3":154,"B1":96,"B2":561,"B3":339,"B4":300002}}

--- stderr ---
SingleTrialExperiment starting: ontology=/workspaces/ontologyutils-ekaw26/repair-power-index-replication-ekaw26/ontologies/inconsistent/SENSO.owl, seed=99414, run_id=20260624134028346645
Loaded ontology.
Normalizing ontology with SROIQ normalization...
Normalized ontology with SROIQ normalization.
Ontology is already inconsistent, skipping make-inconsistent step.
Repairing with A1 (random-removal)...
[2026-06-24 13:48:24.349] Checking precondition...
[2026-06-24 13:48:24.358] Starting the repair...
[2026-06-24 13:48:24.365] Found 13 possible bad axioms.
[2026-06-24 13:48:24.366] Selected the bad axiom SubClassOf(owl:Thing ObjectAllValuesFrom(http://purl.dataone.org/odo/SENSO_00000005 owl:Nothing)).
[2026-06-24 13:48:24.371] Found 12 possible bad axioms.
[2026-06-24 13:48:24.371] Selected the bad axiom SubClassOf(http://purl.dataone.org/odo/SENSO_00000004 http://purl.dataone.org/odo/SENSO_00000003).
[2026-06-24 13:48:24.374] Finished repairing the ontology.
Repairing with A2 (not-in-largest-mcs-removal)...
[2026-06-24 13:48:24.375] Checking precondition...
[2026-06-24 13:48:24.383] Starting the repair...
[2026-06-24 13:48:24.491] Found 4 possible bad axioms.
[2026-06-24 13:48:24.492] Selected the bad axiom SubClassOf(http://purl.dataone.org/odo/SENSO_00000004 http://purl.dataone.org/odo/SENSO_00000003).
[2026-06-24 13:48:24.493] Finished repairing the ontology.
Repairing with A3 (default-weakening)...
[2026-06-24 13:48:24.494] Checking precondition...
[2026-06-24 13:48:24.497] Starting the repair...
[2026-06-24 13:48:24.505] Selected a reference ontology with 17 axioms.
[2026-06-24 13:48:24.636] Selected the bad axiom SubClassOf(http://purl.dataone.org/odo/SENSO_00000003 owl:Nothing).
[2026-06-24 13:48:24.646] Selected the weaker axiom SubClassOf(http://purl.dataone.org/odo/SENSO_00000003 http://purl.dataone.org/odo/SENSO_00000002).
[2026-06-24 13:48:24.647] Finished repairing the ontology.
Repairing with B1 (bad-in_some_mus-weaker-random)...
[2026-06-24 13:48:24.648] Checking precondition...
[2026-06-24 13:48:24.649] Starting the repair...
[2026-06-24 13:48:24.653] Selected a reference ontology with 17 axioms.
[2026-06-24 13:48:24.740] Selected the bad axiom SubClassOf(http://purl.dataone.org/odo/SENSO_00000004 http://purl.dataone.org/odo/SENSO_00000003).
[2026-06-24 13:48:24.743] Selected the weaker axiom SubClassOf(http://purl.dataone.org/odo/SENSO_00000004 http://purl.dataone.org/odo/SENSO_00000002).
[2026-06-24 13:48:24.743] Finished repairing the ontology.
Repairing with B2 (bad-in_some_mus-weaker-shapley)...
[2026-06-24 13:48:24.745] Checking precondition...
[2026-06-24 13:48:24.746] Starting the repair...
[2026-06-24 13:48:24.749] Selected a reference ontology with 17 axioms.
[2026-06-24 13:48:24.830] Selected the bad axiom SubClassOf(http://purl.dataone.org/odo/SENSO_00000001 http://purl.dataone.org/odo/SENSO_00000004).
[PowerIndexWeakerAxiomSelector] Scoring 14 candidate weakenings for SENSO_00000001 ⊑ SENSO_00000004
[PowerIndexWeakerAxi
...[truncated]
FAIL: attempt=8 seed=99414 status=time_limit_exceeded stage=B4 message=Repair timeout: B4 exceeded 300 seconds
progress: ontology=SENSO attempt=8 success=6/100
----- SENSO attempt=9 seed=113614 at 2026-06-24 13:53:25 -----
--- stdout ---
{"seed":113614,"run_id":"20260624134028346645","trial_status":"success","error_type":null,"failure_stage":null,"error_message":null,"iic_values":{"B1_vs_A1":0.5,"B1_vs_A2":0.5,"B1_vs_A3":0.8,"B2_vs_A1":0.25,"B2_vs_A2":0.25,"B2_vs_A3":0.4,"B3_vs_A1":0.25,"B3_vs_A2":0.25,"B3_vs_A3":0.4,"B4_vs_A1":0.5,"B4_vs_A2":0.5,"B4_vs_A3":0.6666666666666666,"B5_vs_A1":0.5,"B5_vs_A2":0.5,"B5_vs_A3":0.6666666666666666,"B6_vs_A1":0.5,"B6_vs_A2":0.5,"B6_vs_A3":0.6666666666666666,"B7_vs_A1":0.5,"B7_vs_A2":0.5,"B7_vs_A3":0.6666666666666666,"B8_vs_A1":0.5,"B8_vs_A2":0.5,"B8_vs_A3":0.6666666666666666,"B9_vs_A1":0.5,"B9_vs_A2":0.5,"B9_vs_A3":0.6666666666666666},"repair_runtimes_ms":{"A1":23,"A2":130,"A3":167,"B1":213,"B2":761,"B3":634,"B4":39,"B5":843,"B6":767,"B7":32,"B8":752,"B9":905}}

--- stderr ---
SingleTrialExperiment starting: ontology=/workspaces/ontologyutils-ekaw26/repair-power-index-replication-ekaw26/ontologies/inconsistent/SENSO.owl, seed=113614, run_id=20260624134028346645
Loaded ontology.
Normalizing ontology with SROIQ normalization...
Normalized ontology with SROIQ normalization.
Ontology is already inconsistent, skipping make-inconsistent step.
Repairing with A1 (random-removal)...
[2026-06-24 13:53:26.207] Checking precondition...
[2026-06-24 13:53:26.216] Starting the repair...
[2026-06-24 13:53:26.221] Found 13 possible bad axioms.
[2026-06-24 13:53:26.222] Selected the bad axiom SubClassOf(http://purl.dataone.org/odo/SENSO_00000003 owl:Nothing).
[2026-06-24 13:53:26.226] Finished repairing the ontology.
Repairing with A2 (not-in-largest-mcs-removal)...
[2026-06-24 13:53:26.227] Checking precondition...
[2026-06-24 13:53:26.235] Starting the repair...
[2026-06-24 13:53:26.356] Found 4 possible bad axioms.
[2026-06-24 13:53:26.357] Selected the bad axiom SubClassOf(owl:Thing http://purl.dataone.org/odo/SENSO_00000001).
[2026-06-24 13:53:26.357] Finished repairing the ontology.
Repairing with A3 (default-weakening)...
[2026-06-24 13:53:26.358] Checking precondition...
[2026-06-24 13:53:26.361] Starting the repair...
[2026-06-24 13:53:26.372] Selected a reference ontology with 17 axioms.
[2026-06-24 13:53:26.513] Selected the bad axiom SubClassOf(http://purl.dataone.org/odo/SENSO_00000004 http://purl.dataone.org/odo/SENSO_00000003).
[2026-06-24 13:53:26.523] Selected the weaker axiom SubClassOf(http://purl.dataone.org/odo/SENSO_00000004 owl:Thing).
[2026-06-24 13:53:26.524] Finished repairing the ontology.
Repairing with B1 (bad-in_some_mus-weaker-random)...
[2026-06-24 13:53:26.525] Checking precondition...
[2026-06-24 13:53:26.527] Starting the repair...
[2026-06-24 13:53:26.530] Selected a reference ontology with 17 axioms.
[2026-06-24 13:53:26.623] Selected the bad axiom SubClassOf(http://purl.dataone.org/odo/SENSO_00000001 http://purl.dataone.org/odo/SENSO_00000004).
[2026-06-24 13:53:26.627] Selected the weaker axiom SubClassOf(owl:Thing http://purl.dataone.org/odo/SENSO_00000004).
[2026-06-24 13:53:26.692] Selected the bad axiom SubClassOf(owl:Thing http://purl.dataone.org/odo/SENSO_00000004).
[2026-06-24 13:53:26.692] Selected the weaker axiom SubClassOf(owl:Thing http://purl.dataone.org/odo/SENSO_00000003).
[2026-06-24 13:53:26.736] Selected the bad axiom SubClassOf(http://purl.dataone.org/odo/SENSO_00000003 owl:Nothing).
[2026-06-24 13:53:26.737] Selected the weaker axiom SubClassOf(http://purl.dataone.org/odo/SENSO_00000003 owl:Thing).
[2026-06-24 13:53:26.738] Finished repairing the ontology.
Repairing with B2 (bad-in_some_mus-weaker-shapley)...
[2026-06-24 13:53:26.740] Checking precondition...
[2026-06-24 13:53:26.741] Starting the repair...
[2026-06-24 13:53:26.743] Selected a reference ontology with 17 axioms.
[2026-06-24 13:53:26.798] Selected the bad axiom SubClassOf(http://purl.dataone.org/odo/SENSO_00000001
...[truncated]
SUCCESS: attempt=9 seed=113614 success_count=7/100
progress: ontology=SENSO attempt=9 success=7/100
----- SENSO attempt=10 seed=127814 at 2026-06-24 13:53:31 -----
--- stdout ---
{"seed":127814,"run_id":"20260624134028346645","trial_status":"success","error_type":null,"failure_stage":null,"error_message":null,"iic_values":{"B1_vs_A1":0.8,"B1_vs_A2":0.5,"B1_vs_A3":0.8,"B2_vs_A1":0.5,"B2_vs_A2":0.2,"B2_vs_A3":0.2857142857142857,"B3_vs_A1":0.8,"B3_vs_A2":0.5,"B3_vs_A3":0.8,"B4_vs_A1":0.875,"B4_vs_A2":0.5,"B4_vs_A3":0.6666666666666666,"B5_vs_A1":0.875,"B5_vs_A2":0.5,"B5_vs_A3":0.6666666666666666,"B6_vs_A1":0.875,"B6_vs_A2":0.5,"B6_vs_A3":0.6666666666666666,"B7_vs_A1":0.875,"B7_vs_A2":0.5,"B7_vs_A3":0.6666666666666666,"B8_vs_A1":0.875,"B8_vs_A2":0.5,"B8_vs_A3":0.6666666666666666,"B9_vs_A1":0.875,"B9_vs_A2":0.5,"B9_vs_A3":0.6666666666666666},"repair_runtimes_ms":{"A1":32,"A2":114,"A3":170,"B1":218,"B2":624,"B3":284,"B4":46,"B5":972,"B6":766,"B7":26,"B8":741,"B9":497}}

--- stderr ---
SingleTrialExperiment starting: ontology=/workspaces/ontologyutils-ekaw26/repair-power-index-replication-ekaw26/ontologies/inconsistent/SENSO.owl, seed=127814, run_id=20260624134028346645
Loaded ontology.
Normalizing ontology with SROIQ normalization...
Normalized ontology with SROIQ normalization.
Ontology is already inconsistent, skipping make-inconsistent step.
Repairing with A1 (random-removal)...
[2026-06-24 13:53:32.103] Checking precondition...
[2026-06-24 13:53:32.111] Starting the repair...
[2026-06-24 13:53:32.116] Found 13 possible bad axioms.
[2026-06-24 13:53:32.117] Selected the bad axiom SubClassOf(owl:Thing ObjectAllValuesFrom(http://purl.dataone.org/odo/SENSO_00000005 http://purl.dataone.org/odo/SENSO_00000001)).
[2026-06-24 13:53:32.121] Found 12 possible bad axioms.
[2026-06-24 13:53:32.122] Selected the bad axiom SubClassOf(http://purl.dataone.org/odo/SENSO_00000003 http://purl.dataone.org/odo/SENSO_00000004).
[2026-06-24 13:53:32.124] Found 11 possible bad axioms.
[2026-06-24 13:53:32.125] Selected the bad axiom SubClassOf(http://purl.dataone.org/odo/SENSO_00000004 http://purl.dataone.org/odo/SENSO_00000001).
[2026-06-24 13:53:32.128] Found 10 possible bad axioms.
[2026-06-24 13:53:32.129] Selected the bad axiom SubClassOf(http://purl.dataone.org/odo/SENSO_00000001 http://purl.dataone.org/odo/SENSO_00000004).
[2026-06-24 13:53:32.131] Finished repairing the ontology.
Repairing with A2 (not-in-largest-mcs-removal)...
[2026-06-24 13:53:32.132] Checking precondition...
[2026-06-24 13:53:32.137] Starting the repair...
[2026-06-24 13:53:32.244] Found 4 possible bad axioms.
[2026-06-24 13:53:32.244] Selected the bad axiom SubClassOf(http://purl.dataone.org/odo/SENSO_00000003 owl:Nothing).
[2026-06-24 13:53:32.245] Finished repairing the ontology.
Repairing with A3 (default-weakening)...
[2026-06-24 13:53:32.247] Checking precondition...
[2026-06-24 13:53:32.249] Starting the repair...
[2026-06-24 13:53:32.259] Selected a reference ontology with 17 axioms.
[2026-06-24 13:53:32.401] Selected the bad axiom SubClassOf(http://purl.dataone.org/odo/SENSO_00000004 http://purl.dataone.org/odo/SENSO_00000003).
[2026-06-24 13:53:32.414] Selected the weaker axiom SubClassOf(owl:Nothing http://purl.dataone.org/odo/SENSO_00000003).
[2026-06-24 13:53:32.416] Finished repairing the ontology.
Repairing with B1 (bad-in_some_mus-weaker-random)...
[2026-06-24 13:53:32.417] Checking precondition...
[2026-06-24 13:53:32.418] Starting the repair...
[2026-06-24 13:53:32.423] Selected a reference ontology with 17 axioms.
[2026-06-24 13:53:32.515] Selected the bad axiom SubClassOf(http://purl.dataone.org/odo/SENSO_00000003 owl:Nothing).
[2026-06-24 13:53:32.519] Selected the weaker axiom SubClassOf(http://purl.dataone.org/odo/SENSO_00000004 owl:Nothing).
[2026-06-24 13:53:32.588] Selected the bad axiom SubClassOf(http://purl.dataone.org/odo/SENSO_00000001 http://purl.dataone.org/odo/SENSO_00000004).
[2026-06-24 13:53:32.589] Selected the weaker axiom SubCla
...[truncated]
SUCCESS: attempt=10 seed=127814 success_count=8/100
progress: ontology=SENSO attempt=10 success=8/100
----- SENSO attempt=11 seed=142014 at 2026-06-24 13:53:36 -----
--- stdout ---
{"seed":142014,"run_id":"20260624134028346645","trial_status":"success","error_type":null,"failure_stage":null,"error_message":null,"iic_values":{"B1_vs_A1":0.8,"B1_vs_A2":0.5,"B1_vs_A3":0.8,"B2_vs_A1":0.8,"B2_vs_A2":0.5,"B2_vs_A3":0.8,"B3_vs_A1":0.8,"B3_vs_A2":0.5,"B3_vs_A3":0.8,"B4_vs_A1":0.875,"B4_vs_A2":0.5,"B4_vs_A3":0.6666666666666666,"B5_vs_A1":0.875,"B5_vs_A2":0.5,"B5_vs_A3":0.6666666666666666,"B6_vs_A1":0.875,"B6_vs_A2":0.5,"B6_vs_A3":0.6666666666666666,"B7_vs_A1":0.875,"B7_vs_A2":0.5,"B7_vs_A3":0.6666666666666666,"B8_vs_A1":0.875,"B8_vs_A2":0.5,"B8_vs_A3":0.6666666666666666,"B9_vs_A1":0.875,"B9_vs_A2":0.5,"B9_vs_A3":0.6666666666666666},"repair_runtimes_ms":{"A1":27,"A2":119,"A3":264,"B1":83,"B2":333,"B3":339,"B4":38,"B5":1072,"B6":524,"B7":27,"B8":532,"B9":765}}

--- stderr ---
SingleTrialExperiment starting: ontology=/workspaces/ontologyutils-ekaw26/repair-power-index-replication-ekaw26/ontologies/inconsistent/SENSO.owl, seed=142014, run_id=20260624134028346645
Loaded ontology.
Normalizing ontology with SROIQ normalization...
Normalized ontology with SROIQ normalization.
Ontology is already inconsistent, skipping make-inconsistent step.
Repairing with A1 (random-removal)...
[2026-06-24 13:53:36.995] Checking precondition...
[2026-06-24 13:53:37.003] Starting the repair...
[2026-06-24 13:53:37.009] Found 13 possible bad axioms.
[2026-06-24 13:53:37.010] Selected the bad axiom SubClassOf(owl:Thing ObjectAllValuesFrom(http://purl.dataone.org/odo/SENSO_00000005 http://purl.dataone.org/odo/SENSO_00000001)).
[2026-06-24 13:53:37.014] Found 12 possible bad axioms.
[2026-06-24 13:53:37.014] Selected the bad axiom SubClassOf(http://purl.dataone.org/odo/SENSO_00000001 http://purl.dataone.org/odo/SENSO_00000004).
[2026-06-24 13:53:37.017] Finished repairing the ontology.
Repairing with A2 (not-in-largest-mcs-removal)...
[2026-06-24 13:53:37.018] Checking precondition...
[2026-06-24 13:53:37.027] Starting the repair...
[2026-06-24 13:53:37.136] Found 4 possible bad axioms.
[2026-06-24 13:53:37.136] Selected the bad axiom SubClassOf(http://purl.dataone.org/odo/SENSO_00000003 owl:Nothing).
[2026-06-24 13:53:37.137] Finished repairing the ontology.
Repairing with A3 (default-weakening)...
[2026-06-24 13:53:37.139] Checking precondition...
[2026-06-24 13:53:37.141] Starting the repair...
[2026-06-24 13:53:37.149] Selected a reference ontology with 17 axioms.
[2026-06-24 13:53:37.290] Selected the bad axiom SubClassOf(owl:Thing http://purl.dataone.org/odo/SENSO_00000001).
[2026-06-24 13:53:37.304] Selected the weaker axiom SubClassOf(owl:Thing http://purl.dataone.org/odo/SENSO_00000002).
[2026-06-24 13:53:37.400] Selected the bad axiom SubClassOf(http://purl.dataone.org/odo/SENSO_00000004 http://purl.dataone.org/odo/SENSO_00000003).
[2026-06-24 13:53:37.401] Selected the weaker axiom SubClassOf(http://purl.dataone.org/odo/SENSO_00000004 owl:Thing).
[2026-06-24 13:53:37.402] Finished repairing the ontology.
Repairing with B1 (bad-in_some_mus-weaker-random)...
[2026-06-24 13:53:37.403] Checking precondition...
[2026-06-24 13:53:37.404] Starting the repair...
[2026-06-24 13:53:37.407] Selected a reference ontology with 17 axioms.
[2026-06-24 13:53:37.481] Selected the bad axiom SubClassOf(http://purl.dataone.org/odo/SENSO_00000003 owl:Nothing).
[2026-06-24 13:53:37.485] Selected the weaker axiom SubClassOf(http://purl.dataone.org/odo/SENSO_00000003 http://purl.dataone.org/odo/SENSO_00000002).
[2026-06-24 13:53:37.485] Finished repairing the ontology.
Repairing with B2 (bad-in_some_mus-weaker-shapley)...
[2026-06-24 13:53:37.487] Checking precondition...
[2026-06-24 13:53:37.488] Starting the repair...
[2026-06-24 13:53:37.490] Selected a reference ontology with 17 axioms.
[2026-06-24 13:53:37.543] Selected the bad axiom SubClassOf(http://
...[truncated]
SUCCESS: attempt=11 seed=142014 success_count=9/100
progress: ontology=SENSO attempt=11 success=9/100
----- SENSO attempt=12 seed=156214 at 2026-06-24 13:53:41 -----
--- stdout ---
{"seed":156214,"run_id":"20260624134028346645","trial_status":"time_limit_exceeded","error_type":"timeout","failure_stage":"B7","error_message":"Repair timeout: B7 exceeded 300 seconds","iic_values":{},"repair_runtimes_ms":{"A1":23,"A2":125,"A3":169,"B1":315,"B2":867,"B3":242,"B4":44,"B5":996,"B6":786,"B7":300001}}

--- stderr ---
SingleTrialExperiment starting: ontology=/workspaces/ontologyutils-ekaw26/repair-power-index-replication-ekaw26/ontologies/inconsistent/SENSO.owl, seed=156214, run_id=20260624134028346645
Loaded ontology.
Normalizing ontology with SROIQ normalization...
Normalized ontology with SROIQ normalization.
Ontology is already inconsistent, skipping make-inconsistent step.
Repairing with A1 (random-removal)...
[2026-06-24 13:53:41.544] Checking precondition...
[2026-06-24 13:53:41.552] Starting the repair...
[2026-06-24 13:53:41.558] Found 13 possible bad axioms.
[2026-06-24 13:53:41.559] Selected the bad axiom SubClassOf(http://purl.dataone.org/odo/SENSO_00000003 owl:Nothing).
[2026-06-24 13:53:41.563] Finished repairing the ontology.
Repairing with A2 (not-in-largest-mcs-removal)...
[2026-06-24 13:53:41.564] Checking precondition...
[2026-06-24 13:53:41.572] Starting the repair...
[2026-06-24 13:53:41.687] Found 4 possible bad axioms.
[2026-06-24 13:53:41.687] Selected the bad axiom SubClassOf(http://purl.dataone.org/odo/SENSO_00000001 http://purl.dataone.org/odo/SENSO_00000004).
[2026-06-24 13:53:41.689] Finished repairing the ontology.
Repairing with A3 (default-weakening)...
[2026-06-24 13:53:41.690] Checking precondition...
[2026-06-24 13:53:41.693] Starting the repair...
[2026-06-24 13:53:41.704] Selected a reference ontology with 17 axioms.
[2026-06-24 13:53:41.843] Selected the bad axiom SubClassOf(http://purl.dataone.org/odo/SENSO_00000001 http://purl.dataone.org/odo/SENSO_00000004).
[2026-06-24 13:53:41.856] Selected the weaker axiom SubClassOf(http://purl.dataone.org/odo/SENSO_00000001 ObjectAllValuesFrom(http://purl.dataone.org/odo/SENSO_00000005 http://purl.dataone.org/odo/SENSO_00000001)).
[2026-06-24 13:53:41.858] Finished repairing the ontology.
Repairing with B1 (bad-in_some_mus-weaker-random)...
[2026-06-24 13:53:41.859] Checking precondition...
[2026-06-24 13:53:41.861] Starting the repair...
[2026-06-24 13:53:41.865] Selected a reference ontology with 17 axioms.
[2026-06-24 13:53:41.952] Selected the bad axiom SubClassOf(http://purl.dataone.org/odo/SENSO_00000001 http://purl.dataone.org/odo/SENSO_00000004).
[2026-06-24 13:53:41.957] Selected the weaker axiom SubClassOf(ObjectAllValuesFrom(http://purl.dataone.org/odo/SENSO_00000005 owl:Nothing) http://purl.dataone.org/odo/SENSO_00000004).
[2026-06-24 13:53:42.052] Selected the bad axiom SubClassOf(http://purl.dataone.org/odo/SENSO_00000003 owl:Nothing).
[2026-06-24 13:53:42.052] Selected the weaker axiom SubClassOf(http://purl.dataone.org/odo/SENSO_00000002 owl:Nothing).
[2026-06-24 13:53:42.120] Selected the bad axiom SubClassOf(ObjectAllValuesFrom(http://purl.dataone.org/odo/SENSO_00000005 owl:Nothing) http://purl.dataone.org/odo/SENSO_00000004).
[2026-06-24 13:53:42.121] Selected the weaker axiom SubClassOf(ObjectAllValuesFrom(http://purl.dataone.org/odo/SENSO_00000005 owl:Nothing) http://purl.dataone.org/odo/SENSO_00000002).
[2026-06-24 13:53:42.173] Selected the bad axiom SubClass
...[truncated]
FAIL: attempt=12 seed=156214 status=time_limit_exceeded stage=B7 message=Repair timeout: B7 exceeded 300 seconds
progress: ontology=SENSO attempt=12 success=9/100
----- SENSO attempt=13 seed=170414 at 2026-06-24 13:58:45 -----
--- stdout ---
{"seed":170414,"run_id":"20260624134028346645","trial_status":"success","error_type":null,"failure_stage":null,"error_message":null,"iic_values":{"B1_vs_A1":0.875,"B1_vs_A2":0.875,"B1_vs_A3":0.875,"B2_vs_A1":1.0,"B2_vs_A2":1.0,"B2_vs_A3":1.0,"B3_vs_A1":1.0,"B3_vs_A2":1.0,"B3_vs_A3":1.0,"B4_vs_A1":0.875,"B4_vs_A2":0.875,"B4_vs_A3":0.875,"B5_vs_A1":0.875,"B5_vs_A2":0.875,"B5_vs_A3":0.875,"B6_vs_A1":0.875,"B6_vs_A2":0.875,"B6_vs_A3":0.875,"B7_vs_A1":0.875,"B7_vs_A2":0.875,"B7_vs_A3":0.875,"B8_vs_A1":0.875,"B8_vs_A2":0.875,"B8_vs_A3":0.875,"B9_vs_A1":0.875,"B9_vs_A2":0.875,"B9_vs_A3":0.875},"repair_runtimes_ms":{"A1":24,"A2":120,"A3":160,"B1":105,"B2":1009,"B3":234,"B4":53,"B5":676,"B6":840,"B7":22,"B8":514,"B9":817}}

--- stderr ---
SingleTrialExperiment starting: ontology=/workspaces/ontologyutils-ekaw26/repair-power-index-replication-ekaw26/ontologies/inconsistent/SENSO.owl, seed=170414, run_id=20260624134028346645
Loaded ontology.
Normalizing ontology with SROIQ normalization...
Normalized ontology with SROIQ normalization.
Ontology is already inconsistent, skipping make-inconsistent step.
Repairing with A1 (random-removal)...
[2026-06-24 13:58:45.744] Checking precondition...
[2026-06-24 13:58:45.753] Starting the repair...
[2026-06-24 13:58:45.758] Found 13 possible bad axioms.
[2026-06-24 13:58:45.760] Selected the bad axiom SubClassOf(http://purl.dataone.org/odo/SENSO_00000001 http://purl.dataone.org/odo/SENSO_00000004).
[2026-06-24 13:58:45.765] Finished repairing the ontology.
Repairing with A2 (not-in-largest-mcs-removal)...
[2026-06-24 13:58:45.765] Checking precondition...
[2026-06-24 13:58:45.773] Starting the repair...
[2026-06-24 13:58:45.884] Found 4 possible bad axioms.
[2026-06-24 13:58:45.884] Selected the bad axiom SubClassOf(http://purl.dataone.org/odo/SENSO_00000001 http://purl.dataone.org/odo/SENSO_00000004).
[2026-06-24 13:58:45.885] Finished repairing the ontology.
Repairing with A3 (default-weakening)...
[2026-06-24 13:58:45.887] Checking precondition...
[2026-06-24 13:58:45.889] Starting the repair...
[2026-06-24 13:58:45.898] Selected a reference ontology with 17 axioms.
[2026-06-24 13:58:46.032] Selected the bad axiom SubClassOf(http://purl.dataone.org/odo/SENSO_00000001 http://purl.dataone.org/odo/SENSO_00000004).
[2026-06-24 13:58:46.044] Selected the weaker axiom SubClassOf(http://purl.dataone.org/odo/SENSO_00000001 ObjectAllValuesFrom(http://purl.dataone.org/odo/SENSO_00000005 owl:Nothing)).
[2026-06-24 13:58:46.046] Finished repairing the ontology.
Repairing with B1 (bad-in_some_mus-weaker-random)...
[2026-06-24 13:58:46.047] Checking precondition...
[2026-06-24 13:58:46.049] Starting the repair...
[2026-06-24 13:58:46.053] Selected a reference ontology with 17 axioms.
[2026-06-24 13:58:46.149] Selected the bad axiom SubClassOf(owl:Thing http://purl.dataone.org/odo/SENSO_00000001).
[2026-06-24 13:58:46.152] Selected the weaker axiom SubClassOf(http://purl.dataone.org/odo/SENSO_00000002 http://purl.dataone.org/odo/SENSO_00000001).
[2026-06-24 13:58:46.152] Finished repairing the ontology.
Repairing with B2 (bad-in_some_mus-weaker-shapley)...
[2026-06-24 13:58:46.154] Checking precondition...
[2026-06-24 13:58:46.156] Starting the repair...
[2026-06-24 13:58:46.161] Selected a reference ontology with 17 axioms.
[2026-06-24 13:58:46.234] Selected the bad axiom SubClassOf(http://purl.dataone.org/odo/SENSO_00000004 http://purl.dataone.org/odo/SENSO_00000003).
[PowerIndexWeakerAxiomSelector] Scoring 12 candidate weakenings for SENSO_00000004 ⊑ SENSO_00000003
[PowerIndexWeakerAxiomSelector] Selected weaker axiom: SENSO_00000002 ⊑ SENSO_00000003
[2026-06-24 13:58:46.689] Selected the weaker axiom SubClassOf(http://purl.dataone.org/odo/SENSO_00000002
...[truncated]
SUCCESS: attempt=13 seed=170414 success_count=10/100
progress: ontology=SENSO attempt=13 success=10/100
----- SENSO attempt=14 seed=184614 at 2026-06-24 13:58:50 -----
--- stdout ---
{"seed":184614,"run_id":"20260624134028346645","trial_status":"success","error_type":null,"failure_stage":null,"error_message":null,"iic_values":{"B1_vs_A1":0.2,"B1_vs_A2":0.125,"B1_vs_A3":0.125,"B2_vs_A1":0.2,"B2_vs_A2":0.3333333333333333,"B2_vs_A3":0.3333333333333333,"B3_vs_A1":0.2,"B3_vs_A2":0.125,"B3_vs_A3":0.125,"B4_vs_A1":0.5,"B4_vs_A2":0.5,"B4_vs_A3":0.5,"B5_vs_A1":0.5,"B5_vs_A2":0.5,"B5_vs_A3":0.5,"B6_vs_A1":0.5,"B6_vs_A2":0.5,"B6_vs_A3":0.5,"B7_vs_A1":0.5,"B7_vs_A2":0.5,"B7_vs_A3":0.5,"B8_vs_A1":0.5,"B8_vs_A2":0.5,"B8_vs_A3":0.5,"B9_vs_A1":0.5,"B9_vs_A2":0.5,"B9_vs_A3":0.5},"repair_runtimes_ms":{"A1":32,"A2":115,"A3":252,"B1":88,"B2":371,"B3":442,"B4":124,"B5":1006,"B6":846,"B7":25,"B8":730,"B9":559}}

--- stderr ---
SingleTrialExperiment starting: ontology=/workspaces/ontologyutils-ekaw26/repair-power-index-replication-ekaw26/ontologies/inconsistent/SENSO.owl, seed=184614, run_id=20260624134028346645
Loaded ontology.
Normalizing ontology with SROIQ normalization...
Normalized ontology with SROIQ normalization.
Ontology is already inconsistent, skipping make-inconsistent step.
Repairing with A1 (random-removal)...
[2026-06-24 13:58:50.747] Checking precondition...
[2026-06-24 13:58:50.755] Starting the repair...
[2026-06-24 13:58:50.760] Found 13 possible bad axioms.
[2026-06-24 13:58:50.761] Selected the bad axiom SubClassOf(owl:Thing ObjectAllValuesFrom(http://purl.dataone.org/odo/SENSO_00000005 http://purl.dataone.org/odo/SENSO_00000004)).
[2026-06-24 13:58:50.766] Found 12 possible bad axioms.
[2026-06-24 13:58:50.767] Selected the bad axiom SubClassOf(http://purl.dataone.org/odo/SENSO_00000004 http://purl.dataone.org/odo/SENSO_00000001).
[2026-06-24 13:58:50.770] Found 11 possible bad axioms.
[2026-06-24 13:58:50.770] Selected the bad axiom SubClassOf(http://purl.dataone.org/odo/SENSO_00000003 owl:Nothing).
[2026-06-24 13:58:50.775] Finished repairing the ontology.
Repairing with A2 (not-in-largest-mcs-removal)...
[2026-06-24 13:58:50.776] Checking precondition...
[2026-06-24 13:58:50.781] Starting the repair...
[2026-06-24 13:58:50.890] Found 4 possible bad axioms.
[2026-06-24 13:58:50.891] Selected the bad axiom SubClassOf(owl:Thing http://purl.dataone.org/odo/SENSO_00000001).
[2026-06-24 13:58:50.891] Finished repairing the ontology.
Repairing with A3 (default-weakening)...
[2026-06-24 13:58:50.892] Checking precondition...
[2026-06-24 13:58:50.895] Starting the repair...
[2026-06-24 13:58:50.904] Selected a reference ontology with 17 axioms.
[2026-06-24 13:58:51.043] Selected the bad axiom SubClassOf(http://purl.dataone.org/odo/SENSO_00000003 owl:Nothing).
[2026-06-24 13:58:51.054] Selected the weaker axiom SubClassOf(http://purl.dataone.org/odo/SENSO_00000002 owl:Nothing).
[2026-06-24 13:58:51.141] Selected the bad axiom SubClassOf(owl:Thing http://purl.dataone.org/odo/SENSO_00000001).
[2026-06-24 13:58:51.143] Selected the weaker axiom SubClassOf(owl:Thing owl:Thing).
[2026-06-24 13:58:51.144] Finished repairing the ontology.
Repairing with B1 (bad-in_some_mus-weaker-random)...
[2026-06-24 13:58:51.145] Checking precondition...
[2026-06-24 13:58:51.145] Starting the repair...
[2026-06-24 13:58:51.149] Selected a reference ontology with 17 axioms.
[2026-06-24 13:58:51.228] Selected the bad axiom SubClassOf(http://purl.dataone.org/odo/SENSO_00000001 http://purl.dataone.org/odo/SENSO_00000004).
[2026-06-24 13:58:51.231] Selected the weaker axiom SubClassOf(http://purl.dataone.org/odo/SENSO_00000001 http://purl.dataone.org/odo/SENSO_00000001).
[2026-06-24 13:58:51.232] Finished repairing the ontology.
Repairing with B2 (bad-in_some_mus-weaker-shapley)...
[2026-06-24 13:58:51.234] Checking precondition...
[2026-06-24 13:58:51.235] Starting the repair...
...[truncated]
SUCCESS: attempt=14 seed=184614 success_count=11/100
progress: ontology=SENSO attempt=14 success=11/100
----- SENSO attempt=15 seed=198814 at 2026-06-24 13:58:55 -----
--- stdout ---
{"seed":198814,"run_id":"20260624134028346645","trial_status":"success","error_type":null,"failure_stage":null,"error_message":null,"iic_values":{"B1_vs_A1":0.5,"B1_vs_A2":0.2857142857142857,"B1_vs_A3":0.2,"B2_vs_A1":0.625,"B2_vs_A2":0.4,"B2_vs_A3":0.25,"B3_vs_A1":0.875,"B3_vs_A2":0.8,"B3_vs_A3":0.5,"B4_vs_A1":0.8,"B4_vs_A2":0.6666666666666666,"B4_vs_A3":0.5,"B5_vs_A1":0.8,"B5_vs_A2":0.6666666666666666,"B5_vs_A3":0.5,"B6_vs_A1":0.8,"B6_vs_A2":0.6666666666666666,"B6_vs_A3":0.5,"B7_vs_A1":0.8,"B7_vs_A2":0.6666666666666666,"B7_vs_A3":0.5,"B8_vs_A1":0.8,"B8_vs_A2":0.6666666666666666,"B8_vs_A3":0.5,"B9_vs_A1":0.8,"B9_vs_A2":0.6666666666666666,"B9_vs_A3":0.5},"repair_runtimes_ms":{"A1":33,"A2":112,"A3":495,"B1":61,"B2":624,"B3":246,"B4":45,"B5":707,"B6":791,"B7":21,"B8":544,"B9":860}}

--- stderr ---
SingleTrialExperiment starting: ontology=/workspaces/ontologyutils-ekaw26/repair-power-index-replication-ekaw26/ontologies/inconsistent/SENSO.owl, seed=198814, run_id=20260624134028346645
Loaded ontology.
Normalizing ontology with SROIQ normalization...
Normalized ontology with SROIQ normalization.
Ontology is already inconsistent, skipping make-inconsistent step.
Repairing with A1 (random-removal)...
[2026-06-24 13:58:56.027] Checking precondition...
[2026-06-24 13:58:56.036] Starting the repair...
[2026-06-24 13:58:56.041] Found 13 possible bad axioms.
[2026-06-24 13:58:56.042] Selected the bad axiom SubClassOf(owl:Thing ObjectAllValuesFrom(http://purl.dataone.org/odo/SENSO_00000005 http://purl.dataone.org/odo/SENSO_00000004)).
[2026-06-24 13:58:56.047] Found 12 possible bad axioms.
[2026-06-24 13:58:56.047] Selected the bad axiom SubClassOf(http://purl.dataone.org/odo/SENSO_00000004 http://purl.dataone.org/odo/SENSO_00000002).
[2026-06-24 13:58:56.050] Found 11 possible bad axioms.
[2026-06-24 13:58:56.050] Selected the bad axiom SubClassOf(owl:Thing ObjectAllValuesFrom(http://purl.dataone.org/odo/SENSO_00000005 owl:Nothing)).
[2026-06-24 13:58:56.053] Found 10 possible bad axioms.
[2026-06-24 13:58:56.054] Selected the bad axiom SubClassOf(http://purl.dataone.org/odo/SENSO_00000004 http://purl.dataone.org/odo/SENSO_00000003).
[2026-06-24 13:58:56.056] Finished repairing the ontology.
Repairing with A2 (not-in-largest-mcs-removal)...
[2026-06-24 13:58:56.056] Checking precondition...
[2026-06-24 13:58:56.061] Starting the repair...
[2026-06-24 13:58:56.166] Found 4 possible bad axioms.
[2026-06-24 13:58:56.167] Selected the bad axiom SubClassOf(http://purl.dataone.org/odo/SENSO_00000004 http://purl.dataone.org/odo/SENSO_00000003).
[2026-06-24 13:58:56.168] Finished repairing the ontology.
Repairing with A3 (default-weakening)...
[2026-06-24 13:58:56.170] Checking precondition...
[2026-06-24 13:58:56.173] Starting the repair...
[2026-06-24 13:58:56.183] Selected a reference ontology with 17 axioms.
[2026-06-24 13:58:56.310] Selected the bad axiom SubClassOf(http://purl.dataone.org/odo/SENSO_00000004 http://purl.dataone.org/odo/SENSO_00000003).
[2026-06-24 13:58:56.320] Selected the weaker axiom SubClassOf(ObjectAllValuesFrom(http://purl.dataone.org/odo/SENSO_00000005 http://purl.dataone.org/odo/SENSO_00000004) http://purl.dataone.org/odo/SENSO_00000003).
[2026-06-24 13:58:56.427] Selected the bad axiom SubClassOf(http://purl.dataone.org/odo/SENSO_00000003 owl:Nothing).
[2026-06-24 13:58:56.427] Selected the weaker axiom SubClassOf(http://purl.dataone.org/odo/SENSO_00000001 owl:Nothing).
[2026-06-24 13:58:56.493] Selected the bad axiom SubClassOf(http://purl.dataone.org/odo/SENSO_00000001 owl:Nothing).
[2026-06-24 13:58:56.494] Selected the weaker axiom SubClassOf(http://purl.dataone.org/odo/SENSO_00000004 owl:Nothing).
[2026-06-24 13:58:56.564] Selected the bad axiom SubClassOf(http://purl.dataone.org/odo/SENSO_00000004 owl:Nothing).
[2026-06-2
...[truncated]
SUCCESS: attempt=15 seed=198814 success_count=12/100
progress: ontology=SENSO attempt=15 success=12/100
----- SENSO attempt=16 seed=213014 at 2026-06-24 13:59:00 -----
--- stdout ---
{"seed":213014,"run_id":"20260624134028346645","trial_status":"success","error_type":null,"failure_stage":null,"error_message":null,"iic_values":{"B1_vs_A1":0.8,"B1_vs_A2":0.8,"B1_vs_A3":0.5,"B2_vs_A1":0.875,"B2_vs_A2":0.6666666666666666,"B2_vs_A3":0.5,"B3_vs_A1":0.7142857142857143,"B3_vs_A2":0.5,"B3_vs_A3":0.3333333333333333,"B4_vs_A1":0.875,"B4_vs_A2":0.6666666666666666,"B4_vs_A3":0.5,"B5_vs_A1":0.875,"B5_vs_A2":0.6666666666666666,"B5_vs_A3":0.5,"B6_vs_A1":0.875,"B6_vs_A2":0.6666666666666666,"B6_vs_A3":0.5,"B7_vs_A1":0.875,"B7_vs_A2":0.6666666666666666,"B7_vs_A3":0.5,"B8_vs_A1":0.875,"B8_vs_A2":0.6666666666666666,"B8_vs_A3":0.5,"B9_vs_A1":0.875,"B9_vs_A2":0.6666666666666666,"B9_vs_A3":0.5},"repair_runtimes_ms":{"A1":32,"A2":119,"A3":167,"B1":262,"B2":400,"B3":738,"B4":63,"B5":643,"B6":777,"B7":34,"B8":758,"B9":858}}

--- stderr ---
SingleTrialExperiment starting: ontology=/workspaces/ontologyutils-ekaw26/repair-power-index-replication-ekaw26/ontologies/inconsistent/SENSO.owl, seed=213014, run_id=20260624134028346645
Loaded ontology.
Normalizing ontology with SROIQ normalization...
Normalized ontology with SROIQ normalization.
Ontology is already inconsistent, skipping make-inconsistent step.
Repairing with A1 (random-removal)...
[2026-06-24 13:59:00.991] Checking precondition...
[2026-06-24 13:59:01.000] Starting the repair...
[2026-06-24 13:59:01.005] Found 13 possible bad axioms.
[2026-06-24 13:59:01.007] Selected the bad axiom SubClassOf(http://purl.dataone.org/odo/SENSO_00000003 http://purl.dataone.org/odo/SENSO_00000001).
[2026-06-24 13:59:01.011] Found 12 possible bad axioms.
[2026-06-24 13:59:01.011] Selected the bad axiom SubClassOf(owl:Thing ObjectAllValuesFrom(http://purl.dataone.org/odo/SENSO_00000005 http://purl.dataone.org/odo/SENSO_00000001)).
[2026-06-24 13:59:01.014] Found 11 possible bad axioms.
[2026-06-24 13:59:01.015] Selected the bad axiom SubClassOf(http://purl.dataone.org/odo/SENSO_00000001 http://purl.dataone.org/odo/SENSO_00000004).
[2026-06-24 13:59:01.018] Finished repairing the ontology.
Repairing with A2 (not-in-largest-mcs-removal)...
[2026-06-24 13:59:01.019] Checking precondition...
[2026-06-24 13:59:01.024] Starting the repair...
[2026-06-24 13:59:01.136] Found 4 possible bad axioms.
[2026-06-24 13:59:01.137] Selected the bad axiom SubClassOf(http://purl.dataone.org/odo/SENSO_00000004 http://purl.dataone.org/odo/SENSO_00000003).
[2026-06-24 13:59:01.139] Finished repairing the ontology.
Repairing with A3 (default-weakening)...
[2026-06-24 13:59:01.140] Checking precondition...
[2026-06-24 13:59:01.143] Starting the repair...
[2026-06-24 13:59:01.151] Selected a reference ontology with 17 axioms.
[2026-06-24 13:59:01.293] Selected the bad axiom SubClassOf(owl:Thing http://purl.dataone.org/odo/SENSO_00000001).
[2026-06-24 13:59:01.304] Selected the weaker axiom SubClassOf(owl:Thing owl:Thing).
[2026-06-24 13:59:01.306] Finished repairing the ontology.
Repairing with B1 (bad-in_some_mus-weaker-random)...
[2026-06-24 13:59:01.307] Checking precondition...
[2026-06-24 13:59:01.308] Starting the repair...
[2026-06-24 13:59:01.311] Selected a reference ontology with 17 axioms.
[2026-06-24 13:59:01.405] Selected the bad axiom SubClassOf(http://purl.dataone.org/odo/SENSO_00000003 owl:Nothing).
[2026-06-24 13:59:01.408] Selected the weaker axiom SubClassOf(http://purl.dataone.org/odo/SENSO_00000001 owl:Nothing).
[2026-06-24 13:59:01.479] Selected the bad axiom SubClassOf(owl:Thing http://purl.dataone.org/odo/SENSO_00000001).
[2026-06-24 13:59:01.480] Selected the weaker axiom SubClassOf(ObjectAllValuesFrom(http://purl.dataone.org/odo/SENSO_00000005 owl:Nothing) http://purl.dataone.org/odo/SENSO_00000001).
[2026-06-24 13:59:01.567] Selected the bad axiom SubClassOf(http://purl.dataone.org/odo/SENSO_00000001 owl:Nothing).
[2026-06-24 13:59:01.568] Selec
...[truncated]
SUCCESS: attempt=16 seed=213014 success_count=13/100
progress: ontology=SENSO attempt=16 success=13/100
----- SENSO attempt=17 seed=227214 at 2026-06-24 13:59:05 -----
--- stdout ---
{"seed":227214,"run_id":"20260624134028346645","trial_status":"success","error_type":null,"failure_stage":null,"error_message":null,"iic_values":{"B1_vs_A1":0.3333333333333333,"B1_vs_A2":0.125,"B1_vs_A3":0.2,"B2_vs_A1":0.7,"B2_vs_A2":0.5,"B2_vs_A3":0.5,"B3_vs_A1":0.3333333333333333,"B3_vs_A2":0.125,"B3_vs_A3":0.2,"B4_vs_A1":1.0,"B4_vs_A2":0.5,"B4_vs_A3":0.5,"B5_vs_A1":1.0,"B5_vs_A2":0.5,"B5_vs_A3":0.5,"B6_vs_A1":1.0,"B6_vs_A2":0.5,"B6_vs_A3":0.5,"B7_vs_A1":1.0,"B7_vs_A2":0.5,"B7_vs_A3":0.5,"B8_vs_A1":1.0,"B8_vs_A2":0.5,"B8_vs_A3":0.5,"B9_vs_A1":1.0,"B9_vs_A2":0.5,"B9_vs_A3":0.5},"repair_runtimes_ms":{"A1":35,"A2":107,"A3":176,"B1":99,"B2":437,"B3":489,"B4":45,"B5":941,"B6":535,"B7":21,"B8":758,"B9":507}}

--- stderr ---
SingleTrialExperiment starting: ontology=/workspaces/ontologyutils-ekaw26/repair-power-index-replication-ekaw26/ontologies/inconsistent/SENSO.owl, seed=227214, run_id=20260624134028346645
Loaded ontology.
Normalizing ontology with SROIQ normalization...
Normalized ontology with SROIQ normalization.
Ontology is already inconsistent, skipping make-inconsistent step.
Repairing with A1 (random-removal)...
[2026-06-24 13:59:06.276] Checking precondition...
[2026-06-24 13:59:06.284] Starting the repair...
[2026-06-24 13:59:06.290] Found 13 possible bad axioms.
[2026-06-24 13:59:06.292] Selected the bad axiom SubClassOf(owl:Thing ObjectAllValuesFrom(http://purl.dataone.org/odo/SENSO_00000005 owl:Nothing)).
[2026-06-24 13:59:06.296] Found 12 possible bad axioms.
[2026-06-24 13:59:06.296] Selected the bad axiom SubClassOf(http://purl.dataone.org/odo/SENSO_00000002 http://purl.dataone.org/odo/SENSO_00000001).
[2026-06-24 13:59:06.300] Found 11 possible bad axioms.
[2026-06-24 13:59:06.300] Selected the bad axiom SubClassOf(http://purl.dataone.org/odo/SENSO_00000003 http://purl.dataone.org/odo/SENSO_00000001).
[2026-06-24 13:59:06.304] Found 10 possible bad axioms.
[2026-06-24 13:59:06.304] Selected the bad axiom SubClassOf(owl:Thing http://purl.dataone.org/odo/SENSO_00000001).
[2026-06-24 13:59:06.306] Finished repairing the ontology.
Repairing with A2 (not-in-largest-mcs-removal)...
[2026-06-24 13:59:06.307] Checking precondition...
[2026-06-24 13:59:06.312] Starting the repair...
[2026-06-24 13:59:06.414] Found 4 possible bad axioms.
[2026-06-24 13:59:06.414] Selected the bad axiom SubClassOf(owl:Thing http://purl.dataone.org/odo/SENSO_00000001).
[2026-06-24 13:59:06.414] Finished repairing the ontology.
Repairing with A3 (default-weakening)...
[2026-06-24 13:59:06.416] Checking precondition...
[2026-06-24 13:59:06.419] Starting the repair...
[2026-06-24 13:59:06.427] Selected a reference ontology with 17 axioms.
[2026-06-24 13:59:06.578] Selected the bad axiom SubClassOf(http://purl.dataone.org/odo/SENSO_00000003 owl:Nothing).
[2026-06-24 13:59:06.589] Selected the weaker axiom SubClassOf(http://purl.dataone.org/odo/SENSO_00000003 owl:Thing).
[2026-06-24 13:59:06.591] Finished repairing the ontology.
Repairing with B1 (bad-in_some_mus-weaker-random)...
[2026-06-24 13:59:06.592] Checking precondition...
[2026-06-24 13:59:06.593] Starting the repair...
[2026-06-24 13:59:06.599] Selected a reference ontology with 17 axioms.
[2026-06-24 13:59:06.685] Selected the bad axiom SubClassOf(http://purl.dataone.org/odo/SENSO_00000001 http://purl.dataone.org/odo/SENSO_00000004).
[2026-06-24 13:59:06.689] Selected the weaker axiom SubClassOf(owl:Nothing http://purl.dataone.org/odo/SENSO_00000004).
[2026-06-24 13:59:06.690] Finished repairing the ontology.
Repairing with B2 (bad-in_some_mus-weaker-shapley)...
[2026-06-24 13:59:06.692] Checking precondition...
[2026-06-24 13:59:06.693] Starting the repair...
[2026-06-24 13:59:06.696] Selected a reference ontology with 
...[truncated]
SUCCESS: attempt=17 seed=227214 success_count=14/100
progress: ontology=SENSO attempt=17 success=14/100
----- SENSO attempt=18 seed=241414 at 2026-06-24 13:59:10 -----
--- stdout ---
{"seed":241414,"run_id":"20260624134028346645","trial_status":"memory_limit_exceeded","error_type":"failure","failure_stage":"B7","error_message":"Repair failed: ExecutionException: java.lang.NullPointerException: operands cannot be null or empty","iic_values":{},"repair_runtimes_ms":{"A1":24,"A2":118,"A3":164,"B1":104,"B2":567,"B3":401,"B4":157,"B5":765,"B6":773,"B7":45}}

--- stderr ---
SingleTrialExperiment starting: ontology=/workspaces/ontologyutils-ekaw26/repair-power-index-replication-ekaw26/ontologies/inconsistent/SENSO.owl, seed=241414, run_id=20260624134028346645
Loaded ontology.
Normalizing ontology with SROIQ normalization...
Normalized ontology with SROIQ normalization.
Ontology is already inconsistent, skipping make-inconsistent step.
Repairing with A1 (random-removal)...
[2026-06-24 13:59:10.836] Checking precondition...
[2026-06-24 13:59:10.845] Starting the repair...
[2026-06-24 13:59:10.850] Found 13 possible bad axioms.
[2026-06-24 13:59:10.851] Selected the bad axiom SubClassOf(http://purl.dataone.org/odo/SENSO_00000003 owl:Nothing).
[2026-06-24 13:59:10.855] Finished repairing the ontology.
Repairing with A2 (not-in-largest-mcs-removal)...
[2026-06-24 13:59:10.856] Checking precondition...
[2026-06-24 13:59:10.864] Starting the repair...
[2026-06-24 13:59:10.973] Found 4 possible bad axioms.
[2026-06-24 13:59:10.973] Selected the bad axiom SubClassOf(http://purl.dataone.org/odo/SENSO_00000003 owl:Nothing).
[2026-06-24 13:59:10.974] Finished repairing the ontology.
Repairing with A3 (default-weakening)...
[2026-06-24 13:59:10.976] Checking precondition...
[2026-06-24 13:59:10.978] Starting the repair...
[2026-06-24 13:59:10.988] Selected a reference ontology with 17 axioms.
[2026-06-24 13:59:11.124] Selected the bad axiom SubClassOf(http://purl.dataone.org/odo/SENSO_00000003 owl:Nothing).
[2026-06-24 13:59:11.137] Selected the weaker axiom SubClassOf(http://purl.dataone.org/odo/SENSO_00000003 http://purl.dataone.org/odo/SENSO_00000004).
[2026-06-24 13:59:11.139] Finished repairing the ontology.
Repairing with B1 (bad-in_some_mus-weaker-random)...
[2026-06-24 13:59:11.140] Checking precondition...
[2026-06-24 13:59:11.141] Starting the repair...
[2026-06-24 13:59:11.144] Selected a reference ontology with 17 axioms.
[2026-06-24 13:59:11.240] Selected the bad axiom SubClassOf(http://purl.dataone.org/odo/SENSO_00000003 owl:Nothing).
[2026-06-24 13:59:11.243] Selected the weaker axiom SubClassOf(http://purl.dataone.org/odo/SENSO_00000003 http://purl.dataone.org/odo/SENSO_00000002).
[2026-06-24 13:59:11.244] Finished repairing the ontology.
Repairing with B2 (bad-in_some_mus-weaker-shapley)...
[2026-06-24 13:59:11.245] Checking precondition...
[2026-06-24 13:59:11.247] Starting the repair...
[2026-06-24 13:59:11.250] Selected a reference ontology with 17 axioms.
[2026-06-24 13:59:11.324] Selected the bad axiom SubClassOf(http://purl.dataone.org/odo/SENSO_00000003 owl:Nothing).
[PowerIndexWeakerAxiomSelector] Scoring 16 candidate weakenings for SENSO_00000003 ⊑ ⊥
[PowerIndexWeakerAxiomSelector] Selected weaker axiom: SENSO_00000003 ⊑ SENSO_00000001
[2026-06-24 13:59:11.808] Selected the weaker axiom SubClassOf(http://purl.dataone.org/odo/SENSO_00000003 http://purl.dataone.org/odo/SENSO_00000001).
[2026-06-24 13:59:11.811] Finished repairing the ontology.
Repairing with B3 (bad-in_some_mus-weaker-banzhaf)...
[2026-06-
...[truncated]
FAIL: attempt=18 seed=241414 status=memory_limit_exceeded stage=B7 message=Repair failed: ExecutionException: java.lang.NullPointerException: operands cannot be null or empty
progress: ontology=SENSO attempt=18 success=14/100
----- SENSO attempt=19 seed=255614 at 2026-06-24 13:59:14 -----
--- stdout ---
{"seed":255614,"run_id":"20260624134028346645","trial_status":"success","error_type":null,"failure_stage":null,"error_message":null,"iic_values":{"B1_vs_A1":0.5,"B1_vs_A2":0.875,"B1_vs_A3":0.875,"B2_vs_A1":0.2,"B2_vs_A2":1.0,"B2_vs_A3":1.0,"B3_vs_A1":0.125,"B3_vs_A2":0.5,"B3_vs_A3":0.5,"B4_vs_A1":0.5,"B4_vs_A2":0.875,"B4_vs_A3":0.875,"B5_vs_A1":0.5,"B5_vs_A2":0.875,"B5_vs_A3":0.875,"B6_vs_A1":0.5,"B6_vs_A2":0.875,"B6_vs_A3":0.875,"B7_vs_A1":0.5,"B7_vs_A2":0.875,"B7_vs_A3":0.875,"B8_vs_A1":0.5,"B8_vs_A2":0.875,"B8_vs_A3":0.875,"B9_vs_A1":0.5,"B9_vs_A2":0.875,"B9_vs_A3":0.875},"repair_runtimes_ms":{"A1":29,"A2":120,"A3":163,"B1":95,"B2":855,"B3":331,"B4":42,"B5":664,"B6":930,"B7":24,"B8":836,"B9":853}}

--- stderr ---
SingleTrialExperiment starting: ontology=/workspaces/ontologyutils-ekaw26/repair-power-index-replication-ekaw26/ontologies/inconsistent/SENSO.owl, seed=255614, run_id=20260624134028346645
Loaded ontology.
Normalizing ontology with SROIQ normalization...
Normalized ontology with SROIQ normalization.
Ontology is already inconsistent, skipping make-inconsistent step.
Repairing with A1 (random-removal)...
[2026-06-24 13:59:14.358] Checking precondition...
[2026-06-24 13:59:14.368] Starting the repair...
[2026-06-24 13:59:14.373] Found 13 possible bad axioms.
[2026-06-24 13:59:14.375] Selected the bad axiom SubClassOf(http://purl.dataone.org/odo/SENSO_00000003 http://purl.dataone.org/odo/SENSO_00000002).
[2026-06-24 13:59:14.379] Found 12 possible bad axioms.
[2026-06-24 13:59:14.380] Selected the bad axiom SubClassOf(owl:Thing http://purl.dataone.org/odo/SENSO_00000001).
[2026-06-24 13:59:14.383] Finished repairing the ontology.
Repairing with A2 (not-in-largest-mcs-removal)...
[2026-06-24 13:59:14.384] Checking precondition...
[2026-06-24 13:59:14.391] Starting the repair...
[2026-06-24 13:59:14.502] Found 4 possible bad axioms.
[2026-06-24 13:59:14.502] Selected the bad axiom SubClassOf(http://purl.dataone.org/odo/SENSO_00000001 http://purl.dataone.org/odo/SENSO_00000004).
[2026-06-24 13:59:14.504] Finished repairing the ontology.
Repairing with A3 (default-weakening)...
[2026-06-24 13:59:14.505] Checking precondition...
[2026-06-24 13:59:14.508] Starting the repair...
[2026-06-24 13:59:14.520] Selected a reference ontology with 17 axioms.
[2026-06-24 13:59:14.652] Selected the bad axiom SubClassOf(http://purl.dataone.org/odo/SENSO_00000001 http://purl.dataone.org/odo/SENSO_00000004).
[2026-06-24 13:59:14.666] Selected the weaker axiom SubClassOf(http://purl.dataone.org/odo/SENSO_00000003 http://purl.dataone.org/odo/SENSO_00000004).
[2026-06-24 13:59:14.667] Finished repairing the ontology.
Repairing with B1 (bad-in_some_mus-weaker-random)...
[2026-06-24 13:59:14.668] Checking precondition...
[2026-06-24 13:59:14.669] Starting the repair...
[2026-06-24 13:59:14.674] Selected a reference ontology with 17 axioms.
[2026-06-24 13:59:14.758] Selected the bad axiom SubClassOf(owl:Thing http://purl.dataone.org/odo/SENSO_00000001).
[2026-06-24 13:59:14.762] Selected the weaker axiom SubClassOf(owl:Thing ObjectAllValuesFrom(http://purl.dataone.org/odo/SENSO_00000005 http://purl.dataone.org/odo/SENSO_00000001)).
[2026-06-24 13:59:14.763] Finished repairing the ontology.
Repairing with B2 (bad-in_some_mus-weaker-shapley)...
[2026-06-24 13:59:14.764] Checking precondition...
[2026-06-24 13:59:14.765] Starting the repair...
[2026-06-24 13:59:14.768] Selected a reference ontology with 17 axioms.
[2026-06-24 13:59:14.838] Selected the bad axiom SubClassOf(http://purl.dataone.org/odo/SENSO_00000004 http://purl.dataone.org/odo/SENSO_00000003).
[PowerIndexWeakerAxiomSelector] Scoring 12 candidate weakenings for SENSO_00000004 ⊑ SENSO_00000003
[PowerIndexWeakerAxiomS
...[truncated]
SUCCESS: attempt=19 seed=255614 success_count=15/100
progress: ontology=SENSO attempt=19 success=15/100
----- SENSO attempt=20 seed=269814 at 2026-06-24 13:59:20 -----
--- stdout ---
{"seed":269814,"run_id":"20260624134028346645","trial_status":"success","error_type":null,"failure_stage":null,"error_message":null,"iic_values":{"B1_vs_A1":0.8,"B1_vs_A2":0.8,"B1_vs_A3":0.5,"B2_vs_A1":0.8,"B2_vs_A2":0.8,"B2_vs_A3":0.5,"B3_vs_A1":0.4,"B3_vs_A2":0.4,"B3_vs_A3":0.25,"B4_vs_A1":0.6666666666666666,"B4_vs_A2":0.6666666666666666,"B4_vs_A3":0.5,"B5_vs_A1":0.6666666666666666,"B5_vs_A2":0.6666666666666666,"B5_vs_A3":0.5,"B6_vs_A1":0.6666666666666666,"B6_vs_A2":0.6666666666666666,"B6_vs_A3":0.5,"B7_vs_A1":0.6666666666666666,"B7_vs_A2":0.6666666666666666,"B7_vs_A3":0.5,"B8_vs_A1":0.6666666666666666,"B8_vs_A2":0.6666666666666666,"B8_vs_A3":0.5,"B9_vs_A1":0.6666666666666666,"B9_vs_A2":0.6666666666666666,"B9_vs_A3":0.5},"repair_runtimes_ms":{"A1":29,"A2":127,"A3":247,"B1":153,"B2":416,"B3":546,"B4":44,"B5":1046,"B6":752,"B7":22,"B8":792,"B9":781}}

--- stderr ---
SingleTrialExperiment starting: ontology=/workspaces/ontologyutils-ekaw26/repair-power-index-replication-ekaw26/ontologies/inconsistent/SENSO.owl, seed=269814, run_id=20260624134028346645
Loaded ontology.
Normalizing ontology with SROIQ normalization...
Normalized ontology with SROIQ normalization.
Ontology is already inconsistent, skipping make-inconsistent step.
Repairing with A1 (random-removal)...
[2026-06-24 13:59:20.409] Checking precondition...
[2026-06-24 13:59:20.418] Starting the repair...
[2026-06-24 13:59:20.423] Found 13 possible bad axioms.
[2026-06-24 13:59:20.425] Selected the bad axiom SubClassOf(http://purl.dataone.org/odo/SENSO_00000003 http://purl.dataone.org/odo/SENSO_00000002).
[2026-06-24 13:59:20.429] Found 12 possible bad axioms.
[2026-06-24 13:59:20.430] Selected the bad axiom SubClassOf(http://purl.dataone.org/odo/SENSO_00000004 http://purl.dataone.org/odo/SENSO_00000003).
[2026-06-24 13:59:20.433] Finished repairing the ontology.
Repairing with A2 (not-in-largest-mcs-removal)...
[2026-06-24 13:59:20.434] Checking precondition...
[2026-06-24 13:59:20.441] Starting the repair...
[2026-06-24 13:59:20.559] Found 4 possible bad axioms.
[2026-06-24 13:59:20.559] Selected the bad axiom SubClassOf(http://purl.dataone.org/odo/SENSO_00000004 http://purl.dataone.org/odo/SENSO_00000003).
[2026-06-24 13:59:20.560] Finished repairing the ontology.
Repairing with A3 (default-weakening)...
[2026-06-24 13:59:20.562] Checking precondition...
[2026-06-24 13:59:20.565] Starting the repair...
[2026-06-24 13:59:20.574] Selected a reference ontology with 17 axioms.
[2026-06-24 13:59:20.715] Selected the bad axiom SubClassOf(http://purl.dataone.org/odo/SENSO_00000004 http://purl.dataone.org/odo/SENSO_00000003).
[2026-06-24 13:59:20.727] Selected the weaker axiom SubClassOf(http://purl.dataone.org/odo/SENSO_00000001 http://purl.dataone.org/odo/SENSO_00000003).
[2026-06-24 13:59:20.806] Selected the bad axiom SubClassOf(http://purl.dataone.org/odo/SENSO_00000003 owl:Nothing).
[2026-06-24 13:59:20.807] Selected the weaker axiom SubClassOf(http://purl.dataone.org/odo/SENSO_00000003 http://purl.dataone.org/odo/SENSO_00000002).
[2026-06-24 13:59:20.808] Finished repairing the ontology.
Repairing with B1 (bad-in_some_mus-weaker-random)...
[2026-06-24 13:59:20.809] Checking precondition...
[2026-06-24 13:59:20.810] Starting the repair...
[2026-06-24 13:59:20.813] Selected a reference ontology with 17 axioms.
[2026-06-24 13:59:20.888] Selected the bad axiom SubClassOf(http://purl.dataone.org/odo/SENSO_00000001 http://purl.dataone.org/odo/SENSO_00000004).
[2026-06-24 13:59:20.892] Selected the weaker axiom SubClassOf(ObjectAllValuesFrom(http://purl.dataone.org/odo/SENSO_00000005 http://purl.dataone.org/odo/SENSO_00000004) http://purl.dataone.org/odo/SENSO_00000004).
[2026-06-24 13:59:20.960] Selected the bad axiom SubClassOf(http://purl.dataone.org/odo/SENSO_00000003 owl:Nothing).
[2026-06-24 13:59:20.961] Selected the weaker axiom SubClassOf(owl:Nothi
...[truncated]
SUCCESS: attempt=20 seed=269814 success_count=16/100
progress: ontology=SENSO attempt=20 success=16/100
----- SENSO attempt=21 seed=284014 at 2026-06-24 13:59:25 -----
--- stdout ---
{"seed":284014,"run_id":"20260624134028346645","trial_status":"success","error_type":null,"failure_stage":null,"error_message":null,"iic_values":{"B1_vs_A1":0.3333333333333333,"B1_vs_A2":0.7142857142857143,"B1_vs_A3":0.3333333333333333,"B2_vs_A1":0.25,"B2_vs_A2":0.625,"B2_vs_A3":0.25,"B3_vs_A1":0.125,"B3_vs_A2":0.5,"B3_vs_A3":0.125,"B4_vs_A1":0.5,"B4_vs_A2":0.875,"B4_vs_A3":0.5,"B5_vs_A1":0.5,"B5_vs_A2":0.875,"B5_vs_A3":0.5,"B6_vs_A1":0.5,"B6_vs_A2":0.875,"B6_vs_A3":0.5,"B7_vs_A1":0.5,"B7_vs_A2":0.875,"B7_vs_A3":0.5,"B8_vs_A1":0.5,"B8_vs_A2":0.875,"B8_vs_A3":0.5,"B9_vs_A1":0.5,"B9_vs_A2":0.875,"B9_vs_A3":0.5},"repair_runtimes_ms":{"A1":29,"A2":121,"A3":164,"B1":93,"B2":989,"B3":317,"B4":30,"B5":980,"B6":532,"B7":33,"B8":732,"B9":509}}

--- stderr ---
SingleTrialExperiment starting: ontology=/workspaces/ontologyutils-ekaw26/repair-power-index-replication-ekaw26/ontologies/inconsistent/SENSO.owl, seed=284014, run_id=20260624134028346645
Loaded ontology.
Normalizing ontology with SROIQ normalization...
Normalized ontology with SROIQ normalization.
Ontology is already inconsistent, skipping make-inconsistent step.
Repairing with A1 (random-removal)...
[2026-06-24 13:59:25.781] Checking precondition...
[2026-06-24 13:59:25.790] Starting the repair...
[2026-06-24 13:59:25.795] Found 13 possible bad axioms.
[2026-06-24 13:59:25.796] Selected the bad axiom SubClassOf(http://purl.dataone.org/odo/SENSO_00000004 http://purl.dataone.org/odo/SENSO_00000001).
[2026-06-24 13:59:25.802] Found 12 possible bad axioms.
[2026-06-24 13:59:25.802] Selected the bad axiom SubClassOf(owl:Thing http://purl.dataone.org/odo/SENSO_00000001).
[2026-06-24 13:59:25.805] Finished repairing the ontology.
Repairing with A2 (not-in-largest-mcs-removal)...
[2026-06-24 13:59:25.806] Checking precondition...
[2026-06-24 13:59:25.813] Starting the repair...
[2026-06-24 13:59:25.925] Found 4 possible bad axioms.
[2026-06-24 13:59:25.925] Selected the bad axiom SubClassOf(http://purl.dataone.org/odo/SENSO_00000001 http://purl.dataone.org/odo/SENSO_00000004).
[2026-06-24 13:59:25.926] Finished repairing the ontology.
Repairing with A3 (default-weakening)...
[2026-06-24 13:59:25.928] Checking precondition...
[2026-06-24 13:59:25.931] Starting the repair...
[2026-06-24 13:59:25.940] Selected a reference ontology with 17 axioms.
[2026-06-24 13:59:26.079] Selected the bad axiom SubClassOf(owl:Thing http://purl.dataone.org/odo/SENSO_00000001).
[2026-06-24 13:59:26.089] Selected the weaker axiom SubClassOf(http://purl.dataone.org/odo/SENSO_00000001 http://purl.dataone.org/odo/SENSO_00000001).
[2026-06-24 13:59:26.091] Finished repairing the ontology.
Repairing with B1 (bad-in_some_mus-weaker-random)...
[2026-06-24 13:59:26.092] Checking precondition...
[2026-06-24 13:59:26.094] Starting the repair...
[2026-06-24 13:59:26.098] Selected a reference ontology with 17 axioms.
[2026-06-24 13:59:26.178] Selected the bad axiom SubClassOf(http://purl.dataone.org/odo/SENSO_00000004 http://purl.dataone.org/odo/SENSO_00000003).
[2026-06-24 13:59:26.183] Selected the weaker axiom SubClassOf(owl:Nothing http://purl.dataone.org/odo/SENSO_00000003).
[2026-06-24 13:59:26.184] Finished repairing the ontology.
Repairing with B2 (bad-in_some_mus-weaker-shapley)...
[2026-06-24 13:59:26.186] Checking precondition...
[2026-06-24 13:59:26.187] Starting the repair...
[2026-06-24 13:59:26.190] Selected a reference ontology with 17 axioms.
[2026-06-24 13:59:26.270] Selected the bad axiom SubClassOf(http://purl.dataone.org/odo/SENSO_00000004 http://purl.dataone.org/odo/SENSO_00000003).
[PowerIndexWeakerAxiomSelector] Scoring 16 candidate weakenings for SENSO_00000004 ⊑ SENSO_00000003
[PowerIndexWeakerAxiomSelector] Selected weaker axiom: SENSO_00000002 ⊑ SENSO_0000000
...[truncated]
SUCCESS: attempt=21 seed=284014 success_count=17/100
progress: ontology=SENSO attempt=21 success=17/100
----- SENSO attempt=22 seed=298214 at 2026-06-24 13:59:30 -----
--- stdout ---
{"seed":298214,"run_id":"20260624134028346645","trial_status":"success","error_type":null,"failure_stage":null,"error_message":null,"iic_values":{"B1_vs_A1":0.7,"B1_vs_A2":0.5,"B1_vs_A3":0.8,"B2_vs_A1":0.7,"B2_vs_A2":0.5,"B2_vs_A3":0.8,"B3_vs_A1":0.5,"B3_vs_A2":0.25,"B3_vs_A3":1.0,"B4_vs_A1":1.0,"B4_vs_A2":0.5,"B4_vs_A3":0.875,"B5_vs_A1":1.0,"B5_vs_A2":0.5,"B5_vs_A3":0.875,"B6_vs_A1":1.0,"B6_vs_A2":0.5,"B6_vs_A3":0.875,"B7_vs_A1":1.0,"B7_vs_A2":0.5,"B7_vs_A3":0.875,"B8_vs_A1":1.0,"B8_vs_A2":0.5,"B8_vs_A3":0.875,"B9_vs_A1":1.0,"B9_vs_A2":0.5,"B9_vs_A3":0.875},"repair_runtimes_ms":{"A1":35,"A2":107,"A3":162,"B1":203,"B2":433,"B3":263,"B4":33,"B5":1119,"B6":828,"B7":28,"B8":731,"B9":773}}

--- stderr ---
SingleTrialExperiment starting: ontology=/workspaces/ontologyutils-ekaw26/repair-power-index-replication-ekaw26/ontologies/inconsistent/SENSO.owl, seed=298214, run_id=20260624134028346645
Loaded ontology.
Normalizing ontology with SROIQ normalization...
Normalized ontology with SROIQ normalization.
Ontology is already inconsistent, skipping make-inconsistent step.
Repairing with A1 (random-removal)...
[2026-06-24 13:59:30.733] Checking precondition...
[2026-06-24 13:59:30.741] Starting the repair...
[2026-06-24 13:59:30.748] Found 13 possible bad axioms.
[2026-06-24 13:59:30.749] Selected the bad axiom SubClassOf(http://purl.dataone.org/odo/SENSO_00000002 http://purl.dataone.org/odo/SENSO_00000001).
[2026-06-24 13:59:30.753] Found 12 possible bad axioms.
[2026-06-24 13:59:30.753] Selected the bad axiom SubClassOf(owl:Thing ObjectAllValuesFrom(http://purl.dataone.org/odo/SENSO_00000005 http://purl.dataone.org/odo/SENSO_00000004)).
[2026-06-24 13:59:30.757] Found 11 possible bad axioms.
[2026-06-24 13:59:30.757] Selected the bad axiom SubClassOf(http://purl.dataone.org/odo/SENSO_00000003 http://purl.dataone.org/odo/SENSO_00000002).
[2026-06-24 13:59:30.761] Found 10 possible bad axioms.
[2026-06-24 13:59:30.761] Selected the bad axiom SubClassOf(owl:Thing http://purl.dataone.org/odo/SENSO_00000001).
[2026-06-24 13:59:30.763] Finished repairing the ontology.
Repairing with A2 (not-in-largest-mcs-removal)...
[2026-06-24 13:59:30.764] Checking precondition...
[2026-06-24 13:59:30.769] Starting the repair...
[2026-06-24 13:59:30.871] Found 4 possible bad axioms.
[2026-06-24 13:59:30.871] Selected the bad axiom SubClassOf(owl:Thing http://purl.dataone.org/odo/SENSO_00000001).
[2026-06-24 13:59:30.871] Finished repairing the ontology.
Repairing with A3 (default-weakening)...
[2026-06-24 13:59:30.873] Checking precondition...
[2026-06-24 13:59:30.876] Starting the repair...
[2026-06-24 13:59:30.883] Selected a reference ontology with 17 axioms.
[2026-06-24 13:59:31.019] Selected the bad axiom SubClassOf(http://purl.dataone.org/odo/SENSO_00000001 http://purl.dataone.org/odo/SENSO_00000004).
[2026-06-24 13:59:31.032] Selected the weaker axiom SubClassOf(owl:Nothing http://purl.dataone.org/odo/SENSO_00000004).
[2026-06-24 13:59:31.034] Finished repairing the ontology.
Repairing with B1 (bad-in_some_mus-weaker-random)...
[2026-06-24 13:59:31.035] Checking precondition...
[2026-06-24 13:59:31.036] Starting the repair...
[2026-06-24 13:59:31.040] Selected a reference ontology with 17 axioms.
[2026-06-24 13:59:31.140] Selected the bad axiom SubClassOf(owl:Thing http://purl.dataone.org/odo/SENSO_00000001).
[2026-06-24 13:59:31.143] Selected the weaker axiom SubClassOf(ObjectAllValuesFrom(http://purl.dataone.org/odo/SENSO_00000005 http://purl.dataone.org/odo/SENSO_00000001) http://purl.dataone.org/odo/SENSO_00000001).
[2026-06-24 13:59:31.236] Selected the bad axiom SubClassOf(http://purl.dataone.org/odo/SENSO_00000003 owl:Nothing).
[2026-06-24 13:59:31.236] Selec
...[truncated]
SUCCESS: attempt=22 seed=298214 success_count=18/100
progress: ontology=SENSO attempt=22 success=18/100
----- SENSO attempt=23 seed=312414 at 2026-06-24 13:59:35 -----
--- stdout ---
{"seed":312414,"run_id":"20260624134028346645","trial_status":"memory_limit_exceeded","error_type":"failure","failure_stage":"A3","error_message":"Repair failed: ExecutionException: java.lang.NullPointerException: operands cannot be null or empty","iic_values":{},"repair_runtimes_ms":{"A1":41,"A2":113,"A3":164}}

--- stderr ---
SingleTrialExperiment starting: ontology=/workspaces/ontologyutils-ekaw26/repair-power-index-replication-ekaw26/ontologies/inconsistent/SENSO.owl, seed=312414, run_id=20260624134028346645
Loaded ontology.
Normalizing ontology with SROIQ normalization...
Normalized ontology with SROIQ normalization.
Ontology is already inconsistent, skipping make-inconsistent step.
Repairing with A1 (random-removal)...
[2026-06-24 13:59:35.859] Checking precondition...
[2026-06-24 13:59:35.868] Starting the repair...
[2026-06-24 13:59:35.874] Found 13 possible bad axioms.
[2026-06-24 13:59:35.876] Selected the bad axiom SubClassOf(owl:Thing ObjectAllValuesFrom(http://purl.dataone.org/odo/SENSO_00000005 http://purl.dataone.org/odo/SENSO_00000001)).
[2026-06-24 13:59:35.880] Found 12 possible bad axioms.
[2026-06-24 13:59:35.881] Selected the bad axiom SubClassOf(owl:Thing ObjectAllValuesFrom(http://purl.dataone.org/odo/SENSO_00000005 owl:Nothing)).
[2026-06-24 13:59:35.885] Found 11 possible bad axioms.
[2026-06-24 13:59:35.885] Selected the bad axiom SubClassOf(owl:Thing ObjectAllValuesFrom(http://purl.dataone.org/odo/SENSO_00000005 http://purl.dataone.org/odo/SENSO_00000004)).
[2026-06-24 13:59:35.890] Found 10 possible bad axioms.
[2026-06-24 13:59:35.890] Selected the bad axiom SubClassOf(http://purl.dataone.org/odo/SENSO_00000003 http://purl.dataone.org/odo/SENSO_00000002).
[2026-06-24 13:59:35.892] Found 9 possible bad axioms.
[2026-06-24 13:59:35.892] Selected the bad axiom SubClassOf(http://purl.dataone.org/odo/SENSO_00000003 owl:Nothing).
[2026-06-24 13:59:35.895] Finished repairing the ontology.
Repairing with A2 (not-in-largest-mcs-removal)...
[2026-06-24 13:59:35.896] Checking precondition...
[2026-06-24 13:59:35.901] Starting the repair...
[2026-06-24 13:59:36.007] Found 4 possible bad axioms.
[2026-06-24 13:59:36.007] Selected the bad axiom SubClassOf(http://purl.dataone.org/odo/SENSO_00000003 owl:Nothing).
[2026-06-24 13:59:36.009] Finished repairing the ontology.
Repairing with A3 (default-weakening)...
[2026-06-24 13:59:36.010] Checking precondition...
[2026-06-24 13:59:36.012] Starting the repair...
[2026-06-24 13:59:36.020] Selected a reference ontology with 17 axioms.
[2026-06-24 13:59:36.162] Selected the bad axiom SubClassOf(http://purl.dataone.org/odo/SENSO_00000003 owl:Nothing).
[2026-06-24 13:59:36.172] Selected the weaker axiom SubClassOf(owl:Thing owl:Nothing).
Failure: Repair failed: ExecutionException: java.lang.NullPointerException: operands cannot be null or empty

FAIL: attempt=23 seed=312414 status=memory_limit_exceeded stage=A3 message=Repair failed: ExecutionException: java.lang.NullPointerException: operands cannot be null or empty
progress: ontology=SENSO attempt=23 success=18/100
----- SENSO attempt=24 seed=326614 at 2026-06-24 13:59:36 -----
--- stdout ---
{"seed":326614,"run_id":"20260624134028346645","trial_status":"time_limit_exceeded","error_type":"timeout","failure_stage":"B7","error_message":"Repair timeout: B7 exceeded 300 seconds","iic_values":{},"repair_runtimes_ms":{"A1":40,"A2":109,"A3":158,"B1":100,"B2":1072,"B3":203,"B4":29,"B5":872,"B6":787,"B7":300001}}

--- stderr ---
SingleTrialExperiment starting: ontology=/workspaces/ontologyutils-ekaw26/repair-power-index-replication-ekaw26/ontologies/inconsistent/SENSO.owl, seed=326614, run_id=20260624134028346645
Loaded ontology.
Normalizing ontology with SROIQ normalization...
Normalized ontology with SROIQ normalization.
Ontology is already inconsistent, skipping make-inconsistent step.
Repairing with A1 (random-removal)...
[2026-06-24 13:59:36.576] Checking precondition...
[2026-06-24 13:59:36.585] Starting the repair...
[2026-06-24 13:59:36.591] Found 13 possible bad axioms.
[2026-06-24 13:59:36.593] Selected the bad axiom SubClassOf(owl:Thing ObjectAllValuesFrom(http://purl.dataone.org/odo/SENSO_00000005 http://purl.dataone.org/odo/SENSO_00000004)).
[2026-06-24 13:59:36.597] Found 12 possible bad axioms.
[2026-06-24 13:59:36.597] Selected the bad axiom SubClassOf(http://purl.dataone.org/odo/SENSO_00000003 http://purl.dataone.org/odo/SENSO_00000001).
[2026-06-24 13:59:36.601] Found 11 possible bad axioms.
[2026-06-24 13:59:36.602] Selected the bad axiom SubClassOf(http://purl.dataone.org/odo/SENSO_00000004 http://purl.dataone.org/odo/SENSO_00000001).
[2026-06-24 13:59:36.606] Found 10 possible bad axioms.
[2026-06-24 13:59:36.606] Selected the bad axiom SubClassOf(http://purl.dataone.org/odo/SENSO_00000003 http://purl.dataone.org/odo/SENSO_00000004).
[2026-06-24 13:59:36.609] Found 9 possible bad axioms.
[2026-06-24 13:59:36.609] Selected the bad axiom SubClassOf(http://purl.dataone.org/odo/SENSO_00000004 http://purl.dataone.org/odo/SENSO_00000003).
[2026-06-24 13:59:36.612] Finished repairing the ontology.
Repairing with A2 (not-in-largest-mcs-removal)...
[2026-06-24 13:59:36.613] Checking precondition...
[2026-06-24 13:59:36.617] Starting the repair...
[2026-06-24 13:59:36.720] Found 4 possible bad axioms.
[2026-06-24 13:59:36.720] Selected the bad axiom SubClassOf(http://purl.dataone.org/odo/SENSO_00000003 owl:Nothing).
[2026-06-24 13:59:36.722] Finished repairing the ontology.
Repairing with A3 (default-weakening)...
[2026-06-24 13:59:36.723] Checking precondition...
[2026-06-24 13:59:36.725] Starting the repair...
[2026-06-24 13:59:36.736] Selected a reference ontology with 17 axioms.
[2026-06-24 13:59:36.867] Selected the bad axiom SubClassOf(http://purl.dataone.org/odo/SENSO_00000003 owl:Nothing).
[2026-06-24 13:59:36.879] Selected the weaker axiom SubClassOf(http://purl.dataone.org/odo/SENSO_00000003 http://purl.dataone.org/odo/SENSO_00000002).
[2026-06-24 13:59:36.880] Finished repairing the ontology.
Repairing with B1 (bad-in_some_mus-weaker-random)...
[2026-06-24 13:59:36.881] Checking precondition...
[2026-06-24 13:59:36.883] Starting the repair...
[2026-06-24 13:59:36.887] Selected a reference ontology with 17 axioms.
[2026-06-24 13:59:36.977] Selected the bad axiom SubClassOf(http://purl.dataone.org/odo/SENSO_00000001 http://purl.dataone.org/odo/SENSO_00000004).
[2026-06-24 13:59:36.980] Selected the weaker axiom SubClassOf(http://purl.dataone.org/odo/S
...[truncated]
FAIL: attempt=24 seed=326614 status=time_limit_exceeded stage=B7 message=Repair timeout: B7 exceeded 300 seconds
progress: ontology=SENSO attempt=24 success=18/100
----- SENSO attempt=25 seed=340814 at 2026-06-24 14:04:40 -----
--- stdout ---
{"seed":340814,"run_id":"20260624134028346645","trial_status":"success","error_type":null,"failure_stage":null,"error_message":null,"iic_values":{"B1_vs_A1":0.2857142857142857,"B1_vs_A2":0.2,"B1_vs_A3":0.2,"B2_vs_A1":0.6666666666666666,"B2_vs_A2":0.5,"B2_vs_A3":0.5,"B3_vs_A1":0.6666666666666666,"B3_vs_A2":0.5,"B3_vs_A3":0.5,"B4_vs_A1":0.6666666666666666,"B4_vs_A2":0.5,"B4_vs_A3":0.5,"B5_vs_A1":0.6666666666666666,"B5_vs_A2":0.5,"B5_vs_A3":0.5,"B6_vs_A1":0.6666666666666666,"B6_vs_A2":0.5,"B6_vs_A3":0.5,"B7_vs_A1":0.6666666666666666,"B7_vs_A2":0.5,"B7_vs_A3":0.5,"B8_vs_A1":0.6666666666666666,"B8_vs_A2":0.5,"B8_vs_A3":0.5,"B9_vs_A1":0.6666666666666666,"B9_vs_A2":0.5,"B9_vs_A3":0.5},"repair_runtimes_ms":{"A1":27,"A2":117,"A3":163,"B1":102,"B2":445,"B3":794,"B4":36,"B5":971,"B6":520,"B7":20,"B8":516,"B9":840}}

--- stderr ---
SingleTrialExperiment starting: ontology=/workspaces/ontologyutils-ekaw26/repair-power-index-replication-ekaw26/ontologies/inconsistent/SENSO.owl, seed=340814, run_id=20260624134028346645
Loaded ontology.
Normalizing ontology with SROIQ normalization...
Normalized ontology with SROIQ normalization.
Ontology is already inconsistent, skipping make-inconsistent step.
Repairing with A1 (random-removal)...
[2026-06-24 14:04:40.547] Checking precondition...
[2026-06-24 14:04:40.555] Starting the repair...
[2026-06-24 14:04:40.560] Found 13 possible bad axioms.
[2026-06-24 14:04:40.562] Selected the bad axiom SubClassOf(http://purl.dataone.org/odo/SENSO_00000003 http://purl.dataone.org/odo/SENSO_00000004).
[2026-06-24 14:04:40.566] Found 12 possible bad axioms.
[2026-06-24 14:04:40.567] Selected the bad axiom SubClassOf(http://purl.dataone.org/odo/SENSO_00000004 http://purl.dataone.org/odo/SENSO_00000003).
[2026-06-24 14:04:40.570] Finished repairing the ontology.
Repairing with A2 (not-in-largest-mcs-removal)...
[2026-06-24 14:04:40.570] Checking precondition...
[2026-06-24 14:04:40.578] Starting the repair...
[2026-06-24 14:04:40.686] Found 4 possible bad axioms.
[2026-06-24 14:04:40.686] Selected the bad axiom SubClassOf(http://purl.dataone.org/odo/SENSO_00000003 owl:Nothing).
[2026-06-24 14:04:40.688] Finished repairing the ontology.
Repairing with A3 (default-weakening)...
[2026-06-24 14:04:40.689] Checking precondition...
[2026-06-24 14:04:40.692] Starting the repair...
[2026-06-24 14:04:40.702] Selected a reference ontology with 17 axioms.
[2026-06-24 14:04:40.837] Selected the bad axiom SubClassOf(http://purl.dataone.org/odo/SENSO_00000003 owl:Nothing).
[2026-06-24 14:04:40.849] Selected the weaker axiom SubClassOf(http://purl.dataone.org/odo/SENSO_00000003 ObjectAllValuesFrom(http://purl.dataone.org/odo/SENSO_00000005 http://purl.dataone.org/odo/SENSO_00000004)).
[2026-06-24 14:04:40.851] Finished repairing the ontology.
Repairing with B1 (bad-in_some_mus-weaker-random)...
[2026-06-24 14:04:40.852] Checking precondition...
[2026-06-24 14:04:40.854] Starting the repair...
[2026-06-24 14:04:40.858] Selected a reference ontology with 17 axioms.
[2026-06-24 14:04:40.950] Selected the bad axiom SubClassOf(http://purl.dataone.org/odo/SENSO_00000001 http://purl.dataone.org/odo/SENSO_00000004).
[2026-06-24 14:04:40.953] Selected the weaker axiom SubClassOf(http://purl.dataone.org/odo/SENSO_00000001 ObjectAllValuesFrom(http://purl.dataone.org/odo/SENSO_00000005 owl:Nothing)).
[2026-06-24 14:04:40.953] Finished repairing the ontology.
Repairing with B2 (bad-in_some_mus-weaker-shapley)...
[2026-06-24 14:04:40.955] Checking precondition...
[2026-06-24 14:04:40.956] Starting the repair...
[2026-06-24 14:04:40.959] Selected a reference ontology with 17 axioms.
[2026-06-24 14:04:41.030] Selected the bad axiom SubClassOf(owl:Thing http://purl.dataone.org/odo/SENSO_00000001).
[PowerIndexWeakerAxiomSelector] Scoring 15 candidate weakenings for ⊤ ⊑ SENSO_00000001
...[truncated]
SUCCESS: attempt=25 seed=340814 success_count=19/100
progress: ontology=SENSO attempt=25 success=19/100
----- SENSO attempt=26 seed=355014 at 2026-06-24 14:04:45 -----
--- stdout ---
{"seed":355014,"run_id":"20260624134028346645","trial_status":"time_limit_exceeded","error_type":"timeout","failure_stage":"B7","error_message":"Repair timeout: B7 exceeded 300 seconds","iic_values":{},"repair_runtimes_ms":{"A1":29,"A2":116,"A3":160,"B1":92,"B2":435,"B3":441,"B4":54,"B5":1035,"B6":827,"B7":300002}}

--- stderr ---
SingleTrialExperiment starting: ontology=/workspaces/ontologyutils-ekaw26/repair-power-index-replication-ekaw26/ontologies/inconsistent/SENSO.owl, seed=355014, run_id=20260624134028346645
Loaded ontology.
Normalizing ontology with SROIQ normalization...
Normalized ontology with SROIQ normalization.
Ontology is already inconsistent, skipping make-inconsistent step.
Repairing with A1 (random-removal)...
[2026-06-24 14:04:45.509] Checking precondition...
[2026-06-24 14:04:45.517] Starting the repair...
[2026-06-24 14:04:45.524] Found 13 possible bad axioms.
[2026-06-24 14:04:45.525] Selected the bad axiom SubClassOf(http://purl.dataone.org/odo/SENSO_00000003 http://purl.dataone.org/odo/SENSO_00000001).
[2026-06-24 14:04:45.530] Found 12 possible bad axioms.
[2026-06-24 14:04:45.530] Selected the bad axiom SubClassOf(http://purl.dataone.org/odo/SENSO_00000001 http://purl.dataone.org/odo/SENSO_00000004).
[2026-06-24 14:04:45.534] Finished repairing the ontology.
Repairing with A2 (not-in-largest-mcs-removal)...
[2026-06-24 14:04:45.535] Checking precondition...
[2026-06-24 14:04:45.542] Starting the repair...
[2026-06-24 14:04:45.649] Found 4 possible bad axioms.
[2026-06-24 14:04:45.649] Selected the bad axiom SubClassOf(http://purl.dataone.org/odo/SENSO_00000001 http://purl.dataone.org/odo/SENSO_00000004).
[2026-06-24 14:04:45.650] Finished repairing the ontology.
Repairing with A3 (default-weakening)...
[2026-06-24 14:04:45.652] Checking precondition...
[2026-06-24 14:04:45.655] Starting the repair...
[2026-06-24 14:04:45.663] Selected a reference ontology with 17 axioms.
[2026-06-24 14:04:45.797] Selected the bad axiom SubClassOf(http://purl.dataone.org/odo/SENSO_00000004 http://purl.dataone.org/odo/SENSO_00000003).
[2026-06-24 14:04:45.809] Selected the weaker axiom SubClassOf(owl:Nothing http://purl.dataone.org/odo/SENSO_00000003).
[2026-06-24 14:04:45.810] Finished repairing the ontology.
Repairing with B1 (bad-in_some_mus-weaker-random)...
[2026-06-24 14:04:45.811] Checking precondition...
[2026-06-24 14:04:45.814] Starting the repair...
[2026-06-24 14:04:45.818] Selected a reference ontology with 17 axioms.
[2026-06-24 14:04:45.899] Selected the bad axiom SubClassOf(http://purl.dataone.org/odo/SENSO_00000004 http://purl.dataone.org/odo/SENSO_00000003).
[2026-06-24 14:04:45.902] Selected the weaker axiom SubClassOf(http://purl.dataone.org/odo/SENSO_00000004 http://purl.dataone.org/odo/SENSO_00000004).
[2026-06-24 14:04:45.903] Finished repairing the ontology.
Repairing with B2 (bad-in_some_mus-weaker-shapley)...
[2026-06-24 14:04:45.905] Checking precondition...
[2026-06-24 14:04:45.906] Starting the repair...
[2026-06-24 14:04:45.910] Selected a reference ontology with 17 axioms.
[2026-06-24 14:04:45.990] Selected the bad axiom SubClassOf(owl:Thing http://purl.dataone.org/odo/SENSO_00000001).
[PowerIndexWeakerAxiomSelector] Scoring 15 candidate weakenings for ⊤ ⊑ SENSO_00000001
[PowerIndexWeakerAxiomSelector] Selected weaker axiom: SENSO_0000
...[truncated]
FAIL: attempt=26 seed=355014 status=time_limit_exceeded stage=B7 message=Repair timeout: B7 exceeded 300 seconds
progress: ontology=SENSO attempt=26 success=19/100
----- SENSO attempt=27 seed=369214 at 2026-06-24 14:09:48 -----
--- stdout ---
{"seed":369214,"run_id":"20260624134028346645","trial_status":"success","error_type":null,"failure_stage":null,"error_message":null,"iic_values":{"B1_vs_A1":1.0,"B1_vs_A2":0.5,"B1_vs_A3":0.875,"B2_vs_A1":0.5,"B2_vs_A2":0.25,"B2_vs_A3":0.625,"B3_vs_A1":1.0,"B3_vs_A2":0.5,"B3_vs_A3":0.875,"B4_vs_A1":1.0,"B4_vs_A2":0.5,"B4_vs_A3":0.875,"B5_vs_A1":1.0,"B5_vs_A2":0.5,"B5_vs_A3":0.875,"B6_vs_A1":1.0,"B6_vs_A2":0.5,"B6_vs_A3":0.875,"B7_vs_A1":1.0,"B7_vs_A2":0.5,"B7_vs_A3":0.875,"B8_vs_A1":1.0,"B8_vs_A2":0.5,"B8_vs_A3":0.875,"B9_vs_A1":1.0,"B9_vs_A2":0.5,"B9_vs_A3":0.875},"repair_runtimes_ms":{"A1":50,"A2":104,"A3":160,"B1":191,"B2":1091,"B3":455,"B4":33,"B5":823,"B6":504,"B7":26,"B8":735,"B9":778}}

--- stderr ---
SingleTrialExperiment starting: ontology=/workspaces/ontologyutils-ekaw26/repair-power-index-replication-ekaw26/ontologies/inconsistent/SENSO.owl, seed=369214, run_id=20260624134028346645
Loaded ontology.
Normalizing ontology with SROIQ normalization...
Normalized ontology with SROIQ normalization.
Ontology is already inconsistent, skipping make-inconsistent step.
Repairing with A1 (random-removal)...
[2026-06-24 14:09:49.294] Checking precondition...
[2026-06-24 14:09:49.302] Starting the repair...
[2026-06-24 14:09:49.307] Found 13 possible bad axioms.
[2026-06-24 14:09:49.309] Selected the bad axiom SubClassOf(owl:Thing ObjectAllValuesFrom(http://purl.dataone.org/odo/SENSO_00000005 owl:Nothing)).
[2026-06-24 14:09:49.313] Found 12 possible bad axioms.
[2026-06-24 14:09:49.313] Selected the bad axiom SubClassOf(http://purl.dataone.org/odo/SENSO_00000003 http://purl.dataone.org/odo/SENSO_00000004).
[2026-06-24 14:09:49.317] Found 11 possible bad axioms.
[2026-06-24 14:09:49.318] Selected the bad axiom SubClassOf(owl:Thing ObjectAllValuesFrom(http://purl.dataone.org/odo/SENSO_00000005 http://purl.dataone.org/odo/SENSO_00000001)).
[2026-06-24 14:09:49.322] Found 10 possible bad axioms.
[2026-06-24 14:09:49.322] Selected the bad axiom SubClassOf(http://purl.dataone.org/odo/SENSO_00000004 http://purl.dataone.org/odo/SENSO_00000002).
[2026-06-24 14:09:49.325] Found 9 possible bad axioms.
[2026-06-24 14:09:49.325] Selected the bad axiom SubClassOf(http://purl.dataone.org/odo/SENSO_00000003 http://purl.dataone.org/odo/SENSO_00000002).
[2026-06-24 14:09:49.328] Found 8 possible bad axioms.
[2026-06-24 14:09:49.328] Selected the bad axiom SubClassOf(owl:Thing ObjectAllValuesFrom(http://purl.dataone.org/odo/SENSO_00000005 http://purl.dataone.org/odo/SENSO_00000004)).
[2026-06-24 14:09:49.330] Found 7 possible bad axioms.
[2026-06-24 14:09:49.330] Selected the bad axiom SubClassOf(http://purl.dataone.org/odo/SENSO_00000003 http://purl.dataone.org/odo/SENSO_00000001).
[2026-06-24 14:09:49.334] Found 6 possible bad axioms.
[2026-06-24 14:09:49.334] Selected the bad axiom SubClassOf(http://purl.dataone.org/odo/SENSO_00000004 http://purl.dataone.org/odo/SENSO_00000001).
[2026-06-24 14:09:49.336] Found 5 possible bad axioms.
[2026-06-24 14:09:49.336] Selected the bad axiom SubClassOf(http://purl.dataone.org/odo/SENSO_00000002 http://purl.dataone.org/odo/SENSO_00000001).
[2026-06-24 14:09:49.338] Found 4 possible bad axioms.
[2026-06-24 14:09:49.338] Selected the bad axiom SubClassOf(owl:Thing http://purl.dataone.org/odo/SENSO_00000001).
[2026-06-24 14:09:49.340] Finished repairing the ontology.
Repairing with A2 (not-in-largest-mcs-removal)...
[2026-06-24 14:09:49.340] Checking precondition...
[2026-06-24 14:09:49.350] Starting the repair...
[2026-06-24 14:09:49.444] Found 4 possible bad axioms.
[2026-06-24 14:09:49.444] Selected the bad axiom SubClassOf(owl:Thing http://purl.dataone.org/odo/SENSO_00000001).
[2026-06-24 14:09:49.444] Finished repairing the onto
...[truncated]
SUCCESS: attempt=27 seed=369214 success_count=20/100
progress: ontology=SENSO attempt=27 success=20/100
----- SENSO attempt=28 seed=383414 at 2026-06-24 14:09:54 -----
--- stdout ---
{"seed":383414,"run_id":"20260624134028346645","trial_status":"success","error_type":null,"failure_stage":null,"error_message":null,"iic_values":{"B1_vs_A1":0.875,"B1_vs_A2":0.5,"B1_vs_A3":0.8,"B2_vs_A1":1.0,"B2_vs_A2":0.3333333333333333,"B2_vs_A3":0.7142857142857143,"B3_vs_A1":0.5,"B3_vs_A2":0.125,"B3_vs_A3":0.5,"B4_vs_A1":0.8,"B4_vs_A2":0.5,"B4_vs_A3":0.875,"B5_vs_A1":0.8,"B5_vs_A2":0.5,"B5_vs_A3":0.875,"B6_vs_A1":0.8,"B6_vs_A2":0.5,"B6_vs_A3":0.875,"B7_vs_A1":0.8,"B7_vs_A2":0.5,"B7_vs_A3":0.875,"B8_vs_A1":0.8,"B8_vs_A2":0.5,"B8_vs_A3":0.875,"B9_vs_A1":0.8,"B9_vs_A2":0.5,"B9_vs_A3":0.875},"repair_runtimes_ms":{"A1":36,"A2":118,"A3":419,"B1":57,"B2":383,"B3":429,"B4":167,"B5":722,"B6":815,"B7":24,"B8":742,"B9":754}}

--- stderr ---
SingleTrialExperiment starting: ontology=/workspaces/ontologyutils-ekaw26/repair-power-index-replication-ekaw26/ontologies/inconsistent/SENSO.owl, seed=383414, run_id=20260624134028346645
Loaded ontology.
Normalizing ontology with SROIQ normalization...
Normalized ontology with SROIQ normalization.
Ontology is already inconsistent, skipping make-inconsistent step.
Repairing with A1 (random-removal)...
[2026-06-24 14:09:55.143] Checking precondition...
[2026-06-24 14:09:55.152] Starting the repair...
[2026-06-24 14:09:55.157] Found 13 possible bad axioms.
[2026-06-24 14:09:55.159] Selected the bad axiom SubClassOf(http://purl.dataone.org/odo/SENSO_00000003 http://purl.dataone.org/odo/SENSO_00000001).
[2026-06-24 14:09:55.164] Found 12 possible bad axioms.
[2026-06-24 14:09:55.164] Selected the bad axiom SubClassOf(http://purl.dataone.org/odo/SENSO_00000003 http://purl.dataone.org/odo/SENSO_00000002).
[2026-06-24 14:09:55.168] Found 11 possible bad axioms.
[2026-06-24 14:09:55.168] Selected the bad axiom SubClassOf(http://purl.dataone.org/odo/SENSO_00000004 http://purl.dataone.org/odo/SENSO_00000002).
[2026-06-24 14:09:55.172] Found 10 possible bad axioms.
[2026-06-24 14:09:55.173] Selected the bad axiom SubClassOf(http://purl.dataone.org/odo/SENSO_00000004 http://purl.dataone.org/odo/SENSO_00000003).
[2026-06-24 14:09:55.175] Finished repairing the ontology.
Repairing with A2 (not-in-largest-mcs-removal)...
[2026-06-24 14:09:55.175] Checking precondition...
[2026-06-24 14:09:55.181] Starting the repair...
[2026-06-24 14:09:55.293] Found 4 possible bad axioms.
[2026-06-24 14:09:55.293] Selected the bad axiom SubClassOf(owl:Thing http://purl.dataone.org/odo/SENSO_00000001).
[2026-06-24 14:09:55.293] Finished repairing the ontology.
Repairing with A3 (default-weakening)...
[2026-06-24 14:09:55.295] Checking precondition...
[2026-06-24 14:09:55.298] Starting the repair...
[2026-06-24 14:09:55.306] Selected a reference ontology with 17 axioms.
[2026-06-24 14:09:55.439] Selected the bad axiom SubClassOf(owl:Thing http://purl.dataone.org/odo/SENSO_00000001).
[2026-06-24 14:09:55.450] Selected the weaker axiom SubClassOf(ObjectAllValuesFrom(http://purl.dataone.org/odo/SENSO_00000005 http://purl.dataone.org/odo/SENSO_00000004) http://purl.dataone.org/odo/SENSO_00000001).
[2026-06-24 14:09:55.568] Selected the bad axiom SubClassOf(http://purl.dataone.org/odo/SENSO_00000001 http://purl.dataone.org/odo/SENSO_00000004).
[2026-06-24 14:09:55.568] Selected the weaker axiom SubClassOf(http://purl.dataone.org/odo/SENSO_00000001 owl:Nothing).
[2026-06-24 14:09:55.649] Selected the bad axiom SubClassOf(http://purl.dataone.org/odo/SENSO_00000001 owl:Nothing).
[2026-06-24 14:09:55.649] Selected the weaker axiom SubClassOf(http://purl.dataone.org/odo/SENSO_00000001 http://purl.dataone.org/odo/SENSO_00000003).
[2026-06-24 14:09:55.712] Selected the bad axiom SubClassOf(http://purl.dataone.org/odo/SENSO_00000001 http://purl.dataone.org/odo/SENSO_00000003).
[2026-06-24 14
...[truncated]
SUCCESS: attempt=28 seed=383414 success_count=21/100
progress: ontology=SENSO attempt=28 success=21/100
----- SENSO attempt=29 seed=397614 at 2026-06-24 14:09:59 -----
--- stdout ---
{"seed":397614,"run_id":"20260624134028346645","trial_status":"memory_limit_exceeded","error_type":"failure","failure_stage":"B7","error_message":"Repair failed: ExecutionException: java.lang.NullPointerException: operands cannot be null or empty","iic_values":{},"repair_runtimes_ms":{"A1":32,"A2":109,"A3":164,"B1":103,"B2":556,"B3":421,"B4":54,"B5":986,"B6":510,"B7":37}}

--- stderr ---
SingleTrialExperiment starting: ontology=/workspaces/ontologyutils-ekaw26/repair-power-index-replication-ekaw26/ontologies/inconsistent/SENSO.owl, seed=397614, run_id=20260624134028346645
Loaded ontology.
Normalizing ontology with SROIQ normalization...
Normalized ontology with SROIQ normalization.
Ontology is already inconsistent, skipping make-inconsistent step.
Repairing with A1 (random-removal)...
[2026-06-24 14:10:00.229] Checking precondition...
[2026-06-24 14:10:00.238] Starting the repair...
[2026-06-24 14:10:00.243] Found 13 possible bad axioms.
[2026-06-24 14:10:00.245] Selected the bad axiom SubClassOf(http://purl.dataone.org/odo/SENSO_00000003 http://purl.dataone.org/odo/SENSO_00000002).
[2026-06-24 14:10:00.249] Found 12 possible bad axioms.
[2026-06-24 14:10:00.249] Selected the bad axiom SubClassOf(http://purl.dataone.org/odo/SENSO_00000002 http://purl.dataone.org/odo/SENSO_00000001).
[2026-06-24 14:10:00.252] Found 11 possible bad axioms.
[2026-06-24 14:10:00.252] Selected the bad axiom SubClassOf(http://purl.dataone.org/odo/SENSO_00000001 http://purl.dataone.org/odo/SENSO_00000004).
[2026-06-24 14:10:00.256] Finished repairing the ontology.
Repairing with A2 (not-in-largest-mcs-removal)...
[2026-06-24 14:10:00.257] Checking precondition...
[2026-06-24 14:10:00.263] Starting the repair...
[2026-06-24 14:10:00.366] Found 4 possible bad axioms.
[2026-06-24 14:10:00.366] Selected the bad axiom SubClassOf(owl:Thing http://purl.dataone.org/odo/SENSO_00000001).
[2026-06-24 14:10:00.366] Finished repairing the ontology.
Repairing with A3 (default-weakening)...
[2026-06-24 14:10:00.368] Checking precondition...
[2026-06-24 14:10:00.371] Starting the repair...
[2026-06-24 14:10:00.380] Selected a reference ontology with 17 axioms.
[2026-06-24 14:10:00.517] Selected the bad axiom SubClassOf(owl:Thing http://purl.dataone.org/odo/SENSO_00000001).
[2026-06-24 14:10:00.529] Selected the weaker axiom SubClassOf(http://purl.dataone.org/odo/SENSO_00000004 http://purl.dataone.org/odo/SENSO_00000001).
[2026-06-24 14:10:00.531] Finished repairing the ontology.
Repairing with B1 (bad-in_some_mus-weaker-random)...
[2026-06-24 14:10:00.532] Checking precondition...
[2026-06-24 14:10:00.533] Starting the repair...
[2026-06-24 14:10:00.545] Selected a reference ontology with 17 axioms.
[2026-06-24 14:10:00.631] Selected the bad axiom SubClassOf(owl:Thing http://purl.dataone.org/odo/SENSO_00000001).
[2026-06-24 14:10:00.634] Selected the weaker axiom SubClassOf(owl:Thing ObjectAllValuesFrom(http://purl.dataone.org/odo/SENSO_00000005 owl:Nothing)).
[2026-06-24 14:10:00.635] Finished repairing the ontology.
Repairing with B2 (bad-in_some_mus-weaker-shapley)...
[2026-06-24 14:10:00.637] Checking precondition...
[2026-06-24 14:10:00.638] Starting the repair...
[2026-06-24 14:10:00.641] Selected a reference ontology with 17 axioms.
[2026-06-24 14:10:00.712] Selected the bad axiom SubClassOf(http://purl.dataone.org/odo/SENSO_00000003 owl:Nothing).
[PowerIndexWea
...[truncated]
FAIL: attempt=29 seed=397614 status=memory_limit_exceeded stage=B7 message=Repair failed: ExecutionException: java.lang.NullPointerException: operands cannot be null or empty
progress: ontology=SENSO attempt=29 success=21/100
----- SENSO attempt=30 seed=411814 at 2026-06-24 14:10:03 -----
--- stdout ---
{"seed":411814,"run_id":"20260624134028346645","trial_status":"success","error_type":null,"failure_stage":null,"error_message":null,"iic_values":{"B1_vs_A1":0.5,"B1_vs_A2":0.2857142857142857,"B1_vs_A3":0.2,"B2_vs_A1":0.875,"B2_vs_A2":0.6666666666666666,"B2_vs_A3":0.5,"B3_vs_A1":0.875,"B3_vs_A2":0.6666666666666666,"B3_vs_A3":0.5,"B4_vs_A1":0.875,"B4_vs_A2":0.6666666666666666,"B4_vs_A3":0.5,"B5_vs_A1":0.875,"B5_vs_A2":0.6666666666666666,"B5_vs_A3":0.5,"B6_vs_A1":0.875,"B6_vs_A2":0.6666666666666666,"B6_vs_A3":0.5,"B7_vs_A1":0.875,"B7_vs_A2":0.6666666666666666,"B7_vs_A3":0.5,"B8_vs_A1":0.875,"B8_vs_A2":0.6666666666666666,"B8_vs_A3":0.5,"B9_vs_A1":0.875,"B9_vs_A2":0.6666666666666666,"B9_vs_A3":0.5},"repair_runtimes_ms":{"A1":24,"A2":121,"A3":172,"B1":106,"B2":814,"B3":251,"B4":85,"B5":971,"B6":921,"B7":31,"B8":526,"B9":888}}

--- stderr ---
SingleTrialExperiment starting: ontology=/workspaces/ontologyutils-ekaw26/repair-power-index-replication-ekaw26/ontologies/inconsistent/SENSO.owl, seed=411814, run_id=20260624134028346645
Loaded ontology.
Normalizing ontology with SROIQ normalization...
Normalized ontology with SROIQ normalization.
Ontology is already inconsistent, skipping make-inconsistent step.
Repairing with A1 (random-removal)...
[2026-06-24 14:10:03.619] Checking precondition...
[2026-06-24 14:10:03.627] Starting the repair...
[2026-06-24 14:10:03.633] Found 13 possible bad axioms.
[2026-06-24 14:10:03.635] Selected the bad axiom SubClassOf(http://purl.dataone.org/odo/SENSO_00000001 http://purl.dataone.org/odo/SENSO_00000004).
[2026-06-24 14:10:03.639] Finished repairing the ontology.
Repairing with A2 (not-in-largest-mcs-removal)...
[2026-06-24 14:10:03.640] Checking precondition...
[2026-06-24 14:10:03.647] Starting the repair...
[2026-06-24 14:10:03.759] Found 4 possible bad axioms.
[2026-06-24 14:10:03.760] Selected the bad axiom SubClassOf(http://purl.dataone.org/odo/SENSO_00000004 http://purl.dataone.org/odo/SENSO_00000003).
[2026-06-24 14:10:03.761] Finished repairing the ontology.
Repairing with A3 (default-weakening)...
[2026-06-24 14:10:03.763] Checking precondition...
[2026-06-24 14:10:03.765] Starting the repair...
[2026-06-24 14:10:03.773] Selected a reference ontology with 17 axioms.
[2026-06-24 14:10:03.918] Selected the bad axiom SubClassOf(http://purl.dataone.org/odo/SENSO_00000003 owl:Nothing).
[2026-06-24 14:10:03.932] Selected the weaker axiom SubClassOf(http://purl.dataone.org/odo/SENSO_00000003 ObjectAllValuesFrom(http://purl.dataone.org/odo/SENSO_00000005 owl:Nothing)).
[2026-06-24 14:10:03.933] Finished repairing the ontology.
Repairing with B1 (bad-in_some_mus-weaker-random)...
[2026-06-24 14:10:03.934] Checking precondition...
[2026-06-24 14:10:03.936] Starting the repair...
[2026-06-24 14:10:03.940] Selected a reference ontology with 17 axioms.
[2026-06-24 14:10:04.036] Selected the bad axiom SubClassOf(http://purl.dataone.org/odo/SENSO_00000001 http://purl.dataone.org/odo/SENSO_00000004).
[2026-06-24 14:10:04.039] Selected the weaker axiom SubClassOf(http://purl.dataone.org/odo/SENSO_00000001 owl:Thing).
[2026-06-24 14:10:04.040] Finished repairing the ontology.
Repairing with B2 (bad-in_some_mus-weaker-shapley)...
[2026-06-24 14:10:04.042] Checking precondition...
[2026-06-24 14:10:04.043] Starting the repair...
[2026-06-24 14:10:04.045] Selected a reference ontology with 17 axioms.
[2026-06-24 14:10:04.117] Selected the bad axiom SubClassOf(http://purl.dataone.org/odo/SENSO_00000004 http://purl.dataone.org/odo/SENSO_00000003).
[PowerIndexWeakerAxiomSelector] Scoring 12 candidate weakenings for SENSO_00000004 ⊑ SENSO_00000003
[PowerIndexWeakerAxiomSelector] Selected weaker axiom: SENSO_00000002 ⊑ SENSO_00000003
[2026-06-24 14:10:04.544] Selected the weaker axiom SubClassOf(http://purl.dataone.org/odo/SENSO_00000002 http://purl.dataone.org/odo/SE
...[truncated]
SUCCESS: attempt=30 seed=411814 success_count=22/100
progress: ontology=SENSO attempt=30 success=22/100
----- SENSO attempt=31 seed=426014 at 2026-06-24 14:10:09 -----
--- stdout ---
{"seed":426014,"run_id":"20260624134028346645","trial_status":"success","error_type":null,"failure_stage":null,"error_message":null,"iic_values":{"B1_vs_A1":0.5,"B1_vs_A2":0.8,"B1_vs_A3":0.8,"B2_vs_A1":0.25,"B2_vs_A2":1.0,"B2_vs_A3":0.4,"B3_vs_A1":0.2,"B3_vs_A2":0.7142857142857143,"B3_vs_A3":0.5,"B4_vs_A1":0.5,"B4_vs_A2":0.875,"B4_vs_A3":0.6666666666666666,"B5_vs_A1":0.5,"B5_vs_A2":0.875,"B5_vs_A3":0.6666666666666666,"B6_vs_A1":0.5,"B6_vs_A2":0.875,"B6_vs_A3":0.6666666666666666,"B7_vs_A1":0.5,"B7_vs_A2":0.875,"B7_vs_A3":0.6666666666666666,"B8_vs_A1":0.5,"B8_vs_A2":0.875,"B8_vs_A3":0.6666666666666666,"B9_vs_A1":0.5,"B9_vs_A2":0.875,"B9_vs_A3":0.6666666666666666},"repair_runtimes_ms":{"A1":22,"A2":120,"A3":162,"B1":100,"B2":891,"B3":180,"B4":70,"B5":1084,"B6":779,"B7":30,"B8":740,"B9":840}}

--- stderr ---
SingleTrialExperiment starting: ontology=/workspaces/ontologyutils-ekaw26/repair-power-index-replication-ekaw26/ontologies/inconsistent/SENSO.owl, seed=426014, run_id=20260624134028346645
Loaded ontology.
Normalizing ontology with SROIQ normalization...
Normalized ontology with SROIQ normalization.
Ontology is already inconsistent, skipping make-inconsistent step.
Repairing with A1 (random-removal)...
[2026-06-24 14:10:09.484] Checking precondition...
[2026-06-24 14:10:09.493] Starting the repair...
[2026-06-24 14:10:09.497] Found 13 possible bad axioms.
[2026-06-24 14:10:09.499] Selected the bad axiom SubClassOf(http://purl.dataone.org/odo/SENSO_00000003 owl:Nothing).
[2026-06-24 14:10:09.503] Finished repairing the ontology.
Repairing with A2 (not-in-largest-mcs-removal)...
[2026-06-24 14:10:09.503] Checking precondition...
[2026-06-24 14:10:09.510] Starting the repair...
[2026-06-24 14:10:09.622] Found 4 possible bad axioms.
[2026-06-24 14:10:09.622] Selected the bad axiom SubClassOf(http://purl.dataone.org/odo/SENSO_00000001 http://purl.dataone.org/odo/SENSO_00000004).
[2026-06-24 14:10:09.623] Finished repairing the ontology.
Repairing with A3 (default-weakening)...
[2026-06-24 14:10:09.625] Checking precondition...
[2026-06-24 14:10:09.628] Starting the repair...
[2026-06-24 14:10:09.637] Selected a reference ontology with 17 axioms.
[2026-06-24 14:10:09.775] Selected the bad axiom SubClassOf(http://purl.dataone.org/odo/SENSO_00000004 http://purl.dataone.org/odo/SENSO_00000003).
[2026-06-24 14:10:09.784] Selected the weaker axiom SubClassOf(http://purl.dataone.org/odo/SENSO_00000004 http://purl.dataone.org/odo/SENSO_00000002).
[2026-06-24 14:10:09.786] Finished repairing the ontology.
Repairing with B1 (bad-in_some_mus-weaker-random)...
[2026-06-24 14:10:09.787] Checking precondition...
[2026-06-24 14:10:09.789] Starting the repair...
[2026-06-24 14:10:09.793] Selected a reference ontology with 17 axioms.
[2026-06-24 14:10:09.881] Selected the bad axiom SubClassOf(http://purl.dataone.org/odo/SENSO_00000003 owl:Nothing).
[2026-06-24 14:10:09.886] Selected the weaker axiom SubClassOf(http://purl.dataone.org/odo/SENSO_00000003 http://purl.dataone.org/odo/SENSO_00000004).
[2026-06-24 14:10:09.886] Finished repairing the ontology.
Repairing with B2 (bad-in_some_mus-weaker-shapley)...
[2026-06-24 14:10:09.888] Checking precondition...
[2026-06-24 14:10:09.890] Starting the repair...
[2026-06-24 14:10:09.893] Selected a reference ontology with 17 axioms.
[2026-06-24 14:10:09.971] Selected the bad axiom SubClassOf(http://purl.dataone.org/odo/SENSO_00000001 http://purl.dataone.org/odo/SENSO_00000004).
[PowerIndexWeakerAxiomSelector] Scoring 8 candidate weakenings for SENSO_00000001 ⊑ SENSO_00000004
[PowerIndexWeakerAxiomSelector] Selected weaker axiom: SENSO_00000001 ⊑ SENSO_00000002
[2026-06-24 14:10:10.776] Selected the weaker axiom SubClassOf(http://purl.dataone.org/odo/SENSO_00000001 http://purl.dataone.org/odo/SENSO_00000002).
[2026-06-24 14:10
...[truncated]
SUCCESS: attempt=31 seed=426014 success_count=23/100
progress: ontology=SENSO attempt=31 success=23/100
----- SENSO attempt=32 seed=440214 at 2026-06-24 14:10:14 -----
--- stdout ---
{"seed":440214,"run_id":"20260624134028346645","trial_status":"success","error_type":null,"failure_stage":null,"error_message":null,"iic_values":{"B1_vs_A1":0.125,"B1_vs_A2":0.2857142857142857,"B1_vs_A3":0.2857142857142857,"B2_vs_A1":0.5,"B2_vs_A2":0.6666666666666666,"B2_vs_A3":0.6666666666666666,"B3_vs_A1":0.5,"B3_vs_A2":0.8,"B3_vs_A3":0.8,"B4_vs_A1":0.5,"B4_vs_A2":0.6666666666666666,"B4_vs_A3":0.6666666666666666,"B5_vs_A1":0.5,"B5_vs_A2":0.6666666666666666,"B5_vs_A3":0.6666666666666666,"B6_vs_A1":0.5,"B6_vs_A2":0.6666666666666666,"B6_vs_A3":0.6666666666666666,"B7_vs_A1":0.5,"B7_vs_A2":0.6666666666666666,"B7_vs_A3":0.6666666666666666,"B8_vs_A1":0.5,"B8_vs_A2":0.6666666666666666,"B8_vs_A3":0.6666666666666666,"B9_vs_A1":0.5,"B9_vs_A2":0.6666666666666666,"B9_vs_A3":0.6666666666666666},"repair_runtimes_ms":{"A1":28,"A2":120,"A3":168,"B1":98,"B2":406,"B3":458,"B4":41,"B5":1056,"B6":486,"B7":66,"B8":767,"B9":745}}

--- stderr ---
SingleTrialExperiment starting: ontology=/workspaces/ontologyutils-ekaw26/repair-power-index-replication-ekaw26/ontologies/inconsistent/SENSO.owl, seed=440214, run_id=20260624134028346645
Loaded ontology.
Normalizing ontology with SROIQ normalization...
Normalized ontology with SROIQ normalization.
Ontology is already inconsistent, skipping make-inconsistent step.
Repairing with A1 (random-removal)...
[2026-06-24 14:10:14.917] Checking precondition...
[2026-06-24 14:10:14.926] Starting the repair...
[2026-06-24 14:10:14.931] Found 13 possible bad axioms.
[2026-06-24 14:10:14.933] Selected the bad axiom SubClassOf(http://purl.dataone.org/odo/SENSO_00000004 http://purl.dataone.org/odo/SENSO_00000001).
[2026-06-24 14:10:14.937] Found 12 possible bad axioms.
[2026-06-24 14:10:14.937] Selected the bad axiom SubClassOf(owl:Thing http://purl.dataone.org/odo/SENSO_00000001).
[2026-06-24 14:10:14.941] Finished repairing the ontology.
Repairing with A2 (not-in-largest-mcs-removal)...
[2026-06-24 14:10:14.941] Checking precondition...
[2026-06-24 14:10:14.949] Starting the repair...
[2026-06-24 14:10:15.059] Found 4 possible bad axioms.
[2026-06-24 14:10:15.060] Selected the bad axiom SubClassOf(http://purl.dataone.org/odo/SENSO_00000004 http://purl.dataone.org/odo/SENSO_00000003).
[2026-06-24 14:10:15.061] Finished repairing the ontology.
Repairing with A3 (default-weakening)...
[2026-06-24 14:10:15.063] Checking precondition...
[2026-06-24 14:10:15.066] Starting the repair...
[2026-06-24 14:10:15.074] Selected a reference ontology with 17 axioms.
[2026-06-24 14:10:15.215] Selected the bad axiom SubClassOf(http://purl.dataone.org/odo/SENSO_00000004 http://purl.dataone.org/odo/SENSO_00000003).
[2026-06-24 14:10:15.227] Selected the weaker axiom SubClassOf(owl:Nothing http://purl.dataone.org/odo/SENSO_00000003).
[2026-06-24 14:10:15.229] Finished repairing the ontology.
Repairing with B1 (bad-in_some_mus-weaker-random)...
[2026-06-24 14:10:15.230] Checking precondition...
[2026-06-24 14:10:15.232] Starting the repair...
[2026-06-24 14:10:15.237] Selected a reference ontology with 17 axioms.
[2026-06-24 14:10:15.324] Selected the bad axiom SubClassOf(http://purl.dataone.org/odo/SENSO_00000001 http://purl.dataone.org/odo/SENSO_00000004).
[2026-06-24 14:10:15.327] Selected the weaker axiom SubClassOf(http://purl.dataone.org/odo/SENSO_00000003 http://purl.dataone.org/odo/SENSO_00000004).
[2026-06-24 14:10:15.328] Finished repairing the ontology.
Repairing with B2 (bad-in_some_mus-weaker-shapley)...
[2026-06-24 14:10:15.330] Checking precondition...
[2026-06-24 14:10:15.331] Starting the repair...
[2026-06-24 14:10:15.333] Selected a reference ontology with 17 axioms.
[2026-06-24 14:10:15.407] Selected the bad axiom SubClassOf(owl:Thing http://purl.dataone.org/odo/SENSO_00000001).
[PowerIndexWeakerAxiomSelector] Scoring 14 candidate weakenings for ⊤ ⊑ SENSO_00000001
[PowerIndexWeakerAxiomSelector] Selected weaker axiom: SENSO_00000001 ⊑ SENSO_00000001
[2026-06-24
...[truncated]
SUCCESS: attempt=32 seed=440214 success_count=24/100
progress: ontology=SENSO attempt=32 success=24/100
----- SENSO attempt=33 seed=454414 at 2026-06-24 14:10:19 -----
--- stdout ---
{"seed":454414,"run_id":"20260624134028346645","trial_status":"success","error_type":null,"failure_stage":null,"error_message":null,"iic_values":{"B1_vs_A1":0.5,"B1_vs_A2":0.8,"B1_vs_A3":0.5,"B2_vs_A1":0.25,"B2_vs_A2":0.4,"B2_vs_A3":0.25,"B3_vs_A1":0.2,"B3_vs_A2":0.2857142857142857,"B3_vs_A3":0.2,"B4_vs_A1":0.5,"B4_vs_A2":0.6666666666666666,"B4_vs_A3":0.5,"B5_vs_A1":0.5,"B5_vs_A2":0.6666666666666666,"B5_vs_A3":0.5,"B6_vs_A1":0.5,"B6_vs_A2":0.6666666666666666,"B6_vs_A3":0.5,"B7_vs_A1":0.5,"B7_vs_A2":0.6666666666666666,"B7_vs_A3":0.5,"B8_vs_A1":0.5,"B8_vs_A2":0.6666666666666666,"B8_vs_A3":0.5,"B9_vs_A1":0.5,"B9_vs_A2":0.6666666666666666,"B9_vs_A3":0.5},"repair_runtimes_ms":{"A1":26,"A2":121,"A3":167,"B1":102,"B2":976,"B3":341,"B4":46,"B5":925,"B6":749,"B7":56,"B8":502,"B9":504}}

--- stderr ---
SingleTrialExperiment starting: ontology=/workspaces/ontologyutils-ekaw26/repair-power-index-replication-ekaw26/ontologies/inconsistent/SENSO.owl, seed=454414, run_id=20260624134028346645
Loaded ontology.
Normalizing ontology with SROIQ normalization...
Normalized ontology with SROIQ normalization.
Ontology is already inconsistent, skipping make-inconsistent step.
Repairing with A1 (random-removal)...
[2026-06-24 14:10:19.774] Checking precondition...
[2026-06-24 14:10:19.783] Starting the repair...
[2026-06-24 14:10:19.788] Found 13 possible bad axioms.
[2026-06-24 14:10:19.789] Selected the bad axiom SubClassOf(http://purl.dataone.org/odo/SENSO_00000002 http://purl.dataone.org/odo/SENSO_00000001).
[2026-06-24 14:10:19.793] Found 12 possible bad axioms.
[2026-06-24 14:10:19.794] Selected the bad axiom SubClassOf(http://purl.dataone.org/odo/SENSO_00000003 owl:Nothing).
[2026-06-24 14:10:19.797] Finished repairing the ontology.
Repairing with A2 (not-in-largest-mcs-removal)...
[2026-06-24 14:10:19.797] Checking precondition...
[2026-06-24 14:10:19.804] Starting the repair...
[2026-06-24 14:10:19.917] Found 4 possible bad axioms.
[2026-06-24 14:10:19.917] Selected the bad axiom SubClassOf(http://purl.dataone.org/odo/SENSO_00000004 http://purl.dataone.org/odo/SENSO_00000003).
[2026-06-24 14:10:19.919] Finished repairing the ontology.
Repairing with A3 (default-weakening)...
[2026-06-24 14:10:19.920] Checking precondition...
[2026-06-24 14:10:19.923] Starting the repair...
[2026-06-24 14:10:19.932] Selected a reference ontology with 17 axioms.
[2026-06-24 14:10:20.073] Selected the bad axiom SubClassOf(http://purl.dataone.org/odo/SENSO_00000003 owl:Nothing).
[2026-06-24 14:10:20.084] Selected the weaker axiom SubClassOf(http://purl.dataone.org/odo/SENSO_00000003 owl:Thing).
[2026-06-24 14:10:20.086] Finished repairing the ontology.
Repairing with B1 (bad-in_some_mus-weaker-random)...
[2026-06-24 14:10:20.087] Checking precondition...
[2026-06-24 14:10:20.089] Starting the repair...
[2026-06-24 14:10:20.093] Selected a reference ontology with 17 axioms.
[2026-06-24 14:10:20.184] Selected the bad axiom SubClassOf(http://purl.dataone.org/odo/SENSO_00000003 owl:Nothing).
[2026-06-24 14:10:20.188] Selected the weaker axiom SubClassOf(http://purl.dataone.org/odo/SENSO_00000003 http://purl.dataone.org/odo/SENSO_00000001).
[2026-06-24 14:10:20.189] Finished repairing the ontology.
Repairing with B2 (bad-in_some_mus-weaker-shapley)...
[2026-06-24 14:10:20.191] Checking precondition...
[2026-06-24 14:10:20.192] Starting the repair...
[2026-06-24 14:10:20.197] Selected a reference ontology with 17 axioms.
[2026-06-24 14:10:20.265] Selected the bad axiom SubClassOf(http://purl.dataone.org/odo/SENSO_00000004 http://purl.dataone.org/odo/SENSO_00000003).
[PowerIndexWeakerAxiomSelector] Scoring 15 candidate weakenings for SENSO_00000004 ⊑ SENSO_00000003
[PowerIndexWeakerAxiomSelector] Selected weaker axiom: SENSO_00000002 ⊑ SENSO_00000003
[2026-06-24 14:10:20.749] S
...[truncated]
SUCCESS: attempt=33 seed=454414 success_count=25/100
progress: ontology=SENSO attempt=33 success=25/100
----- SENSO attempt=34 seed=468614 at 2026-06-24 14:10:24 -----
--- stdout ---
{"seed":468614,"run_id":"20260624134028346645","trial_status":"success","error_type":null,"failure_stage":null,"error_message":null,"iic_values":{"B1_vs_A1":0.5,"B1_vs_A2":0.5,"B1_vs_A3":0.5,"B2_vs_A1":0.5,"B2_vs_A2":0.5,"B2_vs_A3":0.5,"B3_vs_A1":0.5,"B3_vs_A2":0.5,"B3_vs_A3":0.5,"B4_vs_A1":0.5,"B4_vs_A2":0.5,"B4_vs_A3":0.5,"B5_vs_A1":0.5,"B5_vs_A2":0.5,"B5_vs_A3":0.5,"B6_vs_A1":0.5,"B6_vs_A2":0.5,"B6_vs_A3":0.5,"B7_vs_A1":0.5,"B7_vs_A2":0.5,"B7_vs_A3":0.5,"B8_vs_A1":0.5,"B8_vs_A2":0.5,"B8_vs_A3":0.5,"B9_vs_A1":0.5,"B9_vs_A2":0.5,"B9_vs_A3":0.5},"repair_runtimes_ms":{"A1":40,"A2":107,"A3":235,"B1":81,"B2":522,"B3":308,"B4":60,"B5":1065,"B6":755,"B7":32,"B8":792,"B9":772}}

--- stderr ---
SingleTrialExperiment starting: ontology=/workspaces/ontologyutils-ekaw26/repair-power-index-replication-ekaw26/ontologies/inconsistent/SENSO.owl, seed=468614, run_id=20260624134028346645
Loaded ontology.
Normalizing ontology with SROIQ normalization...
Normalized ontology with SROIQ normalization.
Ontology is already inconsistent, skipping make-inconsistent step.
Repairing with A1 (random-removal)...
[2026-06-24 14:10:24.704] Checking precondition...
[2026-06-24 14:10:24.713] Starting the repair...
[2026-06-24 14:10:24.717] Found 13 possible bad axioms.
[2026-06-24 14:10:24.719] Selected the bad axiom SubClassOf(owl:Thing ObjectAllValuesFrom(http://purl.dataone.org/odo/SENSO_00000005 owl:Nothing)).
[2026-06-24 14:10:24.723] Found 12 possible bad axioms.
[2026-06-24 14:10:24.723] Selected the bad axiom SubClassOf(owl:Thing ObjectAllValuesFrom(http://purl.dataone.org/odo/SENSO_00000005 http://purl.dataone.org/odo/SENSO_00000004)).
[2026-06-24 14:10:24.727] Found 11 possible bad axioms.
[2026-06-24 14:10:24.728] Selected the bad axiom SubClassOf(http://purl.dataone.org/odo/SENSO_00000002 http://purl.dataone.org/odo/SENSO_00000001).
[2026-06-24 14:10:24.732] Found 10 possible bad axioms.
[2026-06-24 14:10:24.732] Selected the bad axiom SubClassOf(http://purl.dataone.org/odo/SENSO_00000003 http://purl.dataone.org/odo/SENSO_00000004).
[2026-06-24 14:10:24.734] Found 9 possible bad axioms.
[2026-06-24 14:10:24.734] Selected the bad axiom SubClassOf(http://purl.dataone.org/odo/SENSO_00000004 http://purl.dataone.org/odo/SENSO_00000002).
[2026-06-24 14:10:24.737] Found 8 possible bad axioms.
[2026-06-24 14:10:24.737] Selected the bad axiom SubClassOf(http://purl.dataone.org/odo/SENSO_00000003 owl:Nothing).
[2026-06-24 14:10:24.739] Finished repairing the ontology.
Repairing with A2 (not-in-largest-mcs-removal)...
[2026-06-24 14:10:24.740] Checking precondition...
[2026-06-24 14:10:24.745] Starting the repair...
[2026-06-24 14:10:24.846] Found 4 possible bad axioms.
[2026-06-24 14:10:24.846] Selected the bad axiom SubClassOf(http://purl.dataone.org/odo/SENSO_00000003 owl:Nothing).
[2026-06-24 14:10:24.848] Finished repairing the ontology.
Repairing with A3 (default-weakening)...
[2026-06-24 14:10:24.849] Checking precondition...
[2026-06-24 14:10:24.851] Starting the repair...
[2026-06-24 14:10:24.859] Selected a reference ontology with 17 axioms.
[2026-06-24 14:10:24.993] Selected the bad axiom SubClassOf(http://purl.dataone.org/odo/SENSO_00000003 owl:Nothing).
[2026-06-24 14:10:25.004] Selected the weaker axiom SubClassOf(http://purl.dataone.org/odo/SENSO_00000004 owl:Nothing).
[2026-06-24 14:10:25.082] Selected the bad axiom SubClassOf(http://purl.dataone.org/odo/SENSO_00000004 owl:Nothing).
[2026-06-24 14:10:25.082] Selected the weaker axiom SubClassOf(http://purl.dataone.org/odo/SENSO_00000004 http://purl.dataone.org/odo/SENSO_00000003).
[2026-06-24 14:10:25.083] Finished repairing the ontology.
Repairing with B1 (bad-in_some_mus-weaker-random)...
[20
...[truncated]
SUCCESS: attempt=34 seed=468614 success_count=26/100
progress: ontology=SENSO attempt=34 success=26/100
----- SENSO attempt=35 seed=482814 at 2026-06-24 14:10:30 -----
--- stdout ---
{"seed":482814,"run_id":"20260624134028346645","trial_status":"success","error_type":null,"failure_stage":null,"error_message":null,"iic_values":{"B1_vs_A1":0.5,"B1_vs_A2":0.5,"B1_vs_A3":0.2,"B2_vs_A1":0.5,"B2_vs_A2":0.5,"B2_vs_A3":0.2,"B3_vs_A1":0.6666666666666666,"B3_vs_A2":0.6666666666666666,"B3_vs_A3":0.5,"B4_vs_A1":0.6666666666666666,"B4_vs_A2":0.6666666666666666,"B4_vs_A3":0.5,"B5_vs_A1":0.6666666666666666,"B5_vs_A2":0.6666666666666666,"B5_vs_A3":0.5,"B6_vs_A1":0.6666666666666666,"B6_vs_A2":0.6666666666666666,"B6_vs_A3":0.5,"B7_vs_A1":0.6666666666666666,"B7_vs_A2":0.6666666666666666,"B7_vs_A3":0.5,"B8_vs_A1":0.6666666666666666,"B8_vs_A2":0.6666666666666666,"B8_vs_A3":0.5,"B9_vs_A1":0.6666666666666666,"B9_vs_A2":0.6666666666666666,"B9_vs_A3":0.5},"repair_runtimes_ms":{"A1":29,"A2":116,"A3":273,"B1":87,"B2":942,"B3":325,"B4":43,"B5":836,"B6":752,"B7":60,"B8":756,"B9":498}}

--- stderr ---
SingleTrialExperiment starting: ontology=/workspaces/ontologyutils-ekaw26/repair-power-index-replication-ekaw26/ontologies/inconsistent/SENSO.owl, seed=482814, run_id=20260624134028346645
Loaded ontology.
Normalizing ontology with SROIQ normalization...
Normalized ontology with SROIQ normalization.
Ontology is already inconsistent, skipping make-inconsistent step.
Repairing with A1 (random-removal)...
[2026-06-24 14:10:30.573] Checking precondition...
[2026-06-24 14:10:30.582] Starting the repair...
[2026-06-24 14:10:30.587] Found 13 possible bad axioms.
[2026-06-24 14:10:30.589] Selected the bad axiom SubClassOf(owl:Thing ObjectAllValuesFrom(http://purl.dataone.org/odo/SENSO_00000005 http://purl.dataone.org/odo/SENSO_00000001)).
[2026-06-24 14:10:30.593] Found 12 possible bad axioms.
[2026-06-24 14:10:30.594] Selected the bad axiom SubClassOf(http://purl.dataone.org/odo/SENSO_00000004 http://purl.dataone.org/odo/SENSO_00000003).
[2026-06-24 14:10:30.598] Finished repairing the ontology.
Repairing with A2 (not-in-largest-mcs-removal)...
[2026-06-24 14:10:30.598] Checking precondition...
[2026-06-24 14:10:30.606] Starting the repair...
[2026-06-24 14:10:30.712] Found 4 possible bad axioms.
[2026-06-24 14:10:30.713] Selected the bad axiom SubClassOf(http://purl.dataone.org/odo/SENSO_00000004 http://purl.dataone.org/odo/SENSO_00000003).
[2026-06-24 14:10:30.714] Finished repairing the ontology.
Repairing with A3 (default-weakening)...
[2026-06-24 14:10:30.716] Checking precondition...
[2026-06-24 14:10:30.718] Starting the repair...
[2026-06-24 14:10:30.727] Selected a reference ontology with 17 axioms.
[2026-06-24 14:10:30.864] Selected the bad axiom SubClassOf(owl:Thing http://purl.dataone.org/odo/SENSO_00000001).
[2026-06-24 14:10:30.875] Selected the weaker axiom SubClassOf(ObjectAllValuesFrom(http://purl.dataone.org/odo/SENSO_00000005 owl:Nothing) http://purl.dataone.org/odo/SENSO_00000001).
[2026-06-24 14:10:30.986] Selected the bad axiom SubClassOf(http://purl.dataone.org/odo/SENSO_00000003 owl:Nothing).
[2026-06-24 14:10:30.986] Selected the weaker axiom SubClassOf(owl:Nothing owl:Nothing).
[2026-06-24 14:10:30.987] Finished repairing the ontology.
Repairing with B1 (bad-in_some_mus-weaker-random)...
[2026-06-24 14:10:30.988] Checking precondition...
[2026-06-24 14:10:30.989] Starting the repair...
[2026-06-24 14:10:30.992] Selected a reference ontology with 17 axioms.
[2026-06-24 14:10:31.069] Selected the bad axiom SubClassOf(http://purl.dataone.org/odo/SENSO_00000004 http://purl.dataone.org/odo/SENSO_00000003).
[2026-06-24 14:10:31.074] Selected the weaker axiom SubClassOf(http://purl.dataone.org/odo/SENSO_00000004 ObjectAllValuesFrom(http://purl.dataone.org/odo/SENSO_00000005 http://purl.dataone.org/odo/SENSO_00000004)).
[2026-06-24 14:10:31.075] Finished repairing the ontology.
Repairing with B2 (bad-in_some_mus-weaker-shapley)...
[2026-06-24 14:10:31.077] Checking precondition...
[2026-06-24 14:10:31.078] Starting the repair...
[2026-0
...[truncated]
SUCCESS: attempt=35 seed=482814 success_count=27/100
progress: ontology=SENSO attempt=35 success=27/100
----- SENSO attempt=36 seed=497014 at 2026-06-24 14:10:35 -----
--- stdout ---
{"seed":497014,"run_id":"20260624134028346645","trial_status":"success","error_type":null,"failure_stage":null,"error_message":null,"iic_values":{"B1_vs_A1":0.7142857142857143,"B1_vs_A2":0.7142857142857143,"B1_vs_A3":0.2,"B2_vs_A1":0.875,"B2_vs_A2":0.875,"B2_vs_A3":0.5,"B3_vs_A1":0.625,"B3_vs_A2":0.625,"B3_vs_A3":0.25,"B4_vs_A1":0.875,"B4_vs_A2":0.875,"B4_vs_A3":0.5,"B5_vs_A1":0.875,"B5_vs_A2":0.875,"B5_vs_A3":0.5,"B6_vs_A1":0.875,"B6_vs_A2":0.875,"B6_vs_A3":0.5,"B7_vs_A1":0.875,"B7_vs_A2":0.875,"B7_vs_A3":0.5,"B8_vs_A1":0.875,"B8_vs_A2":0.875,"B8_vs_A3":0.5,"B9_vs_A1":0.875,"B9_vs_A2":0.875,"B9_vs_A3":0.5},"repair_runtimes_ms":{"A1":27,"A2":117,"A3":276,"B1":143,"B2":385,"B3":792,"B4":56,"B5":911,"B6":912,"B7":22,"B8":794,"B9":533}}

--- stderr ---
SingleTrialExperiment starting: ontology=/workspaces/ontologyutils-ekaw26/repair-power-index-replication-ekaw26/ontologies/inconsistent/SENSO.owl, seed=497014, run_id=20260624134028346645
Loaded ontology.
Normalizing ontology with SROIQ normalization...
Normalized ontology with SROIQ normalization.
Ontology is already inconsistent, skipping make-inconsistent step.
Repairing with A1 (random-removal)...
[2026-06-24 14:10:35.714] Checking precondition...
[2026-06-24 14:10:35.723] Starting the repair...
[2026-06-24 14:10:35.728] Found 13 possible bad axioms.
[2026-06-24 14:10:35.729] Selected the bad axiom SubClassOf(http://purl.dataone.org/odo/SENSO_00000003 http://purl.dataone.org/odo/SENSO_00000002).
[2026-06-24 14:10:35.733] Found 12 possible bad axioms.
[2026-06-24 14:10:35.734] Selected the bad axiom SubClassOf(http://purl.dataone.org/odo/SENSO_00000001 http://purl.dataone.org/odo/SENSO_00000004).
[2026-06-24 14:10:35.736] Finished repairing the ontology.
Repairing with A2 (not-in-largest-mcs-removal)...
[2026-06-24 14:10:35.737] Checking precondition...
[2026-06-24 14:10:35.744] Starting the repair...
[2026-06-24 14:10:35.852] Found 4 possible bad axioms.
[2026-06-24 14:10:35.852] Selected the bad axiom SubClassOf(http://purl.dataone.org/odo/SENSO_00000001 http://purl.dataone.org/odo/SENSO_00000004).
[2026-06-24 14:10:35.854] Finished repairing the ontology.
Repairing with A3 (default-weakening)...
[2026-06-24 14:10:35.855] Checking precondition...
[2026-06-24 14:10:35.858] Starting the repair...
[2026-06-24 14:10:35.867] Selected a reference ontology with 17 axioms.
[2026-06-24 14:10:36.002] Selected the bad axiom SubClassOf(http://purl.dataone.org/odo/SENSO_00000004 http://purl.dataone.org/odo/SENSO_00000003).
[2026-06-24 14:10:36.014] Selected the weaker axiom SubClassOf(ObjectAllValuesFrom(http://purl.dataone.org/odo/SENSO_00000005 http://purl.dataone.org/odo/SENSO_00000004) http://purl.dataone.org/odo/SENSO_00000003).
[2026-06-24 14:10:36.127] Selected the bad axiom SubClassOf(http://purl.dataone.org/odo/SENSO_00000003 owl:Nothing).
[2026-06-24 14:10:36.127] Selected the weaker axiom SubClassOf(owl:Nothing owl:Nothing).
[2026-06-24 14:10:36.130] Finished repairing the ontology.
Repairing with B1 (bad-in_some_mus-weaker-random)...
[2026-06-24 14:10:36.132] Checking precondition...
[2026-06-24 14:10:36.134] Starting the repair...
[2026-06-24 14:10:36.139] Selected a reference ontology with 17 axioms.
[2026-06-24 14:10:36.215] Selected the bad axiom SubClassOf(http://purl.dataone.org/odo/SENSO_00000004 http://purl.dataone.org/odo/SENSO_00000003).
[2026-06-24 14:10:36.219] Selected the weaker axiom SubClassOf(http://purl.dataone.org/odo/SENSO_00000004 owl:Nothing).
[2026-06-24 14:10:36.273] Selected the bad axiom SubClassOf(http://purl.dataone.org/odo/SENSO_00000004 owl:Nothing).
[2026-06-24 14:10:36.274] Selected the weaker axiom SubClassOf(http://purl.dataone.org/odo/SENSO_00000003 owl:Nothing).
[2026-06-24 14:10:36.275] Finished repairing 
...[truncated]
SUCCESS: attempt=36 seed=497014 success_count=28/100
progress: ontology=SENSO attempt=36 success=28/100
----- SENSO attempt=37 seed=511214 at 2026-06-24 14:10:40 -----
--- stdout ---
{"seed":511214,"run_id":"20260624134028346645","trial_status":"success","error_type":null,"failure_stage":null,"error_message":null,"iic_values":{"B1_vs_A1":0.875,"B1_vs_A2":0.6666666666666666,"B1_vs_A3":0.6666666666666666,"B2_vs_A1":0.875,"B2_vs_A2":0.6666666666666666,"B2_vs_A3":0.6666666666666666,"B3_vs_A1":0.8,"B3_vs_A2":0.8,"B3_vs_A3":0.8,"B4_vs_A1":0.875,"B4_vs_A2":0.6666666666666666,"B4_vs_A3":0.6666666666666666,"B5_vs_A1":0.875,"B5_vs_A2":0.6666666666666666,"B5_vs_A3":0.6666666666666666,"B6_vs_A1":0.875,"B6_vs_A2":0.6666666666666666,"B6_vs_A3":0.6666666666666666,"B7_vs_A1":0.875,"B7_vs_A2":0.6666666666666666,"B7_vs_A3":0.6666666666666666,"B8_vs_A1":0.875,"B8_vs_A2":0.6666666666666666,"B8_vs_A3":0.6666666666666666,"B9_vs_A1":0.875,"B9_vs_A2":0.6666666666666666,"B9_vs_A3":0.6666666666666666},"repair_runtimes_ms":{"A1":34,"A2":112,"A3":323,"B1":107,"B2":427,"B3":554,"B4":51,"B5":947,"B6":768,"B7":28,"B8":718,"B9":760}}

--- stderr ---
SingleTrialExperiment starting: ontology=/workspaces/ontologyutils-ekaw26/repair-power-index-replication-ekaw26/ontologies/inconsistent/SENSO.owl, seed=511214, run_id=20260624134028346645
Loaded ontology.
Normalizing ontology with SROIQ normalization...
Normalized ontology with SROIQ normalization.
Ontology is already inconsistent, skipping make-inconsistent step.
Repairing with A1 (random-removal)...
[2026-06-24 14:10:41.094] Checking precondition...
[2026-06-24 14:10:41.102] Starting the repair...
[2026-06-24 14:10:41.107] Found 13 possible bad axioms.
[2026-06-24 14:10:41.109] Selected the bad axiom SubClassOf(http://purl.dataone.org/odo/SENSO_00000004 http://purl.dataone.org/odo/SENSO_00000002).
[2026-06-24 14:10:41.114] Found 12 possible bad axioms.
[2026-06-24 14:10:41.114] Selected the bad axiom SubClassOf(owl:Thing ObjectAllValuesFrom(http://purl.dataone.org/odo/SENSO_00000005 http://purl.dataone.org/odo/SENSO_00000004)).
[2026-06-24 14:10:41.117] Found 11 possible bad axioms.
[2026-06-24 14:10:41.118] Selected the bad axiom SubClassOf(owl:Thing ObjectAllValuesFrom(http://purl.dataone.org/odo/SENSO_00000005 http://purl.dataone.org/odo/SENSO_00000001)).
[2026-06-24 14:10:41.121] Found 10 possible bad axioms.
[2026-06-24 14:10:41.121] Selected the bad axiom SubClassOf(http://purl.dataone.org/odo/SENSO_00000001 http://purl.dataone.org/odo/SENSO_00000004).
[2026-06-24 14:10:41.124] Finished repairing the ontology.
Repairing with A2 (not-in-largest-mcs-removal)...
[2026-06-24 14:10:41.125] Checking precondition...
[2026-06-24 14:10:41.130] Starting the repair...
[2026-06-24 14:10:41.235] Found 4 possible bad axioms.
[2026-06-24 14:10:41.235] Selected the bad axiom SubClassOf(http://purl.dataone.org/odo/SENSO_00000004 http://purl.dataone.org/odo/SENSO_00000003).
[2026-06-24 14:10:41.237] Finished repairing the ontology.
Repairing with A3 (default-weakening)...
[2026-06-24 14:10:41.238] Checking precondition...
[2026-06-24 14:10:41.241] Starting the repair...
[2026-06-24 14:10:41.251] Selected a reference ontology with 17 axioms.
[2026-06-24 14:10:41.383] Selected the bad axiom SubClassOf(owl:Thing http://purl.dataone.org/odo/SENSO_00000001).
[2026-06-24 14:10:41.394] Selected the weaker axiom SubClassOf(owl:Thing http://purl.dataone.org/odo/SENSO_00000002).
[2026-06-24 14:10:41.490] Selected the bad axiom SubClassOf(http://purl.dataone.org/odo/SENSO_00000004 http://purl.dataone.org/odo/SENSO_00000003).
[2026-06-24 14:10:41.490] Selected the weaker axiom SubClassOf(http://purl.dataone.org/odo/SENSO_00000002 http://purl.dataone.org/odo/SENSO_00000003).
[2026-06-24 14:10:41.559] Selected the bad axiom SubClassOf(http://purl.dataone.org/odo/SENSO_00000002 http://purl.dataone.org/odo/SENSO_00000003).
[2026-06-24 14:10:41.559] Selected the weaker axiom SubClassOf(http://purl.dataone.org/odo/SENSO_00000002 http://purl.dataone.org/odo/SENSO_00000001).
[2026-06-24 14:10:41.560] Finished repairing the ontology.
Repairing with B1 (bad-in_some_mus-weaker-r
...[truncated]
SUCCESS: attempt=37 seed=511214 success_count=29/100
progress: ontology=SENSO attempt=37 success=29/100
----- SENSO attempt=38 seed=525414 at 2026-06-24 14:10:46 -----
--- stdout ---
{"seed":525414,"run_id":"20260624134028346645","trial_status":"memory_limit_exceeded","error_type":"failure","failure_stage":"B4","error_message":"Repair failed: ExecutionException: java.lang.NullPointerException: operands cannot be null or empty","iic_values":{},"repair_runtimes_ms":{"A1":35,"A2":114,"A3":161,"B1":93,"B2":580,"B3":457,"B4":53}}

--- stderr ---
SingleTrialExperiment starting: ontology=/workspaces/ontologyutils-ekaw26/repair-power-index-replication-ekaw26/ontologies/inconsistent/SENSO.owl, seed=525414, run_id=20260624134028346645
Loaded ontology.
Normalizing ontology with SROIQ normalization...
Normalized ontology with SROIQ normalization.
Ontology is already inconsistent, skipping make-inconsistent step.
Repairing with A1 (random-removal)...
[2026-06-24 14:10:46.334] Checking precondition...
[2026-06-24 14:10:46.342] Starting the repair...
[2026-06-24 14:10:46.347] Found 13 possible bad axioms.
[2026-06-24 14:10:46.348] Selected the bad axiom SubClassOf(http://purl.dataone.org/odo/SENSO_00000004 http://purl.dataone.org/odo/SENSO_00000001).
[2026-06-24 14:10:46.352] Found 12 possible bad axioms.
[2026-06-24 14:10:46.353] Selected the bad axiom SubClassOf(owl:Thing ObjectAllValuesFrom(http://purl.dataone.org/odo/SENSO_00000005 http://purl.dataone.org/odo/SENSO_00000001)).
[2026-06-24 14:10:46.356] Found 11 possible bad axioms.
[2026-06-24 14:10:46.356] Selected the bad axiom SubClassOf(owl:Thing ObjectAllValuesFrom(http://purl.dataone.org/odo/SENSO_00000005 http://purl.dataone.org/odo/SENSO_00000004)).
[2026-06-24 14:10:46.359] Found 10 possible bad axioms.
[2026-06-24 14:10:46.360] Selected the bad axiom SubClassOf(http://purl.dataone.org/odo/SENSO_00000003 http://purl.dataone.org/odo/SENSO_00000002).
[2026-06-24 14:10:46.362] Found 9 possible bad axioms.
[2026-06-24 14:10:46.362] Selected the bad axiom SubClassOf(http://purl.dataone.org/odo/SENSO_00000003 owl:Nothing).
[2026-06-24 14:10:46.365] Finished repairing the ontology.
Repairing with A2 (not-in-largest-mcs-removal)...
[2026-06-24 14:10:46.366] Checking precondition...
[2026-06-24 14:10:46.371] Starting the repair...
[2026-06-24 14:10:46.478] Found 4 possible bad axioms.
[2026-06-24 14:10:46.479] Selected the bad axiom SubClassOf(http://purl.dataone.org/odo/SENSO_00000004 http://purl.dataone.org/odo/SENSO_00000003).
[2026-06-24 14:10:46.480] Finished repairing the ontology.
Repairing with A3 (default-weakening)...
[2026-06-24 14:10:46.482] Checking precondition...
[2026-06-24 14:10:46.484] Starting the repair...
[2026-06-24 14:10:46.494] Selected a reference ontology with 17 axioms.
[2026-06-24 14:10:46.629] Selected the bad axiom SubClassOf(http://purl.dataone.org/odo/SENSO_00000001 http://purl.dataone.org/odo/SENSO_00000004).
[2026-06-24 14:10:46.640] Selected the weaker axiom SubClassOf(http://purl.dataone.org/odo/SENSO_00000002 http://purl.dataone.org/odo/SENSO_00000004).
[2026-06-24 14:10:46.642] Finished repairing the ontology.
Repairing with B1 (bad-in_some_mus-weaker-random)...
[2026-06-24 14:10:46.643] Checking precondition...
[2026-06-24 14:10:46.644] Starting the repair...
[2026-06-24 14:10:46.648] Selected a reference ontology with 17 axioms.
[2026-06-24 14:10:46.730] Selected the bad axiom SubClassOf(owl:Thing http://purl.dataone.org/odo/SENSO_00000001).
[2026-06-24 14:10:46.734] Selected the weaker axiom SubClassOf(
...[truncated]
FAIL: attempt=38 seed=525414 status=memory_limit_exceeded stage=B4 message=Repair failed: ExecutionException: java.lang.NullPointerException: operands cannot be null or empty
progress: ontology=SENSO attempt=38 success=29/100
----- SENSO attempt=39 seed=539614 at 2026-06-24 14:10:47 -----
--- stdout ---
{"seed":539614,"run_id":"20260624134028346645","trial_status":"success","error_type":null,"failure_stage":null,"error_message":null,"iic_values":{"B1_vs_A1":0.5,"B1_vs_A2":0.2,"B1_vs_A3":0.3333333333333333,"B2_vs_A1":0.5,"B2_vs_A2":0.2,"B2_vs_A3":0.3333333333333333,"B3_vs_A1":0.6666666666666666,"B3_vs_A2":0.5,"B3_vs_A3":0.5,"B4_vs_A1":0.6666666666666666,"B4_vs_A2":0.5,"B4_vs_A3":0.5,"B5_vs_A1":0.6666666666666666,"B5_vs_A2":0.5,"B5_vs_A3":0.5,"B6_vs_A1":0.6666666666666666,"B6_vs_A2":0.5,"B6_vs_A3":0.5,"B7_vs_A1":0.6666666666666666,"B7_vs_A2":0.5,"B7_vs_A3":0.5,"B8_vs_A1":0.6666666666666666,"B8_vs_A2":0.5,"B8_vs_A3":0.5,"B9_vs_A1":0.6666666666666666,"B9_vs_A2":0.5,"B9_vs_A3":0.5},"repair_runtimes_ms":{"A1":25,"A2":120,"A3":292,"B1":82,"B2":803,"B3":190,"B4":42,"B5":935,"B6":854,"B7":77,"B8":491,"B9":907}}

--- stderr ---
SingleTrialExperiment starting: ontology=/workspaces/ontologyutils-ekaw26/repair-power-index-replication-ekaw26/ontologies/inconsistent/SENSO.owl, seed=539614, run_id=20260624134028346645
Loaded ontology.
Normalizing ontology with SROIQ normalization...
Normalized ontology with SROIQ normalization.
Ontology is already inconsistent, skipping make-inconsistent step.
Repairing with A1 (random-removal)...
[2026-06-24 14:10:48.232] Checking precondition...
[2026-06-24 14:10:48.241] Starting the repair...
[2026-06-24 14:10:48.247] Found 13 possible bad axioms.
[2026-06-24 14:10:48.249] Selected the bad axiom SubClassOf(http://purl.dataone.org/odo/SENSO_00000004 http://purl.dataone.org/odo/SENSO_00000003).
[2026-06-24 14:10:48.253] Finished repairing the ontology.
Repairing with A2 (not-in-largest-mcs-removal)...
[2026-06-24 14:10:48.253] Checking precondition...
[2026-06-24 14:10:48.262] Starting the repair...
[2026-06-24 14:10:48.372] Found 4 possible bad axioms.
[2026-06-24 14:10:48.372] Selected the bad axiom SubClassOf(http://purl.dataone.org/odo/SENSO_00000003 owl:Nothing).
[2026-06-24 14:10:48.374] Finished repairing the ontology.
Repairing with A3 (default-weakening)...
[2026-06-24 14:10:48.375] Checking precondition...
[2026-06-24 14:10:48.378] Starting the repair...
[2026-06-24 14:10:48.388] Selected a reference ontology with 17 axioms.
[2026-06-24 14:10:48.539] Selected the bad axiom SubClassOf(owl:Thing http://purl.dataone.org/odo/SENSO_00000001).
[2026-06-24 14:10:48.550] Selected the weaker axiom SubClassOf(ObjectAllValuesFrom(http://purl.dataone.org/odo/SENSO_00000005 http://purl.dataone.org/odo/SENSO_00000001) http://purl.dataone.org/odo/SENSO_00000001).
[2026-06-24 14:10:48.665] Selected the bad axiom SubClassOf(ObjectAllValuesFrom(http://purl.dataone.org/odo/SENSO_00000005 http://purl.dataone.org/odo/SENSO_00000001) http://purl.dataone.org/odo/SENSO_00000001).
[2026-06-24 14:10:48.666] Selected the weaker axiom SubClassOf(ObjectAllValuesFrom(http://purl.dataone.org/odo/SENSO_00000005 http://purl.dataone.org/odo/SENSO_00000001) owl:Thing).
[2026-06-24 14:10:48.667] Finished repairing the ontology.
Repairing with B1 (bad-in_some_mus-weaker-random)...
[2026-06-24 14:10:48.667] Checking precondition...
[2026-06-24 14:10:48.669] Starting the repair...
[2026-06-24 14:10:48.673] Selected a reference ontology with 17 axioms.
[2026-06-24 14:10:48.746] Selected the bad axiom SubClassOf(http://purl.dataone.org/odo/SENSO_00000004 http://purl.dataone.org/odo/SENSO_00000003).
[2026-06-24 14:10:48.748] Selected the weaker axiom SubClassOf(http://purl.dataone.org/odo/SENSO_00000004 http://purl.dataone.org/odo/SENSO_00000002).
[2026-06-24 14:10:48.749] Finished repairing the ontology.
Repairing with B2 (bad-in_some_mus-weaker-shapley)...
[2026-06-24 14:10:48.751] Checking precondition...
[2026-06-24 14:10:48.752] Starting the repair...
[2026-06-24 14:10:48.755] Selected a reference ontology with 17 axioms.
[2026-06-24 14:10:48.809] Selected the bad axi
...[truncated]
SUCCESS: attempt=39 seed=539614 success_count=30/100
progress: ontology=SENSO attempt=39 success=30/100
----- SENSO attempt=40 seed=553814 at 2026-06-24 14:10:53 -----
--- stdout ---
{"seed":553814,"run_id":"20260624134028346645","trial_status":"success","error_type":null,"failure_stage":null,"error_message":null,"iic_values":{"B1_vs_A1":0.5,"B1_vs_A2":0.8,"B1_vs_A3":0.5,"B2_vs_A1":0.25,"B2_vs_A2":0.4,"B2_vs_A3":0.25,"B3_vs_A1":0.5,"B3_vs_A2":0.8,"B3_vs_A3":0.5,"B4_vs_A1":0.5,"B4_vs_A2":0.6666666666666666,"B4_vs_A3":0.5,"B5_vs_A1":0.5,"B5_vs_A2":0.6666666666666666,"B5_vs_A3":0.5,"B6_vs_A1":0.5,"B6_vs_A2":0.6666666666666666,"B6_vs_A3":0.5,"B7_vs_A1":0.5,"B7_vs_A2":0.6666666666666666,"B7_vs_A3":0.5,"B8_vs_A1":0.5,"B8_vs_A2":0.6666666666666666,"B8_vs_A3":0.5,"B9_vs_A1":0.5,"B9_vs_A2":0.6666666666666666,"B9_vs_A3":0.5},"repair_runtimes_ms":{"A1":32,"A2":112,"A3":384,"B1":125,"B2":888,"B3":313,"B4":100,"B5":833,"B6":721,"B7":57,"B8":862,"B9":500}}

--- stderr ---
SingleTrialExperiment starting: ontology=/workspaces/ontologyutils-ekaw26/repair-power-index-replication-ekaw26/ontologies/inconsistent/SENSO.owl, seed=553814, run_id=20260624134028346645
Loaded ontology.
Normalizing ontology with SROIQ normalization...
Normalized ontology with SROIQ normalization.
Ontology is already inconsistent, skipping make-inconsistent step.
Repairing with A1 (random-removal)...
[2026-06-24 14:10:53.457] Checking precondition...
[2026-06-24 14:10:53.466] Starting the repair...
[2026-06-24 14:10:53.472] Found 13 possible bad axioms.
[2026-06-24 14:10:53.473] Selected the bad axiom SubClassOf(owl:Thing ObjectAllValuesFrom(http://purl.dataone.org/odo/SENSO_00000005 http://purl.dataone.org/odo/SENSO_00000001)).
[2026-06-24 14:10:53.477] Found 12 possible bad axioms.
[2026-06-24 14:10:53.478] Selected the bad axiom SubClassOf(owl:Thing ObjectAllValuesFrom(http://purl.dataone.org/odo/SENSO_00000005 http://purl.dataone.org/odo/SENSO_00000004)).
[2026-06-24 14:10:53.482] Found 11 possible bad axioms.
[2026-06-24 14:10:53.482] Selected the bad axiom SubClassOf(owl:Thing http://purl.dataone.org/odo/SENSO_00000001).
[2026-06-24 14:10:53.486] Finished repairing the ontology.
Repairing with A2 (not-in-largest-mcs-removal)...
[2026-06-24 14:10:53.486] Checking precondition...
[2026-06-24 14:10:53.492] Starting the repair...
[2026-06-24 14:10:53.597] Found 4 possible bad axioms.
[2026-06-24 14:10:53.597] Selected the bad axiom SubClassOf(http://purl.dataone.org/odo/SENSO_00000004 http://purl.dataone.org/odo/SENSO_00000003).
[2026-06-24 14:10:53.599] Finished repairing the ontology.
Repairing with A3 (default-weakening)...
[2026-06-24 14:10:53.600] Checking precondition...
[2026-06-24 14:10:53.603] Starting the repair...
[2026-06-24 14:10:53.613] Selected a reference ontology with 17 axioms.
[2026-06-24 14:10:53.747] Selected the bad axiom SubClassOf(http://purl.dataone.org/odo/SENSO_00000001 http://purl.dataone.org/odo/SENSO_00000004).
[2026-06-24 14:10:53.757] Selected the weaker axiom SubClassOf(http://purl.dataone.org/odo/SENSO_00000001 owl:Nothing).
[2026-06-24 14:10:53.832] Selected the bad axiom SubClassOf(http://purl.dataone.org/odo/SENSO_00000001 owl:Nothing).
[2026-06-24 14:10:53.833] Selected the weaker axiom SubClassOf(ObjectAllValuesFrom(http://purl.dataone.org/odo/SENSO_00000005 owl:Nothing) owl:Nothing).
[2026-06-24 14:10:53.897] Selected the bad axiom SubClassOf(ObjectAllValuesFrom(http://purl.dataone.org/odo/SENSO_00000005 owl:Nothing) owl:Nothing).
[2026-06-24 14:10:53.898] Selected the weaker axiom SubClassOf(ObjectAllValuesFrom(http://purl.dataone.org/odo/SENSO_00000005 owl:Nothing) http://purl.dataone.org/odo/SENSO_00000004).
[2026-06-24 14:10:53.982] Selected the bad axiom SubClassOf(http://purl.dataone.org/odo/SENSO_00000003 owl:Nothing).
[2026-06-24 14:10:53.982] Selected the weaker axiom SubClassOf(owl:Nothing owl:Nothing).
[2026-06-24 14:10:53.983] Finished repairing the ontology.
Repairing with B1 (bad-in_some_mu
...[truncated]
SUCCESS: attempt=40 seed=553814 success_count=31/100
progress: ontology=SENSO attempt=40 success=31/100
----- SENSO attempt=41 seed=568014 at 2026-06-24 14:10:58 -----
--- stdout ---
{"seed":568014,"run_id":"20260624134028346645","trial_status":"time_limit_exceeded","error_type":"timeout","failure_stage":"B4","error_message":"Repair timeout: B4 exceeded 300 seconds","iic_values":{},"repair_runtimes_ms":{"A1":27,"A2":116,"A3":166,"B1":96,"B2":414,"B3":459,"B4":300002}}

--- stderr ---
SingleTrialExperiment starting: ontology=/workspaces/ontologyutils-ekaw26/repair-power-index-replication-ekaw26/ontologies/inconsistent/SENSO.owl, seed=568014, run_id=20260624134028346645
Loaded ontology.
Normalizing ontology with SROIQ normalization...
Normalized ontology with SROIQ normalization.
Ontology is already inconsistent, skipping make-inconsistent step.
Repairing with A1 (random-removal)...
[2026-06-24 14:10:58.797] Checking precondition...
[2026-06-24 14:10:58.806] Starting the repair...
[2026-06-24 14:10:58.811] Found 13 possible bad axioms.
[2026-06-24 14:10:58.813] Selected the bad axiom SubClassOf(http://purl.dataone.org/odo/SENSO_00000003 http://purl.dataone.org/odo/SENSO_00000002).
[2026-06-24 14:10:58.817] Found 12 possible bad axioms.
[2026-06-24 14:10:58.817] Selected the bad axiom SubClassOf(http://purl.dataone.org/odo/SENSO_00000001 http://purl.dataone.org/odo/SENSO_00000004).
[2026-06-24 14:10:58.821] Finished repairing the ontology.
Repairing with A2 (not-in-largest-mcs-removal)...
[2026-06-24 14:10:58.821] Checking precondition...
[2026-06-24 14:10:58.829] Starting the repair...
[2026-06-24 14:10:58.936] Found 4 possible bad axioms.
[2026-06-24 14:10:58.936] Selected the bad axiom SubClassOf(http://purl.dataone.org/odo/SENSO_00000001 http://purl.dataone.org/odo/SENSO_00000004).
[2026-06-24 14:10:58.937] Finished repairing the ontology.
Repairing with A3 (default-weakening)...
[2026-06-24 14:10:58.939] Checking precondition...
[2026-06-24 14:10:58.942] Starting the repair...
[2026-06-24 14:10:58.952] Selected a reference ontology with 17 axioms.
[2026-06-24 14:10:59.090] Selected the bad axiom SubClassOf(http://purl.dataone.org/odo/SENSO_00000004 http://purl.dataone.org/odo/SENSO_00000003).
[2026-06-24 14:10:59.102] Selected the weaker axiom SubClassOf(owl:Nothing http://purl.dataone.org/odo/SENSO_00000003).
[2026-06-24 14:10:59.104] Finished repairing the ontology.
Repairing with B1 (bad-in_some_mus-weaker-random)...
[2026-06-24 14:10:59.105] Checking precondition...
[2026-06-24 14:10:59.107] Starting the repair...
[2026-06-24 14:10:59.110] Selected a reference ontology with 17 axioms.
[2026-06-24 14:10:59.196] Selected the bad axiom SubClassOf(http://purl.dataone.org/odo/SENSO_00000004 http://purl.dataone.org/odo/SENSO_00000003).
[2026-06-24 14:10:59.200] Selected the weaker axiom SubClassOf(http://purl.dataone.org/odo/SENSO_00000004 http://purl.dataone.org/odo/SENSO_00000002).
[2026-06-24 14:10:59.201] Finished repairing the ontology.
Repairing with B2 (bad-in_some_mus-weaker-shapley)...
[2026-06-24 14:10:59.203] Checking precondition...
[2026-06-24 14:10:59.204] Starting the repair...
[2026-06-24 14:10:59.207] Selected a reference ontology with 17 axioms.
[2026-06-24 14:10:59.282] Selected the bad axiom SubClassOf(owl:Thing http://purl.dataone.org/odo/SENSO_00000001).
[PowerIndexWeakerAxiomSelector] Scoring 9 candidate weakenings for ⊤ ⊑ SENSO_00000001
[PowerIndexWeakerAxiomSelector] Selected weaker axiom: SENSO_00000
...[truncated]
FAIL: attempt=41 seed=568014 status=time_limit_exceeded stage=B4 message=Repair timeout: B4 exceeded 300 seconds
progress: ontology=SENSO attempt=41 success=31/100
----- SENSO attempt=42 seed=582214 at 2026-06-24 14:16:00 -----
--- stdout ---
{"seed":582214,"run_id":"20260624134028346645","trial_status":"success","error_type":null,"failure_stage":null,"error_message":null,"iic_values":{"B1_vs_A1":0.8,"B1_vs_A2":0.8,"B1_vs_A3":0.5,"B2_vs_A1":0.875,"B2_vs_A2":0.6666666666666666,"B2_vs_A3":0.5,"B3_vs_A1":1.0,"B3_vs_A2":0.5,"B3_vs_A3":0.2,"B4_vs_A1":0.875,"B4_vs_A2":0.6666666666666666,"B4_vs_A3":0.5,"B5_vs_A1":0.875,"B5_vs_A2":0.6666666666666666,"B5_vs_A3":0.5,"B6_vs_A1":0.875,"B6_vs_A2":0.6666666666666666,"B6_vs_A3":0.5,"B7_vs_A1":0.875,"B7_vs_A2":0.6666666666666666,"B7_vs_A3":0.5,"B8_vs_A1":0.875,"B8_vs_A2":0.6666666666666666,"B8_vs_A3":0.5,"B9_vs_A1":0.875,"B9_vs_A2":0.6666666666666666,"B9_vs_A3":0.5},"repair_runtimes_ms":{"A1":23,"A2":121,"A3":162,"B1":105,"B2":448,"B3":839,"B4":38,"B5":904,"B6":764,"B7":64,"B8":701,"B9":786}}

--- stderr ---
SingleTrialExperiment starting: ontology=/workspaces/ontologyutils-ekaw26/repair-power-index-replication-ekaw26/ontologies/inconsistent/SENSO.owl, seed=582214, run_id=20260624134028346645
Loaded ontology.
Normalizing ontology with SROIQ normalization...
Normalized ontology with SROIQ normalization.
Ontology is already inconsistent, skipping make-inconsistent step.
Repairing with A1 (random-removal)...
[2026-06-24 14:16:00.663] Checking precondition...
[2026-06-24 14:16:00.671] Starting the repair...
[2026-06-24 14:16:00.676] Found 13 possible bad axioms.
[2026-06-24 14:16:00.677] Selected the bad axiom SubClassOf(http://purl.dataone.org/odo/SENSO_00000001 http://purl.dataone.org/odo/SENSO_00000004).
[2026-06-24 14:16:00.682] Finished repairing the ontology.
Repairing with A2 (not-in-largest-mcs-removal)...
[2026-06-24 14:16:00.682] Checking precondition...
[2026-06-24 14:16:00.691] Starting the repair...
[2026-06-24 14:16:00.801] Found 4 possible bad axioms.
[2026-06-24 14:16:00.802] Selected the bad axiom SubClassOf(http://purl.dataone.org/odo/SENSO_00000004 http://purl.dataone.org/odo/SENSO_00000003).
[2026-06-24 14:16:00.803] Finished repairing the ontology.
Repairing with A3 (default-weakening)...
[2026-06-24 14:16:00.805] Checking precondition...
[2026-06-24 14:16:00.807] Starting the repair...
[2026-06-24 14:16:00.816] Selected a reference ontology with 17 axioms.
[2026-06-24 14:16:00.952] Selected the bad axiom SubClassOf(owl:Thing http://purl.dataone.org/odo/SENSO_00000001).
[2026-06-24 14:16:00.964] Selected the weaker axiom SubClassOf(http://purl.dataone.org/odo/SENSO_00000004 http://purl.dataone.org/odo/SENSO_00000001).
[2026-06-24 14:16:00.965] Finished repairing the ontology.
Repairing with B1 (bad-in_some_mus-weaker-random)...
[2026-06-24 14:16:00.966] Checking precondition...
[2026-06-24 14:16:00.968] Starting the repair...
[2026-06-24 14:16:00.973] Selected a reference ontology with 17 axioms.
[2026-06-24 14:16:01.066] Selected the bad axiom SubClassOf(http://purl.dataone.org/odo/SENSO_00000003 owl:Nothing).
[2026-06-24 14:16:01.070] Selected the weaker axiom SubClassOf(owl:Nothing owl:Nothing).
[2026-06-24 14:16:01.071] Finished repairing the ontology.
Repairing with B2 (bad-in_some_mus-weaker-shapley)...
[2026-06-24 14:16:01.073] Checking precondition...
[2026-06-24 14:16:01.076] Starting the repair...
[2026-06-24 14:16:01.078] Selected a reference ontology with 17 axioms.
[2026-06-24 14:16:01.151] Selected the bad axiom SubClassOf(owl:Thing http://purl.dataone.org/odo/SENSO_00000001).
[PowerIndexWeakerAxiomSelector] Scoring 14 candidate weakenings for ⊤ ⊑ SENSO_00000001
[PowerIndexWeakerAxiomSelector] Selected weaker axiom: SENSO_00000001 ⊑ SENSO_00000001
[2026-06-24 14:16:01.516] Selected the weaker axiom SubClassOf(http://purl.dataone.org/odo/SENSO_00000001 http://purl.dataone.org/odo/SENSO_00000001).
[2026-06-24 14:16:01.519] Finished repairing the ontology.
Repairing with B3 (bad-in_some_mus-weaker-banzhaf)...
[2026-06-24 1
...[truncated]
SUCCESS: attempt=42 seed=582214 success_count=32/100
progress: ontology=SENSO attempt=42 success=32/100
----- SENSO attempt=43 seed=596414 at 2026-06-24 14:16:05 -----
--- stdout ---
{"seed":596414,"run_id":"20260624134028346645","trial_status":"success","error_type":null,"failure_stage":null,"error_message":null,"iic_values":{"B1_vs_A1":0.8,"B1_vs_A2":0.8,"B1_vs_A3":0.5,"B2_vs_A1":0.8,"B2_vs_A2":0.8,"B2_vs_A3":0.5,"B3_vs_A1":0.8,"B3_vs_A2":0.8,"B3_vs_A3":0.5,"B4_vs_A1":0.875,"B4_vs_A2":0.875,"B4_vs_A3":0.5,"B5_vs_A1":0.875,"B5_vs_A2":0.875,"B5_vs_A3":0.5,"B6_vs_A1":0.875,"B6_vs_A2":0.875,"B6_vs_A3":0.5,"B7_vs_A1":0.875,"B7_vs_A2":0.875,"B7_vs_A3":0.5,"B8_vs_A1":0.875,"B8_vs_A2":0.875,"B8_vs_A3":0.5,"B9_vs_A1":0.875,"B9_vs_A2":0.875,"B9_vs_A3":0.5},"repair_runtimes_ms":{"A1":25,"A2":120,"A3":308,"B1":139,"B2":482,"B3":346,"B4":63,"B5":982,"B6":758,"B7":37,"B8":747,"B9":518}}

--- stderr ---
SingleTrialExperiment starting: ontology=/workspaces/ontologyutils-ekaw26/repair-power-index-replication-ekaw26/ontologies/inconsistent/SENSO.owl, seed=596414, run_id=20260624134028346645
Loaded ontology.
Normalizing ontology with SROIQ normalization...
Normalized ontology with SROIQ normalization.
Ontology is already inconsistent, skipping make-inconsistent step.
Repairing with A1 (random-removal)...
[2026-06-24 14:16:06.047] Checking precondition...
[2026-06-24 14:16:06.056] Starting the repair...
[2026-06-24 14:16:06.062] Found 13 possible bad axioms.
[2026-06-24 14:16:06.064] Selected the bad axiom SubClassOf(http://purl.dataone.org/odo/SENSO_00000001 http://purl.dataone.org/odo/SENSO_00000004).
[2026-06-24 14:16:06.068] Finished repairing the ontology.
Repairing with A2 (not-in-largest-mcs-removal)...
[2026-06-24 14:16:06.069] Checking precondition...
[2026-06-24 14:16:06.076] Starting the repair...
[2026-06-24 14:16:06.188] Found 4 possible bad axioms.
[2026-06-24 14:16:06.188] Selected the bad axiom SubClassOf(http://purl.dataone.org/odo/SENSO_00000001 http://purl.dataone.org/odo/SENSO_00000004).
[2026-06-24 14:16:06.189] Finished repairing the ontology.
Repairing with A3 (default-weakening)...
[2026-06-24 14:16:06.191] Checking precondition...
[2026-06-24 14:16:06.193] Starting the repair...
[2026-06-24 14:16:06.200] Selected a reference ontology with 17 axioms.
[2026-06-24 14:16:06.338] Selected the bad axiom SubClassOf(http://purl.dataone.org/odo/SENSO_00000003 owl:Nothing).
[2026-06-24 14:16:06.348] Selected the weaker axiom SubClassOf(http://purl.dataone.org/odo/SENSO_00000004 owl:Nothing).
[2026-06-24 14:16:06.429] Selected the bad axiom SubClassOf(http://purl.dataone.org/odo/SENSO_00000004 owl:Nothing).
[2026-06-24 14:16:06.431] Selected the weaker axiom SubClassOf(ObjectAllValuesFrom(http://purl.dataone.org/odo/SENSO_00000005 owl:Nothing) owl:Nothing).
[2026-06-24 14:16:06.493] Selected the bad axiom SubClassOf(ObjectAllValuesFrom(http://purl.dataone.org/odo/SENSO_00000005 owl:Nothing) owl:Nothing).
[2026-06-24 14:16:06.495] Selected the weaker axiom SubClassOf(ObjectAllValuesFrom(http://purl.dataone.org/odo/SENSO_00000005 owl:Nothing) http://purl.dataone.org/odo/SENSO_00000004).
[2026-06-24 14:16:06.498] Finished repairing the ontology.
Repairing with B1 (bad-in_some_mus-weaker-random)...
[2026-06-24 14:16:06.499] Checking precondition...
[2026-06-24 14:16:06.500] Starting the repair...
[2026-06-24 14:16:06.503] Selected a reference ontology with 17 axioms.
[2026-06-24 14:16:06.563] Selected the bad axiom SubClassOf(http://purl.dataone.org/odo/SENSO_00000001 http://purl.dataone.org/odo/SENSO_00000004).
[2026-06-24 14:16:06.565] Selected the weaker axiom SubClassOf(ObjectAllValuesFrom(http://purl.dataone.org/odo/SENSO_00000005 http://purl.dataone.org/odo/SENSO_00000004) http://purl.dataone.org/odo/SENSO_00000004).
[2026-06-24 14:16:06.636] Selected the bad axiom SubClassOf(http://purl.dataone.org/odo/SENSO_00000003 owl:Nothing).
[2
...[truncated]
SUCCESS: attempt=43 seed=596414 success_count=33/100
progress: ontology=SENSO attempt=43 success=33/100
----- SENSO attempt=44 seed=610614 at 2026-06-24 14:16:10 -----
--- stdout ---
{"seed":610614,"run_id":"20260624134028346645","trial_status":"time_limit_exceeded","error_type":"timeout","failure_stage":"B4","error_message":"Repair timeout: B4 exceeded 300 seconds","iic_values":{},"repair_runtimes_ms":{"A1":33,"A2":111,"A3":276,"B1":191,"B2":1022,"B3":201,"B4":300002}}

--- stderr ---
SingleTrialExperiment starting: ontology=/workspaces/ontologyutils-ekaw26/repair-power-index-replication-ekaw26/ontologies/inconsistent/SENSO.owl, seed=610614, run_id=20260624134028346645
Loaded ontology.
Normalizing ontology with SROIQ normalization...
Normalized ontology with SROIQ normalization.
Ontology is already inconsistent, skipping make-inconsistent step.
Repairing with A1 (random-removal)...
[2026-06-24 14:16:10.981] Checking precondition...
[2026-06-24 14:16:10.990] Starting the repair...
[2026-06-24 14:16:10.995] Found 13 possible bad axioms.
[2026-06-24 14:16:10.997] Selected the bad axiom SubClassOf(owl:Thing ObjectAllValuesFrom(http://purl.dataone.org/odo/SENSO_00000005 owl:Nothing)).
[2026-06-24 14:16:11.001] Found 12 possible bad axioms.
[2026-06-24 14:16:11.001] Selected the bad axiom SubClassOf(http://purl.dataone.org/odo/SENSO_00000003 http://purl.dataone.org/odo/SENSO_00000004).
[2026-06-24 14:16:11.005] Found 11 possible bad axioms.
[2026-06-24 14:16:11.006] Selected the bad axiom SubClassOf(http://purl.dataone.org/odo/SENSO_00000004 http://purl.dataone.org/odo/SENSO_00000003).
[2026-06-24 14:16:11.010] Finished repairing the ontology.
Repairing with A2 (not-in-largest-mcs-removal)...
[2026-06-24 14:16:11.010] Checking precondition...
[2026-06-24 14:16:11.015] Starting the repair...
[2026-06-24 14:16:11.120] Found 4 possible bad axioms.
[2026-06-24 14:16:11.120] Selected the bad axiom SubClassOf(http://purl.dataone.org/odo/SENSO_00000003 owl:Nothing).
[2026-06-24 14:16:11.121] Finished repairing the ontology.
Repairing with A3 (default-weakening)...
[2026-06-24 14:16:11.123] Checking precondition...
[2026-06-24 14:16:11.125] Starting the repair...
[2026-06-24 14:16:11.133] Selected a reference ontology with 17 axioms.
[2026-06-24 14:16:11.271] Selected the bad axiom SubClassOf(owl:Thing http://purl.dataone.org/odo/SENSO_00000001).
[2026-06-24 14:16:11.282] Selected the weaker axiom SubClassOf(ObjectAllValuesFrom(http://purl.dataone.org/odo/SENSO_00000005 http://purl.dataone.org/odo/SENSO_00000001) http://purl.dataone.org/odo/SENSO_00000001).
[2026-06-24 14:16:11.397] Selected the bad axiom SubClassOf(http://purl.dataone.org/odo/SENSO_00000004 http://purl.dataone.org/odo/SENSO_00000003).
[2026-06-24 14:16:11.397] Selected the weaker axiom SubClassOf(http://purl.dataone.org/odo/SENSO_00000004 http://purl.dataone.org/odo/SENSO_00000002).
[2026-06-24 14:16:11.398] Finished repairing the ontology.
Repairing with B1 (bad-in_some_mus-weaker-random)...
[2026-06-24 14:16:11.398] Checking precondition...
[2026-06-24 14:16:11.399] Starting the repair...
[2026-06-24 14:16:11.404] Selected a reference ontology with 17 axioms.
[2026-06-24 14:16:11.480] Selected the bad axiom SubClassOf(http://purl.dataone.org/odo/SENSO_00000004 http://purl.dataone.org/odo/SENSO_00000003).
[2026-06-24 14:16:11.485] Selected the weaker axiom SubClassOf(http://purl.dataone.org/odo/SENSO_00000004 owl:Nothing).
[2026-06-24 14:16:11.537] Selected the bad axiom 
...[truncated]
FAIL: attempt=44 seed=610614 status=time_limit_exceeded stage=B4 message=Repair timeout: B4 exceeded 300 seconds
progress: ontology=SENSO attempt=44 success=33/100
----- SENSO attempt=45 seed=624814 at 2026-06-24 14:21:13 -----
--- stdout ---
{"seed":624814,"run_id":"20260624134028346645","trial_status":"success","error_type":null,"failure_stage":null,"error_message":null,"iic_values":{"B1_vs_A1":0.2857142857142857,"B1_vs_A2":0.2,"B1_vs_A3":0.2857142857142857,"B2_vs_A1":0.8,"B2_vs_A2":0.5,"B2_vs_A3":0.8,"B3_vs_A1":0.6666666666666666,"B3_vs_A2":0.5,"B3_vs_A3":0.6666666666666666,"B4_vs_A1":0.6666666666666666,"B4_vs_A2":0.5,"B4_vs_A3":0.6666666666666666,"B5_vs_A1":0.6666666666666666,"B5_vs_A2":0.5,"B5_vs_A3":0.6666666666666666,"B6_vs_A1":0.6666666666666666,"B6_vs_A2":0.5,"B6_vs_A3":0.6666666666666666,"B7_vs_A1":0.6666666666666666,"B7_vs_A2":0.5,"B7_vs_A3":0.6666666666666666,"B8_vs_A1":0.6666666666666666,"B8_vs_A2":0.5,"B8_vs_A3":0.6666666666666666,"B9_vs_A1":0.6666666666666666,"B9_vs_A2":0.5,"B9_vs_A3":0.6666666666666666},"repair_runtimes_ms":{"A1":23,"A2":121,"A3":265,"B1":98,"B2":535,"B3":392,"B4":47,"B5":996,"B6":752,"B7":21,"B8":542,"B9":843}}

--- stderr ---
SingleTrialExperiment starting: ontology=/workspaces/ontologyutils-ekaw26/repair-power-index-replication-ekaw26/ontologies/inconsistent/SENSO.owl, seed=624814, run_id=20260624134028346645
Loaded ontology.
Normalizing ontology with SROIQ normalization...
Normalized ontology with SROIQ normalization.
Ontology is already inconsistent, skipping make-inconsistent step.
Repairing with A1 (random-removal)...
[2026-06-24 14:21:13.396] Checking precondition...
[2026-06-24 14:21:13.404] Starting the repair...
[2026-06-24 14:21:13.410] Found 13 possible bad axioms.
[2026-06-24 14:21:13.411] Selected the bad axiom SubClassOf(http://purl.dataone.org/odo/SENSO_00000004 http://purl.dataone.org/odo/SENSO_00000003).
[2026-06-24 14:21:13.416] Finished repairing the ontology.
Repairing with A2 (not-in-largest-mcs-removal)...
[2026-06-24 14:21:13.416] Checking precondition...
[2026-06-24 14:21:13.424] Starting the repair...
[2026-06-24 14:21:13.536] Found 4 possible bad axioms.
[2026-06-24 14:21:13.536] Selected the bad axiom SubClassOf(http://purl.dataone.org/odo/SENSO_00000003 owl:Nothing).
[2026-06-24 14:21:13.538] Finished repairing the ontology.
Repairing with A3 (default-weakening)...
[2026-06-24 14:21:13.539] Checking precondition...
[2026-06-24 14:21:13.542] Starting the repair...
[2026-06-24 14:21:13.553] Selected a reference ontology with 17 axioms.
[2026-06-24 14:21:13.695] Selected the bad axiom SubClassOf(http://purl.dataone.org/odo/SENSO_00000001 http://purl.dataone.org/odo/SENSO_00000004).
[2026-06-24 14:21:13.707] Selected the weaker axiom SubClassOf(owl:Thing http://purl.dataone.org/odo/SENSO_00000004).
[2026-06-24 14:21:13.802] Selected the bad axiom SubClassOf(http://purl.dataone.org/odo/SENSO_00000004 http://purl.dataone.org/odo/SENSO_00000003).
[2026-06-24 14:21:13.802] Selected the weaker axiom SubClassOf(owl:Nothing http://purl.dataone.org/odo/SENSO_00000003).
[2026-06-24 14:21:13.803] Finished repairing the ontology.
Repairing with B1 (bad-in_some_mus-weaker-random)...
[2026-06-24 14:21:13.804] Checking precondition...
[2026-06-24 14:21:13.808] Starting the repair...
[2026-06-24 14:21:13.811] Selected a reference ontology with 17 axioms.
[2026-06-24 14:21:13.898] Selected the bad axiom SubClassOf(http://purl.dataone.org/odo/SENSO_00000001 http://purl.dataone.org/odo/SENSO_00000004).
[2026-06-24 14:21:13.901] Selected the weaker axiom SubClassOf(owl:Nothing http://purl.dataone.org/odo/SENSO_00000004).
[2026-06-24 14:21:13.902] Finished repairing the ontology.
Repairing with B2 (bad-in_some_mus-weaker-shapley)...
[2026-06-24 14:21:13.903] Checking precondition...
[2026-06-24 14:21:13.904] Starting the repair...
[2026-06-24 14:21:13.907] Selected a reference ontology with 17 axioms.
[2026-06-24 14:21:13.963] Selected the bad axiom SubClassOf(http://purl.dataone.org/odo/SENSO_00000003 owl:Nothing).
[PowerIndexWeakerAxiomSelector] Scoring 12 candidate weakenings for SENSO_00000003 ⊑ ⊥
[PowerIndexWeakerAxiomSelector] Selected weaker axiom: SENSO_00
...[truncated]
SUCCESS: attempt=45 seed=624814 success_count=34/100
progress: ontology=SENSO attempt=45 success=34/100
----- SENSO attempt=46 seed=639014 at 2026-06-24 14:21:18 -----
--- stdout ---
{"seed":639014,"run_id":"20260624134028346645","trial_status":"success","error_type":null,"failure_stage":null,"error_message":null,"iic_values":{"B1_vs_A1":0.2,"B1_vs_A2":0.7142857142857143,"B1_vs_A3":0.2,"B2_vs_A1":0.5,"B2_vs_A2":0.8,"B2_vs_A3":0.5,"B3_vs_A1":0.5,"B3_vs_A2":0.875,"B3_vs_A3":0.5,"B4_vs_A1":0.5,"B4_vs_A2":0.875,"B4_vs_A3":0.5,"B5_vs_A1":0.5,"B5_vs_A2":0.875,"B5_vs_A3":0.5,"B6_vs_A1":0.5,"B6_vs_A2":0.875,"B6_vs_A3":0.5,"B7_vs_A1":0.5,"B7_vs_A2":0.875,"B7_vs_A3":0.5,"B8_vs_A1":0.5,"B8_vs_A2":0.875,"B8_vs_A3":0.5,"B9_vs_A1":0.5,"B9_vs_A2":0.875,"B9_vs_A3":0.5},"repair_runtimes_ms":{"A1":28,"A2":116,"A3":161,"B1":107,"B2":468,"B3":399,"B4":44,"B5":986,"B6":787,"B7":35,"B8":557,"B9":520}}

--- stderr ---
SingleTrialExperiment starting: ontology=/workspaces/ontologyutils-ekaw26/repair-power-index-replication-ekaw26/ontologies/inconsistent/SENSO.owl, seed=639014, run_id=20260624134028346645
Loaded ontology.
Normalizing ontology with SROIQ normalization...
Normalized ontology with SROIQ normalization.
Ontology is already inconsistent, skipping make-inconsistent step.
Repairing with A1 (random-removal)...
[2026-06-24 14:21:18.471] Checking precondition...
[2026-06-24 14:21:18.480] Starting the repair...
[2026-06-24 14:21:18.485] Found 13 possible bad axioms.
[2026-06-24 14:21:18.487] Selected the bad axiom SubClassOf(http://purl.dataone.org/odo/SENSO_00000003 http://purl.dataone.org/odo/SENSO_00000004).
[2026-06-24 14:21:18.491] Found 12 possible bad axioms.
[2026-06-24 14:21:18.492] Selected the bad axiom SubClassOf(http://purl.dataone.org/odo/SENSO_00000003 owl:Nothing).
[2026-06-24 14:21:18.495] Finished repairing the ontology.
Repairing with A2 (not-in-largest-mcs-removal)...
[2026-06-24 14:21:18.495] Checking precondition...
[2026-06-24 14:21:18.503] Starting the repair...
[2026-06-24 14:21:18.610] Found 4 possible bad axioms.
[2026-06-24 14:21:18.610] Selected the bad axiom SubClassOf(http://purl.dataone.org/odo/SENSO_00000001 http://purl.dataone.org/odo/SENSO_00000004).
[2026-06-24 14:21:18.611] Finished repairing the ontology.
Repairing with A3 (default-weakening)...
[2026-06-24 14:21:18.613] Checking precondition...
[2026-06-24 14:21:18.616] Starting the repair...
[2026-06-24 14:21:18.624] Selected a reference ontology with 17 axioms.
[2026-06-24 14:21:18.758] Selected the bad axiom SubClassOf(http://purl.dataone.org/odo/SENSO_00000003 owl:Nothing).
[2026-06-24 14:21:18.771] Selected the weaker axiom SubClassOf(http://purl.dataone.org/odo/SENSO_00000003 http://purl.dataone.org/odo/SENSO_00000003).
[2026-06-24 14:21:18.773] Finished repairing the ontology.
Repairing with B1 (bad-in_some_mus-weaker-random)...
[2026-06-24 14:21:18.774] Checking precondition...
[2026-06-24 14:21:18.775] Starting the repair...
[2026-06-24 14:21:18.778] Selected a reference ontology with 17 axioms.
[2026-06-24 14:21:18.877] Selected the bad axiom SubClassOf(http://purl.dataone.org/odo/SENSO_00000004 http://purl.dataone.org/odo/SENSO_00000003).
[2026-06-24 14:21:18.880] Selected the weaker axiom SubClassOf(http://purl.dataone.org/odo/SENSO_00000004 http://purl.dataone.org/odo/SENSO_00000004).
[2026-06-24 14:21:18.881] Finished repairing the ontology.
Repairing with B2 (bad-in_some_mus-weaker-shapley)...
[2026-06-24 14:21:18.883] Checking precondition...
[2026-06-24 14:21:18.885] Starting the repair...
[2026-06-24 14:21:18.887] Selected a reference ontology with 17 axioms.
[2026-06-24 14:21:18.958] Selected the bad axiom SubClassOf(http://purl.dataone.org/odo/SENSO_00000003 owl:Nothing).
[PowerIndexWeakerAxiomSelector] Scoring 9 candidate weakenings for SENSO_00000003 ⊑ ⊥
[PowerIndexWeakerAxiomSelector] Selected weaker axiom: SENSO_00000003 ⊑ SENSO_00000001
[2026-06
...[truncated]
SUCCESS: attempt=46 seed=639014 success_count=35/100
progress: ontology=SENSO attempt=46 success=35/100
----- SENSO attempt=47 seed=653214 at 2026-06-24 14:21:22 -----
--- stdout ---
{"seed":653214,"run_id":"20260624134028346645","trial_status":"success","error_type":null,"failure_stage":null,"error_message":null,"iic_values":{"B1_vs_A1":0.875,"B1_vs_A2":0.6666666666666666,"B1_vs_A3":0.875,"B2_vs_A1":0.5,"B2_vs_A2":0.2857142857142857,"B2_vs_A3":0.5,"B3_vs_A1":0.7142857142857143,"B3_vs_A2":0.5,"B3_vs_A3":0.7142857142857143,"B4_vs_A1":0.875,"B4_vs_A2":0.6666666666666666,"B4_vs_A3":0.875,"B5_vs_A1":0.875,"B5_vs_A2":0.6666666666666666,"B5_vs_A3":0.875,"B6_vs_A1":0.875,"B6_vs_A2":0.6666666666666666,"B6_vs_A3":0.875,"B7_vs_A1":0.875,"B7_vs_A2":0.6666666666666666,"B7_vs_A3":0.875,"B8_vs_A1":0.875,"B8_vs_A2":0.6666666666666666,"B8_vs_A3":0.875,"B9_vs_A1":0.875,"B9_vs_A2":0.6666666666666666,"B9_vs_A3":0.875},"repair_runtimes_ms":{"A1":31,"A2":113,"A3":165,"B1":96,"B2":527,"B3":262,"B4":111,"B5":1085,"B6":810,"B7":26,"B8":513,"B9":557}}

--- stderr ---
SingleTrialExperiment starting: ontology=/workspaces/ontologyutils-ekaw26/repair-power-index-replication-ekaw26/ontologies/inconsistent/SENSO.owl, seed=653214, run_id=20260624134028346645
Loaded ontology.
Normalizing ontology with SROIQ normalization...
Normalized ontology with SROIQ normalization.
Ontology is already inconsistent, skipping make-inconsistent step.
Repairing with A1 (random-removal)...
[2026-06-24 14:21:23.096] Checking precondition...
[2026-06-24 14:21:23.104] Starting the repair...
[2026-06-24 14:21:23.109] Found 13 possible bad axioms.
[2026-06-24 14:21:23.111] Selected the bad axiom SubClassOf(http://purl.dataone.org/odo/SENSO_00000004 http://purl.dataone.org/odo/SENSO_00000002).
[2026-06-24 14:21:23.116] Found 12 possible bad axioms.
[2026-06-24 14:21:23.116] Selected the bad axiom SubClassOf(http://purl.dataone.org/odo/SENSO_00000003 http://purl.dataone.org/odo/SENSO_00000001).
[2026-06-24 14:21:23.119] Found 11 possible bad axioms.
[2026-06-24 14:21:23.120] Selected the bad axiom SubClassOf(http://purl.dataone.org/odo/SENSO_00000001 http://purl.dataone.org/odo/SENSO_00000004).
[2026-06-24 14:21:23.123] Finished repairing the ontology.
Repairing with A2 (not-in-largest-mcs-removal)...
[2026-06-24 14:21:23.124] Checking precondition...
[2026-06-24 14:21:23.129] Starting the repair...
[2026-06-24 14:21:23.234] Found 4 possible bad axioms.
[2026-06-24 14:21:23.235] Selected the bad axiom SubClassOf(http://purl.dataone.org/odo/SENSO_00000004 http://purl.dataone.org/odo/SENSO_00000003).
[2026-06-24 14:21:23.237] Finished repairing the ontology.
Repairing with A3 (default-weakening)...
[2026-06-24 14:21:23.238] Checking precondition...
[2026-06-24 14:21:23.241] Starting the repair...
[2026-06-24 14:21:23.252] Selected a reference ontology with 17 axioms.
[2026-06-24 14:21:23.392] Selected the bad axiom SubClassOf(http://purl.dataone.org/odo/SENSO_00000001 http://purl.dataone.org/odo/SENSO_00000004).
[2026-06-24 14:21:23.401] Selected the weaker axiom SubClassOf(http://purl.dataone.org/odo/SENSO_00000001 owl:Thing).
[2026-06-24 14:21:23.402] Finished repairing the ontology.
Repairing with B1 (bad-in_some_mus-weaker-random)...
[2026-06-24 14:21:23.403] Checking precondition...
[2026-06-24 14:21:23.404] Starting the repair...
[2026-06-24 14:21:23.408] Selected a reference ontology with 17 axioms.
[2026-06-24 14:21:23.496] Selected the bad axiom SubClassOf(owl:Thing http://purl.dataone.org/odo/SENSO_00000001).
[2026-06-24 14:21:23.499] Selected the weaker axiom SubClassOf(http://purl.dataone.org/odo/SENSO_00000002 http://purl.dataone.org/odo/SENSO_00000001).
[2026-06-24 14:21:23.499] Finished repairing the ontology.
Repairing with B2 (bad-in_some_mus-weaker-shapley)...
[2026-06-24 14:21:23.501] Checking precondition...
[2026-06-24 14:21:23.502] Starting the repair...
[2026-06-24 14:21:23.506] Selected a reference ontology with 17 axioms.
[2026-06-24 14:21:23.582] Selected the bad axiom SubClassOf(http://purl.dataone.org/odo/SENSO_0000
...[truncated]
SUCCESS: attempt=47 seed=653214 success_count=36/100
progress: ontology=SENSO attempt=47 success=36/100
----- SENSO attempt=48 seed=667414 at 2026-06-24 14:21:27 -----
--- stdout ---
{"seed":667414,"run_id":"20260624134028346645","trial_status":"success","error_type":null,"failure_stage":null,"error_message":null,"iic_values":{"B1_vs_A1":0.5,"B1_vs_A2":0.8,"B1_vs_A3":0.8,"B2_vs_A1":0.5,"B2_vs_A2":0.8,"B2_vs_A3":0.8,"B3_vs_A1":0.2,"B3_vs_A2":0.2857142857142857,"B3_vs_A3":0.5,"B4_vs_A1":0.5,"B4_vs_A2":0.6666666666666666,"B4_vs_A3":0.875,"B5_vs_A1":0.5,"B5_vs_A2":0.6666666666666666,"B5_vs_A3":0.875,"B6_vs_A1":0.5,"B6_vs_A2":0.6666666666666666,"B6_vs_A3":0.875,"B7_vs_A1":0.5,"B7_vs_A2":0.6666666666666666,"B7_vs_A3":0.875,"B8_vs_A1":0.5,"B8_vs_A2":0.6666666666666666,"B8_vs_A3":0.875,"B9_vs_A1":0.5,"B9_vs_A2":0.6666666666666666,"B9_vs_A3":0.875},"repair_runtimes_ms":{"A1":24,"A2":122,"A3":163,"B1":177,"B2":516,"B3":399,"B4":85,"B5":1042,"B6":526,"B7":28,"B8":754,"B9":795}}

--- stderr ---
SingleTrialExperiment starting: ontology=/workspaces/ontologyutils-ekaw26/repair-power-index-replication-ekaw26/ontologies/inconsistent/SENSO.owl, seed=667414, run_id=20260624134028346645
Loaded ontology.
Normalizing ontology with SROIQ normalization...
Normalized ontology with SROIQ normalization.
Ontology is already inconsistent, skipping make-inconsistent step.
Repairing with A1 (random-removal)...
[2026-06-24 14:21:27.813] Checking precondition...
[2026-06-24 14:21:27.822] Starting the repair...
[2026-06-24 14:21:27.828] Found 13 possible bad axioms.
[2026-06-24 14:21:27.829] Selected the bad axiom SubClassOf(http://purl.dataone.org/odo/SENSO_00000003 owl:Nothing).
[2026-06-24 14:21:27.834] Finished repairing the ontology.
Repairing with A2 (not-in-largest-mcs-removal)...
[2026-06-24 14:21:27.834] Checking precondition...
[2026-06-24 14:21:27.842] Starting the repair...
[2026-06-24 14:21:27.955] Found 4 possible bad axioms.
[2026-06-24 14:21:27.955] Selected the bad axiom SubClassOf(http://purl.dataone.org/odo/SENSO_00000004 http://purl.dataone.org/odo/SENSO_00000003).
[2026-06-24 14:21:27.957] Finished repairing the ontology.
Repairing with A3 (default-weakening)...
[2026-06-24 14:21:27.958] Checking precondition...
[2026-06-24 14:21:27.961] Starting the repair...
[2026-06-24 14:21:27.971] Selected a reference ontology with 17 axioms.
[2026-06-24 14:21:28.107] Selected the bad axiom SubClassOf(http://purl.dataone.org/odo/SENSO_00000001 http://purl.dataone.org/odo/SENSO_00000004).
[2026-06-24 14:21:28.118] Selected the weaker axiom SubClassOf(http://purl.dataone.org/odo/SENSO_00000001 ObjectAllValuesFrom(http://purl.dataone.org/odo/SENSO_00000005 owl:Nothing)).
[2026-06-24 14:21:28.120] Finished repairing the ontology.
Repairing with B1 (bad-in_some_mus-weaker-random)...
[2026-06-24 14:21:28.121] Checking precondition...
[2026-06-24 14:21:28.124] Starting the repair...
[2026-06-24 14:21:28.127] Selected a reference ontology with 17 axioms.
[2026-06-24 14:21:28.217] Selected the bad axiom SubClassOf(http://purl.dataone.org/odo/SENSO_00000001 http://purl.dataone.org/odo/SENSO_00000004).
[2026-06-24 14:21:28.220] Selected the weaker axiom SubClassOf(owl:Thing http://purl.dataone.org/odo/SENSO_00000004).
[2026-06-24 14:21:28.297] Selected the bad axiom SubClassOf(http://purl.dataone.org/odo/SENSO_00000003 owl:Nothing).
[2026-06-24 14:21:28.297] Selected the weaker axiom SubClassOf(http://purl.dataone.org/odo/SENSO_00000003 http://purl.dataone.org/odo/SENSO_00000004).
[2026-06-24 14:21:28.298] Finished repairing the ontology.
Repairing with B2 (bad-in_some_mus-weaker-shapley)...
[2026-06-24 14:21:28.300] Checking precondition...
[2026-06-24 14:21:28.301] Starting the repair...
[2026-06-24 14:21:28.304] Selected a reference ontology with 17 axioms.
[2026-06-24 14:21:28.360] Selected the bad axiom SubClassOf(http://purl.dataone.org/odo/SENSO_00000003 owl:Nothing).
[PowerIndexWeakerAxiomSelector] Scoring 16 candidate weakenings for SENSO_00000003 ⊑ ⊥
...[truncated]
SUCCESS: attempt=48 seed=667414 success_count=37/100
progress: ontology=SENSO attempt=48 success=37/100
----- SENSO attempt=49 seed=681614 at 2026-06-24 14:21:32 -----
--- stdout ---
{"seed":681614,"run_id":"20260624134028346645","trial_status":"success","error_type":null,"failure_stage":null,"error_message":null,"iic_values":{"B1_vs_A1":0.3333333333333333,"B1_vs_A2":0.7142857142857143,"B1_vs_A3":0.2,"B2_vs_A1":0.5,"B2_vs_A2":0.8,"B2_vs_A3":0.5,"B3_vs_A1":0.125,"B3_vs_A2":0.5,"B3_vs_A3":0.2,"B4_vs_A1":0.5,"B4_vs_A2":0.875,"B4_vs_A3":0.5,"B5_vs_A1":0.5,"B5_vs_A2":0.875,"B5_vs_A3":0.5,"B6_vs_A1":0.5,"B6_vs_A2":0.875,"B6_vs_A3":0.5,"B7_vs_A1":0.5,"B7_vs_A2":0.875,"B7_vs_A3":0.5,"B8_vs_A1":0.5,"B8_vs_A2":0.875,"B8_vs_A3":0.5,"B9_vs_A1":0.5,"B9_vs_A2":0.875,"B9_vs_A3":0.5},"repair_runtimes_ms":{"A1":24,"A2":124,"A3":164,"B1":97,"B2":461,"B3":479,"B4":39,"B5":1109,"B6":533,"B7":36,"B8":755,"B9":804}}

--- stderr ---
SingleTrialExperiment starting: ontology=/workspaces/ontologyutils-ekaw26/repair-power-index-replication-ekaw26/ontologies/inconsistent/SENSO.owl, seed=681614, run_id=20260624134028346645
Loaded ontology.
Normalizing ontology with SROIQ normalization...
Normalized ontology with SROIQ normalization.
Ontology is already inconsistent, skipping make-inconsistent step.
Repairing with A1 (random-removal)...
[2026-06-24 14:21:32.863] Checking precondition...
[2026-06-24 14:21:32.872] Starting the repair...
[2026-06-24 14:21:32.877] Found 13 possible bad axioms.
[2026-06-24 14:21:32.878] Selected the bad axiom SubClassOf(owl:Thing http://purl.dataone.org/odo/SENSO_00000001).
[2026-06-24 14:21:32.883] Finished repairing the ontology.
Repairing with A2 (not-in-largest-mcs-removal)...
[2026-06-24 14:21:32.884] Checking precondition...
[2026-06-24 14:21:32.891] Starting the repair...
[2026-06-24 14:21:33.005] Found 4 possible bad axioms.
[2026-06-24 14:21:33.006] Selected the bad axiom SubClassOf(http://purl.dataone.org/odo/SENSO_00000001 http://purl.dataone.org/odo/SENSO_00000004).
[2026-06-24 14:21:33.007] Finished repairing the ontology.
Repairing with A3 (default-weakening)...
[2026-06-24 14:21:33.008] Checking precondition...
[2026-06-24 14:21:33.011] Starting the repair...
[2026-06-24 14:21:33.020] Selected a reference ontology with 17 axioms.
[2026-06-24 14:21:33.159] Selected the bad axiom SubClassOf(http://purl.dataone.org/odo/SENSO_00000003 owl:Nothing).
[2026-06-24 14:21:33.170] Selected the weaker axiom SubClassOf(http://purl.dataone.org/odo/SENSO_00000003 ObjectAllValuesFrom(http://purl.dataone.org/odo/SENSO_00000005 http://purl.dataone.org/odo/SENSO_00000001)).
[2026-06-24 14:21:33.172] Finished repairing the ontology.
Repairing with B1 (bad-in_some_mus-weaker-random)...
[2026-06-24 14:21:33.173] Checking precondition...
[2026-06-24 14:21:33.174] Starting the repair...
[2026-06-24 14:21:33.179] Selected a reference ontology with 17 axioms.
[2026-06-24 14:21:33.265] Selected the bad axiom SubClassOf(http://purl.dataone.org/odo/SENSO_00000004 http://purl.dataone.org/odo/SENSO_00000003).
[2026-06-24 14:21:33.269] Selected the weaker axiom SubClassOf(http://purl.dataone.org/odo/SENSO_00000004 http://purl.dataone.org/odo/SENSO_00000004).
[2026-06-24 14:21:33.269] Finished repairing the ontology.
Repairing with B2 (bad-in_some_mus-weaker-shapley)...
[2026-06-24 14:21:33.271] Checking precondition...
[2026-06-24 14:21:33.272] Starting the repair...
[2026-06-24 14:21:33.275] Selected a reference ontology with 17 axioms.
[2026-06-24 14:21:33.371] Selected the bad axiom SubClassOf(http://purl.dataone.org/odo/SENSO_00000003 owl:Nothing).
[PowerIndexWeakerAxiomSelector] Scoring 9 candidate weakenings for SENSO_00000003 ⊑ ⊥
[PowerIndexWeakerAxiomSelector] Selected weaker axiom: SENSO_00000003 ⊑ SENSO_00000001
[2026-06-24 14:21:33.728] Selected the weaker axiom SubClassOf(http://purl.dataone.org/odo/SENSO_00000003 http://purl.dataone.org/odo/SENSO_00000001).
...[truncated]
SUCCESS: attempt=49 seed=681614 success_count=38/100
progress: ontology=SENSO attempt=49 success=38/100
----- SENSO attempt=50 seed=695814 at 2026-06-24 14:21:37 -----
--- stdout ---
{"seed":695814,"run_id":"20260624134028346645","trial_status":"success","error_type":null,"failure_stage":null,"error_message":null,"iic_values":{"B1_vs_A1":0.8,"B1_vs_A2":0.5,"B1_vs_A3":0.5,"B2_vs_A1":0.8,"B2_vs_A2":0.5,"B2_vs_A3":0.5,"B3_vs_A1":0.4,"B3_vs_A2":0.25,"B3_vs_A3":0.25,"B4_vs_A1":0.6666666666666666,"B4_vs_A2":0.5,"B4_vs_A3":0.5,"B5_vs_A1":0.6666666666666666,"B5_vs_A2":0.5,"B5_vs_A3":0.5,"B6_vs_A1":0.6666666666666666,"B6_vs_A2":0.5,"B6_vs_A3":0.5,"B7_vs_A1":0.6666666666666666,"B7_vs_A2":0.5,"B7_vs_A3":0.5,"B8_vs_A1":0.6666666666666666,"B8_vs_A2":0.5,"B8_vs_A3":0.5,"B9_vs_A1":0.6666666666666666,"B9_vs_A2":0.5,"B9_vs_A3":0.5},"repair_runtimes_ms":{"A1":36,"A2":111,"A3":152,"B1":115,"B2":877,"B3":297,"B4":42,"B5":1068,"B6":522,"B7":25,"B8":783,"B9":857}}

--- stderr ---
SingleTrialExperiment starting: ontology=/workspaces/ontologyutils-ekaw26/repair-power-index-replication-ekaw26/ontologies/inconsistent/SENSO.owl, seed=695814, run_id=20260624134028346645
Loaded ontology.
Normalizing ontology with SROIQ normalization...
Normalized ontology with SROIQ normalization.
Ontology is already inconsistent, skipping make-inconsistent step.
Repairing with A1 (random-removal)...
[2026-06-24 14:21:37.899] Checking precondition...
[2026-06-24 14:21:37.908] Starting the repair...
[2026-06-24 14:21:37.915] Found 13 possible bad axioms.
[2026-06-24 14:21:37.917] Selected the bad axiom SubClassOf(owl:Thing ObjectAllValuesFrom(http://purl.dataone.org/odo/SENSO_00000005 http://purl.dataone.org/odo/SENSO_00000001)).
[2026-06-24 14:21:37.921] Found 12 possible bad axioms.
[2026-06-24 14:21:37.921] Selected the bad axiom SubClassOf(owl:Thing ObjectAllValuesFrom(http://purl.dataone.org/odo/SENSO_00000005 owl:Nothing)).
[2026-06-24 14:21:37.924] Found 11 possible bad axioms.
[2026-06-24 14:21:37.925] Selected the bad axiom SubClassOf(http://purl.dataone.org/odo/SENSO_00000002 http://purl.dataone.org/odo/SENSO_00000001).
[2026-06-24 14:21:37.930] Found 10 possible bad axioms.
[2026-06-24 14:21:37.930] Selected the bad axiom SubClassOf(http://purl.dataone.org/odo/SENSO_00000004 http://purl.dataone.org/odo/SENSO_00000003).
[2026-06-24 14:21:37.932] Finished repairing the ontology.
Repairing with A2 (not-in-largest-mcs-removal)...
[2026-06-24 14:21:37.933] Checking precondition...
[2026-06-24 14:21:37.938] Starting the repair...
[2026-06-24 14:21:38.042] Found 4 possible bad axioms.
[2026-06-24 14:21:38.042] Selected the bad axiom SubClassOf(http://purl.dataone.org/odo/SENSO_00000003 owl:Nothing).
[2026-06-24 14:21:38.044] Finished repairing the ontology.
Repairing with A3 (default-weakening)...
[2026-06-24 14:21:38.045] Checking precondition...
[2026-06-24 14:21:38.048] Starting the repair...
[2026-06-24 14:21:38.056] Selected a reference ontology with 17 axioms.
[2026-06-24 14:21:38.185] Selected the bad axiom SubClassOf(owl:Thing http://purl.dataone.org/odo/SENSO_00000001).
[2026-06-24 14:21:38.195] Selected the weaker axiom SubClassOf(http://purl.dataone.org/odo/SENSO_00000002 http://purl.dataone.org/odo/SENSO_00000001).
[2026-06-24 14:21:38.196] Finished repairing the ontology.
Repairing with B1 (bad-in_some_mus-weaker-random)...
[2026-06-24 14:21:38.197] Checking precondition...
[2026-06-24 14:21:38.198] Starting the repair...
[2026-06-24 14:21:38.202] Selected a reference ontology with 17 axioms.
[2026-06-24 14:21:38.307] Selected the bad axiom SubClassOf(http://purl.dataone.org/odo/SENSO_00000003 owl:Nothing).
[2026-06-24 14:21:38.310] Selected the weaker axiom SubClassOf(owl:Nothing owl:Nothing).
[2026-06-24 14:21:38.311] Finished repairing the ontology.
Repairing with B2 (bad-in_some_mus-weaker-shapley)...
[2026-06-24 14:21:38.313] Checking precondition...
[2026-06-24 14:21:38.315] Starting the repair...
[2026-06-24 14:21:38.318] 
...[truncated]
SUCCESS: attempt=50 seed=695814 success_count=39/100
progress: ontology=SENSO attempt=50 success=39/100
----- SENSO attempt=51 seed=710014 at 2026-06-24 14:21:43 -----
--- stdout ---
{"seed":710014,"run_id":"20260624134028346645","trial_status":"success","error_type":null,"failure_stage":null,"error_message":null,"iic_values":{"B1_vs_A1":0.8,"B1_vs_A2":0.5,"B1_vs_A3":0.8,"B2_vs_A1":0.8,"B2_vs_A2":0.5,"B2_vs_A3":0.8,"B3_vs_A1":0.875,"B3_vs_A2":0.5,"B3_vs_A3":0.6666666666666666,"B4_vs_A1":0.875,"B4_vs_A2":0.5,"B4_vs_A3":0.6666666666666666,"B5_vs_A1":0.875,"B5_vs_A2":0.5,"B5_vs_A3":0.6666666666666666,"B6_vs_A1":0.875,"B6_vs_A2":0.5,"B6_vs_A3":0.6666666666666666,"B7_vs_A1":0.875,"B7_vs_A2":0.5,"B7_vs_A3":0.6666666666666666,"B8_vs_A1":0.875,"B8_vs_A2":0.5,"B8_vs_A3":0.6666666666666666,"B9_vs_A1":0.875,"B9_vs_A2":0.5,"B9_vs_A3":0.6666666666666666},"repair_runtimes_ms":{"A1":34,"A2":113,"A3":164,"B1":95,"B2":499,"B3":420,"B4":49,"B5":991,"B6":793,"B7":29,"B8":785,"B9":779}}

--- stderr ---
SingleTrialExperiment starting: ontology=/workspaces/ontologyutils-ekaw26/repair-power-index-replication-ekaw26/ontologies/inconsistent/SENSO.owl, seed=710014, run_id=20260624134028346645
Loaded ontology.
Normalizing ontology with SROIQ normalization...
Normalized ontology with SROIQ normalization.
Ontology is already inconsistent, skipping make-inconsistent step.
Repairing with A1 (random-removal)...
[2026-06-24 14:21:43.891] Checking precondition...
[2026-06-24 14:21:43.900] Starting the repair...
[2026-06-24 14:21:43.906] Found 13 possible bad axioms.
[2026-06-24 14:21:43.907] Selected the bad axiom SubClassOf(http://purl.dataone.org/odo/SENSO_00000003 http://purl.dataone.org/odo/SENSO_00000004).
[2026-06-24 14:21:43.912] Found 12 possible bad axioms.
[2026-06-24 14:21:43.912] Selected the bad axiom SubClassOf(http://purl.dataone.org/odo/SENSO_00000004 http://purl.dataone.org/odo/SENSO_00000002).
[2026-06-24 14:21:43.916] Found 11 possible bad axioms.
[2026-06-24 14:21:43.917] Selected the bad axiom SubClassOf(http://purl.dataone.org/odo/SENSO_00000001 http://purl.dataone.org/odo/SENSO_00000004).
[2026-06-24 14:21:43.920] Finished repairing the ontology.
Repairing with A2 (not-in-largest-mcs-removal)...
[2026-06-24 14:21:43.921] Checking precondition...
[2026-06-24 14:21:43.927] Starting the repair...
[2026-06-24 14:21:44.034] Found 4 possible bad axioms.
[2026-06-24 14:21:44.034] Selected the bad axiom SubClassOf(owl:Thing http://purl.dataone.org/odo/SENSO_00000001).
[2026-06-24 14:21:44.034] Finished repairing the ontology.
Repairing with A3 (default-weakening)...
[2026-06-24 14:21:44.036] Checking precondition...
[2026-06-24 14:21:44.038] Starting the repair...
[2026-06-24 14:21:44.048] Selected a reference ontology with 17 axioms.
[2026-06-24 14:21:44.186] Selected the bad axiom SubClassOf(http://purl.dataone.org/odo/SENSO_00000004 http://purl.dataone.org/odo/SENSO_00000003).
[2026-06-24 14:21:44.197] Selected the weaker axiom SubClassOf(http://purl.dataone.org/odo/SENSO_00000004 owl:Thing).
[2026-06-24 14:21:44.199] Finished repairing the ontology.
Repairing with B1 (bad-in_some_mus-weaker-random)...
[2026-06-24 14:21:44.199] Checking precondition...
[2026-06-24 14:21:44.201] Starting the repair...
[2026-06-24 14:21:44.205] Selected a reference ontology with 17 axioms.
[2026-06-24 14:21:44.289] Selected the bad axiom SubClassOf(http://purl.dataone.org/odo/SENSO_00000003 owl:Nothing).
[2026-06-24 14:21:44.293] Selected the weaker axiom SubClassOf(http://purl.dataone.org/odo/SENSO_00000003 http://purl.dataone.org/odo/SENSO_00000002).
[2026-06-24 14:21:44.294] Finished repairing the ontology.
Repairing with B2 (bad-in_some_mus-weaker-shapley)...
[2026-06-24 14:21:44.296] Checking precondition...
[2026-06-24 14:21:44.298] Starting the repair...
[2026-06-24 14:21:44.301] Selected a reference ontology with 17 axioms.
[2026-06-24 14:21:44.387] Selected the bad axiom SubClassOf(http://purl.dataone.org/odo/SENSO_00000003 owl:Nothing).
[PowerIndexW
...[truncated]
SUCCESS: attempt=51 seed=710014 success_count=40/100
progress: ontology=SENSO attempt=51 success=40/100
----- SENSO attempt=52 seed=724214 at 2026-06-24 14:21:48 -----
--- stdout ---
{"seed":724214,"run_id":"20260624134028346645","trial_status":"success","error_type":null,"failure_stage":null,"error_message":null,"iic_values":{"B1_vs_A1":0.125,"B1_vs_A2":0.125,"B1_vs_A3":0.2857142857142857,"B2_vs_A1":0.5,"B2_vs_A2":0.5,"B2_vs_A3":0.8,"B3_vs_A1":0.5,"B3_vs_A2":0.5,"B3_vs_A3":0.8,"B4_vs_A1":0.5,"B4_vs_A2":0.5,"B4_vs_A3":0.6666666666666666,"B5_vs_A1":0.5,"B5_vs_A2":0.5,"B5_vs_A3":0.6666666666666666,"B6_vs_A1":0.5,"B6_vs_A2":0.5,"B6_vs_A3":0.6666666666666666,"B7_vs_A1":0.5,"B7_vs_A2":0.5,"B7_vs_A3":0.6666666666666666,"B8_vs_A1":0.5,"B8_vs_A2":0.5,"B8_vs_A3":0.6666666666666666,"B9_vs_A1":0.5,"B9_vs_A2":0.5,"B9_vs_A3":0.6666666666666666},"repair_runtimes_ms":{"A1":26,"A2":122,"A3":163,"B1":98,"B2":969,"B3":324,"B4":41,"B5":928,"B6":847,"B7":48,"B8":758,"B9":509}}

--- stderr ---
SingleTrialExperiment starting: ontology=/workspaces/ontologyutils-ekaw26/repair-power-index-replication-ekaw26/ontologies/inconsistent/SENSO.owl, seed=724214, run_id=20260624134028346645
Loaded ontology.
Normalizing ontology with SROIQ normalization...
Normalized ontology with SROIQ normalization.
Ontology is already inconsistent, skipping make-inconsistent step.
Repairing with A1 (random-removal)...
[2026-06-24 14:21:49.071] Checking precondition...
[2026-06-24 14:21:49.080] Starting the repair...
[2026-06-24 14:21:49.085] Found 13 possible bad axioms.
[2026-06-24 14:21:49.086] Selected the bad axiom SubClassOf(owl:Thing http://purl.dataone.org/odo/SENSO_00000001).
[2026-06-24 14:21:49.093] Finished repairing the ontology.
Repairing with A2 (not-in-largest-mcs-removal)...
[2026-06-24 14:21:49.094] Checking precondition...
[2026-06-24 14:21:49.104] Starting the repair...
[2026-06-24 14:21:49.215] Found 4 possible bad axioms.
[2026-06-24 14:21:49.216] Selected the bad axiom SubClassOf(owl:Thing http://purl.dataone.org/odo/SENSO_00000001).
[2026-06-24 14:21:49.216] Finished repairing the ontology.
Repairing with A3 (default-weakening)...
[2026-06-24 14:21:49.218] Checking precondition...
[2026-06-24 14:21:49.220] Starting the repair...
[2026-06-24 14:21:49.229] Selected a reference ontology with 17 axioms.
[2026-06-24 14:21:49.364] Selected the bad axiom SubClassOf(http://purl.dataone.org/odo/SENSO_00000004 http://purl.dataone.org/odo/SENSO_00000003).
[2026-06-24 14:21:49.378] Selected the weaker axiom SubClassOf(owl:Nothing http://purl.dataone.org/odo/SENSO_00000003).
[2026-06-24 14:21:49.379] Finished repairing the ontology.
Repairing with B1 (bad-in_some_mus-weaker-random)...
[2026-06-24 14:21:49.380] Checking precondition...
[2026-06-24 14:21:49.382] Starting the repair...
[2026-06-24 14:21:49.386] Selected a reference ontology with 17 axioms.
[2026-06-24 14:21:49.474] Selected the bad axiom SubClassOf(http://purl.dataone.org/odo/SENSO_00000001 http://purl.dataone.org/odo/SENSO_00000004).
[2026-06-24 14:21:49.477] Selected the weaker axiom SubClassOf(http://purl.dataone.org/odo/SENSO_00000001 owl:Thing).
[2026-06-24 14:21:49.478] Finished repairing the ontology.
Repairing with B2 (bad-in_some_mus-weaker-shapley)...
[2026-06-24 14:21:49.480] Checking precondition...
[2026-06-24 14:21:49.481] Starting the repair...
[2026-06-24 14:21:49.483] Selected a reference ontology with 17 axioms.
[2026-06-24 14:21:49.556] Selected the bad axiom SubClassOf(http://purl.dataone.org/odo/SENSO_00000004 http://purl.dataone.org/odo/SENSO_00000003).
[PowerIndexWeakerAxiomSelector] Scoring 16 candidate weakenings for SENSO_00000004 ⊑ SENSO_00000003
[PowerIndexWeakerAxiomSelector] Selected weaker axiom: SENSO_00000002 ⊑ SENSO_00000003
[2026-06-24 14:21:50.064] Selected the weaker axiom SubClassOf(http://purl.dataone.org/odo/SENSO_00000002 http://purl.dataone.org/odo/SENSO_00000003).
[2026-06-24 14:21:50.123] Selected the bad axiom SubClassOf(http://purl.dataone.org/
...[truncated]
SUCCESS: attempt=52 seed=724214 success_count=41/100
progress: ontology=SENSO attempt=52 success=41/100
----- SENSO attempt=53 seed=738414 at 2026-06-24 14:21:54 -----
--- stdout ---
{"seed":738414,"run_id":"20260624134028346645","trial_status":"success","error_type":null,"failure_stage":null,"error_message":null,"iic_values":{"B1_vs_A1":0.7,"B1_vs_A2":0.5,"B1_vs_A3":0.5,"B2_vs_A1":0.5,"B2_vs_A2":0.25,"B2_vs_A3":0.25,"B3_vs_A1":0.3333333333333333,"B3_vs_A2":0.2,"B3_vs_A3":0.2,"B4_vs_A1":1.0,"B4_vs_A2":0.5,"B4_vs_A3":0.5,"B5_vs_A1":1.0,"B5_vs_A2":0.5,"B5_vs_A3":0.5,"B6_vs_A1":1.0,"B6_vs_A2":0.5,"B6_vs_A3":0.5,"B7_vs_A1":1.0,"B7_vs_A2":0.5,"B7_vs_A3":0.5,"B8_vs_A1":1.0,"B8_vs_A2":0.5,"B8_vs_A3":0.5,"B9_vs_A1":1.0,"B9_vs_A2":0.5,"B9_vs_A3":0.5},"repair_runtimes_ms":{"A1":38,"A2":112,"A3":430,"B1":59,"B2":995,"B3":312,"B4":38,"B5":850,"B6":751,"B7":66,"B8":527,"B9":506}}

--- stderr ---
SingleTrialExperiment starting: ontology=/workspaces/ontologyutils-ekaw26/repair-power-index-replication-ekaw26/ontologies/inconsistent/SENSO.owl, seed=738414, run_id=20260624134028346645
Loaded ontology.
Normalizing ontology with SROIQ normalization...
Normalized ontology with SROIQ normalization.
Ontology is already inconsistent, skipping make-inconsistent step.
Repairing with A1 (random-removal)...
[2026-06-24 14:21:54.326] Checking precondition...
[2026-06-24 14:21:54.335] Starting the repair...
[2026-06-24 14:21:54.340] Found 13 possible bad axioms.
[2026-06-24 14:21:54.342] Selected the bad axiom SubClassOf(http://purl.dataone.org/odo/SENSO_00000002 http://purl.dataone.org/odo/SENSO_00000001).
[2026-06-24 14:21:54.346] Found 12 possible bad axioms.
[2026-06-24 14:21:54.346] Selected the bad axiom SubClassOf(http://purl.dataone.org/odo/SENSO_00000004 http://purl.dataone.org/odo/SENSO_00000001).
[2026-06-24 14:21:54.350] Found 11 possible bad axioms.
[2026-06-24 14:21:54.350] Selected the bad axiom SubClassOf(http://purl.dataone.org/odo/SENSO_00000003 http://purl.dataone.org/odo/SENSO_00000001).
[2026-06-24 14:21:54.354] Found 10 possible bad axioms.
[2026-06-24 14:21:54.354] Selected the bad axiom SubClassOf(owl:Thing ObjectAllValuesFrom(http://purl.dataone.org/odo/SENSO_00000005 owl:Nothing)).
[2026-06-24 14:21:54.356] Found 9 possible bad axioms.
[2026-06-24 14:21:54.357] Selected the bad axiom SubClassOf(owl:Thing http://purl.dataone.org/odo/SENSO_00000001).
[2026-06-24 14:21:54.359] Finished repairing the ontology.
Repairing with A2 (not-in-largest-mcs-removal)...
[2026-06-24 14:21:54.360] Checking precondition...
[2026-06-24 14:21:54.365] Starting the repair...
[2026-06-24 14:21:54.470] Found 4 possible bad axioms.
[2026-06-24 14:21:54.470] Selected the bad axiom SubClassOf(http://purl.dataone.org/odo/SENSO_00000003 owl:Nothing).
[2026-06-24 14:21:54.472] Finished repairing the ontology.
Repairing with A3 (default-weakening)...
[2026-06-24 14:21:54.473] Checking precondition...
[2026-06-24 14:21:54.475] Starting the repair...
[2026-06-24 14:21:54.485] Selected a reference ontology with 17 axioms.
[2026-06-24 14:21:54.630] Selected the bad axiom SubClassOf(owl:Thing http://purl.dataone.org/odo/SENSO_00000001).
[2026-06-24 14:21:54.643] Selected the weaker axiom SubClassOf(ObjectAllValuesFrom(http://purl.dataone.org/odo/SENSO_00000005 http://purl.dataone.org/odo/SENSO_00000004) http://purl.dataone.org/odo/SENSO_00000001).
[2026-06-24 14:21:54.768] Selected the bad axiom SubClassOf(ObjectAllValuesFrom(http://purl.dataone.org/odo/SENSO_00000005 http://purl.dataone.org/odo/SENSO_00000004) http://purl.dataone.org/odo/SENSO_00000001).
[2026-06-24 14:21:54.769] Selected the weaker axiom SubClassOf(ObjectAllValuesFrom(http://purl.dataone.org/odo/SENSO_00000005 http://purl.dataone.org/odo/SENSO_00000001) http://purl.dataone.org/odo/SENSO_00000001).
[2026-06-24 14:21:54.844] Selected the bad axiom SubClassOf(ObjectAllValuesFrom(http://purl.dataone
...[truncated]
SUCCESS: attempt=53 seed=738414 success_count=42/100
progress: ontology=SENSO attempt=53 success=42/100
----- SENSO attempt=54 seed=752614 at 2026-06-24 14:21:59 -----
--- stdout ---
{"seed":752614,"run_id":"20260624134028346645","trial_status":"success","error_type":null,"failure_stage":null,"error_message":null,"iic_values":{"B1_vs_A1":0.8,"B1_vs_A2":0.8,"B1_vs_A3":0.5,"B2_vs_A1":0.8,"B2_vs_A2":0.8,"B2_vs_A3":0.5,"B3_vs_A1":0.7142857142857143,"B3_vs_A2":0.5,"B3_vs_A3":0.2,"B4_vs_A1":0.875,"B4_vs_A2":0.6666666666666666,"B4_vs_A3":0.5,"B5_vs_A1":0.875,"B5_vs_A2":0.6666666666666666,"B5_vs_A3":0.5,"B6_vs_A1":0.875,"B6_vs_A2":0.6666666666666666,"B6_vs_A3":0.5,"B7_vs_A1":0.875,"B7_vs_A2":0.6666666666666666,"B7_vs_A3":0.5,"B8_vs_A1":0.875,"B8_vs_A2":0.6666666666666666,"B8_vs_A3":0.5,"B9_vs_A1":0.875,"B9_vs_A2":0.6666666666666666,"B9_vs_A3":0.5},"repair_runtimes_ms":{"A1":23,"A2":119,"A3":157,"B1":106,"B2":465,"B3":870,"B4":40,"B5":910,"B6":769,"B7":48,"B8":718,"B9":900}}

--- stderr ---
SingleTrialExperiment starting: ontology=/workspaces/ontologyutils-ekaw26/repair-power-index-replication-ekaw26/ontologies/inconsistent/SENSO.owl, seed=752614, run_id=20260624134028346645
Loaded ontology.
Normalizing ontology with SROIQ normalization...
Normalized ontology with SROIQ normalization.
Ontology is already inconsistent, skipping make-inconsistent step.
Repairing with A1 (random-removal)...
[2026-06-24 14:21:59.428] Checking precondition...
[2026-06-24 14:21:59.436] Starting the repair...
[2026-06-24 14:21:59.441] Found 13 possible bad axioms.
[2026-06-24 14:21:59.443] Selected the bad axiom SubClassOf(http://purl.dataone.org/odo/SENSO_00000001 http://purl.dataone.org/odo/SENSO_00000004).
[2026-06-24 14:21:59.447] Finished repairing the ontology.
Repairing with A2 (not-in-largest-mcs-removal)...
[2026-06-24 14:21:59.447] Checking precondition...
[2026-06-24 14:21:59.455] Starting the repair...
[2026-06-24 14:21:59.564] Found 4 possible bad axioms.
[2026-06-24 14:21:59.565] Selected the bad axiom SubClassOf(http://purl.dataone.org/odo/SENSO_00000004 http://purl.dataone.org/odo/SENSO_00000003).
[2026-06-24 14:21:59.566] Finished repairing the ontology.
Repairing with A3 (default-weakening)...
[2026-06-24 14:21:59.567] Checking precondition...
[2026-06-24 14:21:59.570] Starting the repair...
[2026-06-24 14:21:59.578] Selected a reference ontology with 17 axioms.
[2026-06-24 14:21:59.709] Selected the bad axiom SubClassOf(http://purl.dataone.org/odo/SENSO_00000003 owl:Nothing).
[2026-06-24 14:21:59.722] Selected the weaker axiom SubClassOf(http://purl.dataone.org/odo/SENSO_00000003 owl:Thing).
[2026-06-24 14:21:59.724] Finished repairing the ontology.
Repairing with B1 (bad-in_some_mus-weaker-random)...
[2026-06-24 14:21:59.724] Checking precondition...
[2026-06-24 14:21:59.726] Starting the repair...
[2026-06-24 14:21:59.730] Selected a reference ontology with 17 axioms.
[2026-06-24 14:21:59.826] Selected the bad axiom SubClassOf(http://purl.dataone.org/odo/SENSO_00000003 owl:Nothing).
[2026-06-24 14:21:59.829] Selected the weaker axiom SubClassOf(http://purl.dataone.org/odo/SENSO_00000003 owl:Thing).
[2026-06-24 14:21:59.830] Finished repairing the ontology.
Repairing with B2 (bad-in_some_mus-weaker-shapley)...
[2026-06-24 14:21:59.832] Checking precondition...
[2026-06-24 14:21:59.833] Starting the repair...
[2026-06-24 14:21:59.838] Selected a reference ontology with 17 axioms.
[2026-06-24 14:21:59.920] Selected the bad axiom SubClassOf(http://purl.dataone.org/odo/SENSO_00000003 owl:Nothing).
[PowerIndexWeakerAxiomSelector] Scoring 9 candidate weakenings for SENSO_00000003 ⊑ ⊥
[PowerIndexWeakerAxiomSelector] Selected weaker axiom: SENSO_00000003 ⊑ SENSO_00000001
[2026-06-24 14:22:00.292] Selected the weaker axiom SubClassOf(http://purl.dataone.org/odo/SENSO_00000003 http://purl.dataone.org/odo/SENSO_00000001).
[2026-06-24 14:22:00.296] Finished repairing the ontology.
Repairing with B3 (bad-in_some_mus-weaker-banzhaf)...
[2026-06-24 14
...[truncated]
SUCCESS: attempt=54 seed=752614 success_count=43/100
progress: ontology=SENSO attempt=54 success=43/100
----- SENSO attempt=55 seed=766814 at 2026-06-24 14:22:05 -----
--- stdout ---
{"seed":766814,"run_id":"20260624134028346645","trial_status":"time_limit_exceeded","error_type":"timeout","failure_stage":"B4","error_message":"Repair timeout: B4 exceeded 300 seconds","iic_values":{},"repair_runtimes_ms":{"A1":23,"A2":123,"A3":167,"B1":97,"B2":468,"B3":451,"B4":300002}}

--- stderr ---
SingleTrialExperiment starting: ontology=/workspaces/ontologyutils-ekaw26/repair-power-index-replication-ekaw26/ontologies/inconsistent/SENSO.owl, seed=766814, run_id=20260624134028346645
Loaded ontology.
Normalizing ontology with SROIQ normalization...
Normalized ontology with SROIQ normalization.
Ontology is already inconsistent, skipping make-inconsistent step.
Repairing with A1 (random-removal)...
[2026-06-24 14:22:05.397] Checking precondition...
[2026-06-24 14:22:05.406] Starting the repair...
[2026-06-24 14:22:05.411] Found 13 possible bad axioms.
[2026-06-24 14:22:05.413] Selected the bad axiom SubClassOf(http://purl.dataone.org/odo/SENSO_00000003 owl:Nothing).
[2026-06-24 14:22:05.416] Finished repairing the ontology.
Repairing with A2 (not-in-largest-mcs-removal)...
[2026-06-24 14:22:05.417] Checking precondition...
[2026-06-24 14:22:05.425] Starting the repair...
[2026-06-24 14:22:05.538] Found 4 possible bad axioms.
[2026-06-24 14:22:05.538] Selected the bad axiom SubClassOf(http://purl.dataone.org/odo/SENSO_00000001 http://purl.dataone.org/odo/SENSO_00000004).
[2026-06-24 14:22:05.540] Finished repairing the ontology.
Repairing with A3 (default-weakening)...
[2026-06-24 14:22:05.541] Checking precondition...
[2026-06-24 14:22:05.543] Starting the repair...
[2026-06-24 14:22:05.553] Selected a reference ontology with 17 axioms.
[2026-06-24 14:22:05.696] Selected the bad axiom SubClassOf(owl:Thing http://purl.dataone.org/odo/SENSO_00000001).
[2026-06-24 14:22:05.705] Selected the weaker axiom SubClassOf(http://purl.dataone.org/odo/SENSO_00000004 http://purl.dataone.org/odo/SENSO_00000001).
[2026-06-24 14:22:05.707] Finished repairing the ontology.
Repairing with B1 (bad-in_some_mus-weaker-random)...
[2026-06-24 14:22:05.708] Checking precondition...
[2026-06-24 14:22:05.709] Starting the repair...
[2026-06-24 14:22:05.714] Selected a reference ontology with 17 axioms.
[2026-06-24 14:22:05.798] Selected the bad axiom SubClassOf(http://purl.dataone.org/odo/SENSO_00000003 owl:Nothing).
[2026-06-24 14:22:05.804] Selected the weaker axiom SubClassOf(http://purl.dataone.org/odo/SENSO_00000003 http://purl.dataone.org/odo/SENSO_00000002).
[2026-06-24 14:22:05.805] Finished repairing the ontology.
Repairing with B2 (bad-in_some_mus-weaker-shapley)...
[2026-06-24 14:22:05.807] Checking precondition...
[2026-06-24 14:22:05.809] Starting the repair...
[2026-06-24 14:22:05.812] Selected a reference ontology with 17 axioms.
[2026-06-24 14:22:05.893] Selected the bad axiom SubClassOf(http://purl.dataone.org/odo/SENSO_00000003 owl:Nothing).
[PowerIndexWeakerAxiomSelector] Scoring 9 candidate weakenings for SENSO_00000003 ⊑ ⊥
[PowerIndexWeakerAxiomSelector] Selected weaker axiom: SENSO_00000003 ⊑ SENSO_00000001
[2026-06-24 14:22:06.270] Selected the weaker axiom SubClassOf(http://purl.dataone.org/odo/SENSO_00000003 http://purl.dataone.org/odo/SENSO_00000001).
[2026-06-24 14:22:06.273] Finished repairing the ontology.
Repairing with B3 (bad-in_some_mus-
...[truncated]
FAIL: attempt=55 seed=766814 status=time_limit_exceeded stage=B4 message=Repair timeout: B4 exceeded 300 seconds
progress: ontology=SENSO attempt=55 success=43/100
----- SENSO attempt=56 seed=781014 at 2026-06-24 14:27:06 -----
--- stdout ---
{"seed":781014,"run_id":"20260624134028346645","trial_status":"success","error_type":null,"failure_stage":null,"error_message":null,"iic_values":{"B1_vs_A1":0.4,"B1_vs_A2":0.25,"B1_vs_A3":0.25,"B2_vs_A1":0.8,"B2_vs_A2":0.5,"B2_vs_A3":0.5,"B3_vs_A1":0.6666666666666666,"B3_vs_A2":0.5,"B3_vs_A3":0.5,"B4_vs_A1":0.6666666666666666,"B4_vs_A2":0.5,"B4_vs_A3":0.5,"B5_vs_A1":0.6666666666666666,"B5_vs_A2":0.5,"B5_vs_A3":0.5,"B6_vs_A1":0.6666666666666666,"B6_vs_A2":0.5,"B6_vs_A3":0.5,"B7_vs_A1":0.6666666666666666,"B7_vs_A2":0.5,"B7_vs_A3":0.5,"B8_vs_A1":0.6666666666666666,"B8_vs_A2":0.5,"B8_vs_A3":0.5,"B9_vs_A1":0.6666666666666666,"B9_vs_A2":0.5,"B9_vs_A3":0.5},"repair_runtimes_ms":{"A1":29,"A2":115,"A3":171,"B1":154,"B2":447,"B3":293,"B4":57,"B5":1108,"B6":499,"B7":26,"B8":766,"B9":749}}

--- stderr ---
SingleTrialExperiment starting: ontology=/workspaces/ontologyutils-ekaw26/repair-power-index-replication-ekaw26/ontologies/inconsistent/SENSO.owl, seed=781014, run_id=20260624134028346645
Loaded ontology.
Normalizing ontology with SROIQ normalization...
Normalized ontology with SROIQ normalization.
Ontology is already inconsistent, skipping make-inconsistent step.
Repairing with A1 (random-removal)...
[2026-06-24 14:27:07.285] Checking precondition...
[2026-06-24 14:27:07.293] Starting the repair...
[2026-06-24 14:27:07.298] Found 13 possible bad axioms.
[2026-06-24 14:27:07.300] Selected the bad axiom SubClassOf(owl:Thing ObjectAllValuesFrom(http://purl.dataone.org/odo/SENSO_00000005 http://purl.dataone.org/odo/SENSO_00000001)).
[2026-06-24 14:27:07.305] Found 12 possible bad axioms.
[2026-06-24 14:27:07.305] Selected the bad axiom SubClassOf(http://purl.dataone.org/odo/SENSO_00000004 http://purl.dataone.org/odo/SENSO_00000003).
[2026-06-24 14:27:07.310] Finished repairing the ontology.
Repairing with A2 (not-in-largest-mcs-removal)...
[2026-06-24 14:27:07.310] Checking precondition...
[2026-06-24 14:27:07.317] Starting the repair...
[2026-06-24 14:27:07.425] Found 4 possible bad axioms.
[2026-06-24 14:27:07.426] Selected the bad axiom SubClassOf(owl:Thing http://purl.dataone.org/odo/SENSO_00000001).
[2026-06-24 14:27:07.426] Finished repairing the ontology.
Repairing with A3 (default-weakening)...
[2026-06-24 14:27:07.427] Checking precondition...
[2026-06-24 14:27:07.430] Starting the repair...
[2026-06-24 14:27:07.441] Selected a reference ontology with 17 axioms.
[2026-06-24 14:27:07.580] Selected the bad axiom SubClassOf(http://purl.dataone.org/odo/SENSO_00000003 owl:Nothing).
[2026-06-24 14:27:07.593] Selected the weaker axiom SubClassOf(http://purl.dataone.org/odo/SENSO_00000003 ObjectAllValuesFrom(http://purl.dataone.org/odo/SENSO_00000005 owl:Nothing)).
[2026-06-24 14:27:07.597] Finished repairing the ontology.
Repairing with B1 (bad-in_some_mus-weaker-random)...
[2026-06-24 14:27:07.598] Checking precondition...
[2026-06-24 14:27:07.599] Starting the repair...
[2026-06-24 14:27:07.602] Selected a reference ontology with 17 axioms.
[2026-06-24 14:27:07.690] Selected the bad axiom SubClassOf(http://purl.dataone.org/odo/SENSO_00000001 http://purl.dataone.org/odo/SENSO_00000004).
[2026-06-24 14:27:07.693] Selected the weaker axiom SubClassOf(http://purl.dataone.org/odo/SENSO_00000001 owl:Nothing).
[2026-06-24 14:27:07.742] Selected the bad axiom SubClassOf(http://purl.dataone.org/odo/SENSO_00000001 owl:Nothing).
[2026-06-24 14:27:07.742] Selected the weaker axiom SubClassOf(http://purl.dataone.org/odo/SENSO_00000001 http://purl.dataone.org/odo/SENSO_00000002).
[2026-06-24 14:27:07.751] Finished repairing the ontology.
Repairing with B2 (bad-in_some_mus-weaker-shapley)...
[2026-06-24 14:27:07.753] Checking precondition...
[2026-06-24 14:27:07.755] Starting the repair...
[2026-06-24 14:27:07.758] Selected a reference ontology with 17 axioms.
...[truncated]
SUCCESS: attempt=56 seed=781014 success_count=44/100
progress: ontology=SENSO attempt=56 success=44/100
----- SENSO attempt=57 seed=795214 at 2026-06-24 14:27:11 -----
--- stdout ---
{"seed":795214,"run_id":"20260624134028346645","trial_status":"success","error_type":null,"failure_stage":null,"error_message":null,"iic_values":{"B1_vs_A1":0.5,"B1_vs_A2":0.5,"B1_vs_A3":0.5,"B2_vs_A1":0.3333333333333333,"B2_vs_A2":0.3333333333333333,"B2_vs_A3":0.2,"B3_vs_A1":0.3333333333333333,"B3_vs_A2":0.3333333333333333,"B3_vs_A3":0.2,"B4_vs_A1":0.5,"B4_vs_A2":0.5,"B4_vs_A3":0.5,"B5_vs_A1":0.5,"B5_vs_A2":0.5,"B5_vs_A3":0.5,"B6_vs_A1":0.5,"B6_vs_A2":0.5,"B6_vs_A3":0.5,"B7_vs_A1":0.5,"B7_vs_A2":0.5,"B7_vs_A3":0.5,"B8_vs_A1":0.5,"B8_vs_A2":0.5,"B8_vs_A3":0.5,"B9_vs_A1":0.5,"B9_vs_A2":0.5,"B9_vs_A3":0.5},"repair_runtimes_ms":{"A1":25,"A2":122,"A3":250,"B1":136,"B2":1100,"B3":148,"B4":72,"B5":957,"B6":738,"B7":26,"B8":788,"B9":495}}

--- stderr ---
SingleTrialExperiment starting: ontology=/workspaces/ontologyutils-ekaw26/repair-power-index-replication-ekaw26/ontologies/inconsistent/SENSO.owl, seed=795214, run_id=20260624134028346645
Loaded ontology.
Normalizing ontology with SROIQ normalization...
Normalized ontology with SROIQ normalization.
Ontology is already inconsistent, skipping make-inconsistent step.
Repairing with A1 (random-removal)...
[2026-06-24 14:27:12.119] Checking precondition...
[2026-06-24 14:27:12.128] Starting the repair...
[2026-06-24 14:27:12.135] Found 13 possible bad axioms.
[2026-06-24 14:27:12.136] Selected the bad axiom SubClassOf(owl:Thing http://purl.dataone.org/odo/SENSO_00000001).
[2026-06-24 14:27:12.140] Finished repairing the ontology.
Repairing with A2 (not-in-largest-mcs-removal)...
[2026-06-24 14:27:12.141] Checking precondition...
[2026-06-24 14:27:12.148] Starting the repair...
[2026-06-24 14:27:12.262] Found 4 possible bad axioms.
[2026-06-24 14:27:12.262] Selected the bad axiom SubClassOf(owl:Thing http://purl.dataone.org/odo/SENSO_00000001).
[2026-06-24 14:27:12.262] Finished repairing the ontology.
Repairing with A3 (default-weakening)...
[2026-06-24 14:27:12.264] Checking precondition...
[2026-06-24 14:27:12.266] Starting the repair...
[2026-06-24 14:27:12.274] Selected a reference ontology with 17 axioms.
[2026-06-24 14:27:12.410] Selected the bad axiom SubClassOf(http://purl.dataone.org/odo/SENSO_00000003 owl:Nothing).
[2026-06-24 14:27:12.421] Selected the weaker axiom SubClassOf(http://purl.dataone.org/odo/SENSO_00000004 owl:Nothing).
[2026-06-24 14:27:12.509] Selected the bad axiom SubClassOf(http://purl.dataone.org/odo/SENSO_00000004 owl:Nothing).
[2026-06-24 14:27:12.510] Selected the weaker axiom SubClassOf(owl:Nothing owl:Nothing).
[2026-06-24 14:27:12.512] Finished repairing the ontology.
Repairing with B1 (bad-in_some_mus-weaker-random)...
[2026-06-24 14:27:12.513] Checking precondition...
[2026-06-24 14:27:12.515] Starting the repair...
[2026-06-24 14:27:12.519] Selected a reference ontology with 17 axioms.
[2026-06-24 14:27:12.597] Selected the bad axiom SubClassOf(http://purl.dataone.org/odo/SENSO_00000003 owl:Nothing).
[2026-06-24 14:27:12.600] Selected the weaker axiom SubClassOf(http://purl.dataone.org/odo/SENSO_00000001 owl:Nothing).
[2026-06-24 14:27:12.648] Selected the bad axiom SubClassOf(owl:Thing http://purl.dataone.org/odo/SENSO_00000001).
[2026-06-24 14:27:12.648] Selected the weaker axiom SubClassOf(http://purl.dataone.org/odo/SENSO_00000002 http://purl.dataone.org/odo/SENSO_00000001).
[2026-06-24 14:27:12.649] Finished repairing the ontology.
Repairing with B2 (bad-in_some_mus-weaker-shapley)...
[2026-06-24 14:27:12.651] Checking precondition...
[2026-06-24 14:27:12.653] Starting the repair...
[2026-06-24 14:27:12.656] Selected a reference ontology with 17 axioms.
[2026-06-24 14:27:12.707] Selected the bad axiom SubClassOf(http://purl.dataone.org/odo/SENSO_00000004 http://purl.dataone.org/odo/SENSO_00000003).
[PowerInde
...[truncated]
SUCCESS: attempt=57 seed=795214 success_count=45/100
progress: ontology=SENSO attempt=57 success=45/100
----- SENSO attempt=58 seed=809414 at 2026-06-24 14:27:17 -----
--- stdout ---
{"seed":809414,"run_id":"20260624134028346645","trial_status":"success","error_type":null,"failure_stage":null,"error_message":null,"iic_values":{"B1_vs_A1":0.4,"B1_vs_A2":0.25,"B1_vs_A3":0.25,"B2_vs_A1":0.6666666666666666,"B2_vs_A2":0.5,"B2_vs_A3":0.5,"B3_vs_A1":0.8,"B3_vs_A2":0.5,"B3_vs_A3":0.5,"B4_vs_A1":0.6666666666666666,"B4_vs_A2":0.5,"B4_vs_A3":0.5,"B5_vs_A1":0.6666666666666666,"B5_vs_A2":0.5,"B5_vs_A3":0.5,"B6_vs_A1":0.6666666666666666,"B6_vs_A2":0.5,"B6_vs_A3":0.5,"B7_vs_A1":0.6666666666666666,"B7_vs_A2":0.5,"B7_vs_A3":0.5,"B8_vs_A1":0.6666666666666666,"B8_vs_A2":0.5,"B8_vs_A3":0.5,"B9_vs_A1":0.6666666666666666,"B9_vs_A2":0.5,"B9_vs_A3":0.5},"repair_runtimes_ms":{"A1":30,"A2":114,"A3":164,"B1":156,"B2":414,"B3":822,"B4":42,"B5":650,"B6":534,"B7":22,"B8":753,"B9":790}}

--- stderr ---
SingleTrialExperiment starting: ontology=/workspaces/ontologyutils-ekaw26/repair-power-index-replication-ekaw26/ontologies/inconsistent/SENSO.owl, seed=809414, run_id=20260624134028346645
Loaded ontology.
Normalizing ontology with SROIQ normalization...
Normalized ontology with SROIQ normalization.
Ontology is already inconsistent, skipping make-inconsistent step.
Repairing with A1 (random-removal)...
[2026-06-24 14:27:17.390] Checking precondition...
[2026-06-24 14:27:17.399] Starting the repair...
[2026-06-24 14:27:17.406] Found 13 possible bad axioms.
[2026-06-24 14:27:17.408] Selected the bad axiom SubClassOf(http://purl.dataone.org/odo/SENSO_00000003 http://purl.dataone.org/odo/SENSO_00000002).
[2026-06-24 14:27:17.413] Found 12 possible bad axioms.
[2026-06-24 14:27:17.413] Selected the bad axiom SubClassOf(http://purl.dataone.org/odo/SENSO_00000004 http://purl.dataone.org/odo/SENSO_00000003).
[2026-06-24 14:27:17.416] Finished repairing the ontology.
Repairing with A2 (not-in-largest-mcs-removal)...
[2026-06-24 14:27:17.417] Checking precondition...
[2026-06-24 14:27:17.424] Starting the repair...
[2026-06-24 14:27:17.531] Found 4 possible bad axioms.
[2026-06-24 14:27:17.531] Selected the bad axiom SubClassOf(owl:Thing http://purl.dataone.org/odo/SENSO_00000001).
[2026-06-24 14:27:17.531] Finished repairing the ontology.
Repairing with A3 (default-weakening)...
[2026-06-24 14:27:17.532] Checking precondition...
[2026-06-24 14:27:17.535] Starting the repair...
[2026-06-24 14:27:17.543] Selected a reference ontology with 17 axioms.
[2026-06-24 14:27:17.681] Selected the bad axiom SubClassOf(http://purl.dataone.org/odo/SENSO_00000003 owl:Nothing).
[2026-06-24 14:27:17.694] Selected the weaker axiom SubClassOf(http://purl.dataone.org/odo/SENSO_00000003 ObjectAllValuesFrom(http://purl.dataone.org/odo/SENSO_00000005 http://purl.dataone.org/odo/SENSO_00000001)).
[2026-06-24 14:27:17.696] Finished repairing the ontology.
Repairing with B1 (bad-in_some_mus-weaker-random)...
[2026-06-24 14:27:17.696] Checking precondition...
[2026-06-24 14:27:17.698] Starting the repair...
[2026-06-24 14:27:17.701] Selected a reference ontology with 17 axioms.
[2026-06-24 14:27:17.776] Selected the bad axiom SubClassOf(http://purl.dataone.org/odo/SENSO_00000001 http://purl.dataone.org/odo/SENSO_00000004).
[2026-06-24 14:27:17.778] Selected the weaker axiom SubClassOf(http://purl.dataone.org/odo/SENSO_00000001 owl:Nothing).
[2026-06-24 14:27:17.850] Selected the bad axiom SubClassOf(http://purl.dataone.org/odo/SENSO_00000001 owl:Nothing).
[2026-06-24 14:27:17.851] Selected the weaker axiom SubClassOf(http://purl.dataone.org/odo/SENSO_00000001 http://purl.dataone.org/odo/SENSO_00000002).
[2026-06-24 14:27:17.852] Finished repairing the ontology.
Repairing with B2 (bad-in_some_mus-weaker-shapley)...
[2026-06-24 14:27:17.854] Checking precondition...
[2026-06-24 14:27:17.855] Starting the repair...
[2026-06-24 14:27:17.857] Selected a reference ontology with 17 axioms.
...[truncated]
SUCCESS: attempt=58 seed=809414 success_count=46/100
progress: ontology=SENSO attempt=58 success=46/100
----- SENSO attempt=59 seed=823614 at 2026-06-24 14:27:21 -----
--- stdout ---
{"seed":823614,"run_id":"20260624134028346645","trial_status":"success","error_type":null,"failure_stage":null,"error_message":null,"iic_values":{"B1_vs_A1":0.8,"B1_vs_A2":0.5,"B1_vs_A3":0.5,"B2_vs_A1":0.8,"B2_vs_A2":0.5,"B2_vs_A3":0.5,"B3_vs_A1":0.8,"B3_vs_A2":0.5,"B3_vs_A3":0.5,"B4_vs_A1":0.875,"B4_vs_A2":0.5,"B4_vs_A3":0.5,"B5_vs_A1":0.875,"B5_vs_A2":0.5,"B5_vs_A3":0.5,"B6_vs_A1":0.875,"B6_vs_A2":0.5,"B6_vs_A3":0.5,"B7_vs_A1":0.875,"B7_vs_A2":0.5,"B7_vs_A3":0.5,"B8_vs_A1":0.875,"B8_vs_A2":0.5,"B8_vs_A3":0.5,"B9_vs_A1":0.875,"B9_vs_A2":0.5,"B9_vs_A3":0.5},"repair_runtimes_ms":{"A1":28,"A2":122,"A3":162,"B1":102,"B2":436,"B3":166,"B4":79,"B5":1304,"B6":787,"B7":24,"B8":766,"B9":864}}

--- stderr ---
SingleTrialExperiment starting: ontology=/workspaces/ontologyutils-ekaw26/repair-power-index-replication-ekaw26/ontologies/inconsistent/SENSO.owl, seed=823614, run_id=20260624134028346645
Loaded ontology.
Normalizing ontology with SROIQ normalization...
Normalized ontology with SROIQ normalization.
Ontology is already inconsistent, skipping make-inconsistent step.
Repairing with A1 (random-removal)...
[2026-06-24 14:27:22.299] Checking precondition...
[2026-06-24 14:27:22.308] Starting the repair...
[2026-06-24 14:27:22.314] Found 13 possible bad axioms.
[2026-06-24 14:27:22.315] Selected the bad axiom SubClassOf(http://purl.dataone.org/odo/SENSO_00000004 http://purl.dataone.org/odo/SENSO_00000001).
[2026-06-24 14:27:22.319] Found 12 possible bad axioms.
[2026-06-24 14:27:22.319] Selected the bad axiom SubClassOf(http://purl.dataone.org/odo/SENSO_00000001 http://purl.dataone.org/odo/SENSO_00000004).
[2026-06-24 14:27:22.323] Finished repairing the ontology.
Repairing with A2 (not-in-largest-mcs-removal)...
[2026-06-24 14:27:22.323] Checking precondition...
[2026-06-24 14:27:22.331] Starting the repair...
[2026-06-24 14:27:22.444] Found 4 possible bad axioms.
[2026-06-24 14:27:22.444] Selected the bad axiom SubClassOf(http://purl.dataone.org/odo/SENSO_00000003 owl:Nothing).
[2026-06-24 14:27:22.445] Finished repairing the ontology.
Repairing with A3 (default-weakening)...
[2026-06-24 14:27:22.447] Checking precondition...
[2026-06-24 14:27:22.450] Starting the repair...
[2026-06-24 14:27:22.462] Selected a reference ontology with 17 axioms.
[2026-06-24 14:27:22.596] Selected the bad axiom SubClassOf(http://purl.dataone.org/odo/SENSO_00000003 owl:Nothing).
[2026-06-24 14:27:22.607] Selected the weaker axiom SubClassOf(http://purl.dataone.org/odo/SENSO_00000003 owl:Thing).
[2026-06-24 14:27:22.608] Finished repairing the ontology.
Repairing with B1 (bad-in_some_mus-weaker-random)...
[2026-06-24 14:27:22.609] Checking precondition...
[2026-06-24 14:27:22.611] Starting the repair...
[2026-06-24 14:27:22.615] Selected a reference ontology with 17 axioms.
[2026-06-24 14:27:22.707] Selected the bad axiom SubClassOf(http://purl.dataone.org/odo/SENSO_00000003 owl:Nothing).
[2026-06-24 14:27:22.710] Selected the weaker axiom SubClassOf(http://purl.dataone.org/odo/SENSO_00000003 http://purl.dataone.org/odo/SENSO_00000001).
[2026-06-24 14:27:22.711] Finished repairing the ontology.
Repairing with B2 (bad-in_some_mus-weaker-shapley)...
[2026-06-24 14:27:22.712] Checking precondition...
[2026-06-24 14:27:22.714] Starting the repair...
[2026-06-24 14:27:22.716] Selected a reference ontology with 17 axioms.
[2026-06-24 14:27:22.787] Selected the bad axiom SubClassOf(http://purl.dataone.org/odo/SENSO_00000003 owl:Nothing).
[PowerIndexWeakerAxiomSelector] Scoring 9 candidate weakenings for SENSO_00000003 ⊑ ⊥
[PowerIndexWeakerAxiomSelector] Selected weaker axiom: SENSO_00000003 ⊑ SENSO_00000001
[2026-06-24 14:27:23.141] Selected the weaker axiom SubClassOf(http://pu
...[truncated]
SUCCESS: attempt=59 seed=823614 success_count=47/100
progress: ontology=SENSO attempt=59 success=47/100
----- SENSO attempt=60 seed=837814 at 2026-06-24 14:27:27 -----
--- stdout ---
{"seed":837814,"run_id":"20260624134028346645","trial_status":"time_limit_exceeded","error_type":"timeout","failure_stage":"B7","error_message":"Repair timeout: B7 exceeded 300 seconds","iic_values":{},"repair_runtimes_ms":{"A1":24,"A2":119,"A3":163,"B1":200,"B2":491,"B3":387,"B4":64,"B5":969,"B6":819,"B7":300001}}

--- stderr ---
SingleTrialExperiment starting: ontology=/workspaces/ontologyutils-ekaw26/repair-power-index-replication-ekaw26/ontologies/inconsistent/SENSO.owl, seed=837814, run_id=20260624134028346645
Loaded ontology.
Normalizing ontology with SROIQ normalization...
Normalized ontology with SROIQ normalization.
Ontology is already inconsistent, skipping make-inconsistent step.
Repairing with A1 (random-removal)...
[2026-06-24 14:27:27.548] Checking precondition...
[2026-06-24 14:27:27.557] Starting the repair...
[2026-06-24 14:27:27.563] Found 13 possible bad axioms.
[2026-06-24 14:27:27.564] Selected the bad axiom SubClassOf(http://purl.dataone.org/odo/SENSO_00000004 http://purl.dataone.org/odo/SENSO_00000003).
[2026-06-24 14:27:27.568] Finished repairing the ontology.
Repairing with A2 (not-in-largest-mcs-removal)...
[2026-06-24 14:27:27.569] Checking precondition...
[2026-06-24 14:27:27.576] Starting the repair...
[2026-06-24 14:27:27.686] Found 4 possible bad axioms.
[2026-06-24 14:27:27.686] Selected the bad axiom SubClassOf(http://purl.dataone.org/odo/SENSO_00000001 http://purl.dataone.org/odo/SENSO_00000004).
[2026-06-24 14:27:27.687] Finished repairing the ontology.
Repairing with A3 (default-weakening)...
[2026-06-24 14:27:27.689] Checking precondition...
[2026-06-24 14:27:27.692] Starting the repair...
[2026-06-24 14:27:27.701] Selected a reference ontology with 17 axioms.
[2026-06-24 14:27:27.837] Selected the bad axiom SubClassOf(http://purl.dataone.org/odo/SENSO_00000001 http://purl.dataone.org/odo/SENSO_00000004).
[2026-06-24 14:27:27.849] Selected the weaker axiom SubClassOf(http://purl.dataone.org/odo/SENSO_00000001 http://purl.dataone.org/odo/SENSO_00000002).
[2026-06-24 14:27:27.851] Finished repairing the ontology.
Repairing with B1 (bad-in_some_mus-weaker-random)...
[2026-06-24 14:27:27.852] Checking precondition...
[2026-06-24 14:27:27.854] Starting the repair...
[2026-06-24 14:27:27.858] Selected a reference ontology with 17 axioms.
[2026-06-24 14:27:27.948] Selected the bad axiom SubClassOf(owl:Thing http://purl.dataone.org/odo/SENSO_00000001).
[2026-06-24 14:27:27.952] Selected the weaker axiom SubClassOf(ObjectAllValuesFrom(http://purl.dataone.org/odo/SENSO_00000005 http://purl.dataone.org/odo/SENSO_00000004) http://purl.dataone.org/odo/SENSO_00000001).
[2026-06-24 14:27:28.051] Selected the bad axiom SubClassOf(http://purl.dataone.org/odo/SENSO_00000004 http://purl.dataone.org/odo/SENSO_00000003).
[2026-06-24 14:27:28.051] Selected the weaker axiom SubClassOf(http://purl.dataone.org/odo/SENSO_00000003 http://purl.dataone.org/odo/SENSO_00000003).
[2026-06-24 14:27:28.052] Finished repairing the ontology.
Repairing with B2 (bad-in_some_mus-weaker-shapley)...
[2026-06-24 14:27:28.054] Checking precondition...
[2026-06-24 14:27:28.055] Starting the repair...
[2026-06-24 14:27:28.057] Selected a reference ontology with 17 axioms.
[2026-06-24 14:27:28.116] Selected the bad axiom SubClassOf(http://purl.dataone.org/odo/SENSO_00000003 owl:Not
...[truncated]
FAIL: attempt=60 seed=837814 status=time_limit_exceeded stage=B7 message=Repair timeout: B7 exceeded 300 seconds
progress: ontology=SENSO attempt=60 success=47/100
----- SENSO attempt=61 seed=852014 at 2026-06-24 14:32:31 -----
--- stdout ---
{"seed":852014,"run_id":"20260624134028346645","trial_status":"memory_limit_exceeded","error_type":"failure","failure_stage":"B4","error_message":"Repair failed: ExecutionException: java.lang.NullPointerException: operands cannot be null or empty","iic_values":{},"repair_runtimes_ms":{"A1":32,"A2":113,"A3":163,"B1":100,"B2":989,"B3":219,"B4":89}}

--- stderr ---
SingleTrialExperiment starting: ontology=/workspaces/ontologyutils-ekaw26/repair-power-index-replication-ekaw26/ontologies/inconsistent/SENSO.owl, seed=852014, run_id=20260624134028346645
Loaded ontology.
Normalizing ontology with SROIQ normalization...
Normalized ontology with SROIQ normalization.
Ontology is already inconsistent, skipping make-inconsistent step.
Repairing with A1 (random-removal)...
[2026-06-24 14:32:31.373] Checking precondition...
[2026-06-24 14:32:31.381] Starting the repair...
[2026-06-24 14:32:31.387] Found 13 possible bad axioms.
[2026-06-24 14:32:31.389] Selected the bad axiom SubClassOf(http://purl.dataone.org/odo/SENSO_00000002 http://purl.dataone.org/odo/SENSO_00000001).
[2026-06-24 14:32:31.393] Found 12 possible bad axioms.
[2026-06-24 14:32:31.393] Selected the bad axiom SubClassOf(http://purl.dataone.org/odo/SENSO_00000004 http://purl.dataone.org/odo/SENSO_00000001).
[2026-06-24 14:32:31.397] Found 11 possible bad axioms.
[2026-06-24 14:32:31.397] Selected the bad axiom SubClassOf(owl:Thing http://purl.dataone.org/odo/SENSO_00000001).
[2026-06-24 14:32:31.401] Finished repairing the ontology.
Repairing with A2 (not-in-largest-mcs-removal)...
[2026-06-24 14:32:31.402] Checking precondition...
[2026-06-24 14:32:31.407] Starting the repair...
[2026-06-24 14:32:31.513] Found 4 possible bad axioms.
[2026-06-24 14:32:31.513] Selected the bad axiom SubClassOf(http://purl.dataone.org/odo/SENSO_00000001 http://purl.dataone.org/odo/SENSO_00000004).
[2026-06-24 14:32:31.515] Finished repairing the ontology.
Repairing with A3 (default-weakening)...
[2026-06-24 14:32:31.516] Checking precondition...
[2026-06-24 14:32:31.519] Starting the repair...
[2026-06-24 14:32:31.528] Selected a reference ontology with 17 axioms.
[2026-06-24 14:32:31.666] Selected the bad axiom SubClassOf(http://purl.dataone.org/odo/SENSO_00000001 http://purl.dataone.org/odo/SENSO_00000004).
[2026-06-24 14:32:31.677] Selected the weaker axiom SubClassOf(http://purl.dataone.org/odo/SENSO_00000001 http://purl.dataone.org/odo/SENSO_00000001).
[2026-06-24 14:32:31.679] Finished repairing the ontology.
Repairing with B1 (bad-in_some_mus-weaker-random)...
[2026-06-24 14:32:31.680] Checking precondition...
[2026-06-24 14:32:31.681] Starting the repair...
[2026-06-24 14:32:31.686] Selected a reference ontology with 17 axioms.
[2026-06-24 14:32:31.776] Selected the bad axiom SubClassOf(owl:Thing http://purl.dataone.org/odo/SENSO_00000001).
[2026-06-24 14:32:31.779] Selected the weaker axiom SubClassOf(http://purl.dataone.org/odo/SENSO_00000002 http://purl.dataone.org/odo/SENSO_00000001).
[2026-06-24 14:32:31.780] Finished repairing the ontology.
Repairing with B2 (bad-in_some_mus-weaker-shapley)...
[2026-06-24 14:32:31.783] Checking precondition...
[2026-06-24 14:32:31.785] Starting the repair...
[2026-06-24 14:32:31.790] Selected a reference ontology with 17 axioms.
[2026-06-24 14:32:31.872] Selected the bad axiom SubClassOf(http://purl.dataone.org/odo/SENSO_0000
...[truncated]
FAIL: attempt=61 seed=852014 status=memory_limit_exceeded stage=B4 message=Repair failed: ExecutionException: java.lang.NullPointerException: operands cannot be null or empty
progress: ontology=SENSO attempt=61 success=47/100
----- SENSO attempt=62 seed=866214 at 2026-06-24 14:32:33 -----
--- stdout ---
{"seed":866214,"run_id":"20260624134028346645","trial_status":"time_limit_exceeded","error_type":"timeout","failure_stage":"B4","error_message":"Repair timeout: B4 exceeded 300 seconds","iic_values":{},"repair_runtimes_ms":{"A1":37,"A2":110,"A3":162,"B1":106,"B2":441,"B3":383,"B4":300002}}

--- stderr ---
SingleTrialExperiment starting: ontology=/workspaces/ontologyutils-ekaw26/repair-power-index-replication-ekaw26/ontologies/inconsistent/SENSO.owl, seed=866214, run_id=20260624134028346645
Loaded ontology.
Normalizing ontology with SROIQ normalization...
Normalized ontology with SROIQ normalization.
Ontology is already inconsistent, skipping make-inconsistent step.
Repairing with A1 (random-removal)...
[2026-06-24 14:32:33.471] Checking precondition...
[2026-06-24 14:32:33.480] Starting the repair...
[2026-06-24 14:32:33.486] Found 13 possible bad axioms.
[2026-06-24 14:32:33.488] Selected the bad axiom SubClassOf(http://purl.dataone.org/odo/SENSO_00000004 http://purl.dataone.org/odo/SENSO_00000002).
[2026-06-24 14:32:33.492] Found 12 possible bad axioms.
[2026-06-24 14:32:33.492] Selected the bad axiom SubClassOf(http://purl.dataone.org/odo/SENSO_00000003 http://purl.dataone.org/odo/SENSO_00000002).
[2026-06-24 14:32:33.496] Found 11 possible bad axioms.
[2026-06-24 14:32:33.496] Selected the bad axiom SubClassOf(http://purl.dataone.org/odo/SENSO_00000004 http://purl.dataone.org/odo/SENSO_00000001).
[2026-06-24 14:32:33.500] Found 10 possible bad axioms.
[2026-06-24 14:32:33.501] Selected the bad axiom SubClassOf(http://purl.dataone.org/odo/SENSO_00000004 http://purl.dataone.org/odo/SENSO_00000003).
[2026-06-24 14:32:33.503] Finished repairing the ontology.
Repairing with A2 (not-in-largest-mcs-removal)...
[2026-06-24 14:32:33.504] Checking precondition...
[2026-06-24 14:32:33.510] Starting the repair...
[2026-06-24 14:32:33.612] Found 4 possible bad axioms.
[2026-06-24 14:32:33.613] Selected the bad axiom SubClassOf(http://purl.dataone.org/odo/SENSO_00000004 http://purl.dataone.org/odo/SENSO_00000003).
[2026-06-24 14:32:33.614] Finished repairing the ontology.
Repairing with A3 (default-weakening)...
[2026-06-24 14:32:33.616] Checking precondition...
[2026-06-24 14:32:33.619] Starting the repair...
[2026-06-24 14:32:33.626] Selected a reference ontology with 17 axioms.
[2026-06-24 14:32:33.761] Selected the bad axiom SubClassOf(http://purl.dataone.org/odo/SENSO_00000003 owl:Nothing).
[2026-06-24 14:32:33.775] Selected the weaker axiom SubClassOf(owl:Nothing owl:Nothing).
[2026-06-24 14:32:33.776] Finished repairing the ontology.
Repairing with B1 (bad-in_some_mus-weaker-random)...
[2026-06-24 14:32:33.777] Checking precondition...
[2026-06-24 14:32:33.779] Starting the repair...
[2026-06-24 14:32:33.783] Selected a reference ontology with 17 axioms.
[2026-06-24 14:32:33.879] Selected the bad axiom SubClassOf(http://purl.dataone.org/odo/SENSO_00000003 owl:Nothing).
[2026-06-24 14:32:33.882] Selected the weaker axiom SubClassOf(http://purl.dataone.org/odo/SENSO_00000003 http://purl.dataone.org/odo/SENSO_00000004).
[2026-06-24 14:32:33.883] Finished repairing the ontology.
Repairing with B2 (bad-in_some_mus-weaker-shapley)...
[2026-06-24 14:32:33.885] Checking precondition...
[2026-06-24 14:32:33.886] Starting the repair...
[2026-06-24 14:32:33.889
...[truncated]
FAIL: attempt=62 seed=866214 status=time_limit_exceeded stage=B4 message=Repair timeout: B4 exceeded 300 seconds
progress: ontology=SENSO attempt=62 success=47/100
----- SENSO attempt=63 seed=880414 at 2026-06-24 14:37:34 -----
--- stdout ---
{"seed":880414,"run_id":"20260624134028346645","trial_status":"success","error_type":null,"failure_stage":null,"error_message":null,"iic_values":{"B1_vs_A1":0.8,"B1_vs_A2":0.8,"B1_vs_A3":0.8,"B2_vs_A1":0.875,"B2_vs_A2":0.875,"B2_vs_A3":0.875,"B3_vs_A1":0.8,"B3_vs_A2":0.8,"B3_vs_A3":0.8,"B4_vs_A1":0.875,"B4_vs_A2":0.875,"B4_vs_A3":0.875,"B5_vs_A1":0.875,"B5_vs_A2":0.875,"B5_vs_A3":0.875,"B6_vs_A1":0.875,"B6_vs_A2":0.875,"B6_vs_A3":0.875,"B7_vs_A1":0.875,"B7_vs_A2":0.875,"B7_vs_A3":0.875,"B8_vs_A1":0.875,"B8_vs_A2":0.875,"B8_vs_A3":0.875,"B9_vs_A1":0.875,"B9_vs_A2":0.875,"B9_vs_A3":0.875},"repair_runtimes_ms":{"A1":35,"A2":118,"A3":159,"B1":195,"B2":450,"B3":319,"B4":92,"B5":734,"B6":794,"B7":22,"B8":763,"B9":763}}

--- stderr ---
SingleTrialExperiment starting: ontology=/workspaces/ontologyutils-ekaw26/repair-power-index-replication-ekaw26/ontologies/inconsistent/SENSO.owl, seed=880414, run_id=20260624134028346645
Loaded ontology.
Normalizing ontology with SROIQ normalization...
Normalized ontology with SROIQ normalization.
Ontology is already inconsistent, skipping make-inconsistent step.
Repairing with A1 (random-removal)...
[2026-06-24 14:37:35.293] Checking precondition...
[2026-06-24 14:37:35.302] Starting the repair...
[2026-06-24 14:37:35.308] Found 13 possible bad axioms.
[2026-06-24 14:37:35.310] Selected the bad axiom SubClassOf(http://purl.dataone.org/odo/SENSO_00000003 http://purl.dataone.org/odo/SENSO_00000002).
[2026-06-24 14:37:35.316] Found 12 possible bad axioms.
[2026-06-24 14:37:35.316] Selected the bad axiom SubClassOf(http://purl.dataone.org/odo/SENSO_00000002 http://purl.dataone.org/odo/SENSO_00000001).
[2026-06-24 14:37:35.320] Found 11 possible bad axioms.
[2026-06-24 14:37:35.320] Selected the bad axiom SubClassOf(http://purl.dataone.org/odo/SENSO_00000001 http://purl.dataone.org/odo/SENSO_00000004).
[2026-06-24 14:37:35.325] Finished repairing the ontology.
Repairing with A2 (not-in-largest-mcs-removal)...
[2026-06-24 14:37:35.325] Checking precondition...
[2026-06-24 14:37:35.330] Starting the repair...
[2026-06-24 14:37:35.441] Found 4 possible bad axioms.
[2026-06-24 14:37:35.442] Selected the bad axiom SubClassOf(http://purl.dataone.org/odo/SENSO_00000001 http://purl.dataone.org/odo/SENSO_00000004).
[2026-06-24 14:37:35.443] Finished repairing the ontology.
Repairing with A3 (default-weakening)...
[2026-06-24 14:37:35.444] Checking precondition...
[2026-06-24 14:37:35.447] Starting the repair...
[2026-06-24 14:37:35.456] Selected a reference ontology with 17 axioms.
[2026-06-24 14:37:35.587] Selected the bad axiom SubClassOf(http://purl.dataone.org/odo/SENSO_00000001 http://purl.dataone.org/odo/SENSO_00000004).
[2026-06-24 14:37:35.600] Selected the weaker axiom SubClassOf(http://purl.dataone.org/odo/SENSO_00000001 ObjectAllValuesFrom(http://purl.dataone.org/odo/SENSO_00000005 http://purl.dataone.org/odo/SENSO_00000001)).
[2026-06-24 14:37:35.602] Finished repairing the ontology.
Repairing with B1 (bad-in_some_mus-weaker-random)...
[2026-06-24 14:37:35.603] Checking precondition...
[2026-06-24 14:37:35.605] Starting the repair...
[2026-06-24 14:37:35.609] Selected a reference ontology with 17 axioms.
[2026-06-24 14:37:35.696] Selected the bad axiom SubClassOf(owl:Thing http://purl.dataone.org/odo/SENSO_00000001).
[2026-06-24 14:37:35.701] Selected the weaker axiom SubClassOf(ObjectAllValuesFrom(http://purl.dataone.org/odo/SENSO_00000005 owl:Nothing) http://purl.dataone.org/odo/SENSO_00000001).
[2026-06-24 14:37:35.797] Selected the bad axiom SubClassOf(http://purl.dataone.org/odo/SENSO_00000003 owl:Nothing).
[2026-06-24 14:37:35.798] Selected the weaker axiom SubClassOf(http://purl.dataone.org/odo/SENSO_00000003 http://purl.dataone.org/odo/SE
...[truncated]
SUCCESS: attempt=63 seed=880414 success_count=48/100
progress: ontology=SENSO attempt=63 success=48/100
----- SENSO attempt=64 seed=894614 at 2026-06-24 14:37:39 -----
--- stdout ---
{"seed":894614,"run_id":"20260624134028346645","trial_status":"success","error_type":null,"failure_stage":null,"error_message":null,"iic_values":{"B1_vs_A1":0.5,"B1_vs_A2":0.5,"B1_vs_A3":0.5,"B2_vs_A1":0.2,"B2_vs_A2":0.3333333333333333,"B2_vs_A3":0.2,"B3_vs_A1":0.2,"B3_vs_A2":0.125,"B3_vs_A3":0.2,"B4_vs_A1":0.5,"B4_vs_A2":0.5,"B4_vs_A3":0.5,"B5_vs_A1":0.5,"B5_vs_A2":0.5,"B5_vs_A3":0.5,"B6_vs_A1":0.5,"B6_vs_A2":0.5,"B6_vs_A3":0.5,"B7_vs_A1":0.5,"B7_vs_A2":0.5,"B7_vs_A3":0.5,"B8_vs_A1":0.5,"B8_vs_A2":0.5,"B8_vs_A3":0.5,"B9_vs_A1":0.5,"B9_vs_A2":0.5,"B9_vs_A3":0.5},"repair_runtimes_ms":{"A1":28,"A2":114,"A3":167,"B1":243,"B2":352,"B3":327,"B4":48,"B5":1186,"B6":810,"B7":27,"B8":764,"B9":729}}

--- stderr ---
SingleTrialExperiment starting: ontology=/workspaces/ontologyutils-ekaw26/repair-power-index-replication-ekaw26/ontologies/inconsistent/SENSO.owl, seed=894614, run_id=20260624134028346645
Loaded ontology.
Normalizing ontology with SROIQ normalization...
Normalized ontology with SROIQ normalization.
Ontology is already inconsistent, skipping make-inconsistent step.
Repairing with A1 (random-removal)...
[2026-06-24 14:37:40.156] Checking precondition...
[2026-06-24 14:37:40.165] Starting the repair...
[2026-06-24 14:37:40.170] Found 13 possible bad axioms.
[2026-06-24 14:37:40.172] Selected the bad axiom SubClassOf(owl:Thing ObjectAllValuesFrom(http://purl.dataone.org/odo/SENSO_00000005 http://purl.dataone.org/odo/SENSO_00000001)).
[2026-06-24 14:37:40.176] Found 12 possible bad axioms.
[2026-06-24 14:37:40.176] Selected the bad axiom SubClassOf(http://purl.dataone.org/odo/SENSO_00000003 owl:Nothing).
[2026-06-24 14:37:40.181] Finished repairing the ontology.
Repairing with A2 (not-in-largest-mcs-removal)...
[2026-06-24 14:37:40.181] Checking precondition...
[2026-06-24 14:37:40.189] Starting the repair...
[2026-06-24 14:37:40.295] Found 4 possible bad axioms.
[2026-06-24 14:37:40.296] Selected the bad axiom SubClassOf(owl:Thing http://purl.dataone.org/odo/SENSO_00000001).
[2026-06-24 14:37:40.296] Finished repairing the ontology.
Repairing with A3 (default-weakening)...
[2026-06-24 14:37:40.297] Checking precondition...
[2026-06-24 14:37:40.300] Starting the repair...
[2026-06-24 14:37:40.309] Selected a reference ontology with 17 axioms.
[2026-06-24 14:37:40.449] Selected the bad axiom SubClassOf(http://purl.dataone.org/odo/SENSO_00000003 owl:Nothing).
[2026-06-24 14:37:40.461] Selected the weaker axiom SubClassOf(http://purl.dataone.org/odo/SENSO_00000003 http://purl.dataone.org/odo/SENSO_00000004).
[2026-06-24 14:37:40.463] Finished repairing the ontology.
Repairing with B1 (bad-in_some_mus-weaker-random)...
[2026-06-24 14:37:40.463] Checking precondition...
[2026-06-24 14:37:40.465] Starting the repair...
[2026-06-24 14:37:40.469] Selected a reference ontology with 17 axioms.
[2026-06-24 14:37:40.559] Selected the bad axiom SubClassOf(http://purl.dataone.org/odo/SENSO_00000003 owl:Nothing).
[2026-06-24 14:37:40.562] Selected the weaker axiom SubClassOf(http://purl.dataone.org/odo/SENSO_00000004 owl:Nothing).
[2026-06-24 14:37:40.633] Selected the bad axiom SubClassOf(owl:Thing http://purl.dataone.org/odo/SENSO_00000001).
[2026-06-24 14:37:40.635] Selected the weaker axiom SubClassOf(ObjectAllValuesFrom(http://purl.dataone.org/odo/SENSO_00000005 http://purl.dataone.org/odo/SENSO_00000001) http://purl.dataone.org/odo/SENSO_00000001).
[2026-06-24 14:37:40.705] Selected the bad axiom SubClassOf(http://purl.dataone.org/odo/SENSO_00000004 owl:Nothing).
[2026-06-24 14:37:40.706] Selected the weaker axiom SubClassOf(owl:Nothing owl:Nothing).
[2026-06-24 14:37:40.706] Finished repairing the ontology.
Repairing with B2 (bad-in_some_mus-weaker-shapley)..
...[truncated]
SUCCESS: attempt=64 seed=894614 success_count=49/100
progress: ontology=SENSO attempt=64 success=49/100
----- SENSO attempt=65 seed=908814 at 2026-06-24 14:37:45 -----
--- stdout ---
{"seed":908814,"run_id":"20260624134028346645","trial_status":"success","error_type":null,"failure_stage":null,"error_message":null,"iic_values":{"B1_vs_A1":0.5,"B1_vs_A2":0.8,"B1_vs_A3":0.8,"B2_vs_A1":0.2,"B2_vs_A2":0.7142857142857143,"B2_vs_A3":0.5,"B3_vs_A1":0.2,"B3_vs_A2":0.5,"B3_vs_A3":0.2857142857142857,"B4_vs_A1":0.5,"B4_vs_A2":0.875,"B4_vs_A3":0.6666666666666666,"B5_vs_A1":0.5,"B5_vs_A2":0.875,"B5_vs_A3":0.6666666666666666,"B6_vs_A1":0.5,"B6_vs_A2":0.875,"B6_vs_A3":0.6666666666666666,"B7_vs_A1":0.5,"B7_vs_A2":0.875,"B7_vs_A3":0.6666666666666666,"B8_vs_A1":0.5,"B8_vs_A2":0.875,"B8_vs_A3":0.6666666666666666,"B9_vs_A1":0.5,"B9_vs_A2":0.875,"B9_vs_A3":0.6666666666666666},"repair_runtimes_ms":{"A1":44,"A2":109,"A3":160,"B1":97,"B2":359,"B3":429,"B4":43,"B5":1137,"B6":505,"B7":50,"B8":727,"B9":787}}

--- stderr ---
SingleTrialExperiment starting: ontology=/workspaces/ontologyutils-ekaw26/repair-power-index-replication-ekaw26/ontologies/inconsistent/SENSO.owl, seed=908814, run_id=20260624134028346645
Loaded ontology.
Normalizing ontology with SROIQ normalization...
Normalized ontology with SROIQ normalization.
Ontology is already inconsistent, skipping make-inconsistent step.
Repairing with A1 (random-removal)...
[2026-06-24 14:37:45.379] Checking precondition...
[2026-06-24 14:37:45.388] Starting the repair...
[2026-06-24 14:37:45.394] Found 13 possible bad axioms.
[2026-06-24 14:37:45.395] Selected the bad axiom SubClassOf(http://purl.dataone.org/odo/SENSO_00000004 http://purl.dataone.org/odo/SENSO_00000002).
[2026-06-24 14:37:45.400] Found 12 possible bad axioms.
[2026-06-24 14:37:45.400] Selected the bad axiom SubClassOf(owl:Thing ObjectAllValuesFrom(http://purl.dataone.org/odo/SENSO_00000005 http://purl.dataone.org/odo/SENSO_00000001)).
[2026-06-24 14:37:45.403] Found 11 possible bad axioms.
[2026-06-24 14:37:45.404] Selected the bad axiom SubClassOf(http://purl.dataone.org/odo/SENSO_00000003 http://purl.dataone.org/odo/SENSO_00000001).
[2026-06-24 14:37:45.408] Found 10 possible bad axioms.
[2026-06-24 14:37:45.408] Selected the bad axiom SubClassOf(http://purl.dataone.org/odo/SENSO_00000002 http://purl.dataone.org/odo/SENSO_00000001).
[2026-06-24 14:37:45.411] Found 9 possible bad axioms.
[2026-06-24 14:37:45.411] Selected the bad axiom SubClassOf(owl:Thing ObjectAllValuesFrom(http://purl.dataone.org/odo/SENSO_00000005 owl:Nothing)).
[2026-06-24 14:37:45.414] Found 8 possible bad axioms.
[2026-06-24 14:37:45.415] Selected the bad axiom SubClassOf(http://purl.dataone.org/odo/SENSO_00000004 http://purl.dataone.org/odo/SENSO_00000001).
[2026-06-24 14:37:45.417] Found 7 possible bad axioms.
[2026-06-24 14:37:45.417] Selected the bad axiom SubClassOf(http://purl.dataone.org/odo/SENSO_00000003 owl:Nothing).
[2026-06-24 14:37:45.419] Finished repairing the ontology.
Repairing with A2 (not-in-largest-mcs-removal)...
[2026-06-24 14:37:45.420] Checking precondition...
[2026-06-24 14:37:45.424] Starting the repair...
[2026-06-24 14:37:45.528] Found 4 possible bad axioms.
[2026-06-24 14:37:45.528] Selected the bad axiom SubClassOf(http://purl.dataone.org/odo/SENSO_00000001 http://purl.dataone.org/odo/SENSO_00000004).
[2026-06-24 14:37:45.529] Finished repairing the ontology.
Repairing with A3 (default-weakening)...
[2026-06-24 14:37:45.531] Checking precondition...
[2026-06-24 14:37:45.533] Starting the repair...
[2026-06-24 14:37:45.543] Selected a reference ontology with 17 axioms.
[2026-06-24 14:37:45.675] Selected the bad axiom SubClassOf(http://purl.dataone.org/odo/SENSO_00000004 http://purl.dataone.org/odo/SENSO_00000003).
[2026-06-24 14:37:45.689] Selected the weaker axiom SubClassOf(http://purl.dataone.org/odo/SENSO_00000004 http://purl.dataone.org/odo/SENSO_00000004).
[2026-06-24 14:37:45.690] Finished repairing the ontology.
Repairing with B1 (bad-in_so
...[truncated]
SUCCESS: attempt=65 seed=908814 success_count=50/100
progress: ontology=SENSO attempt=65 success=50/100
----- SENSO attempt=66 seed=923014 at 2026-06-24 14:37:49 -----
--- stdout ---
{"seed":923014,"run_id":"20260624134028346645","trial_status":"success","error_type":null,"failure_stage":null,"error_message":null,"iic_values":{"B1_vs_A1":0.5,"B1_vs_A2":0.25,"B1_vs_A3":0.4,"B2_vs_A1":0.7,"B2_vs_A2":0.5,"B2_vs_A3":0.8,"B3_vs_A1":1.0,"B3_vs_A2":0.5,"B3_vs_A3":0.6666666666666666,"B4_vs_A1":1.0,"B4_vs_A2":0.5,"B4_vs_A3":0.6666666666666666,"B5_vs_A1":1.0,"B5_vs_A2":0.5,"B5_vs_A3":0.6666666666666666,"B6_vs_A1":1.0,"B6_vs_A2":0.5,"B6_vs_A3":0.6666666666666666,"B7_vs_A1":1.0,"B7_vs_A2":0.5,"B7_vs_A3":0.6666666666666666,"B8_vs_A1":1.0,"B8_vs_A2":0.5,"B8_vs_A3":0.6666666666666666,"B9_vs_A1":1.0,"B9_vs_A2":0.5,"B9_vs_A3":0.6666666666666666},"repair_runtimes_ms":{"A1":36,"A2":111,"A3":166,"B1":102,"B2":439,"B3":233,"B4":158,"B5":1173,"B6":745,"B7":31,"B8":542,"B9":530}}

--- stderr ---
SingleTrialExperiment starting: ontology=/workspaces/ontologyutils-ekaw26/repair-power-index-replication-ekaw26/ontologies/inconsistent/SENSO.owl, seed=923014, run_id=20260624134028346645
Loaded ontology.
Normalizing ontology with SROIQ normalization...
Normalized ontology with SROIQ normalization.
Ontology is already inconsistent, skipping make-inconsistent step.
Repairing with A1 (random-removal)...
[2026-06-24 14:37:50.243] Checking precondition...
[2026-06-24 14:37:50.252] Starting the repair...
[2026-06-24 14:37:50.257] Found 13 possible bad axioms.
[2026-06-24 14:37:50.259] Selected the bad axiom SubClassOf(http://purl.dataone.org/odo/SENSO_00000003 http://purl.dataone.org/odo/SENSO_00000004).
[2026-06-24 14:37:50.263] Found 12 possible bad axioms.
[2026-06-24 14:37:50.264] Selected the bad axiom SubClassOf(owl:Thing ObjectAllValuesFrom(http://purl.dataone.org/odo/SENSO_00000005 http://purl.dataone.org/odo/SENSO_00000001)).
[2026-06-24 14:37:50.267] Found 11 possible bad axioms.
[2026-06-24 14:37:50.268] Selected the bad axiom SubClassOf(http://purl.dataone.org/odo/SENSO_00000002 http://purl.dataone.org/odo/SENSO_00000001).
[2026-06-24 14:37:50.272] Found 10 possible bad axioms.
[2026-06-24 14:37:50.272] Selected the bad axiom SubClassOf(owl:Thing http://purl.dataone.org/odo/SENSO_00000001).
[2026-06-24 14:37:50.274] Finished repairing the ontology.
Repairing with A2 (not-in-largest-mcs-removal)...
[2026-06-24 14:37:50.275] Checking precondition...
[2026-06-24 14:37:50.280] Starting the repair...
[2026-06-24 14:37:50.386] Found 4 possible bad axioms.
[2026-06-24 14:37:50.386] Selected the bad axiom SubClassOf(owl:Thing http://purl.dataone.org/odo/SENSO_00000001).
[2026-06-24 14:37:50.386] Finished repairing the ontology.
Repairing with A3 (default-weakening)...
[2026-06-24 14:37:50.388] Checking precondition...
[2026-06-24 14:37:50.391] Starting the repair...
[2026-06-24 14:37:50.400] Selected a reference ontology with 17 axioms.
[2026-06-24 14:37:50.540] Selected the bad axiom SubClassOf(http://purl.dataone.org/odo/SENSO_00000004 http://purl.dataone.org/odo/SENSO_00000003).
[2026-06-24 14:37:50.552] Selected the weaker axiom SubClassOf(http://purl.dataone.org/odo/SENSO_00000004 http://purl.dataone.org/odo/SENSO_00000002).
[2026-06-24 14:37:50.553] Finished repairing the ontology.
Repairing with B1 (bad-in_some_mus-weaker-random)...
[2026-06-24 14:37:50.554] Checking precondition...
[2026-06-24 14:37:50.555] Starting the repair...
[2026-06-24 14:37:50.560] Selected a reference ontology with 17 axioms.
[2026-06-24 14:37:50.653] Selected the bad axiom SubClassOf(http://purl.dataone.org/odo/SENSO_00000001 http://purl.dataone.org/odo/SENSO_00000004).
[2026-06-24 14:37:50.655] Selected the weaker axiom SubClassOf(http://purl.dataone.org/odo/SENSO_00000001 http://purl.dataone.org/odo/SENSO_00000002).
[2026-06-24 14:37:50.656] Finished repairing the ontology.
Repairing with B2 (bad-in_some_mus-weaker-shapley)...
[2026-06-24 14:37:50.658] Checking 
...[truncated]
SUCCESS: attempt=66 seed=923014 success_count=51/100
progress: ontology=SENSO attempt=66 success=51/100
----- SENSO attempt=67 seed=937214 at 2026-06-24 14:37:54 -----
--- stdout ---
{"seed":937214,"run_id":"20260624134028346645","trial_status":"success","error_type":null,"failure_stage":null,"error_message":null,"iic_values":{"B1_vs_A1":0.875,"B1_vs_A2":0.8,"B1_vs_A3":0.8,"B2_vs_A1":0.5,"B2_vs_A2":0.2857142857142857,"B2_vs_A3":0.2857142857142857,"B3_vs_A1":0.8,"B3_vs_A2":0.6666666666666666,"B3_vs_A3":0.6666666666666666,"B4_vs_A1":0.8,"B4_vs_A2":0.6666666666666666,"B4_vs_A3":0.6666666666666666,"B5_vs_A1":0.8,"B5_vs_A2":0.6666666666666666,"B5_vs_A3":0.6666666666666666,"B6_vs_A1":0.8,"B6_vs_A2":0.6666666666666666,"B6_vs_A3":0.6666666666666666,"B7_vs_A1":0.8,"B7_vs_A2":0.6666666666666666,"B7_vs_A3":0.6666666666666666,"B8_vs_A1":0.8,"B8_vs_A2":0.6666666666666666,"B8_vs_A3":0.6666666666666666,"B9_vs_A1":0.8,"B9_vs_A2":0.6666666666666666,"B9_vs_A3":0.6666666666666666},"repair_runtimes_ms":{"A1":39,"A2":109,"A3":340,"B1":107,"B2":557,"B3":353,"B4":30,"B5":757,"B6":801,"B7":49,"B8":813,"B9":523}}

--- stderr ---
SingleTrialExperiment starting: ontology=/workspaces/ontologyutils-ekaw26/repair-power-index-replication-ekaw26/ontologies/inconsistent/SENSO.owl, seed=937214, run_id=20260624134028346645
Loaded ontology.
Normalizing ontology with SROIQ normalization...
Normalized ontology with SROIQ normalization.
Ontology is already inconsistent, skipping make-inconsistent step.
Repairing with A1 (random-removal)...
[2026-06-24 14:37:54.925] Checking precondition...
[2026-06-24 14:37:54.934] Starting the repair...
[2026-06-24 14:37:54.940] Found 13 possible bad axioms.
[2026-06-24 14:37:54.941] Selected the bad axiom SubClassOf(http://purl.dataone.org/odo/SENSO_00000004 http://purl.dataone.org/odo/SENSO_00000002).
[2026-06-24 14:37:54.947] Found 12 possible bad axioms.
[2026-06-24 14:37:54.947] Selected the bad axiom SubClassOf(http://purl.dataone.org/odo/SENSO_00000003 http://purl.dataone.org/odo/SENSO_00000002).
[2026-06-24 14:37:54.951] Found 11 possible bad axioms.
[2026-06-24 14:37:54.951] Selected the bad axiom SubClassOf(owl:Thing ObjectAllValuesFrom(http://purl.dataone.org/odo/SENSO_00000005 http://purl.dataone.org/odo/SENSO_00000001)).
[2026-06-24 14:37:54.955] Found 10 possible bad axioms.
[2026-06-24 14:37:54.955] Selected the bad axiom SubClassOf(owl:Thing ObjectAllValuesFrom(http://purl.dataone.org/odo/SENSO_00000005 http://purl.dataone.org/odo/SENSO_00000004)).
[2026-06-24 14:37:54.958] Found 9 possible bad axioms.
[2026-06-24 14:37:54.958] Selected the bad axiom SubClassOf(http://purl.dataone.org/odo/SENSO_00000004 http://purl.dataone.org/odo/SENSO_00000003).
[2026-06-24 14:37:54.961] Finished repairing the ontology.
Repairing with A2 (not-in-largest-mcs-removal)...
[2026-06-24 14:37:54.962] Checking precondition...
[2026-06-24 14:37:54.966] Starting the repair...
[2026-06-24 14:37:55.069] Found 4 possible bad axioms.
[2026-06-24 14:37:55.069] Selected the bad axiom SubClassOf(http://purl.dataone.org/odo/SENSO_00000004 http://purl.dataone.org/odo/SENSO_00000003).
[2026-06-24 14:37:55.070] Finished repairing the ontology.
Repairing with A3 (default-weakening)...
[2026-06-24 14:37:55.072] Checking precondition...
[2026-06-24 14:37:55.074] Starting the repair...
[2026-06-24 14:37:55.082] Selected a reference ontology with 17 axioms.
[2026-06-24 14:37:55.221] Selected the bad axiom SubClassOf(http://purl.dataone.org/odo/SENSO_00000004 http://purl.dataone.org/odo/SENSO_00000003).
[2026-06-24 14:37:55.233] Selected the weaker axiom SubClassOf(http://purl.dataone.org/odo/SENSO_00000004 owl:Nothing).
[2026-06-24 14:37:55.313] Selected the bad axiom SubClassOf(owl:Thing http://purl.dataone.org/odo/SENSO_00000001).
[2026-06-24 14:37:55.315] Selected the weaker axiom SubClassOf(ObjectAllValuesFrom(http://purl.dataone.org/odo/SENSO_00000005 owl:Nothing) http://purl.dataone.org/odo/SENSO_00000001).
[2026-06-24 14:37:55.410] Selected the bad axiom SubClassOf(http://purl.dataone.org/odo/SENSO_00000004 owl:Nothing).
[2026-06-24 14:37:55.410] Selected the weaker 
...[truncated]
SUCCESS: attempt=67 seed=937214 success_count=52/100
progress: ontology=SENSO attempt=67 success=52/100
----- SENSO attempt=68 seed=951414 at 2026-06-24 14:37:59 -----
--- stdout ---
{"seed":951414,"run_id":"20260624134028346645","trial_status":"success","error_type":null,"failure_stage":null,"error_message":null,"iic_values":{"B1_vs_A1":0.3333333333333333,"B1_vs_A2":0.2,"B1_vs_A3":0.2,"B2_vs_A1":0.5,"B2_vs_A2":0.5,"B2_vs_A3":0.5,"B3_vs_A1":0.5,"B3_vs_A2":0.5,"B3_vs_A3":0.5,"B4_vs_A1":0.5,"B4_vs_A2":0.5,"B4_vs_A3":0.5,"B5_vs_A1":0.5,"B5_vs_A2":0.5,"B5_vs_A3":0.5,"B6_vs_A1":0.5,"B6_vs_A2":0.5,"B6_vs_A3":0.5,"B7_vs_A1":0.5,"B7_vs_A2":0.5,"B7_vs_A3":0.5,"B8_vs_A1":0.5,"B8_vs_A2":0.5,"B8_vs_A3":0.5,"B9_vs_A1":0.5,"B9_vs_A2":0.5,"B9_vs_A3":0.5},"repair_runtimes_ms":{"A1":34,"A2":113,"A3":252,"B1":93,"B2":412,"B3":287,"B4":47,"B5":1148,"B6":512,"B7":32,"B8":736,"B9":788}}

--- stderr ---
SingleTrialExperiment starting: ontology=/workspaces/ontologyutils-ekaw26/repair-power-index-replication-ekaw26/ontologies/inconsistent/SENSO.owl, seed=951414, run_id=20260624134028346645
Loaded ontology.
Normalizing ontology with SROIQ normalization...
Normalized ontology with SROIQ normalization.
Ontology is already inconsistent, skipping make-inconsistent step.
Repairing with A1 (random-removal)...
[2026-06-24 14:37:59.821] Checking precondition...
[2026-06-24 14:37:59.829] Starting the repair...
[2026-06-24 14:37:59.834] Found 13 possible bad axioms.
[2026-06-24 14:37:59.836] Selected the bad axiom SubClassOf(owl:Thing ObjectAllValuesFrom(http://purl.dataone.org/odo/SENSO_00000005 owl:Nothing)).
[2026-06-24 14:37:59.840] Found 12 possible bad axioms.
[2026-06-24 14:37:59.840] Selected the bad axiom SubClassOf(http://purl.dataone.org/odo/SENSO_00000004 http://purl.dataone.org/odo/SENSO_00000002).
[2026-06-24 14:37:59.844] Found 11 possible bad axioms.
[2026-06-24 14:37:59.844] Selected the bad axiom SubClassOf(http://purl.dataone.org/odo/SENSO_00000003 http://purl.dataone.org/odo/SENSO_00000002).
[2026-06-24 14:37:59.848] Found 10 possible bad axioms.
[2026-06-24 14:37:59.848] Selected the bad axiom SubClassOf(owl:Thing http://purl.dataone.org/odo/SENSO_00000001).
[2026-06-24 14:37:59.850] Finished repairing the ontology.
Repairing with A2 (not-in-largest-mcs-removal)...
[2026-06-24 14:37:59.851] Checking precondition...
[2026-06-24 14:37:59.856] Starting the repair...
[2026-06-24 14:37:59.962] Found 4 possible bad axioms.
[2026-06-24 14:37:59.962] Selected the bad axiom SubClassOf(http://purl.dataone.org/odo/SENSO_00000003 owl:Nothing).
[2026-06-24 14:37:59.964] Finished repairing the ontology.
Repairing with A3 (default-weakening)...
[2026-06-24 14:37:59.965] Checking precondition...
[2026-06-24 14:37:59.968] Starting the repair...
[2026-06-24 14:37:59.976] Selected a reference ontology with 17 axioms.
[2026-06-24 14:38:00.120] Selected the bad axiom SubClassOf(http://purl.dataone.org/odo/SENSO_00000003 owl:Nothing).
[2026-06-24 14:38:00.134] Selected the weaker axiom SubClassOf(ObjectAllValuesFrom(http://purl.dataone.org/odo/SENSO_00000005 owl:Nothing) owl:Nothing).
[2026-06-24 14:38:00.212] Selected the bad axiom SubClassOf(ObjectAllValuesFrom(http://purl.dataone.org/odo/SENSO_00000005 owl:Nothing) owl:Nothing).
[2026-06-24 14:38:00.212] Selected the weaker axiom SubClassOf(ObjectAllValuesFrom(http://purl.dataone.org/odo/SENSO_00000005 owl:Nothing) http://purl.dataone.org/odo/SENSO_00000002).
[2026-06-24 14:38:00.216] Finished repairing the ontology.
Repairing with B1 (bad-in_some_mus-weaker-random)...
[2026-06-24 14:38:00.217] Checking precondition...
[2026-06-24 14:38:00.220] Starting the repair...
[2026-06-24 14:38:00.227] Selected a reference ontology with 17 axioms.
[2026-06-24 14:38:00.308] Selected the bad axiom SubClassOf(http://purl.dataone.org/odo/SENSO_00000004 http://purl.dataone.org/odo/SENSO_00000003).
[2026-06-24 14:38:00.31
...[truncated]
SUCCESS: attempt=68 seed=951414 success_count=53/100
progress: ontology=SENSO attempt=68 success=53/100
----- SENSO attempt=69 seed=965614 at 2026-06-24 14:38:04 -----
--- stdout ---
{"seed":965614,"run_id":"20260624134028346645","trial_status":"success","error_type":null,"failure_stage":null,"error_message":null,"iic_values":{"B1_vs_A1":0.5,"B1_vs_A2":0.5,"B1_vs_A3":0.8,"B2_vs_A1":0.5,"B2_vs_A2":0.5,"B2_vs_A3":0.6666666666666666,"B3_vs_A1":0.5,"B3_vs_A2":0.5,"B3_vs_A3":0.8,"B4_vs_A1":0.5,"B4_vs_A2":0.5,"B4_vs_A3":0.6666666666666666,"B5_vs_A1":0.5,"B5_vs_A2":0.5,"B5_vs_A3":0.6666666666666666,"B6_vs_A1":0.5,"B6_vs_A2":0.5,"B6_vs_A3":0.6666666666666666,"B7_vs_A1":0.5,"B7_vs_A2":0.5,"B7_vs_A3":0.6666666666666666,"B8_vs_A1":0.5,"B8_vs_A2":0.5,"B8_vs_A3":0.6666666666666666,"B9_vs_A1":0.5,"B9_vs_A2":0.5,"B9_vs_A3":0.6666666666666666},"repair_runtimes_ms":{"A1":24,"A2":124,"A3":168,"B1":101,"B2":416,"B3":239,"B4":33,"B5":1150,"B6":847,"B7":32,"B8":737,"B9":815}}

--- stderr ---
SingleTrialExperiment starting: ontology=/workspaces/ontologyutils-ekaw26/repair-power-index-replication-ekaw26/ontologies/inconsistent/SENSO.owl, seed=965614, run_id=20260624134028346645
Loaded ontology.
Normalizing ontology with SROIQ normalization...
Normalized ontology with SROIQ normalization.
Ontology is already inconsistent, skipping make-inconsistent step.
Repairing with A1 (random-removal)...
[2026-06-24 14:38:04.697] Checking precondition...
[2026-06-24 14:38:04.706] Starting the repair...
[2026-06-24 14:38:04.712] Found 13 possible bad axioms.
[2026-06-24 14:38:04.713] Selected the bad axiom SubClassOf(http://purl.dataone.org/odo/SENSO_00000003 owl:Nothing).
[2026-06-24 14:38:04.717] Finished repairing the ontology.
Repairing with A2 (not-in-largest-mcs-removal)...
[2026-06-24 14:38:04.718] Checking precondition...
[2026-06-24 14:38:04.727] Starting the repair...
[2026-06-24 14:38:04.840] Found 4 possible bad axioms.
[2026-06-24 14:38:04.840] Selected the bad axiom SubClassOf(http://purl.dataone.org/odo/SENSO_00000003 owl:Nothing).
[2026-06-24 14:38:04.841] Finished repairing the ontology.
Repairing with A3 (default-weakening)...
[2026-06-24 14:38:04.843] Checking precondition...
[2026-06-24 14:38:04.845] Starting the repair...
[2026-06-24 14:38:04.857] Selected a reference ontology with 17 axioms.
[2026-06-24 14:38:04.995] Selected the bad axiom SubClassOf(http://purl.dataone.org/odo/SENSO_00000004 http://purl.dataone.org/odo/SENSO_00000003).
[2026-06-24 14:38:05.008] Selected the weaker axiom SubClassOf(owl:Nothing http://purl.dataone.org/odo/SENSO_00000003).
[2026-06-24 14:38:05.010] Finished repairing the ontology.
Repairing with B1 (bad-in_some_mus-weaker-random)...
[2026-06-24 14:38:05.010] Checking precondition...
[2026-06-24 14:38:05.012] Starting the repair...
[2026-06-24 14:38:05.016] Selected a reference ontology with 17 axioms.
[2026-06-24 14:38:05.107] Selected the bad axiom SubClassOf(http://purl.dataone.org/odo/SENSO_00000003 owl:Nothing).
[2026-06-24 14:38:05.110] Selected the weaker axiom SubClassOf(http://purl.dataone.org/odo/SENSO_00000003 http://purl.dataone.org/odo/SENSO_00000004).
[2026-06-24 14:38:05.111] Finished repairing the ontology.
Repairing with B2 (bad-in_some_mus-weaker-shapley)...
[2026-06-24 14:38:05.113] Checking precondition...
[2026-06-24 14:38:05.114] Starting the repair...
[2026-06-24 14:38:05.117] Selected a reference ontology with 17 axioms.
[2026-06-24 14:38:05.189] Selected the bad axiom SubClassOf(owl:Thing http://purl.dataone.org/odo/SENSO_00000001).
[PowerIndexWeakerAxiomSelector] Scoring 9 candidate weakenings for ⊤ ⊑ SENSO_00000001
[PowerIndexWeakerAxiomSelector] Selected weaker axiom: SENSO_00000001 ⊑ SENSO_00000001
[2026-06-24 14:38:05.526] Selected the weaker axiom SubClassOf(http://purl.dataone.org/odo/SENSO_00000001 http://purl.dataone.org/odo/SENSO_00000001).
[2026-06-24 14:38:05.527] Finished repairing the ontology.
Repairing with B3 (bad-in_some_mus-weaker-banzhaf)...
[2026-06-24 
...[truncated]
SUCCESS: attempt=69 seed=965614 success_count=54/100
progress: ontology=SENSO attempt=69 success=54/100
----- SENSO attempt=70 seed=979814 at 2026-06-24 14:38:09 -----
--- stdout ---
{"seed":979814,"run_id":"20260624134028346645","trial_status":"success","error_type":null,"failure_stage":null,"error_message":null,"iic_values":{"B1_vs_A1":0.3333333333333333,"B1_vs_A2":0.7142857142857143,"B1_vs_A3":0.3333333333333333,"B2_vs_A1":0.2,"B2_vs_A2":1.0,"B2_vs_A3":0.2,"B3_vs_A1":0.2,"B3_vs_A2":1.0,"B3_vs_A3":0.2,"B4_vs_A1":0.5,"B4_vs_A2":0.875,"B4_vs_A3":0.5,"B5_vs_A1":0.5,"B5_vs_A2":0.875,"B5_vs_A3":0.5,"B6_vs_A1":0.5,"B6_vs_A2":0.875,"B6_vs_A3":0.5,"B7_vs_A1":0.5,"B7_vs_A2":0.875,"B7_vs_A3":0.5,"B8_vs_A1":0.5,"B8_vs_A2":0.875,"B8_vs_A3":0.5,"B9_vs_A1":0.5,"B9_vs_A2":0.875,"B9_vs_A3":0.5},"repair_runtimes_ms":{"A1":24,"A2":120,"A3":164,"B1":101,"B2":1057,"B3":611,"B4":29,"B5":889,"B6":515,"B7":22,"B8":546,"B9":539}}

--- stderr ---
SingleTrialExperiment starting: ontology=/workspaces/ontologyutils-ekaw26/repair-power-index-replication-ekaw26/ontologies/inconsistent/SENSO.owl, seed=979814, run_id=20260624134028346645
Loaded ontology.
Normalizing ontology with SROIQ normalization...
Normalized ontology with SROIQ normalization.
Ontology is already inconsistent, skipping make-inconsistent step.
Repairing with A1 (random-removal)...
[2026-06-24 14:38:09.798] Checking precondition...
[2026-06-24 14:38:09.807] Starting the repair...
[2026-06-24 14:38:09.812] Found 13 possible bad axioms.
[2026-06-24 14:38:09.814] Selected the bad axiom SubClassOf(owl:Thing http://purl.dataone.org/odo/SENSO_00000001).
[2026-06-24 14:38:09.818] Finished repairing the ontology.
Repairing with A2 (not-in-largest-mcs-removal)...
[2026-06-24 14:38:09.818] Checking precondition...
[2026-06-24 14:38:09.826] Starting the repair...
[2026-06-24 14:38:09.935] Found 4 possible bad axioms.
[2026-06-24 14:38:09.936] Selected the bad axiom SubClassOf(http://purl.dataone.org/odo/SENSO_00000001 http://purl.dataone.org/odo/SENSO_00000004).
[2026-06-24 14:38:09.938] Finished repairing the ontology.
Repairing with A3 (default-weakening)...
[2026-06-24 14:38:09.940] Checking precondition...
[2026-06-24 14:38:09.942] Starting the repair...
[2026-06-24 14:38:09.951] Selected a reference ontology with 17 axioms.
[2026-06-24 14:38:10.090] Selected the bad axiom SubClassOf(owl:Thing http://purl.dataone.org/odo/SENSO_00000001).
[2026-06-24 14:38:10.101] Selected the weaker axiom SubClassOf(http://purl.dataone.org/odo/SENSO_00000001 http://purl.dataone.org/odo/SENSO_00000001).
[2026-06-24 14:38:10.103] Finished repairing the ontology.
Repairing with B1 (bad-in_some_mus-weaker-random)...
[2026-06-24 14:38:10.104] Checking precondition...
[2026-06-24 14:38:10.105] Starting the repair...
[2026-06-24 14:38:10.109] Selected a reference ontology with 17 axioms.
[2026-06-24 14:38:10.201] Selected the bad axiom SubClassOf(http://purl.dataone.org/odo/SENSO_00000004 http://purl.dataone.org/odo/SENSO_00000003).
[2026-06-24 14:38:10.204] Selected the weaker axiom SubClassOf(http://purl.dataone.org/odo/SENSO_00000004 ObjectAllValuesFrom(http://purl.dataone.org/odo/SENSO_00000005 http://purl.dataone.org/odo/SENSO_00000004)).
[2026-06-24 14:38:10.205] Finished repairing the ontology.
Repairing with B2 (bad-in_some_mus-weaker-shapley)...
[2026-06-24 14:38:10.207] Checking precondition...
[2026-06-24 14:38:10.208] Starting the repair...
[2026-06-24 14:38:10.212] Selected a reference ontology with 17 axioms.
[2026-06-24 14:38:10.285] Selected the bad axiom SubClassOf(http://purl.dataone.org/odo/SENSO_00000004 http://purl.dataone.org/odo/SENSO_00000003).
[PowerIndexWeakerAxiomSelector] Scoring 16 candidate weakenings for SENSO_00000004 ⊑ SENSO_00000003
[PowerIndexWeakerAxiomSelector] Selected weaker axiom: SENSO_00000002 ⊑ SENSO_00000003
[2026-06-24 14:38:10.796] Selected the weaker axiom SubClassOf(http://purl.dataone.org/odo/SENSO_00000002 h
...[truncated]
SUCCESS: attempt=70 seed=979814 success_count=55/100
progress: ontology=SENSO attempt=70 success=55/100
----- SENSO attempt=71 seed=994014 at 2026-06-24 14:38:14 -----
--- stdout ---
{"seed":994014,"run_id":"20260624134028346645","trial_status":"success","error_type":null,"failure_stage":null,"error_message":null,"iic_values":{"B1_vs_A1":0.8,"B1_vs_A2":0.5,"B1_vs_A3":0.5,"B2_vs_A1":0.5,"B2_vs_A2":0.3333333333333333,"B2_vs_A3":0.3333333333333333,"B3_vs_A1":0.6666666666666666,"B3_vs_A2":0.5,"B3_vs_A3":0.5,"B4_vs_A1":0.6666666666666666,"B4_vs_A2":0.5,"B4_vs_A3":0.5,"B5_vs_A1":0.6666666666666666,"B5_vs_A2":0.5,"B5_vs_A3":0.5,"B6_vs_A1":0.6666666666666666,"B6_vs_A2":0.5,"B6_vs_A3":0.5,"B7_vs_A1":0.6666666666666666,"B7_vs_A2":0.5,"B7_vs_A3":0.5,"B8_vs_A1":0.6666666666666666,"B8_vs_A2":0.5,"B8_vs_A3":0.5,"B9_vs_A1":0.6666666666666666,"B9_vs_A2":0.5,"B9_vs_A3":0.5},"repair_runtimes_ms":{"A1":39,"A2":110,"A3":164,"B1":96,"B2":866,"B3":226,"B4":44,"B5":984,"B6":789,"B7":34,"B8":752,"B9":770}}

--- stderr ---
SingleTrialExperiment starting: ontology=/workspaces/ontologyutils-ekaw26/repair-power-index-replication-ekaw26/ontologies/inconsistent/SENSO.owl, seed=994014, run_id=20260624134028346645
Loaded ontology.
Normalizing ontology with SROIQ normalization...
Normalized ontology with SROIQ normalization.
Ontology is already inconsistent, skipping make-inconsistent step.
Repairing with A1 (random-removal)...
[2026-06-24 14:38:14.841] Checking precondition...
[2026-06-24 14:38:14.850] Starting the repair...
[2026-06-24 14:38:14.857] Found 13 possible bad axioms.
[2026-06-24 14:38:14.859] Selected the bad axiom SubClassOf(http://purl.dataone.org/odo/SENSO_00000003 http://purl.dataone.org/odo/SENSO_00000004).
[2026-06-24 14:38:14.862] Found 12 possible bad axioms.
[2026-06-24 14:38:14.863] Selected the bad axiom SubClassOf(owl:Thing ObjectAllValuesFrom(http://purl.dataone.org/odo/SENSO_00000005 http://purl.dataone.org/odo/SENSO_00000001)).
[2026-06-24 14:38:14.866] Found 11 possible bad axioms.
[2026-06-24 14:38:14.867] Selected the bad axiom SubClassOf(http://purl.dataone.org/odo/SENSO_00000002 http://purl.dataone.org/odo/SENSO_00000001).
[2026-06-24 14:38:14.870] Found 10 possible bad axioms.
[2026-06-24 14:38:14.871] Selected the bad axiom SubClassOf(http://purl.dataone.org/odo/SENSO_00000003 http://purl.dataone.org/odo/SENSO_00000001).
[2026-06-24 14:38:14.873] Found 9 possible bad axioms.
[2026-06-24 14:38:14.873] Selected the bad axiom SubClassOf(http://purl.dataone.org/odo/SENSO_00000004 http://purl.dataone.org/odo/SENSO_00000003).
[2026-06-24 14:38:14.876] Finished repairing the ontology.
Repairing with A2 (not-in-largest-mcs-removal)...
[2026-06-24 14:38:14.877] Checking precondition...
[2026-06-24 14:38:14.883] Starting the repair...
[2026-06-24 14:38:14.987] Found 4 possible bad axioms.
[2026-06-24 14:38:14.987] Selected the bad axiom SubClassOf(owl:Thing http://purl.dataone.org/odo/SENSO_00000001).
[2026-06-24 14:38:14.987] Finished repairing the ontology.
Repairing with A3 (default-weakening)...
[2026-06-24 14:38:14.989] Checking precondition...
[2026-06-24 14:38:14.991] Starting the repair...
[2026-06-24 14:38:15.000] Selected a reference ontology with 17 axioms.
[2026-06-24 14:38:15.136] Selected the bad axiom SubClassOf(owl:Thing http://purl.dataone.org/odo/SENSO_00000001).
[2026-06-24 14:38:15.150] Selected the weaker axiom SubClassOf(owl:Thing ObjectAllValuesFrom(http://purl.dataone.org/odo/SENSO_00000005 http://purl.dataone.org/odo/SENSO_00000001)).
[2026-06-24 14:38:15.151] Finished repairing the ontology.
Repairing with B1 (bad-in_some_mus-weaker-random)...
[2026-06-24 14:38:15.152] Checking precondition...
[2026-06-24 14:38:15.154] Starting the repair...
[2026-06-24 14:38:15.158] Selected a reference ontology with 17 axioms.
[2026-06-24 14:38:15.244] Selected the bad axiom SubClassOf(http://purl.dataone.org/odo/SENSO_00000003 owl:Nothing).
[2026-06-24 14:38:15.247] Selected the weaker axiom SubClassOf(http://purl.dataone.org/odo/SENSO
...[truncated]
SUCCESS: attempt=71 seed=994014 success_count=56/100
progress: ontology=SENSO attempt=71 success=56/100
----- SENSO attempt=72 seed=1008214 at 2026-06-24 14:38:19 -----
--- stdout ---
{"seed":1008214,"run_id":"20260624134028346645","trial_status":"success","error_type":null,"failure_stage":null,"error_message":null,"iic_values":{"B1_vs_A1":0.2,"B1_vs_A2":0.2857142857142857,"B1_vs_A3":0.2,"B2_vs_A1":0.25,"B2_vs_A2":0.4,"B2_vs_A3":0.25,"B3_vs_A1":0.5,"B3_vs_A2":0.8,"B3_vs_A3":0.5,"B4_vs_A1":0.5,"B4_vs_A2":0.6666666666666666,"B4_vs_A3":0.5,"B5_vs_A1":0.5,"B5_vs_A2":0.6666666666666666,"B5_vs_A3":0.5,"B6_vs_A1":0.5,"B6_vs_A2":0.6666666666666666,"B6_vs_A3":0.5,"B7_vs_A1":0.5,"B7_vs_A2":0.6666666666666666,"B7_vs_A3":0.5,"B8_vs_A1":0.5,"B8_vs_A2":0.6666666666666666,"B8_vs_A3":0.5,"B9_vs_A1":0.5,"B9_vs_A2":0.6666666666666666,"B9_vs_A3":0.5},"repair_runtimes_ms":{"A1":25,"A2":117,"A3":161,"B1":96,"B2":546,"B3":302,"B4":46,"B5":1155,"B6":807,"B7":28,"B8":742,"B9":794}}

--- stderr ---
SingleTrialExperiment starting: ontology=/workspaces/ontologyutils-ekaw26/repair-power-index-replication-ekaw26/ontologies/inconsistent/SENSO.owl, seed=1008214, run_id=20260624134028346645
Loaded ontology.
Normalizing ontology with SROIQ normalization...
Normalized ontology with SROIQ normalization.
Ontology is already inconsistent, skipping make-inconsistent step.
Repairing with A1 (random-removal)...
[2026-06-24 14:38:20.143] Checking precondition...
[2026-06-24 14:38:20.152] Starting the repair...
[2026-06-24 14:38:20.158] Found 13 possible bad axioms.
[2026-06-24 14:38:20.159] Selected the bad axiom SubClassOf(http://purl.dataone.org/odo/SENSO_00000003 owl:Nothing).
[2026-06-24 14:38:20.164] Finished repairing the ontology.
Repairing with A2 (not-in-largest-mcs-removal)...
[2026-06-24 14:38:20.165] Checking precondition...
[2026-06-24 14:38:20.171] Starting the repair...
[2026-06-24 14:38:20.280] Found 4 possible bad axioms.
[2026-06-24 14:38:20.281] Selected the bad axiom SubClassOf(http://purl.dataone.org/odo/SENSO_00000004 http://purl.dataone.org/odo/SENSO_00000003).
[2026-06-24 14:38:20.281] Finished repairing the ontology.
Repairing with A3 (default-weakening)...
[2026-06-24 14:38:20.283] Checking precondition...
[2026-06-24 14:38:20.287] Starting the repair...
[2026-06-24 14:38:20.296] Selected a reference ontology with 17 axioms.
[2026-06-24 14:38:20.430] Selected the bad axiom SubClassOf(http://purl.dataone.org/odo/SENSO_00000003 owl:Nothing).
[2026-06-24 14:38:20.441] Selected the weaker axiom SubClassOf(http://purl.dataone.org/odo/SENSO_00000003 http://purl.dataone.org/odo/SENSO_00000004).
[2026-06-24 14:38:20.442] Finished repairing the ontology.
Repairing with B1 (bad-in_some_mus-weaker-random)...
[2026-06-24 14:38:20.443] Checking precondition...
[2026-06-24 14:38:20.445] Starting the repair...
[2026-06-24 14:38:20.450] Selected a reference ontology with 17 axioms.
[2026-06-24 14:38:20.536] Selected the bad axiom SubClassOf(http://purl.dataone.org/odo/SENSO_00000001 http://purl.dataone.org/odo/SENSO_00000004).
[2026-06-24 14:38:20.538] Selected the weaker axiom SubClassOf(http://purl.dataone.org/odo/SENSO_00000001 ObjectAllValuesFrom(http://purl.dataone.org/odo/SENSO_00000005 http://purl.dataone.org/odo/SENSO_00000004)).
[2026-06-24 14:38:20.539] Finished repairing the ontology.
Repairing with B2 (bad-in_some_mus-weaker-shapley)...
[2026-06-24 14:38:20.542] Checking precondition...
[2026-06-24 14:38:20.543] Starting the repair...
[2026-06-24 14:38:20.545] Selected a reference ontology with 17 axioms.
[2026-06-24 14:38:20.620] Selected the bad axiom SubClassOf(http://purl.dataone.org/odo/SENSO_00000001 http://purl.dataone.org/odo/SENSO_00000004).
[PowerIndexWeakerAxiomSelector] Scoring 8 candidate weakenings for SENSO_00000001 ⊑ SENSO_00000004
[PowerIndexWeakerAxiomSelector] Selected weaker axiom: SENSO_00000001 ⊑ SENSO_00000002
[2026-06-24 14:38:21.080] Selected the weaker axiom SubClassOf(http://purl.dataone.org/odo/SENSO_000000
...[truncated]
SUCCESS: attempt=72 seed=1008214 success_count=57/100
progress: ontology=SENSO attempt=72 success=57/100
----- SENSO attempt=73 seed=1022414 at 2026-06-24 14:38:25 -----
--- stdout ---
{"seed":1022414,"run_id":"20260624134028346645","trial_status":"time_limit_exceeded","error_type":"timeout","failure_stage":"B7","error_message":"Repair timeout: B7 exceeded 300 seconds","iic_values":{},"repair_runtimes_ms":{"A1":24,"A2":120,"A3":235,"B1":389,"B2":472,"B3":299,"B4":36,"B5":1036,"B6":775,"B7":300001}}

--- stderr ---
SingleTrialExperiment starting: ontology=/workspaces/ontologyutils-ekaw26/repair-power-index-replication-ekaw26/ontologies/inconsistent/SENSO.owl, seed=1022414, run_id=20260624134028346645
Loaded ontology.
Normalizing ontology with SROIQ normalization...
Normalized ontology with SROIQ normalization.
Ontology is already inconsistent, skipping make-inconsistent step.
Repairing with A1 (random-removal)...
[2026-06-24 14:38:25.372] Checking precondition...
[2026-06-24 14:38:25.380] Starting the repair...
[2026-06-24 14:38:25.386] Found 13 possible bad axioms.
[2026-06-24 14:38:25.388] Selected the bad axiom SubClassOf(http://purl.dataone.org/odo/SENSO_00000001 http://purl.dataone.org/odo/SENSO_00000004).
[2026-06-24 14:38:25.392] Finished repairing the ontology.
Repairing with A2 (not-in-largest-mcs-removal)...
[2026-06-24 14:38:25.393] Checking precondition...
[2026-06-24 14:38:25.400] Starting the repair...
[2026-06-24 14:38:25.512] Found 4 possible bad axioms.
[2026-06-24 14:38:25.512] Selected the bad axiom SubClassOf(http://purl.dataone.org/odo/SENSO_00000004 http://purl.dataone.org/odo/SENSO_00000003).
[2026-06-24 14:38:25.513] Finished repairing the ontology.
Repairing with A3 (default-weakening)...
[2026-06-24 14:38:25.515] Checking precondition...
[2026-06-24 14:38:25.517] Starting the repair...
[2026-06-24 14:38:25.527] Selected a reference ontology with 17 axioms.
[2026-06-24 14:38:25.661] Selected the bad axiom SubClassOf(http://purl.dataone.org/odo/SENSO_00000001 http://purl.dataone.org/odo/SENSO_00000004).
[2026-06-24 14:38:25.672] Selected the weaker axiom SubClassOf(http://purl.dataone.org/odo/SENSO_00000001 owl:Nothing).
[2026-06-24 14:38:25.748] Selected the bad axiom SubClassOf(owl:Thing http://purl.dataone.org/odo/SENSO_00000001).
[2026-06-24 14:38:25.749] Selected the weaker axiom SubClassOf(http://purl.dataone.org/odo/SENSO_00000004 http://purl.dataone.org/odo/SENSO_00000001).
[2026-06-24 14:38:25.749] Finished repairing the ontology.
Repairing with B1 (bad-in_some_mus-weaker-random)...
[2026-06-24 14:38:25.750] Checking precondition...
[2026-06-24 14:38:25.752] Starting the repair...
[2026-06-24 14:38:25.755] Selected a reference ontology with 17 axioms.
[2026-06-24 14:38:25.829] Selected the bad axiom SubClassOf(owl:Thing http://purl.dataone.org/odo/SENSO_00000001).
[2026-06-24 14:38:25.832] Selected the weaker axiom SubClassOf(ObjectAllValuesFrom(http://purl.dataone.org/odo/SENSO_00000005 http://purl.dataone.org/odo/SENSO_00000001) http://purl.dataone.org/odo/SENSO_00000001).
[2026-06-24 14:38:25.919] Selected the bad axiom SubClassOf(ObjectAllValuesFrom(http://purl.dataone.org/odo/SENSO_00000005 http://purl.dataone.org/odo/SENSO_00000001) http://purl.dataone.org/odo/SENSO_00000001).
[2026-06-24 14:38:25.920] Selected the weaker axiom SubClassOf(ObjectAllValuesFrom(http://purl.dataone.org/odo/SENSO_00000005 owl:Thing) http://purl.dataone.org/odo/SENSO_00000001).
[2026-06-24 14:38:25.970] Selected the bad axiom SubClassOf(http
...[truncated]
FAIL: attempt=73 seed=1022414 status=time_limit_exceeded stage=B7 message=Repair timeout: B7 exceeded 300 seconds
progress: ontology=SENSO attempt=73 success=57/100
----- SENSO attempt=74 seed=1036614 at 2026-06-24 14:43:29 -----
--- stdout ---
{"seed":1036614,"run_id":"20260624134028346645","trial_status":"success","error_type":null,"failure_stage":null,"error_message":null,"iic_values":{"B1_vs_A1":0.125,"B1_vs_A2":0.2,"B1_vs_A3":0.2,"B2_vs_A1":0.125,"B2_vs_A2":0.2,"B2_vs_A3":0.2,"B3_vs_A1":0.5,"B3_vs_A2":0.5,"B3_vs_A3":0.5,"B4_vs_A1":0.5,"B4_vs_A2":0.5,"B4_vs_A3":0.5,"B5_vs_A1":0.5,"B5_vs_A2":0.5,"B5_vs_A3":0.5,"B6_vs_A1":0.5,"B6_vs_A2":0.5,"B6_vs_A3":0.5,"B7_vs_A1":0.5,"B7_vs_A2":0.5,"B7_vs_A3":0.5,"B8_vs_A1":0.5,"B8_vs_A2":0.5,"B8_vs_A3":0.5,"B9_vs_A1":0.5,"B9_vs_A2":0.5,"B9_vs_A3":0.5},"repair_runtimes_ms":{"A1":40,"A2":110,"A3":162,"B1":96,"B2":560,"B3":502,"B4":44,"B5":689,"B6":827,"B7":44,"B8":732,"B9":821}}

--- stderr ---
SingleTrialExperiment starting: ontology=/workspaces/ontologyutils-ekaw26/repair-power-index-replication-ekaw26/ontologies/inconsistent/SENSO.owl, seed=1036614, run_id=20260624134028346645
Loaded ontology.
Normalizing ontology with SROIQ normalization...
Normalized ontology with SROIQ normalization.
Ontology is already inconsistent, skipping make-inconsistent step.
Repairing with A1 (random-removal)...
[2026-06-24 14:43:29.371] Checking precondition...
[2026-06-24 14:43:29.380] Starting the repair...
[2026-06-24 14:43:29.385] Found 13 possible bad axioms.
[2026-06-24 14:43:29.386] Selected the bad axiom SubClassOf(owl:Thing ObjectAllValuesFrom(http://purl.dataone.org/odo/SENSO_00000005 http://purl.dataone.org/odo/SENSO_00000004)).
[2026-06-24 14:43:29.391] Found 12 possible bad axioms.
[2026-06-24 14:43:29.391] Selected the bad axiom SubClassOf(http://purl.dataone.org/odo/SENSO_00000003 http://purl.dataone.org/odo/SENSO_00000004).
[2026-06-24 14:43:29.394] Found 11 possible bad axioms.
[2026-06-24 14:43:29.395] Selected the bad axiom SubClassOf(http://purl.dataone.org/odo/SENSO_00000003 http://purl.dataone.org/odo/SENSO_00000002).
[2026-06-24 14:43:29.398] Found 10 possible bad axioms.
[2026-06-24 14:43:29.398] Selected the bad axiom SubClassOf(owl:Thing ObjectAllValuesFrom(http://purl.dataone.org/odo/SENSO_00000005 owl:Nothing)).
[2026-06-24 14:43:29.401] Found 9 possible bad axioms.
[2026-06-24 14:43:29.401] Selected the bad axiom SubClassOf(http://purl.dataone.org/odo/SENSO_00000004 http://purl.dataone.org/odo/SENSO_00000002).
[2026-06-24 14:43:29.404] Found 8 possible bad axioms.
[2026-06-24 14:43:29.404] Selected the bad axiom SubClassOf(owl:Thing http://purl.dataone.org/odo/SENSO_00000001).
[2026-06-24 14:43:29.406] Finished repairing the ontology.
Repairing with A2 (not-in-largest-mcs-removal)...
[2026-06-24 14:43:29.407] Checking precondition...
[2026-06-24 14:43:29.413] Starting the repair...
[2026-06-24 14:43:29.516] Found 4 possible bad axioms.
[2026-06-24 14:43:29.516] Selected the bad axiom SubClassOf(http://purl.dataone.org/odo/SENSO_00000003 owl:Nothing).
[2026-06-24 14:43:29.517] Finished repairing the ontology.
Repairing with A3 (default-weakening)...
[2026-06-24 14:43:29.519] Checking precondition...
[2026-06-24 14:43:29.520] Starting the repair...
[2026-06-24 14:43:29.528] Selected a reference ontology with 17 axioms.
[2026-06-24 14:43:29.666] Selected the bad axiom SubClassOf(http://purl.dataone.org/odo/SENSO_00000003 owl:Nothing).
[2026-06-24 14:43:29.678] Selected the weaker axiom SubClassOf(http://purl.dataone.org/odo/SENSO_00000003 http://purl.dataone.org/odo/SENSO_00000002).
[2026-06-24 14:43:29.680] Finished repairing the ontology.
Repairing with B1 (bad-in_some_mus-weaker-random)...
[2026-06-24 14:43:29.680] Checking precondition...
[2026-06-24 14:43:29.682] Starting the repair...
[2026-06-24 14:43:29.686] Selected a reference ontology with 17 axioms.
[2026-06-24 14:43:29.773] Selected the bad axiom SubClassOf(http://pu
...[truncated]
SUCCESS: attempt=74 seed=1036614 success_count=58/100
progress: ontology=SENSO attempt=74 success=58/100
----- SENSO attempt=75 seed=1050814 at 2026-06-24 14:43:34 -----
--- stdout ---
{"seed":1050814,"run_id":"20260624134028346645","trial_status":"success","error_type":null,"failure_stage":null,"error_message":null,"iic_values":{"B1_vs_A1":0.8,"B1_vs_A2":0.5,"B1_vs_A3":0.5,"B2_vs_A1":0.7142857142857143,"B2_vs_A2":0.2,"B2_vs_A3":0.3333333333333333,"B3_vs_A1":0.5,"B3_vs_A2":0.2,"B3_vs_A3":0.125,"B4_vs_A1":0.875,"B4_vs_A2":0.5,"B4_vs_A3":0.5,"B5_vs_A1":0.875,"B5_vs_A2":0.5,"B5_vs_A3":0.5,"B6_vs_A1":0.875,"B6_vs_A2":0.5,"B6_vs_A3":0.5,"B7_vs_A1":0.875,"B7_vs_A2":0.5,"B7_vs_A3":0.5,"B8_vs_A1":0.875,"B8_vs_A2":0.5,"B8_vs_A3":0.5,"B9_vs_A1":0.875,"B9_vs_A2":0.5,"B9_vs_A3":0.5},"repair_runtimes_ms":{"A1":34,"A2":119,"A3":161,"B1":192,"B2":380,"B3":324,"B4":107,"B5":757,"B6":801,"B7":22,"B8":738,"B9":817}}

--- stderr ---
SingleTrialExperiment starting: ontology=/workspaces/ontologyutils-ekaw26/repair-power-index-replication-ekaw26/ontologies/inconsistent/SENSO.owl, seed=1050814, run_id=20260624134028346645
Loaded ontology.
Normalizing ontology with SROIQ normalization...
Normalized ontology with SROIQ normalization.
Ontology is already inconsistent, skipping make-inconsistent step.
Repairing with A1 (random-removal)...
[2026-06-24 14:43:34.420] Checking precondition...
[2026-06-24 14:43:34.429] Starting the repair...
[2026-06-24 14:43:34.435] Found 13 possible bad axioms.
[2026-06-24 14:43:34.437] Selected the bad axiom SubClassOf(http://purl.dataone.org/odo/SENSO_00000002 http://purl.dataone.org/odo/SENSO_00000001).
[2026-06-24 14:43:34.441] Found 12 possible bad axioms.
[2026-06-24 14:43:34.441] Selected the bad axiom SubClassOf(owl:Thing ObjectAllValuesFrom(http://purl.dataone.org/odo/SENSO_00000005 owl:Nothing)).
[2026-06-24 14:43:34.445] Found 11 possible bad axioms.
[2026-06-24 14:43:34.446] Selected the bad axiom SubClassOf(http://purl.dataone.org/odo/SENSO_00000001 http://purl.dataone.org/odo/SENSO_00000004).
[2026-06-24 14:43:34.450] Finished repairing the ontology.
Repairing with A2 (not-in-largest-mcs-removal)...
[2026-06-24 14:43:34.451] Checking precondition...
[2026-06-24 14:43:34.456] Starting the repair...
[2026-06-24 14:43:34.568] Found 4 possible bad axioms.
[2026-06-24 14:43:34.568] Selected the bad axiom SubClassOf(http://purl.dataone.org/odo/SENSO_00000003 owl:Nothing).
[2026-06-24 14:43:34.569] Finished repairing the ontology.
Repairing with A3 (default-weakening)...
[2026-06-24 14:43:34.571] Checking precondition...
[2026-06-24 14:43:34.573] Starting the repair...
[2026-06-24 14:43:34.582] Selected a reference ontology with 17 axioms.
[2026-06-24 14:43:34.719] Selected the bad axiom SubClassOf(owl:Thing http://purl.dataone.org/odo/SENSO_00000001).
[2026-06-24 14:43:34.729] Selected the weaker axiom SubClassOf(http://purl.dataone.org/odo/SENSO_00000004 http://purl.dataone.org/odo/SENSO_00000001).
[2026-06-24 14:43:34.731] Finished repairing the ontology.
Repairing with B1 (bad-in_some_mus-weaker-random)...
[2026-06-24 14:43:34.731] Checking precondition...
[2026-06-24 14:43:34.733] Starting the repair...
[2026-06-24 14:43:34.738] Selected a reference ontology with 17 axioms.
[2026-06-24 14:43:34.823] Selected the bad axiom SubClassOf(owl:Thing http://purl.dataone.org/odo/SENSO_00000001).
[2026-06-24 14:43:34.827] Selected the weaker axiom SubClassOf(ObjectAllValuesFrom(http://purl.dataone.org/odo/SENSO_00000005 http://purl.dataone.org/odo/SENSO_00000001) http://purl.dataone.org/odo/SENSO_00000001).
[2026-06-24 14:43:34.922] Selected the bad axiom SubClassOf(http://purl.dataone.org/odo/SENSO_00000003 owl:Nothing).
[2026-06-24 14:43:34.922] Selected the weaker axiom SubClassOf(http://purl.dataone.org/odo/SENSO_00000003 http://purl.dataone.org/odo/SENSO_00000001).
[2026-06-24 14:43:34.923] Finished repairing the ontology.
Repairing with B2 (bad
...[truncated]
SUCCESS: attempt=75 seed=1050814 success_count=59/100
progress: ontology=SENSO attempt=75 success=59/100
----- SENSO attempt=76 seed=1065014 at 2026-06-24 14:43:38 -----
--- stdout ---
{"seed":1065014,"run_id":"20260624134028346645","trial_status":"success","error_type":null,"failure_stage":null,"error_message":null,"iic_values":{"B1_vs_A1":0.875,"B1_vs_A2":0.875,"B1_vs_A3":0.5,"B2_vs_A1":0.8,"B2_vs_A2":0.8,"B2_vs_A3":0.5,"B3_vs_A1":0.875,"B3_vs_A2":0.875,"B3_vs_A3":0.5,"B4_vs_A1":0.875,"B4_vs_A2":0.875,"B4_vs_A3":0.5,"B5_vs_A1":0.875,"B5_vs_A2":0.875,"B5_vs_A3":0.5,"B6_vs_A1":0.875,"B6_vs_A2":0.875,"B6_vs_A3":0.5,"B7_vs_A1":0.875,"B7_vs_A2":0.875,"B7_vs_A3":0.5,"B8_vs_A1":0.875,"B8_vs_A2":0.875,"B8_vs_A3":0.5,"B9_vs_A1":0.875,"B9_vs_A2":0.875,"B9_vs_A3":0.5},"repair_runtimes_ms":{"A1":48,"A2":118,"A3":234,"B1":135,"B2":446,"B3":330,"B4":50,"B5":1030,"B6":847,"B7":25,"B8":728,"B9":844}}

--- stderr ---
SingleTrialExperiment starting: ontology=/workspaces/ontologyutils-ekaw26/repair-power-index-replication-ekaw26/ontologies/inconsistent/SENSO.owl, seed=1065014, run_id=20260624134028346645
Loaded ontology.
Normalizing ontology with SROIQ normalization...
Normalized ontology with SROIQ normalization.
Ontology is already inconsistent, skipping make-inconsistent step.
Repairing with A1 (random-removal)...
[2026-06-24 14:43:39.281] Checking precondition...
[2026-06-24 14:43:39.292] Starting the repair...
[2026-06-24 14:43:39.299] Found 13 possible bad axioms.
[2026-06-24 14:43:39.300] Selected the bad axiom SubClassOf(owl:Thing ObjectAllValuesFrom(http://purl.dataone.org/odo/SENSO_00000005 http://purl.dataone.org/odo/SENSO_00000001)).
[2026-06-24 14:43:39.305] Found 12 possible bad axioms.
[2026-06-24 14:43:39.306] Selected the bad axiom SubClassOf(http://purl.dataone.org/odo/SENSO_00000003 http://purl.dataone.org/odo/SENSO_00000001).
[2026-06-24 14:43:39.310] Found 11 possible bad axioms.
[2026-06-24 14:43:39.310] Selected the bad axiom SubClassOf(http://purl.dataone.org/odo/SENSO_00000002 http://purl.dataone.org/odo/SENSO_00000001).
[2026-06-24 14:43:39.315] Found 10 possible bad axioms.
[2026-06-24 14:43:39.315] Selected the bad axiom SubClassOf(http://purl.dataone.org/odo/SENSO_00000003 http://purl.dataone.org/odo/SENSO_00000004).
[2026-06-24 14:43:39.318] Found 9 possible bad axioms.
[2026-06-24 14:43:39.318] Selected the bad axiom SubClassOf(http://purl.dataone.org/odo/SENSO_00000004 http://purl.dataone.org/odo/SENSO_00000001).
[2026-06-24 14:43:39.321] Found 8 possible bad axioms.
[2026-06-24 14:43:39.322] Selected the bad axiom SubClassOf(http://purl.dataone.org/odo/SENSO_00000001 http://purl.dataone.org/odo/SENSO_00000004).
[2026-06-24 14:43:39.324] Finished repairing the ontology.
Repairing with A2 (not-in-largest-mcs-removal)...
[2026-06-24 14:43:39.325] Checking precondition...
[2026-06-24 14:43:39.332] Starting the repair...
[2026-06-24 14:43:39.442] Found 4 possible bad axioms.
[2026-06-24 14:43:39.442] Selected the bad axiom SubClassOf(http://purl.dataone.org/odo/SENSO_00000001 http://purl.dataone.org/odo/SENSO_00000004).
[2026-06-24 14:43:39.443] Finished repairing the ontology.
Repairing with A3 (default-weakening)...
[2026-06-24 14:43:39.444] Checking precondition...
[2026-06-24 14:43:39.446] Starting the repair...
[2026-06-24 14:43:39.455] Selected a reference ontology with 17 axioms.
[2026-06-24 14:43:39.594] Selected the bad axiom SubClassOf(http://purl.dataone.org/odo/SENSO_00000004 http://purl.dataone.org/odo/SENSO_00000003).
[2026-06-24 14:43:39.605] Selected the weaker axiom SubClassOf(owl:Thing http://purl.dataone.org/odo/SENSO_00000003).
[2026-06-24 14:43:39.676] Selected the bad axiom SubClassOf(http://purl.dataone.org/odo/SENSO_00000003 owl:Nothing).
[2026-06-24 14:43:39.677] Selected the weaker axiom SubClassOf(http://purl.dataone.org/odo/SENSO_00000003 http://purl.dataone.org/odo/SENSO_00000004).
[2026-06-24 14:43:39.67
...[truncated]
SUCCESS: attempt=76 seed=1065014 success_count=60/100
progress: ontology=SENSO attempt=76 success=60/100
----- SENSO attempt=77 seed=1079214 at 2026-06-24 14:43:44 -----
--- stdout ---
{"seed":1079214,"run_id":"20260624134028346645","trial_status":"success","error_type":null,"failure_stage":null,"error_message":null,"iic_values":{"B1_vs_A1":0.5,"B1_vs_A2":0.6666666666666666,"B1_vs_A3":0.5,"B2_vs_A1":0.125,"B2_vs_A2":0.2857142857142857,"B2_vs_A3":0.2,"B3_vs_A1":0.5,"B3_vs_A2":0.8,"B3_vs_A3":0.5,"B4_vs_A1":0.5,"B4_vs_A2":0.6666666666666666,"B4_vs_A3":0.5,"B5_vs_A1":0.5,"B5_vs_A2":0.6666666666666666,"B5_vs_A3":0.5,"B6_vs_A1":0.5,"B6_vs_A2":0.6666666666666666,"B6_vs_A3":0.5,"B7_vs_A1":0.5,"B7_vs_A2":0.6666666666666666,"B7_vs_A3":0.5,"B8_vs_A1":0.5,"B8_vs_A2":0.6666666666666666,"B8_vs_A3":0.5,"B9_vs_A1":0.5,"B9_vs_A2":0.6666666666666666,"B9_vs_A3":0.5},"repair_runtimes_ms":{"A1":33,"A2":114,"A3":348,"B1":60,"B2":565,"B3":698,"B4":37,"B5":840,"B6":849,"B7":29,"B8":739,"B9":907}}

--- stderr ---
SingleTrialExperiment starting: ontology=/workspaces/ontologyutils-ekaw26/repair-power-index-replication-ekaw26/ontologies/inconsistent/SENSO.owl, seed=1079214, run_id=20260624134028346645
Loaded ontology.
Normalizing ontology with SROIQ normalization...
Normalized ontology with SROIQ normalization.
Ontology is already inconsistent, skipping make-inconsistent step.
Repairing with A1 (random-removal)...
[2026-06-24 14:43:44.529] Checking precondition...
[2026-06-24 14:43:44.538] Starting the repair...
[2026-06-24 14:43:44.543] Found 13 possible bad axioms.
[2026-06-24 14:43:44.545] Selected the bad axiom SubClassOf(owl:Thing ObjectAllValuesFrom(http://purl.dataone.org/odo/SENSO_00000005 http://purl.dataone.org/odo/SENSO_00000004)).
[2026-06-24 14:43:44.548] Found 12 possible bad axioms.
[2026-06-24 14:43:44.549] Selected the bad axiom SubClassOf(http://purl.dataone.org/odo/SENSO_00000003 http://purl.dataone.org/odo/SENSO_00000004).
[2026-06-24 14:43:44.553] Found 11 possible bad axioms.
[2026-06-24 14:43:44.554] Selected the bad axiom SubClassOf(owl:Thing http://purl.dataone.org/odo/SENSO_00000001).
[2026-06-24 14:43:44.558] Finished repairing the ontology.
Repairing with A2 (not-in-largest-mcs-removal)...
[2026-06-24 14:43:44.559] Checking precondition...
[2026-06-24 14:43:44.565] Starting the repair...
[2026-06-24 14:43:44.671] Found 4 possible bad axioms.
[2026-06-24 14:43:44.671] Selected the bad axiom SubClassOf(http://purl.dataone.org/odo/SENSO_00000004 http://purl.dataone.org/odo/SENSO_00000003).
[2026-06-24 14:43:44.673] Finished repairing the ontology.
Repairing with A3 (default-weakening)...
[2026-06-24 14:43:44.674] Checking precondition...
[2026-06-24 14:43:44.677] Starting the repair...
[2026-06-24 14:43:44.686] Selected a reference ontology with 17 axioms.
[2026-06-24 14:43:44.826] Selected the bad axiom SubClassOf(owl:Thing http://purl.dataone.org/odo/SENSO_00000001).
[2026-06-24 14:43:44.836] Selected the weaker axiom SubClassOf(ObjectAllValuesFrom(http://purl.dataone.org/odo/SENSO_00000005 http://purl.dataone.org/odo/SENSO_00000004) http://purl.dataone.org/odo/SENSO_00000001).
[2026-06-24 14:43:44.954] Selected the bad axiom SubClassOf(http://purl.dataone.org/odo/SENSO_00000003 owl:Nothing).
[2026-06-24 14:43:44.955] Selected the weaker axiom SubClassOf(ObjectAllValuesFrom(http://purl.dataone.org/odo/SENSO_00000005 http://purl.dataone.org/odo/SENSO_00000001) owl:Nothing).
[2026-06-24 14:43:45.020] Selected the bad axiom SubClassOf(ObjectAllValuesFrom(http://purl.dataone.org/odo/SENSO_00000005 http://purl.dataone.org/odo/SENSO_00000001) owl:Nothing).
[2026-06-24 14:43:45.021] Selected the weaker axiom SubClassOf(ObjectAllValuesFrom(http://purl.dataone.org/odo/SENSO_00000005 http://purl.dataone.org/odo/SENSO_00000001) owl:Thing).
[2026-06-24 14:43:45.021] Finished repairing the ontology.
Repairing with B1 (bad-in_some_mus-weaker-random)...
[2026-06-24 14:43:45.022] Checking precondition...
[2026-06-24 14:43:45.023] Starting the repa
...[truncated]
SUCCESS: attempt=77 seed=1079214 success_count=61/100
progress: ontology=SENSO attempt=77 success=61/100
----- SENSO attempt=78 seed=1093414 at 2026-06-24 14:43:50 -----
--- stdout ---
{"seed":1093414,"run_id":"20260624134028346645","trial_status":"success","error_type":null,"failure_stage":null,"error_message":null,"iic_values":{"B1_vs_A1":1.0,"B1_vs_A2":1.0,"B1_vs_A3":0.25,"B2_vs_A1":0.875,"B2_vs_A2":0.875,"B2_vs_A3":0.5,"B3_vs_A1":0.8,"B3_vs_A2":0.8,"B3_vs_A3":0.5,"B4_vs_A1":0.875,"B4_vs_A2":0.875,"B4_vs_A3":0.5,"B5_vs_A1":0.875,"B5_vs_A2":0.875,"B5_vs_A3":0.5,"B6_vs_A1":0.875,"B6_vs_A2":0.875,"B6_vs_A3":0.5,"B7_vs_A1":0.875,"B7_vs_A2":0.875,"B7_vs_A3":0.5,"B8_vs_A1":0.875,"B8_vs_A2":0.875,"B8_vs_A3":0.5,"B9_vs_A1":0.875,"B9_vs_A2":0.875,"B9_vs_A3":0.5},"repair_runtimes_ms":{"A1":24,"A2":122,"A3":344,"B1":156,"B2":407,"B3":289,"B4":109,"B5":1085,"B6":728,"B7":26,"B8":736,"B9":820}}

--- stderr ---
SingleTrialExperiment starting: ontology=/workspaces/ontologyutils-ekaw26/repair-power-index-replication-ekaw26/ontologies/inconsistent/SENSO.owl, seed=1093414, run_id=20260624134028346645
Loaded ontology.
Normalizing ontology with SROIQ normalization...
Normalized ontology with SROIQ normalization.
Ontology is already inconsistent, skipping make-inconsistent step.
Repairing with A1 (random-removal)...
[2026-06-24 14:43:50.344] Checking precondition...
[2026-06-24 14:43:50.352] Starting the repair...
[2026-06-24 14:43:50.357] Found 13 possible bad axioms.
[2026-06-24 14:43:50.358] Selected the bad axiom SubClassOf(http://purl.dataone.org/odo/SENSO_00000001 http://purl.dataone.org/odo/SENSO_00000004).
[2026-06-24 14:43:50.364] Finished repairing the ontology.
Repairing with A2 (not-in-largest-mcs-removal)...
[2026-06-24 14:43:50.364] Checking precondition...
[2026-06-24 14:43:50.372] Starting the repair...
[2026-06-24 14:43:50.484] Found 4 possible bad axioms.
[2026-06-24 14:43:50.484] Selected the bad axiom SubClassOf(http://purl.dataone.org/odo/SENSO_00000001 http://purl.dataone.org/odo/SENSO_00000004).
[2026-06-24 14:43:50.486] Finished repairing the ontology.
Repairing with A3 (default-weakening)...
[2026-06-24 14:43:50.487] Checking precondition...
[2026-06-24 14:43:50.490] Starting the repair...
[2026-06-24 14:43:50.499] Selected a reference ontology with 17 axioms.
[2026-06-24 14:43:50.638] Selected the bad axiom SubClassOf(http://purl.dataone.org/odo/SENSO_00000003 owl:Nothing).
[2026-06-24 14:43:50.650] Selected the weaker axiom SubClassOf(http://purl.dataone.org/odo/SENSO_00000004 owl:Nothing).
[2026-06-24 14:43:50.731] Selected the bad axiom SubClassOf(owl:Thing http://purl.dataone.org/odo/SENSO_00000001).
[2026-06-24 14:43:50.733] Selected the weaker axiom SubClassOf(ObjectAllValuesFrom(http://purl.dataone.org/odo/SENSO_00000005 http://purl.dataone.org/odo/SENSO_00000004) http://purl.dataone.org/odo/SENSO_00000001).
[2026-06-24 14:43:50.829] Selected the bad axiom SubClassOf(http://purl.dataone.org/odo/SENSO_00000004 owl:Nothing).
[2026-06-24 14:43:50.830] Selected the weaker axiom SubClassOf(http://purl.dataone.org/odo/SENSO_00000004 http://purl.dataone.org/odo/SENSO_00000002).
[2026-06-24 14:43:50.830] Finished repairing the ontology.
Repairing with B1 (bad-in_some_mus-weaker-random)...
[2026-06-24 14:43:50.831] Checking precondition...
[2026-06-24 14:43:50.832] Starting the repair...
[2026-06-24 14:43:50.834] Selected a reference ontology with 17 axioms.
[2026-06-24 14:43:50.904] Selected the bad axiom SubClassOf(http://purl.dataone.org/odo/SENSO_00000001 http://purl.dataone.org/odo/SENSO_00000004).
[2026-06-24 14:43:50.906] Selected the weaker axiom SubClassOf(http://purl.dataone.org/odo/SENSO_00000001 http://purl.dataone.org/odo/SENSO_00000003).
[2026-06-24 14:43:50.947] Selected the bad axiom SubClassOf(http://purl.dataone.org/odo/SENSO_00000001 http://purl.dataone.org/odo/SENSO_00000003).
[2026-06-24 14:43:50.948] Selected the w
...[truncated]
SUCCESS: attempt=78 seed=1093414 success_count=62/100
progress: ontology=SENSO attempt=78 success=62/100
----- SENSO attempt=79 seed=1107614 at 2026-06-24 14:43:55 -----
--- stdout ---
{"seed":1107614,"run_id":"20260624134028346645","trial_status":"success","error_type":null,"failure_stage":null,"error_message":null,"iic_values":{"B1_vs_A1":0.7142857142857143,"B1_vs_A2":0.3333333333333333,"B1_vs_A3":0.2,"B2_vs_A1":0.875,"B2_vs_A2":0.5,"B2_vs_A3":0.5,"B3_vs_A1":0.8,"B3_vs_A2":0.5,"B3_vs_A3":0.5,"B4_vs_A1":0.875,"B4_vs_A2":0.5,"B4_vs_A3":0.5,"B5_vs_A1":0.875,"B5_vs_A2":0.5,"B5_vs_A3":0.5,"B6_vs_A1":0.875,"B6_vs_A2":0.5,"B6_vs_A3":0.5,"B7_vs_A1":0.875,"B7_vs_A2":0.5,"B7_vs_A3":0.5,"B8_vs_A1":0.875,"B8_vs_A2":0.5,"B8_vs_A3":0.5,"B9_vs_A1":0.875,"B9_vs_A2":0.5,"B9_vs_A3":0.5},"repair_runtimes_ms":{"A1":36,"A2":132,"A3":173,"B1":170,"B2":435,"B3":404,"B4":42,"B5":1011,"B6":766,"B7":19,"B8":496,"B9":775}}

--- stderr ---
SingleTrialExperiment starting: ontology=/workspaces/ontologyutils-ekaw26/repair-power-index-replication-ekaw26/ontologies/inconsistent/SENSO.owl, seed=1107614, run_id=20260624134028346645
Loaded ontology.
Normalizing ontology with SROIQ normalization...
Normalized ontology with SROIQ normalization.
Ontology is already inconsistent, skipping make-inconsistent step.
Repairing with A1 (random-removal)...
[2026-06-24 14:43:55.612] Checking precondition...
[2026-06-24 14:43:55.621] Starting the repair...
[2026-06-24 14:43:55.626] Found 13 possible bad axioms.
[2026-06-24 14:43:55.628] Selected the bad axiom SubClassOf(http://purl.dataone.org/odo/SENSO_00000002 http://purl.dataone.org/odo/SENSO_00000001).
[2026-06-24 14:43:55.634] Found 12 possible bad axioms.
[2026-06-24 14:43:55.634] Selected the bad axiom SubClassOf(owl:Thing ObjectAllValuesFrom(http://purl.dataone.org/odo/SENSO_00000005 http://purl.dataone.org/odo/SENSO_00000004)).
[2026-06-24 14:43:55.637] Found 11 possible bad axioms.
[2026-06-24 14:43:55.638] Selected the bad axiom SubClassOf(http://purl.dataone.org/odo/SENSO_00000004 http://purl.dataone.org/odo/SENSO_00000002).
[2026-06-24 14:43:55.642] Found 10 possible bad axioms.
[2026-06-24 14:43:55.642] Selected the bad axiom SubClassOf(http://purl.dataone.org/odo/SENSO_00000001 http://purl.dataone.org/odo/SENSO_00000004).
[2026-06-24 14:43:55.645] Finished repairing the ontology.
Repairing with A2 (not-in-largest-mcs-removal)...
[2026-06-24 14:43:55.645] Checking precondition...
[2026-06-24 14:43:55.651] Starting the repair...
[2026-06-24 14:43:55.776] Found 4 possible bad axioms.
[2026-06-24 14:43:55.777] Selected the bad axiom SubClassOf(owl:Thing http://purl.dataone.org/odo/SENSO_00000001).
[2026-06-24 14:43:55.777] Finished repairing the ontology.
Repairing with A3 (default-weakening)...
[2026-06-24 14:43:55.779] Checking precondition...
[2026-06-24 14:43:55.782] Starting the repair...
[2026-06-24 14:43:55.790] Selected a reference ontology with 17 axioms.
[2026-06-24 14:43:55.935] Selected the bad axiom SubClassOf(http://purl.dataone.org/odo/SENSO_00000003 owl:Nothing).
[2026-06-24 14:43:55.948] Selected the weaker axiom SubClassOf(http://purl.dataone.org/odo/SENSO_00000003 http://purl.dataone.org/odo/SENSO_00000003).
[2026-06-24 14:43:55.950] Finished repairing the ontology.
Repairing with B1 (bad-in_some_mus-weaker-random)...
[2026-06-24 14:43:55.951] Checking precondition...
[2026-06-24 14:43:55.953] Starting the repair...
[2026-06-24 14:43:55.958] Selected a reference ontology with 17 axioms.
[2026-06-24 14:43:56.058] Selected the bad axiom SubClassOf(http://purl.dataone.org/odo/SENSO_00000004 http://purl.dataone.org/odo/SENSO_00000003).
[2026-06-24 14:43:56.062] Selected the weaker axiom SubClassOf(owl:Thing http://purl.dataone.org/odo/SENSO_00000003).
[2026-06-24 14:43:56.120] Selected the bad axiom SubClassOf(owl:Thing http://purl.dataone.org/odo/SENSO_00000003).
[2026-06-24 14:43:56.120] Selected the weaker axiom SubClassOf(
...[truncated]
SUCCESS: attempt=79 seed=1107614 success_count=63/100
progress: ontology=SENSO attempt=79 success=63/100
----- SENSO attempt=80 seed=1121814 at 2026-06-24 14:44:00 -----
--- stdout ---
{"seed":1121814,"run_id":"20260624134028346645","trial_status":"success","error_type":null,"failure_stage":null,"error_message":null,"iic_values":{"B1_vs_A1":0.3333333333333333,"B1_vs_A2":0.5,"B1_vs_A3":0.5,"B2_vs_A1":0.5,"B2_vs_A2":0.8,"B2_vs_A3":0.8,"B3_vs_A1":0.125,"B3_vs_A2":0.2857142857142857,"B3_vs_A3":0.2857142857142857,"B4_vs_A1":0.5,"B4_vs_A2":0.6666666666666666,"B4_vs_A3":0.6666666666666666,"B5_vs_A1":0.5,"B5_vs_A2":0.6666666666666666,"B5_vs_A3":0.6666666666666666,"B6_vs_A1":0.5,"B6_vs_A2":0.6666666666666666,"B6_vs_A3":0.6666666666666666,"B7_vs_A1":0.5,"B7_vs_A2":0.6666666666666666,"B7_vs_A3":0.6666666666666666,"B8_vs_A1":0.5,"B8_vs_A2":0.6666666666666666,"B8_vs_A3":0.6666666666666666,"B9_vs_A1":0.5,"B9_vs_A2":0.6666666666666666,"B9_vs_A3":0.6666666666666666},"repair_runtimes_ms":{"A1":29,"A2":120,"A3":174,"B1":109,"B2":910,"B3":406,"B4":42,"B5":898,"B6":513,"B7":22,"B8":508,"B9":797}}

--- stderr ---
SingleTrialExperiment starting: ontology=/workspaces/ontologyutils-ekaw26/repair-power-index-replication-ekaw26/ontologies/inconsistent/SENSO.owl, seed=1121814, run_id=20260624134028346645
Loaded ontology.
Normalizing ontology with SROIQ normalization...
Normalized ontology with SROIQ normalization.
Ontology is already inconsistent, skipping make-inconsistent step.
Repairing with A1 (random-removal)...
[2026-06-24 14:44:00.472] Checking precondition...
[2026-06-24 14:44:00.481] Starting the repair...
[2026-06-24 14:44:00.486] Found 13 possible bad axioms.
[2026-06-24 14:44:00.488] Selected the bad axiom SubClassOf(http://purl.dataone.org/odo/SENSO_00000003 http://purl.dataone.org/odo/SENSO_00000001).
[2026-06-24 14:44:00.493] Found 12 possible bad axioms.
[2026-06-24 14:44:00.493] Selected the bad axiom SubClassOf(owl:Thing http://purl.dataone.org/odo/SENSO_00000001).
[2026-06-24 14:44:00.496] Finished repairing the ontology.
Repairing with A2 (not-in-largest-mcs-removal)...
[2026-06-24 14:44:00.497] Checking precondition...
[2026-06-24 14:44:00.505] Starting the repair...
[2026-06-24 14:44:00.616] Found 4 possible bad axioms.
[2026-06-24 14:44:00.616] Selected the bad axiom SubClassOf(http://purl.dataone.org/odo/SENSO_00000004 http://purl.dataone.org/odo/SENSO_00000003).
[2026-06-24 14:44:00.618] Finished repairing the ontology.
Repairing with A3 (default-weakening)...
[2026-06-24 14:44:00.619] Checking precondition...
[2026-06-24 14:44:00.622] Starting the repair...
[2026-06-24 14:44:00.632] Selected a reference ontology with 17 axioms.
[2026-06-24 14:44:00.776] Selected the bad axiom SubClassOf(http://purl.dataone.org/odo/SENSO_00000004 http://purl.dataone.org/odo/SENSO_00000003).
[2026-06-24 14:44:00.790] Selected the weaker axiom SubClassOf(owl:Nothing http://purl.dataone.org/odo/SENSO_00000003).
[2026-06-24 14:44:00.792] Finished repairing the ontology.
Repairing with B1 (bad-in_some_mus-weaker-random)...
[2026-06-24 14:44:00.793] Checking precondition...
[2026-06-24 14:44:00.795] Starting the repair...
[2026-06-24 14:44:00.798] Selected a reference ontology with 17 axioms.
[2026-06-24 14:44:00.898] Selected the bad axiom SubClassOf(http://purl.dataone.org/odo/SENSO_00000004 http://purl.dataone.org/odo/SENSO_00000003).
[2026-06-24 14:44:00.900] Selected the weaker axiom SubClassOf(http://purl.dataone.org/odo/SENSO_00000004 http://purl.dataone.org/odo/SENSO_00000001).
[2026-06-24 14:44:00.901] Finished repairing the ontology.
Repairing with B2 (bad-in_some_mus-weaker-shapley)...
[2026-06-24 14:44:00.904] Checking precondition...
[2026-06-24 14:44:00.905] Starting the repair...
[2026-06-24 14:44:00.908] Selected a reference ontology with 17 axioms.
[2026-06-24 14:44:00.976] Selected the bad axiom SubClassOf(http://purl.dataone.org/odo/SENSO_00000004 http://purl.dataone.org/odo/SENSO_00000003).
[PowerIndexWeakerAxiomSelector] Scoring 16 candidate weakenings for SENSO_00000004 ⊑ SENSO_00000003
[PowerIndexWeakerAxiomSelector] Selected weaker axi
...[truncated]
SUCCESS: attempt=80 seed=1121814 success_count=64/100
progress: ontology=SENSO attempt=80 success=64/100
----- SENSO attempt=81 seed=1136014 at 2026-06-24 14:44:05 -----
--- stdout ---
{"seed":1136014,"run_id":"20260624134028346645","trial_status":"success","error_type":null,"failure_stage":null,"error_message":null,"iic_values":{"B1_vs_A1":0.2,"B1_vs_A2":0.3333333333333333,"B1_vs_A3":0.2,"B2_vs_A1":0.5,"B2_vs_A2":0.5,"B2_vs_A3":0.5,"B3_vs_A1":0.5,"B3_vs_A2":0.5,"B3_vs_A3":0.5,"B4_vs_A1":0.5,"B4_vs_A2":0.5,"B4_vs_A3":0.5,"B5_vs_A1":0.5,"B5_vs_A2":0.5,"B5_vs_A3":0.5,"B6_vs_A1":0.5,"B6_vs_A2":0.5,"B6_vs_A3":0.5,"B7_vs_A1":0.5,"B7_vs_A2":0.5,"B7_vs_A3":0.5,"B8_vs_A1":0.5,"B8_vs_A2":0.5,"B8_vs_A3":0.5,"B9_vs_A1":0.5,"B9_vs_A2":0.5,"B9_vs_A3":0.5},"repair_runtimes_ms":{"A1":24,"A2":119,"A3":165,"B1":93,"B2":534,"B3":354,"B4":49,"B5":777,"B6":869,"B7":30,"B8":762,"B9":516}}

--- stderr ---
SingleTrialExperiment starting: ontology=/workspaces/ontologyutils-ekaw26/repair-power-index-replication-ekaw26/ontologies/inconsistent/SENSO.owl, seed=1136014, run_id=20260624134028346645
Loaded ontology.
Normalizing ontology with SROIQ normalization...
Normalized ontology with SROIQ normalization.
Ontology is already inconsistent, skipping make-inconsistent step.
Repairing with A1 (random-removal)...
[2026-06-24 14:44:05.404] Checking precondition...
[2026-06-24 14:44:05.413] Starting the repair...
[2026-06-24 14:44:05.418] Found 13 possible bad axioms.
[2026-06-24 14:44:05.420] Selected the bad axiom SubClassOf(http://purl.dataone.org/odo/SENSO_00000003 owl:Nothing).
[2026-06-24 14:44:05.425] Finished repairing the ontology.
Repairing with A2 (not-in-largest-mcs-removal)...
[2026-06-24 14:44:05.425] Checking precondition...
[2026-06-24 14:44:05.432] Starting the repair...
[2026-06-24 14:44:05.544] Found 4 possible bad axioms.
[2026-06-24 14:44:05.544] Selected the bad axiom SubClassOf(owl:Thing http://purl.dataone.org/odo/SENSO_00000001).
[2026-06-24 14:44:05.544] Finished repairing the ontology.
Repairing with A3 (default-weakening)...
[2026-06-24 14:44:05.546] Checking precondition...
[2026-06-24 14:44:05.548] Starting the repair...
[2026-06-24 14:44:05.556] Selected a reference ontology with 17 axioms.
[2026-06-24 14:44:05.696] Selected the bad axiom SubClassOf(http://purl.dataone.org/odo/SENSO_00000003 owl:Nothing).
[2026-06-24 14:44:05.708] Selected the weaker axiom SubClassOf(http://purl.dataone.org/odo/SENSO_00000003 ObjectAllValuesFrom(http://purl.dataone.org/odo/SENSO_00000005 http://purl.dataone.org/odo/SENSO_00000004)).
[2026-06-24 14:44:05.709] Finished repairing the ontology.
Repairing with B1 (bad-in_some_mus-weaker-random)...
[2026-06-24 14:44:05.710] Checking precondition...
[2026-06-24 14:44:05.712] Starting the repair...
[2026-06-24 14:44:05.715] Selected a reference ontology with 17 axioms.
[2026-06-24 14:44:05.799] Selected the bad axiom SubClassOf(http://purl.dataone.org/odo/SENSO_00000004 http://purl.dataone.org/odo/SENSO_00000003).
[2026-06-24 14:44:05.802] Selected the weaker axiom SubClassOf(http://purl.dataone.org/odo/SENSO_00000004 http://purl.dataone.org/odo/SENSO_00000002).
[2026-06-24 14:44:05.803] Finished repairing the ontology.
Repairing with B2 (bad-in_some_mus-weaker-shapley)...
[2026-06-24 14:44:05.805] Checking precondition...
[2026-06-24 14:44:05.807] Starting the repair...
[2026-06-24 14:44:05.811] Selected a reference ontology with 17 axioms.
[2026-06-24 14:44:05.882] Selected the bad axiom SubClassOf(http://purl.dataone.org/odo/SENSO_00000003 owl:Nothing).
[PowerIndexWeakerAxiomSelector] Scoring 16 candidate weakenings for SENSO_00000003 ⊑ ⊥
[PowerIndexWeakerAxiomSelector] Selected weaker axiom: SENSO_00000003 ⊑ SENSO_00000001
[2026-06-24 14:44:06.334] Selected the weaker axiom SubClassOf(http://purl.dataone.org/odo/SENSO_00000003 http://purl.dataone.org/odo/SENSO_00000001).
[2026-06-24 14:44:06.338] Fi
...[truncated]
SUCCESS: attempt=81 seed=1136014 success_count=65/100
progress: ontology=SENSO attempt=81 success=65/100
----- SENSO attempt=82 seed=1150214 at 2026-06-24 14:44:09 -----
--- stdout ---
{"seed":1150214,"run_id":"20260624134028346645","trial_status":"success","error_type":null,"failure_stage":null,"error_message":null,"iic_values":{"B1_vs_A1":0.8,"B1_vs_A2":0.8,"B1_vs_A3":0.5,"B2_vs_A1":1.0,"B2_vs_A2":0.5,"B2_vs_A3":0.2,"B3_vs_A1":0.875,"B3_vs_A2":0.6666666666666666,"B3_vs_A3":0.5,"B4_vs_A1":0.875,"B4_vs_A2":0.6666666666666666,"B4_vs_A3":0.5,"B5_vs_A1":0.875,"B5_vs_A2":0.6666666666666666,"B5_vs_A3":0.5,"B6_vs_A1":0.875,"B6_vs_A2":0.6666666666666666,"B6_vs_A3":0.5,"B7_vs_A1":0.875,"B7_vs_A2":0.6666666666666666,"B7_vs_A3":0.5,"B8_vs_A1":0.875,"B8_vs_A2":0.6666666666666666,"B8_vs_A3":0.5,"B9_vs_A1":0.875,"B9_vs_A2":0.6666666666666666,"B9_vs_A3":0.5},"repair_runtimes_ms":{"A1":26,"A2":115,"A3":277,"B1":78,"B2":957,"B3":201,"B4":79,"B5":1023,"B6":787,"B7":16,"B8":529,"B9":794}}

--- stderr ---
SingleTrialExperiment starting: ontology=/workspaces/ontologyutils-ekaw26/repair-power-index-replication-ekaw26/ontologies/inconsistent/SENSO.owl, seed=1150214, run_id=20260624134028346645
Loaded ontology.
Normalizing ontology with SROIQ normalization...
Normalized ontology with SROIQ normalization.
Ontology is already inconsistent, skipping make-inconsistent step.
Repairing with A1 (random-removal)...
[2026-06-24 14:44:10.110] Checking precondition...
[2026-06-24 14:44:10.119] Starting the repair...
[2026-06-24 14:44:10.123] Found 13 possible bad axioms.
[2026-06-24 14:44:10.125] Selected the bad axiom SubClassOf(http://purl.dataone.org/odo/SENSO_00000004 http://purl.dataone.org/odo/SENSO_00000001).
[2026-06-24 14:44:10.129] Found 12 possible bad axioms.
[2026-06-24 14:44:10.129] Selected the bad axiom SubClassOf(http://purl.dataone.org/odo/SENSO_00000001 http://purl.dataone.org/odo/SENSO_00000004).
[2026-06-24 14:44:10.132] Finished repairing the ontology.
Repairing with A2 (not-in-largest-mcs-removal)...
[2026-06-24 14:44:10.133] Checking precondition...
[2026-06-24 14:44:10.139] Starting the repair...
[2026-06-24 14:44:10.246] Found 4 possible bad axioms.
[2026-06-24 14:44:10.247] Selected the bad axiom SubClassOf(http://purl.dataone.org/odo/SENSO_00000004 http://purl.dataone.org/odo/SENSO_00000003).
[2026-06-24 14:44:10.248] Finished repairing the ontology.
Repairing with A3 (default-weakening)...
[2026-06-24 14:44:10.250] Checking precondition...
[2026-06-24 14:44:10.252] Starting the repair...
[2026-06-24 14:44:10.260] Selected a reference ontology with 17 axioms.
[2026-06-24 14:44:10.400] Selected the bad axiom SubClassOf(owl:Thing http://purl.dataone.org/odo/SENSO_00000001).
[2026-06-24 14:44:10.411] Selected the weaker axiom SubClassOf(ObjectAllValuesFrom(http://purl.dataone.org/odo/SENSO_00000005 http://purl.dataone.org/odo/SENSO_00000004) http://purl.dataone.org/odo/SENSO_00000001).
[2026-06-24 14:44:10.524] Selected the bad axiom SubClassOf(ObjectAllValuesFrom(http://purl.dataone.org/odo/SENSO_00000005 http://purl.dataone.org/odo/SENSO_00000004) http://purl.dataone.org/odo/SENSO_00000001).
[2026-06-24 14:44:10.525] Selected the weaker axiom SubClassOf(ObjectAllValuesFrom(http://purl.dataone.org/odo/SENSO_00000005 http://purl.dataone.org/odo/SENSO_00000004) owl:Thing).
[2026-06-24 14:44:10.526] Finished repairing the ontology.
Repairing with B1 (bad-in_some_mus-weaker-random)...
[2026-06-24 14:44:10.527] Checking precondition...
[2026-06-24 14:44:10.529] Starting the repair...
[2026-06-24 14:44:10.533] Selected a reference ontology with 17 axioms.
[2026-06-24 14:44:10.601] Selected the bad axiom SubClassOf(http://purl.dataone.org/odo/SENSO_00000003 owl:Nothing).
[2026-06-24 14:44:10.603] Selected the weaker axiom SubClassOf(http://purl.dataone.org/odo/SENSO_00000003 ObjectAllValuesFrom(http://purl.dataone.org/odo/SENSO_00000005 http://purl.dataone.org/odo/SENSO_00000004)).
[2026-06-24 14:44:10.604] Finished repairing the ontology.
Rep
...[truncated]
SUCCESS: attempt=82 seed=1150214 success_count=66/100
progress: ontology=SENSO attempt=82 success=66/100
----- SENSO attempt=83 seed=1164414 at 2026-06-24 14:44:15 -----
--- stdout ---
{"seed":1164414,"run_id":"20260624134028346645","trial_status":"success","error_type":null,"failure_stage":null,"error_message":null,"iic_values":{"B1_vs_A1":1.0,"B1_vs_A2":1.0,"B1_vs_A3":0.25,"B2_vs_A1":0.5,"B2_vs_A2":0.5,"B2_vs_A3":0.2,"B3_vs_A1":0.875,"B3_vs_A2":0.875,"B3_vs_A3":0.5,"B4_vs_A1":0.875,"B4_vs_A2":0.875,"B4_vs_A3":0.5,"B5_vs_A1":0.875,"B5_vs_A2":0.875,"B5_vs_A3":0.5,"B6_vs_A1":0.875,"B6_vs_A2":0.875,"B6_vs_A3":0.5,"B7_vs_A1":0.875,"B7_vs_A2":0.875,"B7_vs_A3":0.5,"B8_vs_A1":0.875,"B8_vs_A2":0.875,"B8_vs_A3":0.5,"B9_vs_A1":0.875,"B9_vs_A2":0.875,"B9_vs_A3":0.5},"repair_runtimes_ms":{"A1":23,"A2":120,"A3":164,"B1":100,"B2":505,"B3":345,"B4":36,"B5":1074,"B6":535,"B7":43,"B8":733,"B9":846}}

--- stderr ---
SingleTrialExperiment starting: ontology=/workspaces/ontologyutils-ekaw26/repair-power-index-replication-ekaw26/ontologies/inconsistent/SENSO.owl, seed=1164414, run_id=20260624134028346645
Loaded ontology.
Normalizing ontology with SROIQ normalization...
Normalized ontology with SROIQ normalization.
Ontology is already inconsistent, skipping make-inconsistent step.
Repairing with A1 (random-removal)...
[2026-06-24 14:44:15.396] Checking precondition...
[2026-06-24 14:44:15.403] Starting the repair...
[2026-06-24 14:44:15.409] Found 13 possible bad axioms.
[2026-06-24 14:44:15.410] Selected the bad axiom SubClassOf(http://purl.dataone.org/odo/SENSO_00000001 http://purl.dataone.org/odo/SENSO_00000004).
[2026-06-24 14:44:15.415] Finished repairing the ontology.
Repairing with A2 (not-in-largest-mcs-removal)...
[2026-06-24 14:44:15.416] Checking precondition...
[2026-06-24 14:44:15.424] Starting the repair...
[2026-06-24 14:44:15.534] Found 4 possible bad axioms.
[2026-06-24 14:44:15.534] Selected the bad axiom SubClassOf(http://purl.dataone.org/odo/SENSO_00000001 http://purl.dataone.org/odo/SENSO_00000004).
[2026-06-24 14:44:15.536] Finished repairing the ontology.
Repairing with A3 (default-weakening)...
[2026-06-24 14:44:15.537] Checking precondition...
[2026-06-24 14:44:15.539] Starting the repair...
[2026-06-24 14:44:15.548] Selected a reference ontology with 17 axioms.
[2026-06-24 14:44:15.686] Selected the bad axiom SubClassOf(http://purl.dataone.org/odo/SENSO_00000003 owl:Nothing).
[2026-06-24 14:44:15.698] Selected the weaker axiom SubClassOf(owl:Nothing owl:Nothing).
[2026-06-24 14:44:15.700] Finished repairing the ontology.
Repairing with B1 (bad-in_some_mus-weaker-random)...
[2026-06-24 14:44:15.701] Checking precondition...
[2026-06-24 14:44:15.702] Starting the repair...
[2026-06-24 14:44:15.706] Selected a reference ontology with 17 axioms.
[2026-06-24 14:44:15.798] Selected the bad axiom SubClassOf(http://purl.dataone.org/odo/SENSO_00000001 http://purl.dataone.org/odo/SENSO_00000004).
[2026-06-24 14:44:15.800] Selected the weaker axiom SubClassOf(http://purl.dataone.org/odo/SENSO_00000001 http://purl.dataone.org/odo/SENSO_00000002).
[2026-06-24 14:44:15.801] Finished repairing the ontology.
Repairing with B2 (bad-in_some_mus-weaker-shapley)...
[2026-06-24 14:44:15.803] Checking precondition...
[2026-06-24 14:44:15.804] Starting the repair...
[2026-06-24 14:44:15.806] Selected a reference ontology with 17 axioms.
[2026-06-24 14:44:15.879] Selected the bad axiom SubClassOf(http://purl.dataone.org/odo/SENSO_00000001 http://purl.dataone.org/odo/SENSO_00000004).
[PowerIndexWeakerAxiomSelector] Scoring 12 candidate weakenings for SENSO_00000001 ⊑ SENSO_00000004
[PowerIndexWeakerAxiomSelector] Selected weaker axiom: SENSO_00000001 ⊑ SENSO_00000001
[2026-06-24 14:44:16.304] Selected the weaker axiom SubClassOf(http://purl.dataone.org/odo/SENSO_00000001 http://purl.dataone.org/odo/SENSO_00000001).
[2026-06-24 14:44:16.306] Finished repairing t
...[truncated]
SUCCESS: attempt=83 seed=1164414 success_count=67/100
progress: ontology=SENSO attempt=83 success=67/100
----- SENSO attempt=84 seed=1178614 at 2026-06-24 14:44:20 -----
--- stdout ---
{"seed":1178614,"run_id":"20260624134028346645","trial_status":"time_limit_exceeded","error_type":"timeout","failure_stage":"B4","error_message":"Repair timeout: B4 exceeded 300 seconds","iic_values":{},"repair_runtimes_ms":{"A1":24,"A2":126,"A3":466,"B1":152,"B2":367,"B3":549,"B4":300001}}

--- stderr ---
SingleTrialExperiment starting: ontology=/workspaces/ontologyutils-ekaw26/repair-power-index-replication-ekaw26/ontologies/inconsistent/SENSO.owl, seed=1178614, run_id=20260624134028346645
Loaded ontology.
Normalizing ontology with SROIQ normalization...
Normalized ontology with SROIQ normalization.
Ontology is already inconsistent, skipping make-inconsistent step.
Repairing with A1 (random-removal)...
[2026-06-24 14:44:20.333] Checking precondition...
[2026-06-24 14:44:20.342] Starting the repair...
[2026-06-24 14:44:20.347] Found 13 possible bad axioms.
[2026-06-24 14:44:20.348] Selected the bad axiom SubClassOf(owl:Thing http://purl.dataone.org/odo/SENSO_00000001).
[2026-06-24 14:44:20.354] Finished repairing the ontology.
Repairing with A2 (not-in-largest-mcs-removal)...
[2026-06-24 14:44:20.354] Checking precondition...
[2026-06-24 14:44:20.362] Starting the repair...
[2026-06-24 14:44:20.478] Found 4 possible bad axioms.
[2026-06-24 14:44:20.478] Selected the bad axiom SubClassOf(http://purl.dataone.org/odo/SENSO_00000004 http://purl.dataone.org/odo/SENSO_00000003).
[2026-06-24 14:44:20.480] Finished repairing the ontology.
Repairing with A3 (default-weakening)...
[2026-06-24 14:44:20.481] Checking precondition...
[2026-06-24 14:44:20.483] Starting the repair...
[2026-06-24 14:44:20.493] Selected a reference ontology with 17 axioms.
[2026-06-24 14:44:20.626] Selected the bad axiom SubClassOf(http://purl.dataone.org/odo/SENSO_00000004 http://purl.dataone.org/odo/SENSO_00000003).
[2026-06-24 14:44:20.639] Selected the weaker axiom SubClassOf(http://purl.dataone.org/odo/SENSO_00000004 owl:Nothing).
[2026-06-24 14:44:20.717] Selected the bad axiom SubClassOf(owl:Thing http://purl.dataone.org/odo/SENSO_00000001).
[2026-06-24 14:44:20.719] Selected the weaker axiom SubClassOf(ObjectAllValuesFrom(http://purl.dataone.org/odo/SENSO_00000005 http://purl.dataone.org/odo/SENSO_00000001) http://purl.dataone.org/odo/SENSO_00000001).
[2026-06-24 14:44:20.808] Selected the bad axiom SubClassOf(http://purl.dataone.org/odo/SENSO_00000004 owl:Nothing).
[2026-06-24 14:44:20.808] Selected the weaker axiom SubClassOf(http://purl.dataone.org/odo/SENSO_00000001 owl:Nothing).
[2026-06-24 14:44:20.887] Selected the bad axiom SubClassOf(ObjectAllValuesFrom(http://purl.dataone.org/odo/SENSO_00000005 http://purl.dataone.org/odo/SENSO_00000001) http://purl.dataone.org/odo/SENSO_00000001).
[2026-06-24 14:44:20.888] Selected the weaker axiom SubClassOf(ObjectAllValuesFrom(http://purl.dataone.org/odo/SENSO_00000005 http://purl.dataone.org/odo/SENSO_00000001) http://purl.dataone.org/odo/SENSO_00000002).
[2026-06-24 14:44:20.945] Selected the bad axiom SubClassOf(http://purl.dataone.org/odo/SENSO_00000002 http://purl.dataone.org/odo/SENSO_00000001).
[2026-06-24 14:44:20.945] Selected the weaker axiom SubClassOf(http://purl.dataone.org/odo/SENSO_00000002 http://purl.dataone.org/odo/SENSO_00000002).
[2026-06-24 14:44:20.946] Finished repairing the ontology.
Repairing with B1 (
...[truncated]
FAIL: attempt=84 seed=1178614 status=time_limit_exceeded stage=B4 message=Repair timeout: B4 exceeded 300 seconds
progress: ontology=SENSO attempt=84 success=67/100
----- SENSO attempt=85 seed=1192814 at 2026-06-24 14:49:22 -----
--- stdout ---
{"seed":1192814,"run_id":"20260624134028346645","trial_status":"success","error_type":null,"failure_stage":null,"error_message":null,"iic_values":{"B1_vs_A1":0.3333333333333333,"B1_vs_A2":0.7142857142857143,"B1_vs_A3":0.5,"B2_vs_A1":0.5,"B2_vs_A2":0.8,"B2_vs_A3":0.8,"B3_vs_A1":0.125,"B3_vs_A2":0.5,"B3_vs_A3":0.2857142857142857,"B4_vs_A1":0.5,"B4_vs_A2":0.875,"B4_vs_A3":0.6666666666666666,"B5_vs_A1":0.5,"B5_vs_A2":0.875,"B5_vs_A3":0.6666666666666666,"B6_vs_A1":0.5,"B6_vs_A2":0.875,"B6_vs_A3":0.6666666666666666,"B7_vs_A1":0.5,"B7_vs_A2":0.875,"B7_vs_A3":0.6666666666666666,"B8_vs_A1":0.5,"B8_vs_A2":0.875,"B8_vs_A3":0.6666666666666666,"B9_vs_A1":0.5,"B9_vs_A2":0.875,"B9_vs_A3":0.6666666666666666},"repair_runtimes_ms":{"A1":24,"A2":123,"A3":303,"B1":72,"B2":376,"B3":539,"B4":37,"B5":1025,"B6":495,"B7":36,"B8":744,"B9":541}}

--- stderr ---
SingleTrialExperiment starting: ontology=/workspaces/ontologyutils-ekaw26/repair-power-index-replication-ekaw26/ontologies/inconsistent/SENSO.owl, seed=1192814, run_id=20260624134028346645
Loaded ontology.
Normalizing ontology with SROIQ normalization...
Normalized ontology with SROIQ normalization.
Ontology is already inconsistent, skipping make-inconsistent step.
Repairing with A1 (random-removal)...
[2026-06-24 14:49:22.593] Checking precondition...
[2026-06-24 14:49:22.601] Starting the repair...
[2026-06-24 14:49:22.607] Found 13 possible bad axioms.
[2026-06-24 14:49:22.608] Selected the bad axiom SubClassOf(owl:Thing http://purl.dataone.org/odo/SENSO_00000001).
[2026-06-24 14:49:22.613] Finished repairing the ontology.
Repairing with A2 (not-in-largest-mcs-removal)...
[2026-06-24 14:49:22.613] Checking precondition...
[2026-06-24 14:49:22.620] Starting the repair...
[2026-06-24 14:49:22.735] Found 4 possible bad axioms.
[2026-06-24 14:49:22.735] Selected the bad axiom SubClassOf(http://purl.dataone.org/odo/SENSO_00000001 http://purl.dataone.org/odo/SENSO_00000004).
[2026-06-24 14:49:22.737] Finished repairing the ontology.
Repairing with A3 (default-weakening)...
[2026-06-24 14:49:22.738] Checking precondition...
[2026-06-24 14:49:22.740] Starting the repair...
[2026-06-24 14:49:22.748] Selected a reference ontology with 17 axioms.
[2026-06-24 14:49:22.887] Selected the bad axiom SubClassOf(owl:Thing http://purl.dataone.org/odo/SENSO_00000001).
[2026-06-24 14:49:22.899] Selected the weaker axiom SubClassOf(owl:Thing http://purl.dataone.org/odo/SENSO_00000004).
[2026-06-24 14:49:22.987] Selected the bad axiom SubClassOf(http://purl.dataone.org/odo/SENSO_00000004 http://purl.dataone.org/odo/SENSO_00000003).
[2026-06-24 14:49:22.988] Selected the weaker axiom SubClassOf(http://purl.dataone.org/odo/SENSO_00000004 owl:Nothing).
[2026-06-24 14:49:23.039] Selected the bad axiom SubClassOf(http://purl.dataone.org/odo/SENSO_00000004 owl:Nothing).
[2026-06-24 14:49:23.040] Selected the weaker axiom SubClassOf(http://purl.dataone.org/odo/SENSO_00000004 http://purl.dataone.org/odo/SENSO_00000001).
[2026-06-24 14:49:23.040] Finished repairing the ontology.
Repairing with B1 (bad-in_some_mus-weaker-random)...
[2026-06-24 14:49:23.041] Checking precondition...
[2026-06-24 14:49:23.042] Starting the repair...
[2026-06-24 14:49:23.045] Selected a reference ontology with 17 axioms.
[2026-06-24 14:49:23.109] Selected the bad axiom SubClassOf(http://purl.dataone.org/odo/SENSO_00000004 http://purl.dataone.org/odo/SENSO_00000003).
[2026-06-24 14:49:23.112] Selected the weaker axiom SubClassOf(http://purl.dataone.org/odo/SENSO_00000003 http://purl.dataone.org/odo/SENSO_00000003).
[2026-06-24 14:49:23.113] Finished repairing the ontology.
Repairing with B2 (bad-in_some_mus-weaker-shapley)...
[2026-06-24 14:49:23.115] Checking precondition...
[2026-06-24 14:49:23.116] Starting the repair...
[2026-06-24 14:49:23.118] Selected a reference ontology with 17 axioms.
[2
...[truncated]
SUCCESS: attempt=85 seed=1192814 success_count=68/100
progress: ontology=SENSO attempt=85 success=68/100
----- SENSO attempt=86 seed=1207014 at 2026-06-24 14:49:27 -----
--- stdout ---
{"seed":1207014,"run_id":"20260624134028346645","trial_status":"success","error_type":null,"failure_stage":null,"error_message":null,"iic_values":{"B1_vs_A1":0.6666666666666666,"B1_vs_A2":0.5,"B1_vs_A3":0.875,"B2_vs_A1":0.8,"B2_vs_A2":0.5,"B2_vs_A3":0.8,"B3_vs_A1":0.2857142857142857,"B3_vs_A2":0.125,"B3_vs_A3":0.5,"B4_vs_A1":0.6666666666666666,"B4_vs_A2":0.5,"B4_vs_A3":0.875,"B5_vs_A1":0.6666666666666666,"B5_vs_A2":0.5,"B5_vs_A3":0.875,"B6_vs_A1":0.6666666666666666,"B6_vs_A2":0.5,"B6_vs_A3":0.875,"B7_vs_A1":0.6666666666666666,"B7_vs_A2":0.5,"B7_vs_A3":0.875,"B8_vs_A1":0.6666666666666666,"B8_vs_A2":0.5,"B8_vs_A3":0.875,"B9_vs_A1":0.6666666666666666,"B9_vs_A2":0.5,"B9_vs_A3":0.875},"repair_runtimes_ms":{"A1":33,"A2":112,"A3":165,"B1":89,"B2":459,"B3":471,"B4":47,"B5":1042,"B6":498,"B7":25,"B8":793,"B9":714}}

--- stderr ---
SingleTrialExperiment starting: ontology=/workspaces/ontologyutils-ekaw26/repair-power-index-replication-ekaw26/ontologies/inconsistent/SENSO.owl, seed=1207014, run_id=20260624134028346645
Loaded ontology.
Normalizing ontology with SROIQ normalization...
Normalized ontology with SROIQ normalization.
Ontology is already inconsistent, skipping make-inconsistent step.
Repairing with A1 (random-removal)...
[2026-06-24 14:49:27.331] Checking precondition...
[2026-06-24 14:49:27.341] Starting the repair...
[2026-06-24 14:49:27.345] Found 13 possible bad axioms.
[2026-06-24 14:49:27.347] Selected the bad axiom SubClassOf(http://purl.dataone.org/odo/SENSO_00000003 http://purl.dataone.org/odo/SENSO_00000002).
[2026-06-24 14:49:27.352] Found 12 possible bad axioms.
[2026-06-24 14:49:27.353] Selected the bad axiom SubClassOf(http://purl.dataone.org/odo/SENSO_00000004 http://purl.dataone.org/odo/SENSO_00000001).
[2026-06-24 14:49:27.356] Found 11 possible bad axioms.
[2026-06-24 14:49:27.356] Selected the bad axiom SubClassOf(http://purl.dataone.org/odo/SENSO_00000004 http://purl.dataone.org/odo/SENSO_00000003).
[2026-06-24 14:49:27.360] Finished repairing the ontology.
Repairing with A2 (not-in-largest-mcs-removal)...
[2026-06-24 14:49:27.361] Checking precondition...
[2026-06-24 14:49:27.366] Starting the repair...
[2026-06-24 14:49:27.473] Found 4 possible bad axioms.
[2026-06-24 14:49:27.473] Selected the bad axiom SubClassOf(owl:Thing http://purl.dataone.org/odo/SENSO_00000001).
[2026-06-24 14:49:27.473] Finished repairing the ontology.
Repairing with A3 (default-weakening)...
[2026-06-24 14:49:27.475] Checking precondition...
[2026-06-24 14:49:27.478] Starting the repair...
[2026-06-24 14:49:27.487] Selected a reference ontology with 17 axioms.
[2026-06-24 14:49:27.626] Selected the bad axiom SubClassOf(http://purl.dataone.org/odo/SENSO_00000001 http://purl.dataone.org/odo/SENSO_00000004).
[2026-06-24 14:49:27.637] Selected the weaker axiom SubClassOf(owl:Nothing http://purl.dataone.org/odo/SENSO_00000004).
[2026-06-24 14:49:27.639] Finished repairing the ontology.
Repairing with B1 (bad-in_some_mus-weaker-random)...
[2026-06-24 14:49:27.639] Checking precondition...
[2026-06-24 14:49:27.641] Starting the repair...
[2026-06-24 14:49:27.646] Selected a reference ontology with 17 axioms.
[2026-06-24 14:49:27.725] Selected the bad axiom SubClassOf(owl:Thing http://purl.dataone.org/odo/SENSO_00000001).
[2026-06-24 14:49:27.727] Selected the weaker axiom SubClassOf(http://purl.dataone.org/odo/SENSO_00000003 http://purl.dataone.org/odo/SENSO_00000001).
[2026-06-24 14:49:27.728] Finished repairing the ontology.
Repairing with B2 (bad-in_some_mus-weaker-shapley)...
[2026-06-24 14:49:27.730] Checking precondition...
[2026-06-24 14:49:27.731] Starting the repair...
[2026-06-24 14:49:27.733] Selected a reference ontology with 17 axioms.
[2026-06-24 14:49:27.817] Selected the bad axiom SubClassOf(http://purl.dataone.org/odo/SENSO_00000003 owl:Nothing).
[PowerIndex
...[truncated]
SUCCESS: attempt=86 seed=1207014 success_count=69/100
progress: ontology=SENSO attempt=86 success=69/100
----- SENSO attempt=87 seed=1221214 at 2026-06-24 14:49:31 -----
--- stdout ---
{"seed":1221214,"run_id":"20260624134028346645","trial_status":"success","error_type":null,"failure_stage":null,"error_message":null,"iic_values":{"B1_vs_A1":0.875,"B1_vs_A2":0.5,"B1_vs_A3":0.5,"B2_vs_A1":0.7142857142857143,"B2_vs_A2":0.2,"B2_vs_A3":0.2,"B3_vs_A1":0.875,"B3_vs_A2":0.5,"B3_vs_A3":0.5,"B4_vs_A1":0.875,"B4_vs_A2":0.5,"B4_vs_A3":0.5,"B5_vs_A1":0.875,"B5_vs_A2":0.5,"B5_vs_A3":0.5,"B6_vs_A1":0.875,"B6_vs_A2":0.5,"B6_vs_A3":0.5,"B7_vs_A1":0.875,"B7_vs_A2":0.5,"B7_vs_A3":0.5,"B8_vs_A1":0.875,"B8_vs_A2":0.5,"B8_vs_A3":0.5,"B9_vs_A1":0.875,"B9_vs_A2":0.5,"B9_vs_A3":0.5},"repair_runtimes_ms":{"A1":28,"A2":118,"A3":164,"B1":183,"B2":342,"B3":307,"B4":82,"B5":1114,"B6":771,"B7":38,"B8":781,"B9":774}}

--- stderr ---
SingleTrialExperiment starting: ontology=/workspaces/ontologyutils-ekaw26/repair-power-index-replication-ekaw26/ontologies/inconsistent/SENSO.owl, seed=1221214, run_id=20260624134028346645
Loaded ontology.
Normalizing ontology with SROIQ normalization...
Normalized ontology with SROIQ normalization.
Ontology is already inconsistent, skipping make-inconsistent step.
Repairing with A1 (random-removal)...
[2026-06-24 14:49:32.200] Checking precondition...
[2026-06-24 14:49:32.209] Starting the repair...
[2026-06-24 14:49:32.214] Found 13 possible bad axioms.
[2026-06-24 14:49:32.216] Selected the bad axiom SubClassOf(http://purl.dataone.org/odo/SENSO_00000004 http://purl.dataone.org/odo/SENSO_00000001).
[2026-06-24 14:49:32.220] Found 12 possible bad axioms.
[2026-06-24 14:49:32.220] Selected the bad axiom SubClassOf(http://purl.dataone.org/odo/SENSO_00000001 http://purl.dataone.org/odo/SENSO_00000004).
[2026-06-24 14:49:32.223] Finished repairing the ontology.
Repairing with A2 (not-in-largest-mcs-removal)...
[2026-06-24 14:49:32.224] Checking precondition...
[2026-06-24 14:49:32.232] Starting the repair...
[2026-06-24 14:49:32.340] Found 4 possible bad axioms.
[2026-06-24 14:49:32.341] Selected the bad axiom SubClassOf(http://purl.dataone.org/odo/SENSO_00000003 owl:Nothing).
[2026-06-24 14:49:32.342] Finished repairing the ontology.
Repairing with A3 (default-weakening)...
[2026-06-24 14:49:32.343] Checking precondition...
[2026-06-24 14:49:32.346] Starting the repair...
[2026-06-24 14:49:32.356] Selected a reference ontology with 17 axioms.
[2026-06-24 14:49:32.493] Selected the bad axiom SubClassOf(http://purl.dataone.org/odo/SENSO_00000003 owl:Nothing).
[2026-06-24 14:49:32.504] Selected the weaker axiom SubClassOf(http://purl.dataone.org/odo/SENSO_00000003 http://purl.dataone.org/odo/SENSO_00000002).
[2026-06-24 14:49:32.506] Finished repairing the ontology.
Repairing with B1 (bad-in_some_mus-weaker-random)...
[2026-06-24 14:49:32.507] Checking precondition...
[2026-06-24 14:49:32.509] Starting the repair...
[2026-06-24 14:49:32.513] Selected a reference ontology with 17 axioms.
[2026-06-24 14:49:32.614] Selected the bad axiom SubClassOf(http://purl.dataone.org/odo/SENSO_00000003 owl:Nothing).
[2026-06-24 14:49:32.617] Selected the weaker axiom SubClassOf(http://purl.dataone.org/odo/SENSO_00000004 owl:Nothing).
[2026-06-24 14:49:32.687] Selected the bad axiom SubClassOf(owl:Thing http://purl.dataone.org/odo/SENSO_00000001).
[2026-06-24 14:49:32.689] Selected the weaker axiom SubClassOf(owl:Thing ObjectAllValuesFrom(http://purl.dataone.org/odo/SENSO_00000005 http://purl.dataone.org/odo/SENSO_00000004)).
[2026-06-24 14:49:32.689] Finished repairing the ontology.
Repairing with B2 (bad-in_some_mus-weaker-shapley)...
[2026-06-24 14:49:32.691] Checking precondition...
[2026-06-24 14:49:32.692] Starting the repair...
[2026-06-24 14:49:32.695] Selected a reference ontology with 17 axioms.
[2026-06-24 14:49:32.748] Selected the bad axiom SubClassOf(ht
...[truncated]
SUCCESS: attempt=87 seed=1221214 success_count=70/100
progress: ontology=SENSO attempt=87 success=70/100
----- SENSO attempt=88 seed=1235414 at 2026-06-24 14:49:37 -----
--- stdout ---
{"seed":1235414,"run_id":"20260624134028346645","trial_status":"time_limit_exceeded","error_type":"timeout","failure_stage":"B7","error_message":"Repair timeout: B7 exceeded 300 seconds","iic_values":{},"repair_runtimes_ms":{"A1":45,"A2":108,"A3":151,"B1":195,"B2":893,"B3":224,"B4":23,"B5":928,"B6":844,"B7":300001}}

--- stderr ---
SingleTrialExperiment starting: ontology=/workspaces/ontologyutils-ekaw26/repair-power-index-replication-ekaw26/ontologies/inconsistent/SENSO.owl, seed=1235414, run_id=20260624134028346645
Loaded ontology.
Normalizing ontology with SROIQ normalization...
Normalized ontology with SROIQ normalization.
Ontology is already inconsistent, skipping make-inconsistent step.
Repairing with A1 (random-removal)...
[2026-06-24 14:49:37.990] Checking precondition...
[2026-06-24 14:49:37.999] Starting the repair...
[2026-06-24 14:49:38.004] Found 13 possible bad axioms.
[2026-06-24 14:49:38.006] Selected the bad axiom SubClassOf(http://purl.dataone.org/odo/SENSO_00000003 http://purl.dataone.org/odo/SENSO_00000002).
[2026-06-24 14:49:38.010] Found 12 possible bad axioms.
[2026-06-24 14:49:38.011] Selected the bad axiom SubClassOf(owl:Thing ObjectAllValuesFrom(http://purl.dataone.org/odo/SENSO_00000005 http://purl.dataone.org/odo/SENSO_00000004)).
[2026-06-24 14:49:38.014] Found 11 possible bad axioms.
[2026-06-24 14:49:38.015] Selected the bad axiom SubClassOf(http://purl.dataone.org/odo/SENSO_00000003 http://purl.dataone.org/odo/SENSO_00000004).
[2026-06-24 14:49:38.018] Found 10 possible bad axioms.
[2026-06-24 14:49:38.018] Selected the bad axiom SubClassOf(http://purl.dataone.org/odo/SENSO_00000004 http://purl.dataone.org/odo/SENSO_00000001).
[2026-06-24 14:49:38.020] Found 9 possible bad axioms.
[2026-06-24 14:49:38.021] Selected the bad axiom SubClassOf(http://purl.dataone.org/odo/SENSO_00000003 http://purl.dataone.org/odo/SENSO_00000001).
[2026-06-24 14:49:38.023] Found 8 possible bad axioms.
[2026-06-24 14:49:38.024] Selected the bad axiom SubClassOf(owl:Thing ObjectAllValuesFrom(http://purl.dataone.org/odo/SENSO_00000005 http://purl.dataone.org/odo/SENSO_00000001)).
[2026-06-24 14:49:38.027] Found 7 possible bad axioms.
[2026-06-24 14:49:38.027] Selected the bad axiom SubClassOf(http://purl.dataone.org/odo/SENSO_00000004 http://purl.dataone.org/odo/SENSO_00000002).
[2026-06-24 14:49:38.029] Found 6 possible bad axioms.
[2026-06-24 14:49:38.029] Selected the bad axiom SubClassOf(http://purl.dataone.org/odo/SENSO_00000003 owl:Nothing).
[2026-06-24 14:49:38.031] Finished repairing the ontology.
Repairing with A2 (not-in-largest-mcs-removal)...
[2026-06-24 14:49:38.032] Checking precondition...
[2026-06-24 14:49:38.036] Starting the repair...
[2026-06-24 14:49:38.139] Found 4 possible bad axioms.
[2026-06-24 14:49:38.139] Selected the bad axiom SubClassOf(http://purl.dataone.org/odo/SENSO_00000003 owl:Nothing).
[2026-06-24 14:49:38.140] Finished repairing the ontology.
Repairing with A3 (default-weakening)...
[2026-06-24 14:49:38.141] Checking precondition...
[2026-06-24 14:49:38.144] Starting the repair...
[2026-06-24 14:49:38.154] Selected a reference ontology with 17 axioms.
[2026-06-24 14:49:38.279] Selected the bad axiom SubClassOf(http://purl.dataone.org/odo/SENSO_00000004 http://purl.dataone.org/odo/SENSO_00000003).
[2026-06-24 14:49:38.290] Selected
...[truncated]
FAIL: attempt=88 seed=1235414 status=time_limit_exceeded stage=B7 message=Repair timeout: B7 exceeded 300 seconds
progress: ontology=SENSO attempt=88 success=70/100
----- SENSO attempt=89 seed=1249614 at 2026-06-24 14:54:41 -----
--- stdout ---
{"seed":1249614,"run_id":"20260624134028346645","trial_status":"time_limit_exceeded","error_type":"timeout","failure_stage":"B4","error_message":"Repair timeout: B4 exceeded 300 seconds","iic_values":{},"repair_runtimes_ms":{"A1":42,"A2":110,"A3":163,"B1":219,"B2":425,"B3":373,"B4":300001}}

--- stderr ---
SingleTrialExperiment starting: ontology=/workspaces/ontologyutils-ekaw26/repair-power-index-replication-ekaw26/ontologies/inconsistent/SENSO.owl, seed=1249614, run_id=20260624134028346645
Loaded ontology.
Normalizing ontology with SROIQ normalization...
Normalized ontology with SROIQ normalization.
Ontology is already inconsistent, skipping make-inconsistent step.
Repairing with A1 (random-removal)...
[2026-06-24 14:54:41.984] Checking precondition...
[2026-06-24 14:54:41.993] Starting the repair...
[2026-06-24 14:54:41.998] Found 13 possible bad axioms.
[2026-06-24 14:54:42.000] Selected the bad axiom SubClassOf(owl:Thing ObjectAllValuesFrom(http://purl.dataone.org/odo/SENSO_00000005 owl:Nothing)).
[2026-06-24 14:54:42.004] Found 12 possible bad axioms.
[2026-06-24 14:54:42.004] Selected the bad axiom SubClassOf(owl:Thing ObjectAllValuesFrom(http://purl.dataone.org/odo/SENSO_00000005 http://purl.dataone.org/odo/SENSO_00000004)).
[2026-06-24 14:54:42.009] Found 11 possible bad axioms.
[2026-06-24 14:54:42.009] Selected the bad axiom SubClassOf(http://purl.dataone.org/odo/SENSO_00000003 http://purl.dataone.org/odo/SENSO_00000002).
[2026-06-24 14:54:42.014] Found 10 possible bad axioms.
[2026-06-24 14:54:42.014] Selected the bad axiom SubClassOf(owl:Thing ObjectAllValuesFrom(http://purl.dataone.org/odo/SENSO_00000005 http://purl.dataone.org/odo/SENSO_00000001)).
[2026-06-24 14:54:42.016] Found 9 possible bad axioms.
[2026-06-24 14:54:42.016] Selected the bad axiom SubClassOf(http://purl.dataone.org/odo/SENSO_00000004 http://purl.dataone.org/odo/SENSO_00000002).
[2026-06-24 14:54:42.019] Found 8 possible bad axioms.
[2026-06-24 14:54:42.020] Selected the bad axiom SubClassOf(http://purl.dataone.org/odo/SENSO_00000003 owl:Nothing).
[2026-06-24 14:54:42.022] Finished repairing the ontology.
Repairing with A2 (not-in-largest-mcs-removal)...
[2026-06-24 14:54:42.022] Checking precondition...
[2026-06-24 14:54:42.029] Starting the repair...
[2026-06-24 14:54:42.131] Found 4 possible bad axioms.
[2026-06-24 14:54:42.131] Selected the bad axiom SubClassOf(http://purl.dataone.org/odo/SENSO_00000004 http://purl.dataone.org/odo/SENSO_00000003).
[2026-06-24 14:54:42.132] Finished repairing the ontology.
Repairing with A3 (default-weakening)...
[2026-06-24 14:54:42.134] Checking precondition...
[2026-06-24 14:54:42.136] Starting the repair...
[2026-06-24 14:54:42.144] Selected a reference ontology with 17 axioms.
[2026-06-24 14:54:42.285] Selected the bad axiom SubClassOf(http://purl.dataone.org/odo/SENSO_00000004 http://purl.dataone.org/odo/SENSO_00000003).
[2026-06-24 14:54:42.294] Selected the weaker axiom SubClassOf(http://purl.dataone.org/odo/SENSO_00000004 http://purl.dataone.org/odo/SENSO_00000004).
[2026-06-24 14:54:42.296] Finished repairing the ontology.
Repairing with B1 (bad-in_some_mus-weaker-random)...
[2026-06-24 14:54:42.296] Checking precondition...
[2026-06-24 14:54:42.298] Starting the repair...
[2026-06-24 14:54:42.302] Selected a reference
...[truncated]
FAIL: attempt=89 seed=1249614 status=time_limit_exceeded stage=B4 message=Repair timeout: B4 exceeded 300 seconds
progress: ontology=SENSO attempt=89 success=70/100
----- SENSO attempt=90 seed=1263814 at 2026-06-24 14:59:43 -----
--- stdout ---
{"seed":1263814,"run_id":"20260624134028346645","trial_status":"success","error_type":null,"failure_stage":null,"error_message":null,"iic_values":{"B1_vs_A1":0.3333333333333333,"B1_vs_A2":0.2,"B1_vs_A3":0.5,"B2_vs_A1":0.5,"B2_vs_A2":0.5,"B2_vs_A3":0.6666666666666666,"B3_vs_A1":0.5,"B3_vs_A2":0.5,"B3_vs_A3":0.8,"B4_vs_A1":0.5,"B4_vs_A2":0.5,"B4_vs_A3":0.6666666666666666,"B5_vs_A1":0.5,"B5_vs_A2":0.5,"B5_vs_A3":0.6666666666666666,"B6_vs_A1":0.5,"B6_vs_A2":0.5,"B6_vs_A3":0.6666666666666666,"B7_vs_A1":0.5,"B7_vs_A2":0.5,"B7_vs_A3":0.6666666666666666,"B8_vs_A1":0.5,"B8_vs_A2":0.5,"B8_vs_A3":0.6666666666666666,"B9_vs_A1":0.5,"B9_vs_A2":0.5,"B9_vs_A3":0.6666666666666666},"repair_runtimes_ms":{"A1":35,"A2":119,"A3":160,"B1":99,"B2":463,"B3":179,"B4":39,"B5":1235,"B6":511,"B7":29,"B8":747,"B9":502}}

--- stderr ---
SingleTrialExperiment starting: ontology=/workspaces/ontologyutils-ekaw26/repair-power-index-replication-ekaw26/ontologies/inconsistent/SENSO.owl, seed=1263814, run_id=20260624134028346645
Loaded ontology.
Normalizing ontology with SROIQ normalization...
Normalized ontology with SROIQ normalization.
Ontology is already inconsistent, skipping make-inconsistent step.
Repairing with A1 (random-removal)...
[2026-06-24 14:59:43.866] Checking precondition...
[2026-06-24 14:59:43.875] Starting the repair...
[2026-06-24 14:59:43.882] Found 13 possible bad axioms.
[2026-06-24 14:59:43.883] Selected the bad axiom SubClassOf(http://purl.dataone.org/odo/SENSO_00000003 http://purl.dataone.org/odo/SENSO_00000001).
[2026-06-24 14:59:43.888] Found 12 possible bad axioms.
[2026-06-24 14:59:43.888] Selected the bad axiom SubClassOf(http://purl.dataone.org/odo/SENSO_00000003 http://purl.dataone.org/odo/SENSO_00000002).
[2026-06-24 14:59:43.891] Found 11 possible bad axioms.
[2026-06-24 14:59:43.892] Selected the bad axiom SubClassOf(owl:Thing http://purl.dataone.org/odo/SENSO_00000001).
[2026-06-24 14:59:43.896] Finished repairing the ontology.
Repairing with A2 (not-in-largest-mcs-removal)...
[2026-06-24 14:59:43.897] Checking precondition...
[2026-06-24 14:59:43.902] Starting the repair...
[2026-06-24 14:59:44.014] Found 4 possible bad axioms.
[2026-06-24 14:59:44.014] Selected the bad axiom SubClassOf(http://purl.dataone.org/odo/SENSO_00000003 owl:Nothing).
[2026-06-24 14:59:44.016] Finished repairing the ontology.
Repairing with A3 (default-weakening)...
[2026-06-24 14:59:44.017] Checking precondition...
[2026-06-24 14:59:44.020] Starting the repair...
[2026-06-24 14:59:44.028] Selected a reference ontology with 17 axioms.
[2026-06-24 14:59:44.164] Selected the bad axiom SubClassOf(http://purl.dataone.org/odo/SENSO_00000004 http://purl.dataone.org/odo/SENSO_00000003).
[2026-06-24 14:59:44.174] Selected the weaker axiom SubClassOf(owl:Nothing http://purl.dataone.org/odo/SENSO_00000003).
[2026-06-24 14:59:44.176] Finished repairing the ontology.
Repairing with B1 (bad-in_some_mus-weaker-random)...
[2026-06-24 14:59:44.177] Checking precondition...
[2026-06-24 14:59:44.179] Starting the repair...
[2026-06-24 14:59:44.184] Selected a reference ontology with 17 axioms.
[2026-06-24 14:59:44.271] Selected the bad axiom SubClassOf(http://purl.dataone.org/odo/SENSO_00000004 http://purl.dataone.org/odo/SENSO_00000003).
[2026-06-24 14:59:44.275] Selected the weaker axiom SubClassOf(owl:Nothing http://purl.dataone.org/odo/SENSO_00000003).
[2026-06-24 14:59:44.275] Finished repairing the ontology.
Repairing with B2 (bad-in_some_mus-weaker-shapley)...
[2026-06-24 14:59:44.277] Checking precondition...
[2026-06-24 14:59:44.279] Starting the repair...
[2026-06-24 14:59:44.283] Selected a reference ontology with 17 axioms.
[2026-06-24 14:59:44.354] Selected the bad axiom SubClassOf(owl:Thing http://purl.dataone.org/odo/SENSO_00000001).
[PowerIndexWeakerAxiomSelector] Scoring 16
...[truncated]
SUCCESS: attempt=90 seed=1263814 success_count=71/100
progress: ontology=SENSO attempt=90 success=71/100
----- SENSO attempt=91 seed=1278014 at 2026-06-24 14:59:48 -----
--- stdout ---
{"seed":1278014,"run_id":"20260624134028346645","trial_status":"success","error_type":null,"failure_stage":null,"error_message":null,"iic_values":{"B1_vs_A1":1.0,"B1_vs_A2":0.2,"B1_vs_A3":0.5,"B2_vs_A1":0.875,"B2_vs_A2":0.5,"B2_vs_A3":0.8,"B3_vs_A1":0.7142857142857143,"B3_vs_A2":0.3333333333333333,"B3_vs_A3":0.5,"B4_vs_A1":0.875,"B4_vs_A2":0.5,"B4_vs_A3":0.8,"B5_vs_A1":0.875,"B5_vs_A2":0.5,"B5_vs_A3":0.8,"B6_vs_A1":0.875,"B6_vs_A2":0.5,"B6_vs_A3":0.8,"B7_vs_A1":0.875,"B7_vs_A2":0.5,"B7_vs_A3":0.8,"B8_vs_A1":0.875,"B8_vs_A2":0.5,"B8_vs_A3":0.8,"B9_vs_A1":0.875,"B9_vs_A2":0.5,"B9_vs_A3":0.8},"repair_runtimes_ms":{"A1":28,"A2":119,"A3":163,"B1":200,"B2":386,"B3":202,"B4":76,"B5":1144,"B6":546,"B7":31,"B8":740,"B9":818}}

--- stderr ---
SingleTrialExperiment starting: ontology=/workspaces/ontologyutils-ekaw26/repair-power-index-replication-ekaw26/ontologies/inconsistent/SENSO.owl, seed=1278014, run_id=20260624134028346645
Loaded ontology.
Normalizing ontology with SROIQ normalization...
Normalized ontology with SROIQ normalization.
Ontology is already inconsistent, skipping make-inconsistent step.
Repairing with A1 (random-removal)...
[2026-06-24 14:59:48.399] Checking precondition...
[2026-06-24 14:59:48.408] Starting the repair...
[2026-06-24 14:59:48.413] Found 13 possible bad axioms.
[2026-06-24 14:59:48.414] Selected the bad axiom SubClassOf(http://purl.dataone.org/odo/SENSO_00000002 http://purl.dataone.org/odo/SENSO_00000001).
[2026-06-24 14:59:48.419] Found 12 possible bad axioms.
[2026-06-24 14:59:48.419] Selected the bad axiom SubClassOf(http://purl.dataone.org/odo/SENSO_00000001 http://purl.dataone.org/odo/SENSO_00000004).
[2026-06-24 14:59:48.422] Finished repairing the ontology.
Repairing with A2 (not-in-largest-mcs-removal)...
[2026-06-24 14:59:48.423] Checking precondition...
[2026-06-24 14:59:48.430] Starting the repair...
[2026-06-24 14:59:48.541] Found 4 possible bad axioms.
[2026-06-24 14:59:48.541] Selected the bad axiom SubClassOf(owl:Thing http://purl.dataone.org/odo/SENSO_00000001).
[2026-06-24 14:59:48.541] Finished repairing the ontology.
Repairing with A3 (default-weakening)...
[2026-06-24 14:59:48.543] Checking precondition...
[2026-06-24 14:59:48.546] Starting the repair...
[2026-06-24 14:59:48.553] Selected a reference ontology with 17 axioms.
[2026-06-24 14:59:48.692] Selected the bad axiom SubClassOf(http://purl.dataone.org/odo/SENSO_00000001 http://purl.dataone.org/odo/SENSO_00000004).
[2026-06-24 14:59:48.704] Selected the weaker axiom SubClassOf(http://purl.dataone.org/odo/SENSO_00000002 http://purl.dataone.org/odo/SENSO_00000004).
[2026-06-24 14:59:48.705] Finished repairing the ontology.
Repairing with B1 (bad-in_some_mus-weaker-random)...
[2026-06-24 14:59:48.706] Checking precondition...
[2026-06-24 14:59:48.708] Starting the repair...
[2026-06-24 14:59:48.711] Selected a reference ontology with 17 axioms.
[2026-06-24 14:59:48.800] Selected the bad axiom SubClassOf(owl:Thing http://purl.dataone.org/odo/SENSO_00000001).
[2026-06-24 14:59:48.804] Selected the weaker axiom SubClassOf(ObjectAllValuesFrom(http://purl.dataone.org/odo/SENSO_00000005 http://purl.dataone.org/odo/SENSO_00000001) http://purl.dataone.org/odo/SENSO_00000001).
[2026-06-24 14:59:48.904] Selected the bad axiom SubClassOf(http://purl.dataone.org/odo/SENSO_00000001 http://purl.dataone.org/odo/SENSO_00000004).
[2026-06-24 14:59:48.905] Selected the weaker axiom SubClassOf(http://purl.dataone.org/odo/SENSO_00000002 http://purl.dataone.org/odo/SENSO_00000004).
[2026-06-24 14:59:48.905] Finished repairing the ontology.
Repairing with B2 (bad-in_some_mus-weaker-shapley)...
[2026-06-24 14:59:48.907] Checking precondition...
[2026-06-24 14:59:48.908] Starting the repair...
[2026-06-2
...[truncated]
SUCCESS: attempt=91 seed=1278014 success_count=72/100
progress: ontology=SENSO attempt=91 success=72/100
----- SENSO attempt=92 seed=1292214 at 2026-06-24 14:59:52 -----
--- stdout ---
{"seed":1292214,"run_id":"20260624134028346645","trial_status":"success","error_type":null,"failure_stage":null,"error_message":null,"iic_values":{"B1_vs_A1":0.8,"B1_vs_A2":0.8,"B1_vs_A3":0.8,"B2_vs_A1":0.8,"B2_vs_A2":0.8,"B2_vs_A3":0.8,"B3_vs_A1":0.875,"B3_vs_A2":0.6666666666666666,"B3_vs_A3":0.6666666666666666,"B4_vs_A1":0.875,"B4_vs_A2":0.6666666666666666,"B4_vs_A3":0.6666666666666666,"B5_vs_A1":0.875,"B5_vs_A2":0.6666666666666666,"B5_vs_A3":0.6666666666666666,"B6_vs_A1":0.875,"B6_vs_A2":0.6666666666666666,"B6_vs_A3":0.6666666666666666,"B7_vs_A1":0.875,"B7_vs_A2":0.6666666666666666,"B7_vs_A3":0.6666666666666666,"B8_vs_A1":0.875,"B8_vs_A2":0.6666666666666666,"B8_vs_A3":0.6666666666666666,"B9_vs_A1":0.875,"B9_vs_A2":0.6666666666666666,"B9_vs_A3":0.6666666666666666},"repair_runtimes_ms":{"A1":32,"A2":114,"A3":158,"B1":235,"B2":353,"B3":275,"B4":43,"B5":1297,"B6":514,"B7":29,"B8":520,"B9":825}}

--- stderr ---
SingleTrialExperiment starting: ontology=/workspaces/ontologyutils-ekaw26/repair-power-index-replication-ekaw26/ontologies/inconsistent/SENSO.owl, seed=1292214, run_id=20260624134028346645
Loaded ontology.
Normalizing ontology with SROIQ normalization...
Normalized ontology with SROIQ normalization.
Ontology is already inconsistent, skipping make-inconsistent step.
Repairing with A1 (random-removal)...
[2026-06-24 14:59:53.255] Checking precondition...
[2026-06-24 14:59:53.264] Starting the repair...
[2026-06-24 14:59:53.269] Found 13 possible bad axioms.
[2026-06-24 14:59:53.271] Selected the bad axiom SubClassOf(http://purl.dataone.org/odo/SENSO_00000004 http://purl.dataone.org/odo/SENSO_00000002).
[2026-06-24 14:59:53.275] Found 12 possible bad axioms.
[2026-06-24 14:59:53.276] Selected the bad axiom SubClassOf(owl:Thing ObjectAllValuesFrom(http://purl.dataone.org/odo/SENSO_00000005 http://purl.dataone.org/odo/SENSO_00000001)).
[2026-06-24 14:59:53.280] Found 11 possible bad axioms.
[2026-06-24 14:59:53.280] Selected the bad axiom SubClassOf(http://purl.dataone.org/odo/SENSO_00000001 http://purl.dataone.org/odo/SENSO_00000004).
[2026-06-24 14:59:53.284] Finished repairing the ontology.
Repairing with A2 (not-in-largest-mcs-removal)...
[2026-06-24 14:59:53.284] Checking precondition...
[2026-06-24 14:59:53.290] Starting the repair...
[2026-06-24 14:59:53.396] Found 4 possible bad axioms.
[2026-06-24 14:59:53.396] Selected the bad axiom SubClassOf(http://purl.dataone.org/odo/SENSO_00000004 http://purl.dataone.org/odo/SENSO_00000003).
[2026-06-24 14:59:53.398] Finished repairing the ontology.
Repairing with A3 (default-weakening)...
[2026-06-24 14:59:53.399] Checking precondition...
[2026-06-24 14:59:53.402] Starting the repair...
[2026-06-24 14:59:53.410] Selected a reference ontology with 17 axioms.
[2026-06-24 14:59:53.546] Selected the bad axiom SubClassOf(http://purl.dataone.org/odo/SENSO_00000004 http://purl.dataone.org/odo/SENSO_00000003).
[2026-06-24 14:59:53.555] Selected the weaker axiom SubClassOf(http://purl.dataone.org/odo/SENSO_00000003 http://purl.dataone.org/odo/SENSO_00000003).
[2026-06-24 14:59:53.557] Finished repairing the ontology.
Repairing with B1 (bad-in_some_mus-weaker-random)...
[2026-06-24 14:59:53.558] Checking precondition...
[2026-06-24 14:59:53.560] Starting the repair...
[2026-06-24 14:59:53.564] Selected a reference ontology with 17 axioms.
[2026-06-24 14:59:53.654] Selected the bad axiom SubClassOf(http://purl.dataone.org/odo/SENSO_00000004 http://purl.dataone.org/odo/SENSO_00000003).
[2026-06-24 14:59:53.656] Selected the weaker axiom SubClassOf(http://purl.dataone.org/odo/SENSO_00000002 http://purl.dataone.org/odo/SENSO_00000003).
[2026-06-24 14:59:53.739] Selected the bad axiom SubClassOf(http://purl.dataone.org/odo/SENSO_00000001 http://purl.dataone.org/odo/SENSO_00000004).
[2026-06-24 14:59:53.740] Selected the weaker axiom SubClassOf(http://purl.dataone.org/odo/SENSO_00000001 http://purl.dataone.org/odo/SEN
...[truncated]
SUCCESS: attempt=92 seed=1292214 success_count=73/100
progress: ontology=SENSO attempt=92 success=73/100
----- SENSO attempt=93 seed=1306414 at 2026-06-24 14:59:57 -----
--- stdout ---
{"seed":1306414,"run_id":"20260624134028346645","trial_status":"success","error_type":null,"failure_stage":null,"error_message":null,"iic_values":{"B1_vs_A1":1.0,"B1_vs_A2":0.875,"B1_vs_A3":0.875,"B2_vs_A1":0.5555555555555556,"B2_vs_A2":0.7142857142857143,"B2_vs_A3":0.7142857142857143,"B3_vs_A1":1.0,"B3_vs_A2":0.875,"B3_vs_A3":0.875,"B4_vs_A1":1.0,"B4_vs_A2":0.875,"B4_vs_A3":0.875,"B5_vs_A1":1.0,"B5_vs_A2":0.875,"B5_vs_A3":0.875,"B6_vs_A1":1.0,"B6_vs_A2":0.875,"B6_vs_A3":0.875,"B7_vs_A1":1.0,"B7_vs_A2":0.875,"B7_vs_A3":0.875,"B8_vs_A1":1.0,"B8_vs_A2":0.875,"B8_vs_A3":0.875,"B9_vs_A1":1.0,"B9_vs_A2":0.875,"B9_vs_A3":0.875},"repair_runtimes_ms":{"A1":38,"A2":110,"A3":154,"B1":104,"B2":849,"B3":241,"B4":29,"B5":1053,"B6":771,"B7":41,"B8":726,"B9":790}}

--- stderr ---
SingleTrialExperiment starting: ontology=/workspaces/ontologyutils-ekaw26/repair-power-index-replication-ekaw26/ontologies/inconsistent/SENSO.owl, seed=1306414, run_id=20260624134028346645
Loaded ontology.
Normalizing ontology with SROIQ normalization...
Normalized ontology with SROIQ normalization.
Ontology is already inconsistent, skipping make-inconsistent step.
Repairing with A1 (random-removal)...
[2026-06-24 14:59:58.103] Checking precondition...
[2026-06-24 14:59:58.112] Starting the repair...
[2026-06-24 14:59:58.118] Found 13 possible bad axioms.
[2026-06-24 14:59:58.119] Selected the bad axiom SubClassOf(owl:Thing ObjectAllValuesFrom(http://purl.dataone.org/odo/SENSO_00000005 http://purl.dataone.org/odo/SENSO_00000004)).
[2026-06-24 14:59:58.124] Found 12 possible bad axioms.
[2026-06-24 14:59:58.124] Selected the bad axiom SubClassOf(http://purl.dataone.org/odo/SENSO_00000003 http://purl.dataone.org/odo/SENSO_00000002).
[2026-06-24 14:59:58.128] Found 11 possible bad axioms.
[2026-06-24 14:59:58.128] Selected the bad axiom SubClassOf(http://purl.dataone.org/odo/SENSO_00000002 http://purl.dataone.org/odo/SENSO_00000001).
[2026-06-24 14:59:58.131] Found 10 possible bad axioms.
[2026-06-24 14:59:58.131] Selected the bad axiom SubClassOf(http://purl.dataone.org/odo/SENSO_00000003 http://purl.dataone.org/odo/SENSO_00000004).
[2026-06-24 14:59:58.134] Found 9 possible bad axioms.
[2026-06-24 14:59:58.134] Selected the bad axiom SubClassOf(owl:Thing http://purl.dataone.org/odo/SENSO_00000001).
[2026-06-24 14:59:58.137] Finished repairing the ontology.
Repairing with A2 (not-in-largest-mcs-removal)...
[2026-06-24 14:59:58.138] Checking precondition...
[2026-06-24 14:59:58.144] Starting the repair...
[2026-06-24 14:59:58.246] Found 4 possible bad axioms.
[2026-06-24 14:59:58.247] Selected the bad axiom SubClassOf(http://purl.dataone.org/odo/SENSO_00000001 http://purl.dataone.org/odo/SENSO_00000004).
[2026-06-24 14:59:58.248] Finished repairing the ontology.
Repairing with A3 (default-weakening)...
[2026-06-24 14:59:58.250] Checking precondition...
[2026-06-24 14:59:58.252] Starting the repair...
[2026-06-24 14:59:58.261] Selected a reference ontology with 17 axioms.
[2026-06-24 14:59:58.391] Selected the bad axiom SubClassOf(http://purl.dataone.org/odo/SENSO_00000001 http://purl.dataone.org/odo/SENSO_00000004).
[2026-06-24 14:59:58.401] Selected the weaker axiom SubClassOf(http://purl.dataone.org/odo/SENSO_00000003 http://purl.dataone.org/odo/SENSO_00000004).
[2026-06-24 14:59:58.403] Finished repairing the ontology.
Repairing with B1 (bad-in_some_mus-weaker-random)...
[2026-06-24 14:59:58.403] Checking precondition...
[2026-06-24 14:59:58.405] Starting the repair...
[2026-06-24 14:59:58.410] Selected a reference ontology with 17 axioms.
[2026-06-24 14:59:58.501] Selected the bad axiom SubClassOf(owl:Thing http://purl.dataone.org/odo/SENSO_00000001).
[2026-06-24 14:59:58.507] Selected the weaker axiom SubClassOf(owl:Thing ObjectAllValuesFrom(ht
...[truncated]
SUCCESS: attempt=93 seed=1306414 success_count=74/100
progress: ontology=SENSO attempt=93 success=74/100
----- SENSO attempt=94 seed=1320614 at 2026-06-24 15:00:03 -----
--- stdout ---
{"seed":1320614,"run_id":"20260624134028346645","trial_status":"time_limit_exceeded","error_type":"timeout","failure_stage":"B7","error_message":"Repair timeout: B7 exceeded 300 seconds","iic_values":{},"repair_runtimes_ms":{"A1":27,"A2":112,"A3":258,"B1":84,"B2":390,"B3":348,"B4":43,"B5":818,"B6":855,"B7":300001}}

--- stderr ---
SingleTrialExperiment starting: ontology=/workspaces/ontologyutils-ekaw26/repair-power-index-replication-ekaw26/ontologies/inconsistent/SENSO.owl, seed=1320614, run_id=20260624134028346645
Loaded ontology.
Normalizing ontology with SROIQ normalization...
Normalized ontology with SROIQ normalization.
Ontology is already inconsistent, skipping make-inconsistent step.
Repairing with A1 (random-removal)...
[2026-06-24 15:00:03.945] Checking precondition...
[2026-06-24 15:00:03.954] Starting the repair...
[2026-06-24 15:00:03.960] Found 13 possible bad axioms.
[2026-06-24 15:00:03.962] Selected the bad axiom SubClassOf(http://purl.dataone.org/odo/SENSO_00000003 http://purl.dataone.org/odo/SENSO_00000002).
[2026-06-24 15:00:03.965] Found 12 possible bad axioms.
[2026-06-24 15:00:03.965] Selected the bad axiom SubClassOf(owl:Thing http://purl.dataone.org/odo/SENSO_00000001).
[2026-06-24 15:00:03.968] Finished repairing the ontology.
Repairing with A2 (not-in-largest-mcs-removal)...
[2026-06-24 15:00:03.969] Checking precondition...
[2026-06-24 15:00:03.976] Starting the repair...
[2026-06-24 15:00:04.081] Found 4 possible bad axioms.
[2026-06-24 15:00:04.081] Selected the bad axiom SubClassOf(owl:Thing http://purl.dataone.org/odo/SENSO_00000001).
[2026-06-24 15:00:04.081] Finished repairing the ontology.
Repairing with A3 (default-weakening)...
[2026-06-24 15:00:04.083] Checking precondition...
[2026-06-24 15:00:04.086] Starting the repair...
[2026-06-24 15:00:04.095] Selected a reference ontology with 17 axioms.
[2026-06-24 15:00:04.239] Selected the bad axiom SubClassOf(http://purl.dataone.org/odo/SENSO_00000003 owl:Nothing).
[2026-06-24 15:00:04.251] Selected the weaker axiom SubClassOf(http://purl.dataone.org/odo/SENSO_00000004 owl:Nothing).
[2026-06-24 15:00:04.338] Selected the bad axiom SubClassOf(http://purl.dataone.org/odo/SENSO_00000004 owl:Nothing).
[2026-06-24 15:00:04.339] Selected the weaker axiom SubClassOf(http://purl.dataone.org/odo/SENSO_00000004 http://purl.dataone.org/odo/SENSO_00000003).
[2026-06-24 15:00:04.340] Finished repairing the ontology.
Repairing with B1 (bad-in_some_mus-weaker-random)...
[2026-06-24 15:00:04.341] Checking precondition...
[2026-06-24 15:00:04.343] Starting the repair...
[2026-06-24 15:00:04.347] Selected a reference ontology with 17 axioms.
[2026-06-24 15:00:04.421] Selected the bad axiom SubClassOf(http://purl.dataone.org/odo/SENSO_00000001 http://purl.dataone.org/odo/SENSO_00000004).
[2026-06-24 15:00:04.424] Selected the weaker axiom SubClassOf(http://purl.dataone.org/odo/SENSO_00000003 http://purl.dataone.org/odo/SENSO_00000004).
[2026-06-24 15:00:04.425] Finished repairing the ontology.
Repairing with B2 (bad-in_some_mus-weaker-shapley)...
[2026-06-24 15:00:04.426] Checking precondition...
[2026-06-24 15:00:04.428] Starting the repair...
[2026-06-24 15:00:04.430] Selected a reference ontology with 17 axioms.
[2026-06-24 15:00:04.486] Selected the bad axiom SubClassOf(owl:Thing http://purl.dataone.org/o
...[truncated]
FAIL: attempt=94 seed=1320614 status=time_limit_exceeded stage=B7 message=Repair timeout: B7 exceeded 300 seconds
progress: ontology=SENSO attempt=94 success=74/100
----- SENSO attempt=95 seed=1334814 at 2026-06-24 15:05:07 -----
--- stdout ---
{"seed":1334814,"run_id":"20260624134028346645","trial_status":"success","error_type":null,"failure_stage":null,"error_message":null,"iic_values":{"B1_vs_A1":0.5,"B1_vs_A2":0.8,"B1_vs_A3":0.8,"B2_vs_A1":0.5,"B2_vs_A2":0.875,"B2_vs_A3":0.6666666666666666,"B3_vs_A1":0.2,"B3_vs_A2":0.7142857142857143,"B3_vs_A3":0.5,"B4_vs_A1":0.5,"B4_vs_A2":0.875,"B4_vs_A3":0.6666666666666666,"B5_vs_A1":0.5,"B5_vs_A2":0.875,"B5_vs_A3":0.6666666666666666,"B6_vs_A1":0.5,"B6_vs_A2":0.875,"B6_vs_A3":0.6666666666666666,"B7_vs_A1":0.5,"B7_vs_A2":0.875,"B7_vs_A3":0.6666666666666666,"B8_vs_A1":0.5,"B8_vs_A2":0.875,"B8_vs_A3":0.6666666666666666,"B9_vs_A1":0.5,"B9_vs_A2":0.875,"B9_vs_A3":0.6666666666666666},"repair_runtimes_ms":{"A1":23,"A2":119,"A3":162,"B1":307,"B2":715,"B3":369,"B4":30,"B5":768,"B6":790,"B7":48,"B8":558,"B9":782}}

--- stderr ---
SingleTrialExperiment starting: ontology=/workspaces/ontologyutils-ekaw26/repair-power-index-replication-ekaw26/ontologies/inconsistent/SENSO.owl, seed=1334814, run_id=20260624134028346645
Loaded ontology.
Normalizing ontology with SROIQ normalization...
Normalized ontology with SROIQ normalization.
Ontology is already inconsistent, skipping make-inconsistent step.
Repairing with A1 (random-removal)...
[2026-06-24 15:05:07.445] Checking precondition...
[2026-06-24 15:05:07.453] Starting the repair...
[2026-06-24 15:05:07.458] Found 13 possible bad axioms.
[2026-06-24 15:05:07.459] Selected the bad axiom SubClassOf(http://purl.dataone.org/odo/SENSO_00000003 owl:Nothing).
[2026-06-24 15:05:07.464] Finished repairing the ontology.
Repairing with A2 (not-in-largest-mcs-removal)...
[2026-06-24 15:05:07.465] Checking precondition...
[2026-06-24 15:05:07.473] Starting the repair...
[2026-06-24 15:05:07.582] Found 4 possible bad axioms.
[2026-06-24 15:05:07.582] Selected the bad axiom SubClassOf(http://purl.dataone.org/odo/SENSO_00000001 http://purl.dataone.org/odo/SENSO_00000004).
[2026-06-24 15:05:07.584] Finished repairing the ontology.
Repairing with A3 (default-weakening)...
[2026-06-24 15:05:07.585] Checking precondition...
[2026-06-24 15:05:07.588] Starting the repair...
[2026-06-24 15:05:07.597] Selected a reference ontology with 17 axioms.
[2026-06-24 15:05:07.735] Selected the bad axiom SubClassOf(http://purl.dataone.org/odo/SENSO_00000004 http://purl.dataone.org/odo/SENSO_00000003).
[2026-06-24 15:05:07.745] Selected the weaker axiom SubClassOf(http://purl.dataone.org/odo/SENSO_00000004 http://purl.dataone.org/odo/SENSO_00000002).
[2026-06-24 15:05:07.747] Finished repairing the ontology.
Repairing with B1 (bad-in_some_mus-weaker-random)...
[2026-06-24 15:05:07.747] Checking precondition...
[2026-06-24 15:05:07.750] Starting the repair...
[2026-06-24 15:05:07.753] Selected a reference ontology with 17 axioms.
[2026-06-24 15:05:07.845] Selected the bad axiom SubClassOf(http://purl.dataone.org/odo/SENSO_00000003 owl:Nothing).
[2026-06-24 15:05:07.849] Selected the weaker axiom SubClassOf(http://purl.dataone.org/odo/SENSO_00000004 owl:Nothing).
[2026-06-24 15:05:07.920] Selected the bad axiom SubClassOf(owl:Thing http://purl.dataone.org/odo/SENSO_00000001).
[2026-06-24 15:05:07.922] Selected the weaker axiom SubClassOf(ObjectAllValuesFrom(http://purl.dataone.org/odo/SENSO_00000005 owl:Nothing) http://purl.dataone.org/odo/SENSO_00000001).
[2026-06-24 15:05:07.998] Selected the bad axiom SubClassOf(ObjectAllValuesFrom(http://purl.dataone.org/odo/SENSO_00000005 owl:Nothing) http://purl.dataone.org/odo/SENSO_00000001).
[2026-06-24 15:05:07.999] Selected the weaker axiom SubClassOf(ObjectAllValuesFrom(http://purl.dataone.org/odo/SENSO_00000005 owl:Nothing) http://purl.dataone.org/odo/SENSO_00000004).
[2026-06-24 15:05:08.053] Selected the bad axiom SubClassOf(http://purl.dataone.org/odo/SENSO_00000004 owl:Nothing).
[2026-06-24 15:05:08.054] Selected t
...[truncated]
SUCCESS: attempt=95 seed=1334814 success_count=75/100
progress: ontology=SENSO attempt=95 success=75/100
----- SENSO attempt=96 seed=1349014 at 2026-06-24 15:05:12 -----
--- stdout ---
{"seed":1349014,"run_id":"20260624134028346645","trial_status":"success","error_type":null,"failure_stage":null,"error_message":null,"iic_values":{"B1_vs_A1":0.2,"B1_vs_A2":0.5,"B1_vs_A3":0.2,"B2_vs_A1":0.25,"B2_vs_A2":0.4,"B2_vs_A3":0.25,"B3_vs_A1":0.2,"B3_vs_A2":0.2857142857142857,"B3_vs_A3":0.2,"B4_vs_A1":0.5,"B4_vs_A2":0.6666666666666666,"B4_vs_A3":0.5,"B5_vs_A1":0.5,"B5_vs_A2":0.6666666666666666,"B5_vs_A3":0.5,"B6_vs_A1":0.5,"B6_vs_A2":0.6666666666666666,"B6_vs_A3":0.5,"B7_vs_A1":0.5,"B7_vs_A2":0.6666666666666666,"B7_vs_A3":0.5,"B8_vs_A1":0.5,"B8_vs_A2":0.6666666666666666,"B8_vs_A3":0.5,"B9_vs_A1":0.5,"B9_vs_A2":0.6666666666666666,"B9_vs_A3":0.5},"repair_runtimes_ms":{"A1":31,"A2":118,"A3":348,"B1":63,"B2":1018,"B3":322,"B4":54,"B5":734,"B6":583,"B7":48,"B8":876,"B9":851}}

--- stderr ---
SingleTrialExperiment starting: ontology=/workspaces/ontologyutils-ekaw26/repair-power-index-replication-ekaw26/ontologies/inconsistent/SENSO.owl, seed=1349014, run_id=20260624134028346645
Loaded ontology.
Normalizing ontology with SROIQ normalization...
Normalized ontology with SROIQ normalization.
Ontology is already inconsistent, skipping make-inconsistent step.
Repairing with A1 (random-removal)...
[2026-06-24 15:05:12.560] Checking precondition...
[2026-06-24 15:05:12.569] Starting the repair...
[2026-06-24 15:05:12.573] Found 13 possible bad axioms.
[2026-06-24 15:05:12.575] Selected the bad axiom SubClassOf(http://purl.dataone.org/odo/SENSO_00000002 http://purl.dataone.org/odo/SENSO_00000001).
[2026-06-24 15:05:12.580] Found 12 possible bad axioms.
[2026-06-24 15:05:12.580] Selected the bad axiom SubClassOf(http://purl.dataone.org/odo/SENSO_00000003 http://purl.dataone.org/odo/SENSO_00000002).
[2026-06-24 15:05:12.583] Found 11 possible bad axioms.
[2026-06-24 15:05:12.583] Selected the bad axiom SubClassOf(http://purl.dataone.org/odo/SENSO_00000003 owl:Nothing).
[2026-06-24 15:05:12.587] Finished repairing the ontology.
Repairing with A2 (not-in-largest-mcs-removal)...
[2026-06-24 15:05:12.588] Checking precondition...
[2026-06-24 15:05:12.593] Starting the repair...
[2026-06-24 15:05:12.704] Found 4 possible bad axioms.
[2026-06-24 15:05:12.704] Selected the bad axiom SubClassOf(http://purl.dataone.org/odo/SENSO_00000004 http://purl.dataone.org/odo/SENSO_00000003).
[2026-06-24 15:05:12.705] Finished repairing the ontology.
Repairing with A3 (default-weakening)...
[2026-06-24 15:05:12.707] Checking precondition...
[2026-06-24 15:05:12.709] Starting the repair...
[2026-06-24 15:05:12.718] Selected a reference ontology with 17 axioms.
[2026-06-24 15:05:12.853] Selected the bad axiom SubClassOf(http://purl.dataone.org/odo/SENSO_00000004 http://purl.dataone.org/odo/SENSO_00000003).
[2026-06-24 15:05:12.865] Selected the weaker axiom SubClassOf(ObjectAllValuesFrom(http://purl.dataone.org/odo/SENSO_00000005 owl:Nothing) http://purl.dataone.org/odo/SENSO_00000003).
[2026-06-24 15:05:12.980] Selected the bad axiom SubClassOf(http://purl.dataone.org/odo/SENSO_00000003 owl:Nothing).
[2026-06-24 15:05:12.981] Selected the weaker axiom SubClassOf(http://purl.dataone.org/odo/SENSO_00000004 owl:Nothing).
[2026-06-24 15:05:13.051] Selected the bad axiom SubClassOf(http://purl.dataone.org/odo/SENSO_00000004 owl:Nothing).
[2026-06-24 15:05:13.052] Selected the weaker axiom SubClassOf(http://purl.dataone.org/odo/SENSO_00000004 ObjectAllValuesFrom(http://purl.dataone.org/odo/SENSO_00000005 http://purl.dataone.org/odo/SENSO_00000001)).
[2026-06-24 15:05:13.053] Finished repairing the ontology.
Repairing with B1 (bad-in_some_mus-weaker-random)...
[2026-06-24 15:05:13.054] Checking precondition...
[2026-06-24 15:05:13.055] Starting the repair...
[2026-06-24 15:05:13.058] Selected a reference ontology with 17 axioms.
[2026-06-24 15:05:13.113] Selected the bad a
...[truncated]
SUCCESS: attempt=96 seed=1349014 success_count=76/100
progress: ontology=SENSO attempt=96 success=76/100
----- SENSO attempt=97 seed=1363214 at 2026-06-24 15:05:17 -----
--- stdout ---
{"seed":1363214,"run_id":"20260624134028346645","trial_status":"success","error_type":null,"failure_stage":null,"error_message":null,"iic_values":{"B1_vs_A1":0.3333333333333333,"B1_vs_A2":0.5,"B1_vs_A3":0.3333333333333333,"B2_vs_A1":0.2,"B2_vs_A2":0.5,"B2_vs_A3":0.2,"B3_vs_A1":0.5,"B3_vs_A2":0.6666666666666666,"B3_vs_A3":0.5,"B4_vs_A1":0.5,"B4_vs_A2":0.6666666666666666,"B4_vs_A3":0.5,"B5_vs_A1":0.5,"B5_vs_A2":0.6666666666666666,"B5_vs_A3":0.5,"B6_vs_A1":0.5,"B6_vs_A2":0.6666666666666666,"B6_vs_A3":0.5,"B7_vs_A1":0.5,"B7_vs_A2":0.6666666666666666,"B7_vs_A3":0.5,"B8_vs_A1":0.5,"B8_vs_A2":0.6666666666666666,"B8_vs_A3":0.5,"B9_vs_A1":0.5,"B9_vs_A2":0.6666666666666666,"B9_vs_A3":0.5},"repair_runtimes_ms":{"A1":36,"A2":113,"A3":300,"B1":79,"B2":1008,"B3":329,"B4":45,"B5":883,"B6":532,"B7":22,"B8":748,"B9":871}}

--- stderr ---
SingleTrialExperiment starting: ontology=/workspaces/ontologyutils-ekaw26/repair-power-index-replication-ekaw26/ontologies/inconsistent/SENSO.owl, seed=1363214, run_id=20260624134028346645
Loaded ontology.
Normalizing ontology with SROIQ normalization...
Normalized ontology with SROIQ normalization.
Ontology is already inconsistent, skipping make-inconsistent step.
Repairing with A1 (random-removal)...
[2026-06-24 15:05:18.052] Checking precondition...
[2026-06-24 15:05:18.061] Starting the repair...
[2026-06-24 15:05:18.066] Found 13 possible bad axioms.
[2026-06-24 15:05:18.068] Selected the bad axiom SubClassOf(http://purl.dataone.org/odo/SENSO_00000004 http://purl.dataone.org/odo/SENSO_00000002).
[2026-06-24 15:05:18.072] Found 12 possible bad axioms.
[2026-06-24 15:05:18.073] Selected the bad axiom SubClassOf(owl:Thing ObjectAllValuesFrom(http://purl.dataone.org/odo/SENSO_00000005 http://purl.dataone.org/odo/SENSO_00000001)).
[2026-06-24 15:05:18.076] Found 11 possible bad axioms.
[2026-06-24 15:05:18.077] Selected the bad axiom SubClassOf(http://purl.dataone.org/odo/SENSO_00000004 http://purl.dataone.org/odo/SENSO_00000001).
[2026-06-24 15:05:18.081] Found 10 possible bad axioms.
[2026-06-24 15:05:18.081] Selected the bad axiom SubClassOf(owl:Thing http://purl.dataone.org/odo/SENSO_00000001).
[2026-06-24 15:05:18.084] Finished repairing the ontology.
Repairing with A2 (not-in-largest-mcs-removal)...
[2026-06-24 15:05:18.084] Checking precondition...
[2026-06-24 15:05:18.090] Starting the repair...
[2026-06-24 15:05:18.196] Found 4 possible bad axioms.
[2026-06-24 15:05:18.196] Selected the bad axiom SubClassOf(http://purl.dataone.org/odo/SENSO_00000004 http://purl.dataone.org/odo/SENSO_00000003).
[2026-06-24 15:05:18.198] Finished repairing the ontology.
Repairing with A3 (default-weakening)...
[2026-06-24 15:05:18.199] Checking precondition...
[2026-06-24 15:05:18.202] Starting the repair...
[2026-06-24 15:05:18.209] Selected a reference ontology with 17 axioms.
[2026-06-24 15:05:18.399] Selected the bad axiom SubClassOf(owl:Thing http://purl.dataone.org/odo/SENSO_00000001).
[2026-06-24 15:05:18.410] Selected the weaker axiom SubClassOf(owl:Thing http://purl.dataone.org/odo/SENSO_00000004).
[2026-06-24 15:05:18.497] Selected the bad axiom SubClassOf(owl:Thing http://purl.dataone.org/odo/SENSO_00000004).
[2026-06-24 15:05:18.498] Selected the weaker axiom SubClassOf(http://purl.dataone.org/odo/SENSO_00000003 http://purl.dataone.org/odo/SENSO_00000004).
[2026-06-24 15:05:18.499] Finished repairing the ontology.
Repairing with B1 (bad-in_some_mus-weaker-random)...
[2026-06-24 15:05:18.499] Checking precondition...
[2026-06-24 15:05:18.501] Starting the repair...
[2026-06-24 15:05:18.505] Selected a reference ontology with 17 axioms.
[2026-06-24 15:05:18.574] Selected the bad axiom SubClassOf(http://purl.dataone.org/odo/SENSO_00000004 http://purl.dataone.org/odo/SENSO_00000003).
[2026-06-24 15:05:18.578] Selected the weaker axiom SubClassOf(ht
...[truncated]
SUCCESS: attempt=97 seed=1363214 success_count=77/100
progress: ontology=SENSO attempt=97 success=77/100
----- SENSO attempt=98 seed=1377414 at 2026-06-24 15:05:23 -----
--- stdout ---
{"seed":1377414,"run_id":"20260624134028346645","trial_status":"memory_limit_exceeded","error_type":"failure","failure_stage":"A3","error_message":"Repair failed: ExecutionException: java.lang.NullPointerException: operands cannot be null or empty","iic_values":{},"repair_runtimes_ms":{"A1":25,"A2":123,"A3":160}}

--- stderr ---
SingleTrialExperiment starting: ontology=/workspaces/ontologyutils-ekaw26/repair-power-index-replication-ekaw26/ontologies/inconsistent/SENSO.owl, seed=1377414, run_id=20260624134028346645
Loaded ontology.
Normalizing ontology with SROIQ normalization...
Normalized ontology with SROIQ normalization.
Ontology is already inconsistent, skipping make-inconsistent step.
Repairing with A1 (random-removal)...
[2026-06-24 15:05:23.980] Checking precondition...
[2026-06-24 15:05:23.990] Starting the repair...
[2026-06-24 15:05:23.995] Found 13 possible bad axioms.
[2026-06-24 15:05:23.997] Selected the bad axiom SubClassOf(http://purl.dataone.org/odo/SENSO_00000003 owl:Nothing).
[2026-06-24 15:05:24.001] Finished repairing the ontology.
Repairing with A2 (not-in-largest-mcs-removal)...
[2026-06-24 15:05:24.002] Checking precondition...
[2026-06-24 15:05:24.008] Starting the repair...
[2026-06-24 15:05:24.123] Found 4 possible bad axioms.
[2026-06-24 15:05:24.124] Selected the bad axiom SubClassOf(http://purl.dataone.org/odo/SENSO_00000004 http://purl.dataone.org/odo/SENSO_00000003).
[2026-06-24 15:05:24.125] Finished repairing the ontology.
Repairing with A3 (default-weakening)...
[2026-06-24 15:05:24.126] Checking precondition...
[2026-06-24 15:05:24.129] Starting the repair...
[2026-06-24 15:05:24.140] Selected a reference ontology with 17 axioms.
[2026-06-24 15:05:24.274] Selected the bad axiom SubClassOf(owl:Thing http://purl.dataone.org/odo/SENSO_00000001).
[2026-06-24 15:05:24.284] Selected the weaker axiom SubClassOf(owl:Thing owl:Nothing).
Failure: Repair failed: ExecutionException: java.lang.NullPointerException: operands cannot be null or empty

FAIL: attempt=98 seed=1377414 status=memory_limit_exceeded stage=A3 message=Repair failed: ExecutionException: java.lang.NullPointerException: operands cannot be null or empty
progress: ontology=SENSO attempt=98 success=77/100
----- SENSO attempt=99 seed=1391614 at 2026-06-24 15:05:24 -----
--- stdout ---
{"seed":1391614,"run_id":"20260624134028346645","trial_status":"success","error_type":null,"failure_stage":null,"error_message":null,"iic_values":{"B1_vs_A1":0.875,"B1_vs_A2":0.5,"B1_vs_A3":0.6666666666666666,"B2_vs_A1":1.0,"B2_vs_A2":0.25,"B2_vs_A3":0.4,"B3_vs_A1":0.8,"B3_vs_A2":0.5,"B3_vs_A3":0.8,"B4_vs_A1":0.875,"B4_vs_A2":0.5,"B4_vs_A3":0.6666666666666666,"B5_vs_A1":0.875,"B5_vs_A2":0.5,"B5_vs_A3":0.6666666666666666,"B6_vs_A1":0.875,"B6_vs_A2":0.5,"B6_vs_A3":0.6666666666666666,"B7_vs_A1":0.875,"B7_vs_A2":0.5,"B7_vs_A3":0.6666666666666666,"B8_vs_A1":0.875,"B8_vs_A2":0.5,"B8_vs_A3":0.6666666666666666,"B9_vs_A1":0.875,"B9_vs_A2":0.5,"B9_vs_A3":0.6666666666666666},"repair_runtimes_ms":{"A1":40,"A2":105,"A3":255,"B1":78,"B2":1073,"B3":261,"B4":44,"B5":821,"B6":766,"B7":40,"B8":765,"B9":758}}

--- stderr ---
SingleTrialExperiment starting: ontology=/workspaces/ontologyutils-ekaw26/repair-power-index-replication-ekaw26/ontologies/inconsistent/SENSO.owl, seed=1391614, run_id=20260624134028346645
Loaded ontology.
Normalizing ontology with SROIQ normalization...
Normalized ontology with SROIQ normalization.
Ontology is already inconsistent, skipping make-inconsistent step.
Repairing with A1 (random-removal)...
[2026-06-24 15:05:24.678] Checking precondition...
[2026-06-24 15:05:24.687] Starting the repair...
[2026-06-24 15:05:24.692] Found 13 possible bad axioms.
[2026-06-24 15:05:24.694] Selected the bad axiom SubClassOf(owl:Thing ObjectAllValuesFrom(http://purl.dataone.org/odo/SENSO_00000005 http://purl.dataone.org/odo/SENSO_00000004)).
[2026-06-24 15:05:24.698] Found 12 possible bad axioms.
[2026-06-24 15:05:24.698] Selected the bad axiom SubClassOf(owl:Thing ObjectAllValuesFrom(http://purl.dataone.org/odo/SENSO_00000005 http://purl.dataone.org/odo/SENSO_00000001)).
[2026-06-24 15:05:24.702] Found 11 possible bad axioms.
[2026-06-24 15:05:24.702] Selected the bad axiom SubClassOf(http://purl.dataone.org/odo/SENSO_00000003 http://purl.dataone.org/odo/SENSO_00000001).
[2026-06-24 15:05:24.707] Found 10 possible bad axioms.
[2026-06-24 15:05:24.707] Selected the bad axiom SubClassOf(owl:Thing ObjectAllValuesFrom(http://purl.dataone.org/odo/SENSO_00000005 owl:Nothing)).
[2026-06-24 15:05:24.709] Found 9 possible bad axioms.
[2026-06-24 15:05:24.709] Selected the bad axiom SubClassOf(http://purl.dataone.org/odo/SENSO_00000003 http://purl.dataone.org/odo/SENSO_00000004).
[2026-06-24 15:05:24.712] Found 8 possible bad axioms.
[2026-06-24 15:05:24.712] Selected the bad axiom SubClassOf(http://purl.dataone.org/odo/SENSO_00000001 http://purl.dataone.org/odo/SENSO_00000004).
[2026-06-24 15:05:24.714] Finished repairing the ontology.
Repairing with A2 (not-in-largest-mcs-removal)...
[2026-06-24 15:05:24.715] Checking precondition...
[2026-06-24 15:05:24.719] Starting the repair...
[2026-06-24 15:05:24.818] Found 4 possible bad axioms.
[2026-06-24 15:05:24.819] Selected the bad axiom SubClassOf(http://purl.dataone.org/odo/SENSO_00000003 owl:Nothing).
[2026-06-24 15:05:24.820] Finished repairing the ontology.
Repairing with A3 (default-weakening)...
[2026-06-24 15:05:24.822] Checking precondition...
[2026-06-24 15:05:24.823] Starting the repair...
[2026-06-24 15:05:24.834] Selected a reference ontology with 17 axioms.
[2026-06-24 15:05:24.968] Selected the bad axiom SubClassOf(http://purl.dataone.org/odo/SENSO_00000001 http://purl.dataone.org/odo/SENSO_00000004).
[2026-06-24 15:05:24.980] Selected the weaker axiom SubClassOf(owl:Thing http://purl.dataone.org/odo/SENSO_00000004).
[2026-06-24 15:05:25.075] Selected the bad axiom SubClassOf(http://purl.dataone.org/odo/SENSO_00000004 http://purl.dataone.org/odo/SENSO_00000003).
[2026-06-24 15:05:25.075] Selected the weaker axiom SubClassOf(http://purl.dataone.org/odo/SENSO_00000003 http://purl.dataone.org/odo/SENSO_000
...[truncated]
SUCCESS: attempt=99 seed=1391614 success_count=78/100
progress: ontology=SENSO attempt=99 success=78/100
----- SENSO attempt=100 seed=1405814 at 2026-06-24 15:05:29 -----
--- stdout ---
{"seed":1405814,"run_id":"20260624134028346645","trial_status":"success","error_type":null,"failure_stage":null,"error_message":null,"iic_values":{"B1_vs_A1":0.7142857142857143,"B1_vs_A2":0.7142857142857143,"B1_vs_A3":0.2,"B2_vs_A1":0.8,"B2_vs_A2":0.8,"B2_vs_A3":0.5,"B3_vs_A1":0.5,"B3_vs_A2":0.5,"B3_vs_A3":0.2,"B4_vs_A1":0.875,"B4_vs_A2":0.875,"B4_vs_A3":0.5,"B5_vs_A1":0.875,"B5_vs_A2":0.875,"B5_vs_A3":0.5,"B6_vs_A1":0.875,"B6_vs_A2":0.875,"B6_vs_A3":0.5,"B7_vs_A1":0.875,"B7_vs_A2":0.875,"B7_vs_A3":0.5,"B8_vs_A1":0.875,"B8_vs_A2":0.875,"B8_vs_A3":0.5,"B9_vs_A1":0.875,"B9_vs_A2":0.875,"B9_vs_A3":0.5},"repair_runtimes_ms":{"A1":25,"A2":123,"A3":231,"B1":79,"B2":571,"B3":482,"B4":86,"B5":946,"B6":730,"B7":25,"B8":764,"B9":492}}

--- stderr ---
SingleTrialExperiment starting: ontology=/workspaces/ontologyutils-ekaw26/repair-power-index-replication-ekaw26/ontologies/inconsistent/SENSO.owl, seed=1405814, run_id=20260624134028346645
Loaded ontology.
Normalizing ontology with SROIQ normalization...
Normalized ontology with SROIQ normalization.
Ontology is already inconsistent, skipping make-inconsistent step.
Repairing with A1 (random-removal)...
[2026-06-24 15:05:30.110] Checking precondition...
[2026-06-24 15:05:30.119] Starting the repair...
[2026-06-24 15:05:30.126] Found 13 possible bad axioms.
[2026-06-24 15:05:30.128] Selected the bad axiom SubClassOf(http://purl.dataone.org/odo/SENSO_00000001 http://purl.dataone.org/odo/SENSO_00000004).
[2026-06-24 15:05:30.132] Finished repairing the ontology.
Repairing with A2 (not-in-largest-mcs-removal)...
[2026-06-24 15:05:30.132] Checking precondition...
[2026-06-24 15:05:30.140] Starting the repair...
[2026-06-24 15:05:30.254] Found 4 possible bad axioms.
[2026-06-24 15:05:30.255] Selected the bad axiom SubClassOf(http://purl.dataone.org/odo/SENSO_00000001 http://purl.dataone.org/odo/SENSO_00000004).
[2026-06-24 15:05:30.256] Finished repairing the ontology.
Repairing with A3 (default-weakening)...
[2026-06-24 15:05:30.257] Checking precondition...
[2026-06-24 15:05:30.259] Starting the repair...
[2026-06-24 15:05:30.270] Selected a reference ontology with 17 axioms.
[2026-06-24 15:05:30.405] Selected the bad axiom SubClassOf(http://purl.dataone.org/odo/SENSO_00000004 http://purl.dataone.org/odo/SENSO_00000003).
[2026-06-24 15:05:30.416] Selected the weaker axiom SubClassOf(owl:Thing http://purl.dataone.org/odo/SENSO_00000003).
[2026-06-24 15:05:30.486] Selected the bad axiom SubClassOf(http://purl.dataone.org/odo/SENSO_00000003 owl:Nothing).
[2026-06-24 15:05:30.486] Selected the weaker axiom SubClassOf(http://purl.dataone.org/odo/SENSO_00000003 http://purl.dataone.org/odo/SENSO_00000001).
[2026-06-24 15:05:30.487] Finished repairing the ontology.
Repairing with B1 (bad-in_some_mus-weaker-random)...
[2026-06-24 15:05:30.488] Checking precondition...
[2026-06-24 15:05:30.489] Starting the repair...
[2026-06-24 15:05:30.492] Selected a reference ontology with 17 axioms.
[2026-06-24 15:05:30.563] Selected the bad axiom SubClassOf(http://purl.dataone.org/odo/SENSO_00000004 http://purl.dataone.org/odo/SENSO_00000003).
[2026-06-24 15:05:30.567] Selected the weaker axiom SubClassOf(http://purl.dataone.org/odo/SENSO_00000004 ObjectAllValuesFrom(http://purl.dataone.org/odo/SENSO_00000005 http://purl.dataone.org/odo/SENSO_00000001)).
[2026-06-24 15:05:30.567] Finished repairing the ontology.
Repairing with B2 (bad-in_some_mus-weaker-shapley)...
[2026-06-24 15:05:30.569] Checking precondition...
[2026-06-24 15:05:30.570] Starting the repair...
[2026-06-24 15:05:30.582] Selected a reference ontology with 17 axioms.
[2026-06-24 15:05:30.636] Selected the bad axiom SubClassOf(http://purl.dataone.org/odo/SENSO_00000003 owl:Nothing).
[PowerIndexWeakerAxiomS
...[truncated]
SUCCESS: attempt=100 seed=1405814 success_count=79/100
progress: ontology=SENSO attempt=100 success=79/100
----- SENSO attempt=101 seed=1420014 at 2026-06-24 15:05:34 -----
--- stdout ---
{"seed":1420014,"run_id":"20260624134028346645","trial_status":"success","error_type":null,"failure_stage":null,"error_message":null,"iic_values":{"B1_vs_A1":0.5,"B1_vs_A2":0.6666666666666666,"B1_vs_A3":0.75,"B2_vs_A1":0.3333333333333333,"B2_vs_A2":0.5,"B2_vs_A3":0.6,"B3_vs_A1":0.25,"B3_vs_A2":0.4,"B3_vs_A3":0.5,"B4_vs_A1":0.5,"B4_vs_A2":0.6666666666666666,"B4_vs_A3":0.75,"B5_vs_A1":0.5,"B5_vs_A2":0.6666666666666666,"B5_vs_A3":0.75,"B6_vs_A1":0.5,"B6_vs_A2":0.6666666666666666,"B6_vs_A3":0.75,"B7_vs_A1":0.5,"B7_vs_A2":0.6666666666666666,"B7_vs_A3":0.75,"B8_vs_A1":0.5,"B8_vs_A2":0.6666666666666666,"B8_vs_A3":0.75,"B9_vs_A1":0.5,"B9_vs_A2":0.6666666666666666,"B9_vs_A3":0.75},"repair_runtimes_ms":{"A1":39,"A2":110,"A3":156,"B1":111,"B2":1107,"B3":263,"B4":86,"B5":834,"B6":873,"B7":28,"B8":798,"B9":800}}

--- stderr ---
SingleTrialExperiment starting: ontology=/workspaces/ontologyutils-ekaw26/repair-power-index-replication-ekaw26/ontologies/inconsistent/SENSO.owl, seed=1420014, run_id=20260624134028346645
Loaded ontology.
Normalizing ontology with SROIQ normalization...
Normalized ontology with SROIQ normalization.
Ontology is already inconsistent, skipping make-inconsistent step.
Repairing with A1 (random-removal)...
[2026-06-24 15:05:35.077] Checking precondition...
[2026-06-24 15:05:35.086] Starting the repair...
[2026-06-24 15:05:35.091] Found 13 possible bad axioms.
[2026-06-24 15:05:35.092] Selected the bad axiom SubClassOf(owl:Thing ObjectAllValuesFrom(http://purl.dataone.org/odo/SENSO_00000005 owl:Nothing)).
[2026-06-24 15:05:35.097] Found 12 possible bad axioms.
[2026-06-24 15:05:35.097] Selected the bad axiom SubClassOf(http://purl.dataone.org/odo/SENSO_00000003 http://purl.dataone.org/odo/SENSO_00000001).
[2026-06-24 15:05:35.101] Found 11 possible bad axioms.
[2026-06-24 15:05:35.101] Selected the bad axiom SubClassOf(http://purl.dataone.org/odo/SENSO_00000004 http://purl.dataone.org/odo/SENSO_00000001).
[2026-06-24 15:05:35.105] Found 10 possible bad axioms.
[2026-06-24 15:05:35.106] Selected the bad axiom SubClassOf(http://purl.dataone.org/odo/SENSO_00000003 http://purl.dataone.org/odo/SENSO_00000004).
[2026-06-24 15:05:35.108] Found 9 possible bad axioms.
[2026-06-24 15:05:35.108] Selected the bad axiom SubClassOf(owl:Thing http://purl.dataone.org/odo/SENSO_00000001).
[2026-06-24 15:05:35.111] Finished repairing the ontology.
Repairing with A2 (not-in-largest-mcs-removal)...
[2026-06-24 15:05:35.112] Checking precondition...
[2026-06-24 15:05:35.117] Starting the repair...
[2026-06-24 15:05:35.220] Found 4 possible bad axioms.
[2026-06-24 15:05:35.220] Selected the bad axiom SubClassOf(http://purl.dataone.org/odo/SENSO_00000004 http://purl.dataone.org/odo/SENSO_00000003).
[2026-06-24 15:05:35.222] Finished repairing the ontology.
Repairing with A3 (default-weakening)...
[2026-06-24 15:05:35.223] Checking precondition...
[2026-06-24 15:05:35.226] Starting the repair...
[2026-06-24 15:05:35.233] Selected a reference ontology with 17 axioms.
[2026-06-24 15:05:35.365] Selected the bad axiom SubClassOf(http://purl.dataone.org/odo/SENSO_00000001 http://purl.dataone.org/odo/SENSO_00000004).
[2026-06-24 15:05:35.377] Selected the weaker axiom SubClassOf(http://purl.dataone.org/odo/SENSO_00000001 http://purl.dataone.org/odo/SENSO_00000002).
[2026-06-24 15:05:35.378] Finished repairing the ontology.
Repairing with B1 (bad-in_some_mus-weaker-random)...
[2026-06-24 15:05:35.379] Checking precondition...
[2026-06-24 15:05:35.381] Starting the repair...
[2026-06-24 15:05:35.385] Selected a reference ontology with 17 axioms.
[2026-06-24 15:05:35.485] Selected the bad axiom SubClassOf(owl:Thing http://purl.dataone.org/odo/SENSO_00000001).
[2026-06-24 15:05:35.489] Selected the weaker axiom SubClassOf(http://purl.dataone.org/odo/SENSO_00000003 http://purl.dataone.
...[truncated]
SUCCESS: attempt=101 seed=1420014 success_count=80/100
progress: ontology=SENSO attempt=101 success=80/100
----- SENSO attempt=102 seed=1434214 at 2026-06-24 15:05:40 -----
--- stdout ---
{"seed":1434214,"run_id":"20260624134028346645","trial_status":"success","error_type":null,"failure_stage":null,"error_message":null,"iic_values":{"B1_vs_A1":0.8,"B1_vs_A2":0.5,"B1_vs_A3":0.8,"B2_vs_A1":0.5,"B2_vs_A2":0.2,"B2_vs_A3":0.5,"B3_vs_A1":0.2857142857142857,"B3_vs_A2":0.2,"B3_vs_A3":0.2857142857142857,"B4_vs_A1":0.6666666666666666,"B4_vs_A2":0.5,"B4_vs_A3":0.6666666666666666,"B5_vs_A1":0.6666666666666666,"B5_vs_A2":0.5,"B5_vs_A3":0.6666666666666666,"B6_vs_A1":0.6666666666666666,"B6_vs_A2":0.5,"B6_vs_A3":0.6666666666666666,"B7_vs_A1":0.6666666666666666,"B7_vs_A2":0.5,"B7_vs_A3":0.6666666666666666,"B8_vs_A1":0.6666666666666666,"B8_vs_A2":0.5,"B8_vs_A3":0.6666666666666666,"B9_vs_A1":0.6666666666666666,"B9_vs_A2":0.5,"B9_vs_A3":0.6666666666666666},"repair_runtimes_ms":{"A1":24,"A2":120,"A3":163,"B1":249,"B2":979,"B3":251,"B4":26,"B5":934,"B6":853,"B7":24,"B8":510,"B9":888}}

--- stderr ---
SingleTrialExperiment starting: ontology=/workspaces/ontologyutils-ekaw26/repair-power-index-replication-ekaw26/ontologies/inconsistent/SENSO.owl, seed=1434214, run_id=20260624134028346645
Loaded ontology.
Normalizing ontology with SROIQ normalization...
Normalized ontology with SROIQ normalization.
Ontology is already inconsistent, skipping make-inconsistent step.
Repairing with A1 (random-removal)...
[2026-06-24 15:05:41.037] Checking precondition...
[2026-06-24 15:05:41.045] Starting the repair...
[2026-06-24 15:05:41.051] Found 13 possible bad axioms.
[2026-06-24 15:05:41.053] Selected the bad axiom SubClassOf(http://purl.dataone.org/odo/SENSO_00000004 http://purl.dataone.org/odo/SENSO_00000003).
[2026-06-24 15:05:41.057] Finished repairing the ontology.
Repairing with A2 (not-in-largest-mcs-removal)...
[2026-06-24 15:05:41.057] Checking precondition...
[2026-06-24 15:05:41.066] Starting the repair...
[2026-06-24 15:05:41.176] Found 4 possible bad axioms.
[2026-06-24 15:05:41.176] Selected the bad axiom SubClassOf(http://purl.dataone.org/odo/SENSO_00000003 owl:Nothing).
[2026-06-24 15:05:41.178] Finished repairing the ontology.
Repairing with A3 (default-weakening)...
[2026-06-24 15:05:41.179] Checking precondition...
[2026-06-24 15:05:41.181] Starting the repair...
[2026-06-24 15:05:41.191] Selected a reference ontology with 17 axioms.
[2026-06-24 15:05:41.329] Selected the bad axiom SubClassOf(http://purl.dataone.org/odo/SENSO_00000004 http://purl.dataone.org/odo/SENSO_00000003).
[2026-06-24 15:05:41.340] Selected the weaker axiom SubClassOf(http://purl.dataone.org/odo/SENSO_00000004 http://purl.dataone.org/odo/SENSO_00000001).
[2026-06-24 15:05:41.341] Finished repairing the ontology.
Repairing with B1 (bad-in_some_mus-weaker-random)...
[2026-06-24 15:05:41.342] Checking precondition...
[2026-06-24 15:05:41.344] Starting the repair...
[2026-06-24 15:05:41.347] Selected a reference ontology with 17 axioms.
[2026-06-24 15:05:41.436] Selected the bad axiom SubClassOf(http://purl.dataone.org/odo/SENSO_00000001 http://purl.dataone.org/odo/SENSO_00000004).
[2026-06-24 15:05:41.441] Selected the weaker axiom SubClassOf(owl:Thing http://purl.dataone.org/odo/SENSO_00000004).
[2026-06-24 15:05:41.511] Selected the bad axiom SubClassOf(http://purl.dataone.org/odo/SENSO_00000004 http://purl.dataone.org/odo/SENSO_00000003).
[2026-06-24 15:05:41.512] Selected the weaker axiom SubClassOf(ObjectAllValuesFrom(http://purl.dataone.org/odo/SENSO_00000005 http://purl.dataone.org/odo/SENSO_00000004) http://purl.dataone.org/odo/SENSO_00000003).
[2026-06-24 15:05:41.588] Selected the bad axiom SubClassOf(http://purl.dataone.org/odo/SENSO_00000003 owl:Nothing).
[2026-06-24 15:05:41.589] Selected the weaker axiom SubClassOf(http://purl.dataone.org/odo/SENSO_00000003 ObjectAllValuesFrom(http://purl.dataone.org/odo/SENSO_00000005 owl:Nothing)).
[2026-06-24 15:05:41.591] Finished repairing the ontology.
Repairing with B2 (bad-in_some_mus-weaker-shapley)...
[2026-06-24
...[truncated]
SUCCESS: attempt=102 seed=1434214 success_count=81/100
progress: ontology=SENSO attempt=102 success=81/100
----- SENSO attempt=103 seed=1448414 at 2026-06-24 15:05:46 -----
--- stdout ---
{"seed":1448414,"run_id":"20260624134028346645","trial_status":"time_limit_exceeded","error_type":"timeout","failure_stage":"B4","error_message":"Repair timeout: B4 exceeded 300 seconds","iic_values":{},"repair_runtimes_ms":{"A1":23,"A2":118,"A3":349,"B1":59,"B2":1032,"B3":227,"B4":300002}}

--- stderr ---
SingleTrialExperiment starting: ontology=/workspaces/ontologyutils-ekaw26/repair-power-index-replication-ekaw26/ontologies/inconsistent/SENSO.owl, seed=1448414, run_id=20260624134028346645
Loaded ontology.
Normalizing ontology with SROIQ normalization...
Normalized ontology with SROIQ normalization.
Ontology is already inconsistent, skipping make-inconsistent step.
Repairing with A1 (random-removal)...
[2026-06-24 15:05:46.893] Checking precondition...
[2026-06-24 15:05:46.901] Starting the repair...
[2026-06-24 15:05:46.907] Found 13 possible bad axioms.
[2026-06-24 15:05:46.908] Selected the bad axiom SubClassOf(http://purl.dataone.org/odo/SENSO_00000003 owl:Nothing).
[2026-06-24 15:05:46.912] Finished repairing the ontology.
Repairing with A2 (not-in-largest-mcs-removal)...
[2026-06-24 15:05:46.913] Checking precondition...
[2026-06-24 15:05:46.921] Starting the repair...
[2026-06-24 15:05:47.031] Found 4 possible bad axioms.
[2026-06-24 15:05:47.031] Selected the bad axiom SubClassOf(owl:Thing http://purl.dataone.org/odo/SENSO_00000001).
[2026-06-24 15:05:47.031] Finished repairing the ontology.
Repairing with A3 (default-weakening)...
[2026-06-24 15:05:47.033] Checking precondition...
[2026-06-24 15:05:47.036] Starting the repair...
[2026-06-24 15:05:47.045] Selected a reference ontology with 17 axioms.
[2026-06-24 15:05:47.174] Selected the bad axiom SubClassOf(owl:Thing http://purl.dataone.org/odo/SENSO_00000001).
[2026-06-24 15:05:47.186] Selected the weaker axiom SubClassOf(ObjectAllValuesFrom(http://purl.dataone.org/odo/SENSO_00000005 http://purl.dataone.org/odo/SENSO_00000001) http://purl.dataone.org/odo/SENSO_00000001).
[2026-06-24 15:05:47.297] Selected the bad axiom SubClassOf(http://purl.dataone.org/odo/SENSO_00000001 http://purl.dataone.org/odo/SENSO_00000004).
[2026-06-24 15:05:47.298] Selected the weaker axiom SubClassOf(http://purl.dataone.org/odo/SENSO_00000001 owl:Nothing).
[2026-06-24 15:05:47.379] Selected the bad axiom SubClassOf(ObjectAllValuesFrom(http://purl.dataone.org/odo/SENSO_00000005 http://purl.dataone.org/odo/SENSO_00000001) http://purl.dataone.org/odo/SENSO_00000001).
[2026-06-24 15:05:47.380] Selected the weaker axiom SubClassOf(owl:Nothing http://purl.dataone.org/odo/SENSO_00000001).
[2026-06-24 15:05:47.381] Finished repairing the ontology.
Repairing with B1 (bad-in_some_mus-weaker-random)...
[2026-06-24 15:05:47.381] Checking precondition...
[2026-06-24 15:05:47.383] Starting the repair...
[2026-06-24 15:05:47.385] Selected a reference ontology with 17 axioms.
[2026-06-24 15:05:47.437] Selected the bad axiom SubClassOf(http://purl.dataone.org/odo/SENSO_00000004 http://purl.dataone.org/odo/SENSO_00000003).
[2026-06-24 15:05:47.439] Selected the weaker axiom SubClassOf(http://purl.dataone.org/odo/SENSO_00000004 http://purl.dataone.org/odo/SENSO_00000004).
[2026-06-24 15:05:47.440] Finished repairing the ontology.
Repairing with B2 (bad-in_some_mus-weaker-shapley)...
[2026-06-24 15:05:47.441] Checking precondit
...[truncated]
FAIL: attempt=103 seed=1448414 status=time_limit_exceeded stage=B4 message=Repair timeout: B4 exceeded 300 seconds
progress: ontology=SENSO attempt=103 success=81/100
----- SENSO attempt=104 seed=1462614 at 2026-06-24 15:10:48 -----
--- stdout ---
{"seed":1462614,"run_id":"20260624134028346645","trial_status":"memory_limit_exceeded","error_type":"failure","failure_stage":"B4","error_message":"Repair failed: ExecutionException: java.lang.NullPointerException: operands cannot be null or empty","iic_values":{},"repair_runtimes_ms":{"A1":26,"A2":127,"A3":161,"B1":100,"B2":1053,"B3":168,"B4":48}}

--- stderr ---
SingleTrialExperiment starting: ontology=/workspaces/ontologyutils-ekaw26/repair-power-index-replication-ekaw26/ontologies/inconsistent/SENSO.owl, seed=1462614, run_id=20260624134028346645
Loaded ontology.
Normalizing ontology with SROIQ normalization...
Normalized ontology with SROIQ normalization.
Ontology is already inconsistent, skipping make-inconsistent step.
Repairing with A1 (random-removal)...
[2026-06-24 15:10:49.273] Checking precondition...
[2026-06-24 15:10:49.282] Starting the repair...
[2026-06-24 15:10:49.289] Found 13 possible bad axioms.
[2026-06-24 15:10:49.290] Selected the bad axiom SubClassOf(owl:Thing http://purl.dataone.org/odo/SENSO_00000001).
[2026-06-24 15:10:49.295] Finished repairing the ontology.
Repairing with A2 (not-in-largest-mcs-removal)...
[2026-06-24 15:10:49.296] Checking precondition...
[2026-06-24 15:10:49.303] Starting the repair...
[2026-06-24 15:10:49.421] Found 4 possible bad axioms.
[2026-06-24 15:10:49.422] Selected the bad axiom SubClassOf(http://purl.dataone.org/odo/SENSO_00000004 http://purl.dataone.org/odo/SENSO_00000003).
[2026-06-24 15:10:49.423] Finished repairing the ontology.
Repairing with A3 (default-weakening)...
[2026-06-24 15:10:49.424] Checking precondition...
[2026-06-24 15:10:49.427] Starting the repair...
[2026-06-24 15:10:49.435] Selected a reference ontology with 17 axioms.
[2026-06-24 15:10:49.571] Selected the bad axiom SubClassOf(http://purl.dataone.org/odo/SENSO_00000004 http://purl.dataone.org/odo/SENSO_00000003).
[2026-06-24 15:10:49.583] Selected the weaker axiom SubClassOf(owl:Nothing http://purl.dataone.org/odo/SENSO_00000003).
[2026-06-24 15:10:49.584] Finished repairing the ontology.
Repairing with B1 (bad-in_some_mus-weaker-random)...
[2026-06-24 15:10:49.585] Checking precondition...
[2026-06-24 15:10:49.588] Starting the repair...
[2026-06-24 15:10:49.593] Selected a reference ontology with 17 axioms.
[2026-06-24 15:10:49.683] Selected the bad axiom SubClassOf(http://purl.dataone.org/odo/SENSO_00000001 http://purl.dataone.org/odo/SENSO_00000004).
[2026-06-24 15:10:49.685] Selected the weaker axiom SubClassOf(http://purl.dataone.org/odo/SENSO_00000001 http://purl.dataone.org/odo/SENSO_00000001).
[2026-06-24 15:10:49.685] Finished repairing the ontology.
Repairing with B2 (bad-in_some_mus-weaker-shapley)...
[2026-06-24 15:10:49.687] Checking precondition...
[2026-06-24 15:10:49.688] Starting the repair...
[2026-06-24 15:10:49.691] Selected a reference ontology with 17 axioms.
[2026-06-24 15:10:49.770] Selected the bad axiom SubClassOf(http://purl.dataone.org/odo/SENSO_00000001 http://purl.dataone.org/odo/SENSO_00000004).
[PowerIndexWeakerAxiomSelector] Scoring 8 candidate weakenings for SENSO_00000001 ⊑ SENSO_00000004
[PowerIndexWeakerAxiomSelector] Selected weaker axiom: SENSO_00000001 ⊑ SENSO_00000002
[2026-06-24 15:10:50.736] Selected the weaker axiom SubClassOf(http://purl.dataone.org/odo/SENSO_00000001 http://purl.dataone.org/odo/SENSO_00000002).
[2026-06-24 15:10:
...[truncated]
FAIL: attempt=104 seed=1462614 status=memory_limit_exceeded stage=B4 message=Repair failed: ExecutionException: java.lang.NullPointerException: operands cannot be null or empty
progress: ontology=SENSO attempt=104 success=81/100
----- SENSO attempt=105 seed=1476814 at 2026-06-24 15:10:51 -----
--- stdout ---
{"seed":1476814,"run_id":"20260624134028346645","trial_status":"success","error_type":null,"failure_stage":null,"error_message":null,"iic_values":{"B1_vs_A1":0.5,"B1_vs_A2":0.8,"B1_vs_A3":0.5,"B2_vs_A1":0.5,"B2_vs_A2":0.875,"B2_vs_A3":0.5,"B3_vs_A1":0.5,"B3_vs_A2":0.8,"B3_vs_A3":0.5,"B4_vs_A1":0.5,"B4_vs_A2":0.875,"B4_vs_A3":0.5,"B5_vs_A1":0.5,"B5_vs_A2":0.875,"B5_vs_A3":0.5,"B6_vs_A1":0.5,"B6_vs_A2":0.875,"B6_vs_A3":0.5,"B7_vs_A1":0.5,"B7_vs_A2":0.875,"B7_vs_A3":0.5,"B8_vs_A1":0.5,"B8_vs_A2":0.875,"B8_vs_A3":0.5,"B9_vs_A1":0.5,"B9_vs_A2":0.875,"B9_vs_A3":0.5},"repair_runtimes_ms":{"A1":24,"A2":121,"A3":165,"B1":178,"B2":395,"B3":315,"B4":38,"B5":710,"B6":897,"B7":35,"B8":503,"B9":900}}

--- stderr ---
SingleTrialExperiment starting: ontology=/workspaces/ontologyutils-ekaw26/repair-power-index-replication-ekaw26/ontologies/inconsistent/SENSO.owl, seed=1476814, run_id=20260624134028346645
Loaded ontology.
Normalizing ontology with SROIQ normalization...
Normalized ontology with SROIQ normalization.
Ontology is already inconsistent, skipping make-inconsistent step.
Repairing with A1 (random-removal)...
[2026-06-24 15:10:51.359] Checking precondition...
[2026-06-24 15:10:51.367] Starting the repair...
[2026-06-24 15:10:51.373] Found 13 possible bad axioms.
[2026-06-24 15:10:51.374] Selected the bad axiom SubClassOf(http://purl.dataone.org/odo/SENSO_00000003 owl:Nothing).
[2026-06-24 15:10:51.379] Finished repairing the ontology.
Repairing with A2 (not-in-largest-mcs-removal)...
[2026-06-24 15:10:51.379] Checking precondition...
[2026-06-24 15:10:51.386] Starting the repair...
[2026-06-24 15:10:51.499] Found 4 possible bad axioms.
[2026-06-24 15:10:51.499] Selected the bad axiom SubClassOf(http://purl.dataone.org/odo/SENSO_00000001 http://purl.dataone.org/odo/SENSO_00000004).
[2026-06-24 15:10:51.500] Finished repairing the ontology.
Repairing with A3 (default-weakening)...
[2026-06-24 15:10:51.502] Checking precondition...
[2026-06-24 15:10:51.504] Starting the repair...
[2026-06-24 15:10:51.513] Selected a reference ontology with 17 axioms.
[2026-06-24 15:10:51.653] Selected the bad axiom SubClassOf(http://purl.dataone.org/odo/SENSO_00000003 owl:Nothing).
[2026-06-24 15:10:51.664] Selected the weaker axiom SubClassOf(owl:Nothing owl:Nothing).
[2026-06-24 15:10:51.666] Finished repairing the ontology.
Repairing with B1 (bad-in_some_mus-weaker-random)...
[2026-06-24 15:10:51.667] Checking precondition...
[2026-06-24 15:10:51.669] Starting the repair...
[2026-06-24 15:10:51.672] Selected a reference ontology with 17 axioms.
[2026-06-24 15:10:51.755] Selected the bad axiom SubClassOf(http://purl.dataone.org/odo/SENSO_00000004 http://purl.dataone.org/odo/SENSO_00000003).
[2026-06-24 15:10:51.758] Selected the weaker axiom SubClassOf(ObjectAllValuesFrom(http://purl.dataone.org/odo/SENSO_00000005 http://purl.dataone.org/odo/SENSO_00000001) http://purl.dataone.org/odo/SENSO_00000003).
[2026-06-24 15:10:51.844] Selected the bad axiom SubClassOf(http://purl.dataone.org/odo/SENSO_00000003 owl:Nothing).
[2026-06-24 15:10:51.844] Selected the weaker axiom SubClassOf(http://purl.dataone.org/odo/SENSO_00000003 ObjectAllValuesFrom(http://purl.dataone.org/odo/SENSO_00000005 http://purl.dataone.org/odo/SENSO_00000004)).
[2026-06-24 15:10:51.845] Finished repairing the ontology.
Repairing with B2 (bad-in_some_mus-weaker-shapley)...
[2026-06-24 15:10:51.846] Checking precondition...
[2026-06-24 15:10:51.847] Starting the repair...
[2026-06-24 15:10:51.849] Selected a reference ontology with 17 axioms.
[2026-06-24 15:10:51.903] Selected the bad axiom SubClassOf(owl:Thing http://purl.dataone.org/odo/SENSO_00000001).
[PowerIndexWeakerAxiomSelector] Scoring 9 candidate 
...[truncated]
SUCCESS: attempt=105 seed=1476814 success_count=82/100
progress: ontology=SENSO attempt=105 success=82/100
----- SENSO attempt=106 seed=1491014 at 2026-06-24 15:10:55 -----
--- stdout ---
{"seed":1491014,"run_id":"20260624134028346645","trial_status":"success","error_type":null,"failure_stage":null,"error_message":null,"iic_values":{"B1_vs_A1":0.5,"B1_vs_A2":0.6666666666666666,"B1_vs_A3":0.5,"B2_vs_A1":0.5,"B2_vs_A2":0.6666666666666666,"B2_vs_A3":0.5,"B3_vs_A1":0.5,"B3_vs_A2":0.8,"B3_vs_A3":0.5,"B4_vs_A1":0.5,"B4_vs_A2":0.6666666666666666,"B4_vs_A3":0.5,"B5_vs_A1":0.5,"B5_vs_A2":0.6666666666666666,"B5_vs_A3":0.5,"B6_vs_A1":0.5,"B6_vs_A2":0.6666666666666666,"B6_vs_A3":0.5,"B7_vs_A1":0.5,"B7_vs_A2":0.6666666666666666,"B7_vs_A3":0.5,"B8_vs_A1":0.5,"B8_vs_A2":0.6666666666666666,"B8_vs_A3":0.5,"B9_vs_A1":0.5,"B9_vs_A2":0.6666666666666666,"B9_vs_A3":0.5},"repair_runtimes_ms":{"A1":38,"A2":114,"A3":159,"B1":107,"B2":429,"B3":752,"B4":76,"B5":858,"B6":833,"B7":27,"B8":716,"B9":946}}

--- stderr ---
SingleTrialExperiment starting: ontology=/workspaces/ontologyutils-ekaw26/repair-power-index-replication-ekaw26/ontologies/inconsistent/SENSO.owl, seed=1491014, run_id=20260624134028346645
Loaded ontology.
Normalizing ontology with SROIQ normalization...
Normalized ontology with SROIQ normalization.
Ontology is already inconsistent, skipping make-inconsistent step.
Repairing with A1 (random-removal)...
[2026-06-24 15:10:56.125] Checking precondition...
[2026-06-24 15:10:56.134] Starting the repair...
[2026-06-24 15:10:56.140] Found 13 possible bad axioms.
[2026-06-24 15:10:56.141] Selected the bad axiom SubClassOf(owl:Thing ObjectAllValuesFrom(http://purl.dataone.org/odo/SENSO_00000005 http://purl.dataone.org/odo/SENSO_00000001)).
[2026-06-24 15:10:56.145] Found 12 possible bad axioms.
[2026-06-24 15:10:56.146] Selected the bad axiom SubClassOf(http://purl.dataone.org/odo/SENSO_00000003 http://purl.dataone.org/odo/SENSO_00000001).
[2026-06-24 15:10:56.149] Found 11 possible bad axioms.
[2026-06-24 15:10:56.149] Selected the bad axiom SubClassOf(owl:Thing ObjectAllValuesFrom(http://purl.dataone.org/odo/SENSO_00000005 owl:Nothing)).
[2026-06-24 15:10:56.153] Found 10 possible bad axioms.
[2026-06-24 15:10:56.153] Selected the bad axiom SubClassOf(http://purl.dataone.org/odo/SENSO_00000002 http://purl.dataone.org/odo/SENSO_00000001).
[2026-06-24 15:10:56.155] Found 9 possible bad axioms.
[2026-06-24 15:10:56.155] Selected the bad axiom SubClassOf(http://purl.dataone.org/odo/SENSO_00000003 owl:Nothing).
[2026-06-24 15:10:56.158] Finished repairing the ontology.
Repairing with A2 (not-in-largest-mcs-removal)...
[2026-06-24 15:10:56.159] Checking precondition...
[2026-06-24 15:10:56.166] Starting the repair...
[2026-06-24 15:10:56.271] Found 4 possible bad axioms.
[2026-06-24 15:10:56.272] Selected the bad axiom SubClassOf(http://purl.dataone.org/odo/SENSO_00000004 http://purl.dataone.org/odo/SENSO_00000003).
[2026-06-24 15:10:56.273] Finished repairing the ontology.
Repairing with A3 (default-weakening)...
[2026-06-24 15:10:56.275] Checking precondition...
[2026-06-24 15:10:56.277] Starting the repair...
[2026-06-24 15:10:56.287] Selected a reference ontology with 17 axioms.
[2026-06-24 15:10:56.420] Selected the bad axiom SubClassOf(owl:Thing http://purl.dataone.org/odo/SENSO_00000001).
[2026-06-24 15:10:56.431] Selected the weaker axiom SubClassOf(http://purl.dataone.org/odo/SENSO_00000002 http://purl.dataone.org/odo/SENSO_00000001).
[2026-06-24 15:10:56.432] Finished repairing the ontology.
Repairing with B1 (bad-in_some_mus-weaker-random)...
[2026-06-24 15:10:56.433] Checking precondition...
[2026-06-24 15:10:56.435] Starting the repair...
[2026-06-24 15:10:56.439] Selected a reference ontology with 17 axioms.
[2026-06-24 15:10:56.535] Selected the bad axiom SubClassOf(owl:Thing http://purl.dataone.org/odo/SENSO_00000001).
[2026-06-24 15:10:56.539] Selected the weaker axiom SubClassOf(owl:Thing ObjectAllValuesFrom(http://purl.dataone.org/odo/SENSO
...[truncated]
SUCCESS: attempt=106 seed=1491014 success_count=83/100
progress: ontology=SENSO attempt=106 success=83/100
----- SENSO attempt=107 seed=1505214 at 2026-06-24 15:11:01 -----
--- stdout ---
{"seed":1505214,"run_id":"20260624134028346645","trial_status":"success","error_type":null,"failure_stage":null,"error_message":null,"iic_values":{"B1_vs_A1":0.5,"B1_vs_A2":0.8,"B1_vs_A3":0.8,"B2_vs_A1":0.25,"B2_vs_A2":0.625,"B2_vs_A3":0.4,"B3_vs_A1":0.125,"B3_vs_A2":0.5,"B3_vs_A3":0.2857142857142857,"B4_vs_A1":0.5,"B4_vs_A2":0.875,"B4_vs_A3":0.6666666666666666,"B5_vs_A1":0.5,"B5_vs_A2":0.875,"B5_vs_A3":0.6666666666666666,"B6_vs_A1":0.5,"B6_vs_A2":0.875,"B6_vs_A3":0.6666666666666666,"B7_vs_A1":0.5,"B7_vs_A2":0.875,"B7_vs_A3":0.6666666666666666,"B8_vs_A1":0.5,"B8_vs_A2":0.875,"B8_vs_A3":0.6666666666666666,"B9_vs_A1":0.5,"B9_vs_A2":0.875,"B9_vs_A3":0.6666666666666666},"repair_runtimes_ms":{"A1":41,"A2":111,"A3":161,"B1":104,"B2":976,"B3":311,"B4":32,"B5":856,"B6":533,"B7":23,"B8":766,"B9":811}}

--- stderr ---
SingleTrialExperiment starting: ontology=/workspaces/ontologyutils-ekaw26/repair-power-index-replication-ekaw26/ontologies/inconsistent/SENSO.owl, seed=1505214, run_id=20260624134028346645
Loaded ontology.
Normalizing ontology with SROIQ normalization...
Normalized ontology with SROIQ normalization.
Ontology is already inconsistent, skipping make-inconsistent step.
Repairing with A1 (random-removal)...
[2026-06-24 15:11:01.595] Checking precondition...
[2026-06-24 15:11:01.604] Starting the repair...
[2026-06-24 15:11:01.609] Found 13 possible bad axioms.
[2026-06-24 15:11:01.611] Selected the bad axiom SubClassOf(http://purl.dataone.org/odo/SENSO_00000003 http://purl.dataone.org/odo/SENSO_00000001).
[2026-06-24 15:11:01.615] Found 12 possible bad axioms.
[2026-06-24 15:11:01.615] Selected the bad axiom SubClassOf(owl:Thing ObjectAllValuesFrom(http://purl.dataone.org/odo/SENSO_00000005 http://purl.dataone.org/odo/SENSO_00000001)).
[2026-06-24 15:11:01.619] Found 11 possible bad axioms.
[2026-06-24 15:11:01.619] Selected the bad axiom SubClassOf(owl:Thing ObjectAllValuesFrom(http://purl.dataone.org/odo/SENSO_00000005 owl:Nothing)).
[2026-06-24 15:11:01.623] Found 10 possible bad axioms.
[2026-06-24 15:11:01.623] Selected the bad axiom SubClassOf(owl:Thing ObjectAllValuesFrom(http://purl.dataone.org/odo/SENSO_00000005 http://purl.dataone.org/odo/SENSO_00000004)).
[2026-06-24 15:11:01.625] Found 9 possible bad axioms.
[2026-06-24 15:11:01.626] Selected the bad axiom SubClassOf(http://purl.dataone.org/odo/SENSO_00000004 http://purl.dataone.org/odo/SENSO_00000002).
[2026-06-24 15:11:01.629] Found 8 possible bad axioms.
[2026-06-24 15:11:01.629] Selected the bad axiom SubClassOf(owl:Thing http://purl.dataone.org/odo/SENSO_00000001).
[2026-06-24 15:11:01.631] Finished repairing the ontology.
Repairing with A2 (not-in-largest-mcs-removal)...
[2026-06-24 15:11:01.632] Checking precondition...
[2026-06-24 15:11:01.637] Starting the repair...
[2026-06-24 15:11:01.741] Found 4 possible bad axioms.
[2026-06-24 15:11:01.741] Selected the bad axiom SubClassOf(http://purl.dataone.org/odo/SENSO_00000001 http://purl.dataone.org/odo/SENSO_00000004).
[2026-06-24 15:11:01.743] Finished repairing the ontology.
Repairing with A3 (default-weakening)...
[2026-06-24 15:11:01.744] Checking precondition...
[2026-06-24 15:11:01.746] Starting the repair...
[2026-06-24 15:11:01.756] Selected a reference ontology with 17 axioms.
[2026-06-24 15:11:01.892] Selected the bad axiom SubClassOf(http://purl.dataone.org/odo/SENSO_00000004 http://purl.dataone.org/odo/SENSO_00000003).
[2026-06-24 15:11:01.903] Selected the weaker axiom SubClassOf(owl:Nothing http://purl.dataone.org/odo/SENSO_00000003).
[2026-06-24 15:11:01.904] Finished repairing the ontology.
Repairing with B1 (bad-in_some_mus-weaker-random)...
[2026-06-24 15:11:01.905] Checking precondition...
[2026-06-24 15:11:01.907] Starting the repair...
[2026-06-24 15:11:01.911] Selected a reference ontology with 17 axioms.
[2026-0
...[truncated]
SUCCESS: attempt=107 seed=1505214 success_count=84/100
progress: ontology=SENSO attempt=107 success=84/100
----- SENSO attempt=108 seed=1519414 at 2026-06-24 15:11:06 -----
--- stdout ---
{"seed":1519414,"run_id":"20260624134028346645","trial_status":"success","error_type":null,"failure_stage":null,"error_message":null,"iic_values":{"B1_vs_A1":0.5,"B1_vs_A2":0.8,"B1_vs_A3":0.5,"B2_vs_A1":0.2,"B2_vs_A2":0.5,"B2_vs_A3":0.2,"B3_vs_A1":0.5,"B3_vs_A2":0.875,"B3_vs_A3":0.5,"B4_vs_A1":0.5,"B4_vs_A2":0.875,"B4_vs_A3":0.5,"B5_vs_A1":0.5,"B5_vs_A2":0.875,"B5_vs_A3":0.5,"B6_vs_A1":0.5,"B6_vs_A2":0.875,"B6_vs_A3":0.5,"B7_vs_A1":0.5,"B7_vs_A2":0.875,"B7_vs_A3":0.5,"B8_vs_A1":0.5,"B8_vs_A2":0.875,"B8_vs_A3":0.5,"B9_vs_A1":0.5,"B9_vs_A2":0.875,"B9_vs_A3":0.5},"repair_runtimes_ms":{"A1":28,"A2":131,"A3":264,"B1":88,"B2":540,"B3":319,"B4":46,"B5":960,"B6":723,"B7":20,"B8":748,"B9":885}}

--- stderr ---
SingleTrialExperiment starting: ontology=/workspaces/ontologyutils-ekaw26/repair-power-index-replication-ekaw26/ontologies/inconsistent/SENSO.owl, seed=1519414, run_id=20260624134028346645
Loaded ontology.
Normalizing ontology with SROIQ normalization...
Normalized ontology with SROIQ normalization.
Ontology is already inconsistent, skipping make-inconsistent step.
Repairing with A1 (random-removal)...
[2026-06-24 15:11:06.756] Checking precondition...
[2026-06-24 15:11:06.767] Starting the repair...
[2026-06-24 15:11:06.773] Found 13 possible bad axioms.
[2026-06-24 15:11:06.774] Selected the bad axiom SubClassOf(http://purl.dataone.org/odo/SENSO_00000003 owl:Nothing).
[2026-06-24 15:11:06.779] Finished repairing the ontology.
Repairing with A2 (not-in-largest-mcs-removal)...
[2026-06-24 15:11:06.780] Checking precondition...
[2026-06-24 15:11:06.789] Starting the repair...
[2026-06-24 15:11:06.910] Found 4 possible bad axioms.
[2026-06-24 15:11:06.910] Selected the bad axiom SubClassOf(http://purl.dataone.org/odo/SENSO_00000001 http://purl.dataone.org/odo/SENSO_00000004).
[2026-06-24 15:11:06.911] Finished repairing the ontology.
Repairing with A3 (default-weakening)...
[2026-06-24 15:11:06.913] Checking precondition...
[2026-06-24 15:11:06.915] Starting the repair...
[2026-06-24 15:11:06.925] Selected a reference ontology with 17 axioms.
[2026-06-24 15:11:07.064] Selected the bad axiom SubClassOf(http://purl.dataone.org/odo/SENSO_00000004 http://purl.dataone.org/odo/SENSO_00000003).
[2026-06-24 15:11:07.076] Selected the weaker axiom SubClassOf(ObjectAllValuesFrom(http://purl.dataone.org/odo/SENSO_00000005 http://purl.dataone.org/odo/SENSO_00000001) http://purl.dataone.org/odo/SENSO_00000003).
[2026-06-24 15:11:07.174] Selected the bad axiom SubClassOf(http://purl.dataone.org/odo/SENSO_00000003 owl:Nothing).
[2026-06-24 15:11:07.175] Selected the weaker axiom SubClassOf(http://purl.dataone.org/odo/SENSO_00000003 http://purl.dataone.org/odo/SENSO_00000001).
[2026-06-24 15:11:07.176] Finished repairing the ontology.
Repairing with B1 (bad-in_some_mus-weaker-random)...
[2026-06-24 15:11:07.176] Checking precondition...
[2026-06-24 15:11:07.178] Starting the repair...
[2026-06-24 15:11:07.181] Selected a reference ontology with 17 axioms.
[2026-06-24 15:11:07.260] Selected the bad axiom SubClassOf(http://purl.dataone.org/odo/SENSO_00000003 owl:Nothing).
[2026-06-24 15:11:07.263] Selected the weaker axiom SubClassOf(http://purl.dataone.org/odo/SENSO_00000003 http://purl.dataone.org/odo/SENSO_00000004).
[2026-06-24 15:11:07.264] Finished repairing the ontology.
Repairing with B2 (bad-in_some_mus-weaker-shapley)...
[2026-06-24 15:11:07.266] Checking precondition...
[2026-06-24 15:11:07.267] Starting the repair...
[2026-06-24 15:11:07.270] Selected a reference ontology with 17 axioms.
[2026-06-24 15:11:07.323] Selected the bad axiom SubClassOf(http://purl.dataone.org/odo/SENSO_00000001 http://purl.dataone.org/odo/SENSO_00000004).
[PowerIndexWeakerAxio
...[truncated]
SUCCESS: attempt=108 seed=1519414 success_count=85/100
progress: ontology=SENSO attempt=108 success=85/100
----- SENSO attempt=109 seed=1533614 at 2026-06-24 15:11:11 -----
--- stdout ---
{"seed":1533614,"run_id":"20260624134028346645","trial_status":"success","error_type":null,"failure_stage":null,"error_message":null,"iic_values":{"B1_vs_A1":0.5,"B1_vs_A2":0.5,"B1_vs_A3":0.875,"B2_vs_A1":0.125,"B2_vs_A2":0.125,"B2_vs_A3":0.5,"B3_vs_A1":0.5,"B3_vs_A2":0.5,"B3_vs_A3":0.8,"B4_vs_A1":0.5,"B4_vs_A2":0.5,"B4_vs_A3":0.875,"B5_vs_A1":0.5,"B5_vs_A2":0.5,"B5_vs_A3":0.875,"B6_vs_A1":0.5,"B6_vs_A2":0.5,"B6_vs_A3":0.875,"B7_vs_A1":0.5,"B7_vs_A2":0.5,"B7_vs_A3":0.875,"B8_vs_A1":0.5,"B8_vs_A2":0.5,"B8_vs_A3":0.875,"B9_vs_A1":0.5,"B9_vs_A2":0.5,"B9_vs_A3":0.875},"repair_runtimes_ms":{"A1":27,"A2":115,"A3":174,"B1":96,"B2":571,"B3":247,"B4":54,"B5":970,"B6":777,"B7":30,"B8":763,"B9":941}}

--- stderr ---
SingleTrialExperiment starting: ontology=/workspaces/ontologyutils-ekaw26/repair-power-index-replication-ekaw26/ontologies/inconsistent/SENSO.owl, seed=1533614, run_id=20260624134028346645
Loaded ontology.
Normalizing ontology with SROIQ normalization...
Normalized ontology with SROIQ normalization.
Ontology is already inconsistent, skipping make-inconsistent step.
Repairing with A1 (random-removal)...
[2026-06-24 15:11:11.913] Checking precondition...
[2026-06-24 15:11:11.922] Starting the repair...
[2026-06-24 15:11:11.927] Found 13 possible bad axioms.
[2026-06-24 15:11:11.928] Selected the bad axiom SubClassOf(owl:Thing ObjectAllValuesFrom(http://purl.dataone.org/odo/SENSO_00000005 http://purl.dataone.org/odo/SENSO_00000001)).
[2026-06-24 15:11:11.932] Found 12 possible bad axioms.
[2026-06-24 15:11:11.932] Selected the bad axiom SubClassOf(owl:Thing http://purl.dataone.org/odo/SENSO_00000001).
[2026-06-24 15:11:11.936] Finished repairing the ontology.
Repairing with A2 (not-in-largest-mcs-removal)...
[2026-06-24 15:11:11.937] Checking precondition...
[2026-06-24 15:11:11.944] Starting the repair...
[2026-06-24 15:11:12.052] Found 4 possible bad axioms.
[2026-06-24 15:11:12.052] Selected the bad axiom SubClassOf(owl:Thing http://purl.dataone.org/odo/SENSO_00000001).
[2026-06-24 15:11:12.052] Finished repairing the ontology.
Repairing with A3 (default-weakening)...
[2026-06-24 15:11:12.054] Checking precondition...
[2026-06-24 15:11:12.056] Starting the repair...
[2026-06-24 15:11:12.067] Selected a reference ontology with 17 axioms.
[2026-06-24 15:11:12.214] Selected the bad axiom SubClassOf(http://purl.dataone.org/odo/SENSO_00000001 http://purl.dataone.org/odo/SENSO_00000004).
[2026-06-24 15:11:12.224] Selected the weaker axiom SubClassOf(http://purl.dataone.org/odo/SENSO_00000001 ObjectAllValuesFrom(http://purl.dataone.org/odo/SENSO_00000005 http://purl.dataone.org/odo/SENSO_00000004)).
[2026-06-24 15:11:12.227] Finished repairing the ontology.
Repairing with B1 (bad-in_some_mus-weaker-random)...
[2026-06-24 15:11:12.227] Checking precondition...
[2026-06-24 15:11:12.229] Starting the repair...
[2026-06-24 15:11:12.233] Selected a reference ontology with 17 axioms.
[2026-06-24 15:11:12.320] Selected the bad axiom SubClassOf(owl:Thing http://purl.dataone.org/odo/SENSO_00000001).
[2026-06-24 15:11:12.323] Selected the weaker axiom SubClassOf(http://purl.dataone.org/odo/SENSO_00000004 http://purl.dataone.org/odo/SENSO_00000001).
[2026-06-24 15:11:12.323] Finished repairing the ontology.
Repairing with B2 (bad-in_some_mus-weaker-shapley)...
[2026-06-24 15:11:12.325] Checking precondition...
[2026-06-24 15:11:12.326] Starting the repair...
[2026-06-24 15:11:12.329] Selected a reference ontology with 17 axioms.
[2026-06-24 15:11:12.407] Selected the bad axiom SubClassOf(http://purl.dataone.org/odo/SENSO_00000001 http://purl.dataone.org/odo/SENSO_00000004).
[PowerIndexWeakerAxiomSelector] Scoring 15 candidate weakenings for SENSO_00000001 ⊑ SENSO_
...[truncated]
SUCCESS: attempt=109 seed=1533614 success_count=86/100
progress: ontology=SENSO attempt=109 success=86/100
----- SENSO attempt=110 seed=1547814 at 2026-06-24 15:11:16 -----
--- stdout ---
{"seed":1547814,"run_id":"20260624134028346645","trial_status":"success","error_type":null,"failure_stage":null,"error_message":null,"iic_values":{"B1_vs_A1":0.5,"B1_vs_A2":0.125,"B1_vs_A3":0.2857142857142857,"B2_vs_A1":0.5,"B2_vs_A2":0.125,"B2_vs_A3":0.2857142857142857,"B3_vs_A1":0.8,"B3_vs_A2":0.5,"B3_vs_A3":0.8,"B4_vs_A1":0.875,"B4_vs_A2":0.5,"B4_vs_A3":0.6666666666666666,"B5_vs_A1":0.875,"B5_vs_A2":0.5,"B5_vs_A3":0.6666666666666666,"B6_vs_A1":0.875,"B6_vs_A2":0.5,"B6_vs_A3":0.6666666666666666,"B7_vs_A1":0.875,"B7_vs_A2":0.5,"B7_vs_A3":0.6666666666666666,"B8_vs_A1":0.875,"B8_vs_A2":0.5,"B8_vs_A3":0.6666666666666666,"B9_vs_A1":0.875,"B9_vs_A2":0.5,"B9_vs_A3":0.6666666666666666},"repair_runtimes_ms":{"A1":33,"A2":121,"A3":369,"B1":112,"B2":649,"B3":387,"B4":40,"B5":961,"B6":725,"B7":75,"B8":822,"B9":844}}

--- stderr ---
SingleTrialExperiment starting: ontology=/workspaces/ontologyutils-ekaw26/repair-power-index-replication-ekaw26/ontologies/inconsistent/SENSO.owl, seed=1547814, run_id=20260624134028346645
Loaded ontology.
Normalizing ontology with SROIQ normalization...
Normalized ontology with SROIQ normalization.
Ontology is already inconsistent, skipping make-inconsistent step.
Repairing with A1 (random-removal)...
[2026-06-24 15:11:17.125] Checking precondition...
[2026-06-24 15:11:17.136] Starting the repair...
[2026-06-24 15:11:17.141] Found 13 possible bad axioms.
[2026-06-24 15:11:17.143] Selected the bad axiom SubClassOf(http://purl.dataone.org/odo/SENSO_00000001 http://purl.dataone.org/odo/SENSO_00000004).
[2026-06-24 15:11:17.152] Finished repairing the ontology.
Repairing with A2 (not-in-largest-mcs-removal)...
[2026-06-24 15:11:17.153] Checking precondition...
[2026-06-24 15:11:17.160] Starting the repair...
[2026-06-24 15:11:17.274] Found 4 possible bad axioms.
[2026-06-24 15:11:17.274] Selected the bad axiom SubClassOf(owl:Thing http://purl.dataone.org/odo/SENSO_00000001).
[2026-06-24 15:11:17.274] Finished repairing the ontology.
Repairing with A3 (default-weakening)...
[2026-06-24 15:11:17.275] Checking precondition...
[2026-06-24 15:11:17.278] Starting the repair...
[2026-06-24 15:11:17.288] Selected a reference ontology with 17 axioms.
[2026-06-24 15:11:17.505] Selected the bad axiom SubClassOf(http://purl.dataone.org/odo/SENSO_00000001 http://purl.dataone.org/odo/SENSO_00000004).
[2026-06-24 15:11:17.530] Selected the weaker axiom SubClassOf(ObjectAllValuesFrom(http://purl.dataone.org/odo/SENSO_00000005 http://purl.dataone.org/odo/SENSO_00000001) http://purl.dataone.org/odo/SENSO_00000004).
[2026-06-24 15:11:17.641] Selected the bad axiom SubClassOf(http://purl.dataone.org/odo/SENSO_00000004 http://purl.dataone.org/odo/SENSO_00000003).
[2026-06-24 15:11:17.642] Selected the weaker axiom SubClassOf(http://purl.dataone.org/odo/SENSO_00000003 http://purl.dataone.org/odo/SENSO_00000003).
[2026-06-24 15:11:17.644] Finished repairing the ontology.
Repairing with B1 (bad-in_some_mus-weaker-random)...
[2026-06-24 15:11:17.644] Checking precondition...
[2026-06-24 15:11:17.646] Starting the repair...
[2026-06-24 15:11:17.648] Selected a reference ontology with 17 axioms.
[2026-06-24 15:11:17.751] Selected the bad axiom SubClassOf(http://purl.dataone.org/odo/SENSO_00000001 http://purl.dataone.org/odo/SENSO_00000004).
[2026-06-24 15:11:17.755] Selected the weaker axiom SubClassOf(http://purl.dataone.org/odo/SENSO_00000001 owl:Thing).
[2026-06-24 15:11:17.756] Finished repairing the ontology.
Repairing with B2 (bad-in_some_mus-weaker-shapley)...
[2026-06-24 15:11:17.758] Checking precondition...
[2026-06-24 15:11:17.759] Starting the repair...
[2026-06-24 15:11:17.761] Selected a reference ontology with 17 axioms.
[2026-06-24 15:11:17.813] Selected the bad axiom SubClassOf(http://purl.dataone.org/odo/SENSO_00000001 http://purl.dataone.org/odo/SENSO_00000
...[truncated]
SUCCESS: attempt=110 seed=1547814 success_count=87/100
progress: ontology=SENSO attempt=110 success=87/100
----- SENSO attempt=111 seed=1562014 at 2026-06-24 15:11:22 -----
--- stdout ---
{"seed":1562014,"run_id":"20260624134028346645","trial_status":"success","error_type":null,"failure_stage":null,"error_message":null,"iic_values":{"B1_vs_A1":0.875,"B1_vs_A2":0.5,"B1_vs_A3":0.5,"B2_vs_A1":0.5,"B2_vs_A2":0.2,"B2_vs_A3":0.2,"B3_vs_A1":0.7142857142857143,"B3_vs_A2":0.2,"B3_vs_A3":0.2,"B4_vs_A1":0.875,"B4_vs_A2":0.5,"B4_vs_A3":0.5,"B5_vs_A1":0.875,"B5_vs_A2":0.5,"B5_vs_A3":0.5,"B6_vs_A1":0.875,"B6_vs_A2":0.5,"B6_vs_A3":0.5,"B7_vs_A1":0.875,"B7_vs_A2":0.5,"B7_vs_A3":0.5,"B8_vs_A1":0.875,"B8_vs_A2":0.5,"B8_vs_A3":0.5,"B9_vs_A1":0.875,"B9_vs_A2":0.5,"B9_vs_A3":0.5},"repair_runtimes_ms":{"A1":24,"A2":122,"A3":367,"B1":65,"B2":555,"B3":167,"B4":53,"B5":696,"B6":871,"B7":70,"B8":567,"B9":784}}

--- stderr ---
SingleTrialExperiment starting: ontology=/workspaces/ontologyutils-ekaw26/repair-power-index-replication-ekaw26/ontologies/inconsistent/SENSO.owl, seed=1562014, run_id=20260624134028346645
Loaded ontology.
Normalizing ontology with SROIQ normalization...
Normalized ontology with SROIQ normalization.
Ontology is already inconsistent, skipping make-inconsistent step.
Repairing with A1 (random-removal)...
[2026-06-24 15:11:23.151] Checking precondition...
[2026-06-24 15:11:23.160] Starting the repair...
[2026-06-24 15:11:23.164] Found 13 possible bad axioms.
[2026-06-24 15:11:23.166] Selected the bad axiom SubClassOf(http://purl.dataone.org/odo/SENSO_00000001 http://purl.dataone.org/odo/SENSO_00000004).
[2026-06-24 15:11:23.170] Finished repairing the ontology.
Repairing with A2 (not-in-largest-mcs-removal)...
[2026-06-24 15:11:23.171] Checking precondition...
[2026-06-24 15:11:23.179] Starting the repair...
[2026-06-24 15:11:23.291] Found 4 possible bad axioms.
[2026-06-24 15:11:23.292] Selected the bad axiom SubClassOf(http://purl.dataone.org/odo/SENSO_00000003 owl:Nothing).
[2026-06-24 15:11:23.293] Finished repairing the ontology.
Repairing with A3 (default-weakening)...
[2026-06-24 15:11:23.294] Checking precondition...
[2026-06-24 15:11:23.297] Starting the repair...
[2026-06-24 15:11:23.305] Selected a reference ontology with 17 axioms.
[2026-06-24 15:11:23.441] Selected the bad axiom SubClassOf(http://purl.dataone.org/odo/SENSO_00000001 http://purl.dataone.org/odo/SENSO_00000004).
[2026-06-24 15:11:23.452] Selected the weaker axiom SubClassOf(ObjectAllValuesFrom(http://purl.dataone.org/odo/SENSO_00000005 http://purl.dataone.org/odo/SENSO_00000001) http://purl.dataone.org/odo/SENSO_00000004).
[2026-06-24 15:11:23.575] Selected the bad axiom SubClassOf(ObjectAllValuesFrom(http://purl.dataone.org/odo/SENSO_00000005 http://purl.dataone.org/odo/SENSO_00000001) http://purl.dataone.org/odo/SENSO_00000004).
[2026-06-24 15:11:23.576] Selected the weaker axiom SubClassOf(ObjectAllValuesFrom(http://purl.dataone.org/odo/SENSO_00000005 http://purl.dataone.org/odo/SENSO_00000004) http://purl.dataone.org/odo/SENSO_00000004).
[2026-06-24 15:11:23.659] Selected the bad axiom SubClassOf(http://purl.dataone.org/odo/SENSO_00000003 owl:Nothing).
[2026-06-24 15:11:23.659] Selected the weaker axiom SubClassOf(http://purl.dataone.org/odo/SENSO_00000003 http://purl.dataone.org/odo/SENSO_00000004).
[2026-06-24 15:11:23.660] Finished repairing the ontology.
Repairing with B1 (bad-in_some_mus-weaker-random)...
[2026-06-24 15:11:23.661] Checking precondition...
[2026-06-24 15:11:23.662] Starting the repair...
[2026-06-24 15:11:23.665] Selected a reference ontology with 17 axioms.
[2026-06-24 15:11:23.723] Selected the bad axiom SubClassOf(owl:Thing http://purl.dataone.org/odo/SENSO_00000001).
[2026-06-24 15:11:23.725] Selected the weaker axiom SubClassOf(owl:Thing ObjectAllValuesFrom(http://purl.dataone.org/odo/SENSO_00000005 http://purl.dataone.org/odo/SENSO_00000004))
...[truncated]
SUCCESS: attempt=111 seed=1562014 success_count=88/100
progress: ontology=SENSO attempt=111 success=88/100
----- SENSO attempt=112 seed=1576214 at 2026-06-24 15:11:27 -----
--- stdout ---
{"seed":1576214,"run_id":"20260624134028346645","trial_status":"memory_limit_exceeded","error_type":"failure","failure_stage":"A3","error_message":"Repair failed: ExecutionException: java.lang.NullPointerException: operands cannot be null or empty","iic_values":{},"repair_runtimes_ms":{"A1":26,"A2":118,"A3":322}}

--- stderr ---
SingleTrialExperiment starting: ontology=/workspaces/ontologyutils-ekaw26/repair-power-index-replication-ekaw26/ontologies/inconsistent/SENSO.owl, seed=1576214, run_id=20260624134028346645
Loaded ontology.
Normalizing ontology with SROIQ normalization...
Normalized ontology with SROIQ normalization.
Ontology is already inconsistent, skipping make-inconsistent step.
Repairing with A1 (random-removal)...
[2026-06-24 15:11:27.906] Checking precondition...
[2026-06-24 15:11:27.915] Starting the repair...
[2026-06-24 15:11:27.919] Found 13 possible bad axioms.
[2026-06-24 15:11:27.921] Selected the bad axiom SubClassOf(http://purl.dataone.org/odo/SENSO_00000004 http://purl.dataone.org/odo/SENSO_00000001).
[2026-06-24 15:11:27.925] Found 12 possible bad axioms.
[2026-06-24 15:11:27.925] Selected the bad axiom SubClassOf(owl:Thing http://purl.dataone.org/odo/SENSO_00000001).
[2026-06-24 15:11:27.928] Finished repairing the ontology.
Repairing with A2 (not-in-largest-mcs-removal)...
[2026-06-24 15:11:27.929] Checking precondition...
[2026-06-24 15:11:27.936] Starting the repair...
[2026-06-24 15:11:28.045] Found 4 possible bad axioms.
[2026-06-24 15:11:28.045] Selected the bad axiom SubClassOf(http://purl.dataone.org/odo/SENSO_00000003 owl:Nothing).
[2026-06-24 15:11:28.047] Finished repairing the ontology.
Repairing with A3 (default-weakening)...
[2026-06-24 15:11:28.048] Checking precondition...
[2026-06-24 15:11:28.051] Starting the repair...
[2026-06-24 15:11:28.058] Selected a reference ontology with 17 axioms.
[2026-06-24 15:11:28.212] Selected the bad axiom SubClassOf(http://purl.dataone.org/odo/SENSO_00000003 owl:Nothing).
[2026-06-24 15:11:28.224] Selected the weaker axiom SubClassOf(http://purl.dataone.org/odo/SENSO_00000004 owl:Nothing).
[2026-06-24 15:11:28.307] Selected the bad axiom SubClassOf(http://purl.dataone.org/odo/SENSO_00000001 http://purl.dataone.org/odo/SENSO_00000004).
[2026-06-24 15:11:28.307] Selected the weaker axiom SubClassOf(http://purl.dataone.org/odo/SENSO_00000001 owl:Nothing).
[2026-06-24 15:11:28.367] Selected the bad axiom SubClassOf(http://purl.dataone.org/odo/SENSO_00000001 owl:Nothing).
[2026-06-24 15:11:28.368] Selected the weaker axiom SubClassOf(owl:Thing owl:Nothing).
Failure: Repair failed: ExecutionException: java.lang.NullPointerException: operands cannot be null or empty

FAIL: attempt=112 seed=1576214 status=memory_limit_exceeded stage=A3 message=Repair failed: ExecutionException: java.lang.NullPointerException: operands cannot be null or empty
progress: ontology=SENSO attempt=112 success=88/100
----- SENSO attempt=113 seed=1590414 at 2026-06-24 15:11:28 -----
--- stdout ---
{"seed":1590414,"run_id":"20260624134028346645","trial_status":"success","error_type":null,"failure_stage":null,"error_message":null,"iic_values":{"B1_vs_A1":0.5,"B1_vs_A2":0.8,"B1_vs_A3":0.5,"B2_vs_A1":0.2,"B2_vs_A2":0.5,"B2_vs_A3":0.125,"B3_vs_A1":0.5,"B3_vs_A2":0.875,"B3_vs_A3":0.5,"B4_vs_A1":0.5,"B4_vs_A2":0.875,"B4_vs_A3":0.5,"B5_vs_A1":0.5,"B5_vs_A2":0.875,"B5_vs_A3":0.5,"B6_vs_A1":0.5,"B6_vs_A2":0.875,"B6_vs_A3":0.5,"B7_vs_A1":0.5,"B7_vs_A2":0.875,"B7_vs_A3":0.5,"B8_vs_A1":0.5,"B8_vs_A2":0.875,"B8_vs_A3":0.5,"B9_vs_A1":0.5,"B9_vs_A2":0.875,"B9_vs_A3":0.5},"repair_runtimes_ms":{"A1":24,"A2":125,"A3":169,"B1":244,"B2":538,"B3":262,"B4":54,"B5":1089,"B6":746,"B7":32,"B8":738,"B9":857}}

--- stderr ---
SingleTrialExperiment starting: ontology=/workspaces/ontologyutils-ekaw26/repair-power-index-replication-ekaw26/ontologies/inconsistent/SENSO.owl, seed=1590414, run_id=20260624134028346645
Loaded ontology.
Normalizing ontology with SROIQ normalization...
Normalized ontology with SROIQ normalization.
Ontology is already inconsistent, skipping make-inconsistent step.
Repairing with A1 (random-removal)...
[2026-06-24 15:11:28.806] Checking precondition...
[2026-06-24 15:11:28.814] Starting the repair...
[2026-06-24 15:11:28.820] Found 13 possible bad axioms.
[2026-06-24 15:11:28.821] Selected the bad axiom SubClassOf(http://purl.dataone.org/odo/SENSO_00000003 owl:Nothing).
[2026-06-24 15:11:28.826] Finished repairing the ontology.
Repairing with A2 (not-in-largest-mcs-removal)...
[2026-06-24 15:11:28.826] Checking precondition...
[2026-06-24 15:11:28.834] Starting the repair...
[2026-06-24 15:11:28.949] Found 4 possible bad axioms.
[2026-06-24 15:11:28.950] Selected the bad axiom SubClassOf(http://purl.dataone.org/odo/SENSO_00000001 http://purl.dataone.org/odo/SENSO_00000004).
[2026-06-24 15:11:28.952] Finished repairing the ontology.
Repairing with A3 (default-weakening)...
[2026-06-24 15:11:28.953] Checking precondition...
[2026-06-24 15:11:28.955] Starting the repair...
[2026-06-24 15:11:28.965] Selected a reference ontology with 17 axioms.
[2026-06-24 15:11:29.108] Selected the bad axiom SubClassOf(owl:Thing http://purl.dataone.org/odo/SENSO_00000001).
[2026-06-24 15:11:29.119] Selected the weaker axiom SubClassOf(owl:Thing ObjectAllValuesFrom(http://purl.dataone.org/odo/SENSO_00000005 http://purl.dataone.org/odo/SENSO_00000001)).
[2026-06-24 15:11:29.121] Finished repairing the ontology.
Repairing with B1 (bad-in_some_mus-weaker-random)...
[2026-06-24 15:11:29.121] Checking precondition...
[2026-06-24 15:11:29.123] Starting the repair...
[2026-06-24 15:11:29.126] Selected a reference ontology with 17 axioms.
[2026-06-24 15:11:29.215] Selected the bad axiom SubClassOf(http://purl.dataone.org/odo/SENSO_00000004 http://purl.dataone.org/odo/SENSO_00000003).
[2026-06-24 15:11:29.218] Selected the weaker axiom SubClassOf(http://purl.dataone.org/odo/SENSO_00000001 http://purl.dataone.org/odo/SENSO_00000003).
[2026-06-24 15:11:29.285] Selected the bad axiom SubClassOf(owl:Thing http://purl.dataone.org/odo/SENSO_00000001).
[2026-06-24 15:11:29.286] Selected the weaker axiom SubClassOf(ObjectAllValuesFrom(http://purl.dataone.org/odo/SENSO_00000005 http://purl.dataone.org/odo/SENSO_00000001) http://purl.dataone.org/odo/SENSO_00000001).
[2026-06-24 15:11:29.364] Selected the bad axiom SubClassOf(http://purl.dataone.org/odo/SENSO_00000003 owl:Nothing).
[2026-06-24 15:11:29.365] Selected the weaker axiom SubClassOf(http://purl.dataone.org/odo/SENSO_00000003 owl:Thing).
[2026-06-24 15:11:29.365] Finished repairing the ontology.
Repairing with B2 (bad-in_some_mus-weaker-shapley)...
[2026-06-24 15:11:29.367] Checking precondition...
[2026-06-24 15:11:29.369] St
...[truncated]
SUCCESS: attempt=113 seed=1590414 success_count=89/100
progress: ontology=SENSO attempt=113 success=89/100
----- SENSO attempt=114 seed=1604614 at 2026-06-24 15:11:34 -----
--- stdout ---
{"seed":1604614,"run_id":"20260624134028346645","trial_status":"success","error_type":null,"failure_stage":null,"error_message":null,"iic_values":{"B1_vs_A1":0.6666666666666666,"B1_vs_A2":0.5,"B1_vs_A3":0.5,"B2_vs_A1":0.8,"B2_vs_A2":0.5,"B2_vs_A3":0.5,"B3_vs_A1":0.6666666666666666,"B3_vs_A2":0.5,"B3_vs_A3":0.5,"B4_vs_A1":0.6666666666666666,"B4_vs_A2":0.5,"B4_vs_A3":0.5,"B5_vs_A1":0.6666666666666666,"B5_vs_A2":0.5,"B5_vs_A3":0.5,"B6_vs_A1":0.6666666666666666,"B6_vs_A2":0.5,"B6_vs_A3":0.5,"B7_vs_A1":0.6666666666666666,"B7_vs_A2":0.5,"B7_vs_A3":0.5,"B8_vs_A1":0.6666666666666666,"B8_vs_A2":0.5,"B8_vs_A3":0.5,"B9_vs_A1":0.6666666666666666,"B9_vs_A2":0.5,"B9_vs_A3":0.5},"repair_runtimes_ms":{"A1":28,"A2":116,"A3":160,"B1":99,"B2":378,"B3":369,"B4":38,"B5":1111,"B6":777,"B7":23,"B8":549,"B9":749}}

--- stderr ---
SingleTrialExperiment starting: ontology=/workspaces/ontologyutils-ekaw26/repair-power-index-replication-ekaw26/ontologies/inconsistent/SENSO.owl, seed=1604614, run_id=20260624134028346645
Loaded ontology.
Normalizing ontology with SROIQ normalization...
Normalized ontology with SROIQ normalization.
Ontology is already inconsistent, skipping make-inconsistent step.
Repairing with A1 (random-removal)...
[2026-06-24 15:11:34.571] Checking precondition...
[2026-06-24 15:11:34.580] Starting the repair...
[2026-06-24 15:11:34.586] Found 13 possible bad axioms.
[2026-06-24 15:11:34.588] Selected the bad axiom SubClassOf(owl:Thing ObjectAllValuesFrom(http://purl.dataone.org/odo/SENSO_00000005 http://purl.dataone.org/odo/SENSO_00000004)).
[2026-06-24 15:11:34.592] Found 12 possible bad axioms.
[2026-06-24 15:11:34.592] Selected the bad axiom SubClassOf(http://purl.dataone.org/odo/SENSO_00000004 http://purl.dataone.org/odo/SENSO_00000003).
[2026-06-24 15:11:34.595] Finished repairing the ontology.
Repairing with A2 (not-in-largest-mcs-removal)...
[2026-06-24 15:11:34.596] Checking precondition...
[2026-06-24 15:11:34.603] Starting the repair...
[2026-06-24 15:11:34.710] Found 4 possible bad axioms.
[2026-06-24 15:11:34.710] Selected the bad axiom SubClassOf(http://purl.dataone.org/odo/SENSO_00000003 owl:Nothing).
[2026-06-24 15:11:34.712] Finished repairing the ontology.
Repairing with A3 (default-weakening)...
[2026-06-24 15:11:34.713] Checking precondition...
[2026-06-24 15:11:34.716] Starting the repair...
[2026-06-24 15:11:34.724] Selected a reference ontology with 17 axioms.
[2026-06-24 15:11:34.859] Selected the bad axiom SubClassOf(owl:Thing http://purl.dataone.org/odo/SENSO_00000001).
[2026-06-24 15:11:34.870] Selected the weaker axiom SubClassOf(http://purl.dataone.org/odo/SENSO_00000004 http://purl.dataone.org/odo/SENSO_00000001).
[2026-06-24 15:11:34.872] Finished repairing the ontology.
Repairing with B1 (bad-in_some_mus-weaker-random)...
[2026-06-24 15:11:34.873] Checking precondition...
[2026-06-24 15:11:34.874] Starting the repair...
[2026-06-24 15:11:34.878] Selected a reference ontology with 17 axioms.
[2026-06-24 15:11:34.967] Selected the bad axiom SubClassOf(owl:Thing http://purl.dataone.org/odo/SENSO_00000001).
[2026-06-24 15:11:34.971] Selected the weaker axiom SubClassOf(owl:Thing ObjectAllValuesFrom(http://purl.dataone.org/odo/SENSO_00000005 http://purl.dataone.org/odo/SENSO_00000004)).
[2026-06-24 15:11:34.971] Finished repairing the ontology.
Repairing with B2 (bad-in_some_mus-weaker-shapley)...
[2026-06-24 15:11:34.973] Checking precondition...
[2026-06-24 15:11:34.975] Starting the repair...
[2026-06-24 15:11:34.979] Selected a reference ontology with 17 axioms.
[2026-06-24 15:11:35.054] Selected the bad axiom SubClassOf(http://purl.dataone.org/odo/SENSO_00000003 owl:Nothing).
[PowerIndexWeakerAxiomSelector] Scoring 5 candidate weakenings for SENSO_00000003 ⊑ ⊥
[PowerIndexWeakerAxiomSelector] Selected weaker axiom: SENSO_000000
...[truncated]
SUCCESS: attempt=114 seed=1604614 success_count=90/100
progress: ontology=SENSO attempt=114 success=90/100
----- SENSO attempt=115 seed=1618814 at 2026-06-24 15:11:39 -----
--- stdout ---
{"seed":1618814,"run_id":"20260624134028346645","trial_status":"success","error_type":null,"failure_stage":null,"error_message":null,"iic_values":{"B1_vs_A1":0.8,"B1_vs_A2":0.5,"B1_vs_A3":0.5,"B2_vs_A1":0.4,"B2_vs_A2":0.25,"B2_vs_A3":0.25,"B3_vs_A1":0.8,"B3_vs_A2":0.5,"B3_vs_A3":0.5,"B4_vs_A1":0.6666666666666666,"B4_vs_A2":0.5,"B4_vs_A3":0.5,"B5_vs_A1":0.6666666666666666,"B5_vs_A2":0.5,"B5_vs_A3":0.5,"B6_vs_A1":0.6666666666666666,"B6_vs_A2":0.5,"B6_vs_A3":0.5,"B7_vs_A1":0.6666666666666666,"B7_vs_A2":0.5,"B7_vs_A3":0.5,"B8_vs_A1":0.6666666666666666,"B8_vs_A2":0.5,"B8_vs_A3":0.5,"B9_vs_A1":0.6666666666666666,"B9_vs_A2":0.5,"B9_vs_A3":0.5},"repair_runtimes_ms":{"A1":30,"A2":131,"A3":251,"B1":80,"B2":1037,"B3":204,"B4":37,"B5":1000,"B6":781,"B7":23,"B8":742,"B9":506}}

--- stderr ---
SingleTrialExperiment starting: ontology=/workspaces/ontologyutils-ekaw26/repair-power-index-replication-ekaw26/ontologies/inconsistent/SENSO.owl, seed=1618814, run_id=20260624134028346645
Loaded ontology.
Normalizing ontology with SROIQ normalization...
Normalized ontology with SROIQ normalization.
Ontology is already inconsistent, skipping make-inconsistent step.
Repairing with A1 (random-removal)...
[2026-06-24 15:11:39.390] Checking precondition...
[2026-06-24 15:11:39.401] Starting the repair...
[2026-06-24 15:11:39.407] Found 13 possible bad axioms.
[2026-06-24 15:11:39.409] Selected the bad axiom SubClassOf(http://purl.dataone.org/odo/SENSO_00000004 http://purl.dataone.org/odo/SENSO_00000003).
[2026-06-24 15:11:39.416] Finished repairing the ontology.
Repairing with A2 (not-in-largest-mcs-removal)...
[2026-06-24 15:11:39.417] Checking precondition...
[2026-06-24 15:11:39.426] Starting the repair...
[2026-06-24 15:11:39.547] Found 4 possible bad axioms.
[2026-06-24 15:11:39.547] Selected the bad axiom SubClassOf(owl:Thing http://purl.dataone.org/odo/SENSO_00000001).
[2026-06-24 15:11:39.547] Finished repairing the ontology.
Repairing with A3 (default-weakening)...
[2026-06-24 15:11:39.549] Checking precondition...
[2026-06-24 15:11:39.551] Starting the repair...
[2026-06-24 15:11:39.560] Selected a reference ontology with 17 axioms.
[2026-06-24 15:11:39.704] Selected the bad axiom SubClassOf(owl:Thing http://purl.dataone.org/odo/SENSO_00000001).
[2026-06-24 15:11:39.715] Selected the weaker axiom SubClassOf(owl:Thing http://purl.dataone.org/odo/SENSO_00000004).
[2026-06-24 15:11:39.796] Selected the bad axiom SubClassOf(http://purl.dataone.org/odo/SENSO_00000003 owl:Nothing).
[2026-06-24 15:11:39.797] Selected the weaker axiom SubClassOf(http://purl.dataone.org/odo/SENSO_00000003 ObjectAllValuesFrom(http://purl.dataone.org/odo/SENSO_00000005 owl:Nothing)).
[2026-06-24 15:11:39.799] Finished repairing the ontology.
Repairing with B1 (bad-in_some_mus-weaker-random)...
[2026-06-24 15:11:39.799] Checking precondition...
[2026-06-24 15:11:39.801] Starting the repair...
[2026-06-24 15:11:39.806] Selected a reference ontology with 17 axioms.
[2026-06-24 15:11:39.877] Selected the bad axiom SubClassOf(http://purl.dataone.org/odo/SENSO_00000003 owl:Nothing).
[2026-06-24 15:11:39.879] Selected the weaker axiom SubClassOf(owl:Nothing owl:Nothing).
[2026-06-24 15:11:39.879] Finished repairing the ontology.
Repairing with B2 (bad-in_some_mus-weaker-shapley)...
[2026-06-24 15:11:39.881] Checking precondition...
[2026-06-24 15:11:39.882] Starting the repair...
[2026-06-24 15:11:39.886] Selected a reference ontology with 17 axioms.
[2026-06-24 15:11:39.945] Selected the bad axiom SubClassOf(http://purl.dataone.org/odo/SENSO_00000001 http://purl.dataone.org/odo/SENSO_00000004).
[PowerIndexWeakerAxiomSelector] Scoring 8 candidate weakenings for SENSO_00000001 ⊑ SENSO_00000004
[PowerIndexWeakerAxiomSelector] Selected weaker axiom: SENSO_00000001 ⊑ SENSO_00000
...[truncated]
SUCCESS: attempt=115 seed=1618814 success_count=91/100
progress: ontology=SENSO attempt=115 success=91/100
----- SENSO attempt=116 seed=1633014 at 2026-06-24 15:11:44 -----
--- stdout ---
{"seed":1633014,"run_id":"20260624134028346645","trial_status":"success","error_type":null,"failure_stage":null,"error_message":null,"iic_values":{"B1_vs_A1":0.5,"B1_vs_A2":0.5,"B1_vs_A3":0.5,"B2_vs_A1":0.5,"B2_vs_A2":0.5,"B2_vs_A3":0.5,"B3_vs_A1":0.25,"B3_vs_A2":0.25,"B3_vs_A3":0.25,"B4_vs_A1":0.5,"B4_vs_A2":0.5,"B4_vs_A3":0.5,"B5_vs_A1":0.5,"B5_vs_A2":0.5,"B5_vs_A3":0.5,"B6_vs_A1":0.5,"B6_vs_A2":0.5,"B6_vs_A3":0.5,"B7_vs_A1":0.5,"B7_vs_A2":0.5,"B7_vs_A3":0.5,"B8_vs_A1":0.5,"B8_vs_A2":0.5,"B8_vs_A3":0.5,"B9_vs_A1":0.5,"B9_vs_A2":0.5,"B9_vs_A3":0.5},"repair_runtimes_ms":{"A1":40,"A2":108,"A3":152,"B1":94,"B2":363,"B3":435,"B4":58,"B5":1121,"B6":768,"B7":40,"B8":747,"B9":772}}

--- stderr ---
SingleTrialExperiment starting: ontology=/workspaces/ontologyutils-ekaw26/repair-power-index-replication-ekaw26/ontologies/inconsistent/SENSO.owl, seed=1633014, run_id=20260624134028346645
Loaded ontology.
Normalizing ontology with SROIQ normalization...
Normalized ontology with SROIQ normalization.
Ontology is already inconsistent, skipping make-inconsistent step.
Repairing with A1 (random-removal)...
[2026-06-24 15:11:44.640] Checking precondition...
[2026-06-24 15:11:44.649] Starting the repair...
[2026-06-24 15:11:44.656] Found 13 possible bad axioms.
[2026-06-24 15:11:44.657] Selected the bad axiom SubClassOf(http://purl.dataone.org/odo/SENSO_00000004 http://purl.dataone.org/odo/SENSO_00000001).
[2026-06-24 15:11:44.662] Found 12 possible bad axioms.
[2026-06-24 15:11:44.662] Selected the bad axiom SubClassOf(http://purl.dataone.org/odo/SENSO_00000002 http://purl.dataone.org/odo/SENSO_00000001).
[2026-06-24 15:11:44.666] Found 11 possible bad axioms.
[2026-06-24 15:11:44.666] Selected the bad axiom SubClassOf(http://purl.dataone.org/odo/SENSO_00000003 http://purl.dataone.org/odo/SENSO_00000001).
[2026-06-24 15:11:44.671] Found 10 possible bad axioms.
[2026-06-24 15:11:44.671] Selected the bad axiom SubClassOf(http://purl.dataone.org/odo/SENSO_00000004 http://purl.dataone.org/odo/SENSO_00000002).
[2026-06-24 15:11:44.673] Found 9 possible bad axioms.
[2026-06-24 15:11:44.673] Selected the bad axiom SubClassOf(http://purl.dataone.org/odo/SENSO_00000003 owl:Nothing).
[2026-06-24 15:11:44.676] Finished repairing the ontology.
Repairing with A2 (not-in-largest-mcs-removal)...
[2026-06-24 15:11:44.677] Checking precondition...
[2026-06-24 15:11:44.682] Starting the repair...
[2026-06-24 15:11:44.783] Found 4 possible bad axioms.
[2026-06-24 15:11:44.783] Selected the bad axiom SubClassOf(http://purl.dataone.org/odo/SENSO_00000003 owl:Nothing).
[2026-06-24 15:11:44.785] Finished repairing the ontology.
Repairing with A3 (default-weakening)...
[2026-06-24 15:11:44.786] Checking precondition...
[2026-06-24 15:11:44.788] Starting the repair...
[2026-06-24 15:11:44.797] Selected a reference ontology with 17 axioms.
[2026-06-24 15:11:44.925] Selected the bad axiom SubClassOf(owl:Thing http://purl.dataone.org/odo/SENSO_00000001).
[2026-06-24 15:11:44.935] Selected the weaker axiom SubClassOf(owl:Thing ObjectAllValuesFrom(http://purl.dataone.org/odo/SENSO_00000005 owl:Nothing)).
[2026-06-24 15:11:44.937] Finished repairing the ontology.
Repairing with B1 (bad-in_some_mus-weaker-random)...
[2026-06-24 15:11:44.938] Checking precondition...
[2026-06-24 15:11:44.940] Starting the repair...
[2026-06-24 15:11:44.943] Selected a reference ontology with 17 axioms.
[2026-06-24 15:11:45.027] Selected the bad axiom SubClassOf(http://purl.dataone.org/odo/SENSO_00000003 owl:Nothing).
[2026-06-24 15:11:45.031] Selected the weaker axiom SubClassOf(http://purl.dataone.org/odo/SENSO_00000003 http://purl.dataone.org/odo/SENSO_00000002).
[2026-06-24 15:11:45.031] Finished 
...[truncated]
SUCCESS: attempt=116 seed=1633014 success_count=92/100
progress: ontology=SENSO attempt=116 success=92/100
----- SENSO attempt=117 seed=1647214 at 2026-06-24 15:11:49 -----
--- stdout ---
{"seed":1647214,"run_id":"20260624134028346645","trial_status":"success","error_type":null,"failure_stage":null,"error_message":null,"iic_values":{"B1_vs_A1":0.875,"B1_vs_A2":0.6666666666666666,"B1_vs_A3":0.5,"B2_vs_A1":0.7142857142857143,"B2_vs_A2":0.5,"B2_vs_A3":0.2,"B3_vs_A1":0.875,"B3_vs_A2":0.6666666666666666,"B3_vs_A3":0.5,"B4_vs_A1":0.875,"B4_vs_A2":0.6666666666666666,"B4_vs_A3":0.5,"B5_vs_A1":0.875,"B5_vs_A2":0.6666666666666666,"B5_vs_A3":0.5,"B6_vs_A1":0.875,"B6_vs_A2":0.6666666666666666,"B6_vs_A3":0.5,"B7_vs_A1":0.875,"B7_vs_A2":0.6666666666666666,"B7_vs_A3":0.5,"B8_vs_A1":0.875,"B8_vs_A2":0.6666666666666666,"B8_vs_A3":0.5,"B9_vs_A1":0.875,"B9_vs_A2":0.6666666666666666,"B9_vs_A3":0.5},"repair_runtimes_ms":{"A1":23,"A2":117,"A3":358,"B1":63,"B2":343,"B3":249,"B4":39,"B5":1221,"B6":783,"B7":51,"B8":506,"B9":824}}

--- stderr ---
SingleTrialExperiment starting: ontology=/workspaces/ontologyutils-ekaw26/repair-power-index-replication-ekaw26/ontologies/inconsistent/SENSO.owl, seed=1647214, run_id=20260624134028346645
Loaded ontology.
Normalizing ontology with SROIQ normalization...
Normalized ontology with SROIQ normalization.
Ontology is already inconsistent, skipping make-inconsistent step.
Repairing with A1 (random-removal)...
[2026-06-24 15:11:49.773] Checking precondition...
[2026-06-24 15:11:49.781] Starting the repair...
[2026-06-24 15:11:49.786] Found 13 possible bad axioms.
[2026-06-24 15:11:49.788] Selected the bad axiom SubClassOf(http://purl.dataone.org/odo/SENSO_00000001 http://purl.dataone.org/odo/SENSO_00000004).
[2026-06-24 15:11:49.792] Finished repairing the ontology.
Repairing with A2 (not-in-largest-mcs-removal)...
[2026-06-24 15:11:49.792] Checking precondition...
[2026-06-24 15:11:49.798] Starting the repair...
[2026-06-24 15:11:49.908] Found 4 possible bad axioms.
[2026-06-24 15:11:49.908] Selected the bad axiom SubClassOf(http://purl.dataone.org/odo/SENSO_00000004 http://purl.dataone.org/odo/SENSO_00000003).
[2026-06-24 15:11:49.909] Finished repairing the ontology.
Repairing with A3 (default-weakening)...
[2026-06-24 15:11:49.911] Checking precondition...
[2026-06-24 15:11:49.913] Starting the repair...
[2026-06-24 15:11:49.922] Selected a reference ontology with 17 axioms.
[2026-06-24 15:11:50.064] Selected the bad axiom SubClassOf(owl:Thing http://purl.dataone.org/odo/SENSO_00000001).
[2026-06-24 15:11:50.075] Selected the weaker axiom SubClassOf(ObjectAllValuesFrom(http://purl.dataone.org/odo/SENSO_00000005 owl:Nothing) http://purl.dataone.org/odo/SENSO_00000001).
[2026-06-24 15:11:50.183] Selected the bad axiom SubClassOf(ObjectAllValuesFrom(http://purl.dataone.org/odo/SENSO_00000005 owl:Nothing) http://purl.dataone.org/odo/SENSO_00000001).
[2026-06-24 15:11:50.184] Selected the weaker axiom SubClassOf(ObjectAllValuesFrom(http://purl.dataone.org/odo/SENSO_00000005 owl:Nothing) http://purl.dataone.org/odo/SENSO_00000002).
[2026-06-24 15:11:50.267] Selected the bad axiom SubClassOf(http://purl.dataone.org/odo/SENSO_00000003 owl:Nothing).
[2026-06-24 15:11:50.267] Selected the weaker axiom SubClassOf(http://purl.dataone.org/odo/SENSO_00000003 http://purl.dataone.org/odo/SENSO_00000001).
[2026-06-24 15:11:50.268] Finished repairing the ontology.
Repairing with B1 (bad-in_some_mus-weaker-random)...
[2026-06-24 15:11:50.269] Checking precondition...
[2026-06-24 15:11:50.270] Starting the repair...
[2026-06-24 15:11:50.273] Selected a reference ontology with 17 axioms.
[2026-06-24 15:11:50.327] Selected the bad axiom SubClassOf(owl:Thing http://purl.dataone.org/odo/SENSO_00000001).
[2026-06-24 15:11:50.331] Selected the weaker axiom SubClassOf(owl:Thing ObjectAllValuesFrom(http://purl.dataone.org/odo/SENSO_00000005 http://purl.dataone.org/odo/SENSO_00000001)).
[2026-06-24 15:11:50.331] Finished repairing the ontology.
Repairing with B2 (bad-in_some_mus
...[truncated]
SUCCESS: attempt=117 seed=1647214 success_count=93/100
progress: ontology=SENSO attempt=117 success=93/100
----- SENSO attempt=118 seed=1661414 at 2026-06-24 15:11:54 -----
--- stdout ---
{"seed":1661414,"run_id":"20260624134028346645","trial_status":"success","error_type":null,"failure_stage":null,"error_message":null,"iic_values":{"B1_vs_A1":0.7142857142857143,"B1_vs_A2":0.5,"B1_vs_A3":0.2,"B2_vs_A1":0.8,"B2_vs_A2":0.8,"B2_vs_A3":0.5,"B3_vs_A1":0.5,"B3_vs_A2":0.2857142857142857,"B3_vs_A3":0.2,"B4_vs_A1":0.875,"B4_vs_A2":0.6666666666666666,"B4_vs_A3":0.5,"B5_vs_A1":0.875,"B5_vs_A2":0.6666666666666666,"B5_vs_A3":0.5,"B6_vs_A1":0.875,"B6_vs_A2":0.6666666666666666,"B6_vs_A3":0.5,"B7_vs_A1":0.875,"B7_vs_A2":0.6666666666666666,"B7_vs_A3":0.5,"B8_vs_A1":0.875,"B8_vs_A2":0.6666666666666666,"B8_vs_A3":0.5,"B9_vs_A1":0.875,"B9_vs_A2":0.6666666666666666,"B9_vs_A3":0.5},"repair_runtimes_ms":{"A1":35,"A2":113,"A3":160,"B1":97,"B2":360,"B3":419,"B4":60,"B5":857,"B6":793,"B7":49,"B8":700,"B9":539}}

--- stderr ---
SingleTrialExperiment starting: ontology=/workspaces/ontologyutils-ekaw26/repair-power-index-replication-ekaw26/ontologies/inconsistent/SENSO.owl, seed=1661414, run_id=20260624134028346645
Loaded ontology.
Normalizing ontology with SROIQ normalization...
Normalized ontology with SROIQ normalization.
Ontology is already inconsistent, skipping make-inconsistent step.
Repairing with A1 (random-removal)...
[2026-06-24 15:11:54.757] Checking precondition...
[2026-06-24 15:11:54.765] Starting the repair...
[2026-06-24 15:11:54.771] Found 13 possible bad axioms.
[2026-06-24 15:11:54.773] Selected the bad axiom SubClassOf(owl:Thing ObjectAllValuesFrom(http://purl.dataone.org/odo/SENSO_00000005 owl:Nothing)).
[2026-06-24 15:11:54.779] Found 12 possible bad axioms.
[2026-06-24 15:11:54.779] Selected the bad axiom SubClassOf(http://purl.dataone.org/odo/SENSO_00000004 http://purl.dataone.org/odo/SENSO_00000002).
[2026-06-24 15:11:54.782] Found 11 possible bad axioms.
[2026-06-24 15:11:54.783] Selected the bad axiom SubClassOf(http://purl.dataone.org/odo/SENSO_00000001 http://purl.dataone.org/odo/SENSO_00000004).
[2026-06-24 15:11:54.787] Finished repairing the ontology.
Repairing with A2 (not-in-largest-mcs-removal)...
[2026-06-24 15:11:54.788] Checking precondition...
[2026-06-24 15:11:54.793] Starting the repair...
[2026-06-24 15:11:54.899] Found 4 possible bad axioms.
[2026-06-24 15:11:54.900] Selected the bad axiom SubClassOf(http://purl.dataone.org/odo/SENSO_00000004 http://purl.dataone.org/odo/SENSO_00000003).
[2026-06-24 15:11:54.901] Finished repairing the ontology.
Repairing with A3 (default-weakening)...
[2026-06-24 15:11:54.903] Checking precondition...
[2026-06-24 15:11:54.905] Starting the repair...
[2026-06-24 15:11:54.914] Selected a reference ontology with 17 axioms.
[2026-06-24 15:11:55.049] Selected the bad axiom SubClassOf(http://purl.dataone.org/odo/SENSO_00000003 owl:Nothing).
[2026-06-24 15:11:55.061] Selected the weaker axiom SubClassOf(http://purl.dataone.org/odo/SENSO_00000003 owl:Thing).
[2026-06-24 15:11:55.062] Finished repairing the ontology.
Repairing with B1 (bad-in_some_mus-weaker-random)...
[2026-06-24 15:11:55.063] Checking precondition...
[2026-06-24 15:11:55.064] Starting the repair...
[2026-06-24 15:11:55.068] Selected a reference ontology with 17 axioms.
[2026-06-24 15:11:55.155] Selected the bad axiom SubClassOf(http://purl.dataone.org/odo/SENSO_00000004 http://purl.dataone.org/odo/SENSO_00000003).
[2026-06-24 15:11:55.159] Selected the weaker axiom SubClassOf(http://purl.dataone.org/odo/SENSO_00000004 http://purl.dataone.org/odo/SENSO_00000004).
[2026-06-24 15:11:55.160] Finished repairing the ontology.
Repairing with B2 (bad-in_some_mus-weaker-shapley)...
[2026-06-24 15:11:55.162] Checking precondition...
[2026-06-24 15:11:55.163] Starting the repair...
[2026-06-24 15:11:55.165] Selected a reference ontology with 17 axioms.
[2026-06-24 15:11:55.236] Selected the bad axiom SubClassOf(http://purl.dataone.org/odo/SENSO_0
...[truncated]
SUCCESS: attempt=118 seed=1661414 success_count=94/100
progress: ontology=SENSO attempt=118 success=94/100
----- SENSO attempt=119 seed=1675614 at 2026-06-24 15:11:59 -----
--- stdout ---
{"seed":1675614,"run_id":"20260624134028346645","trial_status":"time_limit_exceeded","error_type":"timeout","failure_stage":"B7","error_message":"Repair timeout: B7 exceeded 300 seconds","iic_values":{},"repair_runtimes_ms":{"A1":31,"A2":126,"A3":157,"B1":90,"B2":555,"B3":322,"B4":37,"B5":743,"B6":955,"B7":300007}}

--- stderr ---
SingleTrialExperiment starting: ontology=/workspaces/ontologyutils-ekaw26/repair-power-index-replication-ekaw26/ontologies/inconsistent/SENSO.owl, seed=1675614, run_id=20260624134028346645
Loaded ontology.
Normalizing ontology with SROIQ normalization...
Normalized ontology with SROIQ normalization.
Ontology is already inconsistent, skipping make-inconsistent step.
Repairing with A1 (random-removal)...
[2026-06-24 15:11:59.348] Checking precondition...
[2026-06-24 15:11:59.357] Starting the repair...
[2026-06-24 15:11:59.363] Found 13 possible bad axioms.
[2026-06-24 15:11:59.365] Selected the bad axiom SubClassOf(owl:Thing ObjectAllValuesFrom(http://purl.dataone.org/odo/SENSO_00000005 http://purl.dataone.org/odo/SENSO_00000001)).
[2026-06-24 15:11:59.370] Found 12 possible bad axioms.
[2026-06-24 15:11:59.371] Selected the bad axiom SubClassOf(http://purl.dataone.org/odo/SENSO_00000004 http://purl.dataone.org/odo/SENSO_00000003).
[2026-06-24 15:11:59.375] Finished repairing the ontology.
Repairing with A2 (not-in-largest-mcs-removal)...
[2026-06-24 15:11:59.376] Checking precondition...
[2026-06-24 15:11:59.384] Starting the repair...
[2026-06-24 15:11:59.500] Found 4 possible bad axioms.
[2026-06-24 15:11:59.501] Selected the bad axiom SubClassOf(http://purl.dataone.org/odo/SENSO_00000001 http://purl.dataone.org/odo/SENSO_00000004).
[2026-06-24 15:11:59.502] Finished repairing the ontology.
Repairing with A3 (default-weakening)...
[2026-06-24 15:11:59.503] Checking precondition...
[2026-06-24 15:11:59.506] Starting the repair...
[2026-06-24 15:11:59.514] Selected a reference ontology with 17 axioms.
[2026-06-24 15:11:59.648] Selected the bad axiom SubClassOf(http://purl.dataone.org/odo/SENSO_00000001 http://purl.dataone.org/odo/SENSO_00000004).
[2026-06-24 15:11:59.657] Selected the weaker axiom SubClassOf(http://purl.dataone.org/odo/SENSO_00000002 http://purl.dataone.org/odo/SENSO_00000004).
[2026-06-24 15:11:59.659] Finished repairing the ontology.
Repairing with B1 (bad-in_some_mus-weaker-random)...
[2026-06-24 15:11:59.660] Checking precondition...
[2026-06-24 15:11:59.661] Starting the repair...
[2026-06-24 15:11:59.665] Selected a reference ontology with 17 axioms.
[2026-06-24 15:11:59.746] Selected the bad axiom SubClassOf(owl:Thing http://purl.dataone.org/odo/SENSO_00000001).
[2026-06-24 15:11:59.749] Selected the weaker axiom SubClassOf(owl:Nothing http://purl.dataone.org/odo/SENSO_00000001).
[2026-06-24 15:11:59.750] Finished repairing the ontology.
Repairing with B2 (bad-in_some_mus-weaker-shapley)...
[2026-06-24 15:11:59.752] Checking precondition...
[2026-06-24 15:11:59.752] Starting the repair...
[2026-06-24 15:11:59.755] Selected a reference ontology with 17 axioms.
[2026-06-24 15:11:59.833] Selected the bad axiom SubClassOf(http://purl.dataone.org/odo/SENSO_00000003 owl:Nothing).
[PowerIndexWeakerAxiomSelector] Scoring 16 candidate weakenings for SENSO_00000003 ⊑ ⊥
[PowerIndexWeakerAxiomSelector] Selected weaker axiom: SENSO_000
...[truncated]
FAIL: attempt=119 seed=1675614 status=time_limit_exceeded stage=B7 message=Repair timeout: B7 exceeded 300 seconds
progress: ontology=SENSO attempt=119 success=94/100
----- SENSO attempt=120 seed=1689814 at 2026-06-24 15:17:02 -----
--- stdout ---
{"seed":1689814,"run_id":"20260624134028346645","trial_status":"success","error_type":null,"failure_stage":null,"error_message":null,"iic_values":{"B1_vs_A1":0.2,"B1_vs_A2":0.3333333333333333,"B1_vs_A3":0.5,"B2_vs_A1":0.2,"B2_vs_A2":0.125,"B2_vs_A3":0.2857142857142857,"B3_vs_A1":0.5,"B3_vs_A2":0.5,"B3_vs_A3":0.8,"B4_vs_A1":0.5,"B4_vs_A2":0.5,"B4_vs_A3":0.6666666666666666,"B5_vs_A1":0.5,"B5_vs_A2":0.5,"B5_vs_A3":0.6666666666666666,"B6_vs_A1":0.5,"B6_vs_A2":0.5,"B6_vs_A3":0.6666666666666666,"B7_vs_A1":0.5,"B7_vs_A2":0.5,"B7_vs_A3":0.6666666666666666,"B8_vs_A1":0.5,"B8_vs_A2":0.5,"B8_vs_A3":0.6666666666666666,"B9_vs_A1":0.5,"B9_vs_A2":0.5,"B9_vs_A3":0.6666666666666666},"repair_runtimes_ms":{"A1":44,"A2":105,"A3":159,"B1":106,"B2":589,"B3":420,"B4":32,"B5":986,"B6":764,"B7":26,"B8":760,"B9":791}}

--- stderr ---
SingleTrialExperiment starting: ontology=/workspaces/ontologyutils-ekaw26/repair-power-index-replication-ekaw26/ontologies/inconsistent/SENSO.owl, seed=1689814, run_id=20260624134028346645
Loaded ontology.
Normalizing ontology with SROIQ normalization...
Normalized ontology with SROIQ normalization.
Ontology is already inconsistent, skipping make-inconsistent step.
Repairing with A1 (random-removal)...
[2026-06-24 15:17:02.962] Checking precondition...
[2026-06-24 15:17:02.971] Starting the repair...
[2026-06-24 15:17:02.977] Found 13 possible bad axioms.
[2026-06-24 15:17:02.978] Selected the bad axiom SubClassOf(http://purl.dataone.org/odo/SENSO_00000002 http://purl.dataone.org/odo/SENSO_00000001).
[2026-06-24 15:17:02.983] Found 12 possible bad axioms.
[2026-06-24 15:17:02.983] Selected the bad axiom SubClassOf(owl:Thing ObjectAllValuesFrom(http://purl.dataone.org/odo/SENSO_00000005 http://purl.dataone.org/odo/SENSO_00000001)).
[2026-06-24 15:17:02.987] Found 11 possible bad axioms.
[2026-06-24 15:17:02.987] Selected the bad axiom SubClassOf(owl:Thing ObjectAllValuesFrom(http://purl.dataone.org/odo/SENSO_00000005 owl:Nothing)).
[2026-06-24 15:17:02.991] Found 10 possible bad axioms.
[2026-06-24 15:17:02.991] Selected the bad axiom SubClassOf(http://purl.dataone.org/odo/SENSO_00000003 http://purl.dataone.org/odo/SENSO_00000004).
[2026-06-24 15:17:02.993] Found 9 possible bad axioms.
[2026-06-24 15:17:02.993] Selected the bad axiom SubClassOf(http://purl.dataone.org/odo/SENSO_00000004 http://purl.dataone.org/odo/SENSO_00000001).
[2026-06-24 15:17:02.996] Found 8 possible bad axioms.
[2026-06-24 15:17:02.996] Selected the bad axiom SubClassOf(http://purl.dataone.org/odo/SENSO_00000003 http://purl.dataone.org/odo/SENSO_00000001).
[2026-06-24 15:17:02.998] Found 7 possible bad axioms.
[2026-06-24 15:17:02.998] Selected the bad axiom SubClassOf(http://purl.dataone.org/odo/SENSO_00000004 http://purl.dataone.org/odo/SENSO_00000002).
[2026-06-24 15:17:03.001] Found 6 possible bad axioms.
[2026-06-24 15:17:03.001] Selected the bad axiom SubClassOf(http://purl.dataone.org/odo/SENSO_00000003 owl:Nothing).
[2026-06-24 15:17:03.002] Finished repairing the ontology.
Repairing with A2 (not-in-largest-mcs-removal)...
[2026-06-24 15:17:03.003] Checking precondition...
[2026-06-24 15:17:03.008] Starting the repair...
[2026-06-24 15:17:03.108] Found 4 possible bad axioms.
[2026-06-24 15:17:03.108] Selected the bad axiom SubClassOf(owl:Thing http://purl.dataone.org/odo/SENSO_00000001).
[2026-06-24 15:17:03.109] Finished repairing the ontology.
Repairing with A3 (default-weakening)...
[2026-06-24 15:17:03.110] Checking precondition...
[2026-06-24 15:17:03.112] Starting the repair...
[2026-06-24 15:17:03.121] Selected a reference ontology with 17 axioms.
[2026-06-24 15:17:03.255] Selected the bad axiom SubClassOf(http://purl.dataone.org/odo/SENSO_00000004 http://purl.dataone.org/odo/SENSO_00000003).
[2026-06-24 15:17:03.266] Selected the weaker axiom SubClassOf(http
...[truncated]
SUCCESS: attempt=120 seed=1689814 success_count=95/100
progress: ontology=SENSO attempt=120 success=95/100
----- SENSO attempt=121 seed=1704014 at 2026-06-24 15:17:07 -----
--- stdout ---
{"seed":1704014,"run_id":"20260624134028346645","trial_status":"success","error_type":null,"failure_stage":null,"error_message":null,"iic_values":{"B1_vs_A1":0.5,"B1_vs_A2":0.5,"B1_vs_A3":0.8,"B2_vs_A1":0.5,"B2_vs_A2":0.5,"B2_vs_A3":0.6666666666666666,"B3_vs_A1":0.25,"B3_vs_A2":0.25,"B3_vs_A3":0.4,"B4_vs_A1":0.5,"B4_vs_A2":0.5,"B4_vs_A3":0.6666666666666666,"B5_vs_A1":0.5,"B5_vs_A2":0.5,"B5_vs_A3":0.6666666666666666,"B6_vs_A1":0.5,"B6_vs_A2":0.5,"B6_vs_A3":0.6666666666666666,"B7_vs_A1":0.5,"B7_vs_A2":0.5,"B7_vs_A3":0.6666666666666666,"B8_vs_A1":0.5,"B8_vs_A2":0.5,"B8_vs_A3":0.6666666666666666,"B9_vs_A1":0.5,"B9_vs_A2":0.5,"B9_vs_A3":0.6666666666666666},"repair_runtimes_ms":{"A1":28,"A2":117,"A3":158,"B1":99,"B2":449,"B3":811,"B4":137,"B5":862,"B6":867,"B7":25,"B8":692,"B9":494}}

--- stderr ---
SingleTrialExperiment starting: ontology=/workspaces/ontologyutils-ekaw26/repair-power-index-replication-ekaw26/ontologies/inconsistent/SENSO.owl, seed=1704014, run_id=20260624134028346645
Loaded ontology.
Normalizing ontology with SROIQ normalization...
Normalized ontology with SROIQ normalization.
Ontology is already inconsistent, skipping make-inconsistent step.
Repairing with A1 (random-removal)...
[2026-06-24 15:17:08.174] Checking precondition...
[2026-06-24 15:17:08.182] Starting the repair...
[2026-06-24 15:17:08.189] Found 13 possible bad axioms.
[2026-06-24 15:17:08.190] Selected the bad axiom SubClassOf(http://purl.dataone.org/odo/SENSO_00000003 http://purl.dataone.org/odo/SENSO_00000004).
[2026-06-24 15:17:08.195] Found 12 possible bad axioms.
[2026-06-24 15:17:08.195] Selected the bad axiom SubClassOf(owl:Thing http://purl.dataone.org/odo/SENSO_00000001).
[2026-06-24 15:17:08.198] Finished repairing the ontology.
Repairing with A2 (not-in-largest-mcs-removal)...
[2026-06-24 15:17:08.199] Checking precondition...
[2026-06-24 15:17:08.206] Starting the repair...
[2026-06-24 15:17:08.316] Found 4 possible bad axioms.
[2026-06-24 15:17:08.316] Selected the bad axiom SubClassOf(owl:Thing http://purl.dataone.org/odo/SENSO_00000001).
[2026-06-24 15:17:08.316] Finished repairing the ontology.
Repairing with A3 (default-weakening)...
[2026-06-24 15:17:08.317] Checking precondition...
[2026-06-24 15:17:08.320] Starting the repair...
[2026-06-24 15:17:08.328] Selected a reference ontology with 17 axioms.
[2026-06-24 15:17:08.462] Selected the bad axiom SubClassOf(http://purl.dataone.org/odo/SENSO_00000004 http://purl.dataone.org/odo/SENSO_00000003).
[2026-06-24 15:17:08.473] Selected the weaker axiom SubClassOf(http://purl.dataone.org/odo/SENSO_00000004 http://purl.dataone.org/odo/SENSO_00000001).
[2026-06-24 15:17:08.474] Finished repairing the ontology.
Repairing with B1 (bad-in_some_mus-weaker-random)...
[2026-06-24 15:17:08.475] Checking precondition...
[2026-06-24 15:17:08.477] Starting the repair...
[2026-06-24 15:17:08.482] Selected a reference ontology with 17 axioms.
[2026-06-24 15:17:08.569] Selected the bad axiom SubClassOf(http://purl.dataone.org/odo/SENSO_00000003 owl:Nothing).
[2026-06-24 15:17:08.572] Selected the weaker axiom SubClassOf(http://purl.dataone.org/odo/SENSO_00000003 ObjectAllValuesFrom(http://purl.dataone.org/odo/SENSO_00000005 http://purl.dataone.org/odo/SENSO_00000004)).
[2026-06-24 15:17:08.573] Finished repairing the ontology.
Repairing with B2 (bad-in_some_mus-weaker-shapley)...
[2026-06-24 15:17:08.575] Checking precondition...
[2026-06-24 15:17:08.576] Starting the repair...
[2026-06-24 15:17:08.578] Selected a reference ontology with 17 axioms.
[2026-06-24 15:17:08.653] Selected the bad axiom SubClassOf(owl:Thing http://purl.dataone.org/odo/SENSO_00000001).
[PowerIndexWeakerAxiomSelector] Scoring 15 candidate weakenings for ⊤ ⊑ SENSO_00000001
[PowerIndexWeakerAxiomSelector] Selected weaker axiom: SENSO_00000
...[truncated]
SUCCESS: attempt=121 seed=1704014 success_count=96/100
progress: ontology=SENSO attempt=121 success=96/100
----- SENSO attempt=122 seed=1718214 at 2026-06-24 15:17:13 -----
--- stdout ---
{"seed":1718214,"run_id":"20260624134028346645","trial_status":"success","error_type":null,"failure_stage":null,"error_message":null,"iic_values":{"B1_vs_A1":0.5,"B1_vs_A2":0.6666666666666666,"B1_vs_A3":0.875,"B2_vs_A1":0.5,"B2_vs_A2":0.8,"B2_vs_A3":0.8,"B3_vs_A1":0.25,"B3_vs_A2":0.4,"B3_vs_A3":1.0,"B4_vs_A1":0.5,"B4_vs_A2":0.6666666666666666,"B4_vs_A3":0.875,"B5_vs_A1":0.5,"B5_vs_A2":0.6666666666666666,"B5_vs_A3":0.875,"B6_vs_A1":0.5,"B6_vs_A2":0.6666666666666666,"B6_vs_A3":0.875,"B7_vs_A1":0.5,"B7_vs_A2":0.6666666666666666,"B7_vs_A3":0.875,"B8_vs_A1":0.5,"B8_vs_A2":0.6666666666666666,"B8_vs_A3":0.875,"B9_vs_A1":0.5,"B9_vs_A2":0.6666666666666666,"B9_vs_A3":0.875},"repair_runtimes_ms":{"A1":24,"A2":121,"A3":169,"B1":98,"B2":572,"B3":538,"B4":39,"B5":673,"B6":513,"B7":19,"B8":790,"B9":774}}

--- stderr ---
SingleTrialExperiment starting: ontology=/workspaces/ontologyutils-ekaw26/repair-power-index-replication-ekaw26/ontologies/inconsistent/SENSO.owl, seed=1718214, run_id=20260624134028346645
Loaded ontology.
Normalizing ontology with SROIQ normalization...
Normalized ontology with SROIQ normalization.
Ontology is already inconsistent, skipping make-inconsistent step.
Repairing with A1 (random-removal)...
[2026-06-24 15:17:13.327] Checking precondition...
[2026-06-24 15:17:13.336] Starting the repair...
[2026-06-24 15:17:13.342] Found 13 possible bad axioms.
[2026-06-24 15:17:13.343] Selected the bad axiom SubClassOf(http://purl.dataone.org/odo/SENSO_00000003 owl:Nothing).
[2026-06-24 15:17:13.347] Finished repairing the ontology.
Repairing with A2 (not-in-largest-mcs-removal)...
[2026-06-24 15:17:13.348] Checking precondition...
[2026-06-24 15:17:13.356] Starting the repair...
[2026-06-24 15:17:13.467] Found 4 possible bad axioms.
[2026-06-24 15:17:13.468] Selected the bad axiom SubClassOf(http://purl.dataone.org/odo/SENSO_00000004 http://purl.dataone.org/odo/SENSO_00000003).
[2026-06-24 15:17:13.469] Finished repairing the ontology.
Repairing with A3 (default-weakening)...
[2026-06-24 15:17:13.470] Checking precondition...
[2026-06-24 15:17:13.473] Starting the repair...
[2026-06-24 15:17:13.482] Selected a reference ontology with 17 axioms.
[2026-06-24 15:17:13.626] Selected the bad axiom SubClassOf(http://purl.dataone.org/odo/SENSO_00000001 http://purl.dataone.org/odo/SENSO_00000004).
[2026-06-24 15:17:13.636] Selected the weaker axiom SubClassOf(http://purl.dataone.org/odo/SENSO_00000001 http://purl.dataone.org/odo/SENSO_00000001).
[2026-06-24 15:17:13.638] Finished repairing the ontology.
Repairing with B1 (bad-in_some_mus-weaker-random)...
[2026-06-24 15:17:13.639] Checking precondition...
[2026-06-24 15:17:13.641] Starting the repair...
[2026-06-24 15:17:13.645] Selected a reference ontology with 17 axioms.
[2026-06-24 15:17:13.734] Selected the bad axiom SubClassOf(owl:Thing http://purl.dataone.org/odo/SENSO_00000001).
[2026-06-24 15:17:13.736] Selected the weaker axiom SubClassOf(http://purl.dataone.org/odo/SENSO_00000002 http://purl.dataone.org/odo/SENSO_00000001).
[2026-06-24 15:17:13.737] Finished repairing the ontology.
Repairing with B2 (bad-in_some_mus-weaker-shapley)...
[2026-06-24 15:17:13.741] Checking precondition...
[2026-06-24 15:17:13.742] Starting the repair...
[2026-06-24 15:17:13.745] Selected a reference ontology with 17 axioms.
[2026-06-24 15:17:13.822] Selected the bad axiom SubClassOf(http://purl.dataone.org/odo/SENSO_00000003 owl:Nothing).
[PowerIndexWeakerAxiomSelector] Scoring 16 candidate weakenings for SENSO_00000003 ⊑ ⊥
[PowerIndexWeakerAxiomSelector] Selected weaker axiom: SENSO_00000003 ⊑ SENSO_00000001
[2026-06-24 15:17:14.309] Selected the weaker axiom SubClassOf(http://purl.dataone.org/odo/SENSO_00000003 http://purl.dataone.org/odo/SENSO_00000001).
[2026-06-24 15:17:14.312] Finished repairing the ontology.
Re
...[truncated]
SUCCESS: attempt=122 seed=1718214 success_count=97/100
progress: ontology=SENSO attempt=122 success=97/100
----- SENSO attempt=123 seed=1732414 at 2026-06-24 15:17:17 -----
--- stdout ---
{"seed":1732414,"run_id":"20260624134028346645","trial_status":"success","error_type":null,"failure_stage":null,"error_message":null,"iic_values":{"B1_vs_A1":0.2,"B1_vs_A2":0.3333333333333333,"B1_vs_A3":0.2,"B2_vs_A1":0.5,"B2_vs_A2":0.5,"B2_vs_A3":0.5,"B3_vs_A1":0.5,"B3_vs_A2":0.5,"B3_vs_A3":0.5,"B4_vs_A1":0.5,"B4_vs_A2":0.5,"B4_vs_A3":0.5,"B5_vs_A1":0.5,"B5_vs_A2":0.5,"B5_vs_A3":0.5,"B6_vs_A1":0.5,"B6_vs_A2":0.5,"B6_vs_A3":0.5,"B7_vs_A1":0.5,"B7_vs_A2":0.5,"B7_vs_A3":0.5,"B8_vs_A1":0.5,"B8_vs_A2":0.5,"B8_vs_A3":0.5,"B9_vs_A1":0.5,"B9_vs_A2":0.5,"B9_vs_A3":0.5},"repair_runtimes_ms":{"A1":28,"A2":153,"A3":172,"B1":208,"B2":503,"B3":343,"B4":50,"B5":822,"B6":795,"B7":24,"B8":787,"B9":742}}

--- stderr ---
SingleTrialExperiment starting: ontology=/workspaces/ontologyutils-ekaw26/repair-power-index-replication-ekaw26/ontologies/inconsistent/SENSO.owl, seed=1732414, run_id=20260624134028346645
Loaded ontology.
Normalizing ontology with SROIQ normalization...
Normalized ontology with SROIQ normalization.
Ontology is already inconsistent, skipping make-inconsistent step.
Repairing with A1 (random-removal)...
[2026-06-24 15:17:18.074] Checking precondition...
[2026-06-24 15:17:18.082] Starting the repair...
[2026-06-24 15:17:18.087] Found 13 possible bad axioms.
[2026-06-24 15:17:18.089] Selected the bad axiom SubClassOf(owl:Thing ObjectAllValuesFrom(http://purl.dataone.org/odo/SENSO_00000005 http://purl.dataone.org/odo/SENSO_00000004)).
[2026-06-24 15:17:18.094] Found 12 possible bad axioms.
[2026-06-24 15:17:18.095] Selected the bad axiom SubClassOf(http://purl.dataone.org/odo/SENSO_00000003 owl:Nothing).
[2026-06-24 15:17:18.098] Finished repairing the ontology.
Repairing with A2 (not-in-largest-mcs-removal)...
[2026-06-24 15:17:18.099] Checking precondition...
[2026-06-24 15:17:18.105] Starting the repair...
[2026-06-24 15:17:18.251] Found 4 possible bad axioms.
[2026-06-24 15:17:18.252] Selected the bad axiom SubClassOf(owl:Thing http://purl.dataone.org/odo/SENSO_00000001).
[2026-06-24 15:17:18.252] Finished repairing the ontology.
Repairing with A3 (default-weakening)...
[2026-06-24 15:17:18.253] Checking precondition...
[2026-06-24 15:17:18.257] Starting the repair...
[2026-06-24 15:17:18.266] Selected a reference ontology with 17 axioms.
[2026-06-24 15:17:18.410] Selected the bad axiom SubClassOf(http://purl.dataone.org/odo/SENSO_00000003 owl:Nothing).
[2026-06-24 15:17:18.422] Selected the weaker axiom SubClassOf(http://purl.dataone.org/odo/SENSO_00000003 ObjectAllValuesFrom(http://purl.dataone.org/odo/SENSO_00000005 http://purl.dataone.org/odo/SENSO_00000001)).
[2026-06-24 15:17:18.424] Finished repairing the ontology.
Repairing with B1 (bad-in_some_mus-weaker-random)...
[2026-06-24 15:17:18.425] Checking precondition...
[2026-06-24 15:17:18.427] Starting the repair...
[2026-06-24 15:17:18.431] Selected a reference ontology with 17 axioms.
[2026-06-24 15:17:18.626] Selected the bad axiom SubClassOf(http://purl.dataone.org/odo/SENSO_00000004 http://purl.dataone.org/odo/SENSO_00000003).
[2026-06-24 15:17:18.631] Selected the weaker axiom SubClassOf(http://purl.dataone.org/odo/SENSO_00000004 ObjectAllValuesFrom(http://purl.dataone.org/odo/SENSO_00000005 owl:Nothing)).
[2026-06-24 15:17:18.632] Finished repairing the ontology.
Repairing with B2 (bad-in_some_mus-weaker-shapley)...
[2026-06-24 15:17:18.635] Checking precondition...
[2026-06-24 15:17:18.636] Starting the repair...
[2026-06-24 15:17:18.641] Selected a reference ontology with 17 axioms.
[2026-06-24 15:17:18.728] Selected the bad axiom SubClassOf(http://purl.dataone.org/odo/SENSO_00000003 owl:Nothing).
[PowerIndexWeakerAxiomSelector] Scoring 12 candidate weakenings for SENSO_00000003 ⊑ 
...[truncated]
SUCCESS: attempt=123 seed=1732414 success_count=98/100
progress: ontology=SENSO attempt=123 success=98/100
----- SENSO attempt=124 seed=1746614 at 2026-06-24 15:17:22 -----
--- stdout ---
{"seed":1746614,"run_id":"20260624134028346645","trial_status":"success","error_type":null,"failure_stage":null,"error_message":null,"iic_values":{"B1_vs_A1":0.8,"B1_vs_A2":0.5,"B1_vs_A3":0.5,"B2_vs_A1":0.5,"B2_vs_A2":0.2,"B2_vs_A3":0.2,"B3_vs_A1":0.875,"B3_vs_A2":0.5,"B3_vs_A3":0.5,"B4_vs_A1":0.875,"B4_vs_A2":0.5,"B4_vs_A3":0.5,"B5_vs_A1":0.875,"B5_vs_A2":0.5,"B5_vs_A3":0.5,"B6_vs_A1":0.875,"B6_vs_A2":0.5,"B6_vs_A3":0.5,"B7_vs_A1":0.875,"B7_vs_A2":0.5,"B7_vs_A3":0.5,"B8_vs_A1":0.875,"B8_vs_A2":0.5,"B8_vs_A3":0.5,"B9_vs_A1":0.875,"B9_vs_A2":0.5,"B9_vs_A3":0.5},"repair_runtimes_ms":{"A1":28,"A2":114,"A3":272,"B1":76,"B2":530,"B3":326,"B4":55,"B5":804,"B6":540,"B7":29,"B8":495,"B9":750}}

--- stderr ---
SingleTrialExperiment starting: ontology=/workspaces/ontologyutils-ekaw26/repair-power-index-replication-ekaw26/ontologies/inconsistent/SENSO.owl, seed=1746614, run_id=20260624134028346645
Loaded ontology.
Normalizing ontology with SROIQ normalization...
Normalized ontology with SROIQ normalization.
Ontology is already inconsistent, skipping make-inconsistent step.
Repairing with A1 (random-removal)...
[2026-06-24 15:17:23.117] Checking precondition...
[2026-06-24 15:17:23.126] Starting the repair...
[2026-06-24 15:17:23.131] Found 13 possible bad axioms.
[2026-06-24 15:17:23.132] Selected the bad axiom SubClassOf(http://purl.dataone.org/odo/SENSO_00000003 http://purl.dataone.org/odo/SENSO_00000001).
[2026-06-24 15:17:23.138] Found 12 possible bad axioms.
[2026-06-24 15:17:23.138] Selected the bad axiom SubClassOf(http://purl.dataone.org/odo/SENSO_00000001 http://purl.dataone.org/odo/SENSO_00000004).
[2026-06-24 15:17:23.141] Finished repairing the ontology.
Repairing with A2 (not-in-largest-mcs-removal)...
[2026-06-24 15:17:23.142] Checking precondition...
[2026-06-24 15:17:23.149] Starting the repair...
[2026-06-24 15:17:23.254] Found 4 possible bad axioms.
[2026-06-24 15:17:23.255] Selected the bad axiom SubClassOf(http://purl.dataone.org/odo/SENSO_00000003 owl:Nothing).
[2026-06-24 15:17:23.256] Finished repairing the ontology.
Repairing with A3 (default-weakening)...
[2026-06-24 15:17:23.257] Checking precondition...
[2026-06-24 15:17:23.260] Starting the repair...
[2026-06-24 15:17:23.268] Selected a reference ontology with 17 axioms.
[2026-06-24 15:17:23.402] Selected the bad axiom SubClassOf(owl:Thing http://purl.dataone.org/odo/SENSO_00000001).
[2026-06-24 15:17:23.414] Selected the weaker axiom SubClassOf(ObjectAllValuesFrom(http://purl.dataone.org/odo/SENSO_00000005 owl:Nothing) http://purl.dataone.org/odo/SENSO_00000001).
[2026-06-24 15:17:23.528] Selected the bad axiom SubClassOf(http://purl.dataone.org/odo/SENSO_00000003 owl:Nothing).
[2026-06-24 15:17:23.528] Selected the weaker axiom SubClassOf(http://purl.dataone.org/odo/SENSO_00000003 http://purl.dataone.org/odo/SENSO_00000002).
[2026-06-24 15:17:23.529] Finished repairing the ontology.
Repairing with B1 (bad-in_some_mus-weaker-random)...
[2026-06-24 15:17:23.530] Checking precondition...
[2026-06-24 15:17:23.531] Starting the repair...
[2026-06-24 15:17:23.534] Selected a reference ontology with 17 axioms.
[2026-06-24 15:17:23.603] Selected the bad axiom SubClassOf(http://purl.dataone.org/odo/SENSO_00000003 owl:Nothing).
[2026-06-24 15:17:23.605] Selected the weaker axiom SubClassOf(http://purl.dataone.org/odo/SENSO_00000003 http://purl.dataone.org/odo/SENSO_00000004).
[2026-06-24 15:17:23.606] Finished repairing the ontology.
Repairing with B2 (bad-in_some_mus-weaker-shapley)...
[2026-06-24 15:17:23.608] Checking precondition...
[2026-06-24 15:17:23.609] Starting the repair...
[2026-06-24 15:17:23.611] Selected a reference ontology with 17 axioms.
[2026-06-24 15:17:23.664] Sel
...[truncated]
SUCCESS: attempt=124 seed=1746614 success_count=99/100
progress: ontology=SENSO attempt=124 success=99/100
----- SENSO attempt=125 seed=1760814 at 2026-06-24 15:17:27 -----
--- stdout ---
{"seed":1760814,"run_id":"20260624134028346645","trial_status":"success","error_type":null,"failure_stage":null,"error_message":null,"iic_values":{"B1_vs_A1":0.5,"B1_vs_A2":0.5,"B1_vs_A3":0.875,"B2_vs_A1":0.2,"B2_vs_A2":0.125,"B2_vs_A3":0.5,"B3_vs_A1":0.5,"B3_vs_A2":0.5,"B3_vs_A3":0.8,"B4_vs_A1":0.5,"B4_vs_A2":0.5,"B4_vs_A3":0.875,"B5_vs_A1":0.5,"B5_vs_A2":0.5,"B5_vs_A3":0.875,"B6_vs_A1":0.5,"B6_vs_A2":0.5,"B6_vs_A3":0.875,"B7_vs_A1":0.5,"B7_vs_A2":0.5,"B7_vs_A3":0.875,"B8_vs_A1":0.5,"B8_vs_A2":0.5,"B8_vs_A3":0.875,"B9_vs_A1":0.5,"B9_vs_A2":0.5,"B9_vs_A3":0.875},"repair_runtimes_ms":{"A1":22,"A2":115,"A3":171,"B1":106,"B2":561,"B3":258,"B4":46,"B5":1011,"B6":807,"B7":26,"B8":749,"B9":814}}

--- stderr ---
SingleTrialExperiment starting: ontology=/workspaces/ontologyutils-ekaw26/repair-power-index-replication-ekaw26/ontologies/inconsistent/SENSO.owl, seed=1760814, run_id=20260624134028346645
Loaded ontology.
Normalizing ontology with SROIQ normalization...
Normalized ontology with SROIQ normalization.
Ontology is already inconsistent, skipping make-inconsistent step.
Repairing with A1 (random-removal)...
[2026-06-24 15:17:27.554] Checking precondition...
[2026-06-24 15:17:27.563] Starting the repair...
[2026-06-24 15:17:27.568] Found 13 possible bad axioms.
[2026-06-24 15:17:27.569] Selected the bad axiom SubClassOf(http://purl.dataone.org/odo/SENSO_00000003 owl:Nothing).
[2026-06-24 15:17:27.573] Finished repairing the ontology.
Repairing with A2 (not-in-largest-mcs-removal)...
[2026-06-24 15:17:27.574] Checking precondition...
[2026-06-24 15:17:27.580] Starting the repair...
[2026-06-24 15:17:27.688] Found 4 possible bad axioms.
[2026-06-24 15:17:27.689] Selected the bad axiom SubClassOf(owl:Thing http://purl.dataone.org/odo/SENSO_00000001).
[2026-06-24 15:17:27.689] Finished repairing the ontology.
Repairing with A3 (default-weakening)...
[2026-06-24 15:17:27.690] Checking precondition...
[2026-06-24 15:17:27.693] Starting the repair...
[2026-06-24 15:17:27.701] Selected a reference ontology with 17 axioms.
[2026-06-24 15:17:27.845] Selected the bad axiom SubClassOf(http://purl.dataone.org/odo/SENSO_00000001 http://purl.dataone.org/odo/SENSO_00000004).
[2026-06-24 15:17:27.857] Selected the weaker axiom SubClassOf(http://purl.dataone.org/odo/SENSO_00000001 ObjectAllValuesFrom(http://purl.dataone.org/odo/SENSO_00000005 owl:Nothing)).
[2026-06-24 15:17:27.860] Finished repairing the ontology.
Repairing with B1 (bad-in_some_mus-weaker-random)...
[2026-06-24 15:17:27.860] Checking precondition...
[2026-06-24 15:17:27.862] Starting the repair...
[2026-06-24 15:17:27.865] Selected a reference ontology with 17 axioms.
[2026-06-24 15:17:27.960] Selected the bad axiom SubClassOf(owl:Thing http://purl.dataone.org/odo/SENSO_00000001).
[2026-06-24 15:17:27.963] Selected the weaker axiom SubClassOf(owl:Thing owl:Thing).
[2026-06-24 15:17:27.966] Finished repairing the ontology.
Repairing with B2 (bad-in_some_mus-weaker-shapley)...
[2026-06-24 15:17:27.968] Checking precondition...
[2026-06-24 15:17:27.970] Starting the repair...
[2026-06-24 15:17:27.972] Selected a reference ontology with 17 axioms.
[2026-06-24 15:17:28.040] Selected the bad axiom SubClassOf(http://purl.dataone.org/odo/SENSO_00000001 http://purl.dataone.org/odo/SENSO_00000004).
[PowerIndexWeakerAxiomSelector] Scoring 14 candidate weakenings for SENSO_00000001 ⊑ SENSO_00000004
[PowerIndexWeakerAxiomSelector] Selected weaker axiom: SENSO_00000001 ⊑ SENSO_00000001
[2026-06-24 15:17:28.525] Selected the weaker axiom SubClassOf(http://purl.dataone.org/odo/SENSO_00000001 http://purl.dataone.org/odo/SENSO_00000001).
[2026-06-24 15:17:28.527] Finished repairing the ontology.
Repairing with B3 (bad-i
...[truncated]
SUCCESS: attempt=125 seed=1760814 success_count=100/100
progress: ontology=SENSO attempt=125 success=100/100
=== run_trials finished at 2026-06-28 17:53:08 for SENSO - 100 successes, 25 failures, 125 attempts ===
Failed attempts:
  attempt=5 seed=56814 msg=Repair timeout: B7 exceeded 300 seconds
  attempt=8 seed=99414 msg=Repair timeout: B4 exceeded 300 seconds
  attempt=12 seed=156214 msg=Repair timeout: B7 exceeded 300 seconds
  attempt=18 seed=241414 msg=Repair failed: ExecutionException: java.lang.NullPointerException: operands cannot be null or empty
  attempt=23 seed=312414 msg=Repair failed: ExecutionException: java.lang.NullPointerException: operands cannot be null or empty
  attempt=24 seed=326614 msg=Repair timeout: B7 exceeded 300 seconds
  attempt=26 seed=355014 msg=Repair timeout: B7 exceeded 300 seconds
  attempt=29 seed=397614 msg=Repair failed: ExecutionException: java.lang.NullPointerException: operands cannot be null or empty
  attempt=38 seed=525414 msg=Repair failed: ExecutionException: java.lang.NullPointerException: operands cannot be null or empty
  attempt=41 seed=568014 msg=Repair timeout: B4 exceeded 300 seconds
  attempt=44 seed=610614 msg=Repair timeout: B4 exceeded 300 seconds
  attempt=55 seed=766814 msg=Repair timeout: B4 exceeded 300 seconds
  attempt=60 seed=837814 msg=Repair timeout: B7 exceeded 300 seconds
  attempt=61 seed=852014 msg=Repair failed: ExecutionException: java.lang.NullPointerException: operands cannot be null or empty
  attempt=62 seed=866214 msg=Repair timeout: B4 exceeded 300 seconds
  attempt=73 seed=1022414 msg=Repair timeout: B7 exceeded 300 seconds
  attempt=84 seed=1178614 msg=Repair timeout: B4 exceeded 300 seconds
  attempt=88 seed=1235414 msg=Repair timeout: B7 exceeded 300 seconds
  attempt=89 seed=1249614 msg=Repair timeout: B4 exceeded 300 seconds
  attempt=94 seed=1320614 msg=Repair timeout: B7 exceeded 300 seconds
  attempt=98 seed=1377414 msg=Repair failed: ExecutionException: java.lang.NullPointerException: operands cannot be null or empty
  attempt=103 seed=1448414 msg=Repair timeout: B4 exceeded 300 seconds
  attempt=104 seed=1462614 msg=Repair failed: ExecutionException: java.lang.NullPointerException: operands cannot be null or empty
  attempt=112 seed=1576214 msg=Repair failed: ExecutionException: java.lang.NullPointerException: operands cannot be null or empty
  attempt=119 seed=1675614 msg=Repair timeout: B7 exceeded 300 seconds
Timing summary:
  success: count=100 total_seconds=511.636264 avg_seconds=5.116363
  time_limit_exceeded: count=17 total_seconds=5149.728402 avg_seconds=302.925200
  memory_limit_exceeded: count=0 total_seconds=0.000000 avg_seconds=0.000000
  success_rate=0.8000
  wall_clock_seconds_total_run=360698.251834
